CD_PACIENTE;CD_ATENDIMENTO;PROCESSO;ENTRADA;DH_ENTRADA;SAIDA;DH_SAIDA
1053215;3255389;CTI;CLINICA MEDICA;02/02/2024 21:15;CLINICA MEDICA;02/02/2024 21:38
1053215;3255389;CTI;CENTRO CIRURGICO;24/04/2024 14:50;CLINICA CIRURGICA;26/04/2024 16:21
1084950;3284899;CTI;CLINICA MEDICA;04/01/2024 17:34;CLINICA MEDICA;09/01/2024 21:57
1082121;3285292;CTI;CLINICA MEDICA;05/01/2024 20:52;CLINICA CIRURGICA;08/01/2024 22:33
1087182;3292252;CTI;CLINICA CIRURGICA;20/01/2024 21:50;OBITO;01/02/2024 06:14
1087721;3294207;CTI;CLINICA CIRURGICA;16/01/2024 18:16;CLINICA CIRURGICA;17/01/2024 17:05
1083202;3295273;CTI;CLINICA MEDICA;17/01/2024 15:30;CLINICA MEDICA;19/01/2024 18:23
1087971;3295363;CTI;CLINICA MEDICA;19/01/2024 15:40;CLINICA MEDICA;04/02/2024 17:56
71753;3296985;CTI;CLINICA CIRURGICA;01/01/2024 11:54;CLINICA CIRURGICA;05/01/2024 17:47
1030048;3297062;CTI;CENTRO CIRURGICO;03/01/2024 17:35;CLINICA CIRURGICA;04/01/2024 17:13
125287;3297310;CTI;CTI;10/01/2024 22:19;OBITO;16/01/2024 10:54
1062054;3298686;CTI;CENTRO CIRURGICO;07/01/2024 23:32;OBITO;13/01/2024 01:06
1050465;3299911;CTI;CLINICA MEDICA;08/01/2024 21:25;CLINICA CIRURGICA;09/01/2024 21:58
1050465;3299911;CTI;CLINICA CIRURGICA;12/01/2024 14:02;CLINICA MEDICA;16/01/2024 00:05
1014747;3301797;CTI;CENTRO CIRURGICO;01/01/2024 20:12;CLINICA CIRURGICA;03/01/2024 14:43
1058505;3303533;CTI;CLINICA CIRURGICA;02/01/2024 20:19;CLINICA CIRURGICA;13/01/2024 11:19
1090638;3304379;CTI;CLINICA CIRURGICA;14/01/2024 03:12;CLINICA MEDICA;20/01/2024 18:04
1085766;3304597;CTI;CENTRO CIRURGICO;09/01/2024 23:15;CLINICA CIRURGICA;10/01/2024 22:27
1090858;3305036;CTI;CENTRO CIRURGICO;02/01/2024 16:27;CLINICA MEDICA;06/01/2024 17:28
1090998;3305539;CTI;PRONTO SOCORRO;09/01/2024 03:43;OBITO;06/02/2024 00:56
1091065;3305954;CTI;CENTRO CIRURGICO;25/01/2024 22:53;CLINICA CIRURGICA;04/02/2024 17:44
1091150;3306045;CTI;CLINICA MEDICA;13/01/2024 14:44;TRANSFERENCIA EXTERNA;13/01/2024 20:50
1091275;3306572;CTI;CTI;01/01/2024 11:41;CLINICA MEDICA;03/01/2024 21:58
1091404;3306946;CTI;CLINICA CIRURGICA;04/01/2024 22:21;CTI;22/01/2024 00:56
1091404;3306946;CTI;CTI;22/01/2024 00:56;CLINICA MEDICA;30/01/2024 15:28
220396;3307229;CTI;CLINICA CIRURGICA;10/01/2024 00:55;CLINICA MEDICA;11/01/2024 14:35
1091256;3307233;CTI;CLINICA MEDICA;01/01/2024 13:55;CTI;04/01/2024 18:42
1091256;3307233;CTI;CTI;04/01/2024 18:42;CLINICA MEDICA;15/02/2024 16:25
1091531;3307292;CTI;PRONTO SOCORRO;02/01/2024 00:13;OBITO;21/01/2024 22:46
248667;3307411;CTI;CLINICA MEDICA;11/01/2024 00:03;CLINICA MEDICA;16/01/2024 16:57
248667;3307411;CTI;CLINICA MEDICA;27/01/2024 21:24;OBITO;05/02/2024 03:15
1080022;3307440;CTI;CENTRO CIRURGICO;02/01/2024 01:04;CLINICA CIRURGICA;04/01/2024 17:05
1091610;3307441;CTI;PRONTO SOCORRO;01/01/2024 23:28;CENTRO CIRURGICO;09/01/2024 17:40
571024;3307443;CTI;CLINICA CIRURGICA;15/01/2024 18:50;CLINICA CIRURGICA;17/01/2024 11:28
393493;3307494;CTI;CENTRO CIRURGICO;02/01/2024 21:47;OBITO;07/01/2024 23:31
1091701;3307813;CTI;CENTRO CIRURGICO;02/01/2024 21:26;OBITO;13/02/2024 18:17
184091;3307875;CTI;CENTRO CIRURGICO;03/01/2024 18:36;CLINICA MEDICA;04/01/2024 15:39
1091695;3307878;CTI;CLINICA MEDICA;16/01/2024 22:23;CLINICA CIRURGICA;17/01/2024 21:18
1017301;3307924;CTI;CLINICA MEDICA;31/01/2024 17:44;OBITO;03/02/2024 19:26
622269;3307935;CTI;CENTRO CIRURGICO;03/01/2024 18:01;OBITO;07/01/2024 05:23
672587;3307942;CTI;PRONTO SOCORRO;03/01/2024 23:23;CLINICA MEDICA;10/01/2024 20:30
1091669;3308198;CTI;CENTRO CIRURGICO;09/01/2024 16:04;CLINICA CIRURGICA;10/01/2024 14:12
1091816;3308322;CTI;CENTRO CIRURGICO;05/01/2024 18:44;OBITO;05/02/2024 21:17
1091841;3308336;CTI;CENTRO CIRURGICO;04/01/2024 20:22;TRANSFERENCIA EXTERNA;16/01/2024 19:30
236792;3308470;CTI;PRONTO SOCORRO;05/01/2024 17:40;CLINICA MEDICA;18/01/2024 17:27
1062417;3308883;CTI;CLINICA MEDICA;15/01/2024 20:47;OBITO;02/02/2024 22:24
386501;3308890;CTI;PRONTO SOCORRO;07/01/2024 17:52;CTI;31/01/2024 00:46
386501;3308890;CTI;CTI;31/01/2024 00:46;CLINICA MEDICA;05/02/2024 16:32
181987;3309017;CTI;CENTRO CIRURGICO;29/01/2024 22:37;CLINICA CIRURGICA;31/01/2024 15:53
1091992;3309060;CTI;CENTRO CIRURGICO;09/01/2024 20:35;CLINICA CIRURGICA;15/01/2024 15:47
1091990;3309145;CTI;PRONTO SOCORRO;17/01/2024 03:31;OBITO;02/02/2024 17:06
679444;3309149;CTI;PRONTO SOCORRO;09/01/2024 01:41;OBITO;30/01/2024 14:52
1092100;3309153;CTI;CENTRO CIRURGICO;06/01/2024 20:10;CLINICA MEDICA;10/01/2024 17:25
1092106;3309162;CTI;CENTRO CIRURGICO;07/01/2024 10:01;CLINICA CIRURGICA;08/01/2024 17:16
32322;3309320;CTI;PRONTO SOCORRO;09/01/2024 23:15;CLINICA CIRURGICA;15/01/2024 21:00
1092158;3309336;CTI;CENTRO CIRURGICO;08/01/2024 00:29;CLINICA CIRURGICA;08/01/2024 16:27
1092158;3309336;CTI;CLINICA CIRURGICA;18/01/2024 00:16;OBITO;24/01/2024 13:40
1092175;3309397;CTI;CLINICA MEDICA;05/02/2024 21:02;CLINICA MEDICA;07/02/2024 16:11
1092246;3309545;CTI;PRONTO SOCORRO;08/01/2024 23:05;OBITO;25/01/2024 18:19
1089822;3309848;CTI;CENTRO CIRURGICO;06/02/2024 20:00;CLINICA CIRURGICA;08/02/2024 18:20
14427;3310060;CTI;PRONTO SOCORRO;08/01/2024 17:10;PRONTO SOCORRO;08/01/2024 18:05
14427;3310060;CTI;PRONTO SOCORRO;08/01/2024 18:25;OBITO;24/01/2024 00:16
1092344;3310184;CTI;PRONTO SOCORRO;11/01/2024 00:09;CLINICA MEDICA;16/01/2024 14:46
104289;3310193;CTI;PRONTO SOCORRO;09/01/2024 22:23;CLINICA MEDICA;31/01/2024 17:43
1072141;3310539;CTI;PRONTO SOCORRO;10/01/2024 17:46;CLINICA MEDICA;26/01/2024 15:50
1092411;3310577;CTI;PRONTO SOCORRO;11/01/2024 18:37;OBITO;17/01/2024 05:52
600992;3310947;CTI;CLINICA MEDICA;02/02/2024 21:43;CLINICA MEDICA;09/02/2024 13:20
600992;3310947;CTI;CLINICA MEDICA;12/02/2024 18:25;OBITO;10/03/2024 12:11
1092640;3311043;CTI;PRONTO SOCORRO;11/01/2024 09:49;OBITO;14/01/2024 02:24
1092617;3311158;CTI;CLINICA MEDICA;12/03/2024 23:10;CLINICA MEDICA;17/03/2024 17:39
93663;3311767;CTI;CENTRO CIRURGICO;14/02/2024 14:41;CLINICA CIRURGICA;15/02/2024 17:06
1092826;3311772;CTI;CENTRO CIRURGICO;13/01/2024 04:04;CLINICA CIRURGICA;20/01/2024 15:50
213171;3311924;CTI;CENTRO CIRURGICO;13/01/2024 23:20;CLINICA CIRURGICA;15/01/2024 17:15
1092949;3312068;CTI;CENTRO CIRURGICO;15/01/2024 18:10;CLINICA CIRURGICA;19/01/2024 23:05
1074183;3312073;CTI;PRONTO SOCORRO;17/01/2024 20:16;CTI;22/01/2024 10:45
1074183;3312073;CTI;CTI;22/01/2024 10:45;CLINICA MEDICA;29/01/2024 17:15
651693;3312226;CTI;PRONTO SOCORRO;17/01/2024 15:32;CLINICA CIRURGICA;23/01/2024 11:24
1073818;3312228;CTI;CLINICA CIRURGICA;25/01/2024 22:15;CLINICA CIRURGICA;27/01/2024 17:07
1093043;3312303;CTI;PRONTO SOCORRO;16/01/2024 03:04;TRANSFERENCIA EXTERNA;28/01/2024 22:00
1093055;3312460;CTI;CENTRO CIRURGICO;15/01/2024 20:03;CLINICA CIRURGICA;16/01/2024 18:28
1093077;3312593;CTI;CENTRO CIRURGICO;16/01/2024 00:42;OBITO;17/01/2024 01:00
609452;3312629;CTI;CENTRO CIRURGICO;19/01/2024 22:18;CLINICA MEDICA;26/01/2024 18:07
1093110;3312672;CTI;CENTRO CIRURGICO;16/01/2024 16:42;CLINICA CIRURGICA;17/01/2024 15:52
1093159;3312725;CTI;CENTRO CIRURGICO;16/01/2024 12:10;CLINICA CIRURGICA;22/01/2024 14:45
1093159;3312725;CTI;CLINICA CIRURGICA;12/02/2024 17:58;CLINICA CIRURGICA;13/02/2024 15:12
577153;3313013;CTI;PRONTO SOCORRO;16/01/2024 22:52;TRANSFERENCIA EXTERNA;23/01/2024 12:45
1093259;3313149;CTI;PRONTO SOCORRO;17/01/2024 20:31;CLINICA MEDICA;19/02/2024 15:27
1093166;3313269;CTI;PRONTO SOCORRO;22/01/2024 06:23;CLINICA MEDICA;26/01/2024 22:49
398037;3313536;CTI;CENTRO CIRURGICO;01/01/2024 20:50;CLINICA CIRURGICA;26/01/2024 14:11
398037;3313536;CTI;CENTRO CIRURGICO;25/01/2024 16:54;CENTRO CIRURGICO;25/01/2024 19:32
1093376;3313590;CTI;CENTRO CIRURGICO;18/01/2024 21:37;CLINICA CIRURGICA;19/01/2024 11:44
1093367;3313604;CTI;CENTRO CIRURGICO;22/01/2024 02:59;OBITO;26/01/2024 00:02
1091110;3313888;CTI;CENTRO CIRURGICO;24/01/2024 13:42;CLINICA MEDICA;28/01/2024 14:47
397567;3314008;CTI;PRONTO SOCORRO;20/01/2024 02:26;CLINICA MEDICA;31/01/2024 15:20
1093471;3314136;CTI;CLINICA MEDICA;15/02/2024 20:27;OBITO;21/02/2024 10:51
1084318;3314416;CTI;PRONTO SOCORRO;20/01/2024 02:26;CLINICA MEDICA;30/01/2024 17:39
1093600;3314472;CTI;PRONTO SOCORRO;20/01/2024 17:41;CLINICA MEDICA;25/01/2024 18:08
654859;3314535;CTI;PRONTO SOCORRO;31/01/2024 02:02;CLINICA MEDICA;05/02/2024 16:43
616377;3314769;CTI;CLINICA MEDICA;31/01/2024 19:36;CLINICA CIRURGICA;01/02/2024 11:54
1093738;3314823;CTI;CENTRO CIRURGICO;21/01/2024 22:48;OBITO;22/01/2024 08:22
1093755;3314868;CTI;PRONTO SOCORRO;22/01/2024 18:07;CLINICA MEDICA;27/01/2024 17:08
301903;3314965;CTI;CENTRO CIRURGICO;25/01/2024 15:41;CENTRO CIRURGICO;25/01/2024 16:07
301903;3314965;CTI;CENTRO CIRURGICO;25/01/2024 17:52;CENTRO CIRURGICO;25/01/2024 19:39
301903;3314965;CTI;CENTRO CIRURGICO;25/01/2024 21:06;CLINICA CIRURGICA;26/01/2024 13:15
1093821;3315252;CTI;PRONTO SOCORRO;22/01/2024 15:29;CLINICA MEDICA;25/01/2024 14:11
1093855;3315316;CTI;CENTRO CIRURGICO;23/01/2024 14:09;CLINICA MEDICA;26/02/2024 15:45
1093921;3315532;CTI;CENTRO CIRURGICO;23/01/2024 15:11;CLINICA CIRURGICA;25/01/2024 12:36
598016;3315726;CTI;CENTRO CIRURGICO;13/03/2024 18:25;CLINICA CIRURGICA;14/03/2024 13:38
1093995;3315819;CTI;CENTRO CIRURGICO;24/01/2024 00:19;CLINICA CIRURGICA;25/01/2024 14:47
1094035;3316108;CTI;PRONTO SOCORRO;24/01/2024 22:10;CLINICA CIRURGICA;28/01/2024 16:24
1094045;3316210;CTI;PRONTO SOCORRO;26/01/2024 20:06;CLINICA CIRURGICA;28/01/2024 17:25
1094078;3316378;CTI;PRONTO SOCORRO;30/01/2024 18:08;TRANSFERENCIA EXTERNA;03/02/2024 12:56
1094166;3316501;CTI;PRONTO SOCORRO;25/01/2024 20:18;OBITO;05/02/2024 15:29
1094152;3316511;CTI;PRONTO SOCORRO;28/01/2024 15:58;TRANSFERENCIA EXTERNA;01/02/2024 00:57
1094233;3316655;CTI;PRONTO SOCORRO;26/01/2024 02:50;CTI;27/01/2024 18:30
1094233;3316655;CTI;CTI;27/01/2024 18:30;ALTA HOSPITALAR;02/02/2024 11:44
1094228;3316657;CTI;CENTRO CIRURGICO;13/02/2024 17:20;CLINICA CIRURGICA;14/02/2024 16:15
1094228;3316657;CTI;CLINICA CIRURGICA;15/02/2024 23:13;CLINICA CIRURGICA;21/02/2024 17:18
1058723;3316751;CTI;PRONTO SOCORRO;27/01/2024 15:03;CLINICA MEDICA;09/02/2024 22:45
1058723;3316751;CTI;CLINICA MEDICA;15/02/2024 14:56;CTI;17/02/2024 14:17
1058723;3316751;CTI;CTI;17/02/2024 14:17;CLINICA MEDICA;23/02/2024 16:47
611195;3316757;CTI;PRONTO SOCORRO;29/01/2024 06:29;CLINICA MEDICA;03/02/2024 16:09
1094269;3316915;CTI;CENTRO CIRURGICO;26/01/2024 21:34;OBITO;29/01/2024 02:48
609745;3316934;CTI;PRONTO SOCORRO;26/01/2024 15:33;CLINICA MEDICA;11/02/2024 12:04
1094285;3316973;CTI;PRONTO SOCORRO;26/01/2024 18:27;CLINICA MEDICA;29/01/2024 17:27
1094333;3317054;CTI;CENTRO CIRURGICO;27/01/2024 02:36;CLINICA MEDICA;19/02/2024 17:52
1094340;3317074;CTI;PRONTO SOCORRO;27/01/2024 23:00;CLINICA CIRURGICA;21/02/2024 20:41
1094340;3317074;CTI;CLINICA CIRURGICA;25/03/2024 22:33;CLINICA CIRURGICA;26/03/2024 18:28
1094336;3317113;CTI;PRONTO SOCORRO;28/01/2024 21:14;TRANSFERENCIA EXTERNA;30/01/2024 21:06
1015868;3317284;CTI;PRONTO SOCORRO;28/01/2024 18:11;CLINICA MEDICA;06/02/2024 22:10
1094501;3317554;CTI;PRONTO SOCORRO;29/01/2024 03:22;OBITO;06/02/2024 07:27
1012515;3317601;CTI;PRONTO SOCORRO;01/02/2024 03:09;OBITO;02/02/2024 03:53
1094594;3317929;CTI;CENTRO CIRURGICO;29/01/2024 20:21;CLINICA CIRURGICA;01/02/2024 15:54
1021767;3317935;CTI;MATERNIDADE;30/01/2024 15:36;CLINICA MEDICA;05/02/2024 17:32
1094659;3318265;CTI;PRONTO SOCORRO;30/01/2024 20:12;CLINICA CIRURGICA;03/02/2024 16:14
1094762;3318469;CTI;CLINICA CIRURGICA;17/02/2024 16:44;CLINICA MEDICA;21/02/2024 14:34
1094762;3318469;CTI;CENTRO CIRURGICO;09/04/2024 11:19;CLINICA CIRURGICA;11/04/2024 16:16
677773;3318806;CTI;CENTRO CIRURGICO;31/01/2024 23:31;CLINICA CIRURGICA;05/02/2024 22:27
1094831;3318884;CTI;CENTRO CIRURGICO;01/02/2024 12:41;CLINICA CIRURGICA;05/02/2024 16:57
1094869;3318921;CTI;CENTRO CIRURGICO;01/02/2024 12:19;CENTRO CIRURGICO;01/02/2024 12:22
1094893;3319012;CTI;CENTRO CIRURGICO;01/02/2024 18:18;CTI;02/02/2024 14:16
1094893;3319012;CTI;CTI;02/02/2024 14:16;CLINICA CIRURGICA;03/02/2024 16:47
1094887;3319029;CTI;PRONTO SOCORRO;01/02/2024 15:10;CLINICA MEDICA;17/02/2024 12:00
1094881;3319114;CTI;PRONTO SOCORRO;02/02/2024 18:04;CLINICA MEDICA;07/02/2024 11:11
1094922;3319164;CTI;CENTRO CIRURGICO;02/02/2024 05:56;CLINICA MEDICA;12/02/2024 16:03
1094938;3319229;CTI;CENTRO CIRURGICO;02/02/2024 22:33;CLINICA CIRURGICA;12/02/2024 23:09
1094989;3319578;CTI;CENTRO CIRURGICO;16/02/2024 20:42;OBITO;25/02/2024 04:32
427799;3319623;CTI;PRONTO SOCORRO;03/02/2024 15:08;OBITO;07/03/2024 15:05
1095066;3319745;CTI;CENTRO CIRURGICO;07/02/2024 17:57;CLINICA MEDICA;08/02/2024 16:57
1095080;3319755;CTI;CENTRO CIRURGICO;03/02/2024 18:35;CLINICA MEDICA;16/02/2024 11:52
621008;3319794;CTI;PRONTO SOCORRO;03/02/2024 19:41;CLINICA MEDICA;08/02/2024 12:35
283963;3319830;CTI;PRONTO SOCORRO;03/02/2024 22:39;CLINICA MEDICA;06/02/2024 12:21
1095123;3319893;CTI;CENTRO CIRURGICO;04/02/2024 01:08;CLINICA CIRURGICA;08/02/2024 22:25
1095131;3319936;CTI;PRONTO SOCORRO;05/02/2024 11:06;CLINICA CIRURGICA;06/02/2024 17:48
1095199;3320199;CTI;PRONTO SOCORRO;05/02/2024 20:04;CLINICA MEDICA;09/02/2024 18:22
1095247;3320204;CTI;PRONTO SOCORRO;05/02/2024 01:26;CLINICA MEDICA;14/02/2024 12:36
651839;3320211;CTI;PRONTO SOCORRO;05/02/2024 18:26;CLINICA MEDICA;15/02/2024 11:44
646327;3320216;CTI;PRONTO SOCORRO;05/02/2024 22:42;CLINICA MEDICA;21/02/2024 15:57
1095255;3320225;CTI;CENTRO CIRURGICO;05/02/2024 10:12;CLINICA CIRURGICA;09/02/2024 11:08
1095305;3320439;CTI;CENTRO CIRURGICO;05/02/2024 18:27;OBITO;07/02/2024 05:51
1095285;3320642;CTI;PRONTO SOCORRO;06/02/2024 03:31;CLINICA CIRURGICA;11/02/2024 17:55
1095370;3320967;CTI;PRONTO SOCORRO;06/02/2024 17:03;CLINICA MEDICA;16/02/2024 15:51
1095425;3321000;CTI;PRONTO SOCORRO;07/02/2024 12:05;TRANSFERENCIA EXTERNA;11/02/2024 00:10
1095474;3321018;CTI;PRONTO SOCORRO;07/02/2024 12:05;MATERNIDADE;15/02/2024 17:55
1095474;3321018;CTI;MATERNIDADE;15/02/2024 18:25;CLINICA MEDICA;23/02/2024 09:03
196308;3321023;CTI;CLINICA CIRURGICA;11/02/2024 23:59;CLINICA MEDICA;13/02/2024 16:22
1065226;3321054;CTI;PRONTO SOCORRO;07/02/2024 15:12;CLINICA MEDICA;11/02/2024 17:24
2288;3321062;CTI;CENTRO CIRURGICO;08/02/2024 18:57;CLINICA CIRURGICA;09/02/2024 15:22
1095501;3321064;CTI;CLINICA MEDICA;12/03/2024 18:49;OBITO;21/03/2024 19:01
1095509;3321085;CTI;CENTRO CIRURGICO;07/02/2024 10:51;CLINICA MEDICA;12/02/2024 16:47
1095505;3321213;CTI;PRONTO SOCORRO;07/02/2024 14:13;CLINICA MEDICA;12/02/2024 16:38
392131;3321272;CTI;CENTRO CIRURGICO;07/02/2024 17:39;OBITO;11/02/2024 12:48
683331;3321441;CTI;CENTRO CIRURGICO;09/02/2024 00:09;OBITO;19/02/2024 02:05
227124;3321474;CTI;CENTRO CIRURGICO;09/02/2024 14:00;CLINICA CIRURGICA;13/02/2024 14:23
1095472;3321478;CTI;CENTRO CIRURGICO;08/02/2024 21:47;CLINICA MEDICA;07/03/2024 14:57
1095472;3321478;CTI;CLINICA MEDICA;07/03/2024 15:02;OBITO;14/03/2024 10:47
1095577;3321484;CTI;CLINICA CIRURGICA;20/02/2024 16:47;CLINICA MEDICA;01/03/2024 17:01
676720;3321515;CTI;PRONTO SOCORRO;09/02/2024 22:52;CLINICA MEDICA;15/02/2024 12:30
564944;3321522;CTI;PRONTO SOCORRO;09/02/2024 22:43;CLINICA CIRURGICA;19/02/2024 16:34
1095605;3321537;CTI;CENTRO CIRURGICO;08/02/2024 16:17;CLINICA CIRURGICA;14/02/2024 11:31
1095732;3322263;CTI;CENTRO CIRURGICO;23/02/2024 22:38;CLINICA CIRURGICA;27/02/2024 01:29
1067703;3322283;CTI;CLINICA CIRURGICA;14/02/2024 20:27;CLINICA MEDICA;16/02/2024 16:30
1067703;3322283;CTI;CLINICA MEDICA;01/03/2024 16:35;CTI;01/03/2024 22:26
1067703;3322283;CTI;CTI;01/03/2024 22:26;CTI;19/03/2024 22:48
1067703;3322283;CTI;CTI;19/03/2024 22:48;CLINICA MEDICA;21/03/2024 14:30
1085862;3322369;CTI;CLINICA MEDICA;29/02/2024 16:09;CLINICA MEDICA;04/03/2024 23:47
1013834;3322376;CTI;PRONTO SOCORRO;11/02/2024 15:24;CLINICA MEDICA;15/02/2024 22:26
1095704;3322387;CTI;CENTRO CIRURGICO;13/02/2024 22:54;CLINICA CIRURGICA;23/02/2024 00:59
1095794;3322388;CTI;CENTRO CIRURGICO;11/02/2024 22:43;OBITO;18/02/2024 01:59
384135;3322424;CTI;CENTRO CIRURGICO;11/02/2024 15:04;CTI;11/02/2024 22:23
384135;3322424;CTI;CTI;11/02/2024 22:23;CLINICA CIRURGICA;12/02/2024 16:33
1054830;3322517;CTI;PRONTO SOCORRO;10/02/2024 15:48;CLINICA MEDICA;15/02/2024 16:46
1095849;3322519;CTI;PRONTO SOCORRO;10/02/2024 16:25;PRONTO SOCORRO;10/02/2024 17:24
1095849;3322519;CTI;PRONTO SOCORRO;10/02/2024 18:39;OBITO;14/02/2024 10:58
625942;3322653;CTI;PRONTO SOCORRO;21/02/2024 21:08;CLINICA MEDICA;08/03/2024 17:32
625942;3322653;CTI;CLINICA MEDICA;14/03/2024 16:23;OBITO;25/03/2024 22:44
1095891;3322672;CTI;CENTRO CIRURGICO;05/03/2024 18:22;CLINICA MEDICA;07/03/2024 16:16
1095891;3322672;CTI;CLINICA MEDICA;12/03/2024 01:08;OBITO;17/04/2024 23:49
1095821;3322678;CTI;PRONTO SOCORRO;11/02/2024 05:53;OBITO;12/02/2024 03:40
1049868;3322688;CTI;PRONTO SOCORRO;12/02/2024 20:33;OBITO;24/02/2024 21:24
220144;3322737;CTI;PRONTO SOCORRO;12/02/2024 18:29;CLINICA MEDICA;16/02/2024 15:21
1002293;3322924;CTI;PRONTO SOCORRO;12/02/2024 06:33;CTI;19/02/2024 22:09
1002293;3322924;CTI;CTI;19/02/2024 22:09;CLINICA MEDICA;22/02/2024 13:02
1008335;3322936;CTI;PRONTO SOCORRO;13/02/2024 18:35;OBITO;08/03/2024 15:57
312986;3322966;CTI;MATERNIDADE;13/02/2024 22:23;MATERNIDADE;15/02/2024 18:26
1087332;3323191;CTI;CENTRO CIRURGICO;21/02/2024 22:56;CLINICA CIRURGICA;22/02/2024 17:04
1096127;3323336;CTI;PRONTO SOCORRO;13/02/2024 00:55;CLINICA MEDICA;18/02/2024 18:28
1096141;3323351;CTI;PRONTO SOCORRO;14/02/2024 16:23;CLINICA MEDICA;16/02/2024 17:44
1096195;3323606;CTI;CENTRO CIRURGICO;14/02/2024 13:16;CLINICA CIRURGICA;17/02/2024 11:09
1037562;3323628;CTI;PRONTO SOCORRO;18/02/2024 22:48;CLINICA MEDICA;07/03/2024 17:17
242779;3323787;CTI;CLINICA CIRURGICA;19/02/2024 23:02;CTI;04/03/2024 21:19
242779;3323787;CTI;CTI;04/03/2024 21:19;CLINICA MEDICA;05/03/2024 19:00
452602;3324051;CTI;CENTRO CIRURGICO;15/02/2024 13:48;CLINICA MEDICA;17/02/2024 16:17
592308;3324080;CTI;PRONTO SOCORRO;16/02/2024 00:33;CLINICA MEDICA;23/02/2024 16:48
1041152;3324144;CTI;CLINICA MEDICA;21/02/2024 18:42;CLINICA MEDICA;01/04/2024 15:00
646450;3324236;CTI;PRONTO SOCORRO;22/02/2024 22:59;CLINICA MEDICA;01/03/2024 16:33
1096386;3324309;CTI;PRONTO SOCORRO;15/02/2024 21:52;CLINICA CIRURGICA;19/02/2024 18:17
1096450;3324427;CTI;CENTRO CIRURGICO;15/02/2024 20:21;CLINICA CIRURGICA;20/02/2024 14:10
1082755;3324433;CTI;CENTRO CIRURGICO;16/02/2024 18:14;CLINICA CIRURGICA;20/02/2024 17:47
1096489;3324559;CTI;PRONTO SOCORRO;16/02/2024 15:24;CLINICA MEDICA;19/02/2024 17:09
1083703;3324574;CTI;PRONTO SOCORRO;17/02/2024 20:35;CLINICA MEDICA;25/02/2024 12:47
1096549;3324819;CTI;PRONTO SOCORRO;16/02/2024 18:13;CLINICA MEDICA;26/02/2024 16:26
1096545;3324896;CTI;PRONTO SOCORRO;19/02/2024 00:16;CLINICA MEDICA;22/02/2024 12:16
1096562;3324907;CTI;PRONTO SOCORRO;16/02/2024 20:23;OBITO;26/02/2024 10:48
153697;3324920;CTI;CLINICA MEDICA;21/02/2024 18:44;CLINICA MEDICA;04/03/2024 18:14
153697;3324920;CTI;CLINICA MEDICA;19/03/2024 22:14;CLINICA MEDICA;18/04/2024 16:53
153697;3324920;CTI;CLINICA MEDICA;03/05/2024 16:33;CLINICA CIRURGICA;08/05/2024 18:08
1045884;3324971;CTI;CENTRO CIRURGICO;17/02/2024 15:22;CLINICA MEDICA;20/02/2024 11:30
1096623;3325129;CTI;CLINICA MEDICA;24/02/2024 22:55;CLINICA MEDICA;29/02/2024 15:49
1096623;3325129;CTI;CLINICA MEDICA;05/03/2024 00:58;CLINICA CIRURGICA;24/03/2024 20:50
1094531;3325140;CTI;CENTRO CIRURGICO;22/02/2024 17:57;CLINICA CIRURGICA;26/02/2024 16:21
1096692;3325184;CTI;CENTRO CIRURGICO;18/02/2024 04:00;CLINICA CIRURGICA;18/02/2024 18:02
1096703;3325331;CTI;PRONTO SOCORRO;19/02/2024 19:23;CLINICA CIRURGICA;26/02/2024 17:48
1042121;3325480;CTI;CLINICA MEDICA;26/02/2024 21:59;OBITO;02/03/2024 20:21
1096733;3325512;CTI;CENTRO CIRURGICO;25/02/2024 05:06;CLINICA CIRURGICA;01/03/2024 18:25
1055771;3325565;CTI;PRONTO SOCORRO;19/02/2024 08:12;TRANSFERENCIA EXTERNA;21/02/2024 23:16
1096856;3325720;CTI;PRONTO SOCORRO;19/02/2024 23:49;OBITO;20/02/2024 12:29
1096879;3325914;CTI;CLINICA MEDICA;23/02/2024 03:23;OBITO;01/03/2024 22:23
1088473;3325922;CTI;CENTRO CIRURGICO;19/02/2024 17:54;CLINICA MEDICA;21/02/2024 16:31
1088473;3325922;CTI;CLINICA MEDICA;05/03/2024 22:20;CLINICA CIRURGICA;12/03/2024 16:27
1088473;3325922;CTI;CLINICA MEDICA;10/04/2024 16:25;OBITO;03/05/2024 22:37
1096899;3325927;CTI;CENTRO CIRURGICO;19/02/2024 22:06;CLINICA CIRURGICA;23/02/2024 17:56
1096863;3325938;CTI;CLINICA CIRURGICA;22/02/2024 20:40;CLINICA CIRURGICA;25/02/2024 20:44
1096950;3326047;CTI;CENTRO CIRURGICO;12/04/2024 21:51;CLINICA CIRURGICA;17/04/2024 17:02
661297;3326060;CTI;PRONTO SOCORRO;20/02/2024 16:39;CLINICA CIRURGICA;26/02/2024 17:38
661297;3326060;CTI;CLINICA CIRURGICA;26/02/2024 17:42;TRANSFERENCIA EXTERNA;02/03/2024 20:19
177639;3326073;CTI;PRONTO SOCORRO;20/02/2024 14:29;CLINICA MEDICA;29/02/2024 17:53
1097011;3326325;CTI;CENTRO CIRURGICO;20/02/2024 20:55;CLINICA CIRURGICA;22/02/2024 18:38
544557;3326404;CTI;CENTRO CIRURGICO;21/02/2024 17:41;CLINICA MEDICA;26/02/2024 15:33
1097045;3326407;CTI;CLINICA CIRURGICA;04/03/2024 20:26;CLINICA CIRURGICA;06/03/2024 11:31
1097037;3326493;CTI;PRONTO SOCORRO;21/02/2024 10:55;CLINICA MEDICA;22/02/2024 13:47
1096826;3326974;CTI;CENTRO CIRURGICO;22/02/2024 05:57;CLINICA CIRURGICA;23/02/2024 13:33
1097284;3327287;CTI;PRONTO SOCORRO;22/02/2024 17:45;CLINICA CIRURGICA;25/02/2024 17:24
1097254;3327323;CTI;CENTRO CIRURGICO;23/02/2024 16:17;CLINICA CIRURGICA;27/02/2024 16:54
1097295;3327330;CTI;CENTRO CIRURGICO;22/02/2024 23:41;CLINICA CIRURGICA;02/03/2024 15:45
615202;3327379;CTI;PRONTO SOCORRO;23/02/2024 23:11;CLINICA MEDICA;02/03/2024 13:25
1097291;3327392;CTI;CENTRO CIRURGICO;23/02/2024 17:53;CLINICA CIRURGICA;25/02/2024 17:38
311729;3327842;CTI;CENTRO CIRURGICO;01/04/2024 16:50;CLINICA CIRURGICA;02/04/2024 14:03
1097422;3327850;CTI;PRONTO SOCORRO;24/02/2024 10:32;CLINICA MEDICA;28/02/2024 13:45
168725;3328002;CTI;PRONTO SOCORRO;25/02/2024 18:44;OBITO;27/02/2024 03:46
1097499;3328093;CTI;CENTRO CIRURGICO;26/02/2024 22:18;CLINICA CIRURGICA;29/02/2024 14:45
1097230;3328107;CTI;PRONTO SOCORRO;02/03/2024 03:31;OBITO;12/03/2024 19:55
1097515;3328113;CTI;PRONTO SOCORRO;26/02/2024 01:02;CLINICA MEDICA;12/03/2024 17:58
1091534;3328197;CTI;CENTRO CIRURGICO;25/02/2024 16:55;OBITO;28/02/2024 07:43
1097094;3328327;CTI;PRONTO SOCORRO;27/02/2024 20:55;CTI;29/02/2024 18:49
1097094;3328327;CTI;CTI;29/02/2024 18:49;CLINICA CIRURGICA;02/03/2024 17:40
1097642;3328395;CTI;PRONTO SOCORRO;25/02/2024 22:42;CLINICA MEDICA;11/03/2024 21:57
1097660;3328436;CTI;PRONTO SOCORRO;26/02/2024 19:49;OBITO;29/02/2024 08:18
1097636;3328443;CTI;CENTRO CIRURGICO;01/03/2024 22:18;CLINICA CIRURGICA;03/03/2024 13:59
1082231;3328464;CTI;PRONTO SOCORRO;26/02/2024 18:29;CLINICA MEDICA;01/03/2024 11:51
1077685;3328572;CTI;PRONTO SOCORRO;26/02/2024 17:56;CLINICA CIRURGICA;03/03/2024 13:50
1077685;3328572;CTI;CENTRO CIRURGICO;09/03/2024 22:27;CLINICA CIRURGICA;14/03/2024 12:26
1036639;3328592;CTI;PRONTO SOCORRO;27/02/2024 03:51;OBITO;05/03/2024 20:06
1097644;3328603;CTI;PRONTO SOCORRO;04/03/2024 21:46;OBITO;12/03/2024 14:14
1043255;3328746;CTI;PRONTO SOCORRO;27/02/2024 05:50;CLINICA MEDICA;29/02/2024 15:38
1097706;3328806;CTI;CENTRO CIRURGICO;26/02/2024 21:00;OBITO;08/03/2024 15:58
486079;3328827;CTI;CENTRO CIRURGICO;17/03/2024 18:29;CLINICA MEDICA;06/04/2024 19:51
486079;3328827;CTI;CENTRO CIRURGICO;08/04/2024 21:15;CLINICA CIRURGICA;10/04/2024 16:41
1097688;3328839;CTI;CLINICA MEDICA;09/03/2024 17:34;OBITO;25/03/2024 21:34
1097795;3329105;CTI;CENTRO CIRURGICO;28/02/2024 09:57;OBITO;12/03/2024 14:14
1097756;3329114;CTI;PRONTO SOCORRO;29/02/2024 18:11;CLINICA MEDICA;17/03/2024 16:34
590584;3329343;CTI;PRONTO SOCORRO;02/03/2024 01:00;CLINICA CIRURGICA;04/03/2024 17:12
1097846;3329377;CTI;PRONTO SOCORRO;29/02/2024 23:52;CLINICA MEDICA;11/03/2024 23:37
1097989;3329626;CTI;CENTRO CIRURGICO;28/02/2024 17:34;CLINICA CIRURGICA;06/03/2024 13:54
1096487;3329800;CTI;CENTRO CIRURGICO;29/02/2024 17:35;CLINICA CIRURGICA;15/03/2024 17:21
1098029;3329836;CTI;CLINICA CIRURGICA;19/03/2024 22:49;TRANSFERENCIA EXTERNA;20/03/2024 08:43
1098096;3330166;CTI;CENTRO CIRURGICO;29/02/2024 22:20;CLINICA CIRURGICA;04/03/2024 17:01
451741;3330263;CTI;PRONTO SOCORRO;02/03/2024 20:29;OBITO;12/03/2024 12:03
452602;3330361;CTI;CENTRO CIRURGICO;03/03/2024 15:35;CTI;03/04/2024 14:12
452602;3330361;CTI;CTI;03/04/2024 14:12;CLINICA MEDICA;09/04/2024 16:41
1098136;3330376;CTI;PRONTO SOCORRO;01/03/2024 23:17;CLINICA MEDICA;05/03/2024 16:25
1098143;3330561;CTI;CLINICA MEDICA;25/03/2024 15:41;OBITO;29/03/2024 06:49
341875;3330644;CTI;PRONTO SOCORRO;02/03/2024 22:28;OBITO;12/03/2024 15:51
1098230;3330691;CTI;PRONTO SOCORRO;02/03/2024 15:21;CLINICA MEDICA;07/03/2024 15:07
1098268;3330765;CTI;CENTRO CIRURGICO;02/03/2024 17:20;CLINICA MEDICA;08/03/2024 16:52
1094423;3330782;CTI;CENTRO CIRURGICO;08/03/2024 18:16;CLINICA CIRURGICA;27/03/2024 17:56
1098274;3330882;CTI;PRONTO SOCORRO;05/03/2024 22:18;OBITO;14/03/2024 06:52
1098330;3330924;CTI;CENTRO CIRURGICO;11/03/2024 21:37;CLINICA MEDICA;22/03/2024 13:14
1098355;3330969;CTI;CENTRO CIRURGICO;03/03/2024 05:58;CLINICA CIRURGICA;09/03/2024 15:59
1098392;3331087;CTI;CENTRO CIRURGICO;03/03/2024 21:08;OBITO;05/03/2024 04:40
1098423;3331177;CTI;PRONTO SOCORRO;04/03/2024 23:46;CTI;02/04/2024 22:19
1098423;3331177;CTI;CTI;02/04/2024 22:19;CLINICA MEDICA;03/04/2024 17:11
1098557;3331608;CTI;PRONTO SOCORRO;05/03/2024 05:21;OBITO;08/03/2024 17:01
1068877;3332042;CTI;PRONTO SOCORRO;06/03/2024 22:48;OBITO;07/03/2024 14:04
1098732;3332176;CTI;CENTRO CIRURGICO;06/03/2024 13:31;CLINICA CIRURGICA;31/03/2024 15:35
1098728;3332304;CTI;PRONTO SOCORRO;08/03/2024 22:52;CLINICA MEDICA;10/03/2024 14:38
1040577;3332463;CTI;CENTRO CIRURGICO;07/03/2024 21:39;CLINICA CIRURGICA;09/03/2024 18:16
1095696;3332529;CTI;CENTRO CIRURGICO;07/03/2024 15:20;CLINICA MEDICA;09/03/2024 17:19
1098816;3332680;CTI;PRONTO SOCORRO;07/03/2024 16:52;CLINICA MEDICA;11/03/2024 18:29
1098816;3332680;CTI;CENTRO CIRURGICO;14/03/2024 10:14;OBITO;28/03/2024 06:02
1098840;3332692;CTI;CENTRO CIRURGICO;08/03/2024 00:43;CLINICA MEDICA;20/03/2024 16:30
1052143;3332826;CTI;MATERNIDADE;07/03/2024 21:59;CLINICA MEDICA;13/03/2024 15:56
1098912;3333111;CTI;PRONTO SOCORRO;12/03/2024 04:20;CLINICA MEDICA;21/03/2024 16:56
27478;3333113;CTI;PRONTO SOCORRO;08/03/2024 17:13;OBITO;09/03/2024 14:06
1098940;3333118;CTI;PRONTO SOCORRO;10/03/2024 12:16;CLINICA MEDICA;11/03/2024 14:08
1098952;3333240;CTI;PRONTO SOCORRO;08/03/2024 20:29;CENTRO CIRURGICO;15/03/2024 09:57
1087593;3333302;CTI;CENTRO CIRURGICO;08/03/2024 21:28;CLINICA CIRURGICA;11/03/2024 18:03
1098980;3333362;CTI;CENTRO CIRURGICO;11/03/2024 17:52;OBITO;25/03/2024 02:31
677706;3333402;CTI;CLINICA CIRURGICA;30/04/2024 22:38;CLINICA CIRURGICA;02/05/2024 12:00
1098964;3333409;CTI;CENTRO CIRURGICO;21/03/2024 20:03;CTI;21/03/2024 20:27
1098964;3333409;CTI;CTI;21/03/2024 20:27;CLINICA CIRURGICA;22/03/2024 20:31
1099058;3333499;CTI;PRONTO SOCORRO;09/03/2024 20:06;CLINICA MEDICA;25/03/2024 14:54
1099081;3333562;CTI;PRONTO SOCORRO;09/03/2024 14:31;CLINICA CIRURGICA;15/03/2024 16:00
318775;3333876;CTI;PRONTO SOCORRO;10/03/2024 17:38;CLINICA MEDICA;15/03/2024 17:32
634663;3333956;CTI;PRONTO SOCORRO;12/03/2024 17:48;CLINICA CIRURGICA;15/03/2024 15:13
1099246;3334063;CTI;PRONTO SOCORRO;11/03/2024 22:47;CLINICA MEDICA;18/03/2024 14:49
1099247;3334384;CTI;CENTRO CIRURGICO;24/03/2024 17:57;CLINICA CIRURGICA;27/03/2024 22:53
1099372;3334561;CTI;PRONTO SOCORRO;12/03/2024 15:39;CLINICA CIRURGICA;17/03/2024 22:12
1010238;3334896;CTI;PRONTO SOCORRO;12/03/2024 21:40;CLINICA MEDICA;18/03/2024 18:10
1099544;3334955;CTI;PRONTO SOCORRO;13/03/2024 02:31;CLINICA MEDICA;24/03/2024 15:29
1087216;3335142;CTI;CENTRO CIRURGICO;14/03/2024 15:29;CLINICA CIRURGICA;15/03/2024 17:53
675714;3335148;CTI;PRONTO SOCORRO;13/03/2024 11:36;CLINICA CIRURGICA;16/03/2024 16:39
1099511;3335180;CTI;PRONTO SOCORRO;15/03/2024 23:20;CLINICA MEDICA;19/03/2024 18:05
1098520;3335328;CTI;PRONTO SOCORRO;22/03/2024 16:13;OBITO;04/04/2024 23:32
1099627;3335334;CTI;CENTRO CIRURGICO;14/03/2024 12:50;OBITO;19/03/2024 11:43
1099621;3335355;CTI;CLINICA CIRURGICA;31/03/2024 17:09;OBITO;10/04/2024 16:21
1004190;3335388;CTI;PRONTO SOCORRO;16/03/2024 00:03;CLINICA MEDICA;16/03/2024 03:43
1090561;3335773;CTI;CENTRO CIRURGICO;20/03/2024 22:39;OBITO;25/03/2024 06:38
1099696;3335797;CTI;PRONTO SOCORRO;21/03/2024 19:56;CLINICA MEDICA;15/04/2024 13:35
1090165;3335806;CTI;PRONTO SOCORRO;15/03/2024 22:30;OBITO;26/03/2024 12:52
1035398;3335831;CTI;CENTRO CIRURGICO;15/03/2024 14:34;CLINICA CIRURGICA;25/03/2024 17:23
1099745;3335835;CTI;CENTRO CIRURGICO;15/03/2024 20:55;CLINICA MEDICA;05/04/2024 13:44
1099772;3335945;CTI;PRONTO SOCORRO;15/03/2024 21:55;CLINICA MEDICA;02/04/2024 18:04
1099827;3336219;CTI;CENTRO CIRURGICO;11/04/2024 16:50;CLINICA CIRURGICA;13/04/2024 17:11
442487;3336294;CTI;CENTRO CIRURGICO;24/03/2024 21:01;CLINICA CIRURGICA;27/03/2024 16:06
1099859;3336297;CTI;CLINICA MEDICA;28/03/2024 01:35;TRANSFERENCIA EXTERNA;06/04/2024 01:38
1099849;3336307;CTI;PRONTO SOCORRO;16/03/2024 04:09;OBITO;19/03/2024 22:45
1099925;3336424;CTI;PRONTO SOCORRO;17/03/2024 18:50;OBITO;21/03/2024 17:37
32322;3336534;CTI;CENTRO CIRURGICO;26/04/2024 23:17;CLINICA MEDICA;29/04/2024 18:23
1099977;3336539;CTI;PRONTO SOCORRO;16/03/2024 21:15;OBITO;19/03/2024 13:45
1099954;3336626;CTI;CENTRO CIRURGICO;17/03/2024 23:07;CLINICA CIRURGICA;22/03/2024 11:48
1099901;3336672;CTI;CLINICA CIRURGICA;10/04/2024 16:23;CLINICA CIRURGICA;11/04/2024 22:53
1100030;3336744;CTI;CLINICA CIRURGICA;21/03/2024 22:34;OBITO;29/03/2024 19:53
1100081;3336849;CTI;CENTRO CIRURGICO;19/03/2024 17:42;CLINICA MEDICA;20/03/2024 18:46
580061;3336867;CTI;PRONTO SOCORRO;19/03/2024 14:52;CLINICA MEDICA;25/03/2024 22:07
1100035;3336874;CTI;CENTRO CIRURGICO;18/03/2024 21:38;CLINICA MEDICA;29/04/2024 18:29
1100100;3336887;CTI;CENTRO CIRURGICO;18/03/2024 17:14;CLINICA CIRURGICA;31/03/2024 17:12
1100256;3337688;CTI;PRONTO SOCORRO;20/03/2024 18:35;OBITO;04/04/2024 02:15
1100304;3337741;CTI;CENTRO CIRURGICO;20/03/2024 11:43;OBITO;21/03/2024 17:43
128006;3337777;CTI;CENTRO CIRURGICO;25/03/2024 03:40;CLINICA MEDICA;27/03/2024 17:54
1100336;3337782;CTI;CENTRO CIRURGICO;30/04/2024 20:18;CLINICA MEDICA;23/05/2024 17:28
1044986;3338083;CTI;CENTRO CIRURGICO;22/03/2024 23:00;CTI;27/03/2024 18:36
1044986;3338083;CTI;CTI;27/03/2024 18:36;CLINICA CIRURGICA;29/03/2024 14:40
1100353;3338151;CTI;CENTRO CIRURGICO;07/04/2024 15:07;CLINICA MEDICA;23/04/2024 15:54
1100353;3338151;CTI;CLINICA MEDICA;29/04/2024 23:02;OBITO;21/05/2024 16:41
1100444;3338213;CTI;CTI;01/03/2024 21:50;CLINICA MEDICA;02/04/2024 18:15
1100444;3338213;CTI;CENTRO CIRURGICO;21/03/2024 21:02;CTI;01/03/2024 21:50
1100495;3338391;CTI;CENTRO CIRURGICO;21/03/2024 17:42;CLINICA CIRURGICA;25/04/2024 21:47
1100495;3338391;CTI;CENTRO CIRURGICO;16/06/2024 00:38;CLINICA CIRURGICA;20/06/2024 17:50
1100495;3338391;CTI;CENTRO CIRURGICO;22/06/2024 18:12;CLINICA CIRURGICA;02/07/2024 12:18
1100495;3338391;CTI;CENTRO CIRURGICO;26/07/2024 12:35;CLINICA CIRURGICA;28/07/2024 14:21
1100486;3338615;CTI;CENTRO CIRURGICO;22/03/2024 14:56;CLINICA MEDICA;26/03/2024 15:21
1100486;3338615;CTI;CENTRO CIRURGICO;29/03/2024 10:09;OBITO;30/03/2024 05:48
1100621;3338929;CTI;CLINICA CIRURGICA;26/04/2024 22:55;CLINICA CIRURGICA;28/04/2024 14:26
28041;3339006;CTI;CLINICA CIRURGICA;02/04/2024 22:21;CLINICA CIRURGICA;05/04/2024 13:34
1100708;3339305;CTI;CLINICA MEDICA;26/03/2024 00:54;OBITO;07/04/2024 12:35
1100736;3339403;CTI;CENTRO CIRURGICO;04/04/2024 05:18;CLINICA CIRURGICA;07/04/2024 16:31
1100825;3339448;CTI;PRONTO SOCORRO;28/03/2024 10:21;CLINICA CIRURGICA;12/04/2024 18:15
389099;3339593;CTI;CLINICA CIRURGICA;01/04/2024 16:49;OBITO;03/04/2024 06:27
189515;3339604;CTI;PRONTO SOCORRO;26/03/2024 13:03;CLINICA MEDICA;31/03/2024 13:22
1100906;3339721;CTI;CENTRO CIRURGICO;25/03/2024 18:07;CLINICA MEDICA;27/03/2024 23:12
1069033;3339900;CTI;PRONTO SOCORRO;27/03/2024 23:11;OBITO;29/03/2024 17:26
351076;3339908;CTI;PRONTO SOCORRO;27/03/2024 17:47;CENTRO CIRURGICO;05/04/2024 11:51
1100925;3339910;CTI;PRONTO SOCORRO;30/03/2024 06:37;CLINICA MEDICA;15/04/2024 19:32
507289;3339916;CTI;PRONTO SOCORRO;26/03/2024 00:48;CLINICA MEDICA;30/03/2024 14:39
1021901;3339983;CTI;CENTRO CIRURGICO;05/04/2024 11:58;CLINICA CIRURGICA;11/04/2024 15:17
1096300;3339996;CTI;CLINICA MEDICA;05/04/2024 07:50;OBITO;05/04/2024 07:51
1005278;3340007;CTI;CLINICA CIRURGICA;02/04/2024 17:03;OBITO;29/04/2024 06:10
674847;3340102;CTI;CENTRO CIRURGICO;26/03/2024 20:51;TRANSFERENCIA EXTERNA;29/03/2024 17:50
1101008;3340104;CTI;PRONTO SOCORRO;26/03/2024 10:08;OBITO;05/04/2024 04:05
1096386;3340175;CTI;CENTRO CIRURGICO;26/03/2024 22:34;CLINICA MEDICA;27/03/2024 15:40
1101035;3340337;CTI;PRONTO SOCORRO;28/03/2024 20:24;OBITO;30/03/2024 11:31
1101045;3340364;CTI;PRONTO SOCORRO;28/03/2024 04:49;OBITO;08/04/2024 11:11
652382;3340424;CTI;CENTRO CIRURGICO;27/03/2024 22:40;CLINICA CIRURGICA;01/04/2024 16:03
1025955;3340564;CTI;CENTRO CIRURGICO;27/03/2024 18:04;CLINICA CIRURGICA;28/03/2024 14:54
1101255;3341212;CTI;CENTRO CIRURGICO;29/03/2024 17:19;CLINICA CIRURGICA;05/04/2024 14:39
1036400;3341289;CTI;CLINICA MEDICA;05/04/2024 16:22;CLINICA MEDICA;05/04/2024 16:33
421309;3341295;CTI;CENTRO CIRURGICO;29/03/2024 22:11;CLINICA CIRURGICA;01/04/2024 17:48
1101278;3341300;CTI;PRONTO SOCORRO;29/03/2024 17:28;CLINICA MEDICA;11/04/2024 14:55
1101269;3341347;CTI;CENTRO CIRURGICO;31/03/2024 21:28;CLINICA MEDICA;17/04/2024 15:54
1045179;3341469;CTI;CLINICA MEDICA;06/04/2024 20:53;OBITO;10/04/2024 14:10
1101358;3341529;CTI;PRONTO SOCORRO;30/03/2024 14:49;CLINICA CIRURGICA;01/04/2024 12:53
605054;3341531;CTI;PRONTO SOCORRO;29/03/2024 23:59;CLINICA MEDICA;07/04/2024 14:09
1064875;3341545;CTI;CLINICA MEDICA;11/04/2024 22:33;CENTRO CIRURGICO;15/04/2024 22:38
1064875;3341545;CTI;CENTRO CIRURGICO;15/04/2024 23:39;PRONTO SOCORRO;16/04/2024 05:09
1064875;3341545;CTI;PRONTO SOCORRO;16/04/2024 05:56;CLINICA MEDICA;28/04/2024 22:42
1101430;3341671;CTI;CENTRO CIRURGICO;30/03/2024 22:35;CLINICA CIRURGICA;03/04/2024 11:42
1101440;3341705;CTI;CENTRO CIRURGICO;31/03/2024 15:16;CLINICA CIRURGICA;01/04/2024 18:35
1101420;3341757;CTI;CLINICA CIRURGICA;23/04/2024 18:39;OBITO;24/04/2024 10:26
1099422;3341861;CTI;PRONTO SOCORRO;01/04/2024 22:28;CLINICA MEDICA;30/04/2024 16:55
1027525;3341976;CTI;PRONTO SOCORRO;01/04/2024 20:08;CLINICA MEDICA;07/04/2024 15:49
361725;3342388;CTI;CENTRO CIRURGICO;01/04/2024 21:05;OBITO;14/04/2024 06:31
1101723;3342470;CTI;PRONTO SOCORRO;02/04/2024 23:25;CTI;05/04/2024 15:45
1101723;3342470;CTI;CTI;05/04/2024 15:45;CLINICA MEDICA;12/05/2024 15:40
675869;3342797;CTI;CLINICA CIRURGICA;05/04/2024 17:14;CLINICA MEDICA;06/04/2024 11:11
386002;3342831;CTI;PRONTO SOCORRO;03/04/2024 11:08;OBITO;13/04/2024 02:29
639360;3342877;CTI;PRONTO SOCORRO;03/04/2024 17:04;CLINICA CIRURGICA;11/04/2024 15:47
1101813;3342905;CTI;CENTRO CIRURGICO;03/04/2024 18:40;CLINICA CIRURGICA;05/04/2024 21:07
1101862;3343063;CTI;CLINICA CIRURGICA;24/04/2024 22:52;CLINICA CIRURGICA;28/04/2024 10:35
1042701;3343232;CTI;CENTRO CIRURGICO;23/04/2024 18:42;CLINICA CIRURGICA;24/04/2024 16:41
1101920;3343333;CTI;CENTRO CIRURGICO;05/04/2024 16:38;OBITO;06/04/2024 17:29
504053;3343543;CTI;CLINICA MEDICA;14/04/2024 19:39;CLINICA MEDICA;20/05/2024 16:32
1102046;3343669;CTI;PRONTO SOCORRO;05/04/2024 01:12;CLINICA MEDICA;11/04/2024 23:17
1102059;3343748;CTI;PRONTO SOCORRO;06/04/2024 03:29;TRANSFERENCIA EXTERNA;09/04/2024 23:30
1102080;3344071;CTI;PRONTO SOCORRO;05/04/2024 16:51;CLINICA MEDICA;16/04/2024 19:40
1045465;3344107;CTI;PRONTO SOCORRO;07/04/2024 16:49;CLINICA MEDICA;14/04/2024 23:10
1083947;3344117;CTI;MATERNIDADE;06/04/2024 20:22;MATERNIDADE;08/04/2024 15:13
1102144;3344159;CTI;CENTRO CIRURGICO;06/04/2024 02:26;CLINICA CIRURGICA;10/04/2024 23:17
1102185;3344279;CTI;CENTRO CIRURGICO;06/04/2024 22:25;CLINICA CIRURGICA;08/04/2024 17:34
376593;3344428;CTI;PRONTO SOCORRO;11/04/2024 01:16;OBITO;23/04/2024 20:10
1102147;3344481;CTI;PRONTO SOCORRO;08/04/2024 18:04;OBITO;10/04/2024 14:15
324056;3344554;CTI;CENTRO CIRURGICO;07/04/2024 20:12;CTI;09/04/2024 19:58
324056;3344554;CTI;CTI;09/04/2024 19:58;CLINICA CIRURGICA;10/04/2024 18:02
1102329;3344662;CTI;CENTRO CIRURGICO;08/04/2024 02:17;CLINICA MEDICA;17/05/2024 15:19
1030701;3344694;CTI;PRONTO SOCORRO;10/04/2024 20:46;CLINICA MEDICA;17/04/2024 14:29
189515;3344799;CTI;CENTRO CIRURGICO;08/04/2024 13:03;CLINICA CIRURGICA;09/04/2024 16:21
650221;3344810;CTI;CENTRO CIRURGICO;12/04/2024 22:34;CLINICA CIRURGICA;26/04/2024 14:07
650221;3344810;CTI;CENTRO CIRURGICO;28/04/2024 12:38;MATERNIDADE;30/04/2024 22:18
650221;3344810;CTI;MATERNIDADE;30/04/2024 22:52;OBITO;03/05/2024 01:48
82125;3345239;CTI;PRONTO SOCORRO;10/04/2024 17:44;TRANSFERENCIA EXTERNA;13/04/2024 16:08
1102527;3345260;CTI;CLINICA MEDICA;29/05/2024 17:49;CLINICA MEDICA;09/06/2024 15:43
1102533;3345265;CTI;CENTRO CIRURGICO;09/04/2024 21:34;CTI;17/04/2024 17:22
1102533;3345265;CTI;CTI;17/04/2024 17:22;CLINICA CIRURGICA;23/04/2024 14:29
1102537;3345281;CTI;CENTRO CIRURGICO;09/04/2024 18:26;CLINICA CIRURGICA;16/04/2024 17:42
1102552;3345632;CTI;PRONTO SOCORRO;10/04/2024 02:24;CLINICA MEDICA;12/04/2024 17:48
283963;3345701;CTI;PRONTO SOCORRO;10/04/2024 21:48;OBITO;06/05/2024 00:51
1102646;3345732;CTI;PRONTO SOCORRO;11/04/2024 16:57;CLINICA MEDICA;07/05/2024 18:44
602107;3345951;CTI;PRONTO SOCORRO;17/04/2024 20:28;CLINICA MEDICA;23/04/2024 18:08
602107;3345951;CTI;CENTRO CIRURGICO;25/04/2024 18:13;CLINICA CIRURGICA;28/04/2024 14:57
1093058;3346108;CTI;PRONTO SOCORRO;13/04/2024 06:10;CLINICA MEDICA;11/05/2024 13:29
1099992;3346110;CTI;CENTRO CIRURGICO;17/04/2024 18:53;OBITO;22/04/2024 14:13
618029;3346175;CTI;PRONTO SOCORRO;11/04/2024 17:45;OBITO;05/05/2024 13:53
1102817;3346572;CTI;CLINICA MEDICA;24/04/2024 09:02;CLINICA MEDICA;02/05/2024 23:46
1095606;3346582;CTI;CENTRO CIRURGICO;12/04/2024 04:49;CLINICA CIRURGICA;13/04/2024 14:05
567526;3346619;CTI;PRONTO SOCORRO;12/04/2024 05:45;OBITO;30/04/2024 20:11
1102965;3347052;CTI;PRONTO SOCORRO;13/04/2024 22:48;OBITO;19/04/2024 09:50
443778;3347108;CTI;PRONTO SOCORRO;13/04/2024 17:57;CLINICA MEDICA;25/04/2024 15:25
227124;3347127;CTI;CENTRO CIRURGICO;13/04/2024 20:22;CLINICA CIRURGICA;14/04/2024 16:51
1103025;3347228;CTI;PRONTO SOCORRO;15/04/2024 01:22;CLINICA MEDICA;23/04/2024 16:23
1092174;3347291;CTI;CENTRO CIRURGICO;14/04/2024 10:50;CLINICA CIRURGICA;22/04/2024 14:12
1092174;3347291;CTI;CENTRO CIRURGICO;18/06/2024 17:14;CLINICA CIRURGICA;19/06/2024 15:51
1102986;3347329;CTI;CLINICA CIRURGICA;29/04/2024 00:40;OBITO;02/05/2024 08:41
1103072;3347360;CTI;CLINICA CIRURGICA;29/04/2024 17:25;CLINICA MEDICA;28/05/2024 13:50
369817;3347394;CTI;CLINICA MEDICA;18/04/2024 17:34;CLINICA MEDICA;24/04/2024 17:03
1103139;3347533;CTI;CENTRO CIRURGICO;15/04/2024 16:49;CLINICA CIRURGICA;19/04/2024 11:30
1103158;3347694;CTI;PRONTO SOCORRO;22/04/2024 20:39;CLINICA MEDICA;16/05/2024 15:12
1103217;3347813;CTI;CENTRO CIRURGICO;15/04/2024 23:04;CLINICA CIRURGICA;20/04/2024 13:46
1053545;3347928;CTI;CENTRO CIRURGICO;16/04/2024 18:34;CLINICA CIRURGICA;18/04/2024 14:50
1103308;3348375;CTI;CENTRO CIRURGICO;17/04/2024 01:41;CLINICA CIRURGICA;24/04/2024 18:03
664899;3348395;CTI;PRONTO SOCORRO;19/04/2024 15:48;CLINICA MEDICA;16/05/2024 14:59
1103395;3348490;CTI;CENTRO CIRURGICO;18/04/2024 00:21;CLINICA CIRURGICA;20/04/2024 13:33
1103430;3348678;CTI;CENTRO CIRURGICO;17/04/2024 16:46;OBITO;27/04/2024 06:09
1103432;3348788;CTI;CENTRO CIRURGICO;20/04/2024 16:53;CLINICA CIRURGICA;23/04/2024 15:00
561092;3348830;CTI;CLINICA CIRURGICA;09/05/2024 17:58;ALTA HOSPITALAR;12/05/2024 13:55
681657;3349165;CTI;CENTRO CIRURGICO;24/04/2024 20:45;CTI;24/04/2024 20:54
681657;3349165;CTI;CTI;24/04/2024 20:54;CLINICA CIRURGICA;26/04/2024 14:08
146501;3349215;CTI;MATERNIDADE;18/04/2024 20:48;CLINICA CIRURGICA;22/04/2024 14:11
1103553;3349277;CTI;PRONTO SOCORRO;19/04/2024 15:05;CLINICA MEDICA;26/04/2024 17:46
1103570;3349409;CTI;CENTRO CIRURGICO;16/05/2024 15:36;CLINICA CIRURGICA;20/05/2024 17:57
516745;3349450;CTI;CLINICA MEDICA;09/05/2024 20:18;CLINICA MEDICA;27/05/2024 16:39
516745;3349450;CTI;CLINICA MEDICA;05/06/2024 10:01;CLINICA MEDICA;17/06/2024 16:08
1103579;3349560;CTI;PRONTO SOCORRO;20/04/2024 15:50;CLINICA CIRURGICA;22/04/2024 15:54
633403;3349714;CTI;PRONTO SOCORRO;23/04/2024 19:02;OBITO;24/04/2024 05:56
1103671;3349846;CTI;PRONTO SOCORRO;04/05/2024 08:58;OBITO;10/05/2024 05:25
1103668;3349891;CTI;PRONTO SOCORRO;22/04/2024 16:07;CLINICA MEDICA;30/04/2024 18:08
71343;3349948;CTI;CLINICA MEDICA;10/05/2024 16:46;OBITO;11/05/2024 04:11
1103755;3349971;CTI;CENTRO CIRURGICO;22/04/2024 17:15;CLINICA CIRURGICA;30/04/2024 16:49
638817;3350171;CTI;CENTRO CIRURGICO;06/05/2024 12:09;CLINICA CIRURGICA;09/05/2024 16:34
1103837;3350179;CTI;CENTRO CIRURGICO;22/04/2024 16:00;CLINICA MEDICA;01/06/2024 17:58
1103837;3350179;CTI;CLINICA MEDICA;06/06/2024 18:01;CLINICA CIRURGICA;09/06/2024 16:56
1103845;3350211;CTI;PRONTO SOCORRO;26/04/2024 16:53;CLINICA MEDICA;10/05/2024 23:43
28034;3350617;CTI;CENTRO CIRURGICO;17/05/2024 17:57;CLINICA CIRURGICA;23/05/2024 15:17
28034;3350617;CTI;CENTRO CIRURGICO;27/05/2024 17:32;CLINICA CIRURGICA;29/05/2024 14:03
1063426;3350705;CTI;CENTRO CIRURGICO;23/04/2024 16:54;CLINICA CIRURGICA;09/05/2024 17:55
1103945;3350755;CTI;CLINICA CIRURGICA;02/05/2024 15:49;CLINICA MEDICA;10/05/2024 10:53
680694;3350924;CTI;PRONTO SOCORRO;23/04/2024 22:47;CLINICA MEDICA;22/05/2024 17:17
1103989;3350927;CTI;CENTRO CIRURGICO;26/04/2024 18:09;CLINICA CIRURGICA;27/04/2024 12:30
1103969;3350961;CTI;CENTRO CIRURGICO;24/04/2024 17:50;CLINICA CIRURGICA;25/04/2024 16:48
1103997;3351028;CTI;PRONTO SOCORRO;24/04/2024 14:37;CLINICA MEDICA;08/05/2024 14:50
1103973;3351040;CTI;CENTRO CIRURGICO;22/05/2024 18:43;CLINICA CIRURGICA;23/05/2024 16:19
1104050;3351044;CTI;CENTRO CIRURGICO;01/05/2024 20:45;CLINICA CIRURGICA;03/05/2024 14:48
1075124;3351280;CTI;CENTRO CIRURGICO;07/05/2024 21:24;CLINICA MEDICA;28/05/2024 15:59
1095340;3351282;CTI;CLINICA MEDICA;11/05/2024 10:38;OBITO;17/05/2024 10:35
1104114;3351423;CTI;CENTRO CIRURGICO;25/04/2024 17:45;OBITO;07/05/2024 10:51
615059;3351678;CTI;PRONTO SOCORRO;26/04/2024 01:00;OBITO;28/04/2024 15:32
659074;3351826;CTI;CENTRO CIRURGICO;09/05/2024 03:55;CLINICA CIRURGICA;11/05/2024 14:43
1104273;3352218;CTI;CENTRO CIRURGICO;27/04/2024 08:49;TRANSFERENCIA EXTERNA;10/06/2024 22:58
1104343;3352223;CTI;CENTRO CIRURGICO;27/04/2024 14:40;CLINICA CIRURGICA;29/04/2024 11:54
1104332;3352230;CTI;CENTRO CIRURGICO;28/04/2024 17:31;OBITO;09/05/2024 03:48
1104354;3352324;CTI;PRONTO SOCORRO;28/04/2024 16:30;OBITO;09/05/2024 17:56
540987;3352406;CTI;PRONTO SOCORRO;03/05/2024 06:11;CLINICA MEDICA;16/05/2024 00:13
388031;3352498;CTI;PRONTO SOCORRO;29/04/2024 22:29;CLINICA MEDICA;01/05/2024 18:55
388031;3352498;CTI;CLINICA MEDICA;03/05/2024 04:18;OBITO;04/05/2024 06:02
94466;3352504;CTI;PRONTO SOCORRO;10/05/2024 09:23;CLINICA MEDICA;24/05/2024 17:02
1104458;3352520;CTI;CENTRO CIRURGICO;28/04/2024 16:03;OBITO;06/05/2024 06:06
1104544;3352761;CTI;CENTRO CIRURGICO;29/04/2024 10:52;CLINICA CIRURGICA;30/04/2024 14:38
394379;3353171;CTI;CENTRO CIRURGICO;30/04/2024 21:16;OBITO;10/05/2024 23:44
1104605;3353184;CTI;PRONTO SOCORRO;30/04/2024 18:33;CLINICA MEDICA;03/05/2024 18:39
515964;3353286;CTI;PRONTO SOCORRO;09/05/2024 20:54;CLINICA MEDICA;05/06/2024 17:29
604311;3353315;CTI;CENTRO CIRURGICO;11/05/2024 06:17;CLINICA CIRURGICA;12/05/2024 18:47
604311;3353315;CTI;CLINICA CIRURGICA;16/05/2024 03:23;CLINICA CIRURGICA;23/05/2024 16:34
1036484;3353617;CTI;CENTRO CIRURGICO;01/05/2024 08:01;CLINICA CIRURGICA;12/05/2024 18:21
1104785;3353738;CTI;CENTRO CIRURGICO;14/05/2024 18:41;CLINICA CIRURGICA;16/05/2024 14:36
35664;3353779;CTI;CENTRO CIRURGICO;02/05/2024 10:45;OBITO;03/05/2024 01:42
1084270;3353789;CTI;CLINICA CIRURGICA;01/06/2024 22:23;CTI;02/06/2024 17:44
1084270;3353789;CTI;CTI;02/06/2024 17:44;CLINICA MEDICA;06/06/2024 18:14
650494;3353856;CTI;PRONTO SOCORRO;15/05/2024 17:41;CLINICA MEDICA;10/06/2024 14:00
650494;3353856;CTI;CLINICA MEDICA;13/06/2024 17:37;CLINICA MEDICA;19/06/2024 18:04
1104858;3354082;CTI;CENTRO CIRURGICO;03/05/2024 01:15;OBITO;16/05/2024 11:25
1104922;3354245;CTI;CENTRO CIRURGICO;04/05/2024 00:21;CLINICA MEDICA;02/07/2024 23:10
396167;3354538;CTI;CENTRO CIRURGICO;03/05/2024 21:36;OBITO;04/05/2024 03:59
1105094;3354658;CTI;CENTRO CIRURGICO;04/05/2024 15:33;CLINICA MEDICA;08/05/2024 15:28
1105140;3354806;CTI;CENTRO CIRURGICO;06/05/2024 01:14;OBITO;20/05/2024 23:50
1082932;3354892;CTI;CENTRO CIRURGICO;05/05/2024 15:56;OBITO;14/05/2024 20:26
181987;3355148;CTI;CENTRO CIRURGICO;14/05/2024 20:28;CLINICA CIRURGICA;16/05/2024 12:24
1102285;3355348;CTI;CENTRO CIRURGICO;07/05/2024 14:09;CLINICA CIRURGICA;09/05/2024 16:05
1105345;3355435;CTI;CENTRO CIRURGICO;08/05/2024 16:09;CLINICA CIRURGICA;06/06/2024 18:53
1105379;3355553;CTI;CENTRO CIRURGICO;22/05/2024 07:50;CLINICA MEDICA;27/05/2024 15:52
1105362;3355684;CTI;CENTRO CIRURGICO;28/05/2024 18:10;CTI;30/05/2024 10:46
1105362;3355684;CTI;CTI;30/05/2024 10:46;CLINICA MEDICA;12/06/2024 18:01
1105428;3355798;CTI;CENTRO CIRURGICO;08/05/2024 22:34;CLINICA CIRURGICA;24/05/2024 12:00
1105459;3355943;CTI;CLINICA MEDICA;20/05/2024 21:11;TRANSFERENCIA EXTERNA;02/06/2024 15:39
1105533;3356144;CTI;CENTRO CIRURGICO;08/05/2024 17:10;OBITO;20/05/2024 22:07
23623;3356166;CTI;CENTRO CIRURGICO;09/05/2024 18:25;CLINICA MEDICA;01/06/2024 18:01
11592;3356282;CTI;PRONTO SOCORRO;20/05/2024 05:12;OBITO;05/06/2024 06:13
90593;3356378;CTI;CENTRO CIRURGICO;13/05/2024 20:24;OBITO;14/05/2024 18:38
324056;3356564;CTI;CENTRO CIRURGICO;12/05/2024 20:22;OBITO;19/05/2024 06:47
528330;3356644;CTI;CLINICA MEDICA;11/05/2024 18:25;OBITO;19/05/2024 22:08
1001084;3356722;CTI;CENTRO CIRURGICO;12/05/2024 22:23;OBITO;22/05/2024 03:23
143952;3356772;CTI;PRONTO SOCORRO;16/05/2024 18:07;OBITO;28/05/2024 19:54
675869;3356953;CTI;CENTRO CIRURGICO;20/05/2024 20:46;CLINICA CIRURGICA;22/05/2024 18:29
675869;3356953;CTI;CENTRO CIRURGICO;07/06/2024 18:12;CLINICA CIRURGICA;08/06/2024 17:39
1074272;3357048;CTI;PRONTO SOCORRO;16/05/2024 17:21;OBITO;25/06/2024 22:40
601207;3357070;CTI;PRONTO SOCORRO;16/05/2024 18:10;OBITO;19/05/2024 01:51
1105772;3357078;CTI;PRONTO SOCORRO;12/05/2024 16:09;CLINICA MEDICA;31/05/2024 19:03
1105764;3357088;CTI;PRONTO SOCORRO;11/05/2024 01:07;OBITO;13/05/2024 01:24
1105761;3357174;CTI;CENTRO CIRURGICO;11/05/2024 15:52;CLINICA CIRURGICA;13/05/2024 18:16
676248;3357216;CTI;PRONTO SOCORRO;25/05/2024 21:46;CLINICA MEDICA;29/05/2024 18:26
1105867;3357354;CTI;PRONTO SOCORRO;12/05/2024 18:13;CLINICA MEDICA;15/05/2024 14:19
1105987;3357625;CTI;PRONTO SOCORRO;13/05/2024 04:59;CLINICA CIRURGICA;01/06/2024 16:13
1106031;3358078;CTI;CENTRO CIRURGICO;31/05/2024 20:09;CLINICA CIRURGICA;02/06/2024 14:17
1106031;3358078;CTI;CLINICA CIRURGICA;17/06/2024 18:15;OBITO;19/06/2024 10:56
564460;3358327;CTI;PRONTO SOCORRO;21/05/2024 03:49;TRANSFERENCIA EXTERNA;26/05/2024 10:01
1093562;3358434;CTI;PRONTO SOCORRO;16/05/2024 13:01;CLINICA MEDICA;17/05/2024 18:57
1037303;3358440;CTI;CLINICA MEDICA;08/06/2024 04:58;CLINICA MEDICA;14/06/2024 11:24
1037303;3358440;CTI;CLINICA MEDICA;29/06/2024 01:30;CLINICA MEDICA;12/07/2024 11:58
448901;3358858;CTI;CENTRO CIRURGICO;29/05/2024 15:56;CLINICA CIRURGICA;30/05/2024 17:50
1106285;3358877;CTI;PRONTO SOCORRO;17/05/2024 10:38;CLINICA MEDICA;01/05/2024 17:55
454521;3359066;CTI;CENTRO CIRURGICO;23/05/2024 18:19;CLINICA CIRURGICA;24/05/2024 22:48
1106493;3359535;CTI;CENTRO CIRURGICO;17/05/2024 22:04;OBITO;25/05/2024 13:05
1106490;3359562;CTI;PRONTO SOCORRO;19/05/2024 04:06;TRANSFERENCIA EXTERNA;25/05/2024 22:46
1106515;3359639;CTI;PRONTO SOCORRO;21/05/2024 16:42;CLINICA MEDICA;25/05/2024 17:01
1106535;3359707;CTI;PRONTO SOCORRO;24/05/2024 18:00;TRANSFERENCIA EXTERNA;25/05/2024 20:47
1106568;3359749;CTI;CENTRO CIRURGICO;19/05/2024 09:36;CLINICA CIRURGICA;20/05/2024 16:58
1102433;3359789;CTI;CENTRO CIRURGICO;25/05/2024 01:20;CLINICA CIRURGICA;29/05/2024 12:36
1106651;3359936;CTI;CENTRO CIRURGICO;19/05/2024 22:25;OBITO;20/05/2024 01:56
1106663;3360003;CTI;CENTRO CIRURGICO;20/05/2024 18:33;OBITO;26/05/2024 12:21
1087818;3360010;CTI;CENTRO CIRURGICO;24/06/2024 21:01;CLINICA CIRURGICA;26/06/2024 15:45
1063882;3360242;CTI;PRONTO SOCORRO;20/05/2024 23:49;OBITO;25/05/2024 13:07
548166;3360779;CTI;CENTRO CIRURGICO;23/05/2024 21:17;CLINICA MEDICA;31/05/2024 17:43
548166;3360779;CTI;CENTRO CIRURGICO;04/06/2024 22:10;CTI;22/06/2024 16:10
548166;3360779;CTI;CTI;22/06/2024 16:10;CLINICA CIRURGICA;24/06/2024 16:32
563938;3361300;CTI;PRONTO SOCORRO;22/05/2024 22:45;CLINICA MEDICA;11/06/2024 15:32
1106996;3361313;CTI;CENTRO CIRURGICO;23/05/2024 16:32;CLINICA CIRURGICA;29/05/2024 15:30
1107001;3361324;CTI;PRONTO SOCORRO;26/05/2024 11:06;CLINICA MEDICA;20/06/2024 17:52
614889;3361506;CTI;PRONTO SOCORRO;28/05/2024 15:45;CLINICA MEDICA;07/06/2024 16:38
1107103;3361712;CTI;CENTRO CIRURGICO;23/05/2024 23:09;CLINICA CIRURGICA;07/06/2024 13:51
1107087;3361717;CTI;CENTRO CIRURGICO;30/05/2024 21:37;CLINICA CIRURGICA;31/05/2024 22:45
405303;3361755;CTI;PRONTO SOCORRO;25/05/2024 01:56;OBITO;26/05/2024 07:15
1107118;3361763;CTI;PRONTO SOCORRO;26/05/2024 01:26;PRONTO SOCORRO;29/05/2024 17:39
1107118;3361763;CTI;PRONTO SOCORRO;29/05/2024 18:47;OBITO;02/06/2024 17:18
1106284;3362148;CTI;PRONTO SOCORRO;25/05/2024 21:53;TRANSFERENCIA EXTERNA;26/05/2024 19:21
1107217;3362155;CTI;MATERNIDADE;25/05/2024 15:47;CLINICA CIRURGICA;28/05/2024 13:40
1107214;3362161;CTI;CLINICA MEDICA;08/06/2024 00:34;OBITO;20/06/2024 17:09
1107242;3362256;CTI;CENTRO CIRURGICO;26/05/2024 00:24;CLINICA CIRURGICA;28/05/2024 12:37
1107142;3362319;CTI;PRONTO SOCORRO;28/05/2024 17:25;OBITO;09/06/2024 23:04
1107257;3362396;CTI;PRONTO SOCORRO;26/05/2024 15:22;CLINICA CIRURGICA;30/05/2024 21:34
310510;3362400;CTI;PRONTO SOCORRO;29/05/2024 22:46;CLINICA MEDICA;06/06/2024 17:04
1088127;3362425;CTI;PRONTO SOCORRO;26/05/2024 14:19;ALTA HOSPITALAR;28/05/2024 17:46
128196;3362576;CTI;CLINICA CIRURGICA;10/06/2024 20:28;OBITO;22/06/2024 02:30
1107361;3362586;CTI;PRONTO SOCORRO;26/05/2024 21:41;TRANSFERENCIA EXTERNA;28/05/2024 00:19
1020364;3362626;CTI;PRONTO SOCORRO;27/05/2024 20:40;OBITO;07/06/2024 01:51
1107435;3362872;CTI;CENTRO CIRURGICO;28/05/2024 20:24;CTI;28/05/2024 21:34
1107435;3362872;CTI;CTI;28/05/2024 21:34;CLINICA CIRURGICA;17/06/2024 14:43
1100120;3362937;CTI;CENTRO CIRURGICO;14/06/2024 20:21;CLINICA CIRURGICA;15/06/2024 15:59
1107452;3363022;CTI;PRONTO SOCORRO;28/05/2024 04:04;CLINICA CIRURGICA;30/05/2024 10:27
1107452;3363022;CTI;CLINICA CIRURGICA;30/05/2024 11:24;CLINICA CIRURGICA;06/06/2024 15:06
1033465;3363392;CTI;PRONTO SOCORRO;30/05/2024 00:31;CTI;30/05/2024 11:11
1033465;3363392;CTI;CTI;30/05/2024 11:11;CLINICA MEDICA;01/06/2024 18:57
1107588;3363412;CTI;PRONTO SOCORRO;29/05/2024 00:55;TRANSFERENCIA EXTERNA;29/05/2024 18:42
1107592;3363413;CTI;CENTRO CIRURGICO;12/06/2024 18:54;CLINICA CIRURGICA;14/06/2024 16:04
1107611;3363422;CTI;PRONTO SOCORRO;29/05/2024 16:02;CLINICA CIRURGICA;02/06/2024 00:26
1106757;3363429;CTI;PRONTO SOCORRO;02/06/2024 17:58;OBITO;06/06/2024 18:56
1107517;3363434;CTI;PRONTO SOCORRO;01/06/2024 00:25;CLINICA CIRURGICA;04/06/2024 18:14
1107517;3363434;CTI;CLINICA MEDICA;15/06/2024 18:06;OBITO;19/06/2024 16:38
1107643;3363473;CTI;CENTRO CIRURGICO;29/05/2024 04:41;CLINICA CIRURGICA;31/05/2024 13:10
638496;3363474;CTI;PRONTO SOCORRO;05/06/2024 20:37;OBITO;13/06/2024 10:25
1024506;3363483;CTI;PRONTO SOCORRO;08/06/2024 22:40;OBITO;11/06/2024 18:33
1107666;3363684;CTI;CLINICA CIRURGICA;08/06/2024 21:58;CTI;13/06/2024 12:40
1107666;3363684;CTI;CTI;13/06/2024 12:40;CLINICA MEDICA;14/06/2024 15:02
1107672;3363763;CTI;CENTRO CIRURGICO;29/05/2024 20:23;CLINICA CIRURGICA;30/05/2024 15:18
1107275;3364069;CTI;PRONTO SOCORRO;01/06/2024 20:32;CLINICA MEDICA;10/06/2024 14:45
1063743;3364104;CTI;PRONTO SOCORRO;31/05/2024 01:19;CLINICA MEDICA;14/06/2024 15:13
673014;3364110;CTI;PRONTO SOCORRO;30/05/2024 21:57;CLINICA MEDICA;06/06/2024 16:06
1107816;3364142;CTI;PRONTO SOCORRO;01/06/2024 03:55;CLINICA MEDICA;05/06/2024 14:56
1107825;3364228;CTI;CENTRO CIRURGICO;31/05/2024 15:59;CLINICA CIRURGICA;01/06/2024 17:23
1107856;3364379;CTI;PRONTO SOCORRO;10/06/2024 17:04;CLINICA MEDICA;13/06/2024 18:20
1107856;3364379;CTI;CLINICA MEDICA;19/06/2024 22:26;TRANSFERENCIA EXTERNA;28/06/2024 18:09
506170;3364422;CTI;CLINICA MEDICA;10/06/2024 22:45;CLINICA MEDICA;17/06/2024 15:59
1107917;3364571;CTI;CENTRO CIRURGICO;01/06/2024 20:17;CLINICA MEDICA;19/06/2024 12:24
1107965;3364662;CTI;PRONTO SOCORRO;06/06/2024 18:12;CLINICA MEDICA;10/06/2024 17:20
666606;3364714;CTI;CENTRO CIRURGICO;11/06/2024 20:16;CLINICA CIRURGICA;12/06/2024 15:09
1108009;3364721;CTI;PRONTO SOCORRO;02/06/2024 13:04;CLINICA MEDICA;07/06/2024 11:39
578865;3364858;CTI;PRONTO SOCORRO;02/06/2024 16:48;CLINICA MEDICA;05/06/2024 16:46
577570;3364863;CTI;PRONTO SOCORRO;02/06/2024 20:56;CTI;14/06/2024 01:26
577570;3364863;CTI;CTI;14/06/2024 01:26;TRANSFERENCIA EXTERNA;20/06/2024 21:02
377141;3364895;CTI;CENTRO CIRURGICO;02/06/2024 23:17;CLINICA CIRURGICA;04/06/2024 12:41
1099435;3364968;CTI;CENTRO CIRURGICO;04/06/2024 16:38;CLINICA MEDICA;24/06/2024 17:16
624137;3365273;CTI;CENTRO CIRURGICO;06/06/2024 20:15;CLINICA CIRURGICA;08/06/2024 16:56
1100780;3365349;CTI;CENTRO CIRURGICO;04/06/2024 22:41;CLINICA CIRURGICA;06/06/2024 14:24
1037566;3365432;CTI;CLINICA MEDICA;28/06/2024 00:24;OBITO;28/06/2024 23:00
514102;3365696;CTI;PRONTO SOCORRO;06/06/2024 23:14;CLINICA MEDICA;08/06/2024 11:50
1108261;3365724;CTI;PRONTO SOCORRO;05/06/2024 22:14;OBITO;07/06/2024 22:46
1108290;3365904;CTI;CENTRO CIRURGICO;05/06/2024 17:21;CLINICA MEDICA;18/06/2024 15:33
1108251;3365910;CTI;PRONTO SOCORRO;08/06/2024 16:46;TRANSFERENCIA EXTERNA;11/06/2024 11:54
1108329;3366081;CTI;CENTRO CIRURGICO;08/06/2024 18:30;CLINICA CIRURGICA;10/06/2024 12:13
1108302;3366098;CTI;CENTRO CIRURGICO;07/06/2024 14:32;CLINICA CIRURGICA;08/06/2024 17:41
1108367;3366155;CTI;PRONTO SOCORRO;09/06/2024 00:10;CLINICA CIRURGICA;10/06/2024 18:36
1108324;3366157;CTI;CENTRO CIRURGICO;06/06/2024 16:03;CLINICA CIRURGICA;07/06/2024 21:23
1104460;3366182;CTI;MATERNIDADE;07/06/2024 17:53;CLINICA MEDICA;08/06/2024 11:39
646122;3366370;CTI;CLINICA MEDICA;21/06/2024 17:44;CLINICA MEDICA;03/07/2024 17:29
1108462;3366569;CTI;PRONTO SOCORRO;07/06/2024 04:14;CLINICA MEDICA;09/06/2024 14:49
1085686;3366588;CTI;PRONTO SOCORRO;07/06/2024 10:45;TRANSFERENCIA EXTERNA;16/06/2024 16:08
1105147;3366752;CTI;CENTRO CIRURGICO;28/06/2024 20:03;CLINICA CIRURGICA;01/07/2024 16:53
611826;3366819;CTI;PRONTO SOCORRO;11/06/2024 00:14;CLINICA MEDICA;11/07/2024 18:30
679066;3366821;CTI;PRONTO SOCORRO;07/06/2024 20:38;OBITO;08/06/2024 15:44
1037720;3366909;CTI;PRONTO SOCORRO;12/06/2024 23:29;CLINICA MEDICA;17/06/2024 15:28
233459;3367076;CTI;PRONTO SOCORRO;08/06/2024 23:40;OBITO;13/06/2024 13:05
1040631;3367217;CTI;PRONTO SOCORRO;11/06/2024 18:53;CLINICA MEDICA;13/06/2024 22:45
1108628;3367280;CTI;CENTRO CIRURGICO;11/06/2024 17:24;CLINICA CIRURGICA;13/06/2024 15:43
1005990;3367290;CTI;CENTRO CIRURGICO;09/06/2024 16:56;CLINICA CIRURGICA;11/06/2024 14:46
1108681;3367331;CTI;PRONTO SOCORRO;09/06/2024 18:26;CLINICA MEDICA;11/06/2024 17:10
1108672;3367336;CTI;PRONTO SOCORRO;09/06/2024 17:28;CLINICA MEDICA;27/06/2024 18:09
1108594;3367376;CTI;CENTRO CIRURGICO;19/06/2024 18:29;CTI;22/06/2024 19:48
1108594;3367376;CTI;CTI;22/06/2024 19:48;CLINICA CIRURGICA;23/06/2024 15:05
1108701;3367411;CTI;PRONTO SOCORRO;11/06/2024 15:33;CLINICA MEDICA;21/06/2024 16:49
23356;3367415;CTI;CENTRO CIRURGICO;10/06/2024 00:46;CLINICA CIRURGICA;11/06/2024 18:01
1038784;3367421;CTI;CENTRO CIRURGICO;18/06/2024 20:51;OBITO;25/06/2024 14:26
1108722;3367461;CTI;CENTRO CIRURGICO;10/06/2024 18:45;CLINICA CIRURGICA;12/06/2024 15:57
1108738;3367477;CTI;CENTRO CIRURGICO;10/06/2024 15:02;CLINICA MEDICA;19/06/2024 15:26
1108809;3367851;CTI;CLINICA CIRURGICA;19/06/2024 17:35;CTI;21/06/2024 15:45
1108809;3367851;CTI;CTI;21/06/2024 15:45;CTI;22/06/2024 10:26
1108809;3367851;CTI;CTI;22/06/2024 10:26;CLINICA MEDICA;23/07/2024 18:42
1108903;3368247;CTI;CENTRO CIRURGICO;05/07/2024 22:25;CLINICA CIRURGICA;06/07/2024 14:43
686225;3368282;CTI;PRONTO SOCORRO;12/06/2024 10:01;TRANSFERENCIA EXTERNA;12/07/2024 08:32
1108963;3368307;CTI;CENTRO CIRURGICO;19/06/2024 14:05;CTI;22/06/2024 15:24
1108963;3368307;CTI;CTI;22/06/2024 15:24;CLINICA CIRURGICA;29/06/2024 16:21
1108962;3368321;CTI;PRONTO SOCORRO;13/06/2024 16:50;CLINICA CIRURGICA;18/06/2024 15:26
1108954;3368330;CTI;PRONTO SOCORRO;13/06/2024 17:53;CLINICA CIRURGICA;15/06/2024 16:07
1104166;3368332;CTI;PRONTO SOCORRO;12/06/2024 02:40;CLINICA MEDICA;14/06/2024 17:10
1099663;3368334;CTI;CENTRO CIRURGICO;12/06/2024 16:56;CLINICA CIRURGICA;18/06/2024 15:36
563024;3368498;CTI;PRONTO SOCORRO;14/06/2024 18:34;CLINICA CIRURGICA;30/06/2024 23:09
573541;3368641;CTI;PRONTO SOCORRO;16/06/2024 22:58;CTI;17/06/2024 18:32
573541;3368641;CTI;CTI;17/06/2024 18:32;TRANSFERENCIA EXTERNA;24/06/2024 12:58
1109006;3368658;CTI;PRONTO SOCORRO;18/06/2024 00:06;CLINICA MEDICA;29/06/2024 15:33
1109024;3368677;CTI;CENTRO CIRURGICO;19/06/2024 20:26;CTI;22/06/2024 16:53
1109024;3368677;CTI;CTI;22/06/2024 16:53;CLINICA MEDICA;11/07/2024 17:14
586264;3369045;CTI;PRONTO SOCORRO;14/06/2024 18:02;CLINICA MEDICA;14/07/2024 15:27
392804;3369075;CTI;PRONTO SOCORRO;13/06/2024 21:38;CLINICA MEDICA;15/06/2024 21:00
1104740;3369092;CTI;MATERNIDADE;14/06/2024 15:14;MATERNIDADE;15/06/2024 11:07
1109162;3369118;CTI;PRONTO SOCORRO;14/06/2024 03:21;OBITO;14/06/2024 18:22
1032296;3369265;CTI;PRONTO SOCORRO;14/06/2024 17:10;CLINICA CIRURGICA;17/06/2024 14:05
178127;3369399;CTI;CLINICA CIRURGICA;20/06/2024 22:30;CLINICA MEDICA;22/06/2024 15:14
1075743;3369430;CTI;PRONTO SOCORRO;15/06/2024 21:00;OBITO;21/06/2024 12:04
1109231;3369463;CTI;PRONTO SOCORRO;20/06/2024 17:49;TRANSFERENCIA EXTERNA;23/06/2024 18:51
664849;3369467;CTI;PRONTO SOCORRO;14/06/2024 23:41;CLINICA MEDICA;16/06/2024 21:30
1109236;3369469;CTI;CLINICA MEDICA;25/06/2024 12:42;CLINICA MEDICA;01/07/2024 19:25
1109264;3369531;CTI;CENTRO CIRURGICO;15/06/2024 13:44;MATERNIDADE;16/06/2024 15:39
1070377;3369711;CTI;CENTRO CIRURGICO;17/06/2024 17:40;CLINICA CIRURGICA;21/06/2024 16:19
200499;3369738;CTI;PRONTO SOCORRO;16/06/2024 20:27;CTI;20/06/2024 20:53
200499;3369738;CTI;CTI;20/06/2024 20:53;CLINICA MEDICA;25/06/2024 17:19
1109400;3369898;CTI;CENTRO CIRURGICO;23/06/2024 17:14;CLINICA MEDICA;24/06/2024 15:45
1109385;3369902;CTI;PRONTO SOCORRO;16/06/2024 17:34;CLINICA MEDICA;29/06/2024 18:28
1038829;3369973;CTI;PRONTO SOCORRO;17/06/2024 21:13;CLINICA MEDICA;20/06/2024 13:55
1109255;3369982;CTI;CENTRO CIRURGICO;17/06/2024 16:14;CTI;22/06/2024 16:03
1109255;3369982;CTI;CTI;22/06/2024 16:03;CLINICA CIRURGICA;27/06/2024 15:16
190377;3370418;CTI;PRONTO SOCORRO;21/06/2024 18:40;OBITO;15/07/2024 17:36
1109584;3370419;CTI;MATERNIDADE;18/06/2024 17:31;CLINICA CIRURGICA;20/06/2024 23:23
369817;3370697;CTI;PRONTO SOCORRO;20/06/2024 18:21;CLINICA MEDICA;05/07/2024 15:56
369817;3370697;CTI;PRONTO SOCORRO;11/07/2024 01:25;CLINICA MEDICA;17/07/2024 14:26
364505;3370746;CTI;PRONTO SOCORRO;22/06/2024 18:51;CLINICA MEDICA;07/07/2024 17:33
1109651;3370765;CTI;CENTRO CIRURGICO;26/06/2024 21:23;CLINICA MEDICA;28/06/2024 10:36
1109645;3370770;CTI;PRONTO SOCORRO;20/06/2024 23:09;CLINICA MEDICA;25/06/2024 15:29
1109619;3370777;CTI;PRONTO SOCORRO;21/06/2024 09:56;CLINICA MEDICA;25/06/2024 17:57
1109668;3370809;CTI;CENTRO CIRURGICO;19/06/2024 17:36;TRANSFERENCIA EXTERNA;19/06/2024 19:31
1109685;3370977;CTI;PRONTO SOCORRO;22/06/2024 19:50;CTI;22/06/2024 21:25
1109685;3370977;CTI;CTI;22/06/2024 21:25;CTI;01/07/2024 00:07
1109685;3370977;CTI;CTI;01/07/2024 00:07;TRANSFERENCIA EXTERNA;07/07/2024 23:35
1109773;3371233;CTI;CENTRO CIRURGICO;20/06/2024 04:39;CLINICA CIRURGICA;20/06/2024 18:16
1109875;3371598;CTI;CENTRO CIRURGICO;21/06/2024 02:21;CLINICA CIRURGICA;22/06/2024 16:21
83439;3371653;CTI;CLINICA MEDICA;27/06/2024 17:33;CLINICA MEDICA;01/07/2024 16:44
1109885;3371784;CTI;PRONTO SOCORRO;21/06/2024 23:05;OBITO;22/06/2024 17:02
1109912;3371924;CTI;PRONTO SOCORRO;24/06/2024 01:53;CLINICA MEDICA;30/06/2024 03:12
1109969;3372002;CTI;CENTRO CIRURGICO;22/06/2024 03:52;CLINICA CIRURGICA;24/06/2024 12:46
1110020;3372245;CTI;CENTRO CIRURGICO;25/06/2024 16:28;CLINICA CIRURGICA;27/06/2024 00:15
1110020;3372245;CTI;CENTRO CIRURGICO;03/07/2024 16:39;CLINICA CIRURGICA;05/07/2024 15:28
1110076;3372318;CTI;PRONTO SOCORRO;24/06/2024 17:02;OBITO;04/07/2024 01:43
1019377;3372475;CTI;CLINICA MEDICA;23/07/2024 15:45;CLINICA MEDICA;06/08/2024 15:38
1110174;3372523;CTI;CENTRO CIRURGICO;01/07/2024 18:45;CTI;05/07/2024 17:49
1110174;3372523;CTI;CTI;05/07/2024 17:49;CLINICA CIRURGICA;06/07/2024 16:36
1110149;3372536;CTI;CLINICA CIRURGICA;09/07/2024 22:04;CLINICA CIRURGICA;10/07/2024 14:07
1110189;3372549;CTI;PRONTO SOCORRO;24/06/2024 16:25;OBITO;02/07/2024 10:02
131985;3372670;CTI;PRONTO SOCORRO;24/06/2024 22:11;CLINICA MEDICA;01/07/2024 16:02
1110233;3372843;CTI;PRONTO SOCORRO;24/06/2024 18:11;CLINICA MEDICA;26/06/2024 18:15
1103553;3373030;CTI;PRONTO SOCORRO;25/06/2024 18:36;CLINICA MEDICA;28/06/2024 18:47
1103553;3373030;CTI;CLINICA MEDICA;04/07/2024 20:28;TRANSFERENCIA EXTERNA;07/07/2024 18:25
557378;3373335;CTI;CENTRO CIRURGICO;02/07/2024 14:09;CLINICA CIRURGICA;03/07/2024 14:15
1021855;3373417;CTI;PRONTO SOCORRO;25/06/2024 21:13;OBITO;15/07/2024 17:37
1110432;3373452;CTI;CENTRO CIRURGICO;26/06/2024 00:21;CLINICA CIRURGICA;03/07/2024 16:23
1110413;3373464;CTI;CENTRO CIRURGICO;26/06/2024 05:52;CLINICA CIRURGICA;28/06/2024 12:06
680488;3373473;CTI;CENTRO CIRURGICO;26/06/2024 18:14;CLINICA MEDICA;29/06/2024 15:50
1110375;3373791;CTI;CENTRO CIRURGICO;28/06/2024 14:47;CLINICA MEDICA;01/07/2024 18:28
1110375;3373791;CTI;CLINICA MEDICA;01/07/2024 20:58;CLINICA MEDICA;02/08/2024 16:16
1087114;3373850;CTI;CLINICA MEDICA;31/07/2024 19:02;OBITO;01/08/2024 12:20
102718;3373855;CTI;PRONTO SOCORRO;01/07/2024 17:44;CLINICA MEDICA;05/07/2024 16:10
626339;3373861;CTI;PRONTO SOCORRO;04/07/2024 01:53;CLINICA CIRURGICA;10/07/2024 11:38
1110525;3373866;CTI;CENTRO CIRURGICO;27/06/2024 12:14;CLINICA CIRURGICA;28/06/2024 13:52
1110540;3373867;CTI;PRONTO SOCORRO;28/06/2024 16:26;CLINICA MEDICA;05/07/2024 17:37
637711;3374056;CTI;PRONTO SOCORRO;01/07/2024 22:57;CLINICA MEDICA;25/07/2024 22:37
685744;3374115;CTI;CLINICA CIRURGICA;23/08/2024 18:18;CLINICA CIRURGICA;31/08/2024 16:09
685744;3374115;CTI;CLINICA CIRURGICA;03/09/2024 20:07;CLINICA MEDICA;11/09/2024 15:36
50571;3374259;CTI;CENTRO CIRURGICO;28/06/2024 15:20;CLINICA MEDICA;04/07/2024 17:04
1093308;3374289;CTI;PRONTO SOCORRO;29/06/2024 21:45;OBITO;06/07/2024 00:54
284519;3374384;CTI;CENTRO CIRURGICO;08/07/2024 12:28;CLINICA CIRURGICA;09/07/2024 17:32
272274;3374579;CTI;CENTRO CIRURGICO;29/06/2024 18:17;CLINICA CIRURGICA;03/07/2024 15:26
1110748;3374678;CTI;CENTRO CIRURGICO;29/06/2024 08:30;CENTRO CIRURGICO;01/07/2024 08:44
1110755;3374711;CTI;CENTRO CIRURGICO;29/06/2024 17:04;CLINICA CIRURGICA;03/07/2024 15:03
1110790;3374851;CTI;CENTRO CIRURGICO;30/06/2024 00:10;CLINICA MEDICA;22/07/2024 16:49
1110824;3374939;CTI;CENTRO CIRURGICO;30/06/2024 05:37;CLINICA CIRURGICA;01/07/2024 16:33
667855;3375107;CTI;CENTRO CIRURGICO;01/07/2024 01:52;TRANSFERENCIA EXTERNA;03/07/2024 12:57
1110889;3375118;CTI;CENTRO CIRURGICO;03/07/2024 01:45;CLINICA CIRURGICA;04/07/2024 15:35
1033642;3375161;CTI;CLINICA MEDICA;31/07/2024 23:11;OBITO;01/08/2024 23:29
90872;3375464;CTI;PRONTO SOCORRO;02/07/2024 18:17;CLINICA MEDICA;15/07/2024 12:37
1110993;3375477;CTI;CENTRO CIRURGICO;01/07/2024 22:02;CLINICA CIRURGICA;03/07/2024 16:54
1110905;3375503;CTI;CLINICA CIRURGICA;24/07/2024 16:42;CLINICA MEDICA;01/08/2024 16:46
597811;3375523;CTI;PRONTO SOCORRO;02/07/2024 02:19;TRANSFERENCIA EXTERNA;04/07/2024 17:46
1111022;3375753;CTI;PRONTO SOCORRO;05/07/2024 23:33;CTI;05/07/2024 23:43
1111022;3375753;CTI;CTI;05/07/2024 23:43;CLINICA MEDICA;17/07/2024 18:02
1111035;3375909;CTI;PRONTO SOCORRO;04/07/2024 18:44;CTI;05/07/2024 22:11
1111035;3375909;CTI;CTI;05/07/2024 22:11;OBITO;10/07/2024 22:40
1111129;3375971;CTI;PRONTO SOCORRO;03/07/2024 16:19;CTI;03/07/2024 16:28
1111129;3375971;CTI;CTI;03/07/2024 16:28;OBITO;09/07/2024 03:40
1100780;3375975;CTI;PRONTO SOCORRO;03/07/2024 17:18;CLINICA MEDICA;05/07/2024 17:18
667302;3376144;CTI;PRONTO SOCORRO;03/07/2024 17:48;CLINICA MEDICA;07/07/2024 17:37
1111134;3376168;CTI;PRONTO SOCORRO;03/07/2024 20:50;CLINICA MEDICA;24/07/2024 14:10
1111134;3376168;CTI;CLINICA MEDICA;01/08/2024 15:53;CLINICA MEDICA;15/08/2024 17:21
1111150;3376245;CTI;PRONTO SOCORRO;03/07/2024 21:00;CLINICA CIRURGICA;07/07/2024 12:58
596990;3376322;CTI;PRONTO SOCORRO;03/07/2024 21:24;CLINICA MEDICA;07/07/2024 11:45
1111174;3376382;CTI;PRONTO SOCORRO;13/07/2024 02:09;CTI;13/07/2024 21:41
1111174;3376382;CTI;CTI;13/07/2024 21:41;CLINICA CIRURGICA;15/07/2024 15:45
1111174;3376382;CTI;CLINICA MEDICA;20/07/2024 23:09;CLINICA CIRURGICA;28/07/2024 12:27
420251;3376404;CTI;CENTRO CIRURGICO;08/07/2024 15:42;OBITO;12/07/2024 18:40
1108627;3376519;CTI;PRONTO SOCORRO;04/07/2024 14:12;CLINICA CIRURGICA;05/07/2024 11:34
1111228;3376549;CTI;CLINICA MEDICA;01/08/2024 14:42;CLINICA MEDICA;06/08/2024 11:46
1111295;3376710;CTI;CENTRO CIRURGICO;04/07/2024 22:44;OBITO;14/07/2024 05:52
1111298;3376794;CTI;PRONTO SOCORRO;05/07/2024 20:51;TRANSFERENCIA EXTERNA;22/07/2024 18:52
1111339;3376811;CTI;PRONTO SOCORRO;05/07/2024 15:11;CENTRO CIRURGICO;09/07/2024 04:30
1100085;3376815;CTI;PRONTO SOCORRO;12/07/2024 00:15;CLINICA MEDICA;15/07/2024 17:23
1111399;3377101;CTI;PRONTO SOCORRO;06/07/2024 01:03;TRANSFERENCIA EXTERNA;13/07/2024 00:09
1106324;3377167;CTI;CENTRO CIRURGICO;06/07/2024 13:39;OBITO;09/07/2024 21:23
1111427;3377174;CTI;PRONTO SOCORRO;06/07/2024 10:08;OBITO;30/07/2024 01:05
1111079;3377240;CTI;CLINICA CIRURGICA;19/07/2024 15:15;CLINICA CIRURGICA;22/07/2024 17:26
1092660;3377252;CTI;CENTRO CIRURGICO;06/07/2024 17:06;CLINICA CIRURGICA;12/07/2024 12:25
439013;3377422;CTI;PRONTO SOCORRO;07/07/2024 15:14;CLINICA MEDICA;10/07/2024 15:19
614052;3377436;CTI;PRONTO SOCORRO;07/07/2024 10:25;OBITO;15/07/2024 11:29
345159;3377448;CTI;PRONTO SOCORRO;07/07/2024 17:59;CLINICA MEDICA;09/07/2024 14:40
1111563;3377573;CTI;CENTRO CIRURGICO;07/07/2024 22:18;CLINICA CIRURGICA;09/07/2024 10:51
31797;3377588;CTI;PRONTO SOCORRO;11/07/2024 17:18;OBITO;21/07/2024 06:41
1111606;3377706;CTI;PRONTO SOCORRO;08/07/2024 08:56;CLINICA MEDICA;22/07/2024 16:00
295643;3377784;CTI;PRONTO SOCORRO;12/07/2024 20:50;CLINICA CIRURGICA;16/07/2024 21:08
1111676;3377991;CTI;PRONTO SOCORRO;26/07/2024 22:09;CLINICA CIRURGICA;27/07/2024 17:42
1019320;3378014;CTI;PRONTO SOCORRO;09/07/2024 11:29;CTI;10/07/2024 01:56
1019320;3378014;CTI;CTI;10/07/2024 01:56;CLINICA MEDICA;19/07/2024 13:55
1111718;3378036;CTI;PRONTO SOCORRO;09/07/2024 04:56;CLINICA MEDICA;12/07/2024 15:56
1016198;3378181;CTI;PRONTO SOCORRO;12/07/2024 16:02;CLINICA MEDICA;06/08/2024 22:41
1077512;3378214;CTI;CENTRO CIRURGICO;09/07/2024 17:35;CLINICA CIRURGICA;11/07/2024 18:29
1077512;3378214;CTI;CLINICA CIRURGICA;12/07/2024 20:50;CTI;12/07/2024 21:32
1077512;3378214;CTI;CTI;12/07/2024 21:32;CLINICA MEDICA;13/08/2024 15:32
580061;3378326;CTI;PRONTO SOCORRO;12/07/2024 09:32;CLINICA MEDICA;14/07/2024 15:35
1111761;3378402;CTI;CENTRO CIRURGICO;10/07/2024 14:06;CLINICA CIRURGICA;11/07/2024 16:28
1111769;3378406;CTI;PRONTO SOCORRO;09/07/2024 23:10;CTI;10/07/2024 03:48
1111769;3378406;CTI;CTI;10/07/2024 03:48;CLINICA MEDICA;12/07/2024 13:08
1111826;3378471;CTI;CENTRO CIRURGICO;19/07/2024 20:55;CLINICA CIRURGICA;21/07/2024 13:26
158887;3378615;CTI;PRONTO SOCORRO;10/07/2024 14:53;CLINICA MEDICA;11/07/2024 14:50
1092685;3378699;CTI;PRONTO SOCORRO;10/07/2024 18:14;CLINICA MEDICA;13/07/2024 12:41
1048432;3378810;CTI;PRONTO SOCORRO;10/07/2024 17:31;CLINICA MEDICA;24/07/2024 14:54
1101191;3378890;CTI;PRONTO SOCORRO;16/07/2024 15:22;CLINICA MEDICA;17/07/2024 15:24
1101191;3378890;CTI;CLINICA MEDICA;01/08/2024 00:39;CLINICA MEDICA;01/08/2024 16:30
1111918;3379086;CTI;CLINICA CIRURGICA;29/07/2024 21:27;CLINICA MEDICA;23/08/2024 12:53
1111939;3379105;CTI;PRONTO SOCORRO;11/07/2024 22:46;CLINICA MEDICA;18/07/2024 12:12
1111949;3379163;CTI;CENTRO CIRURGICO;11/07/2024 23:09;OBITO;18/07/2024 15:27
1111988;3379209;CTI;CENTRO CIRURGICO;11/07/2024 20:16;OBITO;12/07/2024 02:17
1111964;3379242;CTI;CLINICA CIRURGICA;15/07/2024 20:18;CLINICA CIRURGICA;17/07/2024 14:26
1111964;3379242;CTI;CLINICA CIRURGICA;02/08/2024 17:33;CLINICA MEDICA;03/08/2024 11:00
1112034;3379445;CTI;PRONTO SOCORRO;12/07/2024 11:08;CLINICA MEDICA;15/07/2024 00:08
1109898;3379537;CTI;PRONTO SOCORRO;12/07/2024 16:59;CLINICA MEDICA;25/07/2024 16:10
1112107;3379693;CTI;CENTRO CIRURGICO;19/07/2024 23:46;CLINICA CIRURGICA;02/09/2024 16:57
513232;3379713;CTI;CENTRO CIRURGICO;13/07/2024 13:02;CTI;17/07/2024 09:40
513232;3379713;CTI;CTI;17/07/2024 09:40;CLINICA CIRURGICA;27/07/2024 15:50
1029237;3379755;CTI;CLINICA MEDICA;21/07/2024 15:50;CLINICA MEDICA;23/07/2024 18:07
1112162;3379892;CTI;CENTRO CIRURGICO;13/07/2024 23:11;OBITO;26/07/2024 07:48
1019655;3379952;CTI;PRONTO SOCORRO;16/07/2024 10:25;CLINICA MEDICA;20/07/2024 14:41
1112194;3379960;CTI;PRONTO SOCORRO;15/07/2024 18:31;CLINICA MEDICA;19/07/2024 15:54
1112200;3379973;CTI;CENTRO CIRURGICO;14/07/2024 11:36;CLINICA CIRURGICA;15/07/2024 14:35
171414;3380035;CTI;PRONTO SOCORRO;15/07/2024 05:08;OBITO;21/07/2024 20:29
1076975;3380081;CTI;PRONTO SOCORRO;17/07/2024 22:16;CLINICA MEDICA;21/07/2024 01:07
394554;3380095;CTI;CENTRO CIRURGICO;14/07/2024 22:49;CLINICA MEDICA;24/07/2024 23:14
1112229;3380101;CTI;CENTRO CIRURGICO;15/07/2024 13:32;CLINICA MEDICA;31/07/2024 18:30
1112229;3380101;CTI;CLINICA MEDICA;10/08/2024 22:38;CLINICA MEDICA;20/08/2024 17:49
481345;3380125;CTI;PRONTO SOCORRO;15/07/2024 16:26;OBITO;21/07/2024 07:26
1112243;3380148;CTI;CENTRO CIRURGICO;14/07/2024 23:57;OBITO;16/07/2024 06:04
1025635;3380167;CTI;CENTRO CIRURGICO;22/07/2024 09:56;CENTRO CIRURGICO;22/07/2024 10:46
1106731;3380171;CTI;CENTRO CIRURGICO;15/07/2024 14:38;CLINICA CIRURGICA;16/07/2024 11:29
273261;3380303;CTI;CENTRO CIRURGICO;22/07/2024 17:46;CLINICA CIRURGICA;24/07/2024 15:00
1029735;3380482;CTI;PRONTO SOCORRO;17/07/2024 22:38;TRANSFERENCIA EXTERNA;18/07/2024 20:38
571679;3380534;CTI;CENTRO CIRURGICO;15/07/2024 23:30;CLINICA CIRURGICA;19/07/2024 15:19
554493;3380541;CTI;CENTRO CIRURGICO;22/07/2024 20:20;CLINICA CIRURGICA;23/07/2024 11:30
1112373;3380575;CTI;CENTRO CIRURGICO;16/07/2024 04:08;OBITO;24/07/2024 18:52
1112376;3380611;CTI;PRONTO SOCORRO;17/07/2024 18:21;CLINICA MEDICA;20/07/2024 11:46
1112416;3380902;CTI;CENTRO CIRURGICO;05/08/2024 23:34;CLINICA CIRURGICA;06/08/2024 20:29
1112424;3380927;CTI;CLINICA MEDICA;29/07/2024 17:36;OBITO;03/08/2024 01:50
430466;3381185;CTI;MATERNIDADE;17/07/2024 16:18;MATERNIDADE;19/07/2024 16:14
1112522;3381296;CTI;CLINICA MEDICA;01/08/2024 23:52;CTI;05/08/2024 18:36
1112522;3381296;CTI;CTI;05/08/2024 18:36;CTI;12/08/2024 19:39
1112522;3381296;CTI;CTI;12/08/2024 19:39;TRANSFERENCIA EXTERNA;17/08/2024 22:30
1111302;3381349;CTI;PRONTO SOCORRO;17/07/2024 23:09;CTI;21/07/2024 21:12
1111302;3381349;CTI;CTI;21/07/2024 21:12;CLINICA MEDICA;24/07/2024 17:58
470543;3381608;CTI;PRONTO SOCORRO;18/07/2024 14:59;CLINICA CIRURGICA;20/07/2024 14:49
1059750;3381706;CTI;CENTRO CIRURGICO;19/07/2024 02:47;CLINICA MEDICA;12/08/2024 18:08
183101;3381726;CTI;PRONTO SOCORRO;19/07/2024 17:25;CLINICA MEDICA;05/08/2024 16:33
1112642;3381729;CTI;CENTRO CIRURGICO;19/07/2024 08:10;CLINICA CIRURGICA;05/08/2024 15:37
1112642;3381729;CTI;CLINICA CIRURGICA;12/08/2024 15:17;CLINICA MEDICA;16/08/2024 18:24
284519;3381922;CTI;CLINICA CIRURGICA;09/08/2024 21:24;CLINICA CIRURGICA;11/08/2024 22:16
1109589;3381968;CTI;CLINICA MEDICA;21/08/2024 20:47;OBITO;31/08/2024 21:21
1112675;3381991;CTI;CENTRO CIRURGICO;20/07/2024 14:08;CLINICA CIRURGICA;22/07/2024 15:45
1028109;3382034;CTI;PRONTO SOCORRO;21/07/2024 16:43;CLINICA MEDICA;23/07/2024 14:56
1112729;3382104;CTI;PRONTO SOCORRO;20/07/2024 17:01;CLINICA MEDICA;06/08/2024 16:23
1112808;3382315;CTI;PRONTO SOCORRO;21/07/2024 23:02;CTI;23/07/2024 17:15
1112808;3382315;CTI;CTI;23/07/2024 17:15;CLINICA MEDICA;25/07/2024 14:04
1112826;3382341;CTI;PRONTO SOCORRO;21/07/2024 09:36;CLINICA CIRURGICA;19/08/2024 17:56
150880;3382392;CTI;CENTRO CIRURGICO;16/08/2024 21:24;CLINICA CIRURGICA;17/08/2024 14:20
1020344;3382458;CTI;PRONTO SOCORRO;24/07/2024 01:51;OBITO;31/07/2024 06:20
1065247;3382536;CTI;PRONTO SOCORRO;22/07/2024 17:59;CLINICA MEDICA;31/07/2024 16:47
1028671;3382543;CTI;PRONTO SOCORRO;23/07/2024 16:06;CLINICA MEDICA;05/08/2024 18:06
1112920;3382599;CTI;CENTRO CIRURGICO;22/07/2024 10:49;CLINICA CIRURGICA;23/07/2024 12:06
1018653;3382740;CTI;PRONTO SOCORRO;23/07/2024 00:02;CTI;24/07/2024 15:35
1018653;3382740;CTI;CTI;24/07/2024 15:35;CLINICA CIRURGICA;12/08/2024 12:20
1112946;3382764;CTI;CENTRO CIRURGICO;09/08/2024 15:54;CLINICA CIRURGICA;12/08/2024 15:26
1112302;3382959;CTI;CENTRO CIRURGICO;24/07/2024 20:32;CLINICA CIRURGICA;25/07/2024 16:24
1078083;3382990;CTI;PRONTO SOCORRO;23/07/2024 02:38;TRANSFERENCIA EXTERNA;25/07/2024 23:09
1113033;3383111;CTI;PRONTO SOCORRO;23/07/2024 22:35;CTI;24/07/2024 18:36
1113033;3383111;CTI;CTI;24/07/2024 18:36;CTI;25/07/2024 23:55
1113033;3383111;CTI;CTI;25/07/2024 23:55;OBITO;18/08/2024 06:32
1113062;3383303;CTI;CENTRO CIRURGICO;24/07/2024 03:54;OBITO;26/07/2024 10:42
1113069;3383316;CTI;CENTRO CIRURGICO;24/07/2024 18:01;CLINICA CIRURGICA;26/07/2024 10:40
671530;3383317;CTI;CLINICA CIRURGICA;01/08/2024 08:56;CTI;28/08/2024 16:15
671530;3383317;CTI;CTI;28/08/2024 16:15;CTI;04/09/2024 17:48
671530;3383317;CTI;CTI;04/09/2024 17:48;CLINICA MEDICA;08/09/2024 15:23
1113118;3383354;CTI;PRONTO SOCORRO;26/07/2024 10:07;CLINICA MEDICA;29/07/2024 15:25
1113052;3383370;CTI;PRONTO SOCORRO;24/07/2024 23:23;CLINICA CIRURGICA;26/07/2024 14:13
467013;3383372;CTI;PRONTO SOCORRO;26/07/2024 17:08;CLINICA MEDICA;31/07/2024 17:39
585859;3383374;CTI;CENTRO CIRURGICO;25/07/2024 00:07;CLINICA MEDICA;05/08/2024 18:11
1100910;3383649;CTI;PRONTO SOCORRO;27/07/2024 00:12;CLINICA MEDICA;29/07/2024 16:02
1113227;3383793;CTI;PRONTO SOCORRO;25/07/2024 22:38;TRANSFERENCIA EXTERNA;31/07/2024 21:49
1113191;3383794;CTI;CLINICA CIRURGICA;21/08/2024 19:54;CLINICA CIRURGICA;22/08/2024 18:26
1113206;3383801;CTI;CENTRO CIRURGICO;31/07/2024 16:47;OBITO;01/08/2024 11:12
1113197;3383803;CTI;CENTRO CIRURGICO;25/07/2024 04:48;CLINICA MEDICA;16/08/2024 22:15
1053381;3383826;CTI;PRONTO SOCORRO;25/07/2024 17:52;CLINICA MEDICA;26/08/2024 17:20
599993;3384026;CTI;PRONTO SOCORRO;28/07/2024 18:14;TRANSFERENCIA EXTERNA;31/07/2024 23:34
26347;3384122;CTI;PRONTO SOCORRO;26/07/2024 01:29;CLINICA MEDICA;26/07/2024 17:38
1113334;3384272;CTI;PRONTO SOCORRO;26/07/2024 14:58;OBITO;27/07/2024 04:48
1113329;3384385;CTI;CLINICA CIRURGICA;27/08/2024 17:49;CLINICA MEDICA;29/08/2024 17:01
1113373;3384429;CTI;PRONTO SOCORRO;27/07/2024 11:09;CLINICA MEDICA;29/07/2024 17:39
1113362;3384431;CTI;PRONTO SOCORRO;26/07/2024 22:41;CTI;01/08/2024 21:25
1113362;3384431;CTI;CTI;01/08/2024 21:25;CLINICA MEDICA;02/08/2024 16:41
1113397;3384469;CTI;PRONTO SOCORRO;27/07/2024 21:56;CLINICA CIRURGICA;28/07/2024 18:11
622471;3384482;CTI;PRONTO SOCORRO;29/07/2024 10:12;CLINICA MEDICA;31/07/2024 14:44
1113446;3384604;CTI;PRONTO SOCORRO;06/08/2024 17:48;CLINICA MEDICA;29/08/2024 17:02
1113481;3384679;CTI;PRONTO SOCORRO;27/07/2024 23:23;CLINICA MEDICA;31/07/2024 18:26
1106731;3384750;CTI;CENTRO CIRURGICO;28/07/2024 22:12;CLINICA MEDICA;06/08/2024 11:40
1106731;3384750;CTI;CLINICA MEDICA;06/08/2024 11:45;CLINICA CIRURGICA;19/08/2024 18:14
1106731;3384750;CTI;CLINICA CIRURGICA;19/08/2024 18:25;CLINICA MEDICA;20/08/2024 22:39
1113548;3384878;CTI;PRONTO SOCORRO;30/07/2024 03:53;CLINICA MEDICA;01/08/2024 12:52
1112632;3384925;CTI;PRONTO SOCORRO;29/07/2024 18:24;CTI;13/08/2024 12:09
1112632;3384925;CTI;CTI;13/08/2024 12:09;CLINICA MEDICA;23/08/2024 15:57
1113622;3385277;CTI;CLINICA MEDICA;07/08/2024 20:45;CLINICA MEDICA;09/08/2024 17:03
657521;3385295;CTI;CLINICA CIRURGICA;05/08/2024 18:38;CLINICA MEDICA;07/08/2024 17:07
1113645;3385302;CTI;CENTRO CIRURGICO;31/07/2024 06:31;CTI;09/08/2024 20:41
1113645;3385302;CTI;CTI;09/08/2024 20:41;CLINICA CIRURGICA;16/08/2024 22:57
534988;3385545;CTI;PRONTO SOCORRO;31/07/2024 22:26;CLINICA CIRURGICA;11/08/2024 15:18
1113632;3385640;CTI;CENTRO CIRURGICO;07/08/2024 22:30;CLINICA CIRURGICA;09/08/2024 15:18
1113772;3385721;CTI;PRONTO SOCORRO;01/08/2024 01:43;OBITO;10/08/2024 12:34
1108989;3386042;CTI;PRONTO SOCORRO;05/08/2024 22:44;OBITO;13/08/2024 10:04
1113848;3386055;CTI;CLINICA MEDICA;12/08/2024 17:25;OBITO;14/08/2024 00:28
635726;3386105;CTI;CLINICA MEDICA;08/09/2024 18:16;OBITO;24/09/2024 22:58
1113805;3386113;CTI;PRONTO SOCORRO;08/08/2024 23:25;OBITO;10/08/2024 05:01
1110489;3386127;CTI;CLINICA MEDICA;30/08/2024 17:57;OBITO;07/09/2024 14:12
1113908;3386334;CTI;PRONTO SOCORRO;01/08/2024 17:16;OBITO;07/08/2024 03:40
680685;3386466;CTI;CENTRO CIRURGICO;17/08/2024 00:52;CLINICA CIRURGICA;20/08/2024 20:25
1114007;3386658;CTI;CENTRO CIRURGICO;02/08/2024 13:36;CLINICA CIRURGICA;04/08/2024 15:43
1114029;3386776;CTI;PRONTO SOCORRO;02/08/2024 19:13;CENTRO CIRURGICO;06/08/2024 20:39
17986;3386785;CTI;PRONTO SOCORRO;04/08/2024 17:34;CLINICA CIRURGICA;17/08/2024 15:39
1110665;3386853;CTI;CENTRO CIRURGICO;03/08/2024 14:52;CLINICA CIRURGICA;04/08/2024 17:04
1070425;3386888;CTI;CENTRO CIRURGICO;03/08/2024 03:35;CLINICA MEDICA;22/08/2024 18:04
1047552;3387039;CTI;CLINICA MEDICA;14/08/2024 17:06;CLINICA MEDICA;28/08/2024 12:14
1047552;3387039;CTI;CLINICA MEDICA;31/08/2024 18:44;CLINICA MEDICA;08/09/2024 15:35
1005509;3387110;CTI;CLINICA MEDICA;17/08/2024 16:51;TRANSFERENCIA EXTERNA;18/08/2024 17:23
1114217;3387260;CTI;CENTRO CIRURGICO;04/08/2024 20:55;CTI;05/08/2024 21:23
1114217;3387260;CTI;CTI;05/08/2024 21:23;CLINICA CIRURGICA;19/08/2024 15:40
1092676;3387264;CTI;PRONTO SOCORRO;07/08/2024 00:20;CLINICA MEDICA;08/08/2024 16:19
1019139;3387348;CTI;PRONTO SOCORRO;06/08/2024 20:44;CLINICA MEDICA;12/08/2024 18:36
1114330;3387708;CTI;PRONTO SOCORRO;06/08/2024 09:47;CLINICA MEDICA;09/08/2024 12:45
1106169;3387944;CTI;CENTRO CIRURGICO;12/08/2024 17:41;CLINICA CIRURGICA;20/08/2024 15:36
1114362;3387988;CTI;CENTRO CIRURGICO;19/08/2024 21:20;CLINICA CIRURGICA;21/08/2024 14:47
1114387;3388073;CTI;CENTRO CIRURGICO;20/08/2024 20:28;CLINICA CIRURGICA;22/08/2024 14:07
1114430;3388122;CTI;CENTRO CIRURGICO;07/08/2024 00:01;CLINICA CIRURGICA;10/08/2024 14:52
1114450;3388158;CTI;PRONTO SOCORRO;07/08/2024 02:11;CLINICA MEDICA;19/08/2024 18:16
1114425;3388318;CTI;CLINICA CIRURGICA;10/09/2024 17:58;CLINICA CIRURGICA;11/09/2024 18:08
335711;3388327;CTI;CENTRO CIRURGICO;07/08/2024 18:13;CLINICA MEDICA;22/09/2024 16:15
1114516;3388497;CTI;PRONTO SOCORRO;07/08/2024 22:03;CLINICA MEDICA;12/08/2024 14:46
1114523;3388505;CTI;PRONTO SOCORRO;12/08/2024 22:43;CLINICA MEDICA;18/08/2024 14:00
1114458;3388553;CTI;CLINICA MEDICA;17/08/2024 00:52;CLINICA MEDICA;26/08/2024 15:58
1114496;3388890;CTI;CENTRO CIRURGICO;23/08/2024 16:35;CLINICA CIRURGICA;24/08/2024 16:44
1114655;3388981;CTI;PRONTO SOCORRO;10/08/2024 14:58;OBITO;11/08/2024 08:32
1114635;3389319;CTI;CLINICA CIRURGICA;24/08/2024 23:02;OBITO;19/09/2024 10:32
1113830;3389325;CTI;PRONTO SOCORRO;10/08/2024 10:36;CLINICA MEDICA;16/08/2024 14:37
1110161;3389333;CTI;CENTRO CIRURGICO;15/08/2024 15:38;CLINICA MEDICA;28/08/2024 17:26
1114651;3389373;CTI;PRONTO SOCORRO;09/08/2024 22:57;CLINICA MEDICA;12/08/2024 16:36
190849;3389374;CTI;CLINICA MEDICA;29/08/2024 20:53;TRANSFERENCIA EXTERNA;01/09/2024 06:24
1114743;3389411;CTI;CENTRO CIRURGICO;16/08/2024 14:32;OBITO;04/09/2024 17:42
1114802;3389521;CTI;MATERNIDADE;11/08/2024 14:36;MATERNIDADE;12/08/2024 12:40
500708;3389565;CTI;CLINICA CIRURGICA;11/09/2024 17:30;CLINICA CIRURGICA;12/09/2024 18:27
1114821;3389618;CTI;CENTRO CIRURGICO;13/08/2024 17:02;CLINICA CIRURGICA;15/08/2024 14:31
1114614;3389756;CTI;PRONTO SOCORRO;11/08/2024 17:56;CLINICA MEDICA;20/08/2024 17:48
1114614;3389756;CTI;CLINICA MEDICA;20/08/2024 23:48;CLINICA MEDICA;27/08/2024 00:55
515964;3389824;CTI;PRONTO SOCORRO;12/08/2024 02:01;CLINICA MEDICA;28/08/2024 16:48
1114866;3389842;CTI;CENTRO CIRURGICO;12/08/2024 22:53;CLINICA CIRURGICA;15/08/2024 16:10
1114946;3390059;CTI;CENTRO CIRURGICO;12/08/2024 19:04;CLINICA CIRURGICA;14/08/2024 23:20
1115025;3390203;CTI;CLINICA CIRURGICA;15/08/2024 18:13;CLINICA MEDICA;16/08/2024 17:36
1115049;3390251;CTI;CENTRO CIRURGICO;13/08/2024 04:41;CLINICA CIRURGICA;15/08/2024 16:48
1090858;3390336;CTI;CENTRO CIRURGICO;13/08/2024 15:23;CLINICA CIRURGICA;14/08/2024 14:23
1115081;3390513;CTI;CENTRO CIRURGICO;14/08/2024 01:13;CLINICA CIRURGICA;30/08/2024 17:40
1115092;3390564;CTI;CLINICA MEDICA;26/08/2024 10:52;CENTRO CIRURGICO;28/08/2024 15:56
1115092;3390564;CTI;CENTRO CIRURGICO;28/08/2024 18:00;CLINICA CIRURGICA;05/09/2024 15:09
1115116;3390707;CTI;CENTRO CIRURGICO;20/08/2024 18:05;OBITO;22/08/2024 12:38
625086;3390962;CTI;PRONTO SOCORRO;15/08/2024 01:19;CLINICA CIRURGICA;18/08/2024 15:09
671254;3391039;CTI;CLINICA MEDICA;27/08/2024 21:15;CLINICA MEDICA;31/08/2024 12:15
1115249;3391148;CTI;CENTRO CIRURGICO;15/08/2024 20:41;CLINICA CIRURGICA;03/09/2024 18:33
1040333;3391225;CTI;CENTRO CIRURGICO;12/09/2024 16:03;CLINICA CIRURGICA;16/09/2024 16:47
1015381;3391277;CTI;PRONTO SOCORRO;18/08/2024 17:33;CLINICA MEDICA;20/08/2024 15:48
1015381;3391277;CTI;CLINICA MEDICA;26/08/2024 20:49;CLINICA MEDICA;30/08/2024 17:18
1105448;3391462;CTI;CENTRO CIRURGICO;17/08/2024 13:40;CLINICA CIRURGICA;21/08/2024 16:32
686600;3391582;CTI;CENTRO CIRURGICO;02/09/2024 13:56;CLINICA CIRURGICA;04/09/2024 12:18
1053330;3391587;CTI;PRONTO SOCORRO;17/08/2024 01:38;OBITO;01/09/2024 23:55
1115349;3391620;CTI;PRONTO SOCORRO;31/08/2024 14:05;OBITO;02/09/2024 11:12
1115420;3391725;CTI;CENTRO CIRURGICO;05/09/2024 17:35;CLINICA CIRURGICA;09/09/2024 14:52
1115427;3391821;CTI;PRONTO SOCORRO;18/08/2024 01:11;PRONTO SOCORRO;18/08/2024 01:13
1115427;3391821;CTI;PRONTO SOCORRO;18/08/2024 17:10;OBITO;24/08/2024 06:32
1037554;3391869;CTI;CENTRO CIRURGICO;18/08/2024 04:20;CTI;22/08/2024 13:45
1037554;3391869;CTI;CTI;22/08/2024 13:45;CLINICA CIRURGICA;02/09/2024 17:48
1037554;3391869;CTI;CLINICA CIRURGICA;03/09/2024 22:04;OBITO;30/09/2024 19:59
1115484;3391873;CTI;MATERNIDADE;18/08/2024 02:09;MATERNIDADE;19/08/2024 11:16
1115405;3391889;CTI;CENTRO CIRURGICO;19/08/2024 18:12;CTI;19/08/2024 20:01
1115405;3391889;CTI;CTI;19/08/2024 20:01;CLINICA CIRURGICA;21/08/2024 15:58
1061805;3391899;CTI;PRONTO SOCORRO;27/08/2024 10:41;CLINICA MEDICA;08/09/2024 16:41
190302;3391908;CTI;CENTRO CIRURGICO;19/08/2024 01:32;CLINICA MEDICA;01/09/2024 16:15
192757;3391952;CTI;CENTRO CIRURGICO;18/08/2024 13:49;CLINICA CIRURGICA;27/08/2024 17:08
1115509;3391999;CTI;CENTRO CIRURGICO;26/08/2024 21:32;CLINICA CIRURGICA;27/08/2024 17:40
1115472;3392050;CTI;CENTRO CIRURGICO;22/08/2024 18:43;OBITO;26/08/2024 08:40
326219;3392152;CTI;PRONTO SOCORRO;19/08/2024 22:11;CTI;01/09/2024 08:21
326219;3392152;CTI;CTI;01/09/2024 08:21;CLINICA MEDICA;09/10/2024 17:25
1115590;3392161;CTI;CENTRO CIRURGICO;19/08/2024 15:04;CTI;04/09/2024 14:16
1115590;3392161;CTI;CTI;04/09/2024 14:16;CLINICA CIRURGICA;08/09/2024 15:11
1003636;3392392;CTI;PRONTO SOCORRO;30/08/2024 20:42;CLINICA MEDICA;11/09/2024 12:26
618142;3392514;CTI;PRONTO SOCORRO;21/08/2024 00:14;CTI;04/09/2024 17:47
618142;3392514;CTI;CTI;04/09/2024 17:47;CLINICA MEDICA;05/09/2024 17:22
1115702;3392618;CTI;CENTRO CIRURGICO;20/08/2024 17:37;CLINICA CIRURGICA;22/08/2024 15:37
1115719;3392732;CTI;PRONTO SOCORRO;21/08/2024 17:17;CLINICA MEDICA;03/09/2024 17:32
1115789;3392909;CTI;CENTRO CIRURGICO;21/08/2024 04:31;CLINICA CIRURGICA;23/08/2024 17:04
1115789;3392909;CTI;CLINICA CIRURGICA;02/09/2024 21:13;CLINICA CIRURGICA;06/09/2024 18:01
1115766;3393142;CTI;CENTRO CIRURGICO;06/09/2024 23:40;CLINICA CIRURGICA;09/09/2024 18:05
1115891;3393337;CTI;PRONTO SOCORRO;22/08/2024 18:10;CLINICA MEDICA;27/08/2024 15:45
642528;3393387;CTI;CENTRO CIRURGICO;22/08/2024 16:11;CLINICA CIRURGICA;30/08/2024 17:46
622685;3393560;CTI;CENTRO CIRURGICO;22/08/2024 21:00;CLINICA CIRURGICA;26/08/2024 16:53
1115904;3393693;CTI;CENTRO CIRURGICO;26/08/2024 18:16;CLINICA CIRURGICA;30/08/2024 17:44
1115962;3393757;CTI;CENTRO CIRURGICO;23/08/2024 22:17;CLINICA CIRURGICA;25/08/2024 16:36
1115964;3393784;CTI;PRONTO SOCORRO;23/08/2024 12:29;CLINICA MEDICA;30/08/2024 15:35
1114674;3394107;CTI;CENTRO CIRURGICO;24/08/2024 08:32;CTI;28/08/2024 18:07
1114674;3394107;CTI;CTI;28/08/2024 18:07;CLINICA MEDICA;01/09/2024 13:55
631563;3394219;CTI;PRONTO SOCORRO;30/08/2024 03:38;CLINICA MEDICA;30/08/2024 16:33
1116157;3394464;CTI;CENTRO CIRURGICO;20/09/2024 12:23;CLINICA CIRURGICA;22/09/2024 15:28
544449;3394507;CTI;CENTRO CIRURGICO;25/08/2024 19:11;CLINICA CIRURGICA;17/09/2024 13:49
187074;3394578;CTI;CENTRO CIRURGICO;13/09/2024 23:45;CLINICA CIRURGICA;15/09/2024 16:41
125141;3394996;CTI;PRONTO SOCORRO;02/09/2024 12:24;OBITO;03/09/2024 04:20
666566;3395039;CTI;CENTRO CIRURGICO;02/09/2024 21:43;CLINICA CIRURGICA;04/09/2024 14:17
1116314;3395211;CTI;CLINICA MEDICA;17/09/2024 16:03;TRANSFERENCIA EXTERNA;19/09/2024 13:55
1116414;3395241;CTI;CENTRO CIRURGICO;27/08/2024 20:52;CLINICA CIRURGICA;01/09/2024 15:38
1116414;3395241;CTI;CLINICA CIRURGICA;05/09/2024 20:47;CLINICA CIRURGICA;10/09/2024 13:11
1032019;3395343;CTI;CLINICA CIRURGICA;25/09/2024 17:47;CLINICA CIRURGICA;26/09/2024 11:55
1116416;3395436;CTI;CLINICA MEDICA;09/09/2024 16:49;TRANSFERENCIA EXTERNA;12/09/2024 18:52
112897;3395455;CTI;CENTRO CIRURGICO;30/09/2024 17:28;CLINICA CIRURGICA;01/10/2024 12:07
1116367;3395459;CTI;CENTRO CIRURGICO;30/08/2024 23:05;CLINICA CIRURGICA;03/09/2024 21:35
118862;3395531;CTI;CENTRO CIRURGICO;28/08/2024 15:24;CTI;30/08/2024 02:44
118862;3395531;CTI;CTI;30/08/2024 02:44;CLINICA CIRURGICA;31/08/2024 14:12
1035037;3395666;CTI;PRONTO SOCORRO;28/08/2024 22:29;CLINICA MEDICA;31/08/2024 11:56
1116538;3395879;CTI;CENTRO CIRURGICO;10/09/2024 17:50;CLINICA CIRURGICA;11/09/2024 17:21
1116582;3395912;CTI;CENTRO CIRURGICO;29/08/2024 13:48;CLINICA CIRURGICA;31/08/2024 15:20
1116543;3395932;CTI;PRONTO SOCORRO;09/09/2024 22:46;CLINICA MEDICA;16/09/2024 16:05
1116543;3395932;CTI;CLINICA MEDICA;18/09/2024 22:14;OBITO;14/10/2024 22:06
1116677;3396275;CTI;CENTRO CIRURGICO;30/08/2024 20:19;CLINICA CIRURGICA;03/09/2024 15:03
1116704;3396521;CTI;PRONTO SOCORRO;01/09/2024 13:02;CLINICA MEDICA;02/09/2024 18:14
1116712;3396627;CTI;PRONTO SOCORRO;31/08/2024 15:25;CTI;05/09/2024 17:57
1116712;3396627;CTI;CTI;05/09/2024 17:57;CTI;05/09/2024 17:59
1116712;3396627;CTI;CTI;05/09/2024 17:59;CLINICA MEDICA;09/09/2024 17:31
1116754;3396637;CTI;CLINICA CIRURGICA;06/09/2024 22:36;CLINICA CIRURGICA;07/09/2024 17:55
1014279;3396693;CTI;PRONTO SOCORRO;02/09/2024 21:14;CLINICA MEDICA;05/09/2024 11:15
1116787;3396715;CTI;CENTRO CIRURGICO;01/08/2024 06:06;CLINICA CIRURGICA;16/09/2024 18:01
1116787;3396715;CTI;CENTRO CIRURGICO;31/08/2024 05:46;CENTRO CIRURGICO;31/08/2024 05:54
1039167;3396838;CTI;PRONTO SOCORRO;31/08/2024 22:34;CLINICA MEDICA;03/09/2024 14:04
522540;3396873;CTI;PRONTO SOCORRO;01/09/2024 09:28;OBITO;08/09/2024 15:33
1116846;3396884;CTI;CENTRO CIRURGICO;31/08/2024 21:02;CLINICA CIRURGICA;03/09/2024 01:55
1116867;3396946;CTI;PRONTO SOCORRO;01/09/2024 09:24;CLINICA MEDICA;23/09/2024 21:40
1116867;3396946;CTI;CLINICA MEDICA;24/09/2024 04:15;CLINICA MEDICA;07/10/2024 18:08
1116824;3396950;CTI;PRONTO SOCORRO;03/09/2024 12:30;OBITO;11/09/2024 18:24
1076975;3397001;CTI;PRONTO SOCORRO;01/09/2024 16:23;CLINICA MEDICA;04/09/2024 12:06
1116902;3397052;CTI;CENTRO CIRURGICO;01/09/2024 22:04;CLINICA CIRURGICA;03/09/2024 15:55
1116899;3397119;CTI;CLINICA MEDICA;07/09/2024 17:18;CLINICA MEDICA;13/09/2024 16:24
1116909;3397124;CTI;CENTRO CIRURGICO;02/09/2024 01:40;CLINICA CIRURGICA;03/09/2024 23:00
1117079;3397673;CTI;PRONTO SOCORRO;03/09/2024 11:26;CLINICA MEDICA;09/09/2024 18:04
1117095;3397706;CTI;CENTRO CIRURGICO;03/09/2024 17:10;CLINICA CIRURGICA;06/09/2024 17:08
1100613;3397708;CTI;MATERNIDADE;03/09/2024 14:56;MATERNIDADE;04/09/2024 12:37
329496;3397820;CTI;PRONTO SOCORRO;04/09/2024 15:02;PRONTO SOCORRO;04/09/2024 16:43
329496;3397820;CTI;PRONTO SOCORRO;06/09/2024 20:39;CLINICA MEDICA;01/09/2024 18:19
329496;3397820;CTI;CENTRO CIRURGICO;20/09/2024 18:15;CTI;20/09/2024 18:27
329496;3397820;CTI;CTI;20/09/2024 18:27;CLINICA CIRURGICA;23/09/2024 20:58
329496;3397820;CTI;CENTRO CIRURGICO;04/10/2024 17:42;CLINICA CIRURGICA;06/10/2024 15:54
1117187;3397927;CTI;CENTRO CIRURGICO;04/09/2024 01:11;OBITO;11/09/2024 14:42
1117178;3397939;CTI;PRONTO SOCORRO;04/09/2024 09:08;OBITO;09/09/2024 22:44
592342;3398133;CTI;CENTRO CIRURGICO;04/09/2024 21:03;CTI;05/09/2024 18:03
592342;3398133;CTI;CTI;05/09/2024 18:03;CLINICA MEDICA;13/09/2024 14:09
569808;3398280;CTI;PRONTO SOCORRO;04/09/2024 17:59;CTI;05/09/2024 15:37
569808;3398280;CTI;CTI;05/09/2024 15:37;CLINICA MEDICA;06/09/2024 16:15
1117248;3398285;CTI;PRONTO SOCORRO;04/09/2024 18:13;CTI;05/09/2024 15:33
1117248;3398285;CTI;CTI;05/09/2024 15:33;MATERNIDADE;06/09/2024 15:24
1117223;3398312;CTI;CLINICA CIRURGICA;23/09/2024 21:33;TRANSFERENCIA EXTERNA;29/09/2024 18:21
1097449;3398369;CTI;CENTRO CIRURGICO;05/09/2024 14:13;CLINICA CIRURGICA;09/09/2024 14:21
1117293;3398377;CTI;PRONTO SOCORRO;05/09/2024 17:45;CLINICA MEDICA;10/09/2024 16:11
1117321;3398629;CTI;PRONTO SOCORRO;14/09/2024 10:21;OBITO;16/09/2024 23:56
1117350;3398685;CTI;CENTRO CIRURGICO;06/09/2024 15:25;CLINICA CIRURGICA;07/09/2024 09:24
307931;3398687;CTI;PRONTO SOCORRO;11/09/2024 18:16;CLINICA MEDICA;17/09/2024 15:43
587616;3398750;CTI;CLINICA MEDICA;09/09/2024 21:11;OBITO;12/09/2024 17:19
1117386;3398753;CTI;PRONTO SOCORRO;07/09/2024 00:46;CLINICA MEDICA;26/09/2024 16:16
1117377;3398755;CTI;CENTRO CIRURGICO;06/09/2024 02:57;CLINICA MEDICA;20/09/2024 15:06
1117425;3399147;CTI;CLINICA CIRURGICA;02/10/2024 18:04;CLINICA CIRURGICA;04/10/2024 15:13
1117465;3399174;CTI;CENTRO CIRURGICO;07/09/2024 16:45;CLINICA CIRURGICA;10/09/2024 18:11
605926;3399194;CTI;CENTRO CIRURGICO;27/09/2024 14:56;CLINICA MEDICA;28/09/2024 14:17
1117498;3399215;CTI;CENTRO CIRURGICO;09/09/2024 17:17;CENTRO CIRURGICO;09/09/2024 17:22
650988;3399290;CTI;CLINICA CIRURGICA;25/09/2024 15:04;CLINICA CIRURGICA;06/10/2024 14:00
1117515;3399294;CTI;PRONTO SOCORRO;08/09/2024 17:18;CLINICA MEDICA;11/09/2024 15:12
1117530;3399328;CTI;CENTRO CIRURGICO;08/09/2024 02:59;CLINICA CIRURGICA;12/09/2024 15:27
1099572;3399379;CTI;PRONTO SOCORRO;08/09/2024 17:30;CLINICA MEDICA;03/10/2024 16:25
1117557;3399455;CTI;CLINICA MEDICA;09/11/2024 04:49;CTI;09/11/2024 14:56
1117557;3399455;CTI;CTI;09/11/2024 14:56;TRANSFERENCIA EXTERNA;17/11/2024 13:55
1111697;3399514;CTI;CENTRO CIRURGICO;08/09/2024 20:08;CLINICA CIRURGICA;10/09/2024 16:01
1117587;3399567;CTI;CLINICA MEDICA;11/09/2024 20:42;CLINICA MEDICA;14/09/2024 12:38
1117587;3399567;CTI;CLINICA MEDICA;16/09/2024 19:52;TRANSFERENCIA EXTERNA;16/09/2024 23:11
639685;3399568;CTI;PRONTO SOCORRO;03/10/2024 22:43;CLINICA CIRURGICA;04/10/2024 16:03
1074090;3399569;CTI;CLINICA CIRURGICA;15/09/2024 23:14;CLINICA MEDICA;02/10/2024 15:02
1074090;3399569;CTI;CLINICA MEDICA;05/10/2024 18:27;CTI;07/10/2024 17:27
1074090;3399569;CTI;CTI;07/10/2024 17:27;CLINICA MEDICA;11/10/2024 14:43
1065893;3399599;CTI;PRONTO SOCORRO;08/09/2024 23:18;OBITO;20/09/2024 01:00
1115931;3399620;CTI;CENTRO CIRURGICO;09/09/2024 17:23;CLINICA CIRURGICA;11/09/2024 16:02
1024764;3399633;CTI;PRONTO SOCORRO;10/09/2024 00:37;CLINICA MEDICA;19/09/2024 00:36
385644;3399835;CTI;PRONTO SOCORRO;10/09/2024 16:04;OBITO;14/09/2024 17:18
1117857;3400398;CTI;CENTRO CIRURGICO;10/09/2024 21:44;OBITO;12/09/2024 01:17
1117895;3400469;CTI;CLINICA CIRURGICA;24/09/2024 21:36;CLINICA CIRURGICA;27/09/2024 16:51
1117944;3400531;CTI;CENTRO CIRURGICO;11/09/2024 04:20;CLINICA CIRURGICA;12/09/2024 12:25
1117928;3400543;CTI;PRONTO SOCORRO;11/09/2024 21:41;CTI;11/09/2024 21:42
1117928;3400543;CTI;CTI;11/09/2024 21:42;OBITO;06/10/2024 06:12
1117911;3400650;CTI;CLINICA MEDICA;21/10/2024 00:46;OBITO;26/10/2024 10:08
1117990;3400684;CTI;CENTRO CIRURGICO;11/09/2024 14:59;CLINICA CIRURGICA;23/09/2024 17:38
1117994;3400765;CTI;PRONTO SOCORRO;11/09/2024 16:20;CLINICA MEDICA;25/09/2024 15:41
1118006;3400777;CTI;PRONTO SOCORRO;11/09/2024 23:17;OBITO;28/09/2024 21:40
1118044;3400988;CTI;PRONTO SOCORRO;26/09/2024 11:17;CLINICA MEDICA;27/09/2024 10:47
1118085;3401020;CTI;CENTRO CIRURGICO;12/09/2024 08:52;OBITO;14/09/2024 06:35
1118086;3401025;CTI;PRONTO SOCORRO;12/09/2024 18:28;CLINICA MEDICA;08/10/2024 01:19
546941;3401150;CTI;PRONTO SOCORRO;12/09/2024 17:31;CLINICA MEDICA;24/09/2024 16:48
1106607;3401304;CTI;CENTRO CIRURGICO;14/09/2024 20:27;CLINICA CIRURGICA;17/09/2024 13:50
616197;3401380;CTI;CENTRO CIRURGICO;19/09/2024 01:44;CLINICA CIRURGICA;25/09/2024 23:16
1118161;3401382;CTI;CENTRO CIRURGICO;13/09/2024 00:57;CLINICA CIRURGICA;16/09/2024 18:41
347274;3401389;CTI;PRONTO SOCORRO;01/09/2024 21:45;TRANSFERENCIA EXTERNA;27/09/2024 12:12
1117791;3401410;CTI;CLINICA CIRURGICA;16/10/2024 20:03;CLINICA MEDICA;18/10/2024 15:43
1118173;3401411;CTI;PRONTO SOCORRO;13/09/2024 03:30;CTI;14/09/2024 17:25
1118173;3401411;CTI;CTI;14/09/2024 17:25;CLINICA MEDICA;17/09/2024 12:18
1066266;3401445;CTI;CENTRO CIRURGICO;13/09/2024 12:29;CLINICA CIRURGICA;18/09/2024 15:47
639509;3401724;CTI;CENTRO CIRURGICO;19/09/2024 17:25;CLINICA MEDICA;20/09/2024 18:23
639509;3401724;CTI;CLINICA MEDICA;30/09/2024 15:23;TRANSFERENCIA EXTERNA;05/10/2024 16:58
594584;3401751;CTI;PRONTO SOCORRO;14/09/2024 20:16;CTI;15/09/2024 17:51
594584;3401751;CTI;CTI;15/09/2024 17:51;CLINICA MEDICA;16/09/2024 17:56
1118165;3401753;CTI;CENTRO CIRURGICO;14/09/2024 14:02;CLINICA CIRURGICA;15/09/2024 11:55
1118158;3401761;CTI;CLINICA CIRURGICA;02/10/2024 22:06;CLINICA CIRURGICA;03/10/2024 17:12
1085202;3401995;CTI;PRONTO SOCORRO;17/09/2024 11:45;CLINICA MEDICA;18/09/2024 18:19
1118254;3402013;CTI;CENTRO CIRURGICO;15/10/2024 20:15;CLINICA CIRURGICA;18/10/2024 15:55
628210;3402031;CTI;PRONTO SOCORRO;16/09/2024 23:51;CLINICA MEDICA;01/10/2024 18:28
1118385;3402075;CTI;CENTRO CIRURGICO;15/09/2024 14:39;OBITO;25/09/2024 14:04
1118462;3402279;CTI;CENTRO CIRURGICO;16/09/2024 18:29;CLINICA CIRURGICA;20/09/2024 15:38
1052701;3402285;CTI;PRONTO SOCORRO;16/09/2024 22:46;CLINICA MEDICA;20/09/2024 15:45
434253;3402601;CTI;PRONTO SOCORRO;17/09/2024 03:02;CLINICA MEDICA;23/09/2024 16:35
646475;3402703;CTI;PRONTO SOCORRO;17/09/2024 00:52;OBITO;29/09/2024 11:35
163685;3402716;CTI;PRONTO SOCORRO;17/09/2024 18:37;CLINICA MEDICA;21/09/2024 14:39
1082653;3402813;CTI;CENTRO CIRURGICO;20/09/2024 16:52;OBITO;04/10/2024 11:10
1118565;3402912;CTI;CLINICA CIRURGICA;01/10/2024 12:07;CLINICA MEDICA;09/10/2024 18:01
1118616;3402981;CTI;CLINICA MEDICA;20/09/2024 22:12;CLINICA CIRURGICA;22/09/2024 15:54
443722;3403056;CTI;PRONTO SOCORRO;17/09/2024 18:04;OBITO;21/09/2024 12:57
543828;3403136;CTI;PRONTO SOCORRO;21/09/2024 14:43;CLINICA MEDICA;13/10/2024 14:38
1118698;3403151;CTI;CENTRO CIRURGICO;18/09/2024 04:38;CLINICA MEDICA;01/10/2024 18:01
1118702;3403179;CTI;CENTRO CIRURGICO;18/09/2024 18:51;OBITO;16/10/2024 12:03
15027;3403558;CTI;PRONTO SOCORRO;25/09/2024 23:05;OBITO;26/09/2024 06:04
1118789;3403563;CTI;PRONTO SOCORRO;20/09/2024 22:50;CLINICA MEDICA;24/09/2024 16:31
1118729;3403566;CTI;CENTRO CIRURGICO;23/09/2024 20:53;CLINICA CIRURGICA;01/10/2024 17:13
1118815;3403769;CTI;CENTRO CIRURGICO;19/09/2024 18:21;CLINICA CIRURGICA;23/09/2024 17:09
1081585;3403838;CTI;CLINICA CIRURGICA;30/09/2024 14:23;CLINICA MEDICA;08/10/2024 15:51
1117410;3403883;CTI;PRONTO SOCORRO;02/10/2024 14:38;OBITO;12/10/2024 17:44
1118859;3403908;CTI;PRONTO SOCORRO;22/09/2024 14:37;OBITO;28/09/2024 17:40
1117331;3403912;CTI;CLINICA MEDICA;07/10/2024 17:39;CLINICA CIRURGICA;08/10/2024 13:48
559333;3404469;CTI;CLINICA MEDICA;04/10/2024 23:47;CLINICA MEDICA;25/10/2024 15:55
1119015;3404525;CTI;PRONTO SOCORRO;22/09/2024 18:19;CLINICA MEDICA;26/09/2024 16:47
1118997;3404613;CTI;CLINICA MEDICA;09/10/2024 01:49;CLINICA MEDICA;13/10/2024 15:44
124158;3404672;CTI;CLINICA MEDICA;17/10/2024 09:10;TRANSFERENCIA EXTERNA;19/10/2024 15:23
1117544;3404818;CTI;MATERNIDADE;23/09/2024 01:18;MATERNIDADE;24/09/2024 13:44
1119152;3404886;CTI;CENTRO CIRURGICO;23/09/2024 05:14;CTI;24/09/2024 00:07
1119152;3404886;CTI;CTI;24/09/2024 00:07;CLINICA CIRURGICA;20/10/2024 10:34
266054;3404926;CTI;PRONTO SOCORRO;24/09/2024 01:13;OBITO;30/09/2024 14:52
1119170;3404939;CTI;CENTRO CIRURGICO;23/09/2024 18:39;CLINICA CIRURGICA;26/09/2024 17:55
1119221;3405344;CTI;PRONTO SOCORRO;04/10/2024 15:00;CLINICA MEDICA;11/10/2024 16:10
1119221;3405344;CTI;CLINICA MEDICA;13/10/2024 10:35;OBITO;20/10/2024 08:10
439138;3405350;CTI;MATERNIDADE;24/09/2024 21:11;MATERNIDADE;25/09/2024 18:29
1119348;3405754;CTI;CLINICA MEDICA;06/10/2024 21:58;CLINICA MEDICA;09/10/2024 14:51
1119406;3405802;CTI;CENTRO CIRURGICO;25/09/2024 03:58;CLINICA MEDICA;03/10/2024 20:06
1119411;3405810;CTI;PRONTO SOCORRO;25/09/2024 11:21;OBITO;28/09/2024 19:02
1116538;3406150;CTI;CENTRO CIRURGICO;27/09/2024 03:00;OBITO;30/09/2024 14:53
1119119;3406257;CTI;PRONTO SOCORRO;26/09/2024 04:38;CTI;26/09/2024 15:45
1119119;3406257;CTI;CTI;26/09/2024 15:45;CLINICA MEDICA;02/10/2024 16:11
424071;3406271;CTI;PRONTO SOCORRO;04/10/2024 10:07;CLINICA MEDICA;07/10/2024 15:50
424071;3406271;CTI;CLINICA MEDICA;14/10/2024 23:00;CLINICA MEDICA;21/10/2024 12:51
424071;3406271;CTI;CLINICA MEDICA;27/10/2024 19:11;TRANSFERENCIA EXTERNA;05/11/2024 16:07
1119576;3406504;CTI;CENTRO CIRURGICO;26/09/2024 17:14;OBITO;27/09/2024 15:02
1083498;3406512;CTI;CENTRO CIRURGICO;27/09/2024 16:10;CLINICA CIRURGICA;29/09/2024 13:40
280623;3406671;CTI;PRONTO SOCORRO;26/09/2024 21:54;CLINICA MEDICA;28/09/2024 17:54
615085;3406679;CTI;CENTRO CIRURGICO;27/09/2024 00:50;OBITO;27/10/2024 17:04
586195;3406693;CTI;CENTRO CIRURGICO;28/09/2024 14:57;CLINICA CIRURGICA;01/10/2024 13:41
1074276;3406735;CTI;CENTRO CIRURGICO;27/09/2024 17:42;CLINICA CIRURGICA;28/09/2024 16:24
613706;3407041;CTI;PRONTO SOCORRO;29/09/2024 10:35;CLINICA MEDICA;02/10/2024 17:22
1108579;3407066;CTI;CENTRO CIRURGICO;14/10/2024 14:45;CLINICA CIRURGICA;16/10/2024 15:47
1119684;3407104;CTI;PRONTO SOCORRO;28/09/2024 20:27;TRANSFERENCIA EXTERNA;29/09/2024 21:27
1119753;3407134;CTI;PRONTO SOCORRO;28/09/2024 17:22;CLINICA MEDICA;01/10/2024 17:41
1119753;3407134;CTI;CLINICA MEDICA;09/10/2024 13:43;OBITO;14/10/2024 05:47
438862;3407308;CTI;PRONTO SOCORRO;28/09/2024 22:54;OBITO;30/09/2024 09:12
1119836;3407339;CTI;CENTRO CIRURGICO;29/09/2024 03:56;CLINICA CIRURGICA;03/10/2024 17:56
101758;3407378;CTI;PRONTO SOCORRO;29/09/2024 21:50;CLINICA MEDICA;09/10/2024 16:20
101758;3407378;CTI;CLINICA MEDICA;12/10/2024 17:45;CLINICA MEDICA;21/10/2024 17:57
1119765;3407395;CTI;CENTRO CIRURGICO;08/11/2024 21:25;CLINICA CIRURGICA;09/11/2024 13:33
674032;3407565;CTI;PRONTO SOCORRO;30/09/2024 05:52;CLINICA MEDICA;17/10/2024 13:24
625105;3407828;CTI;PRONTO SOCORRO;30/09/2024 17:32;CLINICA MEDICA;03/10/2024 11:19
1119978;3407852;CTI;CENTRO CIRURGICO;30/09/2024 22:19;CLINICA CIRURGICA;01/10/2024 12:27
628117;3407896;CTI;PRONTO SOCORRO;02/10/2024 11:22;OBITO;04/10/2024 16:04
1063459;3408321;CTI;PRONTO SOCORRO;02/10/2024 10:43;CLINICA MEDICA;04/10/2024 09:01
1063459;3408321;CTI;CLINICA MEDICA;09/10/2024 21:59;CLINICA MEDICA;15/10/2024 16:15
60627;3408373;CTI;MATERNIDADE;01/10/2024 23:04;MATERNIDADE;03/10/2024 15:17
1120143;3408395;CTI;CLINICA CIRURGICA;11/10/2024 18:11;CLINICA CIRURGICA;18/11/2024 14:17
232811;3408537;CTI;PRONTO SOCORRO;02/10/2024 09:09;OBITO;02/10/2024 11:35
1120167;3408548;CTI;PRONTO SOCORRO;02/10/2024 09:42;CLINICA MEDICA;04/10/2024 16:02
1119884;3408618;CTI;PRONTO SOCORRO;02/10/2024 15:07;CLINICA MEDICA;15/10/2024 16:48
1030880;3408646;CTI;CENTRO CIRURGICO;09/10/2024 20:37;CLINICA CIRURGICA;12/10/2024 15:52
1030880;3408646;CTI;CLINICA CIRURGICA;16/10/2024 16:44;OBITO;08/11/2024 22:58
1120199;3408786;CTI;PRONTO SOCORRO;02/10/2024 17:30;CLINICA MEDICA;05/10/2024 17:38
670585;3408787;CTI;CENTRO CIRURGICO;03/10/2024 03:32;CLINICA CIRURGICA;07/10/2024 18:00
1120253;3408854;CTI;CENTRO CIRURGICO;03/10/2024 08:37;CLINICA CIRURGICA;05/10/2024 16:08
498140;3408870;CTI;PRONTO SOCORRO;03/10/2024 17:37;CTI;10/10/2024 00:31
498140;3408870;CTI;CTI;10/10/2024 00:31;CLINICA CIRURGICA;10/10/2024 16:21
197053;3408884;CTI;CLINICA MEDICA;17/10/2024 18:30;CLINICA MEDICA;29/10/2024 16:36
197053;3408884;CTI;CLINICA MEDICA;31/10/2024 22:58;CLINICA MEDICA;05/11/2024 11:58
607196;3409208;CTI;PRONTO SOCORRO;04/10/2024 21:33;CLINICA MEDICA;10/10/2024 16:45
1120348;3409292;CTI;PRONTO SOCORRO;04/10/2024 11:15;CLINICA MEDICA;07/10/2024 16:37
1120391;3409320;CTI;PRONTO SOCORRO;04/10/2024 05:39;OBITO;09/10/2024 17:59
1103581;3409517;CTI;CLINICA CIRURGICA;21/10/2024 18:47;CLINICA CIRURGICA;22/10/2024 16:36
1103581;3409517;CTI;CLINICA CIRURGICA;04/11/2024 18:12;CLINICA CIRURGICA;07/11/2024 14:33
1120436;3409622;CTI;PRONTO SOCORRO;04/10/2024 22:32;CLINICA MEDICA;14/10/2024 10:59
115525;3409841;CTI;PRONTO SOCORRO;06/10/2024 00:38;CLINICA MEDICA;09/10/2024 17:22
573474;3409891;CTI;PRONTO SOCORRO;06/10/2024 00:06;CTI;07/10/2024 19:57
573474;3409891;CTI;CTI;07/10/2024 19:57;CLINICA MEDICA;14/11/2024 17:46
1120524;3409921;CTI;CLINICA MEDICA;10/10/2024 18:40;CLINICA MEDICA;21/10/2024 16:45
1120561;3409925;CTI;CENTRO CIRURGICO;06/10/2024 05:05;CLINICA MEDICA;08/10/2024 14:38
1120556;3409938;CTI;PRONTO SOCORRO;06/10/2024 09:21;CTI;07/10/2024 18:17
1120556;3409938;CTI;CTI;07/10/2024 18:17;CLINICA CIRURGICA;14/10/2024 18:02
1120556;3409938;CTI;CLINICA CIRURGICA;17/10/2024 18:08;OBITO;22/10/2024 20:35
1120572;3409988;CTI;PRONTO SOCORRO;08/10/2024 18:14;CLINICA MEDICA;25/10/2024 16:04
1120590;3410076;CTI;PRONTO SOCORRO;06/10/2024 21:11;CLINICA MEDICA;08/10/2024 15:48
1120634;3410112;CTI;CENTRO CIRURGICO;07/10/2024 04:13;CLINICA CIRURGICA;08/10/2024 14:40
1120600;3410129;CTI;PRONTO SOCORRO;08/10/2024 17:35;OBITO;17/10/2024 06:28
571912;3410487;CTI;CENTRO CIRURGICO;08/10/2024 03:46;CLINICA CIRURGICA;08/10/2024 15:10
1120726;3410508;CTI;PRONTO SOCORRO;08/10/2024 15:15;CLINICA MEDICA;14/10/2024 16:56
1120760;3410593;CTI;CENTRO CIRURGICO;28/10/2024 17:20;CLINICA CIRURGICA;29/10/2024 18:48
671144;3410696;CTI;PRONTO SOCORRO;08/10/2024 12:44;TRANSFERENCIA EXTERNA;15/10/2024 20:42
1120793;3410745;CTI;CENTRO CIRURGICO;08/10/2024 15:45;CLINICA CIRURGICA;11/10/2024 15:18
1054809;3410782;CTI;CLINICA CIRURGICA;11/10/2024 20:55;CLINICA CIRURGICA;21/10/2024 23:24
109820;3410910;CTI;PRONTO SOCORRO;08/10/2024 20:17;CLINICA MEDICA;10/10/2024 18:40
1120809;3410928;CTI;CENTRO CIRURGICO;09/10/2024 16:11;CLINICA CIRURGICA;11/10/2024 15:56
1120879;3411027;CTI;MATERNIDADE;09/10/2024 18:06;CLINICA CIRURGICA;13/10/2024 15:44
1120894;3411031;CTI;PRONTO SOCORRO;09/10/2024 09:07;CLINICA MEDICA;16/10/2024 15:35
1120893;3411038;CTI;PRONTO SOCORRO;09/10/2024 23:09;OBITO;09/10/2024 23:10
1120906;3411216;CTI;PRONTO SOCORRO;13/10/2024 18:36;CLINICA MEDICA;17/10/2024 18:26
1120911;3411353;CTI;CENTRO CIRURGICO;21/10/2024 15:11;CLINICA CIRURGICA;23/10/2024 13:52
1120881;3411370;CTI;CLINICA MEDICA;07/11/2024 17:46;CLINICA CIRURGICA;16/11/2024 16:12
1120846;3411472;CTI;CLINICA CIRURGICA;19/10/2024 01:46;OBITO;19/10/2024 17:32
1120985;3411477;CTI;CENTRO CIRURGICO;10/10/2024 06:28;TRANSFERENCIA EXTERNA;16/10/2024 20:28
1121015;3411516;CTI;CENTRO CIRURGICO;10/10/2024 20:08;TRANSFERENCIA EXTERNA;27/10/2024 18:34
679471;3411741;CTI;CENTRO CIRURGICO;11/10/2024 17:09;OBITO;23/10/2024 15:35
1121011;3411779;CTI;CENTRO CIRURGICO;11/10/2024 02:14;CLINICA CIRURGICA;12/10/2024 17:26
1120987;3411865;CTI;CLINICA CIRURGICA;21/10/2024 20:06;CTI;21/10/2024 20:39
1120987;3411865;CTI;CTI;21/10/2024 20:39;CLINICA CIRURGICA;22/10/2024 13:07
1121155;3412127;CTI;CENTRO CIRURGICO;11/10/2024 18:25;OBITO;18/10/2024 18:09
1015329;3412145;CTI;CENTRO CIRURGICO;13/10/2024 20:52;CLINICA MEDICA;01/11/2024 15:57
623317;3412312;CTI;PRONTO SOCORRO;01/11/2024 13:45;CLINICA CIRURGICA;06/11/2024 16:32
1121261;3412449;CTI;PRONTO SOCORRO;13/10/2024 18:23;CLINICA MEDICA;25/10/2024 16:04
541410;3412480;CTI;PRONTO SOCORRO;12/10/2024 22:56;TRANSFERENCIA EXTERNA;13/10/2024 20:29
588111;3412520;CTI;PRONTO SOCORRO;15/10/2024 11:44;CLINICA MEDICA;17/10/2024 14:23
1121266;3412521;CTI;PRONTO SOCORRO;16/10/2024 18:23;CLINICA MEDICA;18/10/2024 16:49
1121266;3412521;CTI;CLINICA MEDICA;22/10/2024 23:32;TRANSFERENCIA EXTERNA;23/10/2024 21:43
1121316;3412602;CTI;PRONTO SOCORRO;14/10/2024 21:46;CLINICA MEDICA;24/10/2024 17:45
1121316;3412602;CTI;CLINICA MEDICA;31/10/2024 18:20;CLINICA MEDICA;12/11/2024 17:11
1121365;3412691;CTI;PRONTO SOCORRO;14/10/2024 01:26;CLINICA MEDICA;22/10/2024 20:39
1121368;3412768;CTI;PRONTO SOCORRO;14/10/2024 16:17;CLINICA MEDICA;23/10/2024 16:49
664144;3413082;CTI;CLINICA CIRURGICA;29/10/2024 17:43;CLINICA MEDICA;02/11/2024 13:05
1121502;3413171;CTI;PRONTO SOCORRO;22/10/2024 17:56;CLINICA MEDICA;29/10/2024 17:38
1121568;3413456;CTI;PRONTO SOCORRO;15/10/2024 18:42;CLINICA CIRURGICA;16/10/2024 12:29
1015220;3413493;CTI;PRONTO SOCORRO;16/10/2024 12:25;OBITO;17/10/2024 11:25
1121590;3413555;CTI;PRONTO SOCORRO;17/10/2024 01:04;CLINICA CIRURGICA;21/10/2024 14:44
1014505;3413774;CTI;CLINICA CIRURGICA;18/10/2024 21:19;CLINICA MEDICA;25/10/2024 09:39
1014505;3413774;CTI;CLINICA CIRURGICA;12/11/2024 22:03;CLINICA CIRURGICA;14/11/2024 18:34
1121634;3413797;CTI;CENTRO CIRURGICO;17/10/2024 20:57;CLINICA CIRURGICA;19/10/2024 17:31
1121651;3413834;CTI;CENTRO CIRURGICO;17/10/2024 11:27;CLINICA MEDICA;11/11/2024 15:23
1121651;3413834;CTI;CLINICA CIRURGICA;13/11/2024 18:07;CLINICA CIRURGICA;14/11/2024 13:23
157785;3413870;CTI;CLINICA CIRURGICA;22/10/2024 20:38;OBITO;01/11/2024 18:27
1121676;3413930;CTI;CENTRO CIRURGICO;17/10/2024 14:53;CLINICA CIRURGICA;21/10/2024 11:40
1121699;3413954;CTI;CENTRO CIRURGICO;17/10/2024 04:30;CTI;22/10/2024 16:38
1121699;3413954;CTI;CTI;22/10/2024 16:38;CLINICA CIRURGICA;05/11/2024 13:43
1044284;3413955;CTI;CLINICA MEDICA;21/10/2024 21:34;OBITO;03/11/2024 20:57
208502;3413979;CTI;CLINICA MEDICA;25/10/2024 21:17;CLINICA MEDICA;27/10/2024 17:29
1121700;3414207;CTI;CLINICA MEDICA;17/11/2024 22:59;CLINICA MEDICA;22/11/2024 15:49
1121700;3414207;CTI;CLINICA MEDICA;30/11/2024 23:21;CLINICA MEDICA;30/11/2024 23:36
1121729;3414223;CTI;CENTRO CIRURGICO;18/10/2024 18:04;OBITO;11/11/2024 20:35
1070569;3414226;CTI;CENTRO CIRURGICO;18/10/2024 18:11;CLINICA CIRURGICA;20/10/2024 16:25
1042113;3414320;CTI;PRONTO SOCORRO;19/10/2024 22:32;TRANSFERENCIA EXTERNA;27/10/2024 14:43
1121799;3414516;CTI;CLINICA CIRURGICA;28/10/2024 18:36;CLINICA CIRURGICA;03/11/2024 16:01
1121878;3414713;CTI;PRONTO SOCORRO;20/10/2024 15:48;CLINICA MEDICA;28/10/2024 23:08
1041635;3414740;CTI;PRONTO SOCORRO;20/10/2024 09:32;TRANSFERENCIA EXTERNA;21/10/2024 09:07
1121933;3414869;CTI;CENTRO CIRURGICO;22/10/2024 10:02;CLINICA MEDICA;05/11/2024 16:24
1121979;3414892;CTI;PRONTO SOCORRO;21/10/2024 02:48;TRANSFERENCIA EXTERNA;25/10/2024 01:29
665078;3414924;CTI;PRONTO SOCORRO;23/10/2024 18:25;TRANSFERENCIA EXTERNA;25/10/2024 21:12
90861;3415036;CTI;PRONTO SOCORRO;20/10/2024 15:57;CLINICA MEDICA;25/10/2024 23:17
1122069;3415147;CTI;CLINICA CIRURGICA;06/11/2024 14:02;CLINICA CIRURGICA;07/11/2024 17:29
1122119;3415344;CTI;CLINICA MEDICA;25/10/2024 21:09;CLINICA MEDICA;25/10/2024 21:29
1122119;3415344;CTI;CLINICA MEDICA;25/10/2024 21:51;CLINICA MEDICA;28/10/2024 17:40
1122112;3415367;CTI;PRONTO SOCORRO;21/10/2024 22:39;CLINICA MEDICA;11/11/2024 17:13
1122141;3415389;CTI;CENTRO CIRURGICO;21/10/2024 17:46;CTI;21/10/2024 17:52
1122141;3415389;CTI;CTI;21/10/2024 17:52;CLINICA CIRURGICA;22/10/2024 16:36
1083256;3415451;CTI;CLINICA CIRURGICA;06/11/2024 18:14;CLINICA CIRURGICA;07/11/2024 15:08
583762;3415507;CTI;CENTRO CIRURGICO;23/10/2024 16:41;CLINICA CIRURGICA;24/10/2024 17:01
1122232;3415794;CTI;CENTRO CIRURGICO;23/10/2024 22:33;CLINICA CIRURGICA;04/11/2024 11:18
522505;3415842;CTI;CENTRO CIRURGICO;28/10/2024 10:10;CLINICA MEDICA;31/10/2024 15:43
1122268;3415933;CTI;PRONTO SOCORRO;25/10/2024 16:28;OBITO;31/10/2024 19:57
1107275;3415968;CTI;PRONTO SOCORRO;24/10/2024 06:03;CLINICA MEDICA;28/10/2024 15:16
1122313;3416237;CTI;PRONTO SOCORRO;23/10/2024 16:13;CLINICA MEDICA;26/10/2024 16:57
1122360;3416322;CTI;PRONTO SOCORRO;25/10/2024 10:03;OBITO;06/11/2024 17:57
1111372;3416368;CTI;CENTRO CIRURGICO;24/10/2024 18:37;CLINICA CIRURGICA;27/10/2024 14:27
1010810;3416393;CTI;PRONTO SOCORRO;24/10/2024 01:28;CLINICA MEDICA;28/10/2024 16:26
1122460;3416704;CTI;CENTRO CIRURGICO;25/10/2024 02:28;OBITO;02/11/2024 17:38
1122487;3416772;CTI;MATERNIDADE;26/10/2024 00:49;MATERNIDADE;27/10/2024 11:32
1122485;3416773;CTI;PRONTO SOCORRO;27/10/2024 14:28;CLINICA MEDICA;02/11/2024 14:21
1122528;3417042;CTI;PRONTO SOCORRO;25/10/2024 18:26;CLINICA CIRURGICA;27/10/2024 14:07
1122519;3417078;CTI;CENTRO CIRURGICO;11/11/2024 15:51;TRANSFERENCIA EXTERNA;18/11/2024 09:18
1122539;3417081;CTI;CENTRO CIRURGICO;28/10/2024 14:28;CLINICA CIRURGICA;29/10/2024 16:22
1122573;3417136;CTI;PRONTO SOCORRO;26/10/2024 00:31;CLINICA MEDICA;27/11/2024 12:16
1068154;3417336;CTI;PRONTO SOCORRO;27/10/2024 20:37;CLINICA MEDICA;29/10/2024 16:35
1122630;3417356;CTI;CLINICA CIRURGICA;12/11/2024 18:11;CLINICA CIRURGICA;15/11/2024 14:14
600353;3417361;CTI;PRONTO SOCORRO;27/10/2024 18:27;CLINICA MEDICA;28/11/2024 14:10
1122614;3417451;CTI;CLINICA CIRURGICA;21/11/2024 20:31;CLINICA CIRURGICA;06/12/2024 21:41
1122614;3417451;CTI;CENTRO CIRURGICO;26/12/2024 18:39;CLINICA CIRURGICA;28/12/2024 15:47
1122614;3417451;CTI;CLINICA CIRURGICA;04/02/2025 00:04;CLINICA MEDICA;01/02/2025 13:50
595515;3417488;CTI;PRONTO SOCORRO;27/10/2024 14:10;CLINICA MEDICA;27/10/2024 17:32
595515;3417488;CTI;CLINICA MEDICA;27/10/2024 17:35;CTI;27/10/2024 17:41
595515;3417488;CTI;CTI;27/10/2024 17:41;CTI;27/10/2024 18:02
595515;3417488;CTI;CTI;27/10/2024 18:02;OBITO;01/11/2024 18:24
1122716;3417524;CTI;CENTRO CIRURGICO;27/10/2024 19:59;CLINICA CIRURGICA;29/10/2024 15:26
1122701;3417554;CTI;CENTRO CIRURGICO;29/10/2024 21:31;CLINICA CIRURGICA;05/11/2024 17:14
1089557;3417607;CTI;PRONTO SOCORRO;27/10/2024 23:11;CLINICA MEDICA;30/10/2024 17:32
128688;3418009;CTI;PRONTO SOCORRO;28/10/2024 22:35;TRANSFERENCIA EXTERNA;04/11/2024 00:22
1122931;3418113;CTI;PRONTO SOCORRO;03/11/2024 17:37;TRANSFERENCIA EXTERNA;03/11/2024 23:15
1122959;3418303;CTI;PRONTO SOCORRO;29/10/2024 22:33;OBITO;07/11/2024 15:08
1122989;3418403;CTI;CENTRO CIRURGICO;29/10/2024 18:23;CLINICA CIRURGICA;28/11/2024 15:19
1122989;3418403;CTI;CLINICA CIRURGICA;03/12/2024 22:57;CLINICA CIRURGICA;05/12/2024 22:39
1122989;3418403;CTI;CENTRO CIRURGICO;30/12/2024 14:14;CLINICA CIRURGICA;31/12/2024 17:36
1122965;3418422;CTI;CLINICA MEDICA;11/11/2024 21:46;OBITO;12/12/2024 02:40
1123008;3418456;CTI;PRONTO SOCORRO;30/10/2024 11:42;CLINICA CIRURGICA;31/10/2024 17:15
1123008;3418456;CTI;CENTRO CIRURGICO;12/11/2024 00:35;CLINICA CIRURGICA;17/11/2024 13:55
1123040;3418517;CTI;CENTRO CIRURGICO;30/10/2024 08:33;CLINICA CIRURGICA;16/11/2024 16:06
1123051;3418677;CTI;CENTRO CIRURGICO;30/10/2024 15:40;CTI;02/11/2024 00:23
1123051;3418677;CTI;CTI;02/11/2024 00:23;CLINICA CIRURGICA;05/11/2024 18:16
1123051;3418677;CTI;CLINICA CIRURGICA;07/11/2024 18:24;CLINICA CIRURGICA;18/11/2024 18:18
1123051;3418677;CTI;CLINICA CIRURGICA;20/11/2024 20:57;OBITO;21/11/2024 09:11
1115758;3418808;CTI;CLINICA CIRURGICA;08/11/2024 20:45;CLINICA CIRURGICA;11/11/2024 15:58
1123067;3418813;CTI;PRONTO SOCORRO;31/10/2024 20:57;CLINICA MEDICA;19/11/2024 17:49
1123104;3418943;CTI;PRONTO SOCORRO;05/11/2024 17:19;CLINICA CIRURGICA;10/11/2024 15:38
1003728;3419163;CTI;PRONTO SOCORRO;01/11/2024 20:57;CLINICA MEDICA;08/11/2024 15:18
1123207;3419258;CTI;CLINICA MEDICA;09/11/2024 17:06;OBITO;13/11/2024 23:34
291169;3419262;CTI;CENTRO CIRURGICO;18/11/2024 21:35;CLINICA CIRURGICA;19/11/2024 19:02
1123163;3419455;CTI;PRONTO SOCORRO;02/11/2024 01:28;OBITO;02/11/2024 18:31
625623;3419610;CTI;PRONTO SOCORRO;05/11/2024 18:29;CLINICA MEDICA;08/11/2024 15:53
1123283;3419641;CTI;CLINICA CIRURGICA;07/11/2024 23:03;CLINICA CIRURGICA;08/11/2024 18:02
1114484;3419707;CTI;CENTRO CIRURGICO;02/11/2024 22:54;CLINICA CIRURGICA;04/11/2024 17:46
1114484;3419707;CTI;CLINICA CIRURGICA;04/11/2024 18:06;CLINICA CIRURGICA;06/11/2024 17:52
1037745;3419731;CTI;PRONTO SOCORRO;02/11/2024 04:19;CLINICA CIRURGICA;02/11/2024 21:42
1000405;3419750;CTI;MATERNIDADE;02/11/2024 17:54;MATERNIDADE;04/11/2024 11:04
603860;3419794;CTI;CENTRO CIRURGICO;02/11/2024 15:06;CLINICA CIRURGICA;04/11/2024 18:08
558756;3419856;CTI;CENTRO CIRURGICO;05/11/2024 01:57;CLINICA CIRURGICA;06/11/2024 18:20
1123428;3419892;CTI;PRONTO SOCORRO;02/11/2024 22:09;OBITO;19/11/2024 20:05
1123450;3419972;CTI;PRONTO SOCORRO;05/11/2024 18:47;CLINICA CIRURGICA;11/11/2024 13:53
487742;3420043;CTI;PRONTO SOCORRO;03/11/2024 13:32;CTI;04/11/2024 02:16
487742;3420043;CTI;CTI;04/11/2024 02:16;CLINICA MEDICA;07/11/2024 01:25
525940;3420136;CTI;PRONTO SOCORRO;04/11/2024 04:11;CLINICA MEDICA;05/11/2024 15:48
525940;3420136;CTI;CLINICA MEDICA;06/11/2024 23:02;CLINICA MEDICA;10/11/2024 17:04
1123520;3420140;CTI;CENTRO CIRURGICO;03/11/2024 23:15;CLINICA CIRURGICA;13/11/2024 21:17
1123531;3420184;CTI;PRONTO SOCORRO;05/11/2024 15:05;TRANSFERENCIA EXTERNA;05/11/2024 21:30
1123533;3420186;CTI;CENTRO CIRURGICO;04/11/2024 02:36;CLINICA CIRURGICA;07/11/2024 17:16
1123546;3420212;CTI;PRONTO SOCORRO;06/11/2024 10:36;CLINICA CIRURGICA;10/11/2024 16:52
151124;3420537;CTI;CLINICA CIRURGICA;29/11/2024 20:19;CLINICA CIRURGICA;30/11/2024 18:00
650702;3420756;CTI;CENTRO CIRURGICO;06/11/2024 12:13;CLINICA CIRURGICA;08/11/2024 13:51
345074;3420992;CTI;PRONTO SOCORRO;06/11/2024 02:33;CLINICA MEDICA;21/11/2024 15:41
1123751;3420998;CTI;PRONTO SOCORRO;07/11/2024 03:34;CLINICA MEDICA;13/11/2024 14:25
1086209;3421262;CTI;CENTRO CIRURGICO;06/11/2024 21:28;CLINICA CIRURGICA;07/11/2024 15:42
1123825;3421348;CTI;PRONTO SOCORRO;06/11/2024 19:22;OBITO;17/11/2024 06:18
1123779;3421359;CTI;CENTRO CIRURGICO;07/11/2024 15:32;CLINICA CIRURGICA;09/11/2024 13:53
1001745;3421385;CTI;MATERNIDADE;08/11/2024 16:47;MATERNIDADE;09/11/2024 10:43
123306;3421552;CTI;CENTRO CIRURGICO;07/11/2024 17:06;CTI;09/11/2024 02:18
123306;3421552;CTI;CTI;09/11/2024 02:18;CLINICA MEDICA;09/11/2024 20:55
1123887;3421661;CTI;PRONTO SOCORRO;07/11/2024 22:46;OBITO;26/11/2024 17:58
1123972;3421851;CTI;PRONTO SOCORRO;08/11/2024 09:27;CTI;10/11/2024 18:46
1123972;3421851;CTI;CTI;10/11/2024 18:46;OBITO;26/11/2024 17:51
1123954;3421956;CTI;CLINICA CIRURGICA;20/11/2024 17:31;CLINICA CIRURGICA;22/11/2024 16:33
1123990;3422094;CTI;PRONTO SOCORRO;10/11/2024 12:57;CLINICA MEDICA;26/11/2024 15:13
682341;3422247;CTI;CENTRO CIRURGICO;09/11/2024 01:00;CLINICA CIRURGICA;12/11/2024 18:27
1124075;3422264;CTI;CENTRO CIRURGICO;09/11/2024 13:28;CLINICA CIRURGICA;12/11/2024 15:46
1124082;3422281;CTI;CENTRO CIRURGICO;09/11/2024 16:10;CLINICA CIRURGICA;10/11/2024 10:12
1124088;3422295;CTI;CENTRO CIRURGICO;09/11/2024 22:18;CLINICA CIRURGICA;10/11/2024 12:55
1118682;3422403;CTI;PRONTO SOCORRO;10/11/2024 18:38;CLINICA MEDICA;25/11/2024 16:28
1082925;3422416;CTI;CENTRO CIRURGICO;10/11/2024 20:03;CLINICA CIRURGICA;13/11/2024 17:23
1124151;3422573;CTI;CENTRO CIRURGICO;10/11/2024 17:04;CLINICA CIRURGICA;11/11/2024 17:07
1124212;3422642;CTI;PRONTO SOCORRO;10/11/2024 23:05;CLINICA CIRURGICA;18/11/2024 17:59
1124212;3422642;CTI;CLINICA MEDICA;02/12/2024 22:38;CLINICA MEDICA;08/12/2024 15:23
1109812;3422713;CTI;CENTRO CIRURGICO;11/11/2024 18:00;CLINICA CIRURGICA;25/11/2024 17:26
1033309;3422745;CTI;PRONTO SOCORRO;11/11/2024 18:33;OBITO;20/11/2024 14:23
1123159;3422929;CTI;PRONTO SOCORRO;12/11/2024 01:01;CLINICA MEDICA;16/11/2024 22:53
1124424;3423491;CTI;CLINICA MEDICA;15/11/2024 16:44;CLINICA MEDICA;20/11/2024 12:58
1124437;3423513;CTI;PRONTO SOCORRO;14/11/2024 12:16;CLINICA MEDICA;20/11/2024 18:05
1124500;3423586;CTI;CENTRO CIRURGICO;13/11/2024 02:35;OBITO;29/11/2024 11:13
193368;3423861;CTI;CENTRO CIRURGICO;13/11/2024 20:26;CLINICA CIRURGICA;17/11/2024 17:15
1124572;3423951;CTI;CENTRO CIRURGICO;14/11/2024 00:14;OBITO;15/11/2024 05:49
1012789;3423962;CTI;CENTRO CIRURGICO;18/11/2024 11:37;CLINICA CIRURGICA;19/11/2024 12:38
1124603;3424064;CTI;PRONTO SOCORRO;15/11/2024 11:51;CLINICA CIRURGICA;16/11/2024 16:30
1013887;3424177;CTI;CENTRO CIRURGICO;14/11/2024 16:41;CLINICA CIRURGICA;16/11/2024 10:05
1124667;3424318;CTI;PRONTO SOCORRO;14/11/2024 22:34;CLINICA MEDICA;22/11/2024 15:06
1124700;3424402;CTI;PRONTO SOCORRO;17/11/2024 12:05;OBITO;29/11/2024 23:30
1124683;3424454;CTI;CENTRO CIRURGICO;16/11/2024 12:03;CLINICA CIRURGICA;18/11/2024 16:08
1124743;3424517;CTI;PRONTO SOCORRO;16/11/2024 18:45;OBITO;17/11/2024 22:43
562654;3424593;CTI;PRONTO SOCORRO;25/11/2024 18:36;CLINICA CIRURGICA;26/11/2024 14:39
676695;3424613;CTI;CENTRO CIRURGICO;17/11/2024 16:10;CLINICA CIRURGICA;01/12/2024 15:25
676695;3424613;CTI;CLINICA CIRURGICA;01/12/2024 16:15;CLINICA MEDICA;04/12/2024 15:38
1124767;3424639;CTI;CENTRO CIRURGICO;18/11/2024 19:39;CLINICA CIRURGICA;19/11/2024 15:32
491263;3424665;CTI;CENTRO CIRURGICO;16/11/2024 01:29;OBITO;18/11/2024 06:29
1124739;3424696;CTI;PRONTO SOCORRO;16/11/2024 17:58;CLINICA MEDICA;01/11/2024 16:45
1124739;3424696;CTI;CLINICA MEDICA;30/11/2024 23:41;OBITO;02/12/2024 06:28
544449;3424697;CTI;PRONTO SOCORRO;17/11/2024 17:31;CLINICA MEDICA;26/11/2024 18:30
1124857;3424825;CTI;CENTRO CIRURGICO;17/11/2024 01:04;OBITO;26/11/2024 09:08
1124780;3424833;CTI;PRONTO SOCORRO;17/11/2024 22:55;CTI;24/11/2024 10:41
1124780;3424833;CTI;CTI;24/11/2024 10:41;CLINICA MEDICA;27/11/2024 13:11
163408;3424898;CTI;PRONTO SOCORRO;18/11/2024 10:11;CLINICA MEDICA;19/11/2024 22:48
163408;3424898;CTI;CLINICA MEDICA;10/12/2024 18:32;CLINICA MEDICA;11/12/2024 13:22
1124950;3425068;CTI;PRONTO SOCORRO;18/11/2024 02:15;CLINICA MEDICA;05/12/2024 17:13
1086110;3425172;CTI;CLINICA MEDICA;05/12/2024 22:04;CTI;05/12/2024 22:35
1086110;3425172;CTI;CTI;05/12/2024 22:35;CLINICA MEDICA;11/12/2024 17:33
1125019;3425319;CTI;CENTRO CIRURGICO;18/11/2024 17:15;CLINICA CIRURGICA;20/11/2024 13:59
1115405;3425436;CTI;CLINICA CIRURGICA;06/12/2024 16:16;CTI;06/12/2024 16:24
1115405;3425436;CTI;CTI;06/12/2024 16:24;CLINICA CIRURGICA;08/12/2024 16:23
1125030;3425528;CTI;CLINICA MEDICA;19/11/2024 20:36;OBITO;25/11/2024 16:54
1125081;3425530;CTI;PRONTO SOCORRO;20/11/2024 00:14;OBITO;23/11/2024 02:40
1125083;3425564;CTI;CENTRO CIRURGICO;19/11/2024 14:29;CLINICA CIRURGICA;20/11/2024 23:15
664189;3425581;CTI;CENTRO CIRURGICO;19/11/2024 02:11;CLINICA CIRURGICA;27/11/2024 16:15
650127;3425587;CTI;CENTRO CIRURGICO;19/11/2024 17:31;CLINICA CIRURGICA;21/11/2024 17:46
1125103;3425644;CTI;PRONTO SOCORRO;20/11/2024 10:48;OBITO;29/11/2024 03:52
1125072;3425700;CTI;CENTRO CIRURGICO;29/11/2024 16:55;CLINICA CIRURGICA;02/12/2024 12:02
1117370;3425993;CTI;CENTRO CIRURGICO;20/11/2024 01:00;CLINICA CIRURGICA;22/11/2024 10:52
1125204;3426051;CTI;PRONTO SOCORRO;20/11/2024 17:39;CLINICA MEDICA;25/11/2024 20:38
1107445;3426079;CTI;PRONTO SOCORRO;22/11/2024 22:48;TRANSFERENCIA EXTERNA;23/11/2024 01:34
73831;3426106;CTI;PRONTO SOCORRO;21/11/2024 12:46;CLINICA MEDICA;25/11/2024 16:51
1125231;3426235;CTI;PRONTO SOCORRO;21/11/2024 04:01;CLINICA MEDICA;22/11/2024 15:44
1125306;3426337;CTI;CENTRO CIRURGICO;22/11/2024 05:22;CTI;27/11/2024 01:37
1125306;3426337;CTI;CTI;27/11/2024 01:37;CLINICA MEDICA;01/12/2024 11:09
1011856;3426637;CTI;PRONTO SOCORRO;22/11/2024 17:50;CLINICA CIRURGICA;24/11/2024 11:54
1125356;3426659;CTI;CENTRO CIRURGICO;22/11/2024 20:13;CLINICA CIRURGICA;23/11/2024 14:34
1125356;3426659;CTI;CLINICA CIRURGICA;02/12/2024 22:05;CLINICA MEDICA;21/12/2024 14:22
1040726;3426663;CTI;PRONTO SOCORRO;22/11/2024 17:27;OBITO;22/12/2024 06:11
1125384;3426728;CTI;CENTRO CIRURGICO;22/11/2024 14:14;CLINICA CIRURGICA;23/11/2024 14:59
615070;3426760;CTI;PRONTO SOCORRO;22/11/2024 06:33;TRANSFERENCIA EXTERNA;23/11/2024 03:41
1125400;3426761;CTI;CLINICA MEDICA;06/01/2025 16:28;TRANSFERENCIA EXTERNA;24/01/2025 22:49
1125450;3427105;CTI;CENTRO CIRURGICO;27/11/2024 06:23;OBITO;03/12/2024 10:24
1125503;3427192;CTI;PRONTO SOCORRO;23/11/2024 00:20;CLINICA MEDICA;30/11/2024 18:20
1125517;3427208;CTI;PRONTO SOCORRO;23/11/2024 03:18;CLINICA MEDICA;26/11/2024 16:55
1015329;3427239;CTI;PRONTO SOCORRO;23/11/2024 13:24;CLINICA CIRURGICA;10/12/2024 16:45
1015329;3427239;CTI;CENTRO CIRURGICO;02/01/2025 17:08;CLINICA CIRURGICA;03/01/2025 17:46
343422;3427346;CTI;PRONTO SOCORRO;28/11/2024 20:35;CLINICA MEDICA;01/12/2024 15:04
1125524;3427367;CTI;PRONTO SOCORRO;01/12/2024 10:57;CLINICA MEDICA;22/12/2024 16:30
1125574;3427395;CTI;PRONTO SOCORRO;23/11/2024 22:23;CLINICA MEDICA;03/12/2024 01:19
611238;3427432;CTI;PRONTO SOCORRO;29/11/2024 15:02;CLINICA MEDICA;01/12/2024 10:33
1125598;3427440;CTI;CENTRO CIRURGICO;24/11/2024 04:27;CLINICA CIRURGICA;27/11/2024 16:06
1045470;3427456;CTI;PRONTO SOCORRO;24/11/2024 14:21;OBITO;02/12/2024 11:51
1125572;3427483;CTI;CLINICA MEDICA;29/11/2024 22:42;CLINICA CIRURGICA;16/12/2024 17:39
1032178;3427511;CTI;CLINICA MEDICA;01/12/2024 16:57;CLINICA MEDICA;15/12/2024 11:31
1125649;3427641;CTI;PRONTO SOCORRO;25/11/2024 23:55;CLINICA MEDICA;02/12/2024 18:48
1125696;3427728;CTI;PRONTO SOCORRO;25/11/2024 12:36;TRANSFERENCIA EXTERNA;04/12/2024 21:14
1125703;3427849;CTI;PRONTO SOCORRO;25/11/2024 20:54;TRANSFERENCIA EXTERNA;30/11/2024 18:34
1122508;3427893;CTI;PRONTO SOCORRO;26/11/2024 18:41;CLINICA MEDICA;02/12/2024 16:07
648369;3428036;CTI;PRONTO SOCORRO;27/11/2024 12:07;OBITO;07/12/2024 13:39
1125724;3428043;CTI;CLINICA CIRURGICA;01/12/2024 13:38;CLINICA MEDICA;09/02/2025 12:18
1095425;3428084;CTI;PRONTO SOCORRO;26/11/2024 17:23;OBITO;27/11/2024 00:44
1125778;3428140;CTI;PRONTO SOCORRO;26/11/2024 15:31;OBITO;27/11/2024 12:58
1074756;3428146;CTI;PRONTO SOCORRO;26/11/2024 04:32;CTI;26/11/2024 11:44
1074756;3428146;CTI;CTI;26/11/2024 11:44;CLINICA CIRURGICA;05/12/2024 18:41
514211;3428393;CTI;CLINICA MEDICA;28/12/2024 18:30;CLINICA MEDICA;13/01/2025 12:55
596816;3428479;CTI;PRONTO SOCORRO;26/11/2024 22:49;CLINICA MEDICA;01/12/2024 15:55
363964;3428529;CTI;PRONTO SOCORRO;27/11/2024 02:38;OBITO;11/12/2024 17:31
1102662;3428571;CTI;PRONTO SOCORRO;27/11/2024 17:58;CLINICA MEDICA;29/11/2024 17:40
1102662;3428571;CTI;CLINICA MEDICA;16/12/2024 14:21;CLINICA MEDICA;19/12/2024 14:56
1025451;3428581;CTI;PRONTO SOCORRO;27/11/2024 09:09;CLINICA MEDICA;01/12/2024 01:12
1125873;3428715;CTI;PRONTO SOCORRO;27/11/2024 14:05;CLINICA CIRURGICA;29/11/2024 11:13
614212;3428719;CTI;PRONTO SOCORRO;27/11/2024 13:03;CLINICA MEDICA;29/11/2024 15:01
1125866;3428745;CTI;CLINICA CIRURGICA;02/12/2024 15:33;OBITO;02/12/2024 20:28
1125894;3428841;CTI;PRONTO SOCORRO;28/11/2024 16:30;CLINICA MEDICA;09/12/2024 15:11
181822;3428887;CTI;PRONTO SOCORRO;27/11/2024 17:18;CLINICA MEDICA;29/11/2024 22:50
1125944;3428904;CTI;PRONTO SOCORRO;27/11/2024 18:44;CLINICA CIRURGICA;02/12/2024 20:29
1125977;3429036;CTI;CENTRO CIRURGICO;28/11/2024 02:25;OBITO;28/11/2024 18:39
1126031;3429311;CTI;CENTRO CIRURGICO;29/11/2024 12:34;CLINICA CIRURGICA;03/12/2024 21:03
1096636;3429440;CTI;PRONTO SOCORRO;30/11/2024 01:51;CLINICA CIRURGICA;04/12/2024 17:09
1050715;3429488;CTI;PRONTO SOCORRO;29/11/2024 03:55;CLINICA MEDICA;29/11/2024 17:22
1117079;3429589;CTI;PRONTO SOCORRO;05/12/2024 11:07;CLINICA MEDICA;12/12/2024 17:37
1117079;3429589;CTI;CLINICA MEDICA;14/12/2024 21:35;OBITO;24/12/2024 02:56
1126043;3429708;CTI;CENTRO CIRURGICO;30/11/2024 05:05;CTI;02/12/2024 16:37
1126043;3429708;CTI;CTI;02/12/2024 16:37;CLINICA CIRURGICA;04/12/2024 15:26
1126122;3429716;CTI;PRONTO SOCORRO;29/11/2024 22:56;OBITO;11/12/2024 17:29
1105447;3429770;CTI;CLINICA MEDICA;07/01/2025 17:12;OBITO;06/02/2025 02:19
590584;3429798;CTI;PRONTO SOCORRO;03/12/2024 03:47;CLINICA MEDICA;17/12/2024 16:06
1126192;3430054;CTI;PRONTO SOCORRO;02/12/2024 00:40;CLINICA MEDICA;09/12/2024 13:50
1126247;3430079;CTI;CENTRO CIRURGICO;01/12/2024 00:00;CLINICA CIRURGICA;02/12/2024 18:51
1108045;3430347;CTI;CENTRO CIRURGICO;01/12/2024 23:38;CLINICA MEDICA;16/12/2024 16:54
1108045;3430347;CTI;CLINICA MEDICA;18/12/2024 09:52;CLINICA MEDICA;23/12/2024 15:54
1123104;3430408;CTI;PRONTO SOCORRO;08/12/2024 17:53;OBITO;12/12/2024 18:09
1126371;3430413;CTI;CENTRO CIRURGICO;02/12/2024 17:48;CLINICA CIRURGICA;09/12/2024 20:20
1126346;3430416;CTI;CENTRO CIRURGICO;02/12/2024 11:46;CLINICA MEDICA;22/12/2024 15:21
1042280;3430495;CTI;CENTRO CIRURGICO;02/12/2024 20:47;CLINICA CIRURGICA;04/12/2024 14:04
1040679;3430736;CTI;CENTRO CIRURGICO;13/01/2025 16:50;CLINICA CIRURGICA;16/01/2025 16:44
1126474;3430754;CTI;PRONTO SOCORRO;02/12/2024 23:17;CLINICA MEDICA;05/12/2024 17:49
1126494;3430798;CTI;PRONTO SOCORRO;03/12/2024 14:02;CLINICA MEDICA;09/12/2024 17:35
1126499;3430813;CTI;PRONTO SOCORRO;03/12/2024 12:11;CLINICA MEDICA;14/12/2024 17:38
672523;3431140;CTI;CLINICA MEDICA;08/12/2024 05:48;CLINICA MEDICA;27/12/2024 15:45
656189;3431175;CTI;CLINICA CIRURGICA;13/12/2024 20:15;CLINICA CIRURGICA;16/12/2024 11:17
1126583;3431194;CTI;CENTRO CIRURGICO;04/12/2024 15:20;CLINICA CIRURGICA;08/12/2024 15:36
87802;3431207;CTI;CENTRO CIRURGICO;04/12/2024 17:21;CLINICA CIRURGICA;05/12/2024 16:10
1014505;3431220;CTI;PRONTO SOCORRO;04/12/2024 23:23;CLINICA MEDICA;16/12/2024 17:26
1014505;3431220;CTI;CLINICA MEDICA;19/12/2024 15:23;CTI;23/12/2024 11:18
1014505;3431220;CTI;CTI;23/12/2024 11:18;CLINICA MEDICA;03/01/2025 16:23
106820;3431221;CTI;PRONTO SOCORRO;04/12/2024 17:54;CLINICA MEDICA;14/12/2024 22:14
1126575;3431440;CTI;CENTRO CIRURGICO;09/12/2024 16:53;CLINICA CIRURGICA;18/12/2024 11:59
540631;3432041;CTI;CENTRO CIRURGICO;06/12/2024 16:03;CLINICA MEDICA;31/12/2024 17:49
1126788;3432043;CTI;CLINICA MEDICA;17/12/2024 21:15;CTI;23/12/2024 15:10
1126788;3432043;CTI;CTI;23/12/2024 15:10;OBITO;21/01/2025 05:36
1126718;3432067;CTI;CENTRO CIRURGICO;06/12/2024 18:34;CLINICA CIRURGICA;08/12/2024 15:35
1093513;3432069;CTI;PRONTO SOCORRO;06/12/2024 15:28;CLINICA MEDICA;10/12/2024 17:50
94158;3432178;CTI;CENTRO CIRURGICO;23/12/2024 13:12;CLINICA CIRURGICA;24/12/2024 16:54
1126828;3432223;CTI;CLINICA MEDICA;08/12/2024 18:51;CLINICA MEDICA;18/12/2024 15:01
484670;3432326;CTI;CLINICA CIRURGICA;08/12/2024 18:45;OBITO;20/12/2024 15:43
1059749;3432351;CTI;PRONTO SOCORRO;11/12/2024 22:57;OBITO;20/12/2024 15:07
1126909;3432435;CTI;PRONTO SOCORRO;07/12/2024 02:57;CLINICA MEDICA;24/12/2024 18:32
1126915;3432454;CTI;PRONTO SOCORRO;08/12/2024 16:21;OBITO;12/12/2024 13:43
1126920;3432455;CTI;CENTRO CIRURGICO;07/12/2024 13:56;CLINICA CIRURGICA;11/12/2024 17:21
1110078;3432643;CTI;CENTRO CIRURGICO;30/12/2024 21:47;CLINICA CIRURGICA;09/01/2025 17:40
1110078;3432643;CTI;CLINICA CIRURGICA;13/01/2025 16:34;CLINICA CIRURGICA;19/01/2025 16:36
11957;3432740;CTI;CENTRO CIRURGICO;11/12/2024 21:19;ALTA HOSPITALAR;14/12/2024 20:53
1127029;3432785;CTI;CLINICA CIRURGICA;16/12/2024 21:19;CLINICA CIRURGICA;17/12/2024 14:29
1049431;3432805;CTI;PRONTO SOCORRO;09/12/2024 22:29;OBITO;17/12/2024 04:17
1127113;3432995;CTI;PRONTO SOCORRO;10/12/2024 14:13;OBITO;23/12/2024 14:32
1113048;3433057;CTI;CLINICA MEDICA;17/12/2024 16:07;CLINICA CIRURGICA;18/12/2024 15:35
640269;3433060;CTI;PRONTO SOCORRO;09/12/2024 17:42;CLINICA MEDICA;12/12/2024 17:37
1127165;3433290;CTI;CLINICA CIRURGICA;12/12/2024 12:56;CLINICA MEDICA;16/12/2024 21:42
1127161;3433325;CTI;CLINICA CIRURGICA;27/12/2024 22:50;CLINICA MEDICA;29/12/2024 15:41
1117331;3433714;CTI;CLINICA CIRURGICA;26/12/2024 22:11;CLINICA CIRURGICA;27/12/2024 21:20
1127283;3433718;CTI;CENTRO CIRURGICO;10/12/2024 23:10;CLINICA CIRURGICA;15/12/2024 11:54
1087306;3433828;CTI;PRONTO SOCORRO;11/12/2024 20:43;CLINICA MEDICA;16/12/2024 16:17
285221;3434008;CTI;PRONTO SOCORRO;11/12/2024 15:52;CLINICA CIRURGICA;15/12/2024 11:31
1127333;3434053;CTI;PRONTO SOCORRO;15/12/2024 17:25;CLINICA MEDICA;17/12/2024 15:31
253196;3434082;CTI;CLINICA CIRURGICA;21/12/2024 03:17;CLINICA MEDICA;29/12/2024 10:59
253196;3434082;CTI;CLINICA MEDICA;12/01/2025 01:46;CLINICA MEDICA;21/01/2025 15:47
352328;3434157;CTI;PRONTO SOCORRO;14/12/2024 21:32;CLINICA MEDICA;18/12/2024 15:19
352328;3434157;CTI;CLINICA MEDICA;18/12/2024 15:21;CLINICA MEDICA;18/12/2024 18:36
1112222;3434207;CTI;CLINICA MEDICA;03/01/2025 06:06;TRANSFERENCIA EXTERNA;23/01/2025 01:31
1085913;3434248;CTI;PRONTO SOCORRO;12/12/2024 06:10;CLINICA MEDICA;02/01/2025 14:49
1127436;3434450;CTI;PRONTO SOCORRO;12/12/2024 23:32;CLINICA MEDICA;21/12/2024 12:03
1127458;3434539;CTI;PRONTO SOCORRO;12/12/2024 18:10;OBITO;13/12/2024 20:06
1116296;3434562;CTI;PRONTO SOCORRO;12/12/2024 23:18;OBITO;19/12/2024 14:32
1127480;3434609;CTI;CLINICA CIRURGICA;23/12/2024 18:01;CLINICA CIRURGICA;24/12/2024 17:19
1105475;3434658;CTI;PRONTO SOCORRO;13/12/2024 05:18;TRANSFERENCIA EXTERNA;15/12/2024 01:58
686020;3434988;CTI;CLINICA CIRURGICA;30/12/2024 17:13;CLINICA CIRURGICA;01/01/2025 08:29
313234;3435056;CTI;PRONTO SOCORRO;15/12/2024 14:34;CLINICA MEDICA;21/01/2025 15:19
1127631;3435214;CTI;CENTRO CIRURGICO;16/12/2024 18:32;CLINICA MEDICA;23/12/2024 18:23
1127638;3435219;CTI;PRONTO SOCORRO;15/12/2024 00:56;OBITO;20/12/2024 15:45
1112043;3435315;CTI;MATERNIDADE;16/12/2024 20:42;MATERNIDADE;18/12/2024 11:51
1127703;3435316;CTI;PRONTO SOCORRO;15/12/2024 04:29;CLINICA MEDICA;21/12/2024 17:55
1127651;3435365;CTI;CENTRO CIRURGICO;15/12/2024 20:29;CLINICA CIRURGICA;17/12/2024 15:27
1127759;3435495;CTI;PRONTO SOCORRO;17/12/2024 17:31;OBITO;24/12/2024 15:17
1030660;3435521;CTI;PRONTO SOCORRO;18/12/2024 15:33;CLINICA CIRURGICA;27/12/2024 20:53
1127805;3435768;CTI;CLINICA MEDICA;07/01/2025 14:14;CLINICA MEDICA;17/01/2025 15:31
1109819;3435808;CTI;PRONTO SOCORRO;16/12/2024 20:48;TRANSFERENCIA EXTERNA;21/12/2024 15:26
1127801;3435809;CTI;CLINICA MEDICA;20/12/2024 17:51;CLINICA MEDICA;30/12/2024 17:25
559439;3435910;CTI;PRONTO SOCORRO;23/12/2024 16:58;CLINICA MEDICA;01/12/2024 17:06
1127891;3435931;CTI;PRONTO SOCORRO;17/12/2024 17:40;CTI;19/12/2024 00:30
1127891;3435931;CTI;CTI;19/12/2024 00:30;CLINICA CIRURGICA;20/12/2024 15:52
1127879;3435938;CTI;CENTRO CIRURGICO;11/01/2025 19:51;CLINICA MEDICA;14/01/2025 00:37
200059;3436244;CTI;CLINICA CIRURGICA;23/12/2024 17:28;CLINICA CIRURGICA;24/12/2024 21:38
1127848;3436285;CTI;CLINICA MEDICA;15/01/2025 19:47;CLINICA CIRURGICA;17/01/2025 15:58
1127848;3436285;CTI;CLINICA CIRURGICA;12/02/2025 23:42;CLINICA MEDICA;14/02/2025 15:53
1127903;3436297;CTI;PRONTO SOCORRO;01/01/2025 20:09;OBITO;07/01/2025 14:28
1122332;3436322;CTI;PRONTO SOCORRO;18/12/2024 17:36;CTI;22/12/2024 09:20
1122332;3436322;CTI;CTI;22/12/2024 09:20;CTI;22/12/2024 10:15
1122332;3436322;CTI;CTI;22/12/2024 10:15;CLINICA MEDICA;30/12/2024 17:28
1127972;3436335;CTI;PRONTO SOCORRO;17/12/2024 22:37;CLINICA MEDICA;11/02/2025 17:37
1113899;3436596;CTI;PRONTO SOCORRO;18/12/2024 20:56;OBITO;20/12/2024 12:31
1128033;3436653;CTI;CENTRO CIRURGICO;20/12/2024 17:27;CTI;22/12/2024 10:19
1128033;3436653;CTI;CTI;22/12/2024 10:19;OBITO;23/12/2024 11:01
1128047;3436692;CTI;CENTRO CIRURGICO;19/12/2024 00:41;OBITO;21/12/2024 18:06
1128088;3436749;CTI;CENTRO CIRURGICO;19/12/2024 15:24;CLINICA CIRURGICA;21/12/2024 15:54
1128084;3437079;CTI;PRONTO SOCORRO;01/01/2025 21:39;CLINICA MEDICA;18/01/2025 12:11
1128117;3437101;CTI;PRONTO SOCORRO;20/12/2024 17:51;CLINICA MEDICA;26/12/2024 14:43
1107067;3437128;CTI;PRONTO SOCORRO;20/12/2024 17:12;CLINICA MEDICA;22/12/2024 23:57
1128255;3437519;CTI;CENTRO CIRURGICO;21/12/2024 06:02;CLINICA CIRURGICA;29/12/2024 10:32
1128277;3437585;CTI;PRONTO SOCORRO;21/12/2024 22:15;CLINICA MEDICA;23/12/2024 17:22
1128294;3437631;CTI;CENTRO CIRURGICO;21/12/2024 16:18;OBITO;22/12/2024 06:49
273432;3437640;CTI;PRONTO SOCORRO;21/12/2024 17:33;TRANSFERENCIA EXTERNA;22/12/2024 02:05
1128287;3437647;CTI;PRONTO SOCORRO;21/12/2024 20:11;CLINICA MEDICA;23/12/2024 10:59
1106697;3437729;CTI;PRONTO SOCORRO;22/12/2024 07:18;CLINICA CIRURGICA;23/12/2024 13:32
1106697;3437729;CTI;CLINICA CIRURGICA;08/01/2025 16:02;CLINICA CIRURGICA;12/01/2025 15:36
190508;3437790;CTI;PRONTO SOCORRO;22/12/2024 09:58;CLINICA MEDICA;02/01/2025 15:57
1128281;3437793;CTI;CLINICA MEDICA;29/12/2024 17:03;TRANSFERENCIA EXTERNA;02/01/2025 23:29
377160;3437819;CTI;PRONTO SOCORRO;22/12/2024 11:24;CLINICA MEDICA;06/01/2025 16:05
1128352;3437835;CTI;PRONTO SOCORRO;22/12/2024 14:23;OBITO;30/12/2024 17:57
1008921;3437925;CTI;PRONTO SOCORRO;22/12/2024 18:03;CLINICA MEDICA;26/12/2024 17:03
1128424;3438006;CTI;CENTRO CIRURGICO;06/01/2025 20:33;CLINICA CIRURGICA;07/01/2025 14:48
108435;3438009;CTI;CLINICA CIRURGICA;02/01/2025 17:09;TRANSFERENCIA EXTERNA;04/01/2025 10:45
1128431;3438080;CTI;CENTRO CIRURGICO;29/12/2024 12:59;CLINICA CIRURGICA;30/12/2024 14:53
1128450;3438165;CTI;PRONTO SOCORRO;23/12/2024 14:37;CLINICA MEDICA;25/12/2024 15:43
1128476;3438266;CTI;CENTRO CIRURGICO;24/12/2024 00:11;CLINICA CIRURGICA;29/12/2024 16:45
1128512;3438296;CTI;PRONTO SOCORRO;25/12/2024 12:35;CTI;07/01/2025 15:47
1128512;3438296;CTI;CTI;07/01/2025 15:47;OBITO;08/01/2025 08:05
1084992;3438314;CTI;CENTRO CIRURGICO;24/12/2024 14:26;CLINICA CIRURGICA;28/12/2024 16:30
1128493;3438321;CTI;CENTRO CIRURGICO;24/12/2024 02:33;CLINICA CIRURGICA;27/12/2024 16:29
1128533;3438329;CTI;CENTRO CIRURGICO;24/12/2024 04:40;OBITO;11/01/2025 11:38
1128538;3438340;CTI;CENTRO CIRURGICO;24/12/2024 05:39;CLINICA CIRURGICA;02/01/2025 18:45
618254;3438352;CTI;PRONTO SOCORRO;24/12/2024 16:42;CLINICA CIRURGICA;01/01/2025 16:25
1128553;3438406;CTI;PRONTO SOCORRO;24/12/2024 16:13;CLINICA MEDICA;26/12/2024 18:30
1128549;3438553;CTI;PRONTO SOCORRO;24/12/2024 22:21;OBITO;01/01/2025 21:39
1128647;3438653;CTI;CENTRO CIRURGICO;25/12/2024 16:18;CTI;01/01/2025 13:33
1128647;3438653;CTI;CTI;01/01/2025 13:33;CLINICA CIRURGICA;10/01/2025 16:54
219672;3438717;CTI;PRONTO SOCORRO;25/12/2024 17:17;CLINICA MEDICA;26/12/2024 17:02
643892;3438802;CTI;PRONTO SOCORRO;28/12/2024 00:05;CLINICA CIRURGICA;30/12/2024 17:17
1128726;3438837;CTI;CENTRO CIRURGICO;26/12/2024 16:51;CLINICA CIRURGICA;28/12/2024 16:15
1128729;3438838;CTI;CENTRO CIRURGICO;26/12/2024 08:15;CLINICA CIRURGICA;27/12/2024 18:32
1128692;3438840;CTI;CENTRO CIRURGICO;27/12/2024 22:36;CLINICA CIRURGICA;29/12/2024 15:38
321536;3438842;CTI;CLINICA MEDICA;09/01/2025 17:30;CLINICA MEDICA;20/01/2025 17:07
1128763;3439224;CTI;CENTRO CIRURGICO;27/12/2024 03:56;CLINICA CIRURGICA;28/12/2024 16:21
1128763;3439224;CTI;CENTRO CIRURGICO;29/12/2024 17:51;CLINICA CIRURGICA;04/01/2025 16:27
1128835;3439275;CTI;CENTRO CIRURGICO;27/12/2024 17:40;CLINICA MEDICA;22/01/2025 18:14
1128881;3439566;CTI;PRONTO SOCORRO;27/12/2024 20:43;CLINICA MEDICA;30/12/2024 16:42
646098;3439629;CTI;PRONTO SOCORRO;30/12/2024 22:33;OBITO;07/01/2025 07:58
2544;3439696;CTI;PRONTO SOCORRO;28/12/2024 02:48;OBITO;02/01/2025 15:15
1027564;3439718;CTI;CENTRO CIRURGICO;13/01/2025 21:10;CLINICA CIRURGICA;15/01/2025 22:30
1128923;3439719;CTI;PRONTO SOCORRO;28/12/2024 17:34;CLINICA CIRURGICA;01/01/2025 00:14
1128869;3439727;CTI;PRONTO SOCORRO;04/01/2025 20:53;OBITO;22/01/2025 16:47
1128899;3439731;CTI;CLINICA CIRURGICA;01/01/2025 03:17;TRANSFERENCIA EXTERNA;02/01/2025 20:40
1045739;3439741;CTI;PRONTO SOCORRO;29/12/2024 18:40;CLINICA MEDICA;03/01/2025 11:40
1129012;3439948;CTI;CLINICA CIRURGICA;13/01/2025 21:56;CLINICA CIRURGICA;14/01/2025 11:09
1129021;3439955;CTI;CENTRO CIRURGICO;28/12/2024 23:34;CLINICA CIRURGICA;01/01/2025 17:51
1128966;3439993;CTI;CLINICA CIRURGICA;24/01/2025 20:09;CLINICA CIRURGICA;26/01/2025 14:07
1129028;3440013;CTI;PRONTO SOCORRO;29/12/2024 13:48;PRONTO SOCORRO;29/12/2024 17:20
1129028;3440013;CTI;PRONTO SOCORRO;29/12/2024 18:09;CLINICA MEDICA;15/01/2025 16:21
1120424;3440113;CTI;PRONTO SOCORRO;04/01/2025 17:25;OBITO;11/01/2025 17:42
1129110;3440224;CTI;PRONTO SOCORRO;30/12/2024 21:01;CLINICA MEDICA;03/01/2025 17:51
1129107;3440225;CTI;CLINICA MEDICA;04/01/2025 12:08;CLINICA MEDICA;08/01/2025 16:37
1129152;3440394;CTI;CENTRO CIRURGICO;30/12/2024 17:59;CLINICA CIRURGICA;02/01/2025 21:07
1010810;3440424;CTI;PRONTO SOCORRO;02/01/2025 00:56;CLINICA MEDICA;06/01/2025 13:18
1129199;3440518;CTI;CENTRO CIRURGICO;31/12/2024 22:08;CLINICA CIRURGICA;01/01/2025 21:45
1122658;3440600;CTI;CENTRO CIRURGICO;31/12/2024 04:08;CLINICA CIRURGICA;10/01/2025 15:48
1129251;3440671;CTI;CENTRO CIRURGICO;31/12/2024 20:20;CLINICA MEDICA;16/01/2025 16:11
1129251;3440671;CTI;CLINICA MEDICA;18/01/2025 20:41;CLINICA CIRURGICA;24/01/2025 16:36
1129251;3440671;CTI;CLINICA CIRURGICA;26/01/2025 10:42;CTI;28/01/2025 15:32
1129251;3440671;CTI;CTI;28/01/2025 15:32;OBITO;26/02/2025 07:39
1112416;3440795;CTI;CLINICA CIRURGICA;27/01/2025 20:43;CLINICA CIRURGICA;29/01/2025 13:41
1112416;3440795;CTI;CENTRO CIRURGICO;17/02/2025 20:48;CLINICA CIRURGICA;20/02/2025 00:21
1112416;3440795;CTI;CLINICA CIRURGICA;04/03/2025 20:16;CLINICA CIRURGICA;06/03/2025 17:57
1129331;3440952;CTI;PRONTO SOCORRO;01/01/2025 15:49;CLINICA MEDICA;08/01/2025 16:17
1129352;3440961;CTI;PRONTO SOCORRO;02/01/2025 21:35;CLINICA MEDICA;09/01/2025 18:22
1129352;3440961;CTI;CLINICA MEDICA;11/02/2025 21:42;OBITO;17/02/2025 13:59
1129398;3441061;CTI;CENTRO CIRURGICO;02/01/2025 01:59;CLINICA CIRURGICA;05/01/2025 18:25
1129470;3441360;CTI;PRONTO SOCORRO;03/01/2025 00:10;OBITO;13/01/2025 19:46
1127431;3441370;CTI;PRONTO SOCORRO;03/01/2025 00:45;CLINICA MEDICA;05/01/2025 14:28
1039578;3441403;CTI;CENTRO CIRURGICO;03/01/2025 18:00;OBITO;04/01/2025 15:17
1129500;3441462;CTI;CENTRO CIRURGICO;03/01/2025 04:33;OBITO;03/01/2025 08:14
488974;3441491;CTI;CENTRO CIRURGICO;03/01/2025 14:55;CLINICA MEDICA;09/01/2025 15:43
488974;3441491;CTI;CLINICA CIRURGICA;09/02/2025 17:56;CLINICA MEDICA;12/02/2025 17:35
80828;3441505;CTI;PRONTO SOCORRO;03/01/2025 12:45;OBITO;04/01/2025 15:11
1129530;3441787;CTI;CENTRO CIRURGICO;04/01/2025 03:47;OBITO;13/01/2025 14:27
627207;3441842;CTI;CENTRO CIRURGICO;09/01/2025 19:57;CLINICA CIRURGICA;13/01/2025 18:42
1129616;3441876;CTI;CENTRO CIRURGICO;04/01/2025 17:09;CLINICA CIRURGICA;08/01/2025 18:30
1028276;3441924;CTI;PRONTO SOCORRO;05/01/2025 06:53;CLINICA MEDICA;06/01/2025 21:16
1129610;3441962;CTI;CLINICA CIRURGICA;08/01/2025 22:28;CLINICA MEDICA;14/01/2025 16:27
1129639;3441965;CTI;PRONTO SOCORRO;14/01/2025 00:28;CLINICA MEDICA;18/01/2025 16:35
623317;3441984;CTI;CLINICA MEDICA;01/02/2025 23:17;OBITO;14/02/2025 01:17
1129664;3442109;CTI;PRONTO SOCORRO;08/01/2025 20:07;CLINICA MEDICA;27/01/2025 23:02
1129742;3442261;CTI;PRONTO SOCORRO;05/01/2025 18:13;CLINICA MEDICA;08/01/2025 17:24
1129725;3442310;CTI;PRONTO SOCORRO;06/01/2025 10:13;OBITO;14/01/2025 00:25
648114;3442362;CTI;PRONTO SOCORRO;10/01/2025 09:59;TRANSFERENCIA EXTERNA;12/01/2025 20:58
1129884;3442737;CTI;PRONTO SOCORRO;07/01/2025 10:05;OBITO;13/01/2025 19:48
70728;3442749;CTI;PRONTO SOCORRO;14/01/2025 01:21;CLINICA MEDICA;16/01/2025 15:27
70728;3442749;CTI;CLINICA MEDICA;14/02/2025 13:42;CTI;14/02/2025 13:55
70728;3442749;CTI;CTI;14/02/2025 13:55;CLINICA MEDICA;16/02/2025 00:10
1129897;3442751;CTI;PRONTO SOCORRO;09/01/2025 00:02;CLINICA MEDICA;31/01/2025 17:17
163051;3442989;CTI;PRONTO SOCORRO;13/01/2025 22:13;CLINICA MEDICA;03/02/2025 16:47
209700;3443142;CTI;CLINICA CIRURGICA;03/02/2025 18:24;CLINICA MEDICA;14/02/2025 15:19
1129984;3443190;CTI;PRONTO SOCORRO;08/01/2025 09:25;PRONTO SOCORRO;08/01/2025 10:02
1129984;3443190;CTI;PRONTO SOCORRO;08/01/2025 11:26;OBITO;13/01/2025 19:44
416081;3443569;CTI;CENTRO CIRURGICO;10/01/2025 18:11;CLINICA CIRURGICA;11/01/2025 15:10
1130121;3443884;CTI;CENTRO CIRURGICO;24/01/2025 18:19;OBITO;14/02/2025 14:02
1000155;3443932;CTI;CLINICA MEDICA;11/01/2025 12:29;CLINICA MEDICA;15/01/2025 18:38
1124383;3443956;CTI;PRONTO SOCORRO;10/01/2025 00:28;OBITO;21/01/2025 06:04
1130245;3444297;CTI;CLINICA MEDICA;13/01/2025 00:10;CTI;15/01/2025 16:30
1130245;3444297;CTI;CTI;15/01/2025 16:30;OBITO;16/01/2025 21:43
1085219;3444503;CTI;CENTRO CIRURGICO;11/01/2025 16:35;CLINICA MEDICA;13/01/2025 15:25
1119461;3444686;CTI;PRONTO SOCORRO;19/01/2025 18:27;CLINICA MEDICA;22/01/2025 16:13
1130409;3444691;CTI;CENTRO CIRURGICO;12/01/2025 19:39;CLINICA MEDICA;26/01/2025 15:38
1130472;3444909;CTI;CENTRO CIRURGICO;13/01/2025 18:22;CLINICA CIRURGICA;15/01/2025 13:02
1130434;3444988;CTI;CENTRO CIRURGICO;14/01/2025 01:36;CLINICA CIRURGICA;15/01/2025 13:12
524822;3445177;CTI;CLINICA MEDICA;28/01/2025 21:48;CLINICA MEDICA;31/01/2025 17:38
1130516;3445229;CTI;CLINICA MEDICA;19/02/2025 18:15;CLINICA MEDICA;27/02/2025 14:23
1130588;3445372;CTI;PRONTO SOCORRO;14/01/2025 12:50;TRANSFERENCIA EXTERNA;24/01/2025 16:26
585546;3445441;CTI;CENTRO CIRURGICO;14/01/2025 18:01;CLINICA MEDICA;18/01/2025 16:15
1130599;3445580;CTI;PRONTO SOCORRO;17/01/2025 03:04;CLINICA CIRURGICA;27/01/2025 16:37
567297;3445600;CTI;PRONTO SOCORRO;16/01/2025 17:52;CLINICA MEDICA;25/01/2025 20:29
1059107;3445601;CTI;CENTRO CIRURGICO;23/01/2025 15:53;CLINICA CIRURGICA;24/01/2025 16:15
1130625;3445640;CTI;PRONTO SOCORRO;15/01/2025 17:56;CLINICA MEDICA;23/01/2025 17:14
436016;3445676;CTI;PRONTO SOCORRO;16/01/2025 01:37;OBITO;18/01/2025 17:56
652200;3445680;CTI;PRONTO SOCORRO;18/01/2025 15:04;CLINICA MEDICA;30/01/2025 16:10
1130717;3445955;CTI;CENTRO CIRURGICO;15/01/2025 17:44;CLINICA CIRURGICA;18/01/2025 12:56
1130741;3446007;CTI;CENTRO CIRURGICO;16/01/2025 00:47;CLINICA CIRURGICA;26/01/2025 16:37
1130726;3446214;CTI;PRONTO SOCORRO;24/01/2025 22:51;OBITO;04/02/2025 17:01
608864;3446241;CTI;PRONTO SOCORRO;19/01/2025 21:41;OBITO;20/02/2025 08:35
1129637;3446342;CTI;PRONTO SOCORRO;16/01/2025 22:41;OBITO;24/02/2025 10:48
1130797;3446398;CTI;CENTRO CIRURGICO;17/01/2025 20:12;CLINICA CIRURGICA;19/01/2025 18:02
1130834;3446423;CTI;CENTRO CIRURGICO;21/01/2025 17:21;CLINICA MEDICA;28/01/2025 17:07
1114003;3446467;CTI;CENTRO CIRURGICO;17/01/2025 08:20;CLINICA MEDICA;19/01/2025 16:04
1120758;3446574;CTI;CLINICA MEDICA;21/01/2025 23:57;CLINICA MEDICA;30/01/2025 17:10
1130905;3446689;CTI;CENTRO CIRURGICO;17/01/2025 18:25;CLINICA MEDICA;28/01/2025 17:47
94158;3446698;CTI;PRONTO SOCORRO;18/01/2025 20:49;CLINICA MEDICA;23/01/2025 17:59
1117323;3446715;CTI;CENTRO CIRURGICO;18/01/2025 15:35;CLINICA CIRURGICA;21/01/2025 21:38
1130871;3446736;CTI;CLINICA CIRURGICA;28/01/2025 01:28;TRANSFERENCIA EXTERNA;09/02/2025 20:34
1113797;3446771;CTI;CLINICA CIRURGICA;14/02/2025 19:29;CLINICA MEDICA;16/02/2025 21:34
1130956;3446846;CTI;CLINICA CIRURGICA;27/01/2025 12:20;CLINICA CIRURGICA;28/01/2025 12:41
290658;3446975;CTI;CENTRO CIRURGICO;18/01/2025 18:29;CLINICA CIRURGICA;22/01/2025 16:24
1052701;3447052;CTI;CLINICA CIRURGICA;13/02/2025 00:59;CLINICA MEDICA;27/02/2025 18:21
586264;3447094;CTI;PRONTO SOCORRO;26/01/2025 17:12;CLINICA MEDICA;12/02/2025 17:47
120194;3447217;CTI;PRONTO SOCORRO;22/01/2025 18:38;CLINICA MEDICA;27/01/2025 14:41
1131071;3447244;CTI;CENTRO CIRURGICO;20/01/2025 18:31;OBITO;31/01/2025 10:23
1131089;3447250;CTI;CLINICA CIRURGICA;27/01/2025 11:23;CLINICA CIRURGICA;30/01/2025 13:26
1131088;3447252;CTI;PRONTO SOCORRO;22/01/2025 10:41;CLINICA CIRURGICA;31/01/2025 15:40
1131088;3447252;CTI;CLINICA CIRURGICA;05/02/2025 18:33;CLINICA CIRURGICA;13/02/2025 16:14
301052;3447366;CTI;PRONTO SOCORRO;20/01/2025 09:09;CLINICA MEDICA;03/02/2025 17:56
1006121;3447376;CTI;PRONTO SOCORRO;26/01/2025 23:15;CLINICA MEDICA;30/01/2025 14:59
1131142;3447415;CTI;CLINICA CIRURGICA;03/02/2025 21:05;CLINICA CIRURGICA;05/02/2025 11:17
1131191;3447666;CTI;CENTRO CIRURGICO;21/01/2025 09:17;CLINICA MEDICA;26/01/2025 15:39
1131201;3447693;CTI;CLINICA CIRURGICA;09/02/2025 15:49;OBITO;15/02/2025 15:04
1048046;3447703;CTI;PRONTO SOCORRO;22/01/2025 20:58;TRANSFERENCIA EXTERNA;07/02/2025 22:03
470825;3447735;CTI;CLINICA MEDICA;26/01/2025 10:05;CLINICA MEDICA;19/02/2025 17:52
1131255;3447798;CTI;CENTRO CIRURGICO;21/01/2025 08:35;CLINICA MEDICA;22/01/2025 18:44
1118158;3448177;CTI;CENTRO CIRURGICO;27/01/2025 17:52;CLINICA CIRURGICA;03/02/2025 15:58
1123181;3448228;CTI;PRONTO SOCORRO;23/01/2025 00:35;CLINICA MEDICA;24/01/2025 16:55
1118724;3448230;CTI;CLINICA CIRURGICA;27/01/2025 18:30;CLINICA CIRURGICA;29/01/2025 16:07
1131370;3448535;CTI;PRONTO SOCORRO;01/01/2025 17:03;TRANSFERENCIA EXTERNA;25/01/2025 22:25
1119323;3448554;CTI;CLINICA CIRURGICA;12/02/2025 21:41;TRANSFERENCIA EXTERNA;12/02/2025 21:42
1131428;3448642;CTI;PRONTO SOCORRO;23/01/2025 21:38;CLINICA MEDICA;27/01/2025 18:08
564139;3448652;CTI;PRONTO SOCORRO;23/01/2025 09:16;CTI;04/02/2025 14:45
564139;3448652;CTI;CTI;04/02/2025 14:45;CLINICA MEDICA;06/02/2025 14:29
1131515;3449005;CTI;CENTRO CIRURGICO;24/01/2025 17:33;CENTRO CIRURGICO;24/01/2025 18:05
1131515;3449005;CTI;CENTRO CIRURGICO;24/01/2025 18:41;CLINICA CIRURGICA;26/01/2025 10:31
1131522;3449107;CTI;PRONTO SOCORRO;30/01/2025 16:58;CLINICA MEDICA;05/03/2025 17:31
1029675;3449135;CTI;CENTRO CIRURGICO;05/02/2025 18:41;CLINICA MEDICA;06/02/2025 17:59
1131570;3449260;CTI;CENTRO CIRURGICO;25/01/2025 13:06;CLINICA CIRURGICA;30/01/2025 14:20
619654;3449275;CTI;CLINICA CIRURGICA;07/02/2025 17:47;OBITO;13/02/2025 22:32
1131582;3449332;CTI;CLINICA CIRURGICA;28/01/2025 19:01;CLINICA MEDICA;29/01/2025 18:31
1131603;3449380;CTI;PRONTO SOCORRO;25/01/2025 22:50;OBITO;26/01/2025 20:19
1131654;3449485;CTI;PRONTO SOCORRO;26/01/2025 13:36;CLINICA MEDICA;02/02/2025 17:01
1131660;3449531;CTI;CENTRO CIRURGICO;26/01/2025 21:39;CLINICA MEDICA;18/03/2025 15:28
360213;3449548;CTI;CLINICA CIRURGICA;28/01/2025 16:17;CTI;30/01/2025 14:58
360213;3449548;CTI;CTI;30/01/2025 14:58;OBITO;05/02/2025 12:26
1131705;3449678;CTI;CENTRO CIRURGICO;25/02/2025 22:42;CLINICA CIRURGICA;27/02/2025 15:57
1131714;3449719;CTI;CENTRO CIRURGICO;29/01/2025 16:21;CLINICA MEDICA;12/02/2025 16:13
1131728;3449797;CTI;PRONTO SOCORRO;14/02/2025 16:10;CLINICA CIRURGICA;15/02/2025 15:19
89010;3449922;CTI;PRONTO SOCORRO;31/01/2025 05:02;CLINICA CIRURGICA;03/02/2025 22:36
1131812;3450228;CTI;CLINICA CIRURGICA;31/01/2025 12:09;CLINICA CIRURGICA;17/02/2025 13:27
1131836;3450266;CTI;PRONTO SOCORRO;30/01/2025 21:31;OBITO;06/02/2025 22:47
1026396;3450475;CTI;PRONTO SOCORRO;29/01/2025 22:55;OBITO;07/02/2025 06:39
1051117;3450547;CTI;CLINICA MEDICA;06/02/2025 10:55;CLINICA MEDICA;11/02/2025 14:29
1131879;3450549;CTI;CENTRO CIRURGICO;30/01/2025 18:47;OBITO;01/02/2025 06:18
1097755;3450656;CTI;CENTRO CIRURGICO;12/02/2025 14:23;CLINICA CIRURGICA;14/02/2025 11:10
1097755;3450656;CTI;CLINICA CIRURGICA;21/02/2025 10:50;OBITO;12/03/2025 16:44
1131941;3450825;CTI;CLINICA CIRURGICA;12/03/2025 18:15;CLINICA CIRURGICA;14/03/2025 14:23
1101553;3450832;CTI;PRONTO SOCORRO;30/01/2025 21:12;CLINICA CIRURGICA;03/02/2025 22:03
1112116;3450909;CTI;PRONTO SOCORRO;31/01/2025 20:31;CLINICA MEDICA;05/02/2025 17:19
1132044;3451152;CTI;PRONTO SOCORRO;01/02/2025 01:05;CLINICA MEDICA;07/02/2025 11:18
1132072;3451207;CTI;PRONTO SOCORRO;01/02/2025 01:46;CLINICA MEDICA;05/02/2025 14:55
1034366;3451332;CTI;PRONTO SOCORRO;01/02/2025 20:29;CLINICA MEDICA;03/02/2025 15:57
616902;3451442;CTI;PRONTO SOCORRO;02/02/2025 22:40;TRANSFERENCIA EXTERNA;09/02/2025 15:13
1132157;3451502;CTI;CENTRO CIRURGICO;05/03/2025 02:16;CLINICA CIRURGICA;06/03/2025 16:36
1132170;3451607;CTI;PRONTO SOCORRO;03/02/2025 23:01;CLINICA MEDICA;05/02/2025 15:58
1132223;3451773;CTI;CENTRO CIRURGICO;03/02/2025 18:25;CLINICA CIRURGICA;06/02/2025 15:39
1093429;3451866;CTI;CLINICA CIRURGICA;11/02/2025 17:31;CLINICA CIRURGICA;12/02/2025 17:42
576138;3451890;CTI;PRONTO SOCORRO;04/02/2025 16:50;CLINICA MEDICA;06/02/2025 17:13
1132286;3452039;CTI;CENTRO CIRURGICO;05/02/2025 12:30;CLINICA CIRURGICA;09/02/2025 12:18
1132301;3452079;CTI;CENTRO CIRURGICO;04/02/2025 17:04;CENTRO CIRURGICO;26/02/2025 14:08
1132301;3452079;CTI;CENTRO CIRURGICO;26/02/2025 18:07;CLINICA CIRURGICA;27/02/2025 18:06
1132334;3452243;CTI;PRONTO SOCORRO;05/02/2025 15:27;OBITO;12/02/2025 16:23
1132425;3452631;CTI;PRONTO SOCORRO;06/02/2025 22:47;CTI;07/02/2025 01:23
1132425;3452631;CTI;CTI;07/02/2025 01:23;OBITO;13/02/2025 22:33
439679;3452650;CTI;CENTRO CIRURGICO;06/02/2025 05:16;CLINICA MEDICA;05/03/2025 15:55
1132450;3452838;CTI;CENTRO CIRURGICO;06/02/2025 17:46;CLINICA CIRURGICA;09/02/2025 15:07
1066407;3452950;CTI;CLINICA MEDICA;24/02/2025 23:11;CLINICA MEDICA;03/03/2025 18:05
1132463;3452959;CTI;PRONTO SOCORRO;06/02/2025 18:14;OBITO;21/03/2025 06:39
1132494;3453032;CTI;CENTRO CIRURGICO;07/02/2025 01:21;TRANSFERENCIA EXTERNA;12/02/2025 16:10
1132503;3453041;CTI;CENTRO CIRURGICO;07/02/2025 01:24;CLINICA MEDICA;15/03/2025 10:40
671445;3453068;CTI;PRONTO SOCORRO;17/02/2025 23:38;TRANSFERENCIA EXTERNA;21/02/2025 18:06
1132512;3453074;CTI;CENTRO CIRURGICO;07/02/2025 11:43;CLINICA CIRURGICA;10/02/2025 18:05
1132549;3453315;CTI;CENTRO CIRURGICO;08/02/2025 01:07;CLINICA CIRURGICA;21/02/2025 11:18
1132594;3453436;CTI;PRONTO SOCORRO;09/02/2025 22:07;CLINICA MEDICA;13/02/2025 13:00
1132656;3453619;CTI;PRONTO SOCORRO;13/02/2025 20:38;CLINICA MEDICA;05/03/2025 17:30
1132686;3453726;CTI;CLINICA MEDICA;23/02/2025 21:59;CLINICA CIRURGICA;05/03/2025 23:39
1132733;3453823;CTI;PRONTO SOCORRO;09/02/2025 22:49;CLINICA MEDICA;20/02/2025 14:53
1132749;3453847;CTI;CENTRO CIRURGICO;10/02/2025 00:30;CLINICA CIRURGICA;11/02/2025 19:11
1132740;3453855;CTI;PRONTO SOCORRO;12/02/2025 18:31;CENTRO CIRURGICO;15/02/2025 11:01
564561;3453890;CTI;MATERNIDADE;10/02/2025 20:14;MATERNIDADE;12/02/2025 11:00
5789;3453994;CTI;CENTRO CIRURGICO;12/03/2025 23:32;CLINICA CIRURGICA;17/03/2025 15:50
606744;3454070;CTI;CLINICA MEDICA;14/02/2025 21:25;CLINICA MEDICA;17/02/2025 13:38
1132831;3454181;CTI;PRONTO SOCORRO;20/02/2025 21:53;CLINICA MEDICA;03/03/2025 18:44
1132859;3454230;CTI;PRONTO SOCORRO;13/02/2025 17:33;OBITO;20/02/2025 07:21
463118;3454245;CTI;PRONTO SOCORRO;20/02/2025 13:23;OBITO;04/03/2025 19:30
1132873;3454252;CTI;MATERNIDADE;12/02/2025 00:28;MATERNIDADE;13/02/2025 12:16
1132872;3454270;CTI;CLINICA MEDICA;15/02/2025 19:28;TRANSFERENCIA EXTERNA;17/02/2025 20:07
1001211;3454277;CTI;PRONTO SOCORRO;14/02/2025 00:49;OBITO;16/02/2025 06:22
658858;3454586;CTI;CLINICA CIRURGICA;24/02/2025 21:45;CLINICA MEDICA;26/02/2025 14:56
298014;3454606;CTI;CLINICA CIRURGICA;14/02/2025 16:09;CLINICA CIRURGICA;15/02/2025 15:11
1091213;3454623;CTI;CENTRO CIRURGICO;11/02/2025 23:09;CENTRO CIRURGICO;16/03/2025 09:11
1091213;3454623;CTI;CENTRO CIRURGICO;16/03/2025 14:36;CLINICA MEDICA;28/04/2025 16:30
64585;3454679;CTI;PRONTO SOCORRO;13/02/2025 16:28;OBITO;15/02/2025 17:00
1132737;3454689;CTI;PRONTO SOCORRO;12/02/2025 20:39;CTI;12/02/2025 22:33
1132737;3454689;CTI;CTI;12/02/2025 22:33;CLINICA MEDICA;21/02/2025 15:39
1133076;3455030;CTI;CENTRO CIRURGICO;13/02/2025 14:40;CLINICA CIRURGICA;19/02/2025 15:59
1133076;3455030;CTI;CLINICA CIRURGICA;05/03/2025 16:20;CLINICA CIRURGICA;07/03/2025 17:57
1133079;3455035;CTI;CENTRO CIRURGICO;13/02/2025 04:07;CLINICA MEDICA;21/02/2025 18:00
610641;3455618;CTI;CENTRO CIRURGICO;14/02/2025 20:50;CLINICA CIRURGICA;23/02/2025 17:47
1060744;3455625;CTI;CENTRO CIRURGICO;15/02/2025 22:15;CLINICA MEDICA;06/03/2025 18:36
1133222;3455712;CTI;CLINICA CIRURGICA;06/04/2025 21:20;CLINICA MEDICA;10/04/2025 17:53
1133248;3455727;CTI;PRONTO SOCORRO;15/02/2025 15:22;CLINICA CIRURGICA;18/02/2025 14:41
645723;3455829;CTI;PRONTO SOCORRO;17/02/2025 18:03;TRANSFERENCIA EXTERNA;20/02/2025 21:20
333843;3455859;CTI;PRONTO SOCORRO;26/02/2025 17:22;OBITO;05/03/2025 14:12
1133288;3455879;CTI;CENTRO CIRURGICO;15/02/2025 23:21;OBITO;27/02/2025 15:33
1133302;3455917;CTI;PRONTO SOCORRO;16/02/2025 00:22;CLINICA MEDICA;02/03/2025 10:50
1133319;3455949;CTI;CENTRO CIRURGICO;16/02/2025 13:38;OBITO;19/02/2025 05:01
624323;3455984;CTI;PRONTO SOCORRO;16/02/2025 13:29;CLINICA CIRURGICA;24/02/2025 17:57
1133368;3456111;CTI;CENTRO CIRURGICO;18/02/2025 01:07;CLINICA MEDICA;03/03/2025 16:35
1133401;3456130;CTI;CENTRO CIRURGICO;16/02/2025 22:07;CLINICA CIRURGICA;24/02/2025 18:44
1133384;3456489;CTI;PRONTO SOCORRO;19/02/2025 05:08;CLINICA CIRURGICA;20/02/2025 16:24
1133571;3456759;CTI;PRONTO SOCORRO;18/02/2025 17:29;CLINICA CIRURGICA;24/02/2025 18:09
667284;3457084;CTI;PRONTO SOCORRO;21/02/2025 22:33;CLINICA MEDICA;12/03/2025 16:43
1133697;3457294;CTI;CENTRO CIRURGICO;19/02/2025 22:27;CLINICA MEDICA;14/04/2025 15:47
1099208;3457301;CTI;PRONTO SOCORRO;21/02/2025 17:45;CLINICA MEDICA;25/02/2025 17:02
1133708;3457348;CTI;PRONTO SOCORRO;20/02/2025 15:44;CLINICA MEDICA;11/03/2025 16:05
1042241;3457379;CTI;CLINICA MEDICA;27/02/2025 18:19;CLINICA MEDICA;01/03/2025 14:44
1133753;3457558;CTI;PRONTO SOCORRO;20/02/2025 16:39;CLINICA CIRURGICA;01/02/2025 13:10
1133745;3457632;CTI;CENTRO CIRURGICO;22/02/2025 02:28;CLINICA MEDICA;11/03/2025 20:14
611755;3457661;CTI;CLINICA MEDICA;11/03/2025 13:10;CLINICA CIRURGICA;13/03/2025 11:30
316408;3457762;CTI;CENTRO CIRURGICO;21/02/2025 13:10;CTI;02/03/2025 14:10
316408;3457762;CTI;CTI;02/03/2025 14:10;CLINICA MEDICA;10/03/2025 23:01
1133845;3457973;CTI;PRONTO SOCORRO;22/02/2025 15:45;OBITO;27/02/2025 00:41
1028766;3458014;CTI;CLINICA MEDICA;26/02/2025 12:30;CLINICA MEDICA;27/03/2025 17:13
1133938;3458217;CTI;CENTRO CIRURGICO;24/02/2025 21:59;CLINICA CIRURGICA;25/02/2025 15:55
1133958;3458229;CTI;PRONTO SOCORRO;27/02/2025 21:02;CLINICA MEDICA;09/05/2025 16:32
1133966;3458235;CTI;CENTRO CIRURGICO;23/02/2025 16:29;CLINICA CIRURGICA;09/03/2025 18:27
505237;3458403;CTI;CLINICA MEDICA;20/03/2025 01:46;TRANSFERENCIA EXTERNA;22/03/2025 19:28
1134018;3458412;CTI;CENTRO CIRURGICO;24/02/2025 11:05;CENTRO CIRURGICO;03/03/2025 11:32
1134110;3458744;CTI;CENTRO CIRURGICO;28/02/2025 16:17;CLINICA MEDICA;13/03/2025 15:24
1134121;3458798;CTI;CLINICA MEDICA;25/03/2025 16:58;CLINICA MEDICA;28/03/2025 12:34
1134191;3459063;CTI;PRONTO SOCORRO;25/02/2025 20:31;CTI;27/02/2025 15:57
1134191;3459063;CTI;CTI;27/02/2025 15:57;CTI;27/02/2025 22:48
1134191;3459063;CTI;CTI;27/02/2025 22:48;CLINICA CIRURGICA;04/03/2025 16:54
1134155;3459111;CTI;CENTRO CIRURGICO;20/03/2025 00:22;CLINICA CIRURGICA;21/03/2025 15:58
1134312;3459464;CTI;CENTRO CIRURGICO;27/02/2025 01:02;CTI;27/02/2025 15:38
1134312;3459464;CTI;CTI;27/02/2025 15:38;CLINICA CIRURGICA;01/03/2025 11:07
21578;3459504;CTI;CENTRO CIRURGICO;10/03/2025 18:58;OBITO;12/03/2025 05:09
605707;3459509;CTI;PRONTO SOCORRO;03/03/2025 22:09;OBITO;05/03/2025 14:10
1134319;3459510;CTI;CENTRO CIRURGICO;27/02/2025 17:24;CLINICA CIRURGICA;02/03/2025 13:56
1134359;3459742;CTI;PRONTO SOCORRO;02/03/2025 16:10;CLINICA MEDICA;07/03/2025 18:42
1071074;3459786;CTI;PRONTO SOCORRO;28/02/2025 00:54;CLINICA CIRURGICA;03/03/2025 18:28
621245;3459866;CTI;CLINICA CIRURGICA;06/03/2025 09:22;CLINICA MEDICA;10/03/2025 14:05
1134361;3459884;CTI;CENTRO CIRURGICO;02/03/2025 18:10;CLINICA MEDICA;04/03/2025 16:00
1134387;3459895;CTI;CENTRO CIRURGICO;01/03/2025 16:21;CLINICA CIRURGICA;02/03/2025 10:51
1074280;3459907;CTI;CENTRO CIRURGICO;17/03/2025 15:04;OBITO;21/03/2025 18:19
666391;3460000;CTI;CLINICA MEDICA;21/03/2025 11:04;CLINICA MEDICA;08/04/2025 18:23
666391;3460000;CTI;CLINICA MEDICA;10/04/2025 20:27;CLINICA MEDICA;17/04/2025 15:50
1123040;3460131;CTI;CENTRO CIRURGICO;19/03/2025 16:51;OBITO;20/03/2025 05:59
1003288;3460187;CTI;CLINICA CIRURGICA;14/03/2025 15:15;CLINICA CIRURGICA;15/03/2025 16:29
1134490;3460194;CTI;CENTRO CIRURGICO;01/03/2025 13:02;CLINICA MEDICA;13/03/2025 11:10
1134443;3460316;CTI;CENTRO CIRURGICO;16/04/2025 22:13;CLINICA CIRURGICA;19/04/2025 16:10
1134540;3460333;CTI;PRONTO SOCORRO;03/03/2025 23:34;OBITO;10/03/2025 18:26
1134526;3460382;CTI;CLINICA CIRURGICA;03/03/2025 13:30;TRANSFERENCIA EXTERNA;10/03/2025 14:04
643183;3460416;CTI;CLINICA CIRURGICA;06/03/2025 05:54;CLINICA MEDICA;10/03/2025 15:36
1134582;3460423;CTI;CENTRO CIRURGICO;07/03/2025 17:11;CTI;07/03/2025 17:44
1134582;3460423;CTI;CTI;07/03/2025 17:44;CLINICA MEDICA;14/03/2025 18:23
1134483;3460427;CTI;PRONTO SOCORRO;05/03/2025 20:05;CLINICA MEDICA;11/03/2025 18:41
315669;3460482;CTI;CENTRO CIRURGICO;02/03/2025 12:45;CLINICA CIRURGICA;05/03/2025 16:00
113410;3460848;CTI;PRONTO SOCORRO;05/03/2025 14:18;CLINICA MEDICA;25/03/2025 17:58
1118212;3460900;CTI;PRONTO SOCORRO;05/03/2025 17:24;CLINICA MEDICA;19/03/2025 18:17
241608;3460906;CTI;PRONTO SOCORRO;03/03/2025 22:21;OBITO;05/03/2025 06:58
607046;3460989;CTI;PRONTO SOCORRO;06/03/2025 21:12;OBITO;07/03/2025 17:31
1134787;3461025;CTI;MATERNIDADE;04/03/2025 15:28;CTI;05/03/2025 18:55
1134787;3461025;CTI;CTI;05/03/2025 18:55;CLINICA CIRURGICA;06/03/2025 12:01
1134806;3461120;CTI;PRONTO SOCORRO;04/03/2025 17:56;CLINICA CIRURGICA;06/03/2025 16:00
1132879;3461413;CTI;CLINICA CIRURGICA;23/03/2025 17:24;CLINICA MEDICA;25/03/2025 01:05
1132879;3461413;CTI;CLINICA CIRURGICA;06/04/2025 23:00;CLINICA MEDICA;20/04/2025 17:09
113839;3461513;CTI;PRONTO SOCORRO;12/03/2025 10:56;CLINICA CIRURGICA;16/03/2025 15:12
1134912;3461523;CTI;PRONTO SOCORRO;06/03/2025 00:21;CLINICA MEDICA;10/03/2025 17:46
1134912;3461523;CTI;CLINICA MEDICA;11/03/2025 22:19;TRANSFERENCIA EXTERNA;16/03/2025 20:08
1134935;3461584;CTI;PRONTO SOCORRO;05/03/2025 22:04;CLINICA CIRURGICA;07/03/2025 15:15
1134905;3461624;CTI;PRONTO SOCORRO;06/03/2025 21:44;CTI;07/03/2025 20:21
1134905;3461624;CTI;CTI;07/03/2025 20:21;TRANSFERENCIA EXTERNA;10/03/2025 15:27
420456;3461958;CTI;CLINICA MEDICA;10/03/2025 21:19;CLINICA MEDICA;23/03/2025 13:28
1023739;3461961;CTI;PRONTO SOCORRO;06/03/2025 23:01;CLINICA MEDICA;22/03/2025 16:00
1135002;3462011;CTI;PRONTO SOCORRO;07/03/2025 21:53;CLINICA MEDICA;10/03/2025 18:21
1135052;3462028;CTI;PRONTO SOCORRO;07/03/2025 01:23;CLINICA CIRURGICA;18/03/2025 17:13
553281;3462442;CTI;PRONTO SOCORRO;08/03/2025 12:08;CLINICA MEDICA;14/03/2025 18:01
540631;3462443;CTI;PRONTO SOCORRO;11/03/2025 10:12;CLINICA MEDICA;19/03/2025 14:56
419717;3462491;CTI;CENTRO CIRURGICO;08/03/2025 22:41;CLINICA MEDICA;18/03/2025 18:12
1135150;3462493;CTI;PRONTO SOCORRO;08/03/2025 15:03;TRANSFERENCIA EXTERNA;09/03/2025 20:51
1135196;3462576;CTI;PRONTO SOCORRO;10/03/2025 16:00;OBITO;17/03/2025 11:48
471494;3462588;CTI;PRONTO SOCORRO;11/03/2025 22:57;CLINICA MEDICA;13/03/2025 21:57
146601;3462603;CTI;PRONTO SOCORRO;10/03/2025 10:59;OBITO;26/03/2025 12:57
1135224;3462614;CTI;PRONTO SOCORRO;15/03/2025 00:08;CLINICA MEDICA;17/03/2025 17:50
83221;3462687;CTI;PRONTO SOCORRO;23/03/2025 20:05;CLINICA MEDICA;25/03/2025 15:42
1135277;3462735;CTI;PRONTO SOCORRO;11/03/2025 00:40;CLINICA MEDICA;18/03/2025 16:28
1047764;3462841;CTI;PRONTO SOCORRO;09/03/2025 21:42;OBITO;11/03/2025 06:41
1047239;3463234;CTI;PRONTO SOCORRO;11/03/2025 05:11;CLINICA MEDICA;13/03/2025 16:08
1135445;3463297;CTI;CENTRO CIRURGICO;10/03/2025 23:00;OBITO;11/03/2025 18:36
1135466;3463341;CTI;PRONTO SOCORRO;10/03/2025 22:30;CLINICA CIRURGICA;26/03/2025 17:12
1135466;3463341;CTI;CLINICA CIRURGICA;28/03/2025 14:22;CLINICA CIRURGICA;14/04/2025 13:42
1063425;3463450;CTI;PRONTO SOCORRO;11/03/2025 18:47;CLINICA MEDICA;14/03/2025 22:50
1113284;3463686;CTI;CENTRO CIRURGICO;13/03/2025 20:16;CLINICA CIRURGICA;15/03/2025 12:54
1108628;3463755;CTI;CENTRO CIRURGICO;12/03/2025 02:37;CLINICA CIRURGICA;12/03/2025 16:16
1135592;3463982;CTI;PRONTO SOCORRO;12/03/2025 22:39;CLINICA MEDICA;17/03/2025 11:12
384693;3464011;CTI;PRONTO SOCORRO;14/03/2025 17:44;TRANSFERENCIA EXTERNA;18/03/2025 04:58
1135643;3464154;CTI;PRONTO SOCORRO;13/03/2025 21:11;CLINICA MEDICA;17/03/2025 14:49
591437;3464202;CTI;PRONTO SOCORRO;13/03/2025 15:54;CLINICA MEDICA;20/03/2025 17:29
573935;3464443;CTI;CENTRO CIRURGICO;25/03/2025 13:51;CLINICA CIRURGICA;26/03/2025 17:33
1135600;3464502;CTI;CLINICA CIRURGICA;17/03/2025 18:51;CLINICA CIRURGICA;18/03/2025 14:28
671222;3464624;CTI;MATERNIDADE;14/03/2025 11:53;MATERNIDADE;15/03/2025 13:29
122569;3464805;CTI;CENTRO CIRURGICO;14/03/2025 20:47;CLINICA CIRURGICA;17/03/2025 14:48
1073344;3465010;CTI;PRONTO SOCORRO;15/03/2025 13:42;CENTRO CIRURGICO;15/03/2025 14:15
1073344;3465010;CTI;CENTRO CIRURGICO;15/03/2025 14:28;OBITO;15/03/2025 18:06
1027363;3465015;CTI;PRONTO SOCORRO;15/03/2025 11:08;CLINICA MEDICA;16/03/2025 14:37
1135875;3465041;CTI;PRONTO SOCORRO;15/03/2025 18:31;CLINICA MEDICA;17/03/2025 17:22
220880;3465136;CTI;PRONTO SOCORRO;15/03/2025 21:02;CLINICA MEDICA;20/03/2025 17:46
1135918;3465165;CTI;CENTRO CIRURGICO;15/03/2025 23:51;CLINICA CIRURGICA;20/03/2025 16:17
473061;3465176;CTI;PRONTO SOCORRO;16/03/2025 14:30;CLINICA MEDICA;19/03/2025 17:06
1135940;3465245;CTI;PRONTO SOCORRO;16/03/2025 22:25;OBITO;01/04/2025 20:16
1135975;3465332;CTI;CENTRO CIRURGICO;16/03/2025 20:44;OBITO;03/04/2025 17:55
1135990;3465388;CTI;PRONTO SOCORRO;17/03/2025 01:02;CLINICA MEDICA;22/03/2025 17:30
344436;3465678;CTI;PRONTO SOCORRO;17/03/2025 18:35;TRANSFERENCIA EXTERNA;02/04/2025 23:43
1125815;3465790;CTI;PRONTO SOCORRO;17/03/2025 21:20;CLINICA MEDICA;19/03/2025 13:54
1136115;3465863;CTI;PRONTO SOCORRO;18/03/2025 11:20;CLINICA CIRURGICA;19/03/2025 17:35
1136115;3465863;CTI;CENTRO CIRURGICO;10/04/2025 17:34;CENTRO CIRURGICO;10/04/2025 17:36
1136115;3465863;CTI;CENTRO CIRURGICO;10/04/2025 17:47;CLINICA CIRURGICA;11/04/2025 15:35
1136122;3465973;CTI;PRONTO SOCORRO;18/03/2025 16:29;CLINICA CIRURGICA;22/03/2025 12:22
1136157;3466101;CTI;PRONTO SOCORRO;18/03/2025 15:24;CLINICA MEDICA;25/03/2025 18:29
1136132;3466152;CTI;PRONTO SOCORRO;21/03/2025 20:48;CLINICA CIRURGICA;23/03/2025 16:23
1079434;3466238;CTI;PRONTO SOCORRO;19/03/2025 10:03;CLINICA MEDICA;20/03/2025 11:16
1136172;3466244;CTI;CENTRO CIRURGICO;27/03/2025 15:33;CLINICA CIRURGICA;28/03/2025 17:36
1079708;3466325;CTI;CENTRO CIRURGICO;14/04/2025 22:18;CLINICA CIRURGICA;16/04/2025 16:25
1136164;3466382;CTI;CENTRO CIRURGICO;22/03/2025 04:41;CLINICA CIRURGICA;25/03/2025 18:03
1041922;3466389;CTI;PRONTO SOCORRO;20/03/2025 23:44;CLINICA MEDICA;24/03/2025 17:55
1136209;3466402;CTI;PRONTO SOCORRO;19/03/2025 09:39;OBITO;30/03/2025 09:30
1113704;3466411;CTI;PRONTO SOCORRO;19/03/2025 09:35;CLINICA MEDICA;29/03/2025 15:55
1136207;3466451;CTI;CENTRO CIRURGICO;19/03/2025 20:21;CLINICA CIRURGICA;22/03/2025 12:14
1135698;3466475;CTI;PRONTO SOCORRO;19/03/2025 18:35;CLINICA MEDICA;24/03/2025 17:04
575653;3466622;CTI;PRONTO SOCORRO;20/03/2025 12:49;CLINICA MEDICA;27/03/2025 17:14
575653;3466622;CTI;CLINICA MEDICA;02/05/2025 12:46;CLINICA MEDICA;28/05/2025 17:48
1136321;3466795;CTI;PRONTO SOCORRO;20/03/2025 10:05;CLINICA MEDICA;25/03/2025 15:57
1129439;3466909;CTI;PRONTO SOCORRO;20/03/2025 16:51;CLINICA MEDICA;24/03/2025 18:05
1112508;3466922;CTI;PRONTO SOCORRO;20/03/2025 17:20;CLINICA MEDICA;21/03/2025 18:10
1136351;3466954;CTI;CENTRO CIRURGICO;31/03/2025 21:31;CLINICA CIRURGICA;03/04/2025 20:27
1083304;3466986;CTI;CENTRO CIRURGICO;29/03/2025 11:42;CLINICA CIRURGICA;30/03/2025 16:02
598844;3467007;CTI;PRONTO SOCORRO;21/03/2025 01:01;OBITO;23/03/2025 05:39
1136376;3467036;CTI;PRONTO SOCORRO;21/03/2025 17:03;CLINICA MEDICA;24/03/2025 18:07
22991;3467281;CTI;CLINICA CIRURGICA;14/04/2025 17:54;OBITO;20/04/2025 11:18
1018231;3467312;CTI;PRONTO SOCORRO;21/03/2025 22:39;CLINICA MEDICA;01/04/2025 13:59
1136449;3467363;CTI;CENTRO CIRURGICO;22/03/2025 19:36;OBITO;23/03/2025 20:25
1136484;3467405;CTI;PRONTO SOCORRO;22/03/2025 17:02;CLINICA MEDICA;24/04/2025 16:03
1136520;3467488;CTI;PRONTO SOCORRO;22/03/2025 16:31;OBITO;26/03/2025 12:54
1136551;3467555;CTI;CENTRO CIRURGICO;22/03/2025 23:03;CLINICA CIRURGICA;31/03/2025 18:03
1136588;3467617;CTI;PRONTO SOCORRO;23/03/2025 09:34;CLINICA MEDICA;06/04/2025 11:54
1136576;3467626;CTI;CENTRO CIRURGICO;29/03/2025 17:49;OBITO;13/04/2025 11:44
1136595;3467694;CTI;PRONTO SOCORRO;24/03/2025 00:40;CLINICA MEDICA;13/04/2025 16:31
1136647;3467807;CTI;PRONTO SOCORRO;24/03/2025 18:46;CLINICA MEDICA;08/04/2025 16:25
1136638;3467971;CTI;CENTRO CIRURGICO;24/03/2025 14:15;CLINICA CIRURGICA;26/03/2025 18:32
1136618;3467985;CTI;CENTRO CIRURGICO;30/03/2025 16:56;CLINICA CIRURGICA;08/04/2025 16:25
1136668;3467998;CTI;PRONTO SOCORRO;24/03/2025 12:33;OBITO;12/04/2025 16:23
345809;3468065;CTI;PRONTO SOCORRO;24/03/2025 22:28;TRANSFERENCIA EXTERNA;28/03/2025 00:19
38077;3468156;CTI;CENTRO CIRURGICO;08/04/2025 15:17;CLINICA CIRURGICA;10/04/2025 16:50
1136678;3468160;CTI;PRONTO SOCORRO;25/03/2025 10:35;CLINICA CIRURGICA;26/03/2025 17:51
1136831;3468629;CTI;PRONTO SOCORRO;25/03/2025 18:04;CLINICA CIRURGICA;28/03/2025 11:33
1113066;3468664;CTI;CENTRO CIRURGICO;25/03/2025 21:34;CLINICA MEDICA;26/03/2025 17:43
1133471;3468680;CTI;CENTRO CIRURGICO;26/03/2025 11:56;OBITO;29/03/2025 06:44
112685;3468737;CTI;PRONTO SOCORRO;26/03/2025 20:17;CLINICA MEDICA;07/04/2025 16:19
1136891;3468738;CTI;PRONTO SOCORRO;26/03/2025 14:23;CTI;26/03/2025 15:50
1136891;3468738;CTI;CTI;26/03/2025 15:50;CLINICA MEDICA;11/04/2025 21:01
1136906;3468760;CTI;PRONTO SOCORRO;26/03/2025 13:19;CLINICA MEDICA;10/04/2025 16:12
1136912;3468782;CTI;PRONTO SOCORRO;26/03/2025 22:25;CLINICA MEDICA;28/03/2025 18:03
523519;3468982;CTI;CLINICA CIRURGICA;08/04/2025 17:48;CLINICA CIRURGICA;09/04/2025 16:53
119366;3469136;CTI;PRONTO SOCORRO;27/03/2025 03:05;CLINICA CIRURGICA;01/04/2025 15:03
119366;3469136;CTI;CLINICA CIRURGICA;09/04/2025 15:34;CLINICA CIRURGICA;16/04/2025 17:30
1132950;3469143;CTI;PRONTO SOCORRO;27/03/2025 22:15;OBITO;04/04/2025 20:50
1137006;3469147;CTI;PRONTO SOCORRO;27/03/2025 10:49;OBITO;22/04/2025 02:20
432904;3469166;CTI;CLINICA CIRURGICA;29/03/2025 13:55;CLINICA CIRURGICA;01/04/2025 22:36
1137004;3469172;CTI;CENTRO CIRURGICO;27/03/2025 21:29;CLINICA CIRURGICA;30/03/2025 14:11
1109898;3469292;CTI;CENTRO CIRURGICO;07/04/2025 18:42;OBITO;09/04/2025 22:40
1137050;3469395;CTI;PRONTO SOCORRO;27/03/2025 18:05;CLINICA MEDICA;02/04/2025 14:59
325996;3469514;CTI;PRONTO SOCORRO;28/03/2025 06:05;TRANSFERENCIA EXTERNA;29/03/2025 22:07
1137016;3469532;CTI;CENTRO CIRURGICO;28/03/2025 19:32;CLINICA CIRURGICA;31/03/2025 17:22
1137082;3469534;CTI;PRONTO SOCORRO;30/03/2025 16:08;CLINICA MEDICA;04/04/2025 14:48
1137117;3469706;CTI;CENTRO CIRURGICO;28/03/2025 21:05;CLINICA CIRURGICA;31/03/2025 16:10
1137127;3469758;CTI;PRONTO SOCORRO;30/03/2025 00:10;CENTRO CIRURGICO;03/04/2025 19:06
1119041;3469818;CTI;PRONTO SOCORRO;01/04/2025 22:37;CLINICA MEDICA;03/04/2025 17:23
1100056;3469825;CTI;CENTRO CIRURGICO;29/03/2025 01:09;CLINICA MEDICA;09/04/2025 12:26
1137200;3469922;CTI;CENTRO CIRURGICO;04/04/2025 20:31;CLINICA CIRURGICA;06/04/2025 18:17
613944;3470013;CTI;CENTRO CIRURGICO;24/04/2025 18:20;CLINICA CIRURGICA;26/04/2025 21:52
372734;3470108;CTI;CLINICA MEDICA;17/04/2025 09:49;OBITO;21/04/2025 02:29
1137276;3470154;CTI;PRONTO SOCORRO;30/03/2025 21:15;CLINICA CIRURGICA;01/04/2025 17:56
1137359;3470335;CTI;PRONTO SOCORRO;31/03/2025 23:37;CLINICA CIRURGICA;28/04/2025 16:32
1137336;3470474;CTI;CENTRO CIRURGICO;01/04/2025 21:44;CLINICA CIRURGICA;04/04/2025 16:22
254359;3470566;CTI;PRONTO SOCORRO;01/04/2025 10:26;CTI;07/04/2025 17:43
254359;3470566;CTI;CTI;07/04/2025 17:43;CLINICA MEDICA;14/04/2025 16:45
1134029;3471105;CTI;PRONTO SOCORRO;01/04/2025 16:51;CLINICA MEDICA;08/04/2025 00:11
1065330;3471124;CTI;PRONTO SOCORRO;03/04/2025 23:23;CLINICA MEDICA;07/04/2025 17:33
1137499;3471125;CTI;PRONTO SOCORRO;01/04/2025 18:30;OBITO;04/04/2025 17:59
1117315;3471220;CTI;PRONTO SOCORRO;04/04/2025 22:52;OBITO;20/04/2025 12:50
1073831;3471232;CTI;PRONTO SOCORRO;02/04/2025 11:55;CTI;18/04/2025 13:33
1073831;3471232;CTI;CTI;18/04/2025 13:33;OBITO;29/04/2025 16:18
1128012;3471498;CTI;CLINICA CIRURGICA;06/05/2025 16:58;CLINICA CIRURGICA;07/05/2025 17:21
1137642;3471539;CTI;CLINICA CIRURGICA;17/04/2025 17:39;CLINICA CIRURGICA;18/04/2025 15:25
433870;3471616;CTI;PRONTO SOCORRO;03/04/2025 01:29;CLINICA MEDICA;04/04/2025 18:03
1108126;3471635;CTI;PRONTO SOCORRO;03/04/2025 20:47;CLINICA CIRURGICA;06/04/2025 18:04
74069;3471826;CTI;PRONTO SOCORRO;03/04/2025 10:26;OBITO;04/04/2025 12:38
1137715;3471842;CTI;CENTRO CIRURGICO;04/04/2025 00:38;CLINICA MEDICA;18/04/2025 11:40
1098789;3471955;CTI;CENTRO CIRURGICO;04/04/2025 13:03;CLINICA CIRURGICA;07/04/2025 15:26
1133092;3471990;CTI;PRONTO SOCORRO;04/04/2025 17:28;CLINICA MEDICA;22/04/2025 17:55
1137726;3472003;CTI;PRONTO SOCORRO;04/04/2025 17:27;CLINICA CIRURGICA;07/04/2025 20:22
1137725;3472013;CTI;CENTRO CIRURGICO;16/04/2025 20:23;CLINICA CIRURGICA;18/04/2025 14:56
1137725;3472013;CTI;CLINICA CIRURGICA;18/04/2025 15:21;CLINICA CIRURGICA;18/04/2025 17:52
1052501;3472107;CTI;CENTRO CIRURGICO;14/04/2025 18:11;CLINICA CIRURGICA;25/04/2025 13:18
1105661;3472212;CTI;CLINICA MEDICA;06/04/2025 17:39;TRANSFERENCIA EXTERNA;15/04/2025 21:12
1137740;3472229;CTI;CENTRO CIRURGICO;11/04/2025 21:42;CTI;12/04/2025 17:13
1137740;3472229;CTI;CTI;12/04/2025 17:13;OBITO;17/04/2025 05:25
1137723;3472344;CTI;CENTRO CIRURGICO;18/04/2025 20:22;CLINICA CIRURGICA;19/04/2025 16:48
1137869;3472437;CTI;CENTRO CIRURGICO;05/04/2025 02:28;CLINICA CIRURGICA;15/04/2025 18:30
1137895;3472503;CTI;CENTRO CIRURGICO;05/04/2025 09:50;CLINICA MEDICA;15/04/2025 17:02
642462;3472758;CTI;PRONTO SOCORRO;07/04/2025 22:30;CLINICA MEDICA;10/04/2025 15:45
1138064;3472949;CTI;PRONTO SOCORRO;09/04/2025 05:31;CLINICA MEDICA;22/04/2025 17:44
1138064;3472949;CTI;CLINICA MEDICA;30/04/2025 16:35;OBITO;08/05/2025 10:54
1138071;3472982;CTI;PRONTO SOCORRO;07/04/2025 22:59;CLINICA MEDICA;29/04/2025 16:18
1134106;3473202;CTI;CLINICA MEDICA;25/04/2025 20:40;CLINICA MEDICA;10/05/2025 17:03
600436;3473204;CTI;PRONTO SOCORRO;07/04/2025 22:44;CLINICA MEDICA;09/04/2025 16:41
1138104;3473305;CTI;PRONTO SOCORRO;13/04/2025 21:29;CLINICA MEDICA;01/05/2025 16:22
601678;3473416;CTI;CLINICA MEDICA;29/04/2025 18:39;CLINICA MEDICA;30/04/2025 15:48
1138105;3473440;CTI;CENTRO CIRURGICO;02/05/2025 21:09;CLINICA CIRURGICA;04/05/2025 11:35
1138105;3473440;CTI;CENTRO CIRURGICO;08/05/2025 17:29;CLINICA CIRURGICA;09/05/2025 17:54
382302;3473638;CTI;CLINICA CIRURGICA;12/04/2025 18:30;CLINICA MEDICA;16/04/2025 14:26
1138230;3473680;CTI;CENTRO CIRURGICO;08/04/2025 22:25;CLINICA CIRURGICA;10/04/2025 14:00
355402;3473740;CTI;CENTRO CIRURGICO;09/04/2025 20:15;CLINICA MEDICA;18/04/2025 11:06
1138258;3473818;CTI;CLINICA CIRURGICA;16/04/2025 21:35;CTI;22/04/2025 11:05
1138258;3473818;CTI;CTI;22/04/2025 11:05;CLINICA MEDICA;25/04/2025 16:44
1138298;3474028;CTI;CLINICA MEDICA;12/04/2025 20:57;TRANSFERENCIA EXTERNA;18/04/2025 18:39
1138262;3474045;CTI;CENTRO CIRURGICO;10/04/2025 02:02;CLINICA MEDICA;14/04/2025 17:40
1138359;3474137;CTI;PRONTO SOCORRO;10/04/2025 16:34;CLINICA MEDICA;15/04/2025 17:04
1138372;3474151;CTI;CENTRO CIRURGICO;09/04/2025 22:53;CLINICA CIRURGICA;12/04/2025 16:13
1138398;3474216;CTI;CENTRO CIRURGICO;10/04/2025 18:23;CTI;10/04/2025 18:28
1138398;3474216;CTI;CTI;10/04/2025 18:28;CLINICA CIRURGICA;11/04/2025 14:52
1138441;3474520;CTI;CENTRO CIRURGICO;10/04/2025 22:26;CLINICA CIRURGICA;12/04/2025 14:33
1138442;3474585;CTI;CENTRO CIRURGICO;11/04/2025 16:06;CLINICA CIRURGICA;13/04/2025 14:14
1138428;3474644;CTI;CLINICA MEDICA;14/04/2025 16:12;OBITO;16/04/2025 05:45
1138532;3474938;CTI;CENTRO CIRURGICO;12/04/2025 03:50;CLINICA CIRURGICA;17/04/2025 15:13
1138531;3474955;CTI;PRONTO SOCORRO;12/04/2025 15:54;CTI;12/04/2025 16:32
1138531;3474955;CTI;CTI;12/04/2025 16:32;OBITO;14/04/2025 07:32
1070345;3474994;CTI;CENTRO CIRURGICO;13/04/2025 12:25;CLINICA CIRURGICA;26/04/2025 17:31
1138603;3475055;CTI;CENTRO CIRURGICO;15/04/2025 21:48;CLINICA CIRURGICA;17/04/2025 15:34
156121;3475219;CTI;PRONTO SOCORRO;13/04/2025 18:20;OBITO;27/04/2025 03:35
1138781;3475690;CTI;PRONTO SOCORRO;14/04/2025 12:23;CLINICA MEDICA;16/04/2025 15:50
1122313;3475877;CTI;CENTRO CIRURGICO;15/04/2025 18:46;OBITO;22/04/2025 15:42
1138780;3475929;CTI;CENTRO CIRURGICO;15/04/2025 18:43;CLINICA CIRURGICA;17/04/2025 17:41
1138832;3475934;CTI;CENTRO CIRURGICO;21/04/2025 20:27;CLINICA MEDICA;05/05/2025 17:44
1079111;3475937;CTI;CENTRO CIRURGICO;22/04/2025 18:08;CENTRO CIRURGICO;22/04/2025 18:24
1079111;3475937;CTI;CENTRO CIRURGICO;22/04/2025 20:17;CLINICA CIRURGICA;29/04/2025 15:45
1138842;3475942;CTI;CLINICA CIRURGICA;18/04/2025 22:33;CLINICA CIRURGICA;19/04/2025 17:30
184334;3475950;CTI;CENTRO CIRURGICO;15/04/2025 22:51;CLINICA CIRURGICA;18/04/2025 17:46
1138886;3476242;CTI;CLINICA CIRURGICA;23/04/2025 11:18;OBITO;20/05/2025 08:04
1138963;3476370;CTI;PRONTO SOCORRO;18/04/2025 17:52;CLINICA MEDICA;06/05/2025 16:05
1138944;3476371;CTI;PRONTO SOCORRO;16/04/2025 11:28;CLINICA MEDICA;01/05/2025 16:43
1139009;3476672;CTI;CENTRO CIRURGICO;16/04/2025 22:57;TRANSFERENCIA EXTERNA;17/04/2025 19:04
1138991;3476725;CTI;CLINICA MEDICA;09/05/2025 21:08;CLINICA CIRURGICA;11/05/2025 16:32
559421;3476856;CTI;CENTRO CIRURGICO;17/04/2025 17:39;CLINICA CIRURGICA;20/04/2025 11:03
1040879;3476881;CTI;CENTRO CIRURGICO;20/04/2025 01:34;CLINICA MEDICA;23/04/2025 16:21
1139091;3476976;CTI;CENTRO CIRURGICO;17/04/2025 21:24;CLINICA CIRURGICA;21/04/2025 18:17
1139139;3477092;CTI;CENTRO CIRURGICO;18/04/2025 10:58;CLINICA CIRURGICA;22/04/2025 17:03
1139140;3477096;CTI;CENTRO CIRURGICO;18/04/2025 12:16;CLINICA CIRURGICA;20/04/2025 15:54
1136473;3477157;CTI;CENTRO CIRURGICO;05/05/2025 18:17;CLINICA CIRURGICA;07/05/2025 17:37
1139176;3477196;CTI;PRONTO SOCORRO;18/04/2025 23:31;CTI;20/04/2025 12:05
1139176;3477196;CTI;CTI;20/04/2025 12:05;CLINICA MEDICA;25/04/2025 17:51
1136422;3477237;CTI;CENTRO CIRURGICO;14/05/2025 20:52;CLINICA CIRURGICA;19/05/2025 18:23
589600;3477255;CTI;PRONTO SOCORRO;19/04/2025 20:43;OBITO;29/04/2025 08:41
1139223;3477328;CTI;CLINICA MEDICA;02/05/2025 02:10;OBITO;06/05/2025 13:57
1139244;3477344;CTI;PRONTO SOCORRO;19/04/2025 05:24;TRANSFERENCIA EXTERNA;01/05/2025 01:30
594939;3477364;CTI;CENTRO CIRURGICO;19/04/2025 13:48;CLINICA CIRURGICA;22/04/2025 16:11
1139287;3477496;CTI;PRONTO SOCORRO;20/04/2025 16:27;CLINICA MEDICA;17/05/2025 11:17
1121368;3477552;CTI;CENTRO CIRURGICO;20/04/2025 08:39;OBITO;30/04/2025 18:11
1139346;3477700;CTI;PRONTO SOCORRO;20/04/2025 22:27;CLINICA MEDICA;22/04/2025 16:37
390211;3477715;CTI;PRONTO SOCORRO;20/04/2025 16:47;CLINICA MEDICA;30/04/2025 22:37
380952;3477776;CTI;PRONTO SOCORRO;20/04/2025 23:55;OBITO;23/04/2025 07:25
1139379;3477825;CTI;CLINICA MEDICA;25/04/2025 16:31;OBITO;26/05/2025 00:37
343506;3477942;CTI;PRONTO SOCORRO;21/04/2025 14:44;OBITO;30/04/2025 18:28
1084919;3478086;CTI;PRONTO SOCORRO;22/04/2025 02:37;CLINICA MEDICA;08/05/2025 14:23
1139491;3478130;CTI;CENTRO CIRURGICO;22/04/2025 17:31;CLINICA MEDICA;27/04/2025 16:12
615225;3478143;CTI;PRONTO SOCORRO;22/04/2025 15:54;CLINICA MEDICA;24/04/2025 18:55
1139540;3478372;CTI;PRONTO SOCORRO;22/04/2025 19:59;CLINICA MEDICA;07/05/2025 14:57
571912;3478480;CTI;CENTRO CIRURGICO;25/04/2025 01:12;CLINICA CIRURGICA;27/04/2025 14:54
1110329;3478513;CTI;PRONTO SOCORRO;23/04/2025 00:21;CLINICA MEDICA;25/04/2025 15:34
1110329;3478513;CTI;CLINICA MEDICA;29/04/2025 14:46;TRANSFERENCIA EXTERNA;02/05/2025 01:08
1139504;3478523;CTI;CLINICA CIRURGICA;29/04/2025 16:25;CLINICA CIRURGICA;02/05/2025 17:56
115525;3478525;CTI;PRONTO SOCORRO;23/04/2025 11:20;CLINICA MEDICA;25/04/2025 12:18
1139632;3478535;CTI;CENTRO CIRURGICO;23/04/2025 09:00;CLINICA CIRURGICA;25/04/2025 12:07
1032959;3478733;CTI;PRONTO SOCORRO;28/04/2025 20:43;CLINICA MEDICA;07/05/2025 16:24
1139706;3478862;CTI;CENTRO CIRURGICO;23/04/2025 20:15;CLINICA CIRURGICA;13/05/2025 16:46
1139814;3479328;CTI;PRONTO SOCORRO;26/04/2025 04:45;CLINICA MEDICA;27/05/2025 18:01
1139829;3479384;CTI;CENTRO CIRURGICO;25/04/2025 14:33;CLINICA CIRURGICA;27/04/2025 10:40
1139853;3479431;CTI;CENTRO CIRURGICO;25/04/2025 14:33;CLINICA MEDICA;13/05/2025 15:34
668392;3479514;CTI;PRONTO SOCORRO;27/04/2025 18:00;TRANSFERENCIA EXTERNA;01/05/2025 11:47
1139905;3479704;CTI;CENTRO CIRURGICO;25/04/2025 21:36;CLINICA CIRURGICA;29/04/2025 17:43
1139965;3479842;CTI;CENTRO CIRURGICO;26/04/2025 20:18;CLINICA MEDICA;12/05/2025 18:08
1139975;3479950;CTI;PRONTO SOCORRO;27/04/2025 00:31;CLINICA MEDICA;14/05/2025 12:55
1139974;3479994;CTI;PRONTO SOCORRO;29/04/2025 06:17;CLINICA MEDICA;13/05/2025 14:23
1139995;3480002;CTI;CENTRO CIRURGICO;27/04/2025 11:07;CLINICA MEDICA;04/05/2025 15:13
1140025;3480072;CTI;PRONTO SOCORRO;28/04/2025 11:07;OBITO;07/05/2025 05:30
593342;3480106;CTI;PRONTO SOCORRO;27/04/2025 13:38;CLINICA MEDICA;02/05/2025 17:21
1140042;3480166;CTI;CLINICA MEDICA;29/04/2025 22:00;CLINICA MEDICA;05/05/2025 17:17
1046148;3480693;CTI;PRONTO SOCORRO;01/05/2025 16:03;PRONTO SOCORRO;01/05/2025 16:24
1140195;3480718;CTI;PRONTO SOCORRO;29/04/2025 18:38;OBITO;30/04/2025 02:55
1009221;3480723;CTI;PRONTO SOCORRO;08/05/2025 02:58;OBITO;20/05/2025 05:50
604436;3480743;CTI;PRONTO SOCORRO;29/04/2025 03:56;PRONTO SOCORRO;29/04/2025 06:01
1140215;3480761;CTI;PRONTO SOCORRO;30/04/2025 17:24;CLINICA MEDICA;04/06/2025 15:26
593685;3481062;CTI;PRONTO SOCORRO;01/05/2025 11:38;OBITO;04/05/2025 22:21
1140172;3481064;CTI;CLINICA CIRURGICA;07/05/2025 19:02;OBITO;09/05/2025 12:51
1140264;3481106;CTI;CLINICA CIRURGICA;02/05/2025 18:49;CTI;02/05/2025 19:28
1140264;3481106;CTI;CTI;02/05/2025 19:28;CLINICA CIRURGICA;03/05/2025 12:24
1140290;3481128;CTI;PRONTO SOCORRO;01/05/2025 16:45;CTI;15/05/2025 23:12
1140290;3481128;CTI;CTI;15/05/2025 23:12;OBITO;27/05/2025 02:09
1140271;3481320;CTI;CLINICA CIRURGICA;08/05/2025 16:27;CLINICA CIRURGICA;11/05/2025 11:31
624137;3481357;CTI;CENTRO CIRURGICO;30/04/2025 18:30;CLINICA MEDICA;14/05/2025 15:48
1104970;3481417;CTI;PRONTO SOCORRO;01/05/2025 21:44;CLINICA MEDICA;21/05/2025 16:28
1140357;3481458;CTI;CENTRO CIRURGICO;01/05/2025 02:32;CLINICA MEDICA;22/05/2025 16:38
629670;3481484;CTI;PRONTO SOCORRO;01/05/2025 10:44;CTI;04/05/2025 23:05
629670;3481484;CTI;CTI;04/05/2025 23:05;CLINICA MEDICA;09/05/2025 22:13
1140328;3481565;CTI;CENTRO CIRURGICO;21/05/2025 14:58;CLINICA CIRURGICA;25/05/2025 13:24
1136678;3481668;CTI;CLINICA MEDICA;30/05/2025 00:51;CLINICA MEDICA;10/06/2025 17:44
1140442;3481692;CTI;PRONTO SOCORRO;04/05/2025 21:44;CTI;05/05/2025 02:18
1140442;3481692;CTI;CTI;05/05/2025 02:18;TRANSFERENCIA EXTERNA;08/05/2025 03:15
1140441;3481797;CTI;MATERNIDADE;15/05/2025 20:46;MATERNIDADE;17/05/2025 11:40
1140451;3481842;CTI;PRONTO SOCORRO;03/05/2025 16:27;CLINICA CIRURGICA;08/05/2025 17:17
1140157;3481965;CTI;CLINICA CIRURGICA;13/05/2025 11:01;CLINICA MEDICA;16/05/2025 17:40
1135326;3482055;CTI;CLINICA MEDICA;07/05/2025 23:15;TRANSFERENCIA EXTERNA;27/05/2025 23:54
1140640;3482392;CTI;PRONTO SOCORRO;05/05/2025 10:49;OBITO;06/05/2025 12:39
1140657;3482426;CTI;CENTRO CIRURGICO;04/05/2025 22:40;TRANSFERENCIA EXTERNA;10/05/2025 18:07
1140702;3482669;CTI;PRONTO SOCORRO;10/05/2025 16:15;OBITO;17/05/2025 01:43
1140725;3482703;CTI;PRONTO SOCORRO;05/05/2025 21:25;CLINICA CIRURGICA;07/05/2025 17:38
1044266;3482806;CTI;PRONTO SOCORRO;06/05/2025 12:48;CTI;08/05/2025 14:09
1044266;3482806;CTI;CTI;08/05/2025 14:09;CTI;17/05/2025 13:56
1044266;3482806;CTI;CTI;17/05/2025 13:56;CLINICA CIRURGICA;18/05/2025 17:43
1040107;3483170;CTI;CENTRO CIRURGICO;06/05/2025 23:51;CLINICA CIRURGICA;16/05/2025 14:25
1140828;3483211;CTI;CENTRO CIRURGICO;07/05/2025 18:22;CLINICA CIRURGICA;10/05/2025 11:38
70728;3483242;CTI;CLINICA MEDICA;15/05/2025 17:57;CLINICA MEDICA;19/05/2025 14:46
70728;3483242;CTI;CLINICA MEDICA;20/05/2025 00:51;CLINICA MEDICA;29/05/2025 18:22
1140833;3483254;CTI;CLINICA MEDICA;09/05/2025 22:27;CLINICA MEDICA;15/05/2025 20:02
573833;3483361;CTI;PRONTO SOCORRO;07/05/2025 11:29;OBITO;12/05/2025 18:09
1140840;3483365;CTI;PRONTO SOCORRO;11/05/2025 13:43;CLINICA MEDICA;28/05/2025 17:35
560983;3483433;CTI;PRONTO SOCORRO;08/05/2025 04:14;CLINICA MEDICA;21/05/2025 11:09
1108039;3483470;CTI;CENTRO CIRURGICO;08/05/2025 20:30;CLINICA CIRURGICA;10/05/2025 18:11
624283;3483527;CTI;PRONTO SOCORRO;08/05/2025 11:01;CLINICA CIRURGICA;09/05/2025 16:20
1017140;3483546;CTI;PRONTO SOCORRO;10/05/2025 22:18;CLINICA MEDICA;13/05/2025 15:01
1138129;3483915;CTI;CLINICA CIRURGICA;13/05/2025 20:20;CLINICA CIRURGICA;15/05/2025 16:13
1138048;3483956;CTI;CENTRO CIRURGICO;17/05/2025 04:03;CTI;17/05/2025 04:13
1138048;3483956;CTI;CTI;17/05/2025 04:13;CLINICA CIRURGICA;18/05/2025 15:17
1141005;3483964;CTI;PRONTO SOCORRO;10/05/2025 10:03;CLINICA MEDICA;12/05/2025 12:57
1128811;3484080;CTI;PRONTO SOCORRO;09/05/2025 17:49;CLINICA MEDICA;11/05/2025 15:42
1141069;3484175;CTI;CENTRO CIRURGICO;09/05/2025 18:55;CLINICA CIRURGICA;20/05/2025 20:12
1141150;3484446;CTI;PRONTO SOCORRO;10/05/2025 19:52;CLINICA MEDICA;30/05/2025 18:19
1141206;3484549;CTI;PRONTO SOCORRO;11/05/2025 06:00;CLINICA CIRURGICA;14/05/2025 20:20
1141207;3484550;CTI;CENTRO CIRURGICO;11/05/2025 17:01;CLINICA CIRURGICA;14/05/2025 17:22
1141223;3484617;CTI;PRONTO SOCORRO;15/05/2025 17:04;OBITO;19/05/2025 15:29
468177;3484654;CTI;CLINICA MEDICA;13/05/2025 22:52;CLINICA MEDICA;19/05/2025 17:54
458661;3484664;CTI;MATERNIDADE;11/05/2025 21:09;MATERNIDADE;13/05/2025 20:45
1073011;3484675;CTI;CENTRO CIRURGICO;12/05/2025 20:26;CLINICA CIRURGICA;14/05/2025 15:17
1052008;3484703;CTI;CLINICA MEDICA;12/05/2025 16:04;CLINICA CIRURGICA;15/05/2025 15:00
632571;3484717;CTI;CLINICA MEDICA;03/06/2025 11:56;CLINICA MEDICA;04/06/2025 21:50
1141274;3484768;CTI;CENTRO CIRURGICO;12/05/2025 18:29;OBITO;13/05/2025 05:44
1125001;3485058;CTI;PRONTO SOCORRO;13/05/2025 17:28;OBITO;19/05/2025 15:31
135933;3485105;CTI;CLINICA CIRURGICA;18/05/2025 15:22;CLINICA MEDICA;27/05/2025 18:17
1140099;3485149;CTI;CLINICA CIRURGICA;28/05/2025 20:21;CLINICA CIRURGICA;29/05/2025 17:40
1141363;3485161;CTI;PRONTO SOCORRO;15/05/2025 18:43;CLINICA MEDICA;19/05/2025 19:19
1141377;3485192;CTI;PRONTO SOCORRO;15/05/2025 10:21;CLINICA MEDICA;10/06/2025 17:42
671616;3485204;CTI;CLINICA MEDICA;19/05/2025 22:32;CLINICA CIRURGICA;20/05/2025 14:27
1019334;3485265;CTI;PRONTO SOCORRO;19/05/2025 10:25;OBITO;25/05/2025 06:33
468795;3485475;CTI;PRONTO SOCORRO;13/05/2025 17:03;OBITO;15/05/2025 15:02
1124862;3485489;CTI;PRONTO SOCORRO;14/05/2025 21:44;TRANSFERENCIA EXTERNA;17/05/2025 01:29
1140586;3485528;CTI;CENTRO CIRURGICO;13/05/2025 20:59;CLINICA CIRURGICA;14/05/2025 15:16
1027290;3485535;CTI;PRONTO SOCORRO;14/05/2025 17:24;PRONTO SOCORRO;14/05/2025 17:39
1141440;3485543;CTI;CENTRO CIRURGICO;20/05/2025 20:07;CLINICA CIRURGICA;21/05/2025 14:55
1141492;3485660;CTI;CENTRO CIRURGICO;14/05/2025 14:56;CLINICA CIRURGICA;15/05/2025 17:49
1141500;3485726;CTI;PRONTO SOCORRO;15/05/2025 09:24;CLINICA CIRURGICA;26/05/2025 20:09
1141490;3485868;CTI;PRONTO SOCORRO;17/05/2025 17:00;CLINICA CIRURGICA;10/06/2025 17:27
1141540;3485882;CTI;CLINICA CIRURGICA;06/06/2025 17:42;CLINICA CIRURGICA;09/06/2025 20:56
1141518;3485919;CTI;PRONTO SOCORRO;14/05/2025 22:19;OBITO;16/05/2025 05:47
330217;3486231;CTI;CLINICA CIRURGICA;19/05/2025 16:41;CLINICA MEDICA;26/05/2025 20:08
1141610;3486276;CTI;CENTRO CIRURGICO;16/05/2025 20:22;CLINICA CIRURGICA;18/05/2025 14:57
1141618;3486278;CTI;CLINICA CIRURGICA;21/05/2025 18:14;CLINICA CIRURGICA;22/05/2025 17:29
1141618;3486278;CTI;CENTRO CIRURGICO;27/05/2025 23:13;CLINICA CIRURGICA;30/05/2025 21:00
1141643;3486310;CTI;PRONTO SOCORRO;16/05/2025 00:20;CTI;22/05/2025 17:45
1141643;3486310;CTI;CTI;22/05/2025 17:45;CLINICA MEDICA;28/05/2025 11:26
671800;3486347;CTI;PRONTO SOCORRO;16/05/2025 13:44;CENTRO CIRURGICO;16/05/2025 17:54
671800;3486347;CTI;CENTRO CIRURGICO;16/05/2025 18:09;CLINICA MEDICA;16/06/2025 16:34
1016754;3486360;CTI;PRONTO SOCORRO;19/05/2025 22:37;CLINICA MEDICA;18/06/2025 15:59
1107103;3486379;CTI;CENTRO CIRURGICO;16/05/2025 17:01;CLINICA CIRURGICA;18/05/2025 17:52
1072130;3486692;CTI;CENTRO CIRURGICO;17/05/2025 06:16;OBITO;27/05/2025 10:24
1141745;3486725;CTI;CENTRO CIRURGICO;17/05/2025 14:18;TRANSFERENCIA EXTERNA;20/05/2025 05:48
1141698;3486792;CTI;PRONTO SOCORRO;28/05/2025 15:02;CLINICA MEDICA;24/06/2025 17:47
1141674;3486797;CTI;CLINICA MEDICA;23/05/2025 22:32;CTI;28/05/2025 10:26
1141674;3486797;CTI;CTI;28/05/2025 10:26;CLINICA MEDICA;03/06/2025 18:36
666391;3486959;CTI;PRONTO SOCORRO;19/05/2025 17:31;CLINICA MEDICA;02/06/2025 18:03
1141809;3486988;CTI;PRONTO SOCORRO;31/05/2025 01:51;CLINICA MEDICA;09/06/2025 16:05
1141873;3487048;CTI;CENTRO CIRURGICO;18/05/2025 20:30;CLINICA MEDICA;21/05/2025 23:24
1065153;3487089;CTI;PRONTO SOCORRO;18/05/2025 18:24;CLINICA MEDICA;22/05/2025 10:38
1141892;3487153;CTI;CLINICA MEDICA;28/05/2025 13:08;CLINICA CIRURGICA;29/05/2025 16:32
1141915;3487168;CTI;PRONTO SOCORRO;19/05/2025 01:21;PRONTO SOCORRO;19/05/2025 02:30
1141915;3487168;CTI;PRONTO SOCORRO;20/05/2025 16:28;CLINICA MEDICA;30/05/2025 17:40
1141980;3487463;CTI;CENTRO CIRURGICO;19/05/2025 21:36;CLINICA CIRURGICA;27/05/2025 17:24
1141961;3487492;CTI;CLINICA CIRURGICA;23/05/2025 07:26;OBITO;30/05/2025 15:20
1142025;3487674;CTI;CENTRO CIRURGICO;20/05/2025 11:48;OBITO;21/05/2025 06:26
1141977;3487695;CTI;PRONTO SOCORRO;22/05/2025 03:21;CLINICA MEDICA;27/05/2025 10:51
1142039;3487784;CTI;PRONTO SOCORRO;21/05/2025 12:34;CLINICA MEDICA;23/05/2025 18:28
1102405;3487865;CTI;PRONTO SOCORRO;20/05/2025 15:03;CENTRO CIRURGICO;23/05/2025 12:00
1142063;3487931;CTI;CLINICA MEDICA;03/06/2025 23:36;CLINICA MEDICA;27/06/2025 13:32
1121700;3488010;CTI;PRONTO SOCORRO;21/05/2025 09:11;CLINICA MEDICA;30/05/2025 15:28
1142095;3488130;CTI;CENTRO CIRURGICO;23/05/2025 18:02;CLINICA CIRURGICA;26/05/2025 15:54
682646;3488236;CTI;CENTRO CIRURGICO;22/05/2025 18:50;CLINICA CIRURGICA;23/05/2025 16:41
1131340;3488315;CTI;PRONTO SOCORRO;21/05/2025 23:57;CLINICA MEDICA;20/06/2025 16:41
1142163;3488328;CTI;CLINICA CIRURGICA;25/05/2025 15:57;CLINICA CIRURGICA;27/05/2025 12:12
1142187;3488400;CTI;PRONTO SOCORRO;22/05/2025 12:41;CLINICA MEDICA;29/05/2025 16:30
575368;3488407;CTI;PRONTO SOCORRO;27/05/2025 14:53;TRANSFERENCIA EXTERNA;29/05/2025 00:02
1142146;3488539;CTI;CENTRO CIRURGICO;27/05/2025 14:41;CLINICA MEDICA;05/06/2025 17:07
1142235;3488650;CTI;PRONTO SOCORRO;24/05/2025 04:28;OBITO;27/05/2025 15:51
1142231;3488771;CTI;CLINICA CIRURGICA;30/05/2025 21:42;CLINICA MEDICA;17/06/2025 13:57
1142289;3488925;CTI;PRONTO SOCORRO;25/05/2025 13:16;CLINICA CIRURGICA;24/06/2025 16:51
315669;3489119;CTI;CENTRO CIRURGICO;27/05/2025 17:07;CLINICA CIRURGICA;29/05/2025 14:31
1003391;3489229;CTI;PRONTO SOCORRO;31/05/2025 01:06;CLINICA MEDICA;04/06/2025 16:39
1142421;3489320;CTI;PRONTO SOCORRO;27/05/2025 22:40;CLINICA MEDICA;09/06/2025 16:01
1142151;3489356;CTI;MATERNIDADE;26/05/2025 21:52;MATERNIDADE;28/05/2025 10:35
1142492;3489459;CTI;CENTRO CIRURGICO;26/05/2025 00:56;CLINICA CIRURGICA;28/05/2025 11:25
1135329;3489482;CTI;CENTRO CIRURGICO;26/05/2025 18:26;OBITO;05/06/2025 18:23
1138809;3489498;CTI;CENTRO CIRURGICO;26/05/2025 21:46;OBITO;08/06/2025 02:46
20282;3489538;CTI;CLINICA CIRURGICA;27/05/2025 21:25;CLINICA CIRURGICA;30/05/2025 16:11
1142474;3489644;CTI;CLINICA CIRURGICA;02/06/2025 18:29;OBITO;25/06/2025 07:06
1042897;3489819;CTI;CENTRO CIRURGICO;10/06/2025 21:43;CLINICA CIRURGICA;12/06/2025 17:25
1042897;3489819;CTI;CLINICA CIRURGICA;03/07/2025 16:39;OBITO;23/07/2025 06:14
1142547;3489825;CTI;CENTRO CIRURGICO;01/06/2025 15:28;CLINICA MEDICA;18/06/2025 11:44
1141763;3489918;CTI;CENTRO CIRURGICO;29/05/2025 21:17;CLINICA CIRURGICA;02/06/2025 17:04
619762;3489922;CTI;PRONTO SOCORRO;30/05/2025 23:29;CLINICA MEDICA;04/06/2025 15:44
1142538;3489928;CTI;CLINICA CIRURGICA;30/05/2025 21:38;CLINICA CIRURGICA;02/06/2025 16:31
1142620;3489938;CTI;CENTRO CIRURGICO;27/05/2025 05:24;CLINICA CIRURGICA;31/05/2025 00:33
1142614;3489942;CTI;PRONTO SOCORRO;03/06/2025 00:55;CLINICA MEDICA;12/06/2025 16:29
1102616;3490114;CTI;CENTRO CIRURGICO;28/05/2025 18:30;CLINICA CIRURGICA;01/06/2025 13:19
1142296;3490241;CTI;CENTRO CIRURGICO;27/05/2025 20:56;CLINICA MEDICA;30/05/2025 15:45
576581;3490337;CTI;PRONTO SOCORRO;28/05/2025 12:06;CLINICA MEDICA;03/06/2025 22:10
1075201;3490455;CTI;PRONTO SOCORRO;28/05/2025 16:40;CLINICA MEDICA;02/06/2025 22:29
1128531;3490590;CTI;PRONTO SOCORRO;30/05/2025 23:03;CLINICA MEDICA;02/06/2025 17:10
1128531;3490590;CTI;CLINICA MEDICA;04/06/2025 14:35;OBITO;12/06/2025 18:16
1089129;3490687;CTI;PRONTO SOCORRO;29/05/2025 17:19;CLINICA CIRURGICA;31/05/2025 15:50
1142800;3490733;CTI;CENTRO CIRURGICO;29/05/2025 14:42;CLINICA MEDICA;09/06/2025 17:07
1142756;3490736;CTI;MATERNIDADE;30/06/2025 12:36;TRANSFERENCIA EXTERNA;30/06/2025 23:21
1142805;3490929;CTI;CENTRO CIRURGICO;30/05/2025 00:52;OBITO;30/05/2025 21:36
1142872;3491074;CTI;CENTRO CIRURGICO;30/05/2025 16:52;OBITO;31/05/2025 01:36
1021896;3491099;CTI;PRONTO SOCORRO;30/05/2025 15:27;CTI;14/06/2025 21:30
1021896;3491099;CTI;CTI;14/06/2025 21:30;CTI;18/06/2025 18:10
1021896;3491099;CTI;CTI;18/06/2025 18:10;CLINICA MEDICA;30/06/2025 16:29
1142905;3491293;CTI;CENTRO CIRURGICO;30/05/2025 20:47;OBITO;03/06/2025 16:52
1142940;3491428;CTI;CENTRO CIRURGICO;12/06/2025 21:35;CLINICA MEDICA;14/06/2025 21:25
1142940;3491428;CTI;CLINICA MEDICA;14/06/2025 21:31;CLINICA CIRURGICA;15/06/2025 15:14
674280;3491491;CTI;CLINICA MEDICA;11/06/2025 23:20;CLINICA MEDICA;23/06/2025 16:14
1118522;3491562;CTI;CENTRO CIRURGICO;06/06/2025 14:25;CLINICA CIRURGICA;07/06/2025 16:42
1143013;3491574;CTI;CENTRO CIRURGICO;31/05/2025 14:36;CLINICA MEDICA;16/06/2025 13:53
1143040;3491644;CTI;CENTRO CIRURGICO;31/05/2025 22:36;CTI;05/06/2025 01:41
1143040;3491644;CTI;CTI;05/06/2025 01:41;CLINICA CIRURGICA;05/06/2025 16:02
1066823;3491677;CTI;PRONTO SOCORRO;31/05/2025 22:36;OBITO;03/07/2025 15:02
1143046;3491698;CTI;CENTRO CIRURGICO;07/07/2025 23:37;CLINICA MEDICA;08/07/2025 23:10
328818;3491747;CTI;CENTRO CIRURGICO;17/06/2025 17:48;CLINICA CIRURGICA;19/06/2025 15:37
1143097;3491891;CTI;CENTRO CIRURGICO;09/06/2025 17:18;OBITO;17/06/2025 11:16
1143140;3491954;CTI;CENTRO CIRURGICO;02/06/2025 18:05;CLINICA MEDICA;02/07/2025 15:44
1086482;3492048;CTI;CENTRO CIRURGICO;02/06/2025 20:44;CLINICA MEDICA;04/06/2025 13:11
1143169;3492164;CTI;PRONTO SOCORRO;05/06/2025 10:16;CLINICA CIRURGICA;06/06/2025 10:45
1120490;3492321;CTI;CENTRO CIRURGICO;03/06/2025 20:20;CLINICA CIRURGICA;23/06/2025 15:41
1120490;3492321;CTI;CLINICA CIRURGICA;02/07/2025 00:06;CLINICA CIRURGICA;08/09/2025 18:23
1120490;3492321;CTI;CLINICA MEDICA;11/10/2025 17:55;CLINICA MEDICA;16/10/2025 14:36
1143233;3492372;CTI;PRONTO SOCORRO;04/06/2025 16:49;CLINICA MEDICA;06/06/2025 15:38
1111101;3492609;CTI;PRONTO SOCORRO;05/06/2025 03:32;CLINICA MEDICA;06/06/2025 18:03
610377;3492820;CTI;CENTRO CIRURGICO;04/06/2025 17:51;CLINICA CIRURGICA;07/06/2025 12:14
1143320;3492864;CTI;PRONTO SOCORRO;04/06/2025 23:13;CLINICA MEDICA;09/06/2025 17:07
1059275;3493082;CTI;CENTRO CIRURGICO;06/06/2025 20:15;CTI;09/06/2025 17:43
1059275;3493082;CTI;CTI;09/06/2025 17:43;CLINICA MEDICA;11/06/2025 16:51
1099802;3493089;CTI;CLINICA MEDICA;09/06/2025 22:15;CLINICA MEDICA;23/06/2025 15:29
1143392;3493350;CTI;CENTRO CIRURGICO;05/06/2025 21:29;CLINICA MEDICA;12/06/2025 00:58
1143480;3493456;CTI;CENTRO CIRURGICO;05/06/2025 21:05;CTI;09/06/2025 17:58
1143480;3493456;CTI;CTI;09/06/2025 17:58;CLINICA MEDICA;11/07/2025 12:34
1143481;3493463;CTI;CENTRO CIRURGICO;05/06/2025 22:53;CLINICA CIRURGICA;24/06/2025 17:25
687430;3493671;CTI;CENTRO CIRURGICO;10/06/2025 20:43;CLINICA MEDICA;11/06/2025 17:56
1143612;3493926;CTI;CENTRO CIRURGICO;07/06/2025 15:13;CLINICA CIRURGICA;11/06/2025 15:24
1143603;3493929;CTI;CENTRO CIRURGICO;13/06/2025 20:42;CLINICA CIRURGICA;14/06/2025 13:47
1143636;3494056;CTI;CENTRO CIRURGICO;07/06/2025 18:21;CLINICA CIRURGICA;07/07/2025 22:02
1143686;3494189;CTI;CENTRO CIRURGICO;08/06/2025 05:08;CLINICA CIRURGICA;09/06/2025 15:04
295610;3494204;CTI;PRONTO SOCORRO;12/06/2025 05:07;OBITO;24/06/2025 02:35
1143713;3494265;CTI;PRONTO SOCORRO;20/06/2025 03:42;CLINICA MEDICA;30/06/2025 12:09
1143730;3494289;CTI;CENTRO CIRURGICO;09/06/2025 18:06;OBITO;19/06/2025 05:53
1143723;3494294;CTI;PRONTO SOCORRO;10/06/2025 09:53;CLINICA MEDICA;01/07/2025 17:19
1046643;3494301;CTI;PRONTO SOCORRO;18/06/2025 17:55;OBITO;20/06/2025 00:46
1143779;3494412;CTI;CENTRO CIRURGICO;09/06/2025 21:58;CLINICA CIRURGICA;18/06/2025 16:34
1143762;3494432;CTI;PRONTO SOCORRO;13/06/2025 20:46;OBITO;27/06/2025 05:30
1085408;3494718;CTI;PRONTO SOCORRO;09/06/2025 18:44;CLINICA MEDICA;11/06/2025 18:02
1016806;3494838;CTI;PRONTO SOCORRO;10/06/2025 20:11;CLINICA MEDICA;12/06/2025 22:29
655754;3495005;CTI;CENTRO CIRURGICO;11/06/2025 20:17;CLINICA CIRURGICA;16/06/2025 11:23
655754;3495005;CTI;CENTRO CIRURGICO;19/06/2025 17:33;CLINICA CIRURGICA;23/06/2025 18:31
1143989;3495220;CTI;CENTRO CIRURGICO;11/06/2025 17:24;CLINICA CIRURGICA;13/06/2025 14:54
607060;3495557;CTI;PRONTO SOCORRO;12/06/2025 03:53;OBITO;18/06/2025 06:29
669789;3495632;CTI;PRONTO SOCORRO;13/06/2025 00:32;CLINICA MEDICA;17/06/2025 16:42
275710;3495768;CTI;PRONTO SOCORRO;12/06/2025 18:01;OBITO;11/07/2025 21:24
1144190;3495999;CTI;PRONTO SOCORRO;18/06/2025 20:06;CLINICA CIRURGICA;21/06/2025 14:34
1144224;3496245;CTI;CENTRO CIRURGICO;24/06/2025 23:18;CLINICA CIRURGICA;25/06/2025 16:23
1144291;3496334;CTI;CENTRO CIRURGICO;15/06/2025 17:35;CLINICA MEDICA;30/06/2025 17:35
1144314;3496408;CTI;CENTRO CIRURGICO;14/06/2025 16:55;CTI;18/06/2025 15:39
1144314;3496408;CTI;CTI;18/06/2025 15:39;CLINICA MEDICA;09/07/2025 15:31
1115891;3496450;CTI;PRONTO SOCORRO;18/06/2025 22:49;CTI;24/06/2025 18:50
1115891;3496450;CTI;CTI;24/06/2025 18:50;CLINICA MEDICA;25/06/2025 13:09
1115891;3496450;CTI;CLINICA MEDICA;26/06/2025 18:09;CLINICA MEDICA;16/07/2025 12:20
1003238;3496475;CTI;CENTRO CIRURGICO;16/06/2025 13:18;CLINICA CIRURGICA;17/06/2025 15:09
1144457;3496821;CTI;CENTRO CIRURGICO;16/06/2025 15:42;CLINICA CIRURGICA;18/06/2025 13:44
1144425;3496914;CTI;PRONTO SOCORRO;25/06/2025 12:35;CLINICA MEDICA;07/07/2025 14:26
1144465;3496944;CTI;CENTRO CIRURGICO;16/06/2025 22:24;CLINICA CIRURGICA;25/06/2025 16:49
1144506;3497096;CTI;CENTRO CIRURGICO;17/06/2025 12:28;CLINICA CIRURGICA;07/07/2025 18:40
284519;3497144;CTI;CENTRO CIRURGICO;01/08/2025 22:05;CLINICA CIRURGICA;03/08/2025 14:39
1095606;3497159;CTI;CENTRO CIRURGICO;17/06/2025 17:18;CLINICA CIRURGICA;20/06/2025 17:14
1144603;3497484;CTI;CENTRO CIRURGICO;17/06/2025 21:34;CLINICA MEDICA;09/07/2025 16:16
1144605;3497575;CTI;PRONTO SOCORRO;18/06/2025 09:10;CLINICA MEDICA;26/06/2025 16:15
1006345;3497701;CTI;PRONTO SOCORRO;03/07/2025 02:47;OBITO;04/07/2025 05:46
444341;3497747;CTI;PRONTO SOCORRO;18/06/2025 17:52;CLINICA MEDICA;30/06/2025 10:12
1144686;3497817;CTI;CENTRO CIRURGICO;19/06/2025 11:01;CLINICA CIRURGICA;01/07/2025 16:09
1144811;3498205;CTI;CENTRO CIRURGICO;21/06/2025 17:20;CLINICA MEDICA;29/06/2025 16:52
1144816;3498222;CTI;CENTRO CIRURGICO;20/06/2025 18:31;CLINICA CIRURGICA;22/06/2025 14:50
39157;3498545;CTI;CLINICA MEDICA;16/07/2025 16:50;CLINICA MEDICA;22/07/2025 14:33
1144880;3498556;CTI;CENTRO CIRURGICO;22/06/2025 16:36;CLINICA CIRURGICA;24/06/2025 22:51
594518;3498573;CTI;PRONTO SOCORRO;21/06/2025 04:11;OBITO;05/07/2025 15:21
1144935;3498683;CTI;PRONTO SOCORRO;23/06/2025 17:39;CLINICA MEDICA;07/07/2025 14:55
284819;3498719;CTI;CENTRO CIRURGICO;23/06/2025 18:10;CLINICA CIRURGICA;25/06/2025 13:08
655120;3498730;CTI;CLINICA CIRURGICA;27/06/2025 22:49;OBITO;30/06/2025 06:09
355593;3498772;CTI;PRONTO SOCORRO;24/06/2025 02:55;OBITO;25/06/2025 10:00
1144949;3498773;CTI;CLINICA MEDICA;01/07/2025 13:41;OBITO;23/07/2025 16:02
1145027;3498880;CTI;CENTRO CIRURGICO;23/06/2025 22:16;CLINICA CIRURGICA;26/06/2025 17:42
1116666;3498938;CTI;CENTRO CIRURGICO;25/06/2025 01:35;CLINICA MEDICA;02/07/2025 15:11
1145090;3499119;CTI;CENTRO CIRURGICO;24/06/2025 21:51;CLINICA CIRURGICA;21/08/2025 17:21
43161;3499308;CTI;PRONTO SOCORRO;25/06/2025 01:55;CLINICA MEDICA;05/07/2025 12:05
676675;3499391;CTI;PRONTO SOCORRO;24/06/2025 06:34;OBITO;17/07/2025 18:10
1140053;3499393;CTI;PRONTO SOCORRO;27/06/2025 17:54;TRANSFERENCIA EXTERNA;30/06/2025 04:01
1145161;3499414;CTI;CENTRO CIRURGICO;25/06/2025 22:45;CLINICA CIRURGICA;27/06/2025 18:42
575814;3499651;CTI;CENTRO CIRURGICO;27/06/2025 16:15;CLINICA MEDICA;01/07/2025 11:51
1145296;3499860;CTI;PRONTO SOCORRO;25/06/2025 09:44;CLINICA MEDICA;08/07/2025 15:41
1145236;3499861;CTI;CENTRO CIRURGICO;25/06/2025 17:06;CLINICA CIRURGICA;28/06/2025 11:40
1145332;3500119;CTI;PRONTO SOCORRO;25/06/2025 17:23;CLINICA MEDICA;29/06/2025 14:40
1145367;3500233;CTI;PRONTO SOCORRO;26/06/2025 00:03;OBITO;27/06/2025 15:17
1016387;3500235;CTI;PRONTO SOCORRO;01/07/2025 01:45;OBITO;24/07/2025 06:44
1145453;3500544;CTI;PRONTO SOCORRO;27/06/2025 06:34;CLINICA CIRURGICA;28/06/2025 14:26
1145495;3500674;CTI;CENTRO CIRURGICO;27/06/2025 01:16;CLINICA CIRURGICA;02/07/2025 15:57
1054808;3500701;CTI;CENTRO CIRURGICO;28/06/2025 14:58;CLINICA CIRURGICA;30/06/2025 17:35
1003751;3500888;CTI;PRONTO SOCORRO;30/06/2025 09:31;OBITO;15/07/2025 05:35
1145443;3500991;CTI;CENTRO CIRURGICO;09/07/2025 18:37;CLINICA CIRURGICA;15/07/2025 13:34
1145552;3501094;CTI;PRONTO SOCORRO;08/07/2025 00:16;CLINICA MEDICA;22/07/2025 14:53
1136473;3501124;CTI;CENTRO CIRURGICO;28/06/2025 19:35;CLINICA CIRURGICA;02/07/2025 12:41
1145613;3501182;CTI;PRONTO SOCORRO;30/06/2025 21:26;TRANSFERENCIA EXTERNA;02/07/2025 23:57
1145628;3501250;CTI;PRONTO SOCORRO;30/06/2025 16:05;CLINICA MEDICA;07/07/2025 15:16
1138963;3501266;CTI;CLINICA MEDICA;12/08/2025 16:31;CLINICA CIRURGICA;14/08/2025 16:54
1138963;3501266;CTI;CENTRO CIRURGICO;02/09/2025 16:48;CLINICA MEDICA;04/09/2025 16:23
1145684;3501358;CTI;CENTRO CIRURGICO;29/06/2025 17:02;CLINICA CIRURGICA;05/08/2025 18:23
1145686;3501383;CTI;CENTRO CIRURGICO;29/06/2025 23:47;CLINICA CIRURGICA;09/07/2025 17:55
1145729;3501493;CTI;CENTRO CIRURGICO;30/06/2025 18:46;CLINICA CIRURGICA;22/07/2025 17:06
1057656;3501494;CTI;CENTRO CIRURGICO;30/06/2025 06:35;CLINICA MEDICA;25/07/2025 16:09
1145703;3501526;CTI;PRONTO SOCORRO;30/06/2025 22:17;CLINICA CIRURGICA;02/07/2025 13:46
1145697;3501530;CTI;PRONTO SOCORRO;04/07/2025 21:05;CLINICA MEDICA;15/07/2025 18:11
1145718;3501563;CTI;CLINICA MEDICA;03/07/2025 15:03;CLINICA MEDICA;11/07/2025 16:00
1145753;3501585;CTI;CENTRO CIRURGICO;11/07/2025 14:11;CTI;15/07/2025 22:17
1145753;3501585;CTI;CTI;15/07/2025 22:17;CLINICA CIRURGICA;20/07/2025 11:40
1145812;3501890;CTI;CENTRO CIRURGICO;01/07/2025 18:33;OBITO;04/07/2025 09:38
1145792;3501943;CTI;CENTRO CIRURGICO;02/07/2025 18:06;CLINICA CIRURGICA;14/07/2025 20:29
418642;3502300;CTI;PRONTO SOCORRO;02/07/2025 16:10;CLINICA CIRURGICA;04/07/2025 10:53
1145940;3502324;CTI;CENTRO CIRURGICO;02/07/2025 15:44;CLINICA MEDICA;21/08/2025 15:11
1144808;3502350;CTI;PRONTO SOCORRO;02/07/2025 18:12;CLINICA CIRURGICA;03/07/2025 11:56
1130523;3502619;CTI;CENTRO CIRURGICO;02/07/2025 22:32;CLINICA CIRURGICA;08/07/2025 18:41
1146000;3502733;CTI;PRONTO SOCORRO;04/07/2025 06:31;CLINICA MEDICA;18/07/2025 13:14
1146101;3503126;CTI;CENTRO CIRURGICO;15/07/2025 21:41;CLINICA CIRURGICA;21/07/2025 15:09
379647;3503149;CTI;CENTRO CIRURGICO;05/07/2025 18:58;CLINICA CIRURGICA;21/07/2025 15:21
1146154;3503247;CTI;PRONTO SOCORRO;04/07/2025 20:09;CLINICA CIRURGICA;09/07/2025 13:55
1041054;3503421;CTI;PRONTO SOCORRO;22/07/2025 18:39;OBITO;23/07/2025 15:25
1146131;3503424;CTI;CENTRO CIRURGICO;05/07/2025 14:10;CLINICA CIRURGICA;08/07/2025 16:03
1143449;3503490;CTI;CENTRO CIRURGICO;07/07/2025 17:25;CLINICA MEDICA;09/07/2025 17:52
1146299;3503703;CTI;CENTRO CIRURGICO;07/07/2025 16:37;CTI;15/07/2025 23:19
1146299;3503703;CTI;CTI;15/07/2025 23:19;CTI;28/07/2025 00:33
1146299;3503703;CTI;CTI;28/07/2025 00:33;CLINICA CIRURGICA;06/08/2025 16:09
304414;3503804;CTI;CLINICA MEDICA;09/07/2025 20:53;CLINICA MEDICA;14/07/2025 15:04
1146414;3504119;CTI;PRONTO SOCORRO;09/07/2025 17:37;OBITO;15/07/2025 21:00
1145309;3504131;CTI;CLINICA MEDICA;14/07/2025 23:56;CLINICA MEDICA;22/07/2025 16:55
1145309;3504131;CTI;CLINICA MEDICA;24/07/2025 10:43;OBITO;29/07/2025 01:30
1146420;3504137;CTI;CENTRO CIRURGICO;23/07/2025 21:32;CLINICA CIRURGICA;29/07/2025 13:14
591672;3504182;CTI;CENTRO CIRURGICO;07/07/2025 18:25;CLINICA MEDICA;17/07/2025 14:22
1146468;3504318;CTI;CENTRO CIRURGICO;09/07/2025 02:58;CLINICA CIRURGICA;11/07/2025 10:52
1146451;3504409;CTI;CENTRO CIRURGICO;08/07/2025 21:27;OBITO;10/07/2025 01:55
1099427;3504410;CTI;CENTRO CIRURGICO;08/07/2025 17:44;OBITO;02/08/2025 08:43
1146519;3504423;CTI;PRONTO SOCORRO;17/07/2025 16:41;CLINICA MEDICA;01/08/2025 15:33
1020646;3504425;CTI;CENTRO CIRURGICO;11/07/2025 18:10;CLINICA CIRURGICA;12/07/2025 14:11
1146589;3504783;CTI;CENTRO CIRURGICO;08/07/2025 23:50;CLINICA CIRURGICA;04/08/2025 18:02
1146625;3504862;CTI;PRONTO SOCORRO;22/07/2025 21:48;CLINICA MEDICA;31/07/2025 11:57
1146636;3505024;CTI;CENTRO CIRURGICO;09/07/2025 16:59;CLINICA MEDICA;01/08/2025 15:33
1146643;3505171;CTI;CENTRO CIRURGICO;09/07/2025 23:19;CLINICA MEDICA;18/07/2025 12:18
1127828;3505184;CTI;CENTRO CIRURGICO;12/07/2025 16:10;CLINICA CIRURGICA;14/07/2025 17:56
1146697;3505235;CTI;CENTRO CIRURGICO;10/07/2025 04:40;CLINICA CIRURGICA;22/07/2025 16:27
281759;3505243;CTI;CENTRO CIRURGICO;11/07/2025 11:55;CLINICA CIRURGICA;23/07/2025 11:52
1119776;3505247;CTI;CLINICA MEDICA;04/08/2025 20:10;CLINICA MEDICA;06/08/2025 14:34
1131922;3505802;CTI;PRONTO SOCORRO;14/07/2025 18:17;CLINICA MEDICA;24/07/2025 15:26
1119868;3505881;CTI;PRONTO SOCORRO;11/07/2025 23:05;CLINICA MEDICA;14/07/2025 14:09
1122746;3505955;CTI;CLINICA MEDICA;17/07/2025 16:10;CLINICA MEDICA;24/07/2025 16:20
1135363;3506287;CTI;CENTRO CIRURGICO;14/07/2025 15:32;CLINICA CIRURGICA;24/07/2025 16:19
1135363;3506287;CTI;CENTRO CIRURGICO;26/07/2025 13:25;OBITO;30/07/2025 15:45
1069121;3506317;CTI;CLINICA MEDICA;27/07/2025 08:05;OBITO;13/08/2025 15:44
1147047;3506462;CTI;CENTRO CIRURGICO;15/07/2025 05:43;CLINICA MEDICA;03/08/2025 15:38
1147052;3506541;CTI;CENTRO CIRURGICO;14/07/2025 20:38;CENTRO CIRURGICO;16/07/2025 12:21
624817;3506591;CTI;PRONTO SOCORRO;15/07/2025 23:59;TRANSFERENCIA EXTERNA;27/07/2025 22:25
1147142;3506792;CTI;CENTRO CIRURGICO;15/07/2025 16:59;CLINICA CIRURGICA;17/07/2025 13:26
1033174;3506885;CTI;CENTRO CIRURGICO;24/07/2025 18:18;CLINICA CIRURGICA;26/07/2025 12:46
1084493;3507081;CTI;PRONTO SOCORRO;23/07/2025 16:40;CLINICA MEDICA;26/07/2025 13:17
1147186;3507130;CTI;CENTRO CIRURGICO;16/07/2025 15:38;OBITO;11/08/2025 15:39
466063;3507245;CTI;PRONTO SOCORRO;23/07/2025 00:30;CLINICA MEDICA;30/07/2025 13:04
132931;3507366;CTI;CENTRO CIRURGICO;17/07/2025 20:42;OBITO;28/07/2025 05:41
647316;3507422;CTI;CENTRO CIRURGICO;21/07/2025 21:38;CLINICA CIRURGICA;23/07/2025 10:14
593687;3507690;CTI;CENTRO CIRURGICO;28/07/2025 09:57;CLINICA CIRURGICA;05/08/2025 14:19
1147330;3507754;CTI;CENTRO CIRURGICO;18/07/2025 14:57;CLINICA CIRURGICA;22/07/2025 20:14
609925;3507888;CTI;CENTRO CIRURGICO;18/07/2025 16:13;OBITO;20/07/2025 12:15
1099572;3507890;CTI;CENTRO CIRURGICO;21/07/2025 18:28;CLINICA MEDICA;26/07/2025 17:52
1004468;3507946;CTI;PRONTO SOCORRO;23/07/2025 08:53;CLINICA MEDICA;10/08/2025 16:16
1147362;3508018;CTI;CENTRO CIRURGICO;20/07/2025 13:31;CLINICA MEDICA;26/08/2025 14:46
333968;3508144;CTI;CENTRO CIRURGICO;20/07/2025 14:50;CLINICA MEDICA;15/09/2025 17:14
399992;3508608;CTI;CENTRO CIRURGICO;26/07/2025 21:37;CLINICA MEDICA;12/08/2025 14:24
306391;3508682;CTI;CENTRO CIRURGICO;25/07/2025 17:51;CLINICA CIRURGICA;06/08/2025 15:42
306391;3508682;CTI;CLINICA CIRURGICA;21/08/2025 02:39;CLINICA MEDICA;27/08/2025 16:10
1147582;3508758;CTI;CENTRO CIRURGICO;22/07/2025 16:47;CLINICA CIRURGICA;28/07/2025 15:56
508672;3508824;CTI;PRONTO SOCORRO;22/07/2025 21:15;TRANSFERENCIA EXTERNA;25/07/2025 21:13
282678;3508983;CTI;CENTRO CIRURGICO;30/07/2025 15:50;CLINICA CIRURGICA;01/08/2025 17:37
1147728;3509153;CTI;CENTRO CIRURGICO;23/07/2025 06:28;CLINICA CIRURGICA;30/07/2025 15:13
1147728;3509153;CTI;CENTRO CIRURGICO;05/08/2025 20:27;CLINICA MEDICA;14/08/2025 13:42
383292;3509172;CTI;CENTRO CIRURGICO;23/07/2025 02:54;OBITO;23/07/2025 06:25
1147709;3509202;CTI;PRONTO SOCORRO;23/07/2025 12:51;CLINICA CIRURGICA;31/07/2025 13:32
1147750;3509217;CTI;PRONTO SOCORRO;26/07/2025 22:56;OBITO;28/07/2025 07:10
1147736;3509218;CTI;PRONTO SOCORRO;24/07/2025 20:21;CLINICA CIRURGICA;28/07/2025 22:03
1139388;3509339;CTI;CLINICA MEDICA;25/08/2025 17:50;CLINICA MEDICA;28/08/2025 11:20
1065427;3509476;CTI;CENTRO CIRURGICO;24/07/2025 00:23;CLINICA CIRURGICA;25/07/2025 15:32
1052855;3509482;CTI;PRONTO SOCORRO;31/07/2025 15:05;OBITO;05/08/2025 06:30
1147814;3509520;CTI;CENTRO CIRURGICO;25/07/2025 23:38;OBITO;15/08/2025 02:24
1147845;3509574;CTI;CENTRO CIRURGICO;24/07/2025 17:54;CLINICA CIRURGICA;25/08/2025 12:47
1146205;3509760;CTI;CLINICA CIRURGICA;02/08/2025 03:04;CLINICA CIRURGICA;05/08/2025 15:49
246868;3509845;CTI;CLINICA CIRURGICA;28/07/2025 17:57;CLINICA MEDICA;04/08/2025 21:00
1147941;3509935;CTI;PRONTO SOCORRO;25/07/2025 20:34;OBITO;26/07/2025 08:33
1147926;3509989;CTI;CENTRO CIRURGICO;16/08/2025 03:37;CLINICA CIRURGICA;16/08/2025 15:28
1147961;3510100;CTI;PRONTO SOCORRO;01/08/2025 17:46;CLINICA MEDICA;04/08/2025 18:07
618130;3510111;CTI;PRONTO SOCORRO;28/07/2025 10:06;CLINICA MEDICA;26/08/2025 16:17
106722;3510193;CTI;PRONTO SOCORRO;26/07/2025 15:26;OBITO;27/07/2025 03:34
1140915;3510234;CTI;PRONTO SOCORRO;30/07/2025 20:32;TRANSFERENCIA EXTERNA;01/08/2025 21:36
1148069;3510432;CTI;PRONTO SOCORRO;29/07/2025 00:03;OBITO;08/08/2025 15:59
1148106;3510492;CTI;PRONTO SOCORRO;30/07/2025 17:35;OBITO;05/08/2025 20:51
578136;3510499;CTI;PRONTO SOCORRO;28/07/2025 03:30;CLINICA MEDICA;06/08/2025 12:11
551384;3510769;CTI;PRONTO SOCORRO;29/07/2025 16:12;OBITO;30/07/2025 15:02
1142526;3511014;CTI;CENTRO CIRURGICO;29/07/2025 01:34;CLINICA CIRURGICA;31/07/2025 12:24
1148380;3511615;CTI;PRONTO SOCORRO;30/07/2025 18:41;CLINICA MEDICA;02/08/2025 17:35
1148408;3511745;CTI;PRONTO SOCORRO;31/07/2025 16:28;CTI;31/07/2025 23:43
1148408;3511745;CTI;CTI;31/07/2025 23:43;CLINICA MEDICA;09/08/2025 16:51
1148441;3511989;CTI;CENTRO CIRURGICO;01/08/2025 00:57;CLINICA CIRURGICA;03/08/2025 10:55
1148547;3512329;CTI;CENTRO CIRURGICO;13/08/2025 13:54;CLINICA CIRURGICA;15/08/2025 18:00
1148558;3512340;CTI;CENTRO CIRURGICO;01/08/2025 20:40;CLINICA CIRURGICA;03/08/2025 17:05
1135386;3512414;CTI;CENTRO CIRURGICO;02/08/2025 10:49;CLINICA CIRURGICA;04/08/2025 15:20
1148292;3512480;CTI;CENTRO CIRURGICO;03/08/2025 14:19;CLINICA CIRURGICA;04/08/2025 14:08
1054818;3512586;CTI;MATERNIDADE;02/08/2025 20:41;CLINICA CIRURGICA;05/08/2025 15:33
1143197;3512632;CTI;CENTRO CIRURGICO;23/08/2025 00:42;CLINICA CIRURGICA;25/08/2025 20:34
1148648;3512641;CTI;PRONTO SOCORRO;04/08/2025 20:56;CLINICA MEDICA;20/08/2025 15:14
179649;3512654;CTI;CLINICA MEDICA;05/08/2025 17:58;CLINICA MEDICA;27/08/2025 20:30
1148679;3512669;CTI;PRONTO SOCORRO;03/08/2025 17:21;OBITO;05/08/2025 14:56
1148704;3512748;CTI;CENTRO CIRURGICO;03/08/2025 16:16;CLINICA MEDICA;22/08/2025 17:45
1148707;3512783;CTI;PRONTO SOCORRO;05/08/2025 18:04;CLINICA MEDICA;25/08/2025 15:51
1148718;3512788;CTI;CENTRO CIRURGICO;03/08/2025 20:43;CLINICA CIRURGICA;07/08/2025 11:43
1148743;3512876;CTI;PRONTO SOCORRO;05/08/2025 17:20;CLINICA MEDICA;08/08/2025 15:20
1116367;3512880;CTI;CENTRO CIRURGICO;04/08/2025 17:19;CLINICA CIRURGICA;06/08/2025 15:06
1148764;3513104;CTI;PRONTO SOCORRO;14/08/2025 04:35;PRONTO SOCORRO;15/08/2025 20:32
1048893;3513143;CTI;PRONTO SOCORRO;05/08/2025 01:03;CLINICA MEDICA;11/08/2025 14:10
1148801;3513160;CTI;PRONTO SOCORRO;04/08/2025 22:51;CLINICA MEDICA;12/08/2025 18:02
1148854;3513378;CTI;PRONTO SOCORRO;05/08/2025 10:58;TRANSFERENCIA EXTERNA;13/08/2025 13:09
1148922;3513636;CTI;PRONTO SOCORRO;06/08/2025 17:43;CLINICA MEDICA;12/08/2025 11:29
1065247;3513712;CTI;CLINICA MEDICA;15/08/2025 23:27;CLINICA MEDICA;21/08/2025 15:17
354521;3513713;CTI;CENTRO CIRURGICO;06/08/2025 15:23;CLINICA CIRURGICA;10/08/2025 14:59
1148935;3513729;CTI;PRONTO SOCORRO;06/08/2025 16:06;CLINICA MEDICA;14/08/2025 14:21
625860;3513863;CTI;PRONTO SOCORRO;06/08/2025 11:39;CLINICA MEDICA;12/08/2025 15:01
1148927;3513907;CTI;CLINICA CIRURGICA;18/08/2025 22:05;CTI;19/08/2025 01:33
1148927;3513907;CTI;CTI;19/08/2025 01:33;CTI;22/08/2025 20:04
1148927;3513907;CTI;CTI;22/08/2025 20:04;CTI;28/08/2025 01:24
1148927;3513907;CTI;CTI;28/08/2025 01:24;CLINICA MEDICA;09/09/2025 15:45
653339;3513964;CTI;CENTRO CIRURGICO;07/08/2025 04:18;OBITO;17/08/2025 05:45
1065487;3513980;CTI;CLINICA CIRURGICA;14/08/2025 15:37;CLINICA CIRURGICA;18/08/2025 18:06
1065487;3513980;CTI;CENTRO CIRURGICO;10/09/2025 17:27;CLINICA CIRURGICA;14/09/2025 11:23
1149043;3513983;CTI;PRONTO SOCORRO;06/08/2025 16:35;CLINICA MEDICA;10/08/2025 12:10
650374;3514073;CTI;PRONTO SOCORRO;14/08/2025 18:26;CLINICA MEDICA;19/08/2025 11:56
1149046;3514099;CTI;PRONTO SOCORRO;17/08/2025 15:43;CTI;19/08/2025 00:45
1149046;3514099;CTI;CTI;19/08/2025 00:45;CLINICA MEDICA;29/08/2025 17:30
1149062;3514102;CTI;CLINICA MEDICA;11/08/2025 22:42;CLINICA MEDICA;14/08/2025 14:27
1149068;3514107;CTI;PRONTO SOCORRO;07/08/2025 04:05;CLINICA MEDICA;12/08/2025 15:26
1149093;3514125;CTI;CENTRO CIRURGICO;07/08/2025 14:14;CLINICA MEDICA;10/09/2025 16:00
1149039;3514396;CTI;CENTRO CIRURGICO;08/08/2025 17:16;CLINICA CIRURGICA;18/08/2025 12:35
1149132;3514454;CTI;CENTRO CIRURGICO;08/08/2025 18:05;CLINICA MEDICA;10/09/2025 16:50
1015288;3514728;CTI;CLINICA CIRURGICA;15/09/2025 21:46;CLINICA CIRURGICA;17/09/2025 15:18
1149207;3514870;CTI;PRONTO SOCORRO;13/08/2025 17:45;CLINICA MEDICA;25/08/2025 15:28
1058718;3514877;CTI;PRONTO SOCORRO;10/08/2025 15:39;CLINICA MEDICA;20/08/2025 11:39
74565;3514942;CTI;CENTRO CIRURGICO;09/08/2025 20:11;CLINICA CIRURGICA;09/09/2025 15:06
666805;3515090;CTI;PRONTO SOCORRO;24/08/2025 11:17;OBITO;26/08/2025 06:31
1111491;3515276;CTI;PRONTO SOCORRO;10/08/2025 17:12;CLINICA MEDICA;16/08/2025 17:17
1149407;3515312;CTI;PRONTO SOCORRO;10/08/2025 22:17;OBITO;18/08/2025 23:43
1097125;3515348;CTI;PRONTO SOCORRO;14/08/2025 17:25;CLINICA MEDICA;23/08/2025 15:28
1149411;3515375;CTI;PRONTO SOCORRO;15/08/2025 21:29;CLINICA MEDICA;17/09/2025 15:23
1149411;3515375;CTI;CLINICA MEDICA;22/09/2025 23:40;CLINICA MEDICA;23/09/2025 14:30
1137144;3515380;CTI;PRONTO SOCORRO;11/08/2025 18:22;CLINICA MEDICA;22/08/2025 14:40
1149498;3515653;CTI;PRONTO SOCORRO;12/08/2025 18:02;CLINICA MEDICA;15/08/2025 16:29
1149566;3515818;CTI;CENTRO CIRURGICO;12/08/2025 17:45;CLINICA MEDICA;29/08/2025 11:34
20853;3516117;CTI;CLINICA CIRURGICA;26/08/2025 18:04;CLINICA MEDICA;27/08/2025 15:48
1149592;3516202;CTI;PRONTO SOCORRO;13/08/2025 00:02;OBITO;04/09/2025 18:15
1068084;3516613;CTI;CLINICA MEDICA;09/09/2025 20:51;CLINICA MEDICA;18/09/2025 20:56
1149751;3516853;CTI;CENTRO CIRURGICO;29/08/2025 13:47;CLINICA CIRURGICA;31/08/2025 16:28
1149813;3516934;CTI;PRONTO SOCORRO;14/08/2025 18:16;OBITO;20/08/2025 09:59
1149803;3517048;CTI;CENTRO CIRURGICO;15/08/2025 15:02;CLINICA CIRURGICA;17/08/2025 13:20
1149876;3517154;CTI;PRONTO SOCORRO;15/08/2025 20:06;TRANSFERENCIA EXTERNA;16/08/2025 01:46
1149890;3517219;CTI;CENTRO CIRURGICO;21/08/2025 18:20;CLINICA MEDICA;24/08/2025 15:48
1149926;3517244;CTI;PRONTO SOCORRO;23/08/2025 17:53;OBITO;02/09/2025 06:21
46781;3517352;CTI;PRONTO SOCORRO;16/08/2025 20:29;CTI;21/08/2025 20:22
46781;3517352;CTI;CTI;21/08/2025 20:22;CENTRO CIRURGICO;26/08/2025 11:01
1149971;3517391;CTI;CENTRO CIRURGICO;16/08/2025 18:16;CLINICA MEDICA;10/09/2025 16:08
1114484;3517408;CTI;CENTRO CIRURGICO;20/08/2025 14:08;CLINICA CIRURGICA;22/08/2025 15:16
1150001;3517467;CTI;CENTRO CIRURGICO;17/08/2025 09:32;CLINICA CIRURGICA;20/08/2025 23:05
1135443;3517558;CTI;CENTRO CIRURGICO;19/08/2025 03:28;CLINICA CIRURGICA;20/08/2025 17:40
1036473;3517658;CTI;PRONTO SOCORRO;21/08/2025 15:32;CLINICA MEDICA;28/08/2025 13:25
1150069;3517729;CTI;PRONTO SOCORRO;18/08/2025 15:34;CLINICA MEDICA;21/08/2025 18:35
1150222;3518148;CTI;CLINICA MEDICA;09/09/2025 16:24;CLINICA MEDICA;15/09/2025 15:11
594687;3518420;CTI;CENTRO CIRURGICO;19/08/2025 17:07;CLINICA CIRURGICA;29/08/2025 17:24
1044584;3518429;CTI;PRONTO SOCORRO;26/08/2025 11:20;CLINICA MEDICA;10/09/2025 14:54
1121634;3518501;CTI;CENTRO CIRURGICO;28/08/2025 18:55;OBITO;16/09/2025 05:27
1150299;3518528;CTI;CENTRO CIRURGICO;20/08/2025 17:35;CLINICA MEDICA;22/08/2025 15:12
1149775;3518534;CTI;PRONTO SOCORRO;21/08/2025 17:39;CLINICA MEDICA;23/08/2025 16:38
1150281;3518553;CTI;CENTRO CIRURGICO;06/09/2025 00:18;CLINICA CIRURGICA;07/09/2025 13:40
171572;3518555;CTI;MATERNIDADE;20/08/2025 11:28;MATERNIDADE;21/08/2025 11:15
1150362;3518872;CTI;CLINICA MEDICA;21/09/2025 17:46;OBITO;23/09/2025 02:06
153593;3518922;CTI;PRONTO SOCORRO;20/08/2025 20:23;CLINICA CIRURGICA;23/08/2025 15:18
1150380;3518959;CTI;PRONTO SOCORRO;21/08/2025 22:44;CLINICA MEDICA;25/08/2025 21:47
1150372;3518963;CTI;PRONTO SOCORRO;22/08/2025 17:15;CLINICA MEDICA;26/08/2025 14:35
1150423;3519288;CTI;CENTRO CIRURGICO;10/09/2025 21:35;OBITO;27/09/2025 06:42
1149681;3519342;CTI;CENTRO CIRURGICO;27/08/2025 20:54;CLINICA CIRURGICA;30/08/2025 14:46
1150499;3519368;CTI;PRONTO SOCORRO;24/08/2025 13:35;CLINICA MEDICA;02/09/2025 18:25
1150524;3519613;CTI;PRONTO SOCORRO;25/08/2025 18:16;TRANSFERENCIA EXTERNA;26/08/2025 04:02
1150540;3519615;CTI;CENTRO CIRURGICO;22/08/2025 22:29;CLINICA CIRURGICA;26/08/2025 18:28
1150562;3519654;CTI;PRONTO SOCORRO;22/08/2025 21:25;CENTRO CIRURGICO;29/08/2025 09:54
1150560;3519671;CTI;CENTRO CIRURGICO;23/08/2025 00:16;CENTRO CIRURGICO;23/08/2025 00:38
1150560;3519671;CTI;CENTRO CIRURGICO;23/08/2025 01:48;CTI;30/08/2025 23:14
1150560;3519671;CTI;CTI;30/08/2025 23:14;CLINICA MEDICA;03/09/2025 18:48
1150628;3519836;CTI;CENTRO CIRURGICO;23/08/2025 20:33;OBITO;24/08/2025 10:44
1150678;3520013;CTI;PRONTO SOCORRO;29/08/2025 15:53;CLINICA MEDICA;31/08/2025 14:55
1150678;3520013;CTI;CENTRO CIRURGICO;01/10/2025 18:17;CLINICA CIRURGICA;05/10/2025 17:32
159838;3520036;CTI;PRONTO SOCORRO;26/08/2025 08:38;OBITO;03/09/2025 14:18
1150698;3520044;CTI;CENTRO CIRURGICO;24/08/2025 17:49;CLINICA MEDICA;28/08/2025 17:30
1150725;3520126;CTI;CENTRO CIRURGICO;25/08/2025 16:19;CLINICA CIRURGICA;05/09/2025 17:27
1150731;3520167;CTI;CLINICA MEDICA;31/08/2025 22:25;CLINICA MEDICA;02/09/2025 15:31
1150731;3520167;CTI;CLINICA MEDICA;02/09/2025 22:28;CLINICA MEDICA;08/09/2025 11:53
1150731;3520167;CTI;CLINICA MEDICA;13/09/2025 16:27;CLINICA MEDICA;18/09/2025 15:54
1150742;3520172;CTI;PRONTO SOCORRO;26/08/2025 21:15;CTI;27/08/2025 17:40
1150742;3520172;CTI;CTI;27/08/2025 17:40;CLINICA MEDICA;10/09/2025 12:49
1150783;3520410;CTI;CENTRO CIRURGICO;25/08/2025 22:18;CLINICA CIRURGICA;28/08/2025 12:51
676425;3520423;CTI;PRONTO SOCORRO;26/08/2025 00:04;CLINICA CIRURGICA;27/08/2025 23:52
1150801;3520429;CTI;CENTRO CIRURGICO;11/09/2025 14:25;CLINICA CIRURGICA;12/09/2025 21:47
256131;3520504;CTI;PRONTO SOCORRO;26/08/2025 11:58;CLINICA MEDICA;29/08/2025 16:56
1150911;3520899;CTI;PRONTO SOCORRO;26/08/2025 18:10;CLINICA CIRURGICA;27/08/2025 15:52
1150917;3520905;CTI;CENTRO CIRURGICO;27/08/2025 15:42;OBITO;22/09/2025 23:07
1150932;3520944;CTI;PRONTO SOCORRO;27/08/2025 18:13;CLINICA MEDICA;31/08/2025 14:51
1120290;3521297;CTI;CENTRO CIRURGICO;28/08/2025 00:45;CLINICA CIRURGICA;31/08/2025 11:13
1151004;3521312;CTI;CENTRO CIRURGICO;28/08/2025 02:47;CLINICA MEDICA;31/08/2025 21:13
1147294;3521322;CTI;CENTRO CIRURGICO;30/08/2025 22:03;CENTRO CIRURGICO;30/08/2025 23:06
1147294;3521322;CTI;CENTRO CIRURGICO;31/08/2025 04:41;CLINICA MEDICA;16/09/2025 15:59
1106606;3521334;CTI;CENTRO CIRURGICO;28/08/2025 01:41;CLINICA CIRURGICA;01/09/2025 15:55
644406;3521499;CTI;PRONTO SOCORRO;28/08/2025 14:32;OBITO;09/09/2025 05:44
1040475;3521567;CTI;CENTRO CIRURGICO;28/08/2025 18:12;CLINICA CIRURGICA;30/08/2025 15:35
1150989;3521568;CTI;CENTRO CIRURGICO;29/08/2025 22:15;OBITO;01/09/2025 15:44
1151067;3521698;CTI;CENTRO CIRURGICO;31/08/2025 20:11;CLINICA MEDICA;04/09/2025 15:25
660685;3521702;CTI;CLINICA MEDICA;24/09/2025 18:15;CLINICA MEDICA;26/09/2025 16:11
1151071;3521709;CTI;CENTRO CIRURGICO;29/08/2025 22:06;CLINICA MEDICA;09/09/2025 14:08
43906;3521749;CTI;PRONTO SOCORRO;28/08/2025 23:51;CLINICA MEDICA;01/09/2025 12:13
660435;3521797;CTI;PRONTO SOCORRO;31/08/2025 23:13;CLINICA MEDICA;03/09/2025 22:03
608425;3522045;CTI;CENTRO CIRURGICO;29/08/2025 21:16;CLINICA CIRURGICA;02/09/2025 15:48
1151176;3522093;CTI;PRONTO SOCORRO;30/08/2025 16:19;OBITO;31/08/2025 02:40
1011040;3522097;CTI;CENTRO CIRURGICO;18/09/2025 18:38;CLINICA CIRURGICA;30/09/2025 13:51
1117439;3522099;CTI;CLINICA CIRURGICA;16/09/2025 21:56;CLINICA MEDICA;21/09/2025 20:17
1151248;3522322;CTI;PRONTO SOCORRO;31/08/2025 17:40;OBITO;03/09/2025 02:52
1115049;3522355;CTI;CENTRO CIRURGICO;01/09/2025 15:23;CLINICA CIRURGICA;10/09/2025 20:50
1151268;3522365;CTI;PRONTO SOCORRO;31/08/2025 00:46;CLINICA MEDICA;29/09/2025 17:58
602806;3522443;CTI;PRONTO SOCORRO;31/08/2025 14:45;CLINICA MEDICA;16/09/2025 14:32
1125259;3522717;CTI;CENTRO CIRURGICO;04/09/2025 17:44;CLINICA MEDICA;23/09/2025 16:40
1151380;3522729;CTI;CENTRO CIRURGICO;01/09/2025 20:57;OBITO;04/09/2025 02:17
1151378;3522803;CTI;PRONTO SOCORRO;16/09/2025 10:44;CLINICA MEDICA;29/09/2025 18:24
1094962;3522838;CTI;CENTRO CIRURGICO;30/09/2025 18:24;CLINICA CIRURGICA;09/10/2025 18:39
1094962;3522838;CTI;CLINICA CIRURGICA;15/10/2025 22:17;CLINICA CIRURGICA;17/10/2025 10:56
1094962;3522838;CTI;CENTRO CIRURGICO;02/11/2025 20:19;OBITO;10/11/2025 18:12
1151405;3522849;CTI;CENTRO CIRURGICO;08/09/2025 15:05;CLINICA CIRURGICA;13/09/2025 13:56
1151411;3522887;CTI;PRONTO SOCORRO;03/09/2025 21:59;CLINICA MEDICA;08/09/2025 14:02
1117161;3522893;CTI;PRONTO SOCORRO;02/09/2025 10:38;CLINICA MEDICA;08/09/2025 11:18
637560;3522929;CTI;CENTRO CIRURGICO;16/09/2025 17:14;CLINICA MEDICA;21/09/2025 20:08
1151334;3522953;CTI;CLINICA CIRURGICA;15/10/2025 23:49;CLINICA CIRURGICA;17/10/2025 17:51
570634;3522955;CTI;PRONTO SOCORRO;04/09/2025 00:40;CLINICA MEDICA;05/09/2025 12:27
1151460;3523110;CTI;CENTRO CIRURGICO;02/09/2025 18:10;CLINICA CIRURGICA;03/09/2025 15:05
1151464;3523115;CTI;PRONTO SOCORRO;02/09/2025 12:32;OBITO;05/09/2025 05:37
1151467;3523170;CTI;CENTRO CIRURGICO;05/09/2025 13:37;CLINICA MEDICA;09/09/2025 14:40
1151535;3523361;CTI;CENTRO CIRURGICO;03/09/2025 05:31;CLINICA CIRURGICA;12/09/2025 12:25
274529;3523367;CTI;PRONTO SOCORRO;03/09/2025 15:21;CLINICA MEDICA;05/09/2025 15:51
1151568;3523534;CTI;CENTRO CIRURGICO;03/09/2025 17:47;CLINICA CIRURGICA;05/09/2025 11:56
1052008;3523653;CTI;CENTRO CIRURGICO;16/09/2025 20:42;CLINICA CIRURGICA;19/09/2025 17:26
1044266;3523707;CTI;PRONTO SOCORRO;04/09/2025 20:28;CLINICA MEDICA;22/09/2025 15:49
1151633;3523714;CTI;CENTRO CIRURGICO;04/09/2025 10:40;OBITO;05/09/2025 05:40
1151655;3523934;CTI;PRONTO SOCORRO;05/09/2025 05:44;OBITO;05/09/2025 14:10
1151624;3523971;CTI;PRONTO SOCORRO;05/09/2025 15:37;OBITO;19/09/2025 12:01
1040333;3524002;CTI;CENTRO CIRURGICO;23/09/2025 22:52;CLINICA CIRURGICA;25/09/2025 16:25
1040333;3524002;CTI;CENTRO CIRURGICO;14/10/2025 21:34;CTI;14/10/2025 21:50
1040333;3524002;CTI;CTI;14/10/2025 21:50;CLINICA CIRURGICA;17/10/2025 15:56
1151699;3524045;CTI;PRONTO SOCORRO;05/09/2025 18:07;CLINICA CIRURGICA;22/09/2025 17:29
1151713;3524056;CTI;CENTRO CIRURGICO;04/09/2025 23:37;CLINICA CIRURGICA;29/09/2025 17:54
1038116;3524067;CTI;PRONTO SOCORRO;09/09/2025 03:51;CLINICA MEDICA;15/09/2025 11:35
1139083;3524374;CTI;CENTRO CIRURGICO;29/09/2025 21:43;CLINICA CIRURGICA;30/09/2025 17:13
1151792;3524388;CTI;PRONTO SOCORRO;08/09/2025 22:24;OBITO;13/09/2025 23:06
1096311;3524440;CTI;CENTRO CIRURGICO;06/09/2025 00:04;CLINICA MEDICA;08/09/2025 18:12
1151818;3524445;CTI;PRONTO SOCORRO;05/09/2025 23:01;TRANSFERENCIA EXTERNA;27/09/2025 13:47
310510;3524536;CTI;CENTRO CIRURGICO;07/09/2025 15:00;CLINICA MEDICA;22/09/2025 12:33
1151916;3524707;CTI;PRONTO SOCORRO;08/09/2025 18:09;OBITO;17/09/2025 19:52
673832;3524721;CTI;CENTRO CIRURGICO;08/09/2025 21:13;CTI;08/09/2025 21:22
673832;3524721;CTI;CTI;08/09/2025 21:22;CLINICA CIRURGICA;10/09/2025 15:18
1151928;3524744;CTI;CLINICA CIRURGICA;24/10/2025 12:35;CLINICA CIRURGICA;28/10/2025 20:58
32163;3524884;CTI;CENTRO CIRURGICO;09/09/2025 18:28;CTI;11/09/2025 03:15
32163;3524884;CTI;CTI;11/09/2025 03:15;CLINICA CIRURGICA;23/09/2025 16:31
1151983;3524912;CTI;PRONTO SOCORRO;10/09/2025 18:20;CLINICA MEDICA;26/09/2025 16:28
1089648;3524960;CTI;CENTRO CIRURGICO;26/09/2025 14:20;CLINICA MEDICA;01/10/2025 14:11
1089648;3524960;CTI;CENTRO CIRURGICO;10/10/2025 18:23;CLINICA CIRURGICA;15/10/2025 15:19
1152023;3525125;CTI;CENTRO CIRURGICO;15/09/2025 14:54;CLINICA CIRURGICA;19/09/2025 11:49
1152058;3525229;CTI;CLINICA CIRURGICA;05/10/2025 21:25;CLINICA MEDICA;15/10/2025 16:03
1071401;3525354;CTI;PRONTO SOCORRO;09/09/2025 09:19;OBITO;21/09/2025 14:49
1152121;3525355;CTI;PRONTO SOCORRO;09/09/2025 17:21;TRANSFERENCIA EXTERNA;15/10/2025 01:40
1152160;3525681;CTI;PRONTO SOCORRO;10/09/2025 20:18;CLINICA MEDICA;20/09/2025 14:52
1152195;3525794;CTI;PRONTO SOCORRO;10/09/2025 18:08;CTI;11/09/2025 04:56
1152195;3525794;CTI;CTI;11/09/2025 04:56;OBITO;16/09/2025 21:48
1152200;3525914;CTI;CLINICA MEDICA;02/10/2025 18:58;OBITO;14/10/2025 06:55
192176;3525985;CTI;CENTRO CIRURGICO;18/09/2025 14:00;CLINICA CIRURGICA;19/09/2025 12:48
1152302;3526184;CTI;PRONTO SOCORRO;11/09/2025 04:28;CLINICA MEDICA;02/10/2025 15:18
1152336;3526413;CTI;CENTRO CIRURGICO;12/09/2025 15:32;CLINICA CIRURGICA;15/09/2025 17:55
1152375;3526499;CTI;PRONTO SOCORRO;15/09/2025 17:40;CLINICA MEDICA;07/10/2025 17:07
1152383;3526606;CTI;PRONTO SOCORRO;14/09/2025 01:40;TRANSFERENCIA EXTERNA;15/09/2025 00:46
1152457;3526824;CTI;CENTRO CIRURGICO;12/09/2025 23:22;CLINICA MEDICA;14/10/2025 15:24
579045;3526908;CTI;CENTRO CIRURGICO;19/09/2025 23:08;CLINICA MEDICA;22/09/2025 14:17
1152459;3526931;CTI;CENTRO CIRURGICO;24/09/2025 17:49;CENTRO CIRURGICO;24/09/2025 18:06
1152459;3526931;CTI;CENTRO CIRURGICO;24/09/2025 18:38;CLINICA MEDICA;26/09/2025 11:34
1075175;3526940;CTI;PRONTO SOCORRO;16/09/2025 00:03;OBITO;21/09/2025 08:49
596281;3526953;CTI;CENTRO CIRURGICO;09/10/2025 20:13;CLINICA CIRURGICA;14/10/2025 18:01
1071334;3526992;CTI;PRONTO SOCORRO;23/09/2025 11:24;OBITO;28/09/2025 18:09
1152616;3527292;CTI;PRONTO SOCORRO;14/09/2025 13:48;CLINICA CIRURGICA;18/09/2025 15:41
1152628;3527430;CTI;CENTRO CIRURGICO;15/09/2025 03:55;CLINICA CIRURGICA;24/09/2025 12:54
1152628;3527430;CTI;CENTRO CIRURGICO;26/09/2025 17:28;CLINICA MEDICA;21/10/2025 18:17
1152698;3527517;CTI;PRONTO SOCORRO;17/09/2025 20:23;OBITO;18/09/2025 15:43
1018460;3527870;CTI;CLINICA CIRURGICA;02/10/2025 22:13;CLINICA CIRURGICA;07/10/2025 16:21
1152838;3528122;CTI;PRONTO SOCORRO;17/09/2025 21:02;CLINICA CIRURGICA;16/10/2025 17:15
1152833;3528125;CTI;CENTRO CIRURGICO;24/10/2025 21:33;CLINICA CIRURGICA;26/10/2025 13:48
1150833;3528521;CTI;CENTRO CIRURGICO;10/10/2025 11:30;CLINICA CIRURGICA;12/10/2025 17:21
350662;3528532;CTI;PRONTO SOCORRO;19/09/2025 14:58;OBITO;30/09/2025 12:54
1152973;3528667;CTI;CENTRO CIRURGICO;23/09/2025 23:02;TRANSFERENCIA EXTERNA;24/09/2025 21:57
1093026;3528709;CTI;CENTRO CIRURGICO;15/10/2025 14:51;CLINICA CIRURGICA;17/10/2025 18:11
1093026;3528709;CTI;CENTRO CIRURGICO;18/10/2025 20:25;CLINICA CIRURGICA;24/10/2025 15:02
1114565;3528710;CTI;CENTRO CIRURGICO;19/09/2025 17:54;CLINICA CIRURGICA;22/09/2025 15:16
1153042;3528864;CTI;CENTRO CIRURGICO;18/09/2025 17:34;CLINICA CIRURGICA;20/09/2025 00:13
69800;3528890;CTI;CENTRO CIRURGICO;06/10/2025 16:17;TRANSFERENCIA EXTERNA;26/10/2025 15:00
1151601;3529059;CTI;MATERNIDADE;22/09/2025 16:01;CENTRO CIRURGICO;22/09/2025 16:11
1151601;3529059;CTI;CENTRO CIRURGICO;22/09/2025 17:40;MATERNIDADE;24/09/2025 15:12
1153102;3529060;CTI;PRONTO SOCORRO;21/09/2025 18:13;CLINICA MEDICA;09/10/2025 16:24
1116437;3529063;CTI;CENTRO CIRURGICO;09/10/2025 17:30;CLINICA CIRURGICA;11/10/2025 13:09
1106284;3529068;CTI;CLINICA MEDICA;22/09/2025 18:06;CLINICA MEDICA;28/09/2025 14:38
1106284;3529068;CTI;CLINICA MEDICA;30/09/2025 11:51;CLINICA MEDICA;06/10/2025 15:26
1153139;3529131;CTI;PRONTO SOCORRO;19/09/2025 00:15;TRANSFERENCIA EXTERNA;25/09/2025 18:51
1153158;3529183;CTI;CLINICA MEDICA;20/09/2025 20:29;CLINICA MEDICA;27/09/2025 11:40
76079;3529223;CTI;CENTRO CIRURGICO;19/09/2025 17:40;CLINICA CIRURGICA;20/09/2025 15:27
624270;3529335;CTI;CLINICA MEDICA;28/09/2025 18:52;CLINICA MEDICA;06/10/2025 14:40
545215;3529339;CTI;PRONTO SOCORRO;19/09/2025 19:58;OBITO;21/09/2025 17:16
1153237;3529487;CTI;CENTRO CIRURGICO;20/09/2025 03:57;CLINICA CIRURGICA;10/10/2025 14:49
1128464;3529510;CTI;CLINICA MEDICA;01/10/2025 22:39;CLINICA MEDICA;03/10/2025 15:07
275842;3529521;CTI;PRONTO SOCORRO;21/09/2025 15:26;OBITO;07/10/2025 05:57
1153252;3529534;CTI;CENTRO CIRURGICO;22/09/2025 19:55;CLINICA CIRURGICA;24/09/2025 16:25
1153254;3529580;CTI;CENTRO CIRURGICO;20/09/2025 17:41;CENTRO CIRURGICO;20/09/2025 17:59
1153254;3529580;CTI;CENTRO CIRURGICO;20/09/2025 18:14;CLINICA CIRURGICA;30/09/2025 16:30
1153303;3529733;CTI;PRONTO SOCORRO;01/10/2025 17:30;CLINICA CIRURGICA;08/10/2025 13:57
1153284;3529771;CTI;PRONTO SOCORRO;22/09/2025 19:47;CLINICA MEDICA;25/09/2025 15:09
184201;3529897;CTI;PRONTO SOCORRO;24/09/2025 15:59;CLINICA MEDICA;01/10/2025 15:27
184201;3529897;CTI;CLINICA MEDICA;06/10/2025 18:48;CLINICA MEDICA;15/10/2025 15:11
1108873;3529987;CTI;PRONTO SOCORRO;22/09/2025 01:16;OBITO;23/09/2025 11:17
1153430;3529997;CTI;CENTRO CIRURGICO;22/09/2025 03:58;CTI;23/09/2025 11:00
1153430;3529997;CTI;CTI;23/09/2025 11:00;CLINICA MEDICA;24/09/2025 18:21
1141005;3530010;CTI;PRONTO SOCORRO;23/09/2025 14:30;CLINICA MEDICA;29/09/2025 17:52
1134842;3530301;CTI;CENTRO CIRURGICO;23/09/2025 00:21;CLINICA CIRURGICA;11/10/2025 22:09
1152592;3530380;CTI;CENTRO CIRURGICO;07/10/2025 14:11;CLINICA CIRURGICA;08/10/2025 16:14
1153577;3530736;CTI;CENTRO CIRURGICO;26/09/2025 21:59;CLINICA CIRURGICA;07/10/2025 14:44
1153577;3530736;CTI;CLINICA CIRURGICA;07/10/2025 21:28;CLINICA MEDICA;13/10/2025 15:09
1141541;3530783;CTI;PRONTO SOCORRO;23/09/2025 22:13;CLINICA MEDICA;01/10/2025 14:10
137623;3530826;CTI;PRONTO SOCORRO;24/09/2025 23:08;TRANSFERENCIA EXTERNA;28/09/2025 08:40
622640;3530949;CTI;CLINICA CIRURGICA;30/09/2025 15:00;CLINICA CIRURGICA;09/10/2025 18:17
619331;3531115;CTI;PRONTO SOCORRO;01/10/2025 18:16;CLINICA MEDICA;02/10/2025 17:41
1153721;3531180;CTI;CENTRO CIRURGICO;25/09/2025 05:50;CLINICA MEDICA;27/09/2025 13:50
478759;3531207;CTI;PRONTO SOCORRO;27/09/2025 16:48;CLINICA MEDICA;30/09/2025 16:55
478759;3531207;CTI;CLINICA MEDICA;30/09/2025 18:07;CLINICA MEDICA;01/10/2025 16:37
1011170;3531532;CTI;CENTRO CIRURGICO;27/09/2025 17:52;OBITO;30/09/2025 06:14
592359;3531537;CTI;CENTRO CIRURGICO;26/09/2025 00:33;CLINICA CIRURGICA;29/09/2025 16:30
1153797;3531558;CTI;PRONTO SOCORRO;25/09/2025 20:19;OBITO;27/09/2025 04:25
101395;3531586;CTI;CLINICA CIRURGICA;28/09/2025 11:15;OBITO;29/09/2025 06:52
1139172;3531588;CTI;CLINICA CIRURGICA;07/10/2025 22:41;CLINICA CIRURGICA;12/10/2025 11:48
1139172;3531588;CTI;CLINICA CIRURGICA;16/10/2025 23:40;CLINICA CIRURGICA;21/10/2025 18:33
1139172;3531588;CTI;CENTRO CIRURGICO;25/10/2025 13:25;OBITO;27/10/2025 17:45
1153803;3531596;CTI;CENTRO CIRURGICO;11/10/2025 01:40;CLINICA MEDICA;24/10/2025 17:51
1152973;3531620;CTI;CENTRO CIRURGICO;05/10/2025 16:57;CLINICA CIRURGICA;06/10/2025 14:46
1152973;3531620;CTI;CLINICA CIRURGICA;15/10/2025 16:01;CLINICA MEDICA;03/11/2025 11:06
1153866;3531832;CTI;CENTRO CIRURGICO;26/09/2025 21:01;CTI;28/09/2025 16:17
1153866;3531832;CTI;CTI;28/09/2025 16:17;CLINICA MEDICA;02/10/2025 21:06
1153868;3531872;CTI;CENTRO CIRURGICO;27/09/2025 09:39;CLINICA CIRURGICA;01/09/2025 16:18
166567;3531938;CTI;CENTRO CIRURGICO;27/09/2025 05:48;CLINICA CIRURGICA;29/09/2025 22:24
1153935;3532122;CTI;PRONTO SOCORRO;28/09/2025 18:08;CTI;07/10/2025 00:09
1153935;3532122;CTI;CTI;07/10/2025 00:09;OBITO;30/10/2025 20:38
1154011;3532182;CTI;CENTRO CIRURGICO;28/09/2025 03:00;CLINICA CIRURGICA;29/09/2025 18:27
1154031;3532261;CTI;PRONTO SOCORRO;30/09/2025 02:58;CLINICA MEDICA;06/10/2025 21:01
1134246;3532267;CTI;CENTRO CIRURGICO;29/09/2025 00:07;CLINICA CIRURGICA;02/10/2025 22:52
1134246;3532267;CTI;CENTRO CIRURGICO;14/10/2025 17:56;CLINICA MEDICA;16/10/2025 15:45
1154042;3532285;CTI;PRONTO SOCORRO;29/09/2025 10:06;CLINICA MEDICA;07/10/2025 14:15
1154051;3532325;CTI;CLINICA CIRURGICA;10/10/2025 20:58;CLINICA CIRURGICA;13/10/2025 14:34
1154051;3532325;CTI;CLINICA CIRURGICA;16/10/2025 00:41;OBITO;13/11/2025 00:38
1077068;3532426;CTI;CLINICA MEDICA;16/10/2025 23:16;CLINICA CIRURGICA;18/10/2025 17:49
1077193;3532559;CTI;CENTRO CIRURGICO;29/09/2025 18:19;CLINICA CIRURGICA;05/10/2025 17:13
1014730;3532620;CTI;PRONTO SOCORRO;30/09/2025 10:18;CTI;04/10/2025 13:47
1014730;3532620;CTI;CTI;04/10/2025 13:47;CLINICA MEDICA;08/10/2025 20:24
1058370;3532719;CTI;CENTRO CIRURGICO;30/09/2025 00:21;CLINICA MEDICA;01/10/2025 12:48
1058370;3532719;CTI;CLINICA MEDICA;27/10/2025 18:24;CLINICA MEDICA;03/11/2025 14:53
1058370;3532719;CTI;CLINICA MEDICA;10/11/2025 18:36;CLINICA MEDICA;17/11/2025 17:05
1154144;3532747;CTI;CENTRO CIRURGICO;03/10/2025 18:56;CLINICA CIRURGICA;05/10/2025 15:14
48688;3532752;CTI;PRONTO SOCORRO;29/09/2025 22:31;CLINICA MEDICA;30/09/2025 14:53
1154246;3533141;CTI;CLINICA MEDICA;21/10/2025 18:47;CLINICA MEDICA;29/10/2025 23:38
1154291;3533213;CTI;PRONTO SOCORRO;30/09/2025 22:56;OBITO;01/10/2025 17:03
452887;3533217;CTI;CLINICA MEDICA;10/10/2025 21:04;OBITO;11/10/2025 10:32
1154281;3533230;CTI;CLINICA CIRURGICA;21/10/2025 22:39;CLINICA CIRURGICA;23/10/2025 14:48
1114265;3533345;CTI;PRONTO SOCORRO;02/10/2025 21:26;CLINICA MEDICA;06/10/2025 22:42
1154284;3533369;CTI;PRONTO SOCORRO;01/10/2025 15:25;CLINICA CIRURGICA;05/10/2025 15:17
1154388;3533614;CTI;PRONTO SOCORRO;02/10/2025 12:09;CTI;05/10/2025 17:09
1154388;3533614;CTI;CTI;05/10/2025 17:09;CLINICA MEDICA;07/10/2025 15:40
1154435;3533912;CTI;PRONTO SOCORRO;02/10/2025 23:12;CLINICA MEDICA;04/10/2025 10:25
1154439;3533948;CTI;CENTRO CIRURGICO;05/10/2025 22:27;CLINICA CIRURGICA;06/10/2025 15:27
1154438;3533978;CTI;PRONTO SOCORRO;10/10/2025 17:23;CLINICA MEDICA;15/10/2025 00:19
343814;3534036;CTI;PRONTO SOCORRO;03/10/2025 09:21;CLINICA CIRURGICA;05/10/2025 14:34
39413;3534046;CTI;CLINICA MEDICA;15/10/2025 20:22;CLINICA CIRURGICA;17/10/2025 17:51
1074104;3534260;CTI;CENTRO CIRURGICO;03/10/2025 18:57;OBITO;13/10/2025 02:32
1142289;3534384;CTI;CLINICA MEDICA;15/10/2025 14:48;CLINICA CIRURGICA;21/10/2025 17:55
1154596;3534416;CTI;PRONTO SOCORRO;04/10/2025 15:52;CLINICA MEDICA;16/10/2025 10:52
1154566;3534420;CTI;CLINICA CIRURGICA;17/10/2025 21:40;CTI;28/10/2025 23:50
1154566;3534420;CTI;CTI;28/10/2025 23:50;CTI;05/11/2025 15:45
1154566;3534420;CTI;CTI;05/11/2025 15:45;CLINICA MEDICA;14/11/2025 14:06
1154599;3534492;CTI;PRONTO SOCORRO;05/10/2025 18:17;CLINICA MEDICA;20/10/2025 15:07
520245;3534495;CTI;PRONTO SOCORRO;08/10/2025 17:18;OBITO;14/10/2025 11:23
170796;3534576;CTI;PRONTO SOCORRO;08/10/2025 21:32;CLINICA MEDICA;13/10/2025 13:34
1154663;3534681;CTI;PRONTO SOCORRO;05/10/2025 20:33;CLINICA MEDICA;10/10/2025 13:23
1154610;3534703;CTI;PRONTO SOCORRO;08/10/2025 18:47;CLINICA MEDICA;10/10/2025 13:13
1154709;3534886;CTI;CLINICA CIRURGICA;13/10/2025 20:17;CLINICA CIRURGICA;14/10/2025 18:42
1154748;3534893;CTI;PRONTO SOCORRO;07/10/2025 16:30;OBITO;09/10/2025 17:19
1154827;3535185;CTI;CENTRO CIRURGICO;06/10/2025 22:37;CLINICA CIRURGICA;08/10/2025 18:30
1154806;3535188;CTI;CENTRO CIRURGICO;07/10/2025 12:39;CLINICA CIRURGICA;09/10/2025 18:22
1036839;3535276;CTI;PRONTO SOCORRO;07/10/2025 12:21;CLINICA MEDICA;09/10/2025 16:47
1154856;3535281;CTI;CENTRO CIRURGICO;07/10/2025 00:54;CLINICA CIRURGICA;12/10/2025 14:01
1154831;3535428;CTI;CLINICA CIRURGICA;28/10/2025 22:28;CLINICA CIRURGICA;31/10/2025 17:36
1018432;3535714;CTI;PRONTO SOCORRO;08/10/2025 10:43;CLINICA CIRURGICA;10/10/2025 18:53
1155039;3536078;CTI;CENTRO CIRURGICO;09/10/2025 00:59;CLINICA CIRURGICA;10/10/2025 23:11
1155061;3536134;CTI;PRONTO SOCORRO;09/10/2025 11:14;CLINICA MEDICA;10/10/2025 17:08
1146596;3536358;CTI;PRONTO SOCORRO;09/10/2025 20:58;CLINICA MEDICA;15/10/2025 14:27
1155105;3536368;CTI;PRONTO SOCORRO;09/10/2025 21:48;CLINICA MEDICA;13/10/2025 16:47
1155137;3536494;CTI;CENTRO CIRURGICO;12/10/2025 01:06;CLINICA CIRURGICA;19/10/2025 10:20
1076390;3536590;CTI;PRONTO SOCORRO;11/10/2025 11:59;OBITO;18/10/2025 01:19
1016450;3536637;CTI;CLINICA CIRURGICA;12/10/2025 15:49;CLINICA CIRURGICA;15/10/2025 14:15
591271;3536650;CTI;CLINICA MEDICA;17/10/2025 20:09;CTI;17/10/2025 20:46
591271;3536650;CTI;CTI;17/10/2025 20:46;CLINICA MEDICA;22/10/2025 16:00
1155190;3536788;CTI;CENTRO CIRURGICO;10/10/2025 23:26;CLINICA CIRURGICA;13/10/2025 14:35
1014110;3536862;CTI;PRONTO SOCORRO;11/10/2025 00:58;CLINICA MEDICA;17/10/2025 14:50
684371;3536888;CTI;PRONTO SOCORRO;13/10/2025 18:28;CTI;16/10/2025 17:34
684371;3536888;CTI;CTI;16/10/2025 17:34;OBITO;05/11/2025 18:30
1098912;3536918;CTI;CLINICA MEDICA;27/10/2025 20:53;CLINICA MEDICA;29/10/2025 15:19
1155272;3537033;CTI;CENTRO CIRURGICO;12/10/2025 21:48;CLINICA CIRURGICA;14/10/2025 16:28
1155370;3537224;CTI;CENTRO CIRURGICO;12/10/2025 20:03;CLINICA CIRURGICA;16/10/2025 16:36
1155399;3537296;CTI;PRONTO SOCORRO;13/10/2025 04:23;CLINICA MEDICA;10/11/2025 20:59
572201;3537494;CTI;MATERNIDADE;14/10/2025 09:39;MATERNIDADE;15/10/2025 14:53
1155441;3537556;CTI;PRONTO SOCORRO;13/10/2025 16:14;CTI;13/10/2025 16:29
1155441;3537556;CTI;CTI;13/10/2025 16:29;CLINICA MEDICA;15/10/2025 15:21
1155492;3537614;CTI;PRONTO SOCORRO;13/10/2025 18:22;CLINICA MEDICA;18/10/2025 17:56
1155501;3537637;CTI;PRONTO SOCORRO;13/10/2025 21:31;CTI;23/10/2025 16:45
1155501;3537637;CTI;CTI;23/10/2025 16:45;CLINICA MEDICA;27/10/2025 16:10
261289;3537729;CTI;PRONTO SOCORRO;18/10/2025 14:11;OBITO;20/10/2025 20:50
1155544;3537855;CTI;CENTRO CIRURGICO;14/10/2025 14:28;OBITO;15/10/2025 05:26
1149035;3538333;CTI;CENTRO CIRURGICO;07/11/2025 20:49;OBITO;17/11/2025 15:55
1148408;3538355;CTI;PRONTO SOCORRO;15/10/2025 17:55;CLINICA MEDICA;17/10/2025 14:21
1155579;3538424;CTI;CENTRO CIRURGICO;03/11/2025 20:46;CLINICA CIRURGICA;04/11/2025 11:12
1155704;3538489;CTI;MATERNIDADE;17/10/2025 16:50;MATERNIDADE;19/10/2025 13:50
1155717;3538515;CTI;PRONTO SOCORRO;16/10/2025 12:30;TRANSFERENCIA EXTERNA;16/10/2025 21:58
1155725;3538530;CTI;CENTRO CIRURGICO;30/10/2025 17:36;CLINICA CIRURGICA;01/11/2025 11:27
1155725;3538530;CTI;CLINICA CIRURGICA;07/11/2025 20:10;CLINICA MEDICA;13/11/2025 14:25
1155740;3538554;CTI;CENTRO CIRURGICO;16/10/2025 12:29;CLINICA MEDICA;25/10/2025 12:07
1155740;3538554;CTI;CLINICA MEDICA;09/11/2025 18:06;CLINICA MEDICA;17/11/2025 17:25
1155668;3538621;CTI;CENTRO CIRURGICO;07/11/2025 20:25;CLINICA CIRURGICA;08/11/2025 16:01
1155757;3538640;CTI;CENTRO CIRURGICO;16/10/2025 21:15;CLINICA MEDICA;21/10/2025 16:26
1107162;3538694;CTI;PRONTO SOCORRO;16/10/2025 12:30;CLINICA CIRURGICA;18/10/2025 13:24
1155781;3538736;CTI;PRONTO SOCORRO;16/10/2025 17:57;TRANSFERENCIA EXTERNA;27/10/2025 04:08
1155779;3538813;CTI;CENTRO CIRURGICO;16/10/2025 21:36;CLINICA MEDICA;22/10/2025 18:40
1018173;3538868;CTI;CENTRO CIRURGICO;31/10/2025 18:29;CLINICA CIRURGICA;03/11/2025 14:38
1155841;3538906;CTI;CENTRO CIRURGICO;17/10/2025 03:35;CLINICA CIRURGICA;23/10/2025 15:08
1155823;3538911;CTI;CENTRO CIRURGICO;17/10/2025 08:33;CLINICA CIRURGICA;20/10/2025 16:55
384245;3538921;CTI;CENTRO CIRURGICO;17/10/2025 13:04;CLINICA CIRURGICA;20/10/2025 15:54
1155871;3539117;CTI;PRONTO SOCORRO;18/10/2025 02:50;CLINICA MEDICA;27/10/2025 14:55
631603;3539160;CTI;PRONTO SOCORRO;20/10/2025 18:21;CLINICA CIRURGICA;23/10/2025 13:45
1148651;3539172;CTI;PRONTO SOCORRO;24/10/2025 16:31;CLINICA MEDICA;29/10/2025 12:36
1155860;3539209;CTI;CLINICA CIRURGICA;31/10/2025 20:41;CLINICA CIRURGICA;01/11/2025 16:38
1155896;3539256;CTI;PRONTO SOCORRO;18/10/2025 06:45;OBITO;20/10/2025 09:39
677111;3539290;CTI;CLINICA CIRURGICA;20/10/2025 17:33;TRANSFERENCIA EXTERNA;31/10/2025 16:18
1155928;3539331;CTI;PRONTO SOCORRO;18/10/2025 21:49;CLINICA CIRURGICA;21/10/2025 16:05
1155989;3539441;CTI;PRONTO SOCORRO;19/10/2025 01:29;OBITO;27/10/2025 16:41
1155969;3539496;CTI;CENTRO CIRURGICO;10/11/2025 20:08;CLINICA MEDICA;11/11/2025 21:32
1156030;3539537;CTI;CENTRO CIRURGICO;19/10/2025 13:45;CLINICA MEDICA;03/11/2025 17:39
1156048;3539607;CTI;PRONTO SOCORRO;19/10/2025 18:02;CLINICA MEDICA;24/10/2025 16:39
1156075;3539696;CTI;PRONTO SOCORRO;19/10/2025 21:49;CLINICA MEDICA;27/10/2025 11:30
1156104;3539764;CTI;CENTRO CIRURGICO;20/10/2025 11:39;CLINICA CIRURGICA;26/10/2025 17:28
1156171;3540049;CTI;PRONTO SOCORRO;21/10/2025 00:47;CLINICA MEDICA;02/11/2025 11:35
1154827;3540062;CTI;CENTRO CIRURGICO;21/10/2025 15:24;CLINICA CIRURGICA;23/10/2025 12:08
1156156;3540083;CTI;CENTRO CIRURGICO;28/10/2025 18:18;CLINICA CIRURGICA;02/11/2025 15:53
1156189;3540087;CTI;PRONTO SOCORRO;20/10/2025 22:51;CENTRO CIRURGICO;24/10/2025 12:33
1156164;3540109;CTI;CENTRO CIRURGICO;06/11/2025 17:20;CLINICA CIRURGICA;07/11/2025 12:20
1156206;3540150;CTI;CENTRO CIRURGICO;04/11/2025 15:06;CLINICA MEDICA;06/11/2025 16:14
1156249;3540439;CTI;PRONTO SOCORRO;21/10/2025 22:30;CLINICA MEDICA;04/11/2025 14:21
1151966;3540479;CTI;CLINICA CIRURGICA;01/11/2025 00:03;CLINICA MEDICA;07/11/2025 15:45
1156211;3540494;CTI;PRONTO SOCORRO;23/10/2025 18:01;CLINICA CIRURGICA;25/10/2025 11:35
1094891;3540524;CTI;CENTRO CIRURGICO;22/10/2025 00:20;CTI;23/10/2025 14:17
1094891;3540524;CTI;CTI;23/10/2025 14:17;CLINICA MEDICA;15/12/2025 13:48
1156301;3540546;CTI;CENTRO CIRURGICO;22/10/2025 20:40;CLINICA CIRURGICA;25/10/2025 11:12
1148603;3540794;CTI;PRONTO SOCORRO;23/10/2025 00:15;CLINICA MEDICA;30/10/2025 16:47
344917;3540896;CTI;PRONTO SOCORRO;22/10/2025 23:56;CTI;23/10/2025 14:19
344917;3540896;CTI;CTI;23/10/2025 14:19;CTI;28/10/2025 22:27
344917;3540896;CTI;CTI;28/10/2025 22:27;CLINICA MEDICA;17/11/2025 16:15
1156402;3540953;CTI;CENTRO CIRURGICO;23/10/2025 16:16;CLINICA CIRURGICA;30/10/2025 09:30
1156411;3541184;CTI;CENTRO CIRURGICO;23/10/2025 23:11;CLINICA CIRURGICA;26/10/2025 16:50
1156481;3541293;CTI;PRONTO SOCORRO;23/10/2025 21:06;CLINICA MEDICA;03/11/2025 17:51
1156546;3541560;CTI;PRONTO SOCORRO;26/10/2025 22:32;CLINICA MEDICA;10/11/2025 13:09
1156563;3541598;CTI;CENTRO CIRURGICO;25/10/2025 00:52;CLINICA MEDICA;12/11/2025 17:47
1156586;3541653;CTI;CENTRO CIRURGICO;25/10/2025 14:50;CLINICA CIRURGICA;29/10/2025 14:45
589942;3541677;CTI;PRONTO SOCORRO;29/10/2025 17:48;CLINICA MEDICA;05/11/2025 14:20
1156613;3541749;CTI;CENTRO CIRURGICO;25/10/2025 23:47;CTI;27/10/2025 20:39
1156613;3541749;CTI;CTI;27/10/2025 20:39;CLINICA CIRURGICA;28/10/2025 20:10
633793;3541890;CTI;CENTRO CIRURGICO;26/10/2025 16:37;CLINICA CIRURGICA;06/11/2025 18:14
1156661;3541914;CTI;PRONTO SOCORRO;27/10/2025 22:25;CLINICA MEDICA;28/10/2025 14:58
1156698;3541979;CTI;PRONTO SOCORRO;26/10/2025 17:08;OBITO;27/10/2025 16:49
1156687;3541985;CTI;PRONTO SOCORRO;26/10/2025 18:45;CLINICA MEDICA;01/11/2025 14:37
1156742;3542084;CTI;CENTRO CIRURGICO;27/10/2025 10:15;CLINICA MEDICA;10/12/2025 16:07
1156734;3542117;CTI;PRONTO SOCORRO;30/10/2025 21:17;CLINICA MEDICA;01/11/2025 13:51
1156768;3542354;CTI;PRONTO SOCORRO;27/10/2025 15:04;CLINICA MEDICA;31/10/2025 16:03
1156797;3542388;CTI;PRONTO SOCORRO;27/10/2025 23:18;CLINICA MEDICA;30/10/2025 15:39
39413;3542660;CTI;CENTRO CIRURGICO;08/11/2025 15:49;CLINICA MEDICA;17/11/2025 17:00
1156909;3542715;CTI;CENTRO CIRURGICO;28/10/2025 16:11;CENTRO CIRURGICO;02/11/2025 18:20
1156909;3542715;CTI;CLINICA CIRURGICA;12/11/2025 21:00;OBITO;02/12/2025 11:36
1156962;3543009;CTI;CENTRO CIRURGICO;29/10/2025 10:40;CLINICA CIRURGICA;30/10/2025 12:20
1156962;3543009;CTI;CENTRO CIRURGICO;08/11/2025 02:33;CLINICA MEDICA;09/12/2025 14:55
1155492;3543084;CTI;PRONTO SOCORRO;29/10/2025 18:56;CLINICA MEDICA;14/11/2025 18:06
1157021;3543187;CTI;PRONTO SOCORRO;31/10/2025 01:33;CLINICA MEDICA;02/11/2025 12:31
1152121;3543196;CTI;PRONTO SOCORRO;29/10/2025 13:50;CLINICA MEDICA;01/11/2025 17:25
1156972;3543260;CTI;PRONTO SOCORRO;14/11/2025 01:14;CLINICA CIRURGICA;16/11/2025 12:04
1156951;3543263;CTI;CENTRO CIRURGICO;14/11/2025 23:07;CLINICA CIRURGICA;16/11/2025 17:17
1152543;3543265;CTI;CLINICA CIRURGICA;13/11/2025 03:17;CLINICA MEDICA;21/11/2025 15:40
1081585;3543281;CTI;CLINICA CIRURGICA;02/11/2025 14:06;CLINICA CIRURGICA;08/11/2025 15:09
1157073;3543345;CTI;CENTRO CIRURGICO;31/10/2025 15:54;CLINICA CIRURGICA;06/11/2025 15:15
592480;3543363;CTI;PRONTO SOCORRO;30/10/2025 03:14;OBITO;30/10/2025 23:40
1157107;3543517;CTI;PRONTO SOCORRO;30/10/2025 12:25;CTI;30/10/2025 16:58
1157107;3543517;CTI;CTI;30/10/2025 16:58;CTI;18/11/2025 08:48
1157107;3543517;CTI;CTI;18/11/2025 08:48;CLINICA MEDICA;25/11/2025 14:13
1157134;3543696;CTI;CLINICA CIRURGICA;13/11/2025 14:43;CLINICA MEDICA;18/11/2025 13:56
675681;3543702;CTI;CLINICA CIRURGICA;12/11/2025 00:22;CLINICA MEDICA;12/11/2025 14:47
1157178;3543709;CTI;CENTRO CIRURGICO;31/10/2025 00:12;CLINICA CIRURGICA;02/11/2025 15:13
1157177;3543737;CTI;CLINICA CIRURGICA;04/11/2025 16:35;CLINICA CIRURGICA;08/11/2025 15:16
1157177;3543737;CTI;CENTRO CIRURGICO;10/11/2025 18:19;CLINICA CIRURGICA;12/11/2025 18:10
1157315;3544198;CTI;CENTRO CIRURGICO;01/11/2025 19:50;CLINICA MEDICA;07/11/2025 16:55
1157315;3544198;CTI;CENTRO CIRURGICO;19/12/2025 20:37;CLINICA CIRURGICA;23/12/2025 18:38
1150658;3544223;CTI;CLINICA MEDICA;02/11/2025 11:30;CLINICA MEDICA;12/11/2025 16:59
11429;3544372;CTI;CENTRO CIRURGICO;03/11/2025 17:33;CLINICA CIRURGICA;07/11/2025 18:24
1157387;3544386;CTI;PRONTO SOCORRO;02/11/2025 18:03;CLINICA MEDICA;10/11/2025 14:28
151799;3544436;CTI;PRONTO SOCORRO;02/11/2025 09:43;CLINICA MEDICA;13/11/2025 15:53
1157417;3544500;CTI;PRONTO SOCORRO;02/11/2025 16:00;CLINICA MEDICA;04/11/2025 15:09
1157420;3544508;CTI;PRONTO SOCORRO;02/11/2025 16:34;CLINICA MEDICA;05/11/2025 13:53
1145079;3544550;CTI;CENTRO CIRURGICO;02/11/2025 22:50;CLINICA MEDICA;07/11/2025 15:47
1057955;3544566;CTI;PRONTO SOCORRO;02/11/2025 22:23;OBITO;12/11/2025 02:08
1157451;3544607;CTI;CLINICA MEDICA;04/12/2025 11:53;CLINICA MEDICA;18/12/2025 13:33
1157456;3544622;CTI;CENTRO CIRURGICO;03/11/2025 14:22;CLINICA CIRURGICA;05/11/2025 22:22
512783;3544729;CTI;CLINICA MEDICA;16/11/2025 14:22;CLINICA MEDICA;20/11/2025 14:24
564944;3544732;CTI;PRONTO SOCORRO;06/11/2025 04:43;CLINICA MEDICA;07/11/2025 12:03
564944;3544732;CTI;CENTRO CIRURGICO;14/11/2025 15:33;CLINICA MEDICA;20/11/2025 13:41
1157458;3544864;CTI;PRONTO SOCORRO;04/11/2025 16:59;CLINICA MEDICA;12/11/2025 12:38
144635;3544883;CTI;PRONTO SOCORRO;03/11/2025 18:48;MATERNIDADE;05/11/2025 12:02
1119792;3544890;CTI;CENTRO CIRURGICO;05/11/2025 15:37;CLINICA CIRURGICA;08/11/2025 00:41
1157532;3544954;CTI;CENTRO CIRURGICO;04/11/2025 01:16;CLINICA CIRURGICA;09/11/2025 10:53
1157610;3545406;CTI;PRONTO SOCORRO;05/11/2025 18:26;CTI;07/11/2025 13:27
1157610;3545406;CTI;CTI;07/11/2025 13:27;CLINICA MEDICA;11/11/2025 18:27
1157661;3545433;CTI;PRONTO SOCORRO;11/11/2025 17:28;CLINICA MEDICA;27/11/2025 14:00
1157675;3545530;CTI;CENTRO CIRURGICO;05/11/2025 17:17;CLINICA CIRURGICA;08/11/2025 13:51
1157675;3545530;CTI;CENTRO CIRURGICO;17/11/2025 17:53;CLINICA CIRURGICA;18/11/2025 15:14
641219;3545747;CTI;PRONTO SOCORRO;05/11/2025 22:48;OBITO;12/12/2025 06:10
1125008;3545755;CTI;CENTRO CIRURGICO;07/11/2025 16:47;TRANSFERENCIA EXTERNA;09/11/2025 14:04
1091056;3545756;CTI;CLINICA MEDICA;11/12/2025 17:50;CLINICA MEDICA;22/12/2025 15:27
1156818;3545796;CTI;PRONTO SOCORRO;07/11/2025 14:59;CLINICA MEDICA;11/11/2025 12:15
1157786;3546020;CTI;CLINICA MEDICA;12/11/2025 00:03;CLINICA MEDICA;17/11/2025 17:50
1157824;3546097;CTI;PRONTO SOCORRO;06/11/2025 18:27;CLINICA MEDICA;07/11/2025 14:58
1146739;3546100;CTI;CENTRO CIRURGICO;18/11/2025 15:54;CLINICA CIRURGICA;22/11/2025 11:39
254359;3546160;CTI;PRONTO SOCORRO;06/11/2025 22:22;CLINICA MEDICA;11/11/2025 15:15
1157854;3546194;CTI;CENTRO CIRURGICO;07/11/2025 15:56;OBITO;08/11/2025 08:40
1029081;3546277;CTI;CLINICA CIRURGICA;26/11/2025 15:42;CLINICA CIRURGICA;28/11/2025 14:55
683725;3546319;CTI;CLINICA MEDICA;17/11/2025 20:09;CLINICA MEDICA;23/11/2025 14:38
1157934;3546534;CTI;PRONTO SOCORRO;08/11/2025 01:44;CLINICA MEDICA;10/11/2025 17:01
1146084;3546581;CTI;CENTRO CIRURGICO;12/11/2025 15:36;CLINICA CIRURGICA;13/11/2025 17:39
1157969;3546616;CTI;CENTRO CIRURGICO;08/11/2025 15:04;CTI;14/11/2025 21:47
1157969;3546616;CTI;CTI;14/11/2025 21:47;CLINICA MEDICA;25/11/2025 15:16
143367;3546729;CTI;PRONTO SOCORRO;08/11/2025 20:52;OBITO;27/11/2025 04:48
1156599;3546767;CTI;CENTRO CIRURGICO;09/11/2025 18:29;CLINICA CIRURGICA;27/11/2025 15:13
1158044;3546947;CTI;PRONTO SOCORRO;09/11/2025 23:00;CLINICA CIRURGICA;11/11/2025 22:24
1158073;3546967;CTI;CENTRO CIRURGICO;09/11/2025 22:47;OBITO;01/12/2025 02:53
427469;3547317;CTI;PRONTO SOCORRO;11/11/2025 01:39;OBITO;13/11/2025 01:11
1138002;3547352;CTI;CENTRO CIRURGICO;10/11/2025 23:51;CLINICA CIRURGICA;13/11/2025 12:07
1151082;3547355;CTI;CENTRO CIRURGICO;12/11/2025 17:49;CLINICA CIRURGICA;15/11/2025 15:29
1158173;3547381;CTI;CENTRO CIRURGICO;11/11/2025 15:20;CLINICA CIRURGICA;14/11/2025 17:46
205555;3547659;CTI;PRONTO SOCORRO;12/11/2025 01:33;CLINICA MEDICA;18/11/2025 15:45
1118497;3548017;CTI;PRONTO SOCORRO;13/11/2025 01:20;CLINICA MEDICA;21/11/2025 18:24
1158075;3548065;CTI;MATERNIDADE;12/11/2025 16:52;MATERNIDADE;14/11/2025 13:06
565246;3548200;CTI;PRONTO SOCORRO;13/11/2025 10:40;CLINICA MEDICA;23/11/2025 14:00
147069;3548206;CTI;PRONTO SOCORRO;13/11/2025 03:45;CLINICA MEDICA;01/11/2025 16:26
445314;3548213;CTI;CENTRO CIRURGICO;21/11/2025 18:41;CLINICA MEDICA;30/11/2025 17:59
641857;3548221;CTI;PRONTO SOCORRO;15/11/2025 00:23;CLINICA MEDICA;18/11/2025 16:20
1158416;3548464;CTI;PRONTO SOCORRO;13/11/2025 18:12;CLINICA MEDICA;21/11/2025 15:01
1158434;3548510;CTI;PRONTO SOCORRO;18/11/2025 11:30;TRANSFERENCIA EXTERNA;19/11/2025 15:08
1158393;3548559;CTI;CENTRO CIRURGICO;27/11/2025 17:01;CLINICA CIRURGICA;09/12/2025 19:55
1158443;3548604;CTI;PRONTO SOCORRO;13/11/2025 21:34;CLINICA CIRURGICA;15/11/2025 13:14
199180;3548640;CTI;CLINICA MEDICA;28/11/2025 10:00;CLINICA MEDICA;09/12/2025 14:46
1158508;3548698;CTI;PRONTO SOCORRO;15/11/2025 00:16;TRANSFERENCIA EXTERNA;15/11/2025 17:33
1021958;3548706;CTI;CENTRO CIRURGICO;10/12/2025 18:24;CLINICA CIRURGICA;11/12/2025 18:04
1158524;3548812;CTI;PRONTO SOCORRO;16/11/2025 02:03;CTI;21/11/2025 18:20
1158524;3548812;CTI;CTI;21/11/2025 18:20;CLINICA MEDICA;28/11/2025 16:17
1120671;3549083;CTI;CLINICA MEDICA;20/11/2025 16:42;CLINICA MEDICA;24/11/2025 16:12
1158595;3549084;CTI;CENTRO CIRURGICO;28/11/2025 19:59;CLINICA CIRURGICA;30/11/2025 14:34
1158571;3549089;CTI;CENTRO CIRURGICO;15/11/2025 17:20;CLINICA CIRURGICA;17/11/2025 16:32
1158571;3549089;CTI;CLINICA CIRURGICA;20/11/2025 16:51;OBITO;26/12/2025 13:33
36633;3549093;CTI;CLINICA MEDICA;22/11/2025 13:59;CLINICA MEDICA;15/12/2025 15:57
480414;3549125;CTI;CENTRO CIRURGICO;15/11/2025 16:41;OBITO;25/11/2025 02:09
553640;3549298;CTI;CENTRO CIRURGICO;18/11/2025 15:31;CLINICA CIRURGICA;23/11/2025 10:22
1026017;3549349;CTI;PRONTO SOCORRO;16/11/2025 20:44;CLINICA MEDICA;24/11/2025 12:58
1155929;3549566;CTI;PRONTO SOCORRO;17/11/2025 17:53;CTI;17/11/2025 18:35
1155929;3549566;CTI;CTI;17/11/2025 18:35;CLINICA MEDICA;24/11/2025 12:14
1158797;3549676;CTI;PRONTO SOCORRO;17/11/2025 18:20;CLINICA MEDICA;24/11/2025 17:28
1024189;3549761;CTI;CENTRO CIRURGICO;30/11/2025 15:33;CLINICA CIRURGICA;11/12/2025 14:52
1123087;3549871;CTI;CENTRO CIRURGICO;17/11/2025 22:26;CLINICA CIRURGICA;22/11/2025 14:44
1158779;3549954;CTI;PRONTO SOCORRO;18/11/2025 12:38;CLINICA MEDICA;26/11/2025 14:54
6012;3550070;CTI;CENTRO CIRURGICO;18/11/2025 20:32;CLINICA CIRURGICA;21/11/2025 17:18
6012;3550070;CTI;CENTRO CIRURGICO;24/11/2025 14:08;CLINICA CIRURGICA;06/12/2025 17:29
1158922;3550214;CTI;PRONTO SOCORRO;18/11/2025 21:11;TRANSFERENCIA EXTERNA;26/11/2025 22:48
1158851;3550248;CTI;CLINICA CIRURGICA;26/11/2025 20:42;CLINICA CIRURGICA;28/11/2025 17:45
1158951;3550261;CTI;PRONTO SOCORRO;18/11/2025 22:47;CLINICA MEDICA;25/11/2025 14:58
1158449;3550325;CTI;CENTRO CIRURGICO;25/11/2025 17:13;CLINICA CIRURGICA;27/11/2025 17:39
1158969;3550328;CTI;CENTRO CIRURGICO;19/11/2025 16:57;CLINICA MEDICA;01/12/2025 15:22
1158969;3550328;CTI;CLINICA MEDICA;10/12/2025 20:15;TRANSFERENCIA EXTERNA;30/12/2025 22:11
1138433;3550492;CTI;CENTRO CIRURGICO;21/11/2025 16:40;CLINICA CIRURGICA;22/11/2025 12:03
1138433;3550492;CTI;CENTRO CIRURGICO;09/12/2025 16:54;CLINICA CIRURGICA;12/12/2025 17:26
1135150;3550855;CTI;CENTRO CIRURGICO;23/11/2025 17:57;CLINICA CIRURGICA;24/11/2025 17:10
1135150;3550855;CTI;CLINICA CIRURGICA;26/11/2025 12:02;CLINICA MEDICA;28/11/2025 17:26
1090098;3551071;CTI;PRONTO SOCORRO;22/11/2025 00:03;CLINICA MEDICA;03/12/2025 13:11
679405;3551276;CTI;CENTRO CIRURGICO;24/11/2025 17:54;CLINICA CIRURGICA;28/11/2025 14:58
1037098;3551325;CTI;PRONTO SOCORRO;21/11/2025 18:24;TRANSFERENCIA EXTERNA;23/11/2025 21:53
1159264;3551395;CTI;PRONTO SOCORRO;22/11/2025 15:32;CLINICA MEDICA;16/12/2025 14:11
1045291;3551432;CTI;CENTRO CIRURGICO;23/11/2025 14:31;CLINICA CIRURGICA;24/11/2025 15:54
1048715;3551453;CTI;PRONTO SOCORRO;24/11/2025 15:38;CLINICA MEDICA;01/12/2025 16:27
118051;3551502;CTI;PRONTO SOCORRO;23/11/2025 17:29;CTI;23/11/2025 17:46
118051;3551502;CTI;CTI;23/11/2025 17:46;CLINICA CIRURGICA;08/12/2025 13:55
1159352;3551648;CTI;CENTRO CIRURGICO;22/11/2025 22:45;CLINICA MEDICA;27/11/2025 17:03
1159352;3551648;CTI;PRONTO SOCORRO;27/11/2025 18:13;CLINICA CIRURGICA;11/12/2025 17:31
1159366;3551730;CTI;CLINICA MEDICA;05/12/2025 00:32;CLINICA MEDICA;11/12/2025 16:24
1159435;3551893;CTI;CENTRO CIRURGICO;24/11/2025 17:20;CLINICA CIRURGICA;26/11/2025 11:30
1159453;3551934;CTI;CENTRO CIRURGICO;24/11/2025 02:50;CLINICA CIRURGICA;26/11/2025 14:14
1013337;3552045;CTI;CENTRO CIRURGICO;27/11/2025 15:00;CLINICA MEDICA;23/12/2025 22:23
1159477;3552274;CTI;CENTRO CIRURGICO;26/12/2025 22:49;CLINICA CIRURGICA;29/12/2025 16:44
276753;3552323;CTI;PRONTO SOCORRO;25/11/2025 11:10;CLINICA MEDICA;12/12/2025 16:53
1159540;3552340;CTI;PRONTO SOCORRO;25/11/2025 02:01;CLINICA MEDICA;28/11/2025 14:52
1153872;3552348;CTI;PRONTO SOCORRO;25/11/2025 06:17;OBITO;25/11/2025 14:24
237434;3552536;CTI;PRONTO SOCORRO;25/11/2025 17:58;OBITO;08/12/2025 02:51
548617;3552637;CTI;PRONTO SOCORRO;25/11/2025 18:07;CLINICA MEDICA;07/12/2025 11:45
1159595;3552661;CTI;PRONTO SOCORRO;28/11/2025 22:36;OBITO;07/12/2025 15:28
1157646;3552680;CTI;CENTRO CIRURGICO;10/12/2025 17:49;CLINICA CIRURGICA;15/12/2025 14:02
1159645;3552771;CTI;CENTRO CIRURGICO;26/11/2025 04:47;OBITO;26/11/2025 10:14
131343;3552777;CTI;PRONTO SOCORRO;26/11/2025 18:12;CLINICA MEDICA;16/12/2025 16:02
1159708;3553118;CTI;PRONTO SOCORRO;27/11/2025 01:29;CLINICA MEDICA;29/11/2025 14:27
1135643;3553148;CTI;PRONTO SOCORRO;30/11/2025 20:11;CLINICA MEDICA;04/12/2025 15:18
1159743;3553436;CTI;CLINICA CIRURGICA;28/11/2025 16:57;CLINICA CIRURGICA;05/12/2025 10:43
1148196;3553461;CTI;PRONTO SOCORRO;29/11/2025 23:52;CLINICA MEDICA;03/12/2025 18:00
1125691;3553497;CTI;PRONTO SOCORRO;27/11/2025 22:27;CLINICA MEDICA;03/12/2025 13:59
225742;3553538;CTI;PRONTO SOCORRO;28/11/2025 21:52;CLINICA MEDICA;30/11/2025 22:25
1159847;3553728;CTI;CENTRO CIRURGICO;28/11/2025 20:35;CLINICA CIRURGICA;29/11/2025 15:09
291499;3553743;CTI;CLINICA MEDICA;07/12/2025 16:31;CLINICA MEDICA;15/12/2025 15:08
1159937;3553972;CTI;CENTRO CIRURGICO;04/12/2025 16:37;CLINICA CIRURGICA;07/12/2025 14:06
1159980;3554092;CTI;CENTRO CIRURGICO;29/11/2025 18:52;CLINICA CIRURGICA;04/12/2025 16:22
1159971;3554106;CTI;PRONTO SOCORRO;29/11/2025 17:48;CLINICA MEDICA;15/12/2025 15:35
1075145;3554140;CTI;PRONTO SOCORRO;29/11/2025 23:33;PRONTO SOCORRO;29/11/2025 23:38
1056120;3554169;CTI;CENTRO CIRURGICO;03/12/2025 04:32;CLINICA CIRURGICA;10/12/2025 17:33
1159979;3554191;CTI;CLINICA MEDICA;05/12/2025 18:40;CLINICA MEDICA;26/12/2025 14:55
1160053;3554287;CTI;PRONTO SOCORRO;01/12/2025 01:32;TRANSFERENCIA EXTERNA;03/12/2025 01:24
1142306;3554315;CTI;PRONTO SOCORRO;01/12/2025 18:04;CLINICA MEDICA;03/12/2025 13:54
1160091;3554410;CTI;PRONTO SOCORRO;01/12/2025 03:29;CLINICA MEDICA;05/12/2025 11:32
1160066;3554579;CTI;CENTRO CIRURGICO;02/12/2025 14:48;CLINICA MEDICA;11/12/2025 12:26
1065994;3554679;CTI;CLINICA MEDICA;03/12/2025 17:37;CLINICA MEDICA;10/12/2025 16:09
1065994;3554679;CTI;CLINICA MEDICA;12/12/2025 17:32;CLINICA MEDICA;23/12/2025 15:53
354201;3554801;CTI;CENTRO CIRURGICO;02/12/2025 01:29;CLINICA CIRURGICA;04/12/2025 17:42
1156829;3554808;CTI;CLINICA CIRURGICA;16/12/2025 15:59;CLINICA CIRURGICA;21/12/2025 11:19
1151767;3555139;CTI;PRONTO SOCORRO;03/12/2025 16:07;TRANSFERENCIA EXTERNA;03/12/2025 21:32
1160302;3555184;CTI;PRONTO SOCORRO;03/12/2025 20:20;OBITO;08/12/2025 18:39
1160354;3555310;CTI;PRONTO SOCORRO;05/12/2025 23:11;CLINICA CIRURGICA;12/12/2025 15:55
1160386;3555616;CTI;CENTRO CIRURGICO;04/12/2025 17:59;CLINICA CIRURGICA;05/12/2025 15:53
1160394;3555639;CTI;PRONTO SOCORRO;07/12/2025 15:10;OBITO;14/12/2025 22:49
135065;3555661;CTI;MATERNIDADE;12/12/2025 17:27;CLINICA CIRURGICA;17/12/2025 16:57
1015593;3555705;CTI;PRONTO SOCORRO;04/12/2025 09:34;CLINICA MEDICA;16/12/2025 17:54
1160466;3556059;CTI;CENTRO CIRURGICO;09/12/2025 16:25;OBITO;16/12/2025 22:09
1005990;3556137;CTI;CENTRO CIRURGICO;17/12/2025 15:29;CLINICA CIRURGICA;26/12/2025 13:22
1160514;3556323;CTI;CENTRO CIRURGICO;23/12/2025 19:36;CLINICA CIRURGICA;27/12/2025 14:01
1160541;3556363;CTI;PRONTO SOCORRO;16/12/2025 11:10;CLINICA MEDICA;26/12/2025 16:56
1156951;3556365;CTI;CENTRO CIRURGICO;12/12/2025 18:16;CLINICA CIRURGICA;15/12/2025 16:22
366902;3556393;CTI;CENTRO CIRURGICO;06/12/2025 02:25;CLINICA MEDICA;07/12/2025 15:52
1160624;3556462;CTI;CENTRO CIRURGICO;06/12/2025 19:00;CTI;25/12/2025 12:35
1160624;3556462;CTI;CTI;25/12/2025 12:35;CTI;25/12/2025 13:07
613703;3556839;CTI;PRONTO SOCORRO;08/12/2025 00:57;CLINICA MEDICA;11/12/2025 13:05
1159818;3556870;CTI;PRONTO SOCORRO;08/12/2025 23:18;OBITO;30/12/2025 13:26
1160744;3556871;CTI;PRONTO SOCORRO;07/12/2025 22:22;CLINICA MEDICA;13/12/2025 17:21
1160794;3557041;CTI;PRONTO SOCORRO;08/12/2025 16:42;OBITO;09/12/2025 14:19
1043514;3557136;CTI;CLINICA CIRURGICA;15/12/2025 20:20;CLINICA MEDICA;19/12/2025 12:05
1160813;3557161;CTI;CENTRO CIRURGICO;09/12/2025 15:49;CLINICA CIRURGICA;16/12/2025 11:14
1121273;3557188;CTI;CENTRO CIRURGICO;11/12/2025 14:40;CLINICA MEDICA;24/12/2025 17:59
1131485;3557197;CTI;CENTRO CIRURGICO;09/12/2025 14:05;CLINICA CIRURGICA;11/12/2025 15:06
1160854;3557198;CTI;CENTRO CIRURGICO;09/12/2025 04:03;OBITO;09/12/2025 12:07
1160864;3557392;CTI;PRONTO SOCORRO;10/12/2025 10:45;OBITO;11/12/2025 18:09
1119459;3557570;CTI;CLINICA CIRURGICA;23/12/2025 00:59;TRANSFERENCIA EXTERNA;24/12/2025 21:29
1160907;3557578;CTI;CENTRO CIRURGICO;15/12/2025 15:45;CLINICA MEDICA;18/12/2025 15:45
1160906;3557589;CTI;CENTRO CIRURGICO;13/12/2025 22:05;CLINICA MEDICA;19/12/2025 15:32
221975;3557964;CTI;CLINICA CIRURGICA;17/12/2025 11:35;CLINICA MEDICA;21/12/2025 15:33
260465;3557984;CTI;CENTRO CIRURGICO;11/12/2025 14:11;CLINICA MEDICA;17/12/2025 16:23
1161037;3558046;CTI;PRONTO SOCORRO;11/12/2025 19:33;CLINICA MEDICA;21/12/2025 11:06
1160981;3558191;CTI;CENTRO CIRURGICO;17/12/2025 20:42;CLINICA CIRURGICA;22/12/2025 16:33
1161127;3558403;CTI;CENTRO CIRURGICO;12/12/2025 12:41;CLINICA MEDICA;19/12/2025 15:30
1161085;3558404;CTI;CENTRO CIRURGICO;13/12/2025 17:53;CLINICA CIRURGICA;16/12/2025 12:51
638797;3558429;CTI;PRONTO SOCORRO;11/12/2025 21:46;CLINICA MEDICA;15/12/2025 18:17
1161153;3558482;CTI;CENTRO CIRURGICO;12/12/2025 14:57;CLINICA CIRURGICA;18/12/2025 18:17
1161098;3558706;CTI;CLINICA CIRURGICA;24/12/2025 21:13;MATERNIDADE;26/12/2025 19:40
1161205;3558751;CTI;CLINICA MEDICA;17/12/2025 10:21;TRANSFERENCIA EXTERNA;20/12/2025 06:31
1161273;3558924;CTI;CLINICA MEDICA;30/12/2025 15:35;CTI;30/12/2025 15:51
1096211;3559005;CTI;CENTRO CIRURGICO;15/12/2025 00:06;CLINICA CIRURGICA;15/12/2025 16:35
1161317;3559057;CTI;PRONTO SOCORRO;16/12/2025 13:36;CLINICA MEDICA;19/12/2025 11:02
1161429;3559346;CTI;PRONTO SOCORRO;15/12/2025 18:05;CLINICA MEDICA;23/12/2025 15:20
1161464;3559540;CTI;PRONTO SOCORRO;15/12/2025 22:29;CLINICA MEDICA;24/12/2025 17:26
1072783;3559691;CTI;CLINICA CIRURGICA;16/12/2025 23:00;CLINICA MEDICA;22/12/2025 16:32
1141757;3560005;CTI;PRONTO SOCORRO;21/12/2025 17:20;CLINICA MEDICA;23/12/2025 13:34
1117169;3560173;CTI;CENTRO CIRURGICO;17/12/2025 02:24;CLINICA CIRURGICA;20/12/2025 11:58
1161676;3560200;CTI;CENTRO CIRURGICO;17/12/2025 05:48;CTI;25/12/2025 13:16
1161644;3560501;CTI;CENTRO CIRURGICO;19/12/2025 15:30;OBITO;20/12/2025 04:52
1161747;3560547;CTI;PRONTO SOCORRO;18/12/2025 09:47;CTI;18/12/2025 18:13
1161747;3560547;CTI;CTI;18/12/2025 18:13;CTI;20/12/2025 14:07
1161754;3560558;CTI;PRONTO SOCORRO;18/12/2025 22:21;CLINICA CIRURGICA;22/12/2025 16:20
1161854;3561028;CTI;PRONTO SOCORRO;19/12/2025 04:40;CLINICA MEDICA;22/12/2025 13:38
1161939;3561412;CTI;CENTRO CIRURGICO;20/12/2025 10:09;CTI;20/12/2025 15:34
1161939;3561412;CTI;CTI;20/12/2025 15:34;CTI;24/12/2025 22:12
1162058;3561760;CTI;PRONTO SOCORRO;22/12/2025 16:32;CLINICA MEDICA;29/12/2025 15:27
1159798;3561765;CTI;CLINICA MEDICA;26/12/2025 20:58;CLINICA CIRURGICA;29/12/2025 11:37
1162109;3561870;CTI;CENTRO CIRURGICO;22/12/2025 17:57;OBITO;23/12/2025 10:21
1162124;3561909;CTI;CENTRO CIRURGICO;22/12/2025 18:23;CLINICA CIRURGICA;24/12/2025 17:34
1162131;3562011;CTI;CLINICA CIRURGICA;27/12/2025 02:53;CLINICA CIRURGICA;30/12/2025 14:59
1141580;3562139;CTI;CENTRO CIRURGICO;27/12/2025 16:40;CLINICA MEDICA;29/12/2025 09:54
1162192;3562252;CTI;CENTRO CIRURGICO;26/12/2025 15:11;CLINICA CIRURGICA;28/12/2025 16:39
1162199;3562260;CTI;PRONTO SOCORRO;23/12/2025 21:43;TRANSFERENCIA EXTERNA;24/12/2025 19:49
1162220;3562297;CTI;CENTRO CIRURGICO;23/12/2025 12:32;OBITO;23/12/2025 16:09
1115302;3562557;CTI;CENTRO CIRURGICO;24/12/2025 02:56;OBITO;24/12/2025 12:37
1162285;3562638;CTI;CENTRO CIRURGICO;24/12/2025 00:57;CLINICA MEDICA;26/12/2025 16:01
1162331;3562703;CTI;PRONTO SOCORRO;24/12/2025 06:08;OBITO;25/12/2025 18:24
1162367;3562901;CTI;PRONTO SOCORRO;24/12/2025 20:52;OBITO;30/12/2025 06:51
61492;3562926;CTI;CENTRO CIRURGICO;25/12/2025 22:20;CLINICA CIRURGICA;27/12/2025 15:30
623445;3563411;CTI;CENTRO CIRURGICO;26/12/2025 20:11;CLINICA CIRURGICA;29/12/2025 18:48
