case_id,activity,timestamp,lifecycle,resource,priority,decision,decision_time,activity_priority,system_time
Patient_1,Arrival,0.0,complete,,0.0,,,,
Patient_1,Origem_da Clinica Cirurgica,0.0,complete,,,da Clinica Cirurgica,0.0,,
Patient_1,CTI (CLIC),0.0,start,ctiBeds,0.0,,,,
Patient_1,CTI (CLIC),14709.835771837552,complete,ctiBeds,0.0,,,,
Patient_1,CTI prepara Encaminhamento,14709.835771837552,start,,0.0,,,,
Patient_1,CTI prepara Encaminhamento,14762.13701494454,complete,,0.0,,,,
Patient_1,Encaminha_para a Clinica Medica,14762.13701494454,complete,,,para a Clinica Medica,14762.13701494454,,
Patient_1,Discharge,14762.13701494454,complete,,,,,,14762.13701494454
Patient_10,Arrival,3381.896628261747,complete,,0.0,,,,
Patient_10,Origem_do Pronto Socorro,3381.896628261747,complete,,,do Pronto Socorro,3381.896628261747,,
Patient_10,CTI (PS),3381.896628261747,start,ctiBeds,0.0,,,,
Patient_10,CTI (PS),28508.712189295962,complete,ctiBeds,0.0,,,,
Patient_10,CTI prepara Encaminhamento,28508.712189295962,start,,0.0,,,,
Patient_10,CTI prepara Encaminhamento,28565.689818055307,complete,,0.0,,,,
Patient_10,Encaminha_para a Clinica Medica,28565.689818055307,complete,,,para a Clinica Medica,28565.689818055307,,
Patient_10,Discharge,28565.689818055307,complete,,,,,,25183.79318979356
Patient_100,Arrival,27616.30107802358,complete,,0.0,,,,
Patient_100,Origem_do Centro Cirurgico,27616.30107802358,complete,,,do Centro Cirurgico,27616.30107802358,,
Patient_100,CTI (CC),28383.685923343575,start,ctiBeds,0.0,,,,
Patient_100,CTI (CC),35847.73065724758,complete,ctiBeds,0.0,,,,
Patient_100,CTI prepara Encaminhamento,35847.73065724758,start,,0.0,,,,
Patient_100,CTI prepara Encaminhamento,35905.59513866596,complete,,0.0,,,,
Patient_100,Encaminha_para a Clinica Medica,35905.59513866596,complete,,,para a Clinica Medica,35905.59513866596,,
Patient_100,Discharge,35905.59513866596,complete,,,,,,8289.294060642376
Patient_1000,Arrival,355046.828467874,complete,,0.0,,,,
Patient_1000,Origem_do Pronto Socorro,355046.828467874,complete,,,do Pronto Socorro,355046.828467874,,
Patient_1000,CTI (PS),358267.00492388726,start,ctiBeds,0.0,,,,
Patient_1000,CTI (PS),364707.1948977699,complete,ctiBeds,0.0,,,,
Patient_1000,CTI prepara Encaminhamento,364707.1948977699,start,,0.0,,,,
Patient_1000,CTI prepara Encaminhamento,364750.93371429126,complete,,0.0,,,,
Patient_1000,Encaminha_para a Clinica Medica,364750.93371429126,complete,,,para a Clinica Medica,364750.93371429126,,
Patient_1000,Discharge,364750.93371429126,complete,,,,,,9704.105246417283
Patient_1001,Arrival,355113.11703650374,complete,,0.0,,,,
Patient_1001,Origem_do Centro Cirurgico,355113.11703650374,complete,,,do Centro Cirurgico,355113.11703650374,,
Patient_1001,CTI (CC),359111.9839920052,start,ctiBeds,0.0,,,,
Patient_1001,CTI (CC),360927.32430676435,complete,ctiBeds,0.0,,,,
Patient_1001,CTI prepara Encaminhamento,360927.32430676435,start,,0.0,,,,
Patient_1001,CTI prepara Encaminhamento,360975.3729948471,complete,,0.0,,,,
Patient_1001,Encaminha_Obito,360975.3729948471,complete,,,Obito,360975.3729948471,,
Patient_1001,Discharge,360975.3729948471,complete,,,,,,5862.255958343332
Patient_1002,Arrival,356030.3344423303,complete,,0.0,,,,
Patient_1002,Origem_do Pronto Socorro,356030.3344423303,complete,,,do Pronto Socorro,356030.3344423303,,
Patient_1002,CTI (PS),359347.365382324,start,ctiBeds,0.0,,,,
Patient_1002,CTI (PS),383306.4730871519,complete,ctiBeds,0.0,,,,
Patient_1002,CTI prepara Encaminhamento,383306.4730871519,start,,0.0,,,,
Patient_1002,CTI prepara Encaminhamento,383359.92765421735,complete,,0.0,,,,
Patient_1002,Encaminha_para a Clinica Medica,383359.92765421735,complete,,,para a Clinica Medica,383359.92765421735,,
Patient_1002,Discharge,383359.92765421735,complete,,,,,,27329.593211887055
Patient_1003,Arrival,356093.047526189,complete,,0.0,,,,
Patient_1003,Origem_do Centro Cirurgico,356093.047526189,complete,,,do Centro Cirurgico,356093.047526189,,
Patient_1003,CTI (CC),359963.0856485674,start,ctiBeds,0.0,,,,
Patient_1003,CTI (CC),360409.5990503875,complete,ctiBeds,0.0,,,,
Patient_1003,CTI prepara Encaminhamento,360409.5990503875,start,,0.0,,,,
Patient_1003,CTI prepara Encaminhamento,360454.70892965305,complete,,0.0,,,,
Patient_1003,Encaminha_para a Clinica Cirurgica,360454.70892965305,complete,,,para a Clinica Cirurgica,360454.70892965305,,
Patient_1003,Discharge,360454.70892965305,complete,,,,,,4361.661403464037
Patient_1004,Arrival,356127.33919455454,complete,,0.0,,,,
Patient_1004,Origem_do Centro Cirurgico,356127.33919455454,complete,,,do Centro Cirurgico,356127.33919455454,,
Patient_1004,CTI (CC),360409.5990503875,start,ctiBeds,0.0,,,,
Patient_1004,CTI (CC),361267.0453557733,complete,ctiBeds,0.0,,,,
Patient_1004,CTI prepara Encaminhamento,361267.0453557733,start,,0.0,,,,
Patient_1004,CTI prepara Encaminhamento,361303.65052940877,complete,,0.0,,,,
Patient_1004,Encaminha_para a Clinica Cirurgica,361303.65052940877,complete,,,para a Clinica Cirurgica,361303.65052940877,,
Patient_1004,Discharge,361303.65052940877,complete,,,,,,5176.311334854225
Patient_1005,Arrival,356420.2784164289,complete,,0.0,,,,
Patient_1005,Origem_do Pronto Socorro,356420.2784164289,complete,,,do Pronto Socorro,356420.2784164289,,
Patient_1005,CTI (PS),360547.9264740368,start,ctiBeds,0.0,,,,
Patient_1005,CTI (PS),380541.1957147293,complete,ctiBeds,0.0,,,,
Patient_1005,CTI prepara Encaminhamento,380541.1957147293,start,,0.0,,,,
Patient_1005,CTI prepara Encaminhamento,380581.3219344755,complete,,0.0,,,,
Patient_1005,Encaminha_Obito,380581.3219344755,complete,,,Obito,380581.3219344755,,
Patient_1005,Discharge,380581.3219344755,complete,,,,,,24161.043518046616
Patient_1006,Arrival,356805.7773727378,complete,,0.0,,,,
Patient_1006,Origem_da Clinica Medica,356805.7773727378,complete,,,da Clinica Medica,356805.7773727378,,
Patient_1006,CTI (CLIM),360717.0451494949,start,ctiBeds,0.0,,,,
Patient_1006,CTI (CLIM),364106.39854463283,complete,ctiBeds,0.0,,,,
Patient_1006,CTI prepara Encaminhamento,364106.39854463283,start,,0.0,,,,
Patient_1006,CTI prepara Encaminhamento,364156.3770635019,complete,,0.0,,,,
Patient_1006,Encaminha_Obito,364156.3770635019,complete,,,Obito,364156.3770635019,,
Patient_1006,Discharge,364156.3770635019,complete,,,,,,7350.599690764095
Patient_1007,Arrival,358307.8412775443,complete,,0.0,,,,
Patient_1007,Origem_do Pronto Socorro,358307.8412775443,complete,,,do Pronto Socorro,358307.8412775443,,
Patient_1007,CTI (PS),360837.6185366554,start,ctiBeds,0.0,,,,
Patient_1007,CTI (PS),368961.7425968999,complete,ctiBeds,0.0,,,,
Patient_1007,CTI prepara Encaminhamento,368961.7425968999,start,,0.0,,,,
Patient_1007,CTI prepara Encaminhamento,368997.3346646795,complete,,0.0,,,,
Patient_1007,Encaminha_Transferencia Externa,368997.3346646795,complete,,,Transferencia Externa,368997.3346646795,,
Patient_1007,Discharge,368997.3346646795,complete,,,,,,10689.493387135153
Patient_1008,Arrival,358320.98544323543,complete,,0.0,,,,
Patient_1008,Origem_do Centro Cirurgico,358320.98544323543,complete,,,do Centro Cirurgico,358320.98544323543,,
Patient_1008,CTI (CC),360927.32430676435,start,ctiBeds,0.0,,,,
Patient_1008,CTI (CC),363811.17019607814,complete,ctiBeds,0.0,,,,
Patient_1008,CTI prepara Encaminhamento,363811.17019607814,start,,0.0,,,,
Patient_1008,CTI prepara Encaminhamento,363850.03135194717,complete,,0.0,,,,
Patient_1008,Encaminha_para a Clinica Cirurgica,363850.03135194717,complete,,,para a Clinica Cirurgica,363850.03135194717,,
Patient_1008,Discharge,363850.03135194717,complete,,,,,,5529.045908711734
Patient_1009,Arrival,358431.3855877135,complete,,0.0,,,,
Patient_1009,Origem_do Pronto Socorro,358431.3855877135,complete,,,do Pronto Socorro,358431.3855877135,,
Patient_1009,CTI (PS),361102.1967203355,start,ctiBeds,0.0,,,,
Patient_1009,CTI (PS),377201.5140224822,complete,ctiBeds,0.0,,,,
Patient_1009,CTI prepara Encaminhamento,377201.5140224822,start,,0.0,,,,
Patient_1009,CTI prepara Encaminhamento,377231.98129484325,complete,,0.0,,,,
Patient_1009,Encaminha_para a Clinica Cirurgica,377231.98129484325,complete,,,para a Clinica Cirurgica,377231.98129484325,,
Patient_1009,Discharge,377231.98129484325,complete,,,,,,18800.595707129745
Patient_101,Arrival,27636.96456916827,complete,,0.0,,,,
Patient_101,Origem_do Centro Cirurgico,27636.96456916827,complete,,,do Centro Cirurgico,27636.96456916827,,
Patient_101,CTI (CC),28508.712189295962,start,ctiBeds,0.0,,,,
Patient_101,CTI (CC),37566.66275208746,complete,ctiBeds,0.0,,,,
Patient_101,CTI prepara Encaminhamento,37566.66275208746,start,,0.0,,,,
Patient_101,CTI prepara Encaminhamento,37619.48587901761,complete,,0.0,,,,
Patient_101,Encaminha_para a Clinica Cirurgica,37619.48587901761,complete,,,para a Clinica Cirurgica,37619.48587901761,,
Patient_101,Discharge,37619.48587901761,complete,,,,,,9982.521309849337
Patient_1010,Arrival,358773.6236562673,complete,,0.0,,,,
Patient_1010,Origem_do Centro Cirurgico,358773.6236562673,complete,,,do Centro Cirurgico,358773.6236562673,,
Patient_1010,CTI (CC),361267.0453557733,start,ctiBeds,0.0,,,,
Patient_1010,CTI (CC),361797.61310471856,complete,ctiBeds,0.0,,,,
Patient_1010,CTI prepara Encaminhamento,361797.61310471856,start,,0.0,,,,
Patient_1010,CTI prepara Encaminhamento,361848.0962271478,complete,,0.0,,,,
Patient_1010,Encaminha_para a Clinica Medica,361848.0962271478,complete,,,para a Clinica Medica,361848.0962271478,,
Patient_1010,Discharge,361848.0962271478,complete,,,,,,3074.472570880491
Patient_1011,Arrival,358895.27405618696,complete,,0.0,,,,
Patient_1011,Origem_do Pronto Socorro,358895.27405618696,complete,,,do Pronto Socorro,358895.27405618696,,
Patient_1011,CTI (PS),361639.5275303813,start,ctiBeds,0.0,,,,
Patient_1011,CTI (PS),388201.6331312715,complete,ctiBeds,0.0,,,,
Patient_1011,CTI prepara Encaminhamento,388201.6331312715,start,,0.0,,,,
Patient_1011,CTI prepara Encaminhamento,388237.97223210975,complete,,0.0,,,,
Patient_1011,Encaminha_Obito,388237.97223210975,complete,,,Obito,388237.97223210975,,
Patient_1011,Discharge,388237.97223210975,complete,,,,,,29342.698175922793
Patient_1012,Arrival,358915.3882148904,complete,,0.0,,,,
Patient_1012,Origem_do Centro Cirurgico,358915.3882148904,complete,,,do Centro Cirurgico,358915.3882148904,,
Patient_1012,CTI (CC),361797.61310471856,start,ctiBeds,0.0,,,,
Patient_1012,CTI (CC),365224.7393792264,complete,ctiBeds,0.0,,,,
Patient_1012,CTI prepara Encaminhamento,365224.7393792264,start,,0.0,,,,
Patient_1012,CTI prepara Encaminhamento,365255.0981605964,complete,,0.0,,,,
Patient_1012,Encaminha_para a Clinica Medica,365255.0981605964,complete,,,para a Clinica Medica,365255.0981605964,,
Patient_1012,Discharge,365255.0981605964,complete,,,,,,6339.70994570601
Patient_1013,Arrival,359462.1524484963,complete,,0.0,,,,
Patient_1013,Origem_do Pronto Socorro,359462.1524484963,complete,,,do Pronto Socorro,359462.1524484963,,
Patient_1013,CTI (PS),362179.15287617897,start,ctiBeds,0.0,,,,
Patient_1013,CTI (PS),373059.1531751011,complete,ctiBeds,0.0,,,,
Patient_1013,CTI prepara Encaminhamento,373059.1531751011,start,,0.0,,,,
Patient_1013,CTI prepara Encaminhamento,373117.57541479246,complete,,0.0,,,,
Patient_1013,Encaminha_para a Clinica Medica,373117.57541479246,complete,,,para a Clinica Medica,373117.57541479246,,
Patient_1013,Discharge,373117.57541479246,complete,,,,,,13655.422966296144
Patient_1014,Arrival,359769.01885514776,complete,,0.0,,,,
Patient_1014,Origem_do Pronto Socorro,359769.01885514776,complete,,,do Pronto Socorro,359769.01885514776,,
Patient_1014,CTI (PS),362499.6882547096,start,ctiBeds,0.0,,,,
Patient_1014,CTI (PS),364842.2928987417,complete,ctiBeds,0.0,,,,
Patient_1014,CTI prepara Encaminhamento,364842.2928987417,start,,0.0,,,,
Patient_1014,CTI prepara Encaminhamento,364895.45030273346,complete,,0.0,,,,
Patient_1014,Encaminha_para a Clinica Medica,364895.45030273346,complete,,,para a Clinica Medica,364895.45030273346,,
Patient_1014,Discharge,364895.45030273346,complete,,,,,,5126.431447585695
Patient_1015,Arrival,360051.89930675074,complete,,0.0,,,,
Patient_1015,Origem_da Clinica Medica,360051.89930675074,complete,,,da Clinica Medica,360051.89930675074,,
Patient_1015,CTI (CLIM),362746.29960584827,start,ctiBeds,0.0,,,,
Patient_1015,CTI (CLIM),371548.147473849,complete,ctiBeds,0.0,,,,
Patient_1015,CTI prepara Encaminhamento,371548.147473849,start,,0.0,,,,
Patient_1015,CTI prepara Encaminhamento,371603.38515070616,complete,,0.0,,,,
Patient_1015,Encaminha_para a Clinica Medica,371603.38515070616,complete,,,para a Clinica Medica,371603.38515070616,,
Patient_1015,Discharge,371603.38515070616,complete,,,,,,11551.485843955423
Patient_1016,Arrival,360688.07584660396,complete,,0.0,,,,
Patient_1016,Origem_do Centro Cirurgico,360688.07584660396,complete,,,do Centro Cirurgico,360688.07584660396,,
Patient_1016,CTI (CC),362879.388361593,start,ctiBeds,0.0,,,,
Patient_1016,CTI (CC),366592.66463724297,complete,ctiBeds,0.0,,,,
Patient_1016,CTI prepara Encaminhamento,366592.66463724297,start,,0.0,,,,
Patient_1016,CTI prepara Encaminhamento,366625.50364480406,complete,,0.0,,,,
Patient_1016,Encaminha_para a Clinica Medica,366625.50364480406,complete,,,para a Clinica Medica,366625.50364480406,,
Patient_1016,Discharge,366625.50364480406,complete,,,,,,5937.427798200108
Patient_1017,Arrival,361191.53767120565,complete,,0.0,,,,
Patient_1017,Origem_do Centro Cirurgico,361191.53767120565,complete,,,do Centro Cirurgico,361191.53767120565,,
Patient_1017,CTI (CC),363811.17019607814,start,ctiBeds,0.0,,,,
Patient_1017,CTI (CC),365358.7489614393,complete,ctiBeds,0.0,,,,
Patient_1017,CTI prepara Encaminhamento,365358.7489614393,start,,0.0,,,,
Patient_1017,CTI prepara Encaminhamento,365417.2020815934,complete,,0.0,,,,
Patient_1017,Encaminha_para a Clinica Medica,365417.2020815934,complete,,,para a Clinica Medica,365417.2020815934,,
Patient_1017,Discharge,365417.2020815934,complete,,,,,,4225.664410387748
Patient_1018,Arrival,361389.79014472384,complete,,0.0,,,,
Patient_1018,Origem_do Pronto Socorro,361389.79014472384,complete,,,do Pronto Socorro,361389.79014472384,,
Patient_1018,CTI (PS),363908.27668579743,start,ctiBeds,0.0,,,,
Patient_1018,CTI (PS),383246.7039832015,complete,ctiBeds,0.0,,,,
Patient_1018,CTI prepara Encaminhamento,383246.7039832015,start,,0.0,,,,
Patient_1018,CTI prepara Encaminhamento,383305.1692218971,complete,,0.0,,,,
Patient_1018,Encaminha_para a Clinica Cirurgica,383305.1692218971,complete,,,para a Clinica Cirurgica,383305.1692218971,,
Patient_1018,Discharge,383305.1692218971,complete,,,,,,21915.379077173246
Patient_1019,Arrival,361663.7738897821,complete,,0.0,,,,
Patient_1019,Origem_do Centro Cirurgico,361663.7738897821,complete,,,do Centro Cirurgico,361663.7738897821,,
Patient_1019,CTI (CC),364106.39854463283,start,ctiBeds,0.0,,,,
Patient_1019,CTI (CC),367047.9785702899,complete,ctiBeds,0.0,,,,
Patient_1019,CTI prepara Encaminhamento,367047.9785702899,start,,0.0,,,,
Patient_1019,CTI prepara Encaminhamento,367088.1523976359,complete,,0.0,,,,
Patient_1019,Encaminha_para a Clinica Medica,367088.1523976359,complete,,,para a Clinica Medica,367088.1523976359,,
Patient_1019,Discharge,367088.1523976359,complete,,,,,,5424.378507853835
Patient_102,Arrival,27748.560115246728,complete,,0.0,,,,
Patient_102,Origem_do Centro Cirurgico,27748.560115246728,complete,,,do Centro Cirurgico,27748.560115246728,,
Patient_102,CTI (CC),29328.385935611812,start,ctiBeds,0.0,,,,
Patient_102,CTI (CC),71279.6287742466,complete,ctiBeds,0.0,,,,
Patient_102,CTI prepara Encaminhamento,71279.6287742466,start,,0.0,,,,
Patient_102,CTI prepara Encaminhamento,71339.5541814349,complete,,0.0,,,,
Patient_102,Encaminha_para a Clinica Medica,71339.5541814349,complete,,,para a Clinica Medica,71339.5541814349,,
Patient_102,Discharge,71339.5541814349,complete,,,,,,43590.99406618817
Patient_1020,Arrival,362233.32898586587,complete,,0.0,,,,
Patient_1020,Origem_do Pronto Socorro,362233.32898586587,complete,,,do Pronto Socorro,362233.32898586587,,
Patient_1020,CTI (PS),364517.7251068822,start,ctiBeds,0.0,,,,
Patient_1020,CTI (PS),368306.57343449054,complete,ctiBeds,0.0,,,,
Patient_1020,CTI prepara Encaminhamento,368306.57343449054,start,,0.0,,,,
Patient_1020,CTI prepara Encaminhamento,368355.50355900114,complete,,0.0,,,,
Patient_1020,Encaminha_para a Clinica Cirurgica,368355.50355900114,complete,,,para a Clinica Cirurgica,368355.50355900114,,
Patient_1020,Discharge,368355.50355900114,complete,,,,,,6122.174573135271
Patient_1021,Arrival,362283.82552438864,complete,,0.0,,,,
Patient_1021,Origem_do Pronto Socorro,362283.82552438864,complete,,,do Pronto Socorro,362283.82552438864,,
Patient_1021,CTI (PS),364707.1948977699,start,ctiBeds,0.0,,,,
Patient_1021,CTI (PS),375964.56649866555,complete,ctiBeds,0.0,,,,
Patient_1021,CTI prepara Encaminhamento,375964.56649866555,start,,0.0,,,,
Patient_1021,CTI prepara Encaminhamento,376005.7037958351,complete,,0.0,,,,
Patient_1021,Encaminha_para a Clinica Cirurgica,376005.7037958351,complete,,,para a Clinica Cirurgica,376005.7037958351,,
Patient_1021,Discharge,376005.7037958351,complete,,,,,,13721.878271446447
Patient_1022,Arrival,362329.4509283398,complete,,0.0,,,,
Patient_1022,Origem_da Clinica Medica,362329.4509283398,complete,,,da Clinica Medica,362329.4509283398,,
Patient_1022,CTI (CLIM),364842.2928987417,start,ctiBeds,0.0,,,,
Patient_1022,CTI (CLIM),364863.01270192314,complete,ctiBeds,0.0,,,,
Patient_1022,CTI prepara Encaminhamento,364863.01270192314,start,,0.0,,,,
Patient_1022,CTI prepara Encaminhamento,364910.7096949107,complete,,0.0,,,,
Patient_1022,Encaminha_para a Clinica Medica,364910.7096949107,complete,,,para a Clinica Medica,364910.7096949107,,
Patient_1022,Discharge,364910.7096949107,complete,,,,,,2581.258766570885
Patient_1023,Arrival,362528.774717093,complete,,0.0,,,,
Patient_1023,Origem_do Centro Cirurgico,362528.774717093,complete,,,do Centro Cirurgico,362528.774717093,,
Patient_1023,CTI (CC),364863.01270192314,start,ctiBeds,0.0,,,,
Patient_1023,CTI (CC),369137.1154086956,complete,ctiBeds,0.0,,,,
Patient_1023,CTI prepara Encaminhamento,369137.1154086956,start,,0.0,,,,
Patient_1023,CTI prepara Encaminhamento,369177.2033420906,complete,,0.0,,,,
Patient_1023,Encaminha_para a Clinica Medica,369177.2033420906,complete,,,para a Clinica Medica,369177.2033420906,,
Patient_1023,Discharge,369177.2033420906,complete,,,,,,6648.428624997614
Patient_1024,Arrival,363881.58772994654,complete,,0.0,,,,
Patient_1024,Origem_do Pronto Socorro,363881.58772994654,complete,,,do Pronto Socorro,363881.58772994654,,
Patient_1024,CTI (PS),365224.7393792264,start,ctiBeds,0.0,,,,
Patient_1024,CTI (PS),369512.0010277181,complete,ctiBeds,0.0,,,,
Patient_1024,CTI prepara Encaminhamento,369512.0010277181,start,,0.0,,,,
Patient_1024,CTI prepara Encaminhamento,369559.53161533386,complete,,0.0,,,,
Patient_1024,Encaminha_Obito,369559.53161533386,complete,,,Obito,369559.53161533386,,
Patient_1024,Discharge,369559.53161533386,complete,,,,,,5677.943885387329
Patient_1025,Arrival,364150.36527166824,complete,,0.0,,,,
Patient_1025,Origem_do Centro Cirurgico,364150.36527166824,complete,,,do Centro Cirurgico,364150.36527166824,,
Patient_1025,CTI (CC),365358.7489614393,start,ctiBeds,0.0,,,,
Patient_1025,CTI (CC),369048.45915119414,complete,ctiBeds,0.0,,,,
Patient_1025,CTI prepara Encaminhamento,369048.45915119414,start,,0.0,,,,
Patient_1025,CTI prepara Encaminhamento,369094.5368382902,complete,,0.0,,,,
Patient_1025,Encaminha_Obito,369094.5368382902,complete,,,Obito,369094.5368382902,,
Patient_1025,Discharge,369094.5368382902,complete,,,,,,4944.1715666219825
Patient_1026,Arrival,364156.8646243587,complete,,0.0,,,,
Patient_1026,Origem_do Centro Cirurgico,364156.8646243587,complete,,,do Centro Cirurgico,364156.8646243587,,
Patient_1026,CTI (CC),365405.1330231586,start,ctiBeds,0.0,,,,
Patient_1026,CTI (CC),371560.77015540935,complete,ctiBeds,0.0,,,,
Patient_1026,CTI prepara Encaminhamento,371560.77015540935,start,,0.0,,,,
Patient_1026,CTI prepara Encaminhamento,371616.9726004103,complete,,0.0,,,,
Patient_1026,Encaminha_Obito,371616.9726004103,complete,,,Obito,371616.9726004103,,
Patient_1026,Discharge,371616.9726004103,complete,,,,,,7460.107976051571
Patient_1027,Arrival,365523.3258987045,complete,,0.0,,,,
Patient_1027,Origem_da Maternidade,365523.3258987045,complete,,,da Maternidade,365523.3258987045,,
Patient_1027,CTI (MAT),365706.62361125386,start,ctiBeds,0.0,,,,
Patient_1027,CTI (MAT),366677.16606848023,complete,ctiBeds,0.0,,,,
Patient_1027,CTI prepara Encaminhamento,366677.16606848023,start,,0.0,,,,
Patient_1027,CTI prepara Encaminhamento,366713.06377512123,complete,,0.0,,,,
Patient_1027,Encaminha_para a Clinica Cirurgica,366713.06377512123,complete,,,para a Clinica Cirurgica,366713.06377512123,,
Patient_1027,Discharge,366713.06377512123,complete,,,,,,1189.7378764167079
Patient_1028,Arrival,366490.1606780995,complete,,0.0,,,,
Patient_1028,Origem_do Pronto Socorro,366490.1606780995,complete,,,do Pronto Socorro,366490.1606780995,,
Patient_1028,CTI (PS),366490.1606780995,start,ctiBeds,0.0,,,,
Patient_1028,CTI (PS),376576.07947403676,complete,ctiBeds,0.0,,,,
Patient_1028,CTI prepara Encaminhamento,376576.07947403676,start,,0.0,,,,
Patient_1028,CTI prepara Encaminhamento,376621.31708177115,complete,,0.0,,,,
Patient_1028,Encaminha_para a Clinica Cirurgica,376621.31708177115,complete,,,para a Clinica Cirurgica,376621.31708177115,,
Patient_1028,Discharge,376621.31708177115,complete,,,,,,10131.156403671659
Patient_1029,Arrival,367303.5637823094,complete,,0.0,,,,
Patient_1029,Origem_do Pronto Socorro,367303.5637823094,complete,,,do Pronto Socorro,367303.5637823094,,
Patient_1029,CTI (PS),367303.5637823094,start,ctiBeds,0.0,,,,
Patient_1029,CTI (PS),370891.3422038702,complete,ctiBeds,0.0,,,,
Patient_1029,CTI prepara Encaminhamento,370891.3422038702,start,,0.0,,,,
Patient_1029,CTI prepara Encaminhamento,370942.35127346584,complete,,0.0,,,,
Patient_1029,Encaminha_para a Clinica Cirurgica,370942.35127346584,complete,,,para a Clinica Cirurgica,370942.35127346584,,
Patient_1029,Discharge,370942.35127346584,complete,,,,,,3638.7874911564286
Patient_103,Arrival,28307.649778301176,complete,,0.0,,,,
Patient_103,Origem_do Centro Cirurgico,28307.649778301176,complete,,,do Centro Cirurgico,28307.649778301176,,
Patient_103,CTI (CC),29805.225968642248,start,ctiBeds,0.0,,,,
Patient_103,CTI (CC),31210.5284404052,complete,ctiBeds,0.0,,,,
Patient_103,CTI prepara Encaminhamento,31210.5284404052,start,,0.0,,,,
Patient_103,CTI prepara Encaminhamento,31269.89544725404,complete,,0.0,,,,
Patient_103,Encaminha_para a Clinica Medica,31269.89544725404,complete,,,para a Clinica Medica,31269.89544725404,,
Patient_103,Discharge,31269.89544725404,complete,,,,,,2962.2456689528626
Patient_1030,Arrival,367631.8307064409,complete,,0.0,,,,
Patient_1030,Origem_do Centro Cirurgico,367631.8307064409,complete,,,do Centro Cirurgico,367631.8307064409,,
Patient_1030,CTI (CC),367631.8307064409,start,ctiBeds,0.0,,,,
Patient_1030,CTI (CC),377029.1703907236,complete,ctiBeds,0.0,,,,
Patient_1030,CTI prepara Encaminhamento,377029.1703907236,start,,0.0,,,,
Patient_1030,CTI prepara Encaminhamento,377085.5698219226,complete,,0.0,,,,
Patient_1030,Encaminha_para a Clinica Medica,377085.5698219226,complete,,,para a Clinica Medica,377085.5698219226,,
Patient_1030,Discharge,377085.5698219226,complete,,,,,,9453.739115481672
Patient_1031,Arrival,367755.9459107753,complete,,0.0,,,,
Patient_1031,Origem_do Centro Cirurgico,367755.9459107753,complete,,,do Centro Cirurgico,367755.9459107753,,
Patient_1031,CTI (CC),367755.9459107753,start,ctiBeds,0.0,,,,
Patient_1031,CTI (CC),372910.82300475426,complete,ctiBeds,0.0,,,,
Patient_1031,CTI prepara Encaminhamento,372910.82300475426,start,,0.0,,,,
Patient_1031,CTI prepara Encaminhamento,372952.6960901201,complete,,0.0,,,,
Patient_1031,Encaminha_para a Clinica Cirurgica,372952.6960901201,complete,,,para a Clinica Cirurgica,372952.6960901201,,
Patient_1031,Discharge,372952.6960901201,complete,,,,,,5196.750179344846
Patient_1032,Arrival,368347.8951841428,complete,,0.0,,,,
Patient_1032,Origem_do Centro Cirurgico,368347.8951841428,complete,,,do Centro Cirurgico,368347.8951841428,,
Patient_1032,CTI (CC),368347.8951841428,start,ctiBeds,0.0,,,,
Patient_1032,CTI (CC),409947.6529701654,complete,ctiBeds,0.0,,,,
Patient_1032,CTI prepara Encaminhamento,409947.6529701654,start,,0.0,,,,
Patient_1032,CTI prepara Encaminhamento,410001.8629447112,complete,,0.0,,,,
Patient_1032,Encaminha_Obito,410001.8629447112,complete,,,Obito,410001.8629447112,,
Patient_1032,Discharge,410001.8629447112,complete,,,,,,41653.96776056837
Patient_1033,Arrival,368399.3788676638,complete,,0.0,,,,
Patient_1033,Origem_do Pronto Socorro,368399.3788676638,complete,,,do Pronto Socorro,368399.3788676638,,
Patient_1033,CTI (PS),368399.3788676638,start,ctiBeds,0.0,,,,
Patient_1033,CTI (PS),423517.7587705195,complete,ctiBeds,0.0,,,,
Patient_1033,CTI prepara Encaminhamento,423517.7587705195,start,,0.0,,,,
Patient_1033,CTI prepara Encaminhamento,423562.85438881215,complete,,0.0,,,,
Patient_1033,Encaminha_para a Clinica Medica,423562.85438881215,complete,,,para a Clinica Medica,423562.85438881215,,
Patient_1033,Discharge,423562.85438881215,complete,,,,,,55163.47552114836
Patient_1034,Arrival,368706.86568152637,complete,,0.0,,,,
Patient_1034,Origem_do Pronto Socorro,368706.86568152637,complete,,,do Pronto Socorro,368706.86568152637,,
Patient_1034,CTI (PS),368706.86568152637,start,ctiBeds,0.0,,,,
Patient_1034,CTI (PS),377085.7810893326,complete,ctiBeds,0.0,,,,
Patient_1034,CTI prepara Encaminhamento,377085.7810893326,start,,0.0,,,,
Patient_1034,CTI prepara Encaminhamento,377119.6805869649,complete,,0.0,,,,
Patient_1034,Encaminha_para a Clinica Cirurgica,377119.6805869649,complete,,,para a Clinica Cirurgica,377119.6805869649,,
Patient_1034,Discharge,377119.6805869649,complete,,,,,,8412.814905438514
Patient_1035,Arrival,369232.64122465363,complete,,0.0,,,,
Patient_1035,Origem_do Centro Cirurgico,369232.64122465363,complete,,,do Centro Cirurgico,369232.64122465363,,
Patient_1035,CTI (CC),369232.64122465363,start,ctiBeds,0.0,,,,
Patient_1035,CTI (CC),370356.8812757923,complete,ctiBeds,0.0,,,,
Patient_1035,CTI prepara Encaminhamento,370356.8812757923,start,,0.0,,,,
Patient_1035,CTI prepara Encaminhamento,370407.4992784869,complete,,0.0,,,,
Patient_1035,Encaminha_para a Clinica Cirurgica,370407.4992784869,complete,,,para a Clinica Cirurgica,370407.4992784869,,
Patient_1035,Discharge,370407.4992784869,complete,,,,,,1174.8580538332462
Patient_1036,Arrival,369758.684012967,complete,,0.0,,,,
Patient_1036,Origem_do Pronto Socorro,369758.684012967,complete,,,do Pronto Socorro,369758.684012967,,
Patient_1036,CTI (PS),369758.684012967,start,ctiBeds,0.0,,,,
Patient_1036,CTI (PS),371104.36756054056,complete,ctiBeds,0.0,,,,
Patient_1036,CTI prepara Encaminhamento,371104.36756054056,start,,0.0,,,,
Patient_1036,CTI prepara Encaminhamento,371146.50501140015,complete,,0.0,,,,
Patient_1036,Encaminha_para o Centro Cirurgico,371146.50501140015,complete,,,para o Centro Cirurgico,371146.50501140015,,
Patient_1036,Discharge,371146.50501140015,complete,,,,,,1387.8209984331625
Patient_1037,Arrival,370088.2618785045,complete,,0.0,,,,
Patient_1037,Origem_da Clinica Cirurgica,370088.2618785045,complete,,,da Clinica Cirurgica,370088.2618785045,,
Patient_1037,CTI (CLIC),370088.2618785045,start,ctiBeds,0.0,,,,
Patient_1037,CTI (CLIC),375448.17374088505,complete,ctiBeds,0.0,,,,
Patient_1037,CTI prepara Encaminhamento,375448.17374088505,start,,0.0,,,,
Patient_1037,CTI prepara Encaminhamento,375489.58246788784,complete,,0.0,,,,
Patient_1037,Encaminha_para a Clinica Medica,375489.58246788784,complete,,,para a Clinica Medica,375489.58246788784,,
Patient_1037,Discharge,375489.58246788784,complete,,,,,,5401.320589383366
Patient_1038,Arrival,370679.7715264016,complete,,0.0,,,,
Patient_1038,Origem_do Pronto Socorro,370679.7715264016,complete,,,do Pronto Socorro,370679.7715264016,,
Patient_1038,CTI (PS),370679.7715264016,start,ctiBeds,0.0,,,,
Patient_1038,CTI (PS),380648.0464057111,complete,ctiBeds,0.0,,,,
Patient_1038,CTI prepara Encaminhamento,380648.0464057111,start,,0.0,,,,
Patient_1038,CTI prepara Encaminhamento,380700.41914275085,complete,,0.0,,,,
Patient_1038,Encaminha_Transferencia Externa,380700.41914275085,complete,,,Transferencia Externa,380700.41914275085,,
Patient_1038,Discharge,380700.41914275085,complete,,,,,,10020.647616349277
Patient_1039,Arrival,371192.320794758,complete,,0.0,,,,
Patient_1039,Origem_do Centro Cirurgico,371192.320794758,complete,,,do Centro Cirurgico,371192.320794758,,
Patient_1039,CTI (CC),371192.320794758,start,ctiBeds,0.0,,,,
Patient_1039,CTI (CC),373383.2719068651,complete,ctiBeds,0.0,,,,
Patient_1039,CTI prepara Encaminhamento,373383.2719068651,start,,0.0,,,,
Patient_1039,CTI prepara Encaminhamento,373421.585961639,complete,,0.0,,,,
Patient_1039,Encaminha_para a Clinica Medica,373421.585961639,complete,,,para a Clinica Medica,373421.585961639,,
Patient_1039,Discharge,373421.585961639,complete,,,,,,2229.2651668810286
Patient_104,Arrival,29139.37409734492,complete,,0.0,,,,
Patient_104,Origem_do Centro Cirurgico,29139.37409734492,complete,,,do Centro Cirurgico,29139.37409734492,,
Patient_104,CTI (CC),29984.106681264122,start,ctiBeds,0.0,,,,
Patient_104,CTI (CC),32141.533415631326,complete,ctiBeds,0.0,,,,
Patient_104,CTI prepara Encaminhamento,32141.533415631326,start,,0.0,,,,
Patient_104,CTI prepara Encaminhamento,32191.93640231569,complete,,0.0,,,,
Patient_104,Encaminha_para a Clinica Cirurgica,32191.93640231569,complete,,,para a Clinica Cirurgica,32191.93640231569,,
Patient_104,Discharge,32191.93640231569,complete,,,,,,3052.5623049707683
Patient_1040,Arrival,373117.7170526821,complete,,0.0,,,,
Patient_1040,Origem_do Pronto Socorro,373117.7170526821,complete,,,do Pronto Socorro,373117.7170526821,,
Patient_1040,CTI (PS),373117.7170526821,start,ctiBeds,0.0,,,,
Patient_1040,CTI (PS),376967.1524756345,complete,ctiBeds,0.0,,,,
Patient_1040,CTI prepara Encaminhamento,376967.1524756345,start,,0.0,,,,
Patient_1040,CTI prepara Encaminhamento,377014.0959170345,complete,,0.0,,,,
Patient_1040,Encaminha_para a Clinica Medica,377014.0959170345,complete,,,para a Clinica Medica,377014.0959170345,,
Patient_1040,Discharge,377014.0959170345,complete,,,,,,3896.3788643523585
Patient_1041,Arrival,373233.6037684747,complete,,0.0,,,,
Patient_1041,Origem_do Centro Cirurgico,373233.6037684747,complete,,,do Centro Cirurgico,373233.6037684747,,
Patient_1041,CTI (CC),373233.6037684747,start,ctiBeds,0.0,,,,
Patient_1041,CTI (CC),383915.0273822454,complete,ctiBeds,0.0,,,,
Patient_1041,CTI prepara Encaminhamento,383915.0273822454,start,,0.0,,,,
Patient_1041,CTI prepara Encaminhamento,383959.4563077586,complete,,0.0,,,,
Patient_1041,Encaminha_para a Clinica Cirurgica,383959.4563077586,complete,,,para a Clinica Cirurgica,383959.4563077586,,
Patient_1041,Discharge,383959.4563077586,complete,,,,,,10725.852539283864
Patient_1042,Arrival,373379.53239312314,complete,,0.0,,,,
Patient_1042,Origem_da Clinica Medica,373379.53239312314,complete,,,da Clinica Medica,373379.53239312314,,
Patient_1042,CTI (CLIM),373379.53239312314,start,ctiBeds,0.0,,,,
Patient_1042,CTI (CLIM),382145.14611534105,complete,ctiBeds,0.0,,,,
Patient_1042,CTI prepara Encaminhamento,382145.14611534105,start,,0.0,,,,
Patient_1042,CTI prepara Encaminhamento,382184.069542791,complete,,0.0,,,,
Patient_1042,Encaminha_Obito,382184.069542791,complete,,,Obito,382184.069542791,,
Patient_1042,Discharge,382184.069542791,complete,,,,,,8804.537149667856
Patient_1043,Arrival,374615.2770789703,complete,,0.0,,,,
Patient_1043,Origem_do Pronto Socorro,374615.2770789703,complete,,,do Pronto Socorro,374615.2770789703,,
Patient_1043,CTI (PS),374615.2770789703,start,ctiBeds,0.0,,,,
Patient_1043,CTI (PS),377055.6738848256,complete,ctiBeds,0.0,,,,
Patient_1043,CTI prepara Encaminhamento,377055.6738848256,start,,0.0,,,,
Patient_1043,CTI prepara Encaminhamento,377109.12188349915,complete,,0.0,,,,
Patient_1043,Encaminha_para a Clinica Cirurgica,377109.12188349915,complete,,,para a Clinica Cirurgica,377109.12188349915,,
Patient_1043,Discharge,377109.12188349915,complete,,,,,,2493.844804528868
Patient_1044,Arrival,374930.4631786837,complete,,0.0,,,,
Patient_1044,Origem_da Clinica Cirurgica,374930.4631786837,complete,,,da Clinica Cirurgica,374930.4631786837,,
Patient_1044,CTI (CLIC),374930.4631786837,start,ctiBeds,0.0,,,,
Patient_1044,CTI (CLIC),382185.4291288253,complete,ctiBeds,0.0,,,,
Patient_1044,CTI prepara Encaminhamento,382185.4291288253,start,,0.0,,,,
Patient_1044,CTI prepara Encaminhamento,382242.3112304414,complete,,0.0,,,,
Patient_1044,Encaminha_para a Clinica Cirurgica,382242.3112304414,complete,,,para a Clinica Cirurgica,382242.3112304414,,
Patient_1044,Discharge,382242.3112304414,complete,,,,,,7311.848051757668
Patient_1045,Arrival,375021.0393479742,complete,,0.0,,,,
Patient_1045,Origem_do Centro Cirurgico,375021.0393479742,complete,,,do Centro Cirurgico,375021.0393479742,,
Patient_1045,CTI (CC),375021.0393479742,start,ctiBeds,0.0,,,,
Patient_1045,CTI (CC),376102.48885461007,complete,ctiBeds,0.0,,,,
Patient_1045,CTI prepara Encaminhamento,376102.48885461007,start,,0.0,,,,
Patient_1045,CTI prepara Encaminhamento,376153.59524828254,complete,,0.0,,,,
Patient_1045,Encaminha_Obito,376153.59524828254,complete,,,Obito,376153.59524828254,,
Patient_1045,Discharge,376153.59524828254,complete,,,,,,1132.5559003083617
Patient_1046,Arrival,375133.2053392666,complete,,0.0,,,,
Patient_1046,Origem_do Pronto Socorro,375133.2053392666,complete,,,do Pronto Socorro,375133.2053392666,,
Patient_1046,CTI (PS),375133.2053392666,start,ctiBeds,0.0,,,,
Patient_1046,CTI (PS),376241.9169803493,complete,ctiBeds,0.0,,,,
Patient_1046,CTI prepara Encaminhamento,376241.9169803493,start,,0.0,,,,
Patient_1046,CTI prepara Encaminhamento,376279.3968313265,complete,,0.0,,,,
Patient_1046,Encaminha_para a Clinica Cirurgica,376279.3968313265,complete,,,para a Clinica Cirurgica,376279.3968313265,,
Patient_1046,Discharge,376279.3968313265,complete,,,,,,1146.1914920598501
Patient_1047,Arrival,375739.18012113706,complete,,0.0,,,,
Patient_1047,Origem_do Pronto Socorro,375739.18012113706,complete,,,do Pronto Socorro,375739.18012113706,,
Patient_1047,CTI (PS),375739.18012113706,start,ctiBeds,0.0,,,,
Patient_1047,CTI (PS),377703.5292070503,complete,ctiBeds,0.0,,,,
Patient_1047,CTI prepara Encaminhamento,377703.5292070503,start,,0.0,,,,
Patient_1047,CTI prepara Encaminhamento,377739.79788457125,complete,,0.0,,,,
Patient_1047,Encaminha_para a Clinica Medica,377739.79788457125,complete,,,para a Clinica Medica,377739.79788457125,,
Patient_1047,Discharge,377739.79788457125,complete,,,,,,2000.6177634341875
Patient_1048,Arrival,375838.62387385155,complete,,0.0,,,,
Patient_1048,Origem_do Pronto Socorro,375838.62387385155,complete,,,do Pronto Socorro,375838.62387385155,,
Patient_1048,CTI (PS),375838.62387385155,start,ctiBeds,0.0,,,,
Patient_1048,CTI (PS),397520.02318688226,complete,ctiBeds,0.0,,,,
Patient_1048,CTI prepara Encaminhamento,397520.02318688226,start,,0.0,,,,
Patient_1048,CTI prepara Encaminhamento,397576.03842815146,complete,,0.0,,,,
Patient_1048,Encaminha_para a Clinica Cirurgica,397576.03842815146,complete,,,para a Clinica Cirurgica,397576.03842815146,,
Patient_1048,Discharge,397576.03842815146,complete,,,,,,21737.414554299903
Patient_1049,Arrival,376749.3825514497,complete,,0.0,,,,
Patient_1049,Origem_da Clinica Cirurgica,376749.3825514497,complete,,,da Clinica Cirurgica,376749.3825514497,,
Patient_1049,CTI (CLIC),376749.3825514497,start,ctiBeds,0.0,,,,
Patient_1049,CTI (CLIC),382654.0860637779,complete,ctiBeds,0.0,,,,
Patient_1049,CTI prepara Encaminhamento,382654.0860637779,start,,0.0,,,,
Patient_1049,CTI prepara Encaminhamento,382699.8800180676,complete,,0.0,,,,
Patient_1049,Encaminha_para a Clinica Medica,382699.8800180676,complete,,,para a Clinica Medica,382699.8800180676,,
Patient_1049,Discharge,382699.8800180676,complete,,,,,,5950.497466617904
Patient_105,Arrival,29165.96806051309,complete,,0.0,,,,
Patient_105,Origem_do Pronto Socorro,29165.96806051309,complete,,,do Pronto Socorro,29165.96806051309,,
Patient_105,CTI (PS),30947.376338680795,start,ctiBeds,0.0,,,,
Patient_105,CTI (PS),54976.60136390096,complete,ctiBeds,0.0,,,,
Patient_105,CTI prepara Encaminhamento,54976.60136390096,start,,0.0,,,,
Patient_105,CTI prepara Encaminhamento,55028.631145491374,complete,,0.0,,,,
Patient_105,Encaminha_Transferencia Externa,55028.631145491374,complete,,,Transferencia Externa,55028.631145491374,,
Patient_105,Discharge,55028.631145491374,complete,,,,,,25862.663084978285
Patient_1050,Arrival,376944.4238616069,complete,,0.0,,,,
Patient_1050,Origem_do Pronto Socorro,376944.4238616069,complete,,,do Pronto Socorro,376944.4238616069,,
Patient_1050,CTI (PS),376944.4238616069,start,ctiBeds,0.0,,,,
Patient_1050,CTI (PS),394466.30491793214,complete,ctiBeds,0.0,,,,
Patient_1050,CTI prepara Encaminhamento,394466.30491793214,start,,0.0,,,,
Patient_1050,CTI prepara Encaminhamento,394496.6829231944,complete,,0.0,,,,
Patient_1050,Encaminha_para a Clinica Cirurgica,394496.6829231944,complete,,,para a Clinica Cirurgica,394496.6829231944,,
Patient_1050,Discharge,394496.6829231944,complete,,,,,,17552.25906158751
Patient_1051,Arrival,377112.93496426375,complete,,0.0,,,,
Patient_1051,Origem_do Pronto Socorro,377112.93496426375,complete,,,do Pronto Socorro,377112.93496426375,,
Patient_1051,CTI (PS),377112.93496426375,start,ctiBeds,0.0,,,,
Patient_1051,CTI (PS),378743.19466587104,complete,ctiBeds,0.0,,,,
Patient_1051,CTI prepara Encaminhamento,378743.19466587104,start,,0.0,,,,
Patient_1051,CTI prepara Encaminhamento,378777.1870490428,complete,,0.0,,,,
Patient_1051,Encaminha_para a Clinica Medica,378777.1870490428,complete,,,para a Clinica Medica,378777.1870490428,,
Patient_1051,Discharge,378777.1870490428,complete,,,,,,1664.2520847790292
Patient_1052,Arrival,377466.6002182796,complete,,0.0,,,,
Patient_1052,Origem_do Centro Cirurgico,377466.6002182796,complete,,,do Centro Cirurgico,377466.6002182796,,
Patient_1052,CTI (CC),377466.6002182796,start,ctiBeds,0.0,,,,
Patient_1052,CTI (CC),384837.5200765843,complete,ctiBeds,0.0,,,,
Patient_1052,CTI prepara Encaminhamento,384837.5200765843,start,,0.0,,,,
Patient_1052,CTI prepara Encaminhamento,384868.9213837149,complete,,0.0,,,,
Patient_1052,Encaminha_para a Clinica Medica,384868.9213837149,complete,,,para a Clinica Medica,384868.9213837149,,
Patient_1052,Discharge,384868.9213837149,complete,,,,,,7402.321165435307
Patient_1053,Arrival,378053.2234704998,complete,,0.0,,,,
Patient_1053,Origem_do Pronto Socorro,378053.2234704998,complete,,,do Pronto Socorro,378053.2234704998,,
Patient_1053,CTI (PS),378053.2234704998,start,ctiBeds,0.0,,,,
Patient_1053,CTI (PS),390343.8194734934,complete,ctiBeds,0.0,,,,
Patient_1053,CTI prepara Encaminhamento,390343.8194734934,start,,0.0,,,,
Patient_1053,CTI prepara Encaminhamento,390403.25016301917,complete,,0.0,,,,
Patient_1053,Encaminha_para a Clinica Cirurgica,390403.25016301917,complete,,,para a Clinica Cirurgica,390403.25016301917,,
Patient_1053,Discharge,390403.25016301917,complete,,,,,,12350.026692519372
Patient_1054,Arrival,378147.3836113195,complete,,0.0,,,,
Patient_1054,Origem_da Clinica Cirurgica,378147.3836113195,complete,,,da Clinica Cirurgica,378147.3836113195,,
Patient_1054,CTI (CLIC),378147.3836113195,start,ctiBeds,0.0,,,,
Patient_1054,CTI (CLIC),379864.9611450035,complete,ctiBeds,0.0,,,,
Patient_1054,CTI prepara Encaminhamento,379864.9611450035,start,,0.0,,,,
Patient_1054,CTI prepara Encaminhamento,379900.7075249429,complete,,0.0,,,,
Patient_1054,Encaminha_para a Clinica Cirurgica,379900.7075249429,complete,,,para a Clinica Cirurgica,379900.7075249429,,
Patient_1054,Discharge,379900.7075249429,complete,,,,,,1753.323913623346
Patient_1055,Arrival,378492.39832630125,complete,,0.0,,,,
Patient_1055,Origem_do Centro Cirurgico,378492.39832630125,complete,,,do Centro Cirurgico,378492.39832630125,,
Patient_1055,CTI (CC),378492.39832630125,start,ctiBeds,0.0,,,,
Patient_1055,CTI (CC),411451.58793184947,complete,ctiBeds,0.0,,,,
Patient_1055,CTI prepara Encaminhamento,411451.58793184947,start,,0.0,,,,
Patient_1055,CTI prepara Encaminhamento,411501.4189915396,complete,,0.0,,,,
Patient_1055,Encaminha_para a Clinica Cirurgica,411501.4189915396,complete,,,para a Clinica Cirurgica,411501.4189915396,,
Patient_1055,Discharge,411501.4189915396,complete,,,,,,33009.02066523838
Patient_1056,Arrival,378740.49696527433,complete,,0.0,,,,
Patient_1056,Origem_do Pronto Socorro,378740.49696527433,complete,,,do Pronto Socorro,378740.49696527433,,
Patient_1056,CTI (PS),378740.49696527433,start,ctiBeds,0.0,,,,
Patient_1056,CTI (PS),387685.83257990144,complete,ctiBeds,0.0,,,,
Patient_1056,CTI prepara Encaminhamento,387685.83257990144,start,,0.0,,,,
Patient_1056,CTI prepara Encaminhamento,387737.6961280737,complete,,0.0,,,,
Patient_1056,Encaminha_Transferencia Externa,387737.6961280737,complete,,,Transferencia Externa,387737.6961280737,,
Patient_1056,Discharge,387737.6961280737,complete,,,,,,8997.199162799341
Patient_1057,Arrival,378832.489385158,complete,,0.0,,,,
Patient_1057,Origem_da Clinica Medica,378832.489385158,complete,,,da Clinica Medica,378832.489385158,,
Patient_1057,CTI (CLIM),378832.489385158,start,ctiBeds,0.0,,,,
Patient_1057,CTI (CLIM),382651.1938191929,complete,ctiBeds,0.0,,,,
Patient_1057,CTI prepara Encaminhamento,382651.1938191929,start,,0.0,,,,
Patient_1057,CTI prepara Encaminhamento,382708.75504870847,complete,,0.0,,,,
Patient_1057,Encaminha_para a Clinica Medica,382708.75504870847,complete,,,para a Clinica Medica,382708.75504870847,,
Patient_1057,Discharge,382708.75504870847,complete,,,,,,3876.265663550468
Patient_1058,Arrival,378882.80298123206,complete,,0.0,,,,
Patient_1058,Origem_do Centro Cirurgico,378882.80298123206,complete,,,do Centro Cirurgico,378882.80298123206,,
Patient_1058,CTI (CC),378882.80298123206,start,ctiBeds,0.0,,,,
Patient_1058,CTI (CC),379808.54990518425,complete,ctiBeds,0.0,,,,
Patient_1058,CTI prepara Encaminhamento,379808.54990518425,start,,0.0,,,,
Patient_1058,CTI prepara Encaminhamento,379846.13031651435,complete,,0.0,,,,
Patient_1058,Encaminha_para a Clinica Medica,379846.13031651435,complete,,,para a Clinica Medica,379846.13031651435,,
Patient_1058,Discharge,379846.13031651435,complete,,,,,,963.3273352822871
Patient_1059,Arrival,378892.89793788944,complete,,0.0,,,,
Patient_1059,Origem_do Pronto Socorro,378892.89793788944,complete,,,do Pronto Socorro,378892.89793788944,,
Patient_1059,CTI (PS),378892.89793788944,start,ctiBeds,0.0,,,,
Patient_1059,CTI (PS),383385.8653698083,complete,ctiBeds,0.0,,,,
Patient_1059,CTI prepara Encaminhamento,383385.8653698083,start,,0.0,,,,
Patient_1059,CTI prepara Encaminhamento,383438.84887488984,complete,,0.0,,,,
Patient_1059,Encaminha_Obito,383438.84887488984,complete,,,Obito,383438.84887488984,,
Patient_1059,Discharge,383438.84887488984,complete,,,,,,4545.950937000394
Patient_106,Arrival,29568.79298394301,complete,,0.0,,,,
Patient_106,Origem_da Clinica Medica,29568.79298394301,complete,,,da Clinica Medica,29568.79298394301,,
Patient_106,CTI (CLIM),30954.736323413657,start,ctiBeds,0.0,,,,
Patient_106,CTI (CLIM),68694.97305748067,complete,ctiBeds,0.0,,,,
Patient_106,CTI prepara Encaminhamento,68694.97305748067,start,,0.0,,,,
Patient_106,CTI prepara Encaminhamento,68741.11600679618,complete,,0.0,,,,
Patient_106,Encaminha_para a Clinica Cirurgica,68741.11600679618,complete,,,para a Clinica Cirurgica,68741.11600679618,,
Patient_106,Discharge,68741.11600679618,complete,,,,,,39172.32302285316
Patient_1060,Arrival,379255.14875928994,complete,,0.0,,,,
Patient_1060,Origem_do Centro Cirurgico,379255.14875928994,complete,,,do Centro Cirurgico,379255.14875928994,,
Patient_1060,CTI (CC),379255.14875928994,start,ctiBeds,0.0,,,,
Patient_1060,CTI (CC),393414.754517662,complete,ctiBeds,0.0,,,,
Patient_1060,CTI prepara Encaminhamento,393414.754517662,start,,0.0,,,,
Patient_1060,CTI prepara Encaminhamento,393457.99462100276,complete,,0.0,,,,
Patient_1060,Encaminha_para a Clinica Medica,393457.99462100276,complete,,,para a Clinica Medica,393457.99462100276,,
Patient_1060,Discharge,393457.99462100276,complete,,,,,,14202.84586171282
Patient_1061,Arrival,379321.9270881862,complete,,0.0,,,,
Patient_1061,Origem_do Pronto Socorro,379321.9270881862,complete,,,do Pronto Socorro,379321.9270881862,,
Patient_1061,CTI (PS),379321.9270881862,start,ctiBeds,0.0,,,,
Patient_1061,CTI (PS),386061.84737099864,complete,ctiBeds,0.0,,,,
Patient_1061,CTI prepara Encaminhamento,386061.84737099864,start,,0.0,,,,
Patient_1061,CTI prepara Encaminhamento,386103.01983109897,complete,,0.0,,,,
Patient_1061,Encaminha_para a Clinica Cirurgica,386103.01983109897,complete,,,para a Clinica Cirurgica,386103.01983109897,,
Patient_1061,Discharge,386103.01983109897,complete,,,,,,6781.092742912762
Patient_1062,Arrival,379378.15599355695,complete,,0.0,,,,
Patient_1062,Origem_do Pronto Socorro,379378.15599355695,complete,,,do Pronto Socorro,379378.15599355695,,
Patient_1062,CTI (PS),379378.15599355695,start,ctiBeds,0.0,,,,
Patient_1062,CTI (PS),380515.65420098655,complete,ctiBeds,0.0,,,,
Patient_1062,CTI prepara Encaminhamento,380515.65420098655,start,,0.0,,,,
Patient_1062,CTI prepara Encaminhamento,380556.0457131035,complete,,0.0,,,,
Patient_1062,Encaminha_para a Clinica Medica,380556.0457131035,complete,,,para a Clinica Medica,380556.0457131035,,
Patient_1062,Discharge,380556.0457131035,complete,,,,,,1177.8897195465397
Patient_1063,Arrival,379398.64540722105,complete,,0.0,,,,
Patient_1063,Origem_do Centro Cirurgico,379398.64540722105,complete,,,do Centro Cirurgico,379398.64540722105,,
Patient_1063,CTI (CC),379398.64540722105,start,ctiBeds,0.0,,,,
Patient_1063,CTI (CC),383611.3377413033,complete,ctiBeds,0.0,,,,
Patient_1063,CTI prepara Encaminhamento,383611.3377413033,start,,0.0,,,,
Patient_1063,CTI prepara Encaminhamento,383647.8004753195,complete,,0.0,,,,
Patient_1063,Encaminha_para a Clinica Medica,383647.8004753195,complete,,,para a Clinica Medica,383647.8004753195,,
Patient_1063,Discharge,383647.8004753195,complete,,,,,,4249.155068098451
Patient_1064,Arrival,379443.6302369787,complete,,0.0,,,,
Patient_1064,Origem_do Pronto Socorro,379443.6302369787,complete,,,do Pronto Socorro,379443.6302369787,,
Patient_1064,CTI (PS),379443.6302369787,start,ctiBeds,0.0,,,,
Patient_1064,CTI (PS),389912.6048065236,complete,ctiBeds,0.0,,,,
Patient_1064,CTI prepara Encaminhamento,389912.6048065236,start,,0.0,,,,
Patient_1064,CTI prepara Encaminhamento,389971.8276112934,complete,,0.0,,,,
Patient_1064,Encaminha_para a Clinica Medica,389971.8276112934,complete,,,para a Clinica Medica,389971.8276112934,,
Patient_1064,Discharge,389971.8276112934,complete,,,,,,10528.19737431471
Patient_1065,Arrival,379669.75092751737,complete,,0.0,,,,
Patient_1065,Origem_do Centro Cirurgico,379669.75092751737,complete,,,do Centro Cirurgico,379669.75092751737,,
Patient_1065,CTI (CC),379669.75092751737,start,ctiBeds,0.0,,,,
Patient_1065,CTI (CC),381018.5309237256,complete,ctiBeds,0.0,,,,
Patient_1065,CTI prepara Encaminhamento,381018.5309237256,start,,0.0,,,,
Patient_1065,CTI prepara Encaminhamento,381054.44874685345,complete,,0.0,,,,
Patient_1065,Encaminha_para a Clinica Medica,381054.44874685345,complete,,,para a Clinica Medica,381054.44874685345,,
Patient_1065,Discharge,381054.44874685345,complete,,,,,,1384.6978193360846
Patient_1066,Arrival,379770.9963270042,complete,,0.0,,,,
Patient_1066,Origem_da Maternidade,379770.9963270042,complete,,,da Maternidade,379770.9963270042,,
Patient_1066,CTI (MAT),379770.9963270042,start,ctiBeds,0.0,,,,
Patient_1066,CTI (MAT),381677.08961422567,complete,ctiBeds,0.0,,,,
Patient_1066,CTI prepara Encaminhamento,381677.08961422567,start,,0.0,,,,
Patient_1066,CTI prepara Encaminhamento,381724.2926506552,complete,,0.0,,,,
Patient_1066,Encaminha_Obito,381724.2926506552,complete,,,Obito,381724.2926506552,,
Patient_1066,Discharge,381724.2926506552,complete,,,,,,1953.2963236509822
Patient_1067,Arrival,380361.83370494854,complete,,0.0,,,,
Patient_1067,Origem_da Maternidade,380361.83370494854,complete,,,da Maternidade,380361.83370494854,,
Patient_1067,CTI (MAT),380361.83370494854,start,ctiBeds,0.0,,,,
Patient_1067,CTI (MAT),387398.79488546116,complete,ctiBeds,0.0,,,,
Patient_1067,CTI prepara Encaminhamento,387398.79488546116,start,,0.0,,,,
Patient_1067,CTI prepara Encaminhamento,387445.23231651174,complete,,0.0,,,,
Patient_1067,Encaminha_Obito,387445.23231651174,complete,,,Obito,387445.23231651174,,
Patient_1067,Discharge,387445.23231651174,complete,,,,,,7083.3986115632
Patient_1068,Arrival,380561.6744538796,complete,,0.0,,,,
Patient_1068,Origem_do Centro Cirurgico,380561.6744538796,complete,,,do Centro Cirurgico,380561.6744538796,,
Patient_1068,CTI (CC),380561.6744538796,start,ctiBeds,0.0,,,,
Patient_1068,CTI (CC),381816.21658917965,complete,ctiBeds,0.0,,,,
Patient_1068,CTI prepara Encaminhamento,381816.21658917965,start,,0.0,,,,
Patient_1068,CTI prepara Encaminhamento,381859.60665653826,complete,,0.0,,,,
Patient_1068,Encaminha_para a Clinica Medica,381859.60665653826,complete,,,para a Clinica Medica,381859.60665653826,,
Patient_1068,Discharge,381859.60665653826,complete,,,,,,1297.9322026586742
Patient_1069,Arrival,381247.0142305146,complete,,0.0,,,,
Patient_1069,Origem_do Pronto Socorro,381247.0142305146,complete,,,do Pronto Socorro,381247.0142305146,,
Patient_1069,CTI (PS),381247.0142305146,start,ctiBeds,0.0,,,,
Patient_1069,CTI (PS),391292.3433686753,complete,ctiBeds,0.0,,,,
Patient_1069,CTI prepara Encaminhamento,391292.3433686753,start,,0.0,,,,
Patient_1069,CTI prepara Encaminhamento,391324.7399253961,complete,,0.0,,,,
Patient_1069,Encaminha_Transferencia Externa,391324.7399253961,complete,,,Transferencia Externa,391324.7399253961,,
Patient_1069,Discharge,391324.7399253961,complete,,,,,,10077.72569488152
Patient_107,Arrival,29720.414192975968,complete,,0.0,,,,
Patient_107,Origem_do Pronto Socorro,29720.414192975968,complete,,,do Pronto Socorro,29720.414192975968,,
Patient_107,CTI (PS),31210.5284404052,start,ctiBeds,0.0,,,,
Patient_107,CTI (PS),39982.18818674301,complete,ctiBeds,0.0,,,,
Patient_107,CTI prepara Encaminhamento,39982.18818674301,start,,0.0,,,,
Patient_107,CTI prepara Encaminhamento,40027.70017063444,complete,,0.0,,,,
Patient_107,Encaminha_Obito,40027.70017063444,complete,,,Obito,40027.70017063444,,
Patient_107,Discharge,40027.70017063444,complete,,,,,,10307.28597765847
Patient_1070,Arrival,381324.02689717116,complete,,0.0,,,,
Patient_1070,Origem_do Pronto Socorro,381324.02689717116,complete,,,do Pronto Socorro,381324.02689717116,,
Patient_1070,CTI (PS),381324.02689717116,start,ctiBeds,0.0,,,,
Patient_1070,CTI (PS),382961.50547968503,complete,ctiBeds,0.0,,,,
Patient_1070,CTI prepara Encaminhamento,382961.50547968503,start,,0.0,,,,
Patient_1070,CTI prepara Encaminhamento,383017.4339433125,complete,,0.0,,,,
Patient_1070,Encaminha_para a Clinica Cirurgica,383017.4339433125,complete,,,para a Clinica Cirurgica,383017.4339433125,,
Patient_1070,Discharge,383017.4339433125,complete,,,,,,1693.4070461413357
Patient_1071,Arrival,381454.68480535055,complete,,0.0,,,,
Patient_1071,Origem_do Pronto Socorro,381454.68480535055,complete,,,do Pronto Socorro,381454.68480535055,,
Patient_1071,CTI (PS),381454.68480535055,start,ctiBeds,0.0,,,,
Patient_1071,CTI (PS),391389.85008878494,complete,ctiBeds,0.0,,,,
Patient_1071,CTI prepara Encaminhamento,391389.85008878494,start,,0.0,,,,
Patient_1071,CTI prepara Encaminhamento,391440.7942468498,complete,,0.0,,,,
Patient_1071,Encaminha_para a Clinica Cirurgica,391440.7942468498,complete,,,para a Clinica Cirurgica,391440.7942468498,,
Patient_1071,Discharge,391440.7942468498,complete,,,,,,9986.109441499226
Patient_1072,Arrival,381531.0150400512,complete,,0.0,,,,
Patient_1072,Origem_do Centro Cirurgico,381531.0150400512,complete,,,do Centro Cirurgico,381531.0150400512,,
Patient_1072,CTI (CC),381531.0150400512,start,ctiBeds,0.0,,,,
Patient_1072,CTI (CC),410909.3206490877,complete,ctiBeds,0.0,,,,
Patient_1072,CTI prepara Encaminhamento,410909.3206490877,start,,0.0,,,,
Patient_1072,CTI prepara Encaminhamento,410956.46599454765,complete,,0.0,,,,
Patient_1072,Encaminha_Obito,410956.46599454765,complete,,,Obito,410956.46599454765,,
Patient_1072,Discharge,410956.46599454765,complete,,,,,,29425.450954496453
Patient_1073,Arrival,381535.12826165266,complete,,0.0,,,,
Patient_1073,Origem_do Pronto Socorro,381535.12826165266,complete,,,do Pronto Socorro,381535.12826165266,,
Patient_1073,CTI (PS),381535.12826165266,start,ctiBeds,0.0,,,,
Patient_1073,CTI (PS),385370.63837224036,complete,ctiBeds,0.0,,,,
Patient_1073,CTI prepara Encaminhamento,385370.63837224036,start,,0.0,,,,
Patient_1073,CTI prepara Encaminhamento,385408.9214923371,complete,,0.0,,,,
Patient_1073,Encaminha_Obito,385408.9214923371,complete,,,Obito,385408.9214923371,,
Patient_1073,Discharge,385408.9214923371,complete,,,,,,3873.793230684416
Patient_1074,Arrival,381735.47427420114,complete,,0.0,,,,
Patient_1074,Origem_do Pronto Socorro,381735.47427420114,complete,,,do Pronto Socorro,381735.47427420114,,
Patient_1074,CTI (PS),381735.47427420114,start,ctiBeds,0.0,,,,
Patient_1074,CTI (PS),386238.8001432612,complete,ctiBeds,0.0,,,,
Patient_1074,CTI prepara Encaminhamento,386238.8001432612,start,,0.0,,,,
Patient_1074,CTI prepara Encaminhamento,386294.21069974214,complete,,0.0,,,,
Patient_1074,Encaminha_para a Clinica Medica,386294.21069974214,complete,,,para a Clinica Medica,386294.21069974214,,
Patient_1074,Discharge,386294.21069974214,complete,,,,,,4558.736425540992
Patient_1075,Arrival,382240.9886372794,complete,,0.0,,,,
Patient_1075,Origem_do Centro Cirurgico,382240.9886372794,complete,,,do Centro Cirurgico,382240.9886372794,,
Patient_1075,CTI (CC),382240.9886372794,start,ctiBeds,0.0,,,,
Patient_1075,CTI (CC),387972.4136217361,complete,ctiBeds,0.0,,,,
Patient_1075,CTI prepara Encaminhamento,387972.4136217361,start,,0.0,,,,
Patient_1075,CTI prepara Encaminhamento,388017.08030554035,complete,,0.0,,,,
Patient_1075,Encaminha_para a Clinica Medica,388017.08030554035,complete,,,para a Clinica Medica,388017.08030554035,,
Patient_1075,Discharge,388017.08030554035,complete,,,,,,5776.091668260924
Patient_1076,Arrival,382377.7808347153,complete,,0.0,,,,
Patient_1076,Origem_do Centro Cirurgico,382377.7808347153,complete,,,do Centro Cirurgico,382377.7808347153,,
Patient_1076,CTI (CC),382377.7808347153,start,ctiBeds,0.0,,,,
Patient_1076,CTI (CC),385472.5621121448,complete,ctiBeds,0.0,,,,
Patient_1076,CTI prepara Encaminhamento,385472.5621121448,start,,0.0,,,,
Patient_1076,CTI prepara Encaminhamento,385520.47901731014,complete,,0.0,,,,
Patient_1076,Encaminha_para a Clinica Medica,385520.47901731014,complete,,,para a Clinica Medica,385520.47901731014,,
Patient_1076,Discharge,385520.47901731014,complete,,,,,,3142.698182594846
Patient_1077,Arrival,382502.6505086753,complete,,0.0,,,,
Patient_1077,Origem_do Centro Cirurgico,382502.6505086753,complete,,,do Centro Cirurgico,382502.6505086753,,
Patient_1077,CTI (CC),382502.6505086753,start,ctiBeds,0.0,,,,
Patient_1077,CTI (CC),384578.3009674679,complete,ctiBeds,0.0,,,,
Patient_1077,CTI prepara Encaminhamento,384578.3009674679,start,,0.0,,,,
Patient_1077,CTI prepara Encaminhamento,384611.8037941491,complete,,0.0,,,,
Patient_1077,Encaminha_para a Clinica Medica,384611.8037941491,complete,,,para a Clinica Medica,384611.8037941491,,
Patient_1077,Discharge,384611.8037941491,complete,,,,,,2109.1532854737598
Patient_1078,Arrival,382854.2752035391,complete,,0.0,,,,
Patient_1078,Origem_do Centro Cirurgico,382854.2752035391,complete,,,do Centro Cirurgico,382854.2752035391,,
Patient_1078,CTI (CC),382854.2752035391,start,ctiBeds,0.0,,,,
Patient_1078,CTI (CC),389241.8244005034,complete,ctiBeds,0.0,,,,
Patient_1078,CTI prepara Encaminhamento,389241.8244005034,start,,0.0,,,,
Patient_1078,CTI prepara Encaminhamento,389272.8890691592,complete,,0.0,,,,
Patient_1078,Encaminha_para a Clinica Medica,389272.8890691592,complete,,,para a Clinica Medica,389272.8890691592,,
Patient_1078,Discharge,389272.8890691592,complete,,,,,,6418.613865620107
Patient_1079,Arrival,383223.9190679221,complete,,0.0,,,,
Patient_1079,Origem_do Pronto Socorro,383223.9190679221,complete,,,do Pronto Socorro,383223.9190679221,,
Patient_1079,CTI (PS),383223.9190679221,start,ctiBeds,0.0,,,,
Patient_1079,CTI (PS),390463.6855814116,complete,ctiBeds,0.0,,,,
Patient_1079,CTI prepara Encaminhamento,390463.6855814116,start,,0.0,,,,
Patient_1079,CTI prepara Encaminhamento,390503.69770477636,complete,,0.0,,,,
Patient_1079,Encaminha_para a Clinica Medica,390503.69770477636,complete,,,para a Clinica Medica,390503.69770477636,,
Patient_1079,Discharge,390503.69770477636,complete,,,,,,7279.778636854258
Patient_108,Arrival,30013.23912163964,complete,,0.0,,,,
Patient_108,Origem_do Pronto Socorro,30013.23912163964,complete,,,do Pronto Socorro,30013.23912163964,,
Patient_108,CTI (PS),31701.643635478973,start,ctiBeds,0.0,,,,
Patient_108,CTI (PS),35806.117626076535,complete,ctiBeds,0.0,,,,
Patient_108,CTI prepara Encaminhamento,35806.117626076535,start,,0.0,,,,
Patient_108,CTI prepara Encaminhamento,35841.944570572276,complete,,0.0,,,,
Patient_108,Encaminha_para a Clinica Medica,35841.944570572276,complete,,,para a Clinica Medica,35841.944570572276,,
Patient_108,Discharge,35841.944570572276,complete,,,,,,5828.7054489326365
Patient_1080,Arrival,383585.4912207605,complete,,0.0,,,,
Patient_1080,Origem_do Pronto Socorro,383585.4912207605,complete,,,do Pronto Socorro,383585.4912207605,,
Patient_1080,CTI (PS),383585.4912207605,start,ctiBeds,0.0,,,,
Patient_1080,CTI (PS),395243.30772776523,complete,ctiBeds,0.0,,,,
Patient_1080,CTI prepara Encaminhamento,395243.30772776523,start,,0.0,,,,
Patient_1080,CTI prepara Encaminhamento,395285.7171759386,complete,,0.0,,,,
Patient_1080,Encaminha_para a Clinica Cirurgica,395285.7171759386,complete,,,para a Clinica Cirurgica,395285.7171759386,,
Patient_1080,Discharge,395285.7171759386,complete,,,,,,11700.225955178088
Patient_1081,Arrival,384050.50888581027,complete,,0.0,,,,
Patient_1081,Origem_do Pronto Socorro,384050.50888581027,complete,,,do Pronto Socorro,384050.50888581027,,
Patient_1081,CTI (PS),384050.50888581027,start,ctiBeds,0.0,,,,
Patient_1081,CTI (PS),390403.89135811187,complete,ctiBeds,0.0,,,,
Patient_1081,CTI prepara Encaminhamento,390403.89135811187,start,,0.0,,,,
Patient_1081,CTI prepara Encaminhamento,390458.79750667705,complete,,0.0,,,,
Patient_1081,Encaminha_para a Clinica Medica,390458.79750667705,complete,,,para a Clinica Medica,390458.79750667705,,
Patient_1081,Discharge,390458.79750667705,complete,,,,,,6408.288620866777
Patient_1082,Arrival,384227.8338687799,complete,,0.0,,,,
Patient_1082,Origem_da Clinica Medica,384227.8338687799,complete,,,da Clinica Medica,384227.8338687799,,
Patient_1082,CTI (CLIM),384227.8338687799,start,ctiBeds,0.0,,,,
Patient_1082,CTI (CLIM),395120.74270852254,complete,ctiBeds,0.0,,,,
Patient_1082,CTI prepara Encaminhamento,395120.74270852254,start,,0.0,,,,
Patient_1082,CTI prepara Encaminhamento,395177.3204790588,complete,,0.0,,,,
Patient_1082,Encaminha_para a Clinica Cirurgica,395177.3204790588,complete,,,para a Clinica Cirurgica,395177.3204790588,,
Patient_1082,Discharge,395177.3204790588,complete,,,,,,10949.486610278895
Patient_1083,Arrival,385177.53213302535,complete,,0.0,,,,
Patient_1083,Origem_do Centro Cirurgico,385177.53213302535,complete,,,do Centro Cirurgico,385177.53213302535,,
Patient_1083,CTI (CC),385177.53213302535,start,ctiBeds,0.0,,,,
Patient_1083,CTI (CC),392539.8385466762,complete,ctiBeds,0.0,,,,
Patient_1083,CTI prepara Encaminhamento,392539.8385466762,start,,0.0,,,,
Patient_1083,CTI prepara Encaminhamento,392570.9853762791,complete,,0.0,,,,
Patient_1083,Encaminha_para a Clinica Cirurgica,392570.9853762791,complete,,,para a Clinica Cirurgica,392570.9853762791,,
Patient_1083,Discharge,392570.9853762791,complete,,,,,,7393.453243253753
Patient_1084,Arrival,385224.8983635439,complete,,0.0,,,,
Patient_1084,Origem_do Pronto Socorro,385224.8983635439,complete,,,do Pronto Socorro,385224.8983635439,,
Patient_1084,CTI (PS),385224.8983635439,start,ctiBeds,0.0,,,,
Patient_1084,CTI (PS),423058.29774570547,complete,ctiBeds,0.0,,,,
Patient_1084,CTI prepara Encaminhamento,423058.29774570547,start,,0.0,,,,
Patient_1084,CTI prepara Encaminhamento,423089.1247066148,complete,,0.0,,,,
Patient_1084,Encaminha_para a Clinica Medica,423089.1247066148,complete,,,para a Clinica Medica,423089.1247066148,,
Patient_1084,Discharge,423089.1247066148,complete,,,,,,37864.22634307091
Patient_1085,Arrival,385976.8259691507,complete,,0.0,,,,
Patient_1085,Origem_do Pronto Socorro,385976.8259691507,complete,,,do Pronto Socorro,385976.8259691507,,
Patient_1085,CTI (PS),385976.8259691507,start,ctiBeds,0.0,,,,
Patient_1085,CTI (PS),435009.764179394,complete,ctiBeds,0.0,,,,
Patient_1085,CTI prepara Encaminhamento,435009.764179394,start,,0.0,,,,
Patient_1085,CTI prepara Encaminhamento,435046.06542432535,complete,,0.0,,,,
Patient_1085,Encaminha_para a Clinica Medica,435046.06542432535,complete,,,para a Clinica Medica,435046.06542432535,,
Patient_1085,Discharge,435046.06542432535,complete,,,,,,49069.239455174655
Patient_1086,Arrival,387341.9206924444,complete,,0.0,,,,
Patient_1086,Origem_do Pronto Socorro,387341.9206924444,complete,,,do Pronto Socorro,387341.9206924444,,
Patient_1086,CTI (PS),387341.9206924444,start,ctiBeds,0.0,,,,
Patient_1086,CTI (PS),393429.4241012315,complete,ctiBeds,0.0,,,,
Patient_1086,CTI prepara Encaminhamento,393429.4241012315,start,,0.0,,,,
Patient_1086,CTI prepara Encaminhamento,393464.97211322206,complete,,0.0,,,,
Patient_1086,Encaminha_para a Clinica Medica,393464.97211322206,complete,,,para a Clinica Medica,393464.97211322206,,
Patient_1086,Discharge,393464.97211322206,complete,,,,,,6123.051420777687
Patient_1087,Arrival,387466.83282648324,complete,,0.0,,,,
Patient_1087,Origem_do Centro Cirurgico,387466.83282648324,complete,,,do Centro Cirurgico,387466.83282648324,,
Patient_1087,CTI (CC),387466.83282648324,start,ctiBeds,0.0,,,,
Patient_1087,CTI (CC),388298.2688606651,complete,ctiBeds,0.0,,,,
Patient_1087,CTI prepara Encaminhamento,388298.2688606651,start,,0.0,,,,
Patient_1087,CTI prepara Encaminhamento,388338.4676337604,complete,,0.0,,,,
Patient_1087,Encaminha_para a Clinica Medica,388338.4676337604,complete,,,para a Clinica Medica,388338.4676337604,,
Patient_1087,Discharge,388338.4676337604,complete,,,,,,871.6348072771798
Patient_1088,Arrival,387562.4240939659,complete,,0.0,,,,
Patient_1088,Origem_do Pronto Socorro,387562.4240939659,complete,,,do Pronto Socorro,387562.4240939659,,
Patient_1088,CTI (PS),387562.4240939659,start,ctiBeds,0.0,,,,
Patient_1088,CTI (PS),420545.7741782296,complete,ctiBeds,0.0,,,,
Patient_1088,CTI prepara Encaminhamento,420545.7741782296,start,,0.0,,,,
Patient_1088,CTI prepara Encaminhamento,420587.8658796778,complete,,0.0,,,,
Patient_1088,Encaminha_para a Clinica Medica,420587.8658796778,complete,,,para a Clinica Medica,420587.8658796778,,
Patient_1088,Discharge,420587.8658796778,complete,,,,,,33025.44178571191
Patient_1089,Arrival,387575.1707404347,complete,,0.0,,,,
Patient_1089,Origem_do Centro Cirurgico,387575.1707404347,complete,,,do Centro Cirurgico,387575.1707404347,,
Patient_1089,CTI (CC),387575.1707404347,start,ctiBeds,0.0,,,,
Patient_1089,CTI (CC),389423.82410190994,complete,ctiBeds,0.0,,,,
Patient_1089,CTI prepara Encaminhamento,389423.82410190994,start,,0.0,,,,
Patient_1089,CTI prepara Encaminhamento,389472.7304370503,complete,,0.0,,,,
Patient_1089,Encaminha_para a Clinica Medica,389472.7304370503,complete,,,para a Clinica Medica,389472.7304370503,,
Patient_1089,Discharge,389472.7304370503,complete,,,,,,1897.5596966155572
Patient_109,Arrival,30280.76422089956,complete,,0.0,,,,
Patient_109,Origem_do Centro Cirurgico,30280.76422089956,complete,,,do Centro Cirurgico,30280.76422089956,,
Patient_109,CTI (CC),31747.822894850884,start,ctiBeds,0.0,,,,
Patient_109,CTI (CC),34514.95511685933,complete,ctiBeds,0.0,,,,
Patient_109,CTI prepara Encaminhamento,34514.95511685933,start,,0.0,,,,
Patient_109,CTI prepara Encaminhamento,34550.98960125435,complete,,0.0,,,,
Patient_109,Encaminha_para a Clinica Medica,34550.98960125435,complete,,,para a Clinica Medica,34550.98960125435,,
Patient_109,Discharge,34550.98960125435,complete,,,,,,4270.2253803547865
Patient_1090,Arrival,387621.51567591395,complete,,0.0,,,,
Patient_1090,Origem_da Clinica Medica,387621.51567591395,complete,,,da Clinica Medica,387621.51567591395,,
Patient_1090,CTI (CLIM),387621.51567591395,start,ctiBeds,0.0,,,,
Patient_1090,CTI (CLIM),408003.02731302613,complete,ctiBeds,0.0,,,,
Patient_1090,CTI prepara Encaminhamento,408003.02731302613,start,,0.0,,,,
Patient_1090,CTI prepara Encaminhamento,408062.18062171084,complete,,0.0,,,,
Patient_1090,Encaminha_para a Clinica Cirurgica,408062.18062171084,complete,,,para a Clinica Cirurgica,408062.18062171084,,
Patient_1090,Discharge,408062.18062171084,complete,,,,,,20440.66494579689
Patient_1091,Arrival,388037.3449442524,complete,,0.0,,,,
Patient_1091,Origem_do Centro Cirurgico,388037.3449442524,complete,,,do Centro Cirurgico,388037.3449442524,,
Patient_1091,CTI (CC),388037.3449442524,start,ctiBeds,0.0,,,,
Patient_1091,CTI (CC),391622.6831876284,complete,ctiBeds,0.0,,,,
Patient_1091,CTI prepara Encaminhamento,391622.6831876284,start,,0.0,,,,
Patient_1091,CTI prepara Encaminhamento,391667.46865566407,complete,,0.0,,,,
Patient_1091,Encaminha_para a Clinica Medica,391667.46865566407,complete,,,para a Clinica Medica,391667.46865566407,,
Patient_1091,Discharge,391667.46865566407,complete,,,,,,3630.1237114116666
Patient_1092,Arrival,388242.69772440154,complete,,0.0,,,,
Patient_1092,Origem_do Centro Cirurgico,388242.69772440154,complete,,,do Centro Cirurgico,388242.69772440154,,
Patient_1092,CTI (CC),388242.69772440154,start,ctiBeds,0.0,,,,
Patient_1092,CTI (CC),397147.3594916358,complete,ctiBeds,0.0,,,,
Patient_1092,CTI prepara Encaminhamento,397147.3594916358,start,,0.0,,,,
Patient_1092,CTI prepara Encaminhamento,397179.27597855846,complete,,0.0,,,,
Patient_1092,Encaminha_para a Clinica Cirurgica,397179.27597855846,complete,,,para a Clinica Cirurgica,397179.27597855846,,
Patient_1092,Discharge,397179.27597855846,complete,,,,,,8936.57825415692
Patient_1093,Arrival,388663.2291398089,complete,,0.0,,,,
Patient_1093,Origem_do Centro Cirurgico,388663.2291398089,complete,,,do Centro Cirurgico,388663.2291398089,,
Patient_1093,CTI (CC),388663.2291398089,start,ctiBeds,0.0,,,,
Patient_1093,CTI (CC),392622.4554486774,complete,ctiBeds,0.0,,,,
Patient_1093,CTI prepara Encaminhamento,392622.4554486774,start,,0.0,,,,
Patient_1093,CTI prepara Encaminhamento,392672.3708535555,complete,,0.0,,,,
Patient_1093,Encaminha_para a Clinica Medica,392672.3708535555,complete,,,para a Clinica Medica,392672.3708535555,,
Patient_1093,Discharge,392672.3708535555,complete,,,,,,4009.1417137465905
Patient_1094,Arrival,388974.62972535676,complete,,0.0,,,,
Patient_1094,Origem_do Pronto Socorro,388974.62972535676,complete,,,do Pronto Socorro,388974.62972535676,,
Patient_1094,CTI (PS),388974.62972535676,start,ctiBeds,0.0,,,,
Patient_1094,CTI (PS),396284.0193563385,complete,ctiBeds,0.0,,,,
Patient_1094,CTI prepara Encaminhamento,396284.0193563385,start,,0.0,,,,
Patient_1094,CTI prepara Encaminhamento,396317.33021838235,complete,,0.0,,,,
Patient_1094,Encaminha_para a Clinica Medica,396317.33021838235,complete,,,para a Clinica Medica,396317.33021838235,,
Patient_1094,Discharge,396317.33021838235,complete,,,,,,7342.7004930255935
Patient_1095,Arrival,389139.87919182744,complete,,0.0,,,,
Patient_1095,Origem_do Pronto Socorro,389139.87919182744,complete,,,do Pronto Socorro,389139.87919182744,,
Patient_1095,CTI (PS),389139.87919182744,start,ctiBeds,0.0,,,,
Patient_1095,CTI (PS),396757.90834944375,complete,ctiBeds,0.0,,,,
Patient_1095,CTI prepara Encaminhamento,396757.90834944375,start,,0.0,,,,
Patient_1095,CTI prepara Encaminhamento,396801.2254050742,complete,,0.0,,,,
Patient_1095,Encaminha_para a Clinica Cirurgica,396801.2254050742,complete,,,para a Clinica Cirurgica,396801.2254050742,,
Patient_1095,Discharge,396801.2254050742,complete,,,,,,7661.346213246754
Patient_1096,Arrival,389541.7397702177,complete,,0.0,,,,
Patient_1096,Origem_do Centro Cirurgico,389541.7397702177,complete,,,do Centro Cirurgico,389541.7397702177,,
Patient_1096,CTI (CC),389541.7397702177,start,ctiBeds,0.0,,,,
Patient_1096,CTI (CC),395534.27873376856,complete,ctiBeds,0.0,,,,
Patient_1096,CTI prepara Encaminhamento,395534.27873376856,start,,0.0,,,,
Patient_1096,CTI prepara Encaminhamento,395582.5123207637,complete,,0.0,,,,
Patient_1096,Encaminha_para a Clinica Medica,395582.5123207637,complete,,,para a Clinica Medica,395582.5123207637,,
Patient_1096,Discharge,395582.5123207637,complete,,,,,,6040.77255054604
Patient_1097,Arrival,389673.8131312254,complete,,0.0,,,,
Patient_1097,Origem_da Clinica Medica,389673.8131312254,complete,,,da Clinica Medica,389673.8131312254,,
Patient_1097,CTI (CLIM),389673.8131312254,start,ctiBeds,0.0,,,,
Patient_1097,CTI (CLIM),403603.176200086,complete,ctiBeds,0.0,,,,
Patient_1097,CTI prepara Encaminhamento,403603.176200086,start,,0.0,,,,
Patient_1097,CTI prepara Encaminhamento,403654.78337893344,complete,,0.0,,,,
Patient_1097,Encaminha_para a Maternidade,403654.78337893344,complete,,,para a Maternidade,403654.78337893344,,
Patient_1097,Discharge,403654.78337893344,complete,,,,,,13980.970247708028
Patient_1098,Arrival,389735.11872979964,complete,,0.0,,,,
Patient_1098,Origem_do Centro Cirurgico,389735.11872979964,complete,,,do Centro Cirurgico,389735.11872979964,,
Patient_1098,CTI (CC),389735.11872979964,start,ctiBeds,0.0,,,,
Patient_1098,CTI (CC),418815.6336796066,complete,ctiBeds,0.0,,,,
Patient_1098,CTI prepara Encaminhamento,418815.6336796066,start,,0.0,,,,
Patient_1098,CTI prepara Encaminhamento,418865.9681521319,complete,,0.0,,,,
Patient_1098,Encaminha_para a Clinica Cirurgica,418865.9681521319,complete,,,para a Clinica Cirurgica,418865.9681521319,,
Patient_1098,Discharge,418865.9681521319,complete,,,,,,29130.84942233225
Patient_1099,Arrival,390354.51789637917,complete,,0.0,,,,
Patient_1099,Origem_do Centro Cirurgico,390354.51789637917,complete,,,do Centro Cirurgico,390354.51789637917,,
Patient_1099,CTI (CC),390354.51789637917,start,ctiBeds,0.0,,,,
Patient_1099,CTI (CC),396070.623198614,complete,ctiBeds,0.0,,,,
Patient_1099,CTI prepara Encaminhamento,396070.623198614,start,,0.0,,,,
Patient_1099,CTI prepara Encaminhamento,396102.154519974,complete,,0.0,,,,
Patient_1099,Encaminha_para a Clinica Medica,396102.154519974,complete,,,para a Clinica Medica,396102.154519974,,
Patient_1099,Discharge,396102.154519974,complete,,,,,,5747.636623594852
Patient_11,Arrival,3747.6137449440444,complete,,0.0,,,,
Patient_11,Origem_do Pronto Socorro,3747.6137449440444,complete,,,do Pronto Socorro,3747.6137449440444,,
Patient_11,CTI (PS),3747.6137449440444,start,ctiBeds,0.0,,,,
Patient_11,CTI (PS),6954.142244145454,complete,ctiBeds,0.0,,,,
Patient_11,CTI prepara Encaminhamento,6954.142244145454,start,,0.0,,,,
Patient_11,CTI prepara Encaminhamento,7011.831219249954,complete,,0.0,,,,
Patient_11,Encaminha_para a Clinica Medica,7011.831219249954,complete,,,para a Clinica Medica,7011.831219249954,,
Patient_11,Discharge,7011.831219249954,complete,,,,,,3264.21747430591
Patient_110,Arrival,31103.19706542617,complete,,0.0,,,,
Patient_110,Origem_do Pronto Socorro,31103.19706542617,complete,,,do Pronto Socorro,31103.19706542617,,
Patient_110,CTI (PS),32141.533415631326,start,ctiBeds,0.0,,,,
Patient_110,CTI (PS),38072.259645027894,complete,ctiBeds,0.0,,,,
Patient_110,CTI prepara Encaminhamento,38072.259645027894,start,,0.0,,,,
Patient_110,CTI prepara Encaminhamento,38105.11568366267,complete,,0.0,,,,
Patient_110,Encaminha_para a Clinica Cirurgica,38105.11568366267,complete,,,para a Clinica Cirurgica,38105.11568366267,,
Patient_110,Discharge,38105.11568366267,complete,,,,,,7001.918618236497
Patient_1100,Arrival,390788.7834480689,complete,,0.0,,,,
Patient_1100,Origem_do Pronto Socorro,390788.7834480689,complete,,,do Pronto Socorro,390788.7834480689,,
Patient_1100,CTI (PS),390788.7834480689,start,ctiBeds,0.0,,,,
Patient_1100,CTI (PS),394344.11263979576,complete,ctiBeds,0.0,,,,
Patient_1100,CTI prepara Encaminhamento,394344.11263979576,start,,0.0,,,,
Patient_1100,CTI prepara Encaminhamento,394391.8188752406,complete,,0.0,,,,
Patient_1100,Encaminha_Transferencia Externa,394391.8188752406,complete,,,Transferencia Externa,394391.8188752406,,
Patient_1100,Discharge,394391.8188752406,complete,,,,,,3603.035427171737
Patient_1101,Arrival,391829.41623142443,complete,,0.0,,,,
Patient_1101,Origem_do Pronto Socorro,391829.41623142443,complete,,,do Pronto Socorro,391829.41623142443,,
Patient_1101,CTI (PS),391829.41623142443,start,ctiBeds,0.0,,,,
Patient_1101,CTI (PS),395090.99186583137,complete,ctiBeds,0.0,,,,
Patient_1101,CTI prepara Encaminhamento,395090.99186583137,start,,0.0,,,,
Patient_1101,CTI prepara Encaminhamento,395140.9502318107,complete,,0.0,,,,
Patient_1101,Encaminha_para a Clinica Medica,395140.9502318107,complete,,,para a Clinica Medica,395140.9502318107,,
Patient_1101,Discharge,395140.9502318107,complete,,,,,,3311.534000386251
Patient_1102,Arrival,392131.34659588314,complete,,0.0,,,,
Patient_1102,Origem_da Maternidade,392131.34659588314,complete,,,da Maternidade,392131.34659588314,,
Patient_1102,CTI (MAT),392131.34659588314,start,ctiBeds,0.0,,,,
Patient_1102,CTI (MAT),393429.84376175253,complete,ctiBeds,0.0,,,,
Patient_1102,CTI prepara Encaminhamento,393429.84376175253,start,,0.0,,,,
Patient_1102,CTI prepara Encaminhamento,393472.3768947204,complete,,0.0,,,,
Patient_1102,Encaminha_para a Clinica Cirurgica,393472.3768947204,complete,,,para a Clinica Cirurgica,393472.3768947204,,
Patient_1102,Discharge,393472.3768947204,complete,,,,,,1341.030298837286
Patient_1103,Arrival,392502.2558275192,complete,,0.0,,,,
Patient_1103,Origem_do Centro Cirurgico,392502.2558275192,complete,,,do Centro Cirurgico,392502.2558275192,,
Patient_1103,CTI (CC),392502.2558275192,start,ctiBeds,0.0,,,,
Patient_1103,CTI (CC),394356.33409709076,complete,ctiBeds,0.0,,,,
Patient_1103,CTI prepara Encaminhamento,394356.33409709076,start,,0.0,,,,
Patient_1103,CTI prepara Encaminhamento,394407.41144428693,complete,,0.0,,,,
Patient_1103,Encaminha_para a Clinica Medica,394407.41144428693,complete,,,para a Clinica Medica,394407.41144428693,,
Patient_1103,Discharge,394407.41144428693,complete,,,,,,1905.1556167677045
Patient_1104,Arrival,392662.40762326337,complete,,0.0,,,,
Patient_1104,Origem_do Centro Cirurgico,392662.40762326337,complete,,,do Centro Cirurgico,392662.40762326337,,
Patient_1104,CTI (CC),392662.40762326337,start,ctiBeds,0.0,,,,
Patient_1104,CTI (CC),399095.27829053096,complete,ctiBeds,0.0,,,,
Patient_1104,CTI prepara Encaminhamento,399095.27829053096,start,,0.0,,,,
Patient_1104,CTI prepara Encaminhamento,399146.1866680102,complete,,0.0,,,,
Patient_1104,Encaminha_para a Clinica Cirurgica,399146.1866680102,complete,,,para a Clinica Cirurgica,399146.1866680102,,
Patient_1104,Discharge,399146.1866680102,complete,,,,,,6483.779044746829
Patient_1105,Arrival,392900.2733692063,complete,,0.0,,,,
Patient_1105,Origem_do Pronto Socorro,392900.2733692063,complete,,,do Pronto Socorro,392900.2733692063,,
Patient_1105,CTI (PS),392900.2733692063,start,ctiBeds,0.0,,,,
Patient_1105,CTI (PS),393582.4696651969,complete,ctiBeds,0.0,,,,
Patient_1105,CTI prepara Encaminhamento,393582.4696651969,start,,0.0,,,,
Patient_1105,CTI prepara Encaminhamento,393614.66019949445,complete,,0.0,,,,
Patient_1105,Encaminha_para a Clinica Medica,393614.66019949445,complete,,,para a Clinica Medica,393614.66019949445,,
Patient_1105,Discharge,393614.66019949445,complete,,,,,,714.3868302881601
Patient_1106,Arrival,392931.54201319773,complete,,0.0,,,,
Patient_1106,Origem_do Pronto Socorro,392931.54201319773,complete,,,do Pronto Socorro,392931.54201319773,,
Patient_1106,CTI (PS),392931.54201319773,start,ctiBeds,0.0,,,,
Patient_1106,CTI (PS),411756.56040315685,complete,ctiBeds,0.0,,,,
Patient_1106,CTI prepara Encaminhamento,411756.56040315685,start,,0.0,,,,
Patient_1106,CTI prepara Encaminhamento,411803.06834692246,complete,,0.0,,,,
Patient_1106,Encaminha_para a Clinica Medica,411803.06834692246,complete,,,para a Clinica Medica,411803.06834692246,,
Patient_1106,Discharge,411803.06834692246,complete,,,,,,18871.52633372473
Patient_1107,Arrival,393153.7924004829,complete,,0.0,,,,
Patient_1107,Origem_do Centro Cirurgico,393153.7924004829,complete,,,do Centro Cirurgico,393153.7924004829,,
Patient_1107,CTI (CC),393153.7924004829,start,ctiBeds,0.0,,,,
Patient_1107,CTI (CC),393696.2300550966,complete,ctiBeds,0.0,,,,
Patient_1107,CTI prepara Encaminhamento,393696.2300550966,start,,0.0,,,,
Patient_1107,CTI prepara Encaminhamento,393735.45205915434,complete,,0.0,,,,
Patient_1107,Encaminha_para a Clinica Medica,393735.45205915434,complete,,,para a Clinica Medica,393735.45205915434,,
Patient_1107,Discharge,393735.45205915434,complete,,,,,,581.659658671415
Patient_1108,Arrival,393601.90613154264,complete,,0.0,,,,
Patient_1108,Origem_do Pronto Socorro,393601.90613154264,complete,,,do Pronto Socorro,393601.90613154264,,
Patient_1108,CTI (PS),393601.90613154264,start,ctiBeds,0.0,,,,
Patient_1108,CTI (PS),395270.36825264734,complete,ctiBeds,0.0,,,,
Patient_1108,CTI prepara Encaminhamento,395270.36825264734,start,,0.0,,,,
Patient_1108,CTI prepara Encaminhamento,395324.73284502013,complete,,0.0,,,,
Patient_1108,Encaminha_para a Clinica Medica,395324.73284502013,complete,,,para a Clinica Medica,395324.73284502013,,
Patient_1108,Discharge,395324.73284502013,complete,,,,,,1722.8267134774942
Patient_1109,Arrival,394348.24708622164,complete,,0.0,,,,
Patient_1109,Origem_do Pronto Socorro,394348.24708622164,complete,,,do Pronto Socorro,394348.24708622164,,
Patient_1109,CTI (PS),394348.24708622164,start,ctiBeds,0.0,,,,
Patient_1109,CTI (PS),403905.82641549903,complete,ctiBeds,0.0,,,,
Patient_1109,CTI prepara Encaminhamento,403905.82641549903,start,,0.0,,,,
Patient_1109,CTI prepara Encaminhamento,403945.01985449914,complete,,0.0,,,,
Patient_1109,Encaminha_para a Clinica Cirurgica,403945.01985449914,complete,,,para a Clinica Cirurgica,403945.01985449914,,
Patient_1109,Discharge,403945.01985449914,complete,,,,,,9596.7727682775
Patient_111,Arrival,31189.241412827927,complete,,0.0,,,,
Patient_111,Origem_do Pronto Socorro,31189.241412827927,complete,,,do Pronto Socorro,31189.241412827927,,
Patient_111,CTI (PS),32150.048899647314,start,ctiBeds,0.0,,,,
Patient_111,CTI (PS),67001.9543024303,complete,ctiBeds,0.0,,,,
Patient_111,CTI prepara Encaminhamento,67001.9543024303,start,,0.0,,,,
Patient_111,CTI prepara Encaminhamento,67053.29216492386,complete,,0.0,,,,
Patient_111,Encaminha_Obito,67053.29216492386,complete,,,Obito,67053.29216492386,,
Patient_111,Discharge,67053.29216492386,complete,,,,,,35864.05075209593
Patient_1110,Arrival,395477.48515621485,complete,,0.0,,,,
Patient_1110,Origem_do Pronto Socorro,395477.48515621485,complete,,,do Pronto Socorro,395477.48515621485,,
Patient_1110,CTI (PS),395477.48515621485,start,ctiBeds,0.0,,,,
Patient_1110,CTI (PS),402367.0275988001,complete,ctiBeds,0.0,,,,
Patient_1110,CTI prepara Encaminhamento,402367.0275988001,start,,0.0,,,,
Patient_1110,CTI prepara Encaminhamento,402408.8458648313,complete,,0.0,,,,
Patient_1110,Encaminha_para a Clinica Medica,402408.8458648313,complete,,,para a Clinica Medica,402408.8458648313,,
Patient_1110,Discharge,402408.8458648313,complete,,,,,,6931.360708616441
Patient_1111,Arrival,395714.96125203534,complete,,0.0,,,,
Patient_1111,Origem_do Centro Cirurgico,395714.96125203534,complete,,,do Centro Cirurgico,395714.96125203534,,
Patient_1111,CTI (CC),395714.96125203534,start,ctiBeds,0.0,,,,
Patient_1111,CTI (CC),409565.5453864075,complete,ctiBeds,0.0,,,,
Patient_1111,CTI prepara Encaminhamento,409565.5453864075,start,,0.0,,,,
Patient_1111,CTI prepara Encaminhamento,409595.7438068307,complete,,0.0,,,,
Patient_1111,Encaminha_para a Clinica Cirurgica,409595.7438068307,complete,,,para a Clinica Cirurgica,409595.7438068307,,
Patient_1111,Discharge,409595.7438068307,complete,,,,,,13880.782554795383
Patient_1112,Arrival,396058.02268100047,complete,,0.0,,,,
Patient_1112,Origem_do Centro Cirurgico,396058.02268100047,complete,,,do Centro Cirurgico,396058.02268100047,,
Patient_1112,CTI (CC),396058.02268100047,start,ctiBeds,0.0,,,,
Patient_1112,CTI (CC),396395.7585825623,complete,ctiBeds,0.0,,,,
Patient_1112,CTI prepara Encaminhamento,396395.7585825623,start,,0.0,,,,
Patient_1112,CTI prepara Encaminhamento,396429.68930191145,complete,,0.0,,,,
Patient_1112,Encaminha_Transferencia Externa,396429.68930191145,complete,,,Transferencia Externa,396429.68930191145,,
Patient_1112,Discharge,396429.68930191145,complete,,,,,,371.6666209109826
Patient_1113,Arrival,396302.22758412943,complete,,0.0,,,,
Patient_1113,Origem_do Pronto Socorro,396302.22758412943,complete,,,do Pronto Socorro,396302.22758412943,,
Patient_1113,CTI (PS),396302.22758412943,start,ctiBeds,0.0,,,,
Patient_1113,CTI (PS),416965.6509111242,complete,ctiBeds,0.0,,,,
Patient_1113,CTI prepara Encaminhamento,416965.6509111242,start,,0.0,,,,
Patient_1113,CTI prepara Encaminhamento,417023.10027165205,complete,,0.0,,,,
Patient_1113,Encaminha_para a Clinica Medica,417023.10027165205,complete,,,para a Clinica Medica,417023.10027165205,,
Patient_1113,Discharge,417023.10027165205,complete,,,,,,20720.872687522613
Patient_1114,Arrival,396402.782706338,complete,,0.0,,,,
Patient_1114,Origem_da Clinica Cirurgica,396402.782706338,complete,,,da Clinica Cirurgica,396402.782706338,,
Patient_1114,CTI (CLIC),396402.782706338,start,ctiBeds,0.0,,,,
Patient_1114,CTI (CLIC),403001.33087490575,complete,ctiBeds,0.0,,,,
Patient_1114,CTI prepara Encaminhamento,403001.33087490575,start,,0.0,,,,
Patient_1114,CTI prepara Encaminhamento,403035.5120429497,complete,,0.0,,,,
Patient_1114,Encaminha_para a Clinica Medica,403035.5120429497,complete,,,para a Clinica Medica,403035.5120429497,,
Patient_1114,Discharge,403035.5120429497,complete,,,,,,6632.729336611694
Patient_1115,Arrival,396919.530002529,complete,,0.0,,,,
Patient_1115,Origem_da Clinica Cirurgica,396919.530002529,complete,,,da Clinica Cirurgica,396919.530002529,,
Patient_1115,CTI (CLIC),396919.530002529,start,ctiBeds,0.0,,,,
Patient_1115,CTI (CLIC),422581.80099337787,complete,ctiBeds,0.0,,,,
Patient_1115,CTI prepara Encaminhamento,422581.80099337787,start,,0.0,,,,
Patient_1115,CTI prepara Encaminhamento,422629.3147041778,complete,,0.0,,,,
Patient_1115,Encaminha_Obito,422629.3147041778,complete,,,Obito,422629.3147041778,,
Patient_1115,Discharge,422629.3147041778,complete,,,,,,25709.78470164881
Patient_1116,Arrival,397004.1624123852,complete,,0.0,,,,
Patient_1116,Origem_do Centro Cirurgico,397004.1624123852,complete,,,do Centro Cirurgico,397004.1624123852,,
Patient_1116,CTI (CC),397004.1624123852,start,ctiBeds,0.0,,,,
Patient_1116,CTI (CC),409575.7593905917,complete,ctiBeds,0.0,,,,
Patient_1116,CTI prepara Encaminhamento,409575.7593905917,start,,0.0,,,,
Patient_1116,CTI prepara Encaminhamento,409615.16433663137,complete,,0.0,,,,
Patient_1116,Encaminha_Obito,409615.16433663137,complete,,,Obito,409615.16433663137,,
Patient_1116,Discharge,409615.16433663137,complete,,,,,,12611.001924246142
Patient_1117,Arrival,397262.7971303922,complete,,0.0,,,,
Patient_1117,Origem_do Centro Cirurgico,397262.7971303922,complete,,,do Centro Cirurgico,397262.7971303922,,
Patient_1117,CTI (CC),397262.7971303922,start,ctiBeds,0.0,,,,
Patient_1117,CTI (CC),400111.8783150233,complete,ctiBeds,0.0,,,,
Patient_1117,CTI prepara Encaminhamento,400111.8783150233,start,,0.0,,,,
Patient_1117,CTI prepara Encaminhamento,400147.81907524617,complete,,0.0,,,,
Patient_1117,Encaminha_para a Clinica Cirurgica,400147.81907524617,complete,,,para a Clinica Cirurgica,400147.81907524617,,
Patient_1117,Discharge,400147.81907524617,complete,,,,,,2885.021944853943
Patient_1118,Arrival,397767.8305629599,complete,,0.0,,,,
Patient_1118,Origem_do Centro Cirurgico,397767.8305629599,complete,,,do Centro Cirurgico,397767.8305629599,,
Patient_1118,CTI (CC),397767.8305629599,start,ctiBeds,0.0,,,,
Patient_1118,CTI (CC),400583.75734257995,complete,ctiBeds,0.0,,,,
Patient_1118,CTI prepara Encaminhamento,400583.75734257995,start,,0.0,,,,
Patient_1118,CTI prepara Encaminhamento,400623.4800696775,complete,,0.0,,,,
Patient_1118,Encaminha_para a Clinica Cirurgica,400623.4800696775,complete,,,para a Clinica Cirurgica,400623.4800696775,,
Patient_1118,Discharge,400623.4800696775,complete,,,,,,2855.6495067176293
Patient_1119,Arrival,397990.622210859,complete,,0.0,,,,
Patient_1119,Origem_do Centro Cirurgico,397990.622210859,complete,,,do Centro Cirurgico,397990.622210859,,
Patient_1119,CTI (CC),397990.622210859,start,ctiBeds,0.0,,,,
Patient_1119,CTI (CC),401652.5244276831,complete,ctiBeds,0.0,,,,
Patient_1119,CTI prepara Encaminhamento,401652.5244276831,start,,0.0,,,,
Patient_1119,CTI prepara Encaminhamento,401703.8865626567,complete,,0.0,,,,
Patient_1119,Encaminha_Obito,401703.8865626567,complete,,,Obito,401703.8865626567,,
Patient_1119,Discharge,401703.8865626567,complete,,,,,,3713.264351797756
Patient_112,Arrival,31262.572700924997,complete,,0.0,,,,
Patient_112,Origem_do Centro Cirurgico,31262.572700924997,complete,,,do Centro Cirurgico,31262.572700924997,,
Patient_112,CTI (CC),32339.800603372285,start,ctiBeds,0.0,,,,
Patient_112,CTI (CC),34333.06302810295,complete,ctiBeds,0.0,,,,
Patient_112,CTI prepara Encaminhamento,34333.06302810295,start,,0.0,,,,
Patient_112,CTI prepara Encaminhamento,34364.13559234685,complete,,0.0,,,,
Patient_112,Encaminha_para a Clinica Cirurgica,34364.13559234685,complete,,,para a Clinica Cirurgica,34364.13559234685,,
Patient_112,Discharge,34364.13559234685,complete,,,,,,3101.562891421854
Patient_1120,Arrival,398448.89173687046,complete,,0.0,,,,
Patient_1120,Origem_do Centro Cirurgico,398448.89173687046,complete,,,do Centro Cirurgico,398448.89173687046,,
Patient_1120,CTI (CC),398448.89173687046,start,ctiBeds,0.0,,,,
Patient_1120,CTI (CC),403787.6843974106,complete,ctiBeds,0.0,,,,
Patient_1120,CTI prepara Encaminhamento,403787.6843974106,start,,0.0,,,,
Patient_1120,CTI prepara Encaminhamento,403819.02389097185,complete,,0.0,,,,
Patient_1120,Encaminha_Obito,403819.02389097185,complete,,,Obito,403819.02389097185,,
Patient_1120,Discharge,403819.02389097185,complete,,,,,,5370.1321541013895
Patient_1121,Arrival,398500.94651015353,complete,,0.0,,,,
Patient_1121,Origem_do Centro Cirurgico,398500.94651015353,complete,,,do Centro Cirurgico,398500.94651015353,,
Patient_1121,CTI (CC),398500.94651015353,start,ctiBeds,0.0,,,,
Patient_1121,CTI (CC),401189.9061446615,complete,ctiBeds,0.0,,,,
Patient_1121,CTI prepara Encaminhamento,401189.9061446615,start,,0.0,,,,
Patient_1121,CTI prepara Encaminhamento,401246.5795340539,complete,,0.0,,,,
Patient_1121,Encaminha_para a Clinica Cirurgica,401246.5795340539,complete,,,para a Clinica Cirurgica,401246.5795340539,,
Patient_1121,Discharge,401246.5795340539,complete,,,,,,2745.6330239003873
Patient_1122,Arrival,398592.05950144626,complete,,0.0,,,,
Patient_1122,Origem_do Pronto Socorro,398592.05950144626,complete,,,do Pronto Socorro,398592.05950144626,,
Patient_1122,CTI (PS),398592.05950144626,start,ctiBeds,0.0,,,,
Patient_1122,CTI (PS),402633.5424667549,complete,ctiBeds,0.0,,,,
Patient_1122,CTI prepara Encaminhamento,402633.5424667549,start,,0.0,,,,
Patient_1122,CTI prepara Encaminhamento,402683.93320495397,complete,,0.0,,,,
Patient_1122,Encaminha_para a Clinica Cirurgica,402683.93320495397,complete,,,para a Clinica Cirurgica,402683.93320495397,,
Patient_1122,Discharge,402683.93320495397,complete,,,,,,4091.8737035077065
Patient_1123,Arrival,399308.5050444984,complete,,0.0,,,,
Patient_1123,Origem_do Centro Cirurgico,399308.5050444984,complete,,,do Centro Cirurgico,399308.5050444984,,
Patient_1123,CTI (CC),399308.5050444984,start,ctiBeds,0.0,,,,
Patient_1123,CTI (CC),401243.65764757054,complete,ctiBeds,0.0,,,,
Patient_1123,CTI prepara Encaminhamento,401243.65764757054,start,,0.0,,,,
Patient_1123,CTI prepara Encaminhamento,401291.50626354397,complete,,0.0,,,,
Patient_1123,Encaminha_para a Clinica Medica,401291.50626354397,complete,,,para a Clinica Medica,401291.50626354397,,
Patient_1123,Discharge,401291.50626354397,complete,,,,,,1983.0012190455454
Patient_1124,Arrival,399906.16152704996,complete,,0.0,,,,
Patient_1124,Origem_do Centro Cirurgico,399906.16152704996,complete,,,do Centro Cirurgico,399906.16152704996,,
Patient_1124,CTI (CC),399906.16152704996,start,ctiBeds,0.0,,,,
Patient_1124,CTI (CC),400891.22870376124,complete,ctiBeds,0.0,,,,
Patient_1124,CTI prepara Encaminhamento,400891.22870376124,start,,0.0,,,,
Patient_1124,CTI prepara Encaminhamento,400933.5664254169,complete,,0.0,,,,
Patient_1124,Encaminha_para a Clinica Medica,400933.5664254169,complete,,,para a Clinica Medica,400933.5664254169,,
Patient_1124,Discharge,400933.5664254169,complete,,,,,,1027.404898366949
Patient_1125,Arrival,399925.2437525369,complete,,0.0,,,,
Patient_1125,Origem_do Pronto Socorro,399925.2437525369,complete,,,do Pronto Socorro,399925.2437525369,,
Patient_1125,CTI (PS),399925.2437525369,start,ctiBeds,0.0,,,,
Patient_1125,CTI (PS),416024.8046965204,complete,ctiBeds,0.0,,,,
Patient_1125,CTI prepara Encaminhamento,416024.8046965204,start,,0.0,,,,
Patient_1125,CTI prepara Encaminhamento,416055.64740004437,complete,,0.0,,,,
Patient_1125,Encaminha_para a Clinica Medica,416055.64740004437,complete,,,para a Clinica Medica,416055.64740004437,,
Patient_1125,Discharge,416055.64740004437,complete,,,,,,16130.403647507483
Patient_1126,Arrival,400434.5906140883,complete,,0.0,,,,
Patient_1126,Origem_da Maternidade,400434.5906140883,complete,,,da Maternidade,400434.5906140883,,
Patient_1126,CTI (MAT),400434.5906140883,start,ctiBeds,0.0,,,,
Patient_1126,CTI (MAT),404448.3698209174,complete,ctiBeds,0.0,,,,
Patient_1126,CTI prepara Encaminhamento,404448.3698209174,start,,0.0,,,,
Patient_1126,CTI prepara Encaminhamento,404500.9170054463,complete,,0.0,,,,
Patient_1126,Encaminha_para a Clinica Medica,404500.9170054463,complete,,,para a Clinica Medica,404500.9170054463,,
Patient_1126,Discharge,404500.9170054463,complete,,,,,,4066.3263913579867
Patient_1127,Arrival,400552.4605458293,complete,,0.0,,,,
Patient_1127,Origem_do Pronto Socorro,400552.4605458293,complete,,,do Pronto Socorro,400552.4605458293,,
Patient_1127,CTI (PS),400552.4605458293,start,ctiBeds,0.0,,,,
Patient_1127,CTI (PS),401884.54119382135,complete,ctiBeds,0.0,,,,
Patient_1127,CTI prepara Encaminhamento,401884.54119382135,start,,0.0,,,,
Patient_1127,CTI prepara Encaminhamento,401939.6155031379,complete,,0.0,,,,
Patient_1127,Encaminha_para a Clinica Cirurgica,401939.6155031379,complete,,,para a Clinica Cirurgica,401939.6155031379,,
Patient_1127,Discharge,401939.6155031379,complete,,,,,,1387.1549573085504
Patient_1128,Arrival,400834.3416719992,complete,,0.0,,,,
Patient_1128,Origem_do Centro Cirurgico,400834.3416719992,complete,,,do Centro Cirurgico,400834.3416719992,,
Patient_1128,CTI (CC),400834.3416719992,start,ctiBeds,0.0,,,,
Patient_1128,CTI (CC),443157.2837401378,complete,ctiBeds,0.0,,,,
Patient_1128,CTI prepara Encaminhamento,443157.2837401378,start,,0.0,,,,
Patient_1128,CTI prepara Encaminhamento,443189.68085438584,complete,,0.0,,,,
Patient_1128,Encaminha_Transferencia Externa,443189.68085438584,complete,,,Transferencia Externa,443189.68085438584,,
Patient_1128,Discharge,443189.68085438584,complete,,,,,,42355.33918238664
Patient_1129,Arrival,401211.27029609215,complete,,0.0,,,,
Patient_1129,Origem_do Centro Cirurgico,401211.27029609215,complete,,,do Centro Cirurgico,401211.27029609215,,
Patient_1129,CTI (CC),401211.27029609215,start,ctiBeds,0.0,,,,
Patient_1129,CTI (CC),402037.28318021796,complete,ctiBeds,0.0,,,,
Patient_1129,CTI prepara Encaminhamento,402037.28318021796,start,,0.0,,,,
Patient_1129,CTI prepara Encaminhamento,402070.18262790435,complete,,0.0,,,,
Patient_1129,Encaminha_Obito,402070.18262790435,complete,,,Obito,402070.18262790435,,
Patient_1129,Discharge,402070.18262790435,complete,,,,,,858.9123318122001
Patient_113,Arrival,31611.710410235286,complete,,0.0,,,,
Patient_113,Origem_do Pronto Socorro,31611.710410235286,complete,,,do Pronto Socorro,31611.710410235286,,
Patient_113,CTI (PS),33195.78247995727,start,ctiBeds,0.0,,,,
Patient_113,CTI (PS),39880.658194050266,complete,ctiBeds,0.0,,,,
Patient_113,CTI prepara Encaminhamento,39880.658194050266,start,,0.0,,,,
Patient_113,CTI prepara Encaminhamento,39939.45834681094,complete,,0.0,,,,
Patient_113,Encaminha_para a Clinica Medica,39939.45834681094,complete,,,para a Clinica Medica,39939.45834681094,,
Patient_113,Discharge,39939.45834681094,complete,,,,,,8327.747936575655
Patient_1130,Arrival,401858.24870184326,complete,,0.0,,,,
Patient_1130,Origem_da Clinica Medica,401858.24870184326,complete,,,da Clinica Medica,401858.24870184326,,
Patient_1130,CTI (CLIM),401858.24870184326,start,ctiBeds,0.0,,,,
Patient_1130,CTI (CLIM),410754.8548897627,complete,ctiBeds,0.0,,,,
Patient_1130,CTI prepara Encaminhamento,410754.8548897627,start,,0.0,,,,
Patient_1130,CTI prepara Encaminhamento,410798.5499267455,complete,,0.0,,,,
Patient_1130,Encaminha_para a Clinica Cirurgica,410798.5499267455,complete,,,para a Clinica Cirurgica,410798.5499267455,,
Patient_1130,Discharge,410798.5499267455,complete,,,,,,8940.301224902214
Patient_1131,Arrival,402527.38491784583,complete,,0.0,,,,
Patient_1131,Origem_do Centro Cirurgico,402527.38491784583,complete,,,do Centro Cirurgico,402527.38491784583,,
Patient_1131,CTI (CC),402527.38491784583,start,ctiBeds,0.0,,,,
Patient_1131,CTI (CC),404813.51536484796,complete,ctiBeds,0.0,,,,
Patient_1131,CTI prepara Encaminhamento,404813.51536484796,start,,0.0,,,,
Patient_1131,CTI prepara Encaminhamento,404850.2206162747,complete,,0.0,,,,
Patient_1131,Encaminha_Obito,404850.2206162747,complete,,,Obito,404850.2206162747,,
Patient_1131,Discharge,404850.2206162747,complete,,,,,,2322.835698428855
Patient_1132,Arrival,402550.78423449746,complete,,0.0,,,,
Patient_1132,Origem_do Pronto Socorro,402550.78423449746,complete,,,do Pronto Socorro,402550.78423449746,,
Patient_1132,CTI (PS),402550.78423449746,start,ctiBeds,0.0,,,,
Patient_1132,CTI (PS),412036.17332415306,complete,ctiBeds,0.0,,,,
Patient_1132,CTI prepara Encaminhamento,412036.17332415306,start,,0.0,,,,
Patient_1132,CTI prepara Encaminhamento,412075.11636372854,complete,,0.0,,,,
Patient_1132,Encaminha_para a Clinica Cirurgica,412075.11636372854,complete,,,para a Clinica Cirurgica,412075.11636372854,,
Patient_1132,Discharge,412075.11636372854,complete,,,,,,9524.332129231072
Patient_1133,Arrival,402670.1430167577,complete,,0.0,,,,
Patient_1133,Origem_do Pronto Socorro,402670.1430167577,complete,,,do Pronto Socorro,402670.1430167577,,
Patient_1133,CTI (PS),402670.1430167577,start,ctiBeds,0.0,,,,
Patient_1133,CTI (PS),443414.06221316557,complete,ctiBeds,0.0,,,,
Patient_1133,CTI prepara Encaminhamento,443414.06221316557,start,,0.0,,,,
Patient_1133,CTI prepara Encaminhamento,443463.50501110364,complete,,0.0,,,,
Patient_1133,Encaminha_para a Clinica Cirurgica,443463.50501110364,complete,,,para a Clinica Cirurgica,443463.50501110364,,
Patient_1133,Discharge,443463.50501110364,complete,,,,,,40793.36199434596
Patient_1134,Arrival,403916.03001292906,complete,,0.0,,,,
Patient_1134,Origem_do Centro Cirurgico,403916.03001292906,complete,,,do Centro Cirurgico,403916.03001292906,,
Patient_1134,CTI (CC),403916.03001292906,start,ctiBeds,0.0,,,,
Patient_1134,CTI (CC),405724.315958289,complete,ctiBeds,0.0,,,,
Patient_1134,CTI prepara Encaminhamento,405724.315958289,start,,0.0,,,,
Patient_1134,CTI prepara Encaminhamento,405768.67883265635,complete,,0.0,,,,
Patient_1134,Encaminha_Transferencia Externa,405768.67883265635,complete,,,Transferencia Externa,405768.67883265635,,
Patient_1134,Discharge,405768.67883265635,complete,,,,,,1852.6488197272993
Patient_1135,Arrival,404013.00303516514,complete,,0.0,,,,
Patient_1135,Origem_do Centro Cirurgico,404013.00303516514,complete,,,do Centro Cirurgico,404013.00303516514,,
Patient_1135,CTI (CC),404013.00303516514,start,ctiBeds,0.0,,,,
Patient_1135,CTI (CC),414305.265691109,complete,ctiBeds,0.0,,,,
Patient_1135,CTI prepara Encaminhamento,414305.265691109,start,,0.0,,,,
Patient_1135,CTI prepara Encaminhamento,414336.99153888103,complete,,0.0,,,,
Patient_1135,Encaminha_para a Clinica Cirurgica,414336.99153888103,complete,,,para a Clinica Cirurgica,414336.99153888103,,
Patient_1135,Discharge,414336.99153888103,complete,,,,,,10323.988503715897
Patient_1136,Arrival,404086.68719398393,complete,,0.0,,,,
Patient_1136,Origem_do Centro Cirurgico,404086.68719398393,complete,,,do Centro Cirurgico,404086.68719398393,,
Patient_1136,CTI (CC),404086.68719398393,start,ctiBeds,0.0,,,,
Patient_1136,CTI (CC),412561.30250124226,complete,ctiBeds,0.0,,,,
Patient_1136,CTI prepara Encaminhamento,412561.30250124226,start,,0.0,,,,
Patient_1136,CTI prepara Encaminhamento,412593.3989511829,complete,,0.0,,,,
Patient_1136,Encaminha_Obito,412593.3989511829,complete,,,Obito,412593.3989511829,,
Patient_1136,Discharge,412593.3989511829,complete,,,,,,8506.711757198966
Patient_1137,Arrival,404216.1033533745,complete,,0.0,,,,
Patient_1137,Origem_do Pronto Socorro,404216.1033533745,complete,,,do Pronto Socorro,404216.1033533745,,
Patient_1137,CTI (PS),404216.1033533745,start,ctiBeds,0.0,,,,
Patient_1137,CTI (PS),414803.25641048996,complete,ctiBeds,0.0,,,,
Patient_1137,CTI prepara Encaminhamento,414803.25641048996,start,,0.0,,,,
Patient_1137,CTI prepara Encaminhamento,414838.3059655436,complete,,0.0,,,,
Patient_1137,Encaminha_para a Clinica Medica,414838.3059655436,complete,,,para a Clinica Medica,414838.3059655436,,
Patient_1137,Discharge,414838.3059655436,complete,,,,,,10622.202612169087
Patient_1138,Arrival,405228.3913876573,complete,,0.0,,,,
Patient_1138,Origem_da Maternidade,405228.3913876573,complete,,,da Maternidade,405228.3913876573,,
Patient_1138,CTI (MAT),405228.3913876573,start,ctiBeds,0.0,,,,
Patient_1138,CTI (MAT),407156.8466782127,complete,ctiBeds,0.0,,,,
Patient_1138,CTI prepara Encaminhamento,407156.8466782127,start,,0.0,,,,
Patient_1138,CTI prepara Encaminhamento,407198.2770256691,complete,,0.0,,,,
Patient_1138,Encaminha_para a Clinica Medica,407198.2770256691,complete,,,para a Clinica Medica,407198.2770256691,,
Patient_1138,Discharge,407198.2770256691,complete,,,,,,1969.885638011794
Patient_1139,Arrival,405642.2395989089,complete,,0.0,,,,
Patient_1139,Origem_do Centro Cirurgico,405642.2395989089,complete,,,do Centro Cirurgico,405642.2395989089,,
Patient_1139,CTI (CC),405642.2395989089,start,ctiBeds,0.0,,,,
Patient_1139,CTI (CC),421370.8293157922,complete,ctiBeds,0.0,,,,
Patient_1139,CTI prepara Encaminhamento,421370.8293157922,start,,0.0,,,,
Patient_1139,CTI prepara Encaminhamento,421407.33986191754,complete,,0.0,,,,
Patient_1139,Encaminha_para a Clinica Medica,421407.33986191754,complete,,,para a Clinica Medica,421407.33986191754,,
Patient_1139,Discharge,421407.33986191754,complete,,,,,,15765.100263008615
Patient_114,Arrival,32059.80750333594,complete,,0.0,,,,
Patient_114,Origem_do Pronto Socorro,32059.80750333594,complete,,,do Pronto Socorro,32059.80750333594,,
Patient_114,CTI (PS),33631.68148518167,start,ctiBeds,0.0,,,,
Patient_114,CTI (PS),34726.25647029455,complete,ctiBeds,0.0,,,,
Patient_114,CTI prepara Encaminhamento,34726.25647029455,start,,0.0,,,,
Patient_114,CTI prepara Encaminhamento,34786.16598401213,complete,,0.0,,,,
Patient_114,Encaminha_Transferencia Externa,34786.16598401213,complete,,,Transferencia Externa,34786.16598401213,,
Patient_114,Discharge,34786.16598401213,complete,,,,,,2726.35848067619
Patient_1140,Arrival,405901.2912580482,complete,,0.0,,,,
Patient_1140,Origem_do Centro Cirurgico,405901.2912580482,complete,,,do Centro Cirurgico,405901.2912580482,,
Patient_1140,CTI (CC),405901.2912580482,start,ctiBeds,0.0,,,,
Patient_1140,CTI (CC),415716.87126826314,complete,ctiBeds,0.0,,,,
Patient_1140,CTI prepara Encaminhamento,415716.87126826314,start,,0.0,,,,
Patient_1140,CTI prepara Encaminhamento,415776.37740534,complete,,0.0,,,,
Patient_1140,Encaminha_para a Clinica Medica,415776.37740534,complete,,,para a Clinica Medica,415776.37740534,,
Patient_1140,Discharge,415776.37740534,complete,,,,,,9875.086147291819
Patient_1141,Arrival,406147.76584653376,complete,,0.0,,,,
Patient_1141,Origem_do Centro Cirurgico,406147.76584653376,complete,,,do Centro Cirurgico,406147.76584653376,,
Patient_1141,CTI (CC),406147.76584653376,start,ctiBeds,0.0,,,,
Patient_1141,CTI (CC),407764.7253640727,complete,ctiBeds,0.0,,,,
Patient_1141,CTI prepara Encaminhamento,407764.7253640727,start,,0.0,,,,
Patient_1141,CTI prepara Encaminhamento,407803.008887285,complete,,0.0,,,,
Patient_1141,Encaminha_Obito,407803.008887285,complete,,,Obito,407803.008887285,,
Patient_1141,Discharge,407803.008887285,complete,,,,,,1655.2430407512584
Patient_1142,Arrival,406919.54364681244,complete,,0.0,,,,
Patient_1142,Origem_do Centro Cirurgico,406919.54364681244,complete,,,do Centro Cirurgico,406919.54364681244,,
Patient_1142,CTI (CC),406919.54364681244,start,ctiBeds,0.0,,,,
Patient_1142,CTI (CC),409879.22593476577,complete,ctiBeds,0.0,,,,
Patient_1142,CTI prepara Encaminhamento,409879.22593476577,start,,0.0,,,,
Patient_1142,CTI prepara Encaminhamento,409931.4766665217,complete,,0.0,,,,
Patient_1142,Encaminha_para a Clinica Medica,409931.4766665217,complete,,,para a Clinica Medica,409931.4766665217,,
Patient_1142,Discharge,409931.4766665217,complete,,,,,,3011.9330197092495
Patient_1143,Arrival,406926.46306335856,complete,,0.0,,,,
Patient_1143,Origem_do Centro Cirurgico,406926.46306335856,complete,,,do Centro Cirurgico,406926.46306335856,,
Patient_1143,CTI (CC),406926.46306335856,start,ctiBeds,0.0,,,,
Patient_1143,CTI (CC),419369.8410739731,complete,ctiBeds,0.0,,,,
Patient_1143,CTI prepara Encaminhamento,419369.8410739731,start,,0.0,,,,
Patient_1143,CTI prepara Encaminhamento,419425.0863794457,complete,,0.0,,,,
Patient_1143,Encaminha_para a Clinica Medica,419425.0863794457,complete,,,para a Clinica Medica,419425.0863794457,,
Patient_1143,Discharge,419425.0863794457,complete,,,,,,12498.62331608712
Patient_1144,Arrival,407343.33800183854,complete,,0.0,,,,
Patient_1144,Origem_do Centro Cirurgico,407343.33800183854,complete,,,do Centro Cirurgico,407343.33800183854,,
Patient_1144,CTI (CC),407343.33800183854,start,ctiBeds,0.0,,,,
Patient_1144,CTI (CC),409963.0444285087,complete,ctiBeds,0.0,,,,
Patient_1144,CTI prepara Encaminhamento,409963.0444285087,start,,0.0,,,,
Patient_1144,CTI prepara Encaminhamento,410021.10930540663,complete,,0.0,,,,
Patient_1144,Encaminha_Obito,410021.10930540663,complete,,,Obito,410021.10930540663,,
Patient_1144,Discharge,410021.10930540663,complete,,,,,,2677.7713035680936
Patient_1145,Arrival,407465.4554146682,complete,,0.0,,,,
Patient_1145,Origem_do Pronto Socorro,407465.4554146682,complete,,,do Pronto Socorro,407465.4554146682,,
Patient_1145,CTI (PS),407465.4554146682,start,ctiBeds,0.0,,,,
Patient_1145,CTI (PS),419205.5434967395,complete,ctiBeds,0.0,,,,
Patient_1145,CTI prepara Encaminhamento,419205.5434967395,start,,0.0,,,,
Patient_1145,CTI prepara Encaminhamento,419254.81890735147,complete,,0.0,,,,
Patient_1145,Encaminha_para a Clinica Cirurgica,419254.81890735147,complete,,,para a Clinica Cirurgica,419254.81890735147,,
Patient_1145,Discharge,419254.81890735147,complete,,,,,,11789.363492683275
Patient_1146,Arrival,407690.75781361473,complete,,0.0,,,,
Patient_1146,Origem_do Centro Cirurgico,407690.75781361473,complete,,,do Centro Cirurgico,407690.75781361473,,
Patient_1146,CTI (CC),407690.75781361473,start,ctiBeds,0.0,,,,
Patient_1146,CTI (CC),417508.6590982631,complete,ctiBeds,0.0,,,,
Patient_1146,CTI prepara Encaminhamento,417508.6590982631,start,,0.0,,,,
Patient_1146,CTI prepara Encaminhamento,417548.6054999324,complete,,0.0,,,,
Patient_1146,Encaminha_para a Clinica Cirurgica,417548.6054999324,complete,,,para a Clinica Cirurgica,417548.6054999324,,
Patient_1146,Discharge,417548.6054999324,complete,,,,,,9857.847686317691
Patient_1147,Arrival,407873.1274898116,complete,,0.0,,,,
Patient_1147,Origem_do Centro Cirurgico,407873.1274898116,complete,,,do Centro Cirurgico,407873.1274898116,,
Patient_1147,CTI (CC),407873.1274898116,start,ctiBeds,0.0,,,,
Patient_1147,CTI (CC),410268.7728691505,complete,ctiBeds,0.0,,,,
Patient_1147,CTI prepara Encaminhamento,410268.7728691505,start,,0.0,,,,
Patient_1147,CTI prepara Encaminhamento,410310.9083745654,complete,,0.0,,,,
Patient_1147,Encaminha_Transferencia Externa,410310.9083745654,complete,,,Transferencia Externa,410310.9083745654,,
Patient_1147,Discharge,410310.9083745654,complete,,,,,,2437.7808847537963
Patient_1148,Arrival,408068.7451933173,complete,,0.0,,,,
Patient_1148,Origem_do Pronto Socorro,408068.7451933173,complete,,,do Pronto Socorro,408068.7451933173,,
Patient_1148,CTI (PS),408068.7451933173,start,ctiBeds,0.0,,,,
Patient_1148,CTI (PS),424900.060536652,complete,ctiBeds,0.0,,,,
Patient_1148,CTI prepara Encaminhamento,424900.060536652,start,,0.0,,,,
Patient_1148,CTI prepara Encaminhamento,424959.443494294,complete,,0.0,,,,
Patient_1148,Encaminha_para a Maternidade,424959.443494294,complete,,,para a Maternidade,424959.443494294,,
Patient_1148,Discharge,424959.443494294,complete,,,,,,16890.698300976714
Patient_1149,Arrival,408283.95576950494,complete,,0.0,,,,
Patient_1149,Origem_do Pronto Socorro,408283.95576950494,complete,,,do Pronto Socorro,408283.95576950494,,
Patient_1149,CTI (PS),408283.95576950494,start,ctiBeds,0.0,,,,
Patient_1149,CTI (PS),410590.1628847677,complete,ctiBeds,0.0,,,,
Patient_1149,CTI prepara Encaminhamento,410590.1628847677,start,,0.0,,,,
Patient_1149,CTI prepara Encaminhamento,410640.3235632794,complete,,0.0,,,,
Patient_1149,Encaminha_para a Clinica Cirurgica,410640.3235632794,complete,,,para a Clinica Cirurgica,410640.3235632794,,
Patient_1149,Discharge,410640.3235632794,complete,,,,,,2356.367793774465
Patient_115,Arrival,32079.155400718726,complete,,0.0,,,,
Patient_115,Origem_do Centro Cirurgico,32079.155400718726,complete,,,do Centro Cirurgico,32079.155400718726,,
Patient_115,CTI (CC),33740.23366584491,start,ctiBeds,0.0,,,,
Patient_115,CTI (CC),34130.85213191887,complete,ctiBeds,0.0,,,,
Patient_115,CTI prepara Encaminhamento,34130.85213191887,start,,0.0,,,,
Patient_115,CTI prepara Encaminhamento,34177.42367758871,complete,,0.0,,,,
Patient_115,Encaminha_para a Clinica Medica,34177.42367758871,complete,,,para a Clinica Medica,34177.42367758871,,
Patient_115,Discharge,34177.42367758871,complete,,,,,,2098.268276869985
Patient_1150,Arrival,408338.2833212736,complete,,0.0,,,,
Patient_1150,Origem_do Centro Cirurgico,408338.2833212736,complete,,,do Centro Cirurgico,408338.2833212736,,
Patient_1150,CTI (CC),408338.2833212736,start,ctiBeds,0.0,,,,
Patient_1150,CTI (CC),410354.2064902276,complete,ctiBeds,0.0,,,,
Patient_1150,CTI prepara Encaminhamento,410354.2064902276,start,,0.0,,,,
Patient_1150,CTI prepara Encaminhamento,410393.89212347165,complete,,0.0,,,,
Patient_1150,Encaminha_para a Clinica Medica,410393.89212347165,complete,,,para a Clinica Medica,410393.89212347165,,
Patient_1150,Discharge,410393.89212347165,complete,,,,,,2055.608802198083
Patient_1151,Arrival,409798.74972084054,complete,,0.0,,,,
Patient_1151,Origem_da Clinica Cirurgica,409798.74972084054,complete,,,da Clinica Cirurgica,409798.74972084054,,
Patient_1151,CTI (CLIC),409798.74972084054,start,ctiBeds,0.0,,,,
Patient_1151,CTI (CLIC),412003.05790898995,complete,ctiBeds,0.0,,,,
Patient_1151,CTI prepara Encaminhamento,412003.05790898995,start,,0.0,,,,
Patient_1151,CTI prepara Encaminhamento,412057.3682936011,complete,,0.0,,,,
Patient_1151,Encaminha_para a Clinica Cirurgica,412057.3682936011,complete,,,para a Clinica Cirurgica,412057.3682936011,,
Patient_1151,Discharge,412057.3682936011,complete,,,,,,2258.618572760548
Patient_1152,Arrival,410191.6992885291,complete,,0.0,,,,
Patient_1152,Origem_do Centro Cirurgico,410191.6992885291,complete,,,do Centro Cirurgico,410191.6992885291,,
Patient_1152,CTI (CC),410191.6992885291,start,ctiBeds,0.0,,,,
Patient_1152,CTI (CC),417011.2143687212,complete,ctiBeds,0.0,,,,
Patient_1152,CTI prepara Encaminhamento,417011.2143687212,start,,0.0,,,,
Patient_1152,CTI prepara Encaminhamento,417061.5758336111,complete,,0.0,,,,
Patient_1152,Encaminha_para a Clinica Medica,417061.5758336111,complete,,,para a Clinica Medica,417061.5758336111,,
Patient_1152,Discharge,417061.5758336111,complete,,,,,,6869.876545081963
Patient_1153,Arrival,410553.9129018622,complete,,0.0,,,,
Patient_1153,Origem_do Centro Cirurgico,410553.9129018622,complete,,,do Centro Cirurgico,410553.9129018622,,
Patient_1153,CTI (CC),410553.9129018622,start,ctiBeds,0.0,,,,
Patient_1153,CTI (CC),412917.5298535989,complete,ctiBeds,0.0,,,,
Patient_1153,CTI prepara Encaminhamento,412917.5298535989,start,,0.0,,,,
Patient_1153,CTI prepara Encaminhamento,412972.54106008314,complete,,0.0,,,,
Patient_1153,Encaminha_Obito,412972.54106008314,complete,,,Obito,412972.54106008314,,
Patient_1153,Discharge,412972.54106008314,complete,,,,,,2418.628158220963
Patient_1154,Arrival,411160.33419335686,complete,,0.0,,,,
Patient_1154,Origem_do Pronto Socorro,411160.33419335686,complete,,,do Pronto Socorro,411160.33419335686,,
Patient_1154,CTI (PS),411160.33419335686,start,ctiBeds,0.0,,,,
Patient_1154,CTI (PS),415731.3754920615,complete,ctiBeds,0.0,,,,
Patient_1154,CTI prepara Encaminhamento,415731.3754920615,start,,0.0,,,,
Patient_1154,CTI prepara Encaminhamento,415787.70848312514,complete,,0.0,,,,
Patient_1154,Encaminha_Obito,415787.70848312514,complete,,,Obito,415787.70848312514,,
Patient_1154,Discharge,415787.70848312514,complete,,,,,,4627.374289768282
Patient_1155,Arrival,411441.62715822284,complete,,0.0,,,,
Patient_1155,Origem_do Pronto Socorro,411441.62715822284,complete,,,do Pronto Socorro,411441.62715822284,,
Patient_1155,CTI (PS),411441.62715822284,start,ctiBeds,0.0,,,,
Patient_1155,CTI (PS),411566.67599667725,complete,ctiBeds,0.0,,,,
Patient_1155,CTI prepara Encaminhamento,411566.67599667725,start,,0.0,,,,
Patient_1155,CTI prepara Encaminhamento,411607.38395903015,complete,,0.0,,,,
Patient_1155,Encaminha_para a Clinica Medica,411607.38395903015,complete,,,para a Clinica Medica,411607.38395903015,,
Patient_1155,Discharge,411607.38395903015,complete,,,,,,165.756800807314
Patient_1156,Arrival,412139.6778907096,complete,,0.0,,,,
Patient_1156,Origem_da Clinica Medica,412139.6778907096,complete,,,da Clinica Medica,412139.6778907096,,
Patient_1156,CTI (CLIM),412139.6778907096,start,ctiBeds,0.0,,,,
Patient_1156,CTI (CLIM),467692.1895278072,complete,ctiBeds,0.0,,,,
Patient_1156,CTI prepara Encaminhamento,467692.1895278072,start,,0.0,,,,
Patient_1156,CTI prepara Encaminhamento,467743.97326415445,complete,,0.0,,,,
Patient_1156,Encaminha_para a Clinica Cirurgica,467743.97326415445,complete,,,para a Clinica Cirurgica,467743.97326415445,,
Patient_1156,Discharge,467743.97326415445,complete,,,,,,55604.29537344485
Patient_1157,Arrival,412401.9043422881,complete,,0.0,,,,
Patient_1157,Origem_do Pronto Socorro,412401.9043422881,complete,,,do Pronto Socorro,412401.9043422881,,
Patient_1157,CTI (PS),412401.9043422881,start,ctiBeds,0.0,,,,
Patient_1157,CTI (PS),414973.1288213572,complete,ctiBeds,0.0,,,,
Patient_1157,CTI prepara Encaminhamento,414973.1288213572,start,,0.0,,,,
Patient_1157,CTI prepara Encaminhamento,415018.1526057227,complete,,0.0,,,,
Patient_1157,Encaminha_para a Clinica Cirurgica,415018.1526057227,complete,,,para a Clinica Cirurgica,415018.1526057227,,
Patient_1157,Discharge,415018.1526057227,complete,,,,,,2616.2482634346234
Patient_1158,Arrival,412630.8776211409,complete,,0.0,,,,
Patient_1158,Origem_do Centro Cirurgico,412630.8776211409,complete,,,do Centro Cirurgico,412630.8776211409,,
Patient_1158,CTI (CC),412630.8776211409,start,ctiBeds,0.0,,,,
Patient_1158,CTI (CC),416073.3950303388,complete,ctiBeds,0.0,,,,
Patient_1158,CTI prepara Encaminhamento,416073.3950303388,start,,0.0,,,,
Patient_1158,CTI prepara Encaminhamento,416126.7314455059,complete,,0.0,,,,
Patient_1158,Encaminha_para a Clinica Cirurgica,416126.7314455059,complete,,,para a Clinica Cirurgica,416126.7314455059,,
Patient_1158,Discharge,416126.7314455059,complete,,,,,,3495.853824365011
Patient_1159,Arrival,413068.8960002893,complete,,0.0,,,,
Patient_1159,Origem_do Pronto Socorro,413068.8960002893,complete,,,do Pronto Socorro,413068.8960002893,,
Patient_1159,CTI (PS),413068.8960002893,start,ctiBeds,0.0,,,,
Patient_1159,CTI (PS),417030.21466052125,complete,ctiBeds,0.0,,,,
Patient_1159,CTI prepara Encaminhamento,417030.21466052125,start,,0.0,,,,
Patient_1159,CTI prepara Encaminhamento,417087.87599446153,complete,,0.0,,,,
Patient_1159,Encaminha_para a Clinica Medica,417087.87599446153,complete,,,para a Clinica Medica,417087.87599446153,,
Patient_1159,Discharge,417087.87599446153,complete,,,,,,4018.9799941722304
Patient_116,Arrival,32620.064445777385,complete,,0.0,,,,
Patient_116,Origem_da Clinica Cirurgica,32620.064445777385,complete,,,da Clinica Cirurgica,32620.064445777385,,
Patient_116,CTI (CLIC),34130.85213191887,start,ctiBeds,0.0,,,,
Patient_116,CTI (CLIC),39074.96354215094,complete,ctiBeds,0.0,,,,
Patient_116,CTI prepara Encaminhamento,39074.96354215094,start,,0.0,,,,
Patient_116,CTI prepara Encaminhamento,39116.62134474321,complete,,0.0,,,,
Patient_116,Encaminha_para a Clinica Medica,39116.62134474321,complete,,,para a Clinica Medica,39116.62134474321,,
Patient_116,Discharge,39116.62134474321,complete,,,,,,6496.556898965824
Patient_1160,Arrival,413344.2172813167,complete,,0.0,,,,
Patient_1160,Origem_do Pronto Socorro,413344.2172813167,complete,,,do Pronto Socorro,413344.2172813167,,
Patient_1160,CTI (PS),413344.2172813167,start,ctiBeds,0.0,,,,
Patient_1160,CTI (PS),430149.307777187,complete,ctiBeds,0.0,,,,
Patient_1160,CTI prepara Encaminhamento,430149.307777187,start,,0.0,,,,
Patient_1160,CTI prepara Encaminhamento,430181.552930917,complete,,0.0,,,,
Patient_1160,Encaminha_para a Clinica Cirurgica,430181.552930917,complete,,,para a Clinica Cirurgica,430181.552930917,,
Patient_1160,Discharge,430181.552930917,complete,,,,,,16837.33564960031
Patient_1161,Arrival,414271.28361303464,complete,,0.0,,,,
Patient_1161,Origem_do Centro Cirurgico,414271.28361303464,complete,,,do Centro Cirurgico,414271.28361303464,,
Patient_1161,CTI (CC),414271.28361303464,start,ctiBeds,0.0,,,,
Patient_1161,CTI (CC),423145.2314134773,complete,ctiBeds,0.0,,,,
Patient_1161,CTI prepara Encaminhamento,423145.2314134773,start,,0.0,,,,
Patient_1161,CTI prepara Encaminhamento,423192.7432897259,complete,,0.0,,,,
Patient_1161,Encaminha_para a Clinica Medica,423192.7432897259,complete,,,para a Clinica Medica,423192.7432897259,,
Patient_1161,Discharge,423192.7432897259,complete,,,,,,8921.459676691273
Patient_1162,Arrival,414938.4944257559,complete,,0.0,,,,
Patient_1162,Origem_do Pronto Socorro,414938.4944257559,complete,,,do Pronto Socorro,414938.4944257559,,
Patient_1162,CTI (PS),414938.4944257559,start,ctiBeds,0.0,,,,
Patient_1162,CTI (PS),421163.22451317566,complete,ctiBeds,0.0,,,,
Patient_1162,CTI prepara Encaminhamento,421163.22451317566,start,,0.0,,,,
Patient_1162,CTI prepara Encaminhamento,421221.60554768256,complete,,0.0,,,,
Patient_1162,Encaminha_para a Clinica Cirurgica,421221.60554768256,complete,,,para a Clinica Cirurgica,421221.60554768256,,
Patient_1162,Discharge,421221.60554768256,complete,,,,,,6283.111121926631
Patient_1163,Arrival,415183.64611394884,complete,,0.0,,,,
Patient_1163,Origem_do Pronto Socorro,415183.64611394884,complete,,,do Pronto Socorro,415183.64611394884,,
Patient_1163,CTI (PS),415183.64611394884,start,ctiBeds,0.0,,,,
Patient_1163,CTI (PS),431822.22670795646,complete,ctiBeds,0.0,,,,
Patient_1163,CTI prepara Encaminhamento,431822.22670795646,start,,0.0,,,,
Patient_1163,CTI prepara Encaminhamento,431855.6004114134,complete,,0.0,,,,
Patient_1163,Encaminha_Obito,431855.6004114134,complete,,,Obito,431855.6004114134,,
Patient_1163,Discharge,431855.6004114134,complete,,,,,,16671.954297464574
Patient_1164,Arrival,415277.4261663211,complete,,0.0,,,,
Patient_1164,Origem_do Centro Cirurgico,415277.4261663211,complete,,,do Centro Cirurgico,415277.4261663211,,
Patient_1164,CTI (CC),415277.4261663211,start,ctiBeds,0.0,,,,
Patient_1164,CTI (CC),415399.39063454163,complete,ctiBeds,0.0,,,,
Patient_1164,CTI prepara Encaminhamento,415399.39063454163,start,,0.0,,,,
Patient_1164,CTI prepara Encaminhamento,415433.3949175529,complete,,0.0,,,,
Patient_1164,Encaminha_para a Clinica Medica,415433.3949175529,complete,,,para a Clinica Medica,415433.3949175529,,
Patient_1164,Discharge,415433.3949175529,complete,,,,,,155.96875123179052
Patient_1165,Arrival,415998.4708858323,complete,,0.0,,,,
Patient_1165,Origem_do Centro Cirurgico,415998.4708858323,complete,,,do Centro Cirurgico,415998.4708858323,,
Patient_1165,CTI (CC),415998.4708858323,start,ctiBeds,0.0,,,,
Patient_1165,CTI (CC),423742.8028619095,complete,ctiBeds,0.0,,,,
Patient_1165,CTI prepara Encaminhamento,423742.8028619095,start,,0.0,,,,
Patient_1165,CTI prepara Encaminhamento,423796.6280325772,complete,,0.0,,,,
Patient_1165,Encaminha_Obito,423796.6280325772,complete,,,Obito,423796.6280325772,,
Patient_1165,Discharge,423796.6280325772,complete,,,,,,7798.157146744896
Patient_1166,Arrival,416174.7087939899,complete,,0.0,,,,
Patient_1166,Origem_do Pronto Socorro,416174.7087939899,complete,,,do Pronto Socorro,416174.7087939899,,
Patient_1166,CTI (PS),416174.7087939899,start,ctiBeds,0.0,,,,
Patient_1166,CTI (PS),437495.23468129797,complete,ctiBeds,0.0,,,,
Patient_1166,CTI prepara Encaminhamento,437495.23468129797,start,,0.0,,,,
Patient_1166,CTI prepara Encaminhamento,437534.8188263198,complete,,0.0,,,,
Patient_1166,Encaminha_Obito,437534.8188263198,complete,,,Obito,437534.8188263198,,
Patient_1166,Discharge,437534.8188263198,complete,,,,,,21360.110032329918
Patient_1167,Arrival,416504.42538813024,complete,,0.0,,,,
Patient_1167,Origem_do Centro Cirurgico,416504.42538813024,complete,,,do Centro Cirurgico,416504.42538813024,,
Patient_1167,CTI (CC),416504.42538813024,start,ctiBeds,0.0,,,,
Patient_1167,CTI (CC),458477.9660629046,complete,ctiBeds,0.0,,,,
Patient_1167,CTI prepara Encaminhamento,458477.9660629046,start,,0.0,,,,
Patient_1167,CTI prepara Encaminhamento,458510.61987427995,complete,,0.0,,,,
Patient_1167,Encaminha_para o Centro Cirurgico,458510.61987427995,complete,,,para o Centro Cirurgico,458510.61987427995,,
Patient_1167,Discharge,458510.61987427995,complete,,,,,,42006.1944861497
Patient_1168,Arrival,416698.2074514299,complete,,0.0,,,,
Patient_1168,Origem_do Pronto Socorro,416698.2074514299,complete,,,do Pronto Socorro,416698.2074514299,,
Patient_1168,CTI (PS),416698.2074514299,start,ctiBeds,0.0,,,,
Patient_1168,CTI (PS),422584.29532994964,complete,ctiBeds,0.0,,,,
Patient_1168,CTI prepara Encaminhamento,422584.29532994964,start,,0.0,,,,
Patient_1168,CTI prepara Encaminhamento,422628.83897295955,complete,,0.0,,,,
Patient_1168,Encaminha_para a Clinica Cirurgica,422628.83897295955,complete,,,para a Clinica Cirurgica,422628.83897295955,,
Patient_1168,Discharge,422628.83897295955,complete,,,,,,5930.6315215296345
Patient_1169,Arrival,417388.3331536526,complete,,0.0,,,,
Patient_1169,Origem_do Pronto Socorro,417388.3331536526,complete,,,do Pronto Socorro,417388.3331536526,,
Patient_1169,CTI (PS),417388.3331536526,start,ctiBeds,0.0,,,,
Patient_1169,CTI (PS),421697.91424979246,complete,ctiBeds,0.0,,,,
Patient_1169,CTI prepara Encaminhamento,421697.91424979246,start,,0.0,,,,
Patient_1169,CTI prepara Encaminhamento,421738.80575568747,complete,,0.0,,,,
Patient_1169,Encaminha_para a Clinica Cirurgica,421738.80575568747,complete,,,para a Clinica Cirurgica,421738.80575568747,,
Patient_1169,Discharge,421738.80575568747,complete,,,,,,4350.472602034861
Patient_117,Arrival,32758.52452220652,complete,,0.0,,,,
Patient_117,Origem_do Pronto Socorro,32758.52452220652,complete,,,do Pronto Socorro,32758.52452220652,,
Patient_117,CTI (PS),34304.87115760462,start,ctiBeds,0.0,,,,
Patient_117,CTI (PS),55754.68019750668,complete,ctiBeds,0.0,,,,
Patient_117,CTI prepara Encaminhamento,55754.68019750668,start,,0.0,,,,
Patient_117,CTI prepara Encaminhamento,55808.54877239591,complete,,0.0,,,,
Patient_117,Encaminha_para a Clinica Cirurgica,55808.54877239591,complete,,,para a Clinica Cirurgica,55808.54877239591,,
Patient_117,Discharge,55808.54877239591,complete,,,,,,23050.024250189388
Patient_1170,Arrival,417476.41715501435,complete,,0.0,,,,
Patient_1170,Origem_do Centro Cirurgico,417476.41715501435,complete,,,do Centro Cirurgico,417476.41715501435,,
Patient_1170,CTI (CC),417476.41715501435,start,ctiBeds,0.0,,,,
Patient_1170,CTI (CC),431779.7961609053,complete,ctiBeds,0.0,,,,
Patient_1170,CTI prepara Encaminhamento,431779.7961609053,start,,0.0,,,,
Patient_1170,CTI prepara Encaminhamento,431828.7634393103,complete,,0.0,,,,
Patient_1170,Encaminha_para a Clinica Medica,431828.7634393103,complete,,,para a Clinica Medica,431828.7634393103,,
Patient_1170,Discharge,431828.7634393103,complete,,,,,,14352.346284295956
Patient_1171,Arrival,417695.0512483026,complete,,0.0,,,,
Patient_1171,Origem_do Centro Cirurgico,417695.0512483026,complete,,,do Centro Cirurgico,417695.0512483026,,
Patient_1171,CTI (CC),417695.0512483026,start,ctiBeds,0.0,,,,
Patient_1171,CTI (CC),422583.85637107276,complete,ctiBeds,0.0,,,,
Patient_1171,CTI prepara Encaminhamento,422583.85637107276,start,,0.0,,,,
Patient_1171,CTI prepara Encaminhamento,422639.2101314744,complete,,0.0,,,,
Patient_1171,Encaminha_Obito,422639.2101314744,complete,,,Obito,422639.2101314744,,
Patient_1171,Discharge,422639.2101314744,complete,,,,,,4944.158883171796
Patient_1172,Arrival,417818.5022614859,complete,,0.0,,,,
Patient_1172,Origem_do Centro Cirurgico,417818.5022614859,complete,,,do Centro Cirurgico,417818.5022614859,,
Patient_1172,CTI (CC),417818.5022614859,start,ctiBeds,0.0,,,,
Patient_1172,CTI (CC),417988.96681111626,complete,ctiBeds,0.0,,,,
Patient_1172,CTI prepara Encaminhamento,417988.96681111626,start,,0.0,,,,
Patient_1172,CTI prepara Encaminhamento,418029.5861071749,complete,,0.0,,,,
Patient_1172,Encaminha_para a Clinica Medica,418029.5861071749,complete,,,para a Clinica Medica,418029.5861071749,,
Patient_1172,Discharge,418029.5861071749,complete,,,,,,211.08384568901965
Patient_1173,Arrival,418398.8326266833,complete,,0.0,,,,
Patient_1173,Origem_do Pronto Socorro,418398.8326266833,complete,,,do Pronto Socorro,418398.8326266833,,
Patient_1173,CTI (PS),418398.8326266833,start,ctiBeds,0.0,,,,
Patient_1173,CTI (PS),421015.75503884145,complete,ctiBeds,0.0,,,,
Patient_1173,CTI prepara Encaminhamento,421015.75503884145,start,,0.0,,,,
Patient_1173,CTI prepara Encaminhamento,421051.5621592351,complete,,0.0,,,,
Patient_1173,Encaminha_para a Clinica Cirurgica,421051.5621592351,complete,,,para a Clinica Cirurgica,421051.5621592351,,
Patient_1173,Discharge,421051.5621592351,complete,,,,,,2652.7295325518353
Patient_1174,Arrival,418762.2655511464,complete,,0.0,,,,
Patient_1174,Origem_do Pronto Socorro,418762.2655511464,complete,,,do Pronto Socorro,418762.2655511464,,
Patient_1174,CTI (PS),418762.2655511464,start,ctiBeds,0.0,,,,
Patient_1174,CTI (PS),428682.51786802517,complete,ctiBeds,0.0,,,,
Patient_1174,CTI prepara Encaminhamento,428682.51786802517,start,,0.0,,,,
Patient_1174,CTI prepara Encaminhamento,428741.406510841,complete,,0.0,,,,
Patient_1174,Encaminha_para a Clinica Cirurgica,428741.406510841,complete,,,para a Clinica Cirurgica,428741.406510841,,
Patient_1174,Discharge,428741.406510841,complete,,,,,,9979.140959694574
Patient_1175,Arrival,418965.44009709853,complete,,0.0,,,,
Patient_1175,Origem_do Centro Cirurgico,418965.44009709853,complete,,,do Centro Cirurgico,418965.44009709853,,
Patient_1175,CTI (CC),418965.44009709853,start,ctiBeds,0.0,,,,
Patient_1175,CTI (CC),422933.2936329422,complete,ctiBeds,0.0,,,,
Patient_1175,CTI prepara Encaminhamento,422933.2936329422,start,,0.0,,,,
Patient_1175,CTI prepara Encaminhamento,422982.48761379835,complete,,0.0,,,,
Patient_1175,Encaminha_para a Clinica Cirurgica,422982.48761379835,complete,,,para a Clinica Cirurgica,422982.48761379835,,
Patient_1175,Discharge,422982.48761379835,complete,,,,,,4017.047516699822
Patient_1176,Arrival,419094.7760660062,complete,,0.0,,,,
Patient_1176,Origem_do Pronto Socorro,419094.7760660062,complete,,,do Pronto Socorro,419094.7760660062,,
Patient_1176,CTI (PS),419094.7760660062,start,ctiBeds,0.0,,,,
Patient_1176,CTI (PS),440301.960694042,complete,ctiBeds,0.0,,,,
Patient_1176,CTI prepara Encaminhamento,440301.960694042,start,,0.0,,,,
Patient_1176,CTI prepara Encaminhamento,440336.769158984,complete,,0.0,,,,
Patient_1176,Encaminha_Obito,440336.769158984,complete,,,Obito,440336.769158984,,
Patient_1176,Discharge,440336.769158984,complete,,,,,,21241.99309297779
Patient_1177,Arrival,419959.77276778035,complete,,0.0,,,,
Patient_1177,Origem_da Clinica Medica,419959.77276778035,complete,,,da Clinica Medica,419959.77276778035,,
Patient_1177,CTI (CLIM),419959.77276778035,start,ctiBeds,0.0,,,,
Patient_1177,CTI (CLIM),430374.64200005156,complete,ctiBeds,0.0,,,,
Patient_1177,CTI prepara Encaminhamento,430374.64200005156,start,,0.0,,,,
Patient_1177,CTI prepara Encaminhamento,430410.093429575,complete,,0.0,,,,
Patient_1177,Encaminha_Transferencia Externa,430410.093429575,complete,,,Transferencia Externa,430410.093429575,,
Patient_1177,Discharge,430410.093429575,complete,,,,,,10450.320661794627
Patient_1178,Arrival,420182.77615491796,complete,,0.0,,,,
Patient_1178,Origem_do Pronto Socorro,420182.77615491796,complete,,,do Pronto Socorro,420182.77615491796,,
Patient_1178,CTI (PS),420182.77615491796,start,ctiBeds,0.0,,,,
Patient_1178,CTI (PS),430744.0299008838,complete,ctiBeds,0.0,,,,
Patient_1178,CTI prepara Encaminhamento,430744.0299008838,start,,0.0,,,,
Patient_1178,CTI prepara Encaminhamento,430780.97106953675,complete,,0.0,,,,
Patient_1178,Encaminha_para a Clinica Medica,430780.97106953675,complete,,,para a Clinica Medica,430780.97106953675,,
Patient_1178,Discharge,430780.97106953675,complete,,,,,,10598.194914618798
Patient_1179,Arrival,420574.86647320504,complete,,0.0,,,,
Patient_1179,Origem_do Pronto Socorro,420574.86647320504,complete,,,do Pronto Socorro,420574.86647320504,,
Patient_1179,CTI (PS),420574.86647320504,start,ctiBeds,0.0,,,,
Patient_1179,CTI (PS),429778.07411181566,complete,ctiBeds,0.0,,,,
Patient_1179,CTI prepara Encaminhamento,429778.07411181566,start,,0.0,,,,
Patient_1179,CTI prepara Encaminhamento,429812.3282822846,complete,,0.0,,,,
Patient_1179,Encaminha_para a Clinica Medica,429812.3282822846,complete,,,para a Clinica Medica,429812.3282822846,,
Patient_1179,Discharge,429812.3282822846,complete,,,,,,9237.46180907957
Patient_118,Arrival,32896.31298440228,complete,,0.0,,,,
Patient_118,Origem_do Centro Cirurgico,32896.31298440228,complete,,,do Centro Cirurgico,32896.31298440228,,
Patient_118,CTI (CC),34333.06302810295,start,ctiBeds,0.0,,,,
Patient_118,CTI (CC),45518.51479477539,complete,ctiBeds,0.0,,,,
Patient_118,CTI prepara Encaminhamento,45518.51479477539,start,,0.0,,,,
Patient_118,CTI prepara Encaminhamento,45553.2486837533,complete,,0.0,,,,
Patient_118,Encaminha_para a Clinica Medica,45553.2486837533,complete,,,para a Clinica Medica,45553.2486837533,,
Patient_118,Discharge,45553.2486837533,complete,,,,,,12656.935699351023
Patient_1180,Arrival,421064.2481802275,complete,,0.0,,,,
Patient_1180,Origem_do Centro Cirurgico,421064.2481802275,complete,,,do Centro Cirurgico,421064.2481802275,,
Patient_1180,CTI (CC),421064.2481802275,start,ctiBeds,0.0,,,,
Patient_1180,CTI (CC),421693.4787850312,complete,ctiBeds,0.0,,,,
Patient_1180,CTI prepara Encaminhamento,421693.4787850312,start,,0.0,,,,
Patient_1180,CTI prepara Encaminhamento,421735.70312554314,complete,,0.0,,,,
Patient_1180,Encaminha_Transferencia Externa,421735.70312554314,complete,,,Transferencia Externa,421735.70312554314,,
Patient_1180,Discharge,421735.70312554314,complete,,,,,,671.4549453156069
Patient_1181,Arrival,421283.45415364427,complete,,0.0,,,,
Patient_1181,Origem_do Pronto Socorro,421283.45415364427,complete,,,do Pronto Socorro,421283.45415364427,,
Patient_1181,CTI (PS),421283.45415364427,start,ctiBeds,0.0,,,,
Patient_1181,CTI (PS),425097.758579467,complete,ctiBeds,0.0,,,,
Patient_1181,CTI prepara Encaminhamento,425097.758579467,start,,0.0,,,,
Patient_1181,CTI prepara Encaminhamento,425136.07527079893,complete,,0.0,,,,
Patient_1181,Encaminha_para a Clinica Cirurgica,425136.07527079893,complete,,,para a Clinica Cirurgica,425136.07527079893,,
Patient_1181,Discharge,425136.07527079893,complete,,,,,,3852.62111715466
Patient_1182,Arrival,421555.5822747985,complete,,0.0,,,,
Patient_1182,Origem_do Pronto Socorro,421555.5822747985,complete,,,do Pronto Socorro,421555.5822747985,,
Patient_1182,CTI (PS),421555.5822747985,start,ctiBeds,0.0,,,,
Patient_1182,CTI (PS),427367.21626462165,complete,ctiBeds,0.0,,,,
Patient_1182,CTI prepara Encaminhamento,427367.21626462165,start,,0.0,,,,
Patient_1182,CTI prepara Encaminhamento,427415.1389990034,complete,,0.0,,,,
Patient_1182,Encaminha_para a Clinica Cirurgica,427415.1389990034,complete,,,para a Clinica Cirurgica,427415.1389990034,,
Patient_1182,Discharge,427415.1389990034,complete,,,,,,5859.556724204915
Patient_1183,Arrival,421600.50315840944,complete,,0.0,,,,
Patient_1183,Origem_do Pronto Socorro,421600.50315840944,complete,,,do Pronto Socorro,421600.50315840944,,
Patient_1183,CTI (PS),421600.50315840944,start,ctiBeds,0.0,,,,
Patient_1183,CTI (PS),426611.26735020604,complete,ctiBeds,0.0,,,,
Patient_1183,CTI prepara Encaminhamento,426611.26735020604,start,,0.0,,,,
Patient_1183,CTI prepara Encaminhamento,426649.11500686785,complete,,0.0,,,,
Patient_1183,Encaminha_para a Clinica Cirurgica,426649.11500686785,complete,,,para a Clinica Cirurgica,426649.11500686785,,
Patient_1183,Discharge,426649.11500686785,complete,,,,,,5048.611848458415
Patient_1184,Arrival,422081.1193431509,complete,,0.0,,,,
Patient_1184,Origem_do Pronto Socorro,422081.1193431509,complete,,,do Pronto Socorro,422081.1193431509,,
Patient_1184,CTI (PS),422081.1193431509,start,ctiBeds,0.0,,,,
Patient_1184,CTI (PS),450877.5169694023,complete,ctiBeds,0.0,,,,
Patient_1184,CTI prepara Encaminhamento,450877.5169694023,start,,0.0,,,,
Patient_1184,CTI prepara Encaminhamento,450929.772220686,complete,,0.0,,,,
Patient_1184,Encaminha_para a Clinica Cirurgica,450929.772220686,complete,,,para a Clinica Cirurgica,450929.772220686,,
Patient_1184,Discharge,450929.772220686,complete,,,,,,28848.652877535147
Patient_1185,Arrival,422726.5646839061,complete,,0.0,,,,
Patient_1185,Origem_do Centro Cirurgico,422726.5646839061,complete,,,do Centro Cirurgico,422726.5646839061,,
Patient_1185,CTI (CC),422726.5646839061,start,ctiBeds,0.0,,,,
Patient_1185,CTI (CC),425038.3105835332,complete,ctiBeds,0.0,,,,
Patient_1185,CTI prepara Encaminhamento,425038.3105835332,start,,0.0,,,,
Patient_1185,CTI prepara Encaminhamento,425079.10673125944,complete,,0.0,,,,
Patient_1185,Encaminha_Obito,425079.10673125944,complete,,,Obito,425079.10673125944,,
Patient_1185,Discharge,425079.10673125944,complete,,,,,,2352.542047353345
Patient_1186,Arrival,422883.09983158205,complete,,0.0,,,,
Patient_1186,Origem_do Pronto Socorro,422883.09983158205,complete,,,do Pronto Socorro,422883.09983158205,,
Patient_1186,CTI (PS),422883.09983158205,start,ctiBeds,0.0,,,,
Patient_1186,CTI (PS),426707.25675636635,complete,ctiBeds,0.0,,,,
Patient_1186,CTI prepara Encaminhamento,426707.25675636635,start,,0.0,,,,
Patient_1186,CTI prepara Encaminhamento,426762.63827455643,complete,,0.0,,,,
Patient_1186,Encaminha_para a Clinica Cirurgica,426762.63827455643,complete,,,para a Clinica Cirurgica,426762.63827455643,,
Patient_1186,Discharge,426762.63827455643,complete,,,,,,3879.5384429743863
Patient_1187,Arrival,422987.5896885881,complete,,0.0,,,,
Patient_1187,Origem_da Clinica Cirurgica,422987.5896885881,complete,,,da Clinica Cirurgica,422987.5896885881,,
Patient_1187,CTI (CLIC),422987.5896885881,start,ctiBeds,0.0,,,,
Patient_1187,CTI (CLIC),424063.75339421444,complete,ctiBeds,0.0,,,,
Patient_1187,CTI prepara Encaminhamento,424063.75339421444,start,,0.0,,,,
Patient_1187,CTI prepara Encaminhamento,424108.12452450104,complete,,0.0,,,,
Patient_1187,Encaminha_para a Clinica Cirurgica,424108.12452450104,complete,,,para a Clinica Cirurgica,424108.12452450104,,
Patient_1187,Discharge,424108.12452450104,complete,,,,,,1120.5348359129275
Patient_1188,Arrival,423158.7313860264,complete,,0.0,,,,
Patient_1188,Origem_do Pronto Socorro,423158.7313860264,complete,,,do Pronto Socorro,423158.7313860264,,
Patient_1188,CTI (PS),423158.7313860264,start,ctiBeds,0.0,,,,
Patient_1188,CTI (PS),454506.76105910214,complete,ctiBeds,0.0,,,,
Patient_1188,CTI prepara Encaminhamento,454506.76105910214,start,,0.0,,,,
Patient_1188,CTI prepara Encaminhamento,454540.6742122569,complete,,0.0,,,,
Patient_1188,Encaminha_para a Clinica Cirurgica,454540.6742122569,complete,,,para a Clinica Cirurgica,454540.6742122569,,
Patient_1188,Discharge,454540.6742122569,complete,,,,,,31381.942826230486
Patient_1189,Arrival,423330.6488714441,complete,,0.0,,,,
Patient_1189,Origem_do Pronto Socorro,423330.6488714441,complete,,,do Pronto Socorro,423330.6488714441,,
Patient_1189,CTI (PS),423330.6488714441,start,ctiBeds,0.0,,,,
Patient_1189,CTI (PS),431122.6999898034,complete,ctiBeds,0.0,,,,
Patient_1189,CTI prepara Encaminhamento,431122.6999898034,start,,0.0,,,,
Patient_1189,CTI prepara Encaminhamento,431181.024363412,complete,,0.0,,,,
Patient_1189,Encaminha_para a Clinica Cirurgica,431181.024363412,complete,,,para a Clinica Cirurgica,431181.024363412,,
Patient_1189,Discharge,431181.024363412,complete,,,,,,7850.37549196789
Patient_119,Arrival,33532.348424634474,complete,,0.0,,,,
Patient_119,Origem_do Pronto Socorro,33532.348424634474,complete,,,do Pronto Socorro,33532.348424634474,,
Patient_119,CTI (PS),34514.95511685933,start,ctiBeds,0.0,,,,
Patient_119,CTI (PS),55881.000593198696,complete,ctiBeds,0.0,,,,
Patient_119,CTI prepara Encaminhamento,55881.000593198696,start,,0.0,,,,
Patient_119,CTI prepara Encaminhamento,55920.090879675714,complete,,0.0,,,,
Patient_119,Encaminha_Obito,55920.090879675714,complete,,,Obito,55920.090879675714,,
Patient_119,Discharge,55920.090879675714,complete,,,,,,22387.74245504124
Patient_1190,Arrival,423335.37803889863,complete,,0.0,,,,
Patient_1190,Origem_do Pronto Socorro,423335.37803889863,complete,,,do Pronto Socorro,423335.37803889863,,
Patient_1190,CTI (PS),423335.37803889863,start,ctiBeds,0.0,,,,
Patient_1190,CTI (PS),434137.7934054252,complete,ctiBeds,0.0,,,,
Patient_1190,CTI prepara Encaminhamento,434137.7934054252,start,,0.0,,,,
Patient_1190,CTI prepara Encaminhamento,434178.9436844095,complete,,0.0,,,,
Patient_1190,Encaminha_para a Clinica Cirurgica,434178.9436844095,complete,,,para a Clinica Cirurgica,434178.9436844095,,
Patient_1190,Discharge,434178.9436844095,complete,,,,,,10843.565645510855
Patient_1191,Arrival,423867.84218055225,complete,,0.0,,,,
Patient_1191,Origem_do Centro Cirurgico,423867.84218055225,complete,,,do Centro Cirurgico,423867.84218055225,,
Patient_1191,CTI (CC),423867.84218055225,start,ctiBeds,0.0,,,,
Patient_1191,CTI (CC),425116.4789665811,complete,ctiBeds,0.0,,,,
Patient_1191,CTI prepara Encaminhamento,425116.4789665811,start,,0.0,,,,
Patient_1191,CTI prepara Encaminhamento,425171.8513974331,complete,,0.0,,,,
Patient_1191,Encaminha_para a Clinica Cirurgica,425171.8513974331,complete,,,para a Clinica Cirurgica,425171.8513974331,,
Patient_1191,Discharge,425171.8513974331,complete,,,,,,1304.0092168808333
Patient_1192,Arrival,424425.4933689356,complete,,0.0,,,,
Patient_1192,Origem_do Pronto Socorro,424425.4933689356,complete,,,do Pronto Socorro,424425.4933689356,,
Patient_1192,CTI (PS),424425.4933689356,start,ctiBeds,0.0,,,,
Patient_1192,CTI (PS),434093.207745197,complete,ctiBeds,0.0,,,,
Patient_1192,CTI prepara Encaminhamento,434093.207745197,start,,0.0,,,,
Patient_1192,CTI prepara Encaminhamento,434133.37137204496,complete,,0.0,,,,
Patient_1192,Encaminha_para a Clinica Cirurgica,434133.37137204496,complete,,,para a Clinica Cirurgica,434133.37137204496,,
Patient_1192,Discharge,434133.37137204496,complete,,,,,,9707.878003109363
Patient_1193,Arrival,424514.37227835204,complete,,0.0,,,,
Patient_1193,Origem_do Pronto Socorro,424514.37227835204,complete,,,do Pronto Socorro,424514.37227835204,,
Patient_1193,CTI (PS),424514.37227835204,start,ctiBeds,0.0,,,,
Patient_1193,CTI (PS),429358.92172583495,complete,ctiBeds,0.0,,,,
Patient_1193,CTI prepara Encaminhamento,429358.92172583495,start,,0.0,,,,
Patient_1193,CTI prepara Encaminhamento,429407.0756602595,complete,,0.0,,,,
Patient_1193,Encaminha_para a Clinica Medica,429407.0756602595,complete,,,para a Clinica Medica,429407.0756602595,,
Patient_1193,Discharge,429407.0756602595,complete,,,,,,4892.703381907486
Patient_1194,Arrival,424833.24247616087,complete,,0.0,,,,
Patient_1194,Origem_do Pronto Socorro,424833.24247616087,complete,,,do Pronto Socorro,424833.24247616087,,
Patient_1194,CTI (PS),424833.24247616087,start,ctiBeds,0.0,,,,
Patient_1194,CTI (PS),428707.72890826676,complete,ctiBeds,0.0,,,,
Patient_1194,CTI prepara Encaminhamento,428707.72890826676,start,,0.0,,,,
Patient_1194,CTI prepara Encaminhamento,428765.94729026535,complete,,0.0,,,,
Patient_1194,Encaminha_Obito,428765.94729026535,complete,,,Obito,428765.94729026535,,
Patient_1194,Discharge,428765.94729026535,complete,,,,,,3932.7048141044797
Patient_1195,Arrival,425174.1187845807,complete,,0.0,,,,
Patient_1195,Origem_do Centro Cirurgico,425174.1187845807,complete,,,do Centro Cirurgico,425174.1187845807,,
Patient_1195,CTI (CC),425174.1187845807,start,ctiBeds,0.0,,,,
Patient_1195,CTI (CC),435166.82932456967,complete,ctiBeds,0.0,,,,
Patient_1195,CTI prepara Encaminhamento,435166.82932456967,start,,0.0,,,,
Patient_1195,CTI prepara Encaminhamento,435207.0913507948,complete,,0.0,,,,
Patient_1195,Encaminha_para a Clinica Medica,435207.0913507948,complete,,,para a Clinica Medica,435207.0913507948,,
Patient_1195,Discharge,435207.0913507948,complete,,,,,,10032.972566214099
Patient_1196,Arrival,425673.6713061441,complete,,0.0,,,,
Patient_1196,Origem_do Pronto Socorro,425673.6713061441,complete,,,do Pronto Socorro,425673.6713061441,,
Patient_1196,CTI (PS),425673.6713061441,start,ctiBeds,0.0,,,,
Patient_1196,CTI (PS),434010.88959268946,complete,ctiBeds,0.0,,,,
Patient_1196,CTI prepara Encaminhamento,434010.88959268946,start,,0.0,,,,
Patient_1196,CTI prepara Encaminhamento,434043.83589214354,complete,,0.0,,,,
Patient_1196,Encaminha_para a Clinica Cirurgica,434043.83589214354,complete,,,para a Clinica Cirurgica,434043.83589214354,,
Patient_1196,Discharge,434043.83589214354,complete,,,,,,8370.164585999446
Patient_1197,Arrival,425895.0740103781,complete,,0.0,,,,
Patient_1197,Origem_do Pronto Socorro,425895.0740103781,complete,,,do Pronto Socorro,425895.0740103781,,
Patient_1197,CTI (PS),425895.0740103781,start,ctiBeds,0.0,,,,
Patient_1197,CTI (PS),427122.0337556548,complete,ctiBeds,0.0,,,,
Patient_1197,CTI prepara Encaminhamento,427122.0337556548,start,,0.0,,,,
Patient_1197,CTI prepara Encaminhamento,427164.0365166009,complete,,0.0,,,,
Patient_1197,Encaminha_para a Clinica Cirurgica,427164.0365166009,complete,,,para a Clinica Cirurgica,427164.0365166009,,
Patient_1197,Discharge,427164.0365166009,complete,,,,,,1268.9625062228297
Patient_1198,Arrival,426392.72446228756,complete,,0.0,,,,
Patient_1198,Origem_da Clinica Medica,426392.72446228756,complete,,,da Clinica Medica,426392.72446228756,,
Patient_1198,CTI (CLIM),426392.72446228756,start,ctiBeds,0.0,,,,
Patient_1198,CTI (CLIM),441961.544561631,complete,ctiBeds,0.0,,,,
Patient_1198,CTI prepara Encaminhamento,441961.544561631,start,,0.0,,,,
Patient_1198,CTI prepara Encaminhamento,441998.5597038394,complete,,0.0,,,,
Patient_1198,Encaminha_para a Clinica Cirurgica,441998.5597038394,complete,,,para a Clinica Cirurgica,441998.5597038394,,
Patient_1198,Discharge,441998.5597038394,complete,,,,,,15605.83524155186
Patient_1199,Arrival,426411.3379073953,complete,,0.0,,,,
Patient_1199,Origem_do Pronto Socorro,426411.3379073953,complete,,,do Pronto Socorro,426411.3379073953,,
Patient_1199,CTI (PS),426411.3379073953,start,ctiBeds,0.0,,,,
Patient_1199,CTI (PS),443935.8123870618,complete,ctiBeds,0.0,,,,
Patient_1199,CTI prepara Encaminhamento,443935.8123870618,start,,0.0,,,,
Patient_1199,CTI prepara Encaminhamento,443975.3611476021,complete,,0.0,,,,
Patient_1199,Encaminha_Obito,443975.3611476021,complete,,,Obito,443975.3611476021,,
Patient_1199,Discharge,443975.3611476021,complete,,,,,,17564.023240206763
Patient_12,Arrival,3896.120702367698,complete,,0.0,,,,
Patient_12,Origem_da Clinica Medica,3896.120702367698,complete,,,da Clinica Medica,3896.120702367698,,
Patient_12,CTI (CLIM),3896.120702367698,start,ctiBeds,0.0,,,,
Patient_12,CTI (CLIM),24390.878347479942,complete,ctiBeds,0.0,,,,
Patient_12,CTI prepara Encaminhamento,24390.878347479942,start,,0.0,,,,
Patient_12,CTI prepara Encaminhamento,24444.171792860645,complete,,0.0,,,,
Patient_12,Encaminha_Transferencia Externa,24444.171792860645,complete,,,Transferencia Externa,24444.171792860645,,
Patient_12,Discharge,24444.171792860645,complete,,,,,,20548.051090492947
Patient_120,Arrival,33758.8461621793,complete,,0.0,,,,
Patient_120,Origem_do Pronto Socorro,33758.8461621793,complete,,,do Pronto Socorro,33758.8461621793,,
Patient_120,CTI (PS),34726.25647029455,start,ctiBeds,0.0,,,,
Patient_120,CTI (PS),39191.27849037299,complete,ctiBeds,0.0,,,,
Patient_120,CTI prepara Encaminhamento,39191.27849037299,start,,0.0,,,,
Patient_120,CTI prepara Encaminhamento,39244.25809553631,complete,,0.0,,,,
Patient_120,Encaminha_Alta Hospitalar,39244.25809553631,complete,,,Alta Hospitalar,39244.25809553631,,
Patient_120,Discharge,39244.25809553631,complete,,,,,,5485.411933357005
Patient_1200,Arrival,426445.0576786102,complete,,0.0,,,,
Patient_1200,Origem_da Clinica Medica,426445.0576786102,complete,,,da Clinica Medica,426445.0576786102,,
Patient_1200,CTI (CLIM),426445.0576786102,start,ctiBeds,0.0,,,,
Patient_1200,CTI (CLIM),455229.8322580522,complete,ctiBeds,0.0,,,,
Patient_1200,CTI prepara Encaminhamento,455229.8322580522,start,,0.0,,,,
Patient_1200,CTI prepara Encaminhamento,455271.7852493011,complete,,0.0,,,,
Patient_1200,Encaminha_para a Maternidade,455271.7852493011,complete,,,para a Maternidade,455271.7852493011,,
Patient_1200,Discharge,455271.7852493011,complete,,,,,,28826.727570690913
Patient_1201,Arrival,426606.45764880674,complete,,0.0,,,,
Patient_1201,Origem_do Centro Cirurgico,426606.45764880674,complete,,,do Centro Cirurgico,426606.45764880674,,
Patient_1201,CTI (CC),426606.45764880674,start,ctiBeds,0.0,,,,
Patient_1201,CTI (CC),429337.4138108877,complete,ctiBeds,0.0,,,,
Patient_1201,CTI prepara Encaminhamento,429337.4138108877,start,,0.0,,,,
Patient_1201,CTI prepara Encaminhamento,429370.8636153594,complete,,0.0,,,,
Patient_1201,Encaminha_para a Clinica Medica,429370.8636153594,complete,,,para a Clinica Medica,429370.8636153594,,
Patient_1201,Discharge,429370.8636153594,complete,,,,,,2764.405966552673
Patient_1202,Arrival,427112.11647097295,complete,,0.0,,,,
Patient_1202,Origem_do Centro Cirurgico,427112.11647097295,complete,,,do Centro Cirurgico,427112.11647097295,,
Patient_1202,CTI (CC),427112.11647097295,start,ctiBeds,0.0,,,,
Patient_1202,CTI (CC),427414.22623132356,complete,ctiBeds,0.0,,,,
Patient_1202,CTI prepara Encaminhamento,427414.22623132356,start,,0.0,,,,
Patient_1202,CTI prepara Encaminhamento,427452.82695341983,complete,,0.0,,,,
Patient_1202,Encaminha_Obito,427452.82695341983,complete,,,Obito,427452.82695341983,,
Patient_1202,Discharge,427452.82695341983,complete,,,,,,340.71048244688427
Patient_1203,Arrival,427629.7587007659,complete,,0.0,,,,
Patient_1203,Origem_do Centro Cirurgico,427629.7587007659,complete,,,do Centro Cirurgico,427629.7587007659,,
Patient_1203,CTI (CC),427629.7587007659,start,ctiBeds,0.0,,,,
Patient_1203,CTI (CC),431437.6224383039,complete,ctiBeds,0.0,,,,
Patient_1203,CTI prepara Encaminhamento,431437.6224383039,start,,0.0,,,,
Patient_1203,CTI prepara Encaminhamento,431489.5433683324,complete,,0.0,,,,
Patient_1203,Encaminha_Transferencia Externa,431489.5433683324,complete,,,Transferencia Externa,431489.5433683324,,
Patient_1203,Discharge,431489.5433683324,complete,,,,,,3859.784667566477
Patient_1204,Arrival,427708.0017983837,complete,,0.0,,,,
Patient_1204,Origem_da Clinica Medica,427708.0017983837,complete,,,da Clinica Medica,427708.0017983837,,
Patient_1204,CTI (CLIM),427708.0017983837,start,ctiBeds,0.0,,,,
Patient_1204,CTI (CLIM),430580.87853521167,complete,ctiBeds,0.0,,,,
Patient_1204,CTI prepara Encaminhamento,430580.87853521167,start,,0.0,,,,
Patient_1204,CTI prepara Encaminhamento,430636.905883273,complete,,0.0,,,,
Patient_1204,Encaminha_para a Clinica Medica,430636.905883273,complete,,,para a Clinica Medica,430636.905883273,,
Patient_1204,Discharge,430636.905883273,complete,,,,,,2928.9040848892764
Patient_1205,Arrival,427835.3740850149,complete,,0.0,,,,
Patient_1205,Origem_da Clinica Cirurgica,427835.3740850149,complete,,,da Clinica Cirurgica,427835.3740850149,,
Patient_1205,CTI (CLIC),427835.3740850149,start,ctiBeds,0.0,,,,
Patient_1205,CTI (CLIC),427861.30433136824,complete,ctiBeds,0.0,,,,
Patient_1205,CTI prepara Encaminhamento,427861.30433136824,start,,0.0,,,,
Patient_1205,CTI prepara Encaminhamento,427898.3105127865,complete,,0.0,,,,
Patient_1205,Encaminha_para a Clinica Cirurgica,427898.3105127865,complete,,,para a Clinica Cirurgica,427898.3105127865,,
Patient_1205,Discharge,427898.3105127865,complete,,,,,,62.936427771579474
Patient_1206,Arrival,427858.0433947127,complete,,0.0,,,,
Patient_1206,Origem_do Centro Cirurgico,427858.0433947127,complete,,,do Centro Cirurgico,427858.0433947127,,
Patient_1206,CTI (CC),427858.0433947127,start,ctiBeds,0.0,,,,
Patient_1206,CTI (CC),428568.5051051698,complete,ctiBeds,0.0,,,,
Patient_1206,CTI prepara Encaminhamento,428568.5051051698,start,,0.0,,,,
Patient_1206,CTI prepara Encaminhamento,428625.56432705926,complete,,0.0,,,,
Patient_1206,Encaminha_para a Clinica Cirurgica,428625.56432705926,complete,,,para a Clinica Cirurgica,428625.56432705926,,
Patient_1206,Discharge,428625.56432705926,complete,,,,,,767.5209323465824
Patient_1207,Arrival,428048.9402815574,complete,,0.0,,,,
Patient_1207,Origem_do Centro Cirurgico,428048.9402815574,complete,,,do Centro Cirurgico,428048.9402815574,,
Patient_1207,CTI (CC),428048.9402815574,start,ctiBeds,0.0,,,,
Patient_1207,CTI (CC),428472.02128409146,complete,ctiBeds,0.0,,,,
Patient_1207,CTI prepara Encaminhamento,428472.02128409146,start,,0.0,,,,
Patient_1207,CTI prepara Encaminhamento,428502.6171159367,complete,,0.0,,,,
Patient_1207,Encaminha_para a Clinica Medica,428502.6171159367,complete,,,para a Clinica Medica,428502.6171159367,,
Patient_1207,Discharge,428502.6171159367,complete,,,,,,453.6768343793228
Patient_1208,Arrival,428540.3099922819,complete,,0.0,,,,
Patient_1208,Origem_do Centro Cirurgico,428540.3099922819,complete,,,do Centro Cirurgico,428540.3099922819,,
Patient_1208,CTI (CC),428540.3099922819,start,ctiBeds,0.0,,,,
Patient_1208,CTI (CC),428817.5516913916,complete,ctiBeds,0.0,,,,
Patient_1208,CTI prepara Encaminhamento,428817.5516913916,start,,0.0,,,,
Patient_1208,CTI prepara Encaminhamento,428866.9235680569,complete,,0.0,,,,
Patient_1208,Encaminha_Transferencia Externa,428866.9235680569,complete,,,Transferencia Externa,428866.9235680569,,
Patient_1208,Discharge,428866.9235680569,complete,,,,,,326.61357577500166
Patient_1209,Arrival,428755.8921820708,complete,,0.0,,,,
Patient_1209,Origem_da Clinica Medica,428755.8921820708,complete,,,da Clinica Medica,428755.8921820708,,
Patient_1209,CTI (CLIM),428755.8921820708,start,ctiBeds,0.0,,,,
Patient_1209,CTI (CLIM),433059.59266982693,complete,ctiBeds,0.0,,,,
Patient_1209,CTI prepara Encaminhamento,433059.59266982693,start,,0.0,,,,
Patient_1209,CTI prepara Encaminhamento,433112.76529851643,complete,,0.0,,,,
Patient_1209,Encaminha_para a Clinica Medica,433112.76529851643,complete,,,para a Clinica Medica,433112.76529851643,,
Patient_1209,Discharge,433112.76529851643,complete,,,,,,4356.873116445611
Patient_121,Arrival,34034.950227340545,complete,,0.0,,,,
Patient_121,Origem_do Pronto Socorro,34034.950227340545,complete,,,do Pronto Socorro,34034.950227340545,,
Patient_121,CTI (PS),35806.117626076535,start,ctiBeds,0.0,,,,
Patient_121,CTI (PS),79611.81786836387,complete,ctiBeds,0.0,,,,
Patient_121,CTI prepara Encaminhamento,79611.81786836387,start,,0.0,,,,
Patient_121,CTI prepara Encaminhamento,79670.62155772714,complete,,0.0,,,,
Patient_121,Encaminha_para a Clinica Cirurgica,79670.62155772714,complete,,,para a Clinica Cirurgica,79670.62155772714,,
Patient_121,Discharge,79670.62155772714,complete,,,,,,45635.67133038659
Patient_1210,Arrival,428837.6432387228,complete,,0.0,,,,
Patient_1210,Origem_da Clinica Medica,428837.6432387228,complete,,,da Clinica Medica,428837.6432387228,,
Patient_1210,CTI (CLIM),428837.6432387228,start,ctiBeds,0.0,,,,
Patient_1210,CTI (CLIM),430372.13599327387,complete,ctiBeds,0.0,,,,
Patient_1210,CTI prepara Encaminhamento,430372.13599327387,start,,0.0,,,,
Patient_1210,CTI prepara Encaminhamento,430426.5365346484,complete,,0.0,,,,
Patient_1210,Encaminha_Obito,430426.5365346484,complete,,,Obito,430426.5365346484,,
Patient_1210,Discharge,430426.5365346484,complete,,,,,,1588.8932959255762
Patient_1211,Arrival,429043.5646737144,complete,,0.0,,,,
Patient_1211,Origem_do Centro Cirurgico,429043.5646737144,complete,,,do Centro Cirurgico,429043.5646737144,,
Patient_1211,CTI (CC),429043.5646737144,start,ctiBeds,0.0,,,,
Patient_1211,CTI (CC),435276.7330444118,complete,ctiBeds,0.0,,,,
Patient_1211,CTI prepara Encaminhamento,435276.7330444118,start,,0.0,,,,
Patient_1211,CTI prepara Encaminhamento,435316.82389759575,complete,,0.0,,,,
Patient_1211,Encaminha_para a Clinica Medica,435316.82389759575,complete,,,para a Clinica Medica,435316.82389759575,,
Patient_1211,Discharge,435316.82389759575,complete,,,,,,6273.259223881352
Patient_1212,Arrival,429080.4418379644,complete,,0.0,,,,
Patient_1212,Origem_do Centro Cirurgico,429080.4418379644,complete,,,do Centro Cirurgico,429080.4418379644,,
Patient_1212,CTI (CC),429080.4418379644,start,ctiBeds,0.0,,,,
Patient_1212,CTI (CC),431673.3889107262,complete,ctiBeds,0.0,,,,
Patient_1212,CTI prepara Encaminhamento,431673.3889107262,start,,0.0,,,,
Patient_1212,CTI prepara Encaminhamento,431732.49983360013,complete,,0.0,,,,
Patient_1212,Encaminha_para a Maternidade,431732.49983360013,complete,,,para a Maternidade,431732.49983360013,,
Patient_1212,Discharge,431732.49983360013,complete,,,,,,2652.057995635725
Patient_1213,Arrival,429810.10425410455,complete,,0.0,,,,
Patient_1213,Origem_do Pronto Socorro,429810.10425410455,complete,,,do Pronto Socorro,429810.10425410455,,
Patient_1213,CTI (PS),429810.10425410455,start,ctiBeds,0.0,,,,
Patient_1213,CTI (PS),432113.5053722233,complete,ctiBeds,0.0,,,,
Patient_1213,CTI prepara Encaminhamento,432113.5053722233,start,,0.0,,,,
Patient_1213,CTI prepara Encaminhamento,432158.5672210513,complete,,0.0,,,,
Patient_1213,Encaminha_para a Clinica Cirurgica,432158.5672210513,complete,,,para a Clinica Cirurgica,432158.5672210513,,
Patient_1213,Discharge,432158.5672210513,complete,,,,,,2348.4629669467686
Patient_1214,Arrival,430266.0133513375,complete,,0.0,,,,
Patient_1214,Origem_do Pronto Socorro,430266.0133513375,complete,,,do Pronto Socorro,430266.0133513375,,
Patient_1214,CTI (PS),430266.0133513375,start,ctiBeds,0.0,,,,
Patient_1214,CTI (PS),444261.0108350595,complete,ctiBeds,0.0,,,,
Patient_1214,CTI prepara Encaminhamento,444261.0108350595,start,,0.0,,,,
Patient_1214,CTI prepara Encaminhamento,444307.82694004517,complete,,0.0,,,,
Patient_1214,Encaminha_para a Clinica Medica,444307.82694004517,complete,,,para a Clinica Medica,444307.82694004517,,
Patient_1214,Discharge,444307.82694004517,complete,,,,,,14041.81358870765
Patient_1215,Arrival,430938.1694064675,complete,,0.0,,,,
Patient_1215,Origem_do Pronto Socorro,430938.1694064675,complete,,,do Pronto Socorro,430938.1694064675,,
Patient_1215,CTI (PS),430938.1694064675,start,ctiBeds,0.0,,,,
Patient_1215,CTI (PS),450549.0082069807,complete,ctiBeds,0.0,,,,
Patient_1215,CTI prepara Encaminhamento,450549.0082069807,start,,0.0,,,,
Patient_1215,CTI prepara Encaminhamento,450603.09194409236,complete,,0.0,,,,
Patient_1215,Encaminha_para a Clinica Medica,450603.09194409236,complete,,,para a Clinica Medica,450603.09194409236,,
Patient_1215,Discharge,450603.09194409236,complete,,,,,,19664.922537624836
Patient_1216,Arrival,431123.8616641167,complete,,0.0,,,,
Patient_1216,Origem_do Pronto Socorro,431123.8616641167,complete,,,do Pronto Socorro,431123.8616641167,,
Patient_1216,CTI (PS),431123.8616641167,start,ctiBeds,0.0,,,,
Patient_1216,CTI (PS),432636.95902629965,complete,ctiBeds,0.0,,,,
Patient_1216,CTI prepara Encaminhamento,432636.95902629965,start,,0.0,,,,
Patient_1216,CTI prepara Encaminhamento,432673.20562241256,complete,,0.0,,,,
Patient_1216,Encaminha_para a Clinica Cirurgica,432673.20562241256,complete,,,para a Clinica Cirurgica,432673.20562241256,,
Patient_1216,Discharge,432673.20562241256,complete,,,,,,1549.3439582958817
Patient_1217,Arrival,431419.467158728,complete,,0.0,,,,
Patient_1217,Origem_do Centro Cirurgico,431419.467158728,complete,,,do Centro Cirurgico,431419.467158728,,
Patient_1217,CTI (CC),431419.467158728,start,ctiBeds,0.0,,,,
Patient_1217,CTI (CC),433962.43674762564,complete,ctiBeds,0.0,,,,
Patient_1217,CTI prepara Encaminhamento,433962.43674762564,start,,0.0,,,,
Patient_1217,CTI prepara Encaminhamento,434022.3244003636,complete,,0.0,,,,
Patient_1217,Encaminha_Obito,434022.3244003636,complete,,,Obito,434022.3244003636,,
Patient_1217,Discharge,434022.3244003636,complete,,,,,,2602.8572416356183
Patient_1218,Arrival,431774.57195061987,complete,,0.0,,,,
Patient_1218,Origem_da Clinica Medica,431774.57195061987,complete,,,da Clinica Medica,431774.57195061987,,
Patient_1218,CTI (CLIM),431774.57195061987,start,ctiBeds,0.0,,,,
Patient_1218,CTI (CLIM),436185.80246532225,complete,ctiBeds,0.0,,,,
Patient_1218,CTI prepara Encaminhamento,436185.80246532225,start,,0.0,,,,
Patient_1218,CTI prepara Encaminhamento,436222.16360912647,complete,,0.0,,,,
Patient_1218,Encaminha_para a Clinica Cirurgica,436222.16360912647,complete,,,para a Clinica Cirurgica,436222.16360912647,,
Patient_1218,Discharge,436222.16360912647,complete,,,,,,4447.591658506601
Patient_1219,Arrival,431936.9592669459,complete,,0.0,,,,
Patient_1219,Origem_do Pronto Socorro,431936.9592669459,complete,,,do Pronto Socorro,431936.9592669459,,
Patient_1219,CTI (PS),431936.9592669459,start,ctiBeds,0.0,,,,
Patient_1219,CTI (PS),438513.70492273587,complete,ctiBeds,0.0,,,,
Patient_1219,CTI prepara Encaminhamento,438513.70492273587,start,,0.0,,,,
Patient_1219,CTI prepara Encaminhamento,438561.90636783565,complete,,0.0,,,,
Patient_1219,Encaminha_Transferencia Externa,438561.90636783565,complete,,,Transferencia Externa,438561.90636783565,,
Patient_1219,Discharge,438561.90636783565,complete,,,,,,6624.947100889753
Patient_122,Arrival,34872.09898011559,complete,,0.0,,,,
Patient_122,Origem_do Centro Cirurgico,34872.09898011559,complete,,,do Centro Cirurgico,34872.09898011559,,
Patient_122,CTI (CC),35847.73065724758,start,ctiBeds,0.0,,,,
Patient_122,CTI (CC),37047.58781650008,complete,ctiBeds,0.0,,,,
Patient_122,CTI prepara Encaminhamento,37047.58781650008,start,,0.0,,,,
Patient_122,CTI prepara Encaminhamento,37098.48076606294,complete,,0.0,,,,
Patient_122,Encaminha_para a Clinica Cirurgica,37098.48076606294,complete,,,para a Clinica Cirurgica,37098.48076606294,,
Patient_122,Discharge,37098.48076606294,complete,,,,,,2226.3817859473493
Patient_1220,Arrival,432147.74236995896,complete,,0.0,,,,
Patient_1220,Origem_do Pronto Socorro,432147.74236995896,complete,,,do Pronto Socorro,432147.74236995896,,
Patient_1220,CTI (PS),432147.74236995896,start,ctiBeds,0.0,,,,
Patient_1220,CTI (PS),432291.41357243434,complete,ctiBeds,0.0,,,,
Patient_1220,CTI prepara Encaminhamento,432291.41357243434,start,,0.0,,,,
Patient_1220,CTI prepara Encaminhamento,432349.7633257162,complete,,0.0,,,,
Patient_1220,Encaminha_para a Clinica Cirurgica,432349.7633257162,complete,,,para a Clinica Cirurgica,432349.7633257162,,
Patient_1220,Discharge,432349.7633257162,complete,,,,,,202.02095575723797
Patient_1221,Arrival,432627.6223630578,complete,,0.0,,,,
Patient_1221,Origem_do Pronto Socorro,432627.6223630578,complete,,,do Pronto Socorro,432627.6223630578,,
Patient_1221,CTI (PS),432627.6223630578,start,ctiBeds,0.0,,,,
Patient_1221,CTI (PS),435611.47348798637,complete,ctiBeds,0.0,,,,
Patient_1221,CTI prepara Encaminhamento,435611.47348798637,start,,0.0,,,,
Patient_1221,CTI prepara Encaminhamento,435645.9277724318,complete,,0.0,,,,
Patient_1221,Encaminha_para a Clinica Cirurgica,435645.9277724318,complete,,,para a Clinica Cirurgica,435645.9277724318,,
Patient_1221,Discharge,435645.9277724318,complete,,,,,,3018.3054093740066
Patient_1222,Arrival,432719.09870487306,complete,,0.0,,,,
Patient_1222,Origem_do Pronto Socorro,432719.09870487306,complete,,,do Pronto Socorro,432719.09870487306,,
Patient_1222,CTI (PS),432719.09870487306,start,ctiBeds,0.0,,,,
Patient_1222,CTI (PS),467625.355749523,complete,ctiBeds,0.0,,,,
Patient_1222,CTI prepara Encaminhamento,467625.355749523,start,,0.0,,,,
Patient_1222,CTI prepara Encaminhamento,467658.9952099767,complete,,0.0,,,,
Patient_1222,Encaminha_para a Clinica Medica,467658.9952099767,complete,,,para a Clinica Medica,467658.9952099767,,
Patient_1222,Discharge,467658.9952099767,complete,,,,,,34939.89650510362
Patient_1223,Arrival,433126.8255260934,complete,,0.0,,,,
Patient_1223,Origem_do Centro Cirurgico,433126.8255260934,complete,,,do Centro Cirurgico,433126.8255260934,,
Patient_1223,CTI (CC),433126.8255260934,start,ctiBeds,0.0,,,,
Patient_1223,CTI (CC),436842.96734313655,complete,ctiBeds,0.0,,,,
Patient_1223,CTI prepara Encaminhamento,436842.96734313655,start,,0.0,,,,
Patient_1223,CTI prepara Encaminhamento,436891.6889630288,complete,,0.0,,,,
Patient_1223,Encaminha_Obito,436891.6889630288,complete,,,Obito,436891.6889630288,,
Patient_1223,Discharge,436891.6889630288,complete,,,,,,3764.863436935353
Patient_1224,Arrival,433443.5257904048,complete,,0.0,,,,
Patient_1224,Origem_do Pronto Socorro,433443.5257904048,complete,,,do Pronto Socorro,433443.5257904048,,
Patient_1224,CTI (PS),433443.5257904048,start,ctiBeds,0.0,,,,
Patient_1224,CTI (PS),435415.668876628,complete,ctiBeds,0.0,,,,
Patient_1224,CTI prepara Encaminhamento,435415.668876628,start,,0.0,,,,
Patient_1224,CTI prepara Encaminhamento,435462.48119375325,complete,,0.0,,,,
Patient_1224,Encaminha_para a Clinica Medica,435462.48119375325,complete,,,para a Clinica Medica,435462.48119375325,,
Patient_1224,Discharge,435462.48119375325,complete,,,,,,2018.955403348431
Patient_1225,Arrival,433820.06062035105,complete,,0.0,,,,
Patient_1225,Origem_do Centro Cirurgico,433820.06062035105,complete,,,do Centro Cirurgico,433820.06062035105,,
Patient_1225,CTI (CC),433820.06062035105,start,ctiBeds,0.0,,,,
Patient_1225,CTI (CC),449330.8557250149,complete,ctiBeds,0.0,,,,
Patient_1225,CTI prepara Encaminhamento,449330.8557250149,start,,0.0,,,,
Patient_1225,CTI prepara Encaminhamento,449386.0741196868,complete,,0.0,,,,
Patient_1225,Encaminha_para a Clinica Medica,449386.0741196868,complete,,,para a Clinica Medica,449386.0741196868,,
Patient_1225,Discharge,449386.0741196868,complete,,,,,,15566.013499335735
Patient_1226,Arrival,434355.9131365254,complete,,0.0,,,,
Patient_1226,Origem_do Centro Cirurgico,434355.9131365254,complete,,,do Centro Cirurgico,434355.9131365254,,
Patient_1226,CTI (CC),434355.9131365254,start,ctiBeds,0.0,,,,
Patient_1226,CTI (CC),435875.6259405294,complete,ctiBeds,0.0,,,,
Patient_1226,CTI prepara Encaminhamento,435875.6259405294,start,,0.0,,,,
Patient_1226,CTI prepara Encaminhamento,435911.5467136238,complete,,0.0,,,,
Patient_1226,Encaminha_para a Clinica Medica,435911.5467136238,complete,,,para a Clinica Medica,435911.5467136238,,
Patient_1226,Discharge,435911.5467136238,complete,,,,,,1555.6335770983715
Patient_1227,Arrival,434795.76131274493,complete,,0.0,,,,
Patient_1227,Origem_do Pronto Socorro,434795.76131274493,complete,,,do Pronto Socorro,434795.76131274493,,
Patient_1227,CTI (PS),434795.76131274493,start,ctiBeds,0.0,,,,
Patient_1227,CTI (PS),439849.25894121354,complete,ctiBeds,0.0,,,,
Patient_1227,CTI prepara Encaminhamento,439849.25894121354,start,,0.0,,,,
Patient_1227,CTI prepara Encaminhamento,439903.5795960138,complete,,0.0,,,,
Patient_1227,Encaminha_Alta Hospitalar,439903.5795960138,complete,,,Alta Hospitalar,439903.5795960138,,
Patient_1227,Discharge,439903.5795960138,complete,,,,,,5107.818283268891
Patient_1228,Arrival,435187.4310969196,complete,,0.0,,,,
Patient_1228,Origem_do Centro Cirurgico,435187.4310969196,complete,,,do Centro Cirurgico,435187.4310969196,,
Patient_1228,CTI (CC),435187.4310969196,start,ctiBeds,0.0,,,,
Patient_1228,CTI (CC),440005.7083768939,complete,ctiBeds,0.0,,,,
Patient_1228,CTI prepara Encaminhamento,440005.7083768939,start,,0.0,,,,
Patient_1228,CTI prepara Encaminhamento,440045.83028654044,complete,,0.0,,,,
Patient_1228,Encaminha_para a Clinica Cirurgica,440045.83028654044,complete,,,para a Clinica Cirurgica,440045.83028654044,,
Patient_1228,Discharge,440045.83028654044,complete,,,,,,4858.399189620861
Patient_1229,Arrival,436046.47984091454,complete,,0.0,,,,
Patient_1229,Origem_do Centro Cirurgico,436046.47984091454,complete,,,do Centro Cirurgico,436046.47984091454,,
Patient_1229,CTI (CC),436046.47984091454,start,ctiBeds,0.0,,,,
Patient_1229,CTI (CC),438167.7983367453,complete,ctiBeds,0.0,,,,
Patient_1229,CTI prepara Encaminhamento,438167.7983367453,start,,0.0,,,,
Patient_1229,CTI prepara Encaminhamento,438210.7762227623,complete,,0.0,,,,
Patient_1229,Encaminha_para a Clinica Medica,438210.7762227623,complete,,,para a Clinica Medica,438210.7762227623,,
Patient_1229,Discharge,438210.7762227623,complete,,,,,,2164.2963818477583
Patient_123,Arrival,37106.557762241486,complete,,0.0,,,,
Patient_123,Origem_do Centro Cirurgico,37106.557762241486,complete,,,do Centro Cirurgico,37106.557762241486,,
Patient_123,CTI (CC),37106.557762241486,start,ctiBeds,0.0,,,,
Patient_123,CTI (CC),53947.338253007736,complete,ctiBeds,0.0,,,,
Patient_123,CTI prepara Encaminhamento,53947.338253007736,start,,0.0,,,,
Patient_123,CTI prepara Encaminhamento,53984.59032070641,complete,,0.0,,,,
Patient_123,Encaminha_Obito,53984.59032070641,complete,,,Obito,53984.59032070641,,
Patient_123,Discharge,53984.59032070641,complete,,,,,,16878.032558464925
Patient_1230,Arrival,438845.00480071036,complete,,0.0,,,,
Patient_1230,Origem_do Pronto Socorro,438845.00480071036,complete,,,do Pronto Socorro,438845.00480071036,,
Patient_1230,CTI (PS),438845.00480071036,start,ctiBeds,0.0,,,,
Patient_1230,CTI (PS),444910.06965662783,complete,ctiBeds,0.0,,,,
Patient_1230,CTI prepara Encaminhamento,444910.06965662783,start,,0.0,,,,
Patient_1230,CTI prepara Encaminhamento,444954.59530211356,complete,,0.0,,,,
Patient_1230,Encaminha_para a Clinica Cirurgica,444954.59530211356,complete,,,para a Clinica Cirurgica,444954.59530211356,,
Patient_1230,Discharge,444954.59530211356,complete,,,,,,6109.590501403203
Patient_1231,Arrival,439174.5975237072,complete,,0.0,,,,
Patient_1231,Origem_do Centro Cirurgico,439174.5975237072,complete,,,do Centro Cirurgico,439174.5975237072,,
Patient_1231,CTI (CC),439174.5975237072,start,ctiBeds,0.0,,,,
Patient_1231,CTI (CC),443449.04196838464,complete,ctiBeds,0.0,,,,
Patient_1231,CTI prepara Encaminhamento,443449.04196838464,start,,0.0,,,,
Patient_1231,CTI prepara Encaminhamento,443500.2192435683,complete,,0.0,,,,
Patient_1231,Encaminha_para a Clinica Medica,443500.2192435683,complete,,,para a Clinica Medica,443500.2192435683,,
Patient_1231,Discharge,443500.2192435683,complete,,,,,,4325.621719861112
Patient_1232,Arrival,439208.6549396532,complete,,0.0,,,,
Patient_1232,Origem_do Centro Cirurgico,439208.6549396532,complete,,,do Centro Cirurgico,439208.6549396532,,
Patient_1232,CTI (CC),439208.6549396532,start,ctiBeds,0.0,,,,
Patient_1232,CTI (CC),449581.21164666285,complete,ctiBeds,0.0,,,,
Patient_1232,CTI prepara Encaminhamento,449581.21164666285,start,,0.0,,,,
Patient_1232,CTI prepara Encaminhamento,449633.34064959886,complete,,0.0,,,,
Patient_1232,Encaminha_para a Clinica Medica,449633.34064959886,complete,,,para a Clinica Medica,449633.34064959886,,
Patient_1232,Discharge,449633.34064959886,complete,,,,,,10424.685709945683
Patient_1233,Arrival,439305.5640764348,complete,,0.0,,,,
Patient_1233,Origem_do Centro Cirurgico,439305.5640764348,complete,,,do Centro Cirurgico,439305.5640764348,,
Patient_1233,CTI (CC),439305.5640764348,start,ctiBeds,0.0,,,,
Patient_1233,CTI (CC),441340.0657947087,complete,ctiBeds,0.0,,,,
Patient_1233,CTI prepara Encaminhamento,441340.0657947087,start,,0.0,,,,
Patient_1233,CTI prepara Encaminhamento,441371.1203815744,complete,,0.0,,,,
Patient_1233,Encaminha_para a Clinica Cirurgica,441371.1203815744,complete,,,para a Clinica Cirurgica,441371.1203815744,,
Patient_1233,Discharge,441371.1203815744,complete,,,,,,2065.5563051395584
Patient_1234,Arrival,440125.52584107453,complete,,0.0,,,,
Patient_1234,Origem_do Pronto Socorro,440125.52584107453,complete,,,do Pronto Socorro,440125.52584107453,,
Patient_1234,CTI (PS),440125.52584107453,start,ctiBeds,0.0,,,,
Patient_1234,CTI (PS),454673.8223796932,complete,ctiBeds,0.0,,,,
Patient_1234,CTI prepara Encaminhamento,454673.8223796932,start,,0.0,,,,
Patient_1234,CTI prepara Encaminhamento,454712.1270748293,complete,,0.0,,,,
Patient_1234,Encaminha_Obito,454712.1270748293,complete,,,Obito,454712.1270748293,,
Patient_1234,Discharge,454712.1270748293,complete,,,,,,14586.601233754773
Patient_1235,Arrival,440272.1113137329,complete,,0.0,,,,
Patient_1235,Origem_do Centro Cirurgico,440272.1113137329,complete,,,do Centro Cirurgico,440272.1113137329,,
Patient_1235,CTI (CC),440272.1113137329,start,ctiBeds,0.0,,,,
Patient_1235,CTI (CC),445913.33763377304,complete,ctiBeds,0.0,,,,
Patient_1235,CTI prepara Encaminhamento,445913.33763377304,start,,0.0,,,,
Patient_1235,CTI prepara Encaminhamento,445956.9877898742,complete,,0.0,,,,
Patient_1235,Encaminha_para a Clinica Cirurgica,445956.9877898742,complete,,,para a Clinica Cirurgica,445956.9877898742,,
Patient_1235,Discharge,445956.9877898742,complete,,,,,,5684.876476141275
Patient_1236,Arrival,440490.1664395831,complete,,0.0,,,,
Patient_1236,Origem_do Centro Cirurgico,440490.1664395831,complete,,,do Centro Cirurgico,440490.1664395831,,
Patient_1236,CTI (CC),440490.1664395831,start,ctiBeds,0.0,,,,
Patient_1236,CTI (CC),444248.1575587401,complete,ctiBeds,0.0,,,,
Patient_1236,CTI prepara Encaminhamento,444248.1575587401,start,,0.0,,,,
Patient_1236,CTI prepara Encaminhamento,444290.49590452615,complete,,0.0,,,,
Patient_1236,Encaminha_para a Clinica Medica,444290.49590452615,complete,,,para a Clinica Medica,444290.49590452615,,
Patient_1236,Discharge,444290.49590452615,complete,,,,,,3800.329464943032
Patient_1237,Arrival,440490.2334722973,complete,,0.0,,,,
Patient_1237,Origem_do Pronto Socorro,440490.2334722973,complete,,,do Pronto Socorro,440490.2334722973,,
Patient_1237,CTI (PS),440490.2334722973,start,ctiBeds,0.0,,,,
Patient_1237,CTI (PS),456160.9092062412,complete,ctiBeds,0.0,,,,
Patient_1237,CTI prepara Encaminhamento,456160.9092062412,start,,0.0,,,,
Patient_1237,CTI prepara Encaminhamento,456217.0962131804,complete,,0.0,,,,
Patient_1237,Encaminha_para a Clinica Medica,456217.0962131804,complete,,,para a Clinica Medica,456217.0962131804,,
Patient_1237,Discharge,456217.0962131804,complete,,,,,,15726.86274088308
Patient_1238,Arrival,440733.0354561218,complete,,0.0,,,,
Patient_1238,Origem_do Pronto Socorro,440733.0354561218,complete,,,do Pronto Socorro,440733.0354561218,,
Patient_1238,CTI (PS),440733.0354561218,start,ctiBeds,0.0,,,,
Patient_1238,CTI (PS),459396.16439841915,complete,ctiBeds,0.0,,,,
Patient_1238,CTI prepara Encaminhamento,459396.16439841915,start,,0.0,,,,
Patient_1238,CTI prepara Encaminhamento,459446.91301233135,complete,,0.0,,,,
Patient_1238,Encaminha_Obito,459446.91301233135,complete,,,Obito,459446.91301233135,,
Patient_1238,Discharge,459446.91301233135,complete,,,,,,18713.87755620957
Patient_1239,Arrival,440750.2449475015,complete,,0.0,,,,
Patient_1239,Origem_do Pronto Socorro,440750.2449475015,complete,,,do Pronto Socorro,440750.2449475015,,
Patient_1239,CTI (PS),440750.2449475015,start,ctiBeds,0.0,,,,
Patient_1239,CTI (PS),452671.98387905076,complete,ctiBeds,0.0,,,,
Patient_1239,CTI prepara Encaminhamento,452671.98387905076,start,,0.0,,,,
Patient_1239,CTI prepara Encaminhamento,452719.8307171709,complete,,0.0,,,,
Patient_1239,Encaminha_para a Clinica Cirurgica,452719.8307171709,complete,,,para a Clinica Cirurgica,452719.8307171709,,
Patient_1239,Discharge,452719.8307171709,complete,,,,,,11969.585769669386
Patient_124,Arrival,38475.57975415056,complete,,0.0,,,,
Patient_124,Origem_do Pronto Socorro,38475.57975415056,complete,,,do Pronto Socorro,38475.57975415056,,
Patient_124,CTI (PS),38475.57975415056,start,ctiBeds,0.0,,,,
Patient_124,CTI (PS),41169.3295293096,complete,ctiBeds,0.0,,,,
Patient_124,CTI prepara Encaminhamento,41169.3295293096,start,,0.0,,,,
Patient_124,CTI prepara Encaminhamento,41219.82528585729,complete,,0.0,,,,
Patient_124,Encaminha_para a Clinica Cirurgica,41219.82528585729,complete,,,para a Clinica Cirurgica,41219.82528585729,,
Patient_124,Discharge,41219.82528585729,complete,,,,,,2744.245531706729
Patient_1240,Arrival,441273.92910406773,complete,,0.0,,,,
Patient_1240,Origem_do Pronto Socorro,441273.92910406773,complete,,,do Pronto Socorro,441273.92910406773,,
Patient_1240,CTI (PS),441273.92910406773,start,ctiBeds,0.0,,,,
Patient_1240,CTI (PS),486327.09558758815,complete,ctiBeds,0.0,,,,
Patient_1240,CTI prepara Encaminhamento,486327.09558758815,start,,0.0,,,,
Patient_1240,CTI prepara Encaminhamento,486366.71610179497,complete,,0.0,,,,
Patient_1240,Encaminha_para a Clinica Medica,486366.71610179497,complete,,,para a Clinica Medica,486366.71610179497,,
Patient_1240,Discharge,486366.71610179497,complete,,,,,,45092.786997727235
Patient_1241,Arrival,441419.428783817,complete,,0.0,,,,
Patient_1241,Origem_do Pronto Socorro,441419.428783817,complete,,,do Pronto Socorro,441419.428783817,,
Patient_1241,CTI (PS),441419.428783817,start,ctiBeds,0.0,,,,
Patient_1241,CTI (PS),447708.2714369651,complete,ctiBeds,0.0,,,,
Patient_1241,CTI prepara Encaminhamento,447708.2714369651,start,,0.0,,,,
Patient_1241,CTI prepara Encaminhamento,447754.2394429337,complete,,0.0,,,,
Patient_1241,Encaminha_para a Clinica Medica,447754.2394429337,complete,,,para a Clinica Medica,447754.2394429337,,
Patient_1241,Discharge,447754.2394429337,complete,,,,,,6334.810659116716
Patient_1242,Arrival,442250.4711942371,complete,,0.0,,,,
Patient_1242,Origem_do Centro Cirurgico,442250.4711942371,complete,,,do Centro Cirurgico,442250.4711942371,,
Patient_1242,CTI (CC),442250.4711942371,start,ctiBeds,0.0,,,,
Patient_1242,CTI (CC),443191.45952705236,complete,ctiBeds,0.0,,,,
Patient_1242,CTI prepara Encaminhamento,443191.45952705236,start,,0.0,,,,
Patient_1242,CTI prepara Encaminhamento,443226.0167611952,complete,,0.0,,,,
Patient_1242,Encaminha_Transferencia Externa,443226.0167611952,complete,,,Transferencia Externa,443226.0167611952,,
Patient_1242,Discharge,443226.0167611952,complete,,,,,,975.5455669580842
Patient_1243,Arrival,442337.74862423324,complete,,0.0,,,,
Patient_1243,Origem_do Centro Cirurgico,442337.74862423324,complete,,,do Centro Cirurgico,442337.74862423324,,
Patient_1243,CTI (CC),442337.74862423324,start,ctiBeds,0.0,,,,
Patient_1243,CTI (CC),442984.3619123483,complete,ctiBeds,0.0,,,,
Patient_1243,CTI prepara Encaminhamento,442984.3619123483,start,,0.0,,,,
Patient_1243,CTI prepara Encaminhamento,443022.8609596487,complete,,0.0,,,,
Patient_1243,Encaminha_para a Clinica Medica,443022.8609596487,complete,,,para a Clinica Medica,443022.8609596487,,
Patient_1243,Discharge,443022.8609596487,complete,,,,,,685.1123354154406
Patient_1244,Arrival,442672.01537933334,complete,,0.0,,,,
Patient_1244,Origem_do Pronto Socorro,442672.01537933334,complete,,,do Pronto Socorro,442672.01537933334,,
Patient_1244,CTI (PS),442672.01537933334,start,ctiBeds,0.0,,,,
Patient_1244,CTI (PS),483649.0280071827,complete,ctiBeds,0.0,,,,
Patient_1244,CTI prepara Encaminhamento,483649.0280071827,start,,0.0,,,,
Patient_1244,CTI prepara Encaminhamento,483694.0555830335,complete,,0.0,,,,
Patient_1244,Encaminha_para a Clinica Medica,483694.0555830335,complete,,,para a Clinica Medica,483694.0555830335,,
Patient_1244,Discharge,483694.0555830335,complete,,,,,,41022.04020370013
Patient_1245,Arrival,442717.5476024353,complete,,0.0,,,,
Patient_1245,Origem_da Clinica Cirurgica,442717.5476024353,complete,,,da Clinica Cirurgica,442717.5476024353,,
Patient_1245,CTI (CLIC),442717.5476024353,start,ctiBeds,0.0,,,,
Patient_1245,CTI (CLIC),452727.28545460454,complete,ctiBeds,0.0,,,,
Patient_1245,CTI prepara Encaminhamento,452727.28545460454,start,,0.0,,,,
Patient_1245,CTI prepara Encaminhamento,452781.8457431124,complete,,0.0,,,,
Patient_1245,Encaminha_Obito,452781.8457431124,complete,,,Obito,452781.8457431124,,
Patient_1245,Discharge,452781.8457431124,complete,,,,,,10064.2981406771
Patient_1246,Arrival,443021.0702484967,complete,,0.0,,,,
Patient_1246,Origem_da Clinica Medica,443021.0702484967,complete,,,da Clinica Medica,443021.0702484967,,
Patient_1246,CTI (CLIM),443021.0702484967,start,ctiBeds,0.0,,,,
Patient_1246,CTI (CLIM),472635.6970526068,complete,ctiBeds,0.0,,,,
Patient_1246,CTI prepara Encaminhamento,472635.6970526068,start,,0.0,,,,
Patient_1246,CTI prepara Encaminhamento,472669.5205641162,complete,,0.0,,,,
Patient_1246,Encaminha_Obito,472669.5205641162,complete,,,Obito,472669.5205641162,,
Patient_1246,Discharge,472669.5205641162,complete,,,,,,29648.45031561947
Patient_1247,Arrival,443272.28036787343,complete,,0.0,,,,
Patient_1247,Origem_do Centro Cirurgico,443272.28036787343,complete,,,do Centro Cirurgico,443272.28036787343,,
Patient_1247,CTI (CC),443272.28036787343,start,ctiBeds,0.0,,,,
Patient_1247,CTI (CC),446876.1049241318,complete,ctiBeds,0.0,,,,
Patient_1247,CTI prepara Encaminhamento,446876.1049241318,start,,0.0,,,,
Patient_1247,CTI prepara Encaminhamento,446912.0333500234,complete,,0.0,,,,
Patient_1247,Encaminha_para a Clinica Cirurgica,446912.0333500234,complete,,,para a Clinica Cirurgica,446912.0333500234,,
Patient_1247,Discharge,446912.0333500234,complete,,,,,,3639.7529821499484
Patient_1248,Arrival,443328.9008392307,complete,,0.0,,,,
Patient_1248,Origem_do Centro Cirurgico,443328.9008392307,complete,,,do Centro Cirurgico,443328.9008392307,,
Patient_1248,CTI (CC),443328.9008392307,start,ctiBeds,0.0,,,,
Patient_1248,CTI (CC),449500.1298163282,complete,ctiBeds,0.0,,,,
Patient_1248,CTI prepara Encaminhamento,449500.1298163282,start,,0.0,,,,
Patient_1248,CTI prepara Encaminhamento,449543.91231546714,complete,,0.0,,,,
Patient_1248,Encaminha_Transferencia Externa,449543.91231546714,complete,,,Transferencia Externa,449543.91231546714,,
Patient_1248,Discharge,449543.91231546714,complete,,,,,,6215.011476236454
Patient_1249,Arrival,443563.58364187606,complete,,0.0,,,,
Patient_1249,Origem_do Pronto Socorro,443563.58364187606,complete,,,do Pronto Socorro,443563.58364187606,,
Patient_1249,CTI (PS),443563.58364187606,start,ctiBeds,0.0,,,,
Patient_1249,CTI (PS),476831.7244508406,complete,ctiBeds,0.0,,,,
Patient_1249,CTI prepara Encaminhamento,476831.7244508406,start,,0.0,,,,
Patient_1249,CTI prepara Encaminhamento,476867.5518585037,complete,,0.0,,,,
Patient_1249,Encaminha_para a Clinica Medica,476867.5518585037,complete,,,para a Clinica Medica,476867.5518585037,,
Patient_1249,Discharge,476867.5518585037,complete,,,,,,33303.96821662766
Patient_125,Arrival,38726.44106404671,complete,,0.0,,,,
Patient_125,Origem_do Centro Cirurgico,38726.44106404671,complete,,,do Centro Cirurgico,38726.44106404671,,
Patient_125,CTI (CC),38726.44106404671,start,ctiBeds,0.0,,,,
Patient_125,CTI (CC),41759.47611872817,complete,ctiBeds,0.0,,,,
Patient_125,CTI prepara Encaminhamento,41759.47611872817,start,,0.0,,,,
Patient_125,CTI prepara Encaminhamento,41812.50338408211,complete,,0.0,,,,
Patient_125,Encaminha_para a Clinica Medica,41812.50338408211,complete,,,para a Clinica Medica,41812.50338408211,,
Patient_125,Discharge,41812.50338408211,complete,,,,,,3086.062320035402
Patient_1250,Arrival,443672.0852042146,complete,,0.0,,,,
Patient_1250,Origem_do Centro Cirurgico,443672.0852042146,complete,,,do Centro Cirurgico,443672.0852042146,,
Patient_1250,CTI (CC),443672.0852042146,start,ctiBeds,0.0,,,,
Patient_1250,CTI (CC),456350.800249853,complete,ctiBeds,0.0,,,,
Patient_1250,CTI prepara Encaminhamento,456350.800249853,start,,0.0,,,,
Patient_1250,CTI prepara Encaminhamento,456389.6670969617,complete,,0.0,,,,
Patient_1250,Encaminha_para a Clinica Cirurgica,456389.6670969617,complete,,,para a Clinica Cirurgica,456389.6670969617,,
Patient_1250,Discharge,456389.6670969617,complete,,,,,,12717.581892747083
Patient_1251,Arrival,443686.5715905702,complete,,0.0,,,,
Patient_1251,Origem_do Centro Cirurgico,443686.5715905702,complete,,,do Centro Cirurgico,443686.5715905702,,
Patient_1251,CTI (CC),443686.5715905702,start,ctiBeds,0.0,,,,
Patient_1251,CTI (CC),445227.44398073654,complete,ctiBeds,0.0,,,,
Patient_1251,CTI prepara Encaminhamento,445227.44398073654,start,,0.0,,,,
Patient_1251,CTI prepara Encaminhamento,445282.15542180446,complete,,0.0,,,,
Patient_1251,Encaminha_para a Clinica Medica,445282.15542180446,complete,,,para a Clinica Medica,445282.15542180446,,
Patient_1251,Discharge,445282.15542180446,complete,,,,,,1595.583831234253
Patient_1252,Arrival,443874.6672186282,complete,,0.0,,,,
Patient_1252,Origem_do Pronto Socorro,443874.6672186282,complete,,,do Pronto Socorro,443874.6672186282,,
Patient_1252,CTI (PS),443874.6672186282,start,ctiBeds,0.0,,,,
Patient_1252,CTI (PS),449657.017345981,complete,ctiBeds,0.0,,,,
Patient_1252,CTI prepara Encaminhamento,449657.017345981,start,,0.0,,,,
Patient_1252,CTI prepara Encaminhamento,449707.1133340736,complete,,0.0,,,,
Patient_1252,Encaminha_Obito,449707.1133340736,complete,,,Obito,449707.1133340736,,
Patient_1252,Discharge,449707.1133340736,complete,,,,,,5832.446115445404
Patient_1253,Arrival,443883.8629722672,complete,,0.0,,,,
Patient_1253,Origem_do Centro Cirurgico,443883.8629722672,complete,,,do Centro Cirurgico,443883.8629722672,,
Patient_1253,CTI (CC),443883.8629722672,start,ctiBeds,0.0,,,,
Patient_1253,CTI (CC),444092.83318815986,complete,ctiBeds,0.0,,,,
Patient_1253,CTI prepara Encaminhamento,444092.83318815986,start,,0.0,,,,
Patient_1253,CTI prepara Encaminhamento,444148.37495001324,complete,,0.0,,,,
Patient_1253,Encaminha_Obito,444148.37495001324,complete,,,Obito,444148.37495001324,,
Patient_1253,Discharge,444148.37495001324,complete,,,,,,264.511977746035
Patient_1254,Arrival,444252.44685220125,complete,,0.0,,,,
Patient_1254,Origem_do Pronto Socorro,444252.44685220125,complete,,,do Pronto Socorro,444252.44685220125,,
Patient_1254,CTI (PS),444252.44685220125,start,ctiBeds,0.0,,,,
Patient_1254,CTI (PS),449792.3205235929,complete,ctiBeds,0.0,,,,
Patient_1254,CTI prepara Encaminhamento,449792.3205235929,start,,0.0,,,,
Patient_1254,CTI prepara Encaminhamento,449836.21003188007,complete,,0.0,,,,
Patient_1254,Encaminha_para a Clinica Medica,449836.21003188007,complete,,,para a Clinica Medica,449836.21003188007,,
Patient_1254,Discharge,449836.21003188007,complete,,,,,,5583.763179678819
Patient_1255,Arrival,444971.2372286215,complete,,0.0,,,,
Patient_1255,Origem_do Centro Cirurgico,444971.2372286215,complete,,,do Centro Cirurgico,444971.2372286215,,
Patient_1255,CTI (CC),444971.2372286215,start,ctiBeds,0.0,,,,
Patient_1255,CTI (CC),449361.4475916777,complete,ctiBeds,0.0,,,,
Patient_1255,CTI prepara Encaminhamento,449361.4475916777,start,,0.0,,,,
Patient_1255,CTI prepara Encaminhamento,449414.4662465875,complete,,0.0,,,,
Patient_1255,Encaminha_Transferencia Externa,449414.4662465875,complete,,,Transferencia Externa,449414.4662465875,,
Patient_1255,Discharge,449414.4662465875,complete,,,,,,4443.2290179660195
Patient_1256,Arrival,445008.2444490034,complete,,0.0,,,,
Patient_1256,Origem_da Clinica Cirurgica,445008.2444490034,complete,,,da Clinica Cirurgica,445008.2444490034,,
Patient_1256,CTI (CLIC),445008.2444490034,start,ctiBeds,0.0,,,,
Patient_1256,CTI (CLIC),445938.26425657317,complete,ctiBeds,0.0,,,,
Patient_1256,CTI prepara Encaminhamento,445938.26425657317,start,,0.0,,,,
Patient_1256,CTI prepara Encaminhamento,445995.42491311074,complete,,0.0,,,,
Patient_1256,Encaminha_para a Clinica Cirurgica,445995.42491311074,complete,,,para a Clinica Cirurgica,445995.42491311074,,
Patient_1256,Discharge,445995.42491311074,complete,,,,,,987.1804641073104
Patient_1257,Arrival,445059.2380658289,complete,,0.0,,,,
Patient_1257,Origem_do Centro Cirurgico,445059.2380658289,complete,,,do Centro Cirurgico,445059.2380658289,,
Patient_1257,CTI (CC),445059.2380658289,start,ctiBeds,0.0,,,,
Patient_1257,CTI (CC),447963.7655275399,complete,ctiBeds,0.0,,,,
Patient_1257,CTI prepara Encaminhamento,447963.7655275399,start,,0.0,,,,
Patient_1257,CTI prepara Encaminhamento,448007.1422008452,complete,,0.0,,,,
Patient_1257,Encaminha_para a Clinica Medica,448007.1422008452,complete,,,para a Clinica Medica,448007.1422008452,,
Patient_1257,Discharge,448007.1422008452,complete,,,,,,2947.904135016259
Patient_1258,Arrival,445557.9092959776,complete,,0.0,,,,
Patient_1258,Origem_do Pronto Socorro,445557.9092959776,complete,,,do Pronto Socorro,445557.9092959776,,
Patient_1258,CTI (PS),445557.9092959776,start,ctiBeds,0.0,,,,
Patient_1258,CTI (PS),450899.1096441182,complete,ctiBeds,0.0,,,,
Patient_1258,CTI prepara Encaminhamento,450899.1096441182,start,,0.0,,,,
Patient_1258,CTI prepara Encaminhamento,450957.888920319,complete,,0.0,,,,
Patient_1258,Encaminha_Obito,450957.888920319,complete,,,Obito,450957.888920319,,
Patient_1258,Discharge,450957.888920319,complete,,,,,,5399.979624341358
Patient_1259,Arrival,445950.06203937554,complete,,0.0,,,,
Patient_1259,Origem_da Clinica Cirurgica,445950.06203937554,complete,,,da Clinica Cirurgica,445950.06203937554,,
Patient_1259,CTI (CLIC),445950.06203937554,start,ctiBeds,0.0,,,,
Patient_1259,CTI (CLIC),448576.41707141494,complete,ctiBeds,0.0,,,,
Patient_1259,CTI prepara Encaminhamento,448576.41707141494,start,,0.0,,,,
Patient_1259,CTI prepara Encaminhamento,448610.7456888976,complete,,0.0,,,,
Patient_1259,Encaminha_para a Clinica Medica,448610.7456888976,complete,,,para a Clinica Medica,448610.7456888976,,
Patient_1259,Discharge,448610.7456888976,complete,,,,,,2660.6836495220778
Patient_126,Arrival,38797.76820906144,complete,,0.0,,,,
Patient_126,Origem_da Clinica Medica,38797.76820906144,complete,,,da Clinica Medica,38797.76820906144,,
Patient_126,CTI (CLIM),38797.76820906144,start,ctiBeds,0.0,,,,
Patient_126,CTI (CLIM),62716.86774109879,complete,ctiBeds,0.0,,,,
Patient_126,CTI prepara Encaminhamento,62716.86774109879,start,,0.0,,,,
Patient_126,CTI prepara Encaminhamento,62772.09729884355,complete,,0.0,,,,
Patient_126,Encaminha_para a Clinica Cirurgica,62772.09729884355,complete,,,para a Clinica Cirurgica,62772.09729884355,,
Patient_126,Discharge,62772.09729884355,complete,,,,,,23974.329089782113
Patient_1260,Arrival,446603.3255980309,complete,,0.0,,,,
Patient_1260,Origem_do Centro Cirurgico,446603.3255980309,complete,,,do Centro Cirurgico,446603.3255980309,,
Patient_1260,CTI (CC),446603.3255980309,start,ctiBeds,0.0,,,,
Patient_1260,CTI (CC),447122.5783655162,complete,ctiBeds,0.0,,,,
Patient_1260,CTI prepara Encaminhamento,447122.5783655162,start,,0.0,,,,
Patient_1260,CTI prepara Encaminhamento,447168.4889182622,complete,,0.0,,,,
Patient_1260,Encaminha_para a Clinica Medica,447168.4889182622,complete,,,para a Clinica Medica,447168.4889182622,,
Patient_1260,Discharge,447168.4889182622,complete,,,,,,565.1633202313096
Patient_1261,Arrival,446931.311399895,complete,,0.0,,,,
Patient_1261,Origem_do Pronto Socorro,446931.311399895,complete,,,do Pronto Socorro,446931.311399895,,
Patient_1261,CTI (PS),446931.311399895,start,ctiBeds,0.0,,,,
Patient_1261,CTI (PS),470225.6427311967,complete,ctiBeds,0.0,,,,
Patient_1261,CTI prepara Encaminhamento,470225.6427311967,start,,0.0,,,,
Patient_1261,CTI prepara Encaminhamento,470277.5596566273,complete,,0.0,,,,
Patient_1261,Encaminha_para a Clinica Cirurgica,470277.5596566273,complete,,,para a Clinica Cirurgica,470277.5596566273,,
Patient_1261,Discharge,470277.5596566273,complete,,,,,,23346.248256732302
Patient_1262,Arrival,446956.7026790812,complete,,0.0,,,,
Patient_1262,Origem_do Centro Cirurgico,446956.7026790812,complete,,,do Centro Cirurgico,446956.7026790812,,
Patient_1262,CTI (CC),446956.7026790812,start,ctiBeds,0.0,,,,
Patient_1262,CTI (CC),457657.84452460037,complete,ctiBeds,0.0,,,,
Patient_1262,CTI prepara Encaminhamento,457657.84452460037,start,,0.0,,,,
Patient_1262,CTI prepara Encaminhamento,457699.743907838,complete,,0.0,,,,
Patient_1262,Encaminha_para a Clinica Medica,457699.743907838,complete,,,para a Clinica Medica,457699.743907838,,
Patient_1262,Discharge,457699.743907838,complete,,,,,,10743.041228756832
Patient_1263,Arrival,447258.9362095048,complete,,0.0,,,,
Patient_1263,Origem_do Pronto Socorro,447258.9362095048,complete,,,do Pronto Socorro,447258.9362095048,,
Patient_1263,CTI (PS),447258.9362095048,start,ctiBeds,0.0,,,,
Patient_1263,CTI (PS),455001.56445430865,complete,ctiBeds,0.0,,,,
Patient_1263,CTI prepara Encaminhamento,455001.56445430865,start,,0.0,,,,
Patient_1263,CTI prepara Encaminhamento,455035.7679777907,complete,,0.0,,,,
Patient_1263,Encaminha_para a Clinica Cirurgica,455035.7679777907,complete,,,para a Clinica Cirurgica,455035.7679777907,,
Patient_1263,Discharge,455035.7679777907,complete,,,,,,7776.831768285891
Patient_1264,Arrival,448697.3683627907,complete,,0.0,,,,
Patient_1264,Origem_do Centro Cirurgico,448697.3683627907,complete,,,do Centro Cirurgico,448697.3683627907,,
Patient_1264,CTI (CC),448697.3683627907,start,ctiBeds,0.0,,,,
Patient_1264,CTI (CC),454005.7757297626,complete,ctiBeds,0.0,,,,
Patient_1264,CTI prepara Encaminhamento,454005.7757297626,start,,0.0,,,,
Patient_1264,CTI prepara Encaminhamento,454046.7749874521,complete,,0.0,,,,
Patient_1264,Encaminha_para a Clinica Medica,454046.7749874521,complete,,,para a Clinica Medica,454046.7749874521,,
Patient_1264,Discharge,454046.7749874521,complete,,,,,,5349.406624661409
Patient_1265,Arrival,448823.7000265122,complete,,0.0,,,,
Patient_1265,Origem_do Pronto Socorro,448823.7000265122,complete,,,do Pronto Socorro,448823.7000265122,,
Patient_1265,CTI (PS),448823.7000265122,start,ctiBeds,0.0,,,,
Patient_1265,CTI (PS),450153.94151653233,complete,ctiBeds,0.0,,,,
Patient_1265,CTI prepara Encaminhamento,450153.94151653233,start,,0.0,,,,
Patient_1265,CTI prepara Encaminhamento,450204.5191667011,complete,,0.0,,,,
Patient_1265,Encaminha_para a Clinica Cirurgica,450204.5191667011,complete,,,para a Clinica Cirurgica,450204.5191667011,,
Patient_1265,Discharge,450204.5191667011,complete,,,,,,1380.8191401889198
Patient_1266,Arrival,448935.36264878133,complete,,0.0,,,,
Patient_1266,Origem_do Pronto Socorro,448935.36264878133,complete,,,do Pronto Socorro,448935.36264878133,,
Patient_1266,CTI (PS),448935.36264878133,start,ctiBeds,0.0,,,,
Patient_1266,CTI (PS),457787.5370731043,complete,ctiBeds,0.0,,,,
Patient_1266,CTI prepara Encaminhamento,457787.5370731043,start,,0.0,,,,
Patient_1266,CTI prepara Encaminhamento,457826.1652101636,complete,,0.0,,,,
Patient_1266,Encaminha_para a Clinica Medica,457826.1652101636,complete,,,para a Clinica Medica,457826.1652101636,,
Patient_1266,Discharge,457826.1652101636,complete,,,,,,8890.802561382297
Patient_1267,Arrival,449104.1992206064,complete,,0.0,,,,
Patient_1267,Origem_do Pronto Socorro,449104.1992206064,complete,,,do Pronto Socorro,449104.1992206064,,
Patient_1267,CTI (PS),449104.1992206064,start,ctiBeds,0.0,,,,
Patient_1267,CTI (PS),464147.2876039074,complete,ctiBeds,0.0,,,,
Patient_1267,CTI prepara Encaminhamento,464147.2876039074,start,,0.0,,,,
Patient_1267,CTI prepara Encaminhamento,464181.1759177116,complete,,0.0,,,,
Patient_1267,Encaminha_para a Clinica Medica,464181.1759177116,complete,,,para a Clinica Medica,464181.1759177116,,
Patient_1267,Discharge,464181.1759177116,complete,,,,,,15076.976697105158
Patient_1268,Arrival,450928.720765692,complete,,0.0,,,,
Patient_1268,Origem_do Centro Cirurgico,450928.720765692,complete,,,do Centro Cirurgico,450928.720765692,,
Patient_1268,CTI (CC),450928.720765692,start,ctiBeds,0.0,,,,
Patient_1268,CTI (CC),462365.2961730547,complete,ctiBeds,0.0,,,,
Patient_1268,CTI prepara Encaminhamento,462365.2961730547,start,,0.0,,,,
Patient_1268,CTI prepara Encaminhamento,462399.9288540473,complete,,0.0,,,,
Patient_1268,Encaminha_para a Clinica Cirurgica,462399.9288540473,complete,,,para a Clinica Cirurgica,462399.9288540473,,
Patient_1268,Discharge,462399.9288540473,complete,,,,,,11471.208088355314
Patient_1269,Arrival,450966.53004864836,complete,,0.0,,,,
Patient_1269,Origem_do Pronto Socorro,450966.53004864836,complete,,,do Pronto Socorro,450966.53004864836,,
Patient_1269,CTI (PS),450966.53004864836,start,ctiBeds,0.0,,,,
Patient_1269,CTI (PS),470884.8888865958,complete,ctiBeds,0.0,,,,
Patient_1269,CTI prepara Encaminhamento,470884.8888865958,start,,0.0,,,,
Patient_1269,CTI prepara Encaminhamento,470937.6103570991,complete,,0.0,,,,
Patient_1269,Encaminha_Transferencia Externa,470937.6103570991,complete,,,Transferencia Externa,470937.6103570991,,
Patient_1269,Discharge,470937.6103570991,complete,,,,,,19971.080308450735
Patient_127,Arrival,39670.98869657203,complete,,0.0,,,,
Patient_127,Origem_da Clinica Medica,39670.98869657203,complete,,,da Clinica Medica,39670.98869657203,,
Patient_127,CTI (CLIM),39670.98869657203,start,ctiBeds,0.0,,,,
Patient_127,CTI (CLIM),40103.24213398998,complete,ctiBeds,0.0,,,,
Patient_127,CTI prepara Encaminhamento,40103.24213398998,start,,0.0,,,,
Patient_127,CTI prepara Encaminhamento,40140.18129451455,complete,,0.0,,,,
Patient_127,Encaminha_para a Clinica Medica,40140.18129451455,complete,,,para a Clinica Medica,40140.18129451455,,
Patient_127,Discharge,40140.18129451455,complete,,,,,,469.1925979425214
Patient_1270,Arrival,450982.10031130625,complete,,0.0,,,,
Patient_1270,Origem_do Centro Cirurgico,450982.10031130625,complete,,,do Centro Cirurgico,450982.10031130625,,
Patient_1270,CTI (CC),450982.10031130625,start,ctiBeds,0.0,,,,
Patient_1270,CTI (CC),453685.890985851,complete,ctiBeds,0.0,,,,
Patient_1270,CTI prepara Encaminhamento,453685.890985851,start,,0.0,,,,
Patient_1270,CTI prepara Encaminhamento,453720.84103500634,complete,,0.0,,,,
Patient_1270,Encaminha_para a Clinica Medica,453720.84103500634,complete,,,para a Clinica Medica,453720.84103500634,,
Patient_1270,Discharge,453720.84103500634,complete,,,,,,2738.740723700088
Patient_1271,Arrival,451082.0738577345,complete,,0.0,,,,
Patient_1271,Origem_do Pronto Socorro,451082.0738577345,complete,,,do Pronto Socorro,451082.0738577345,,
Patient_1271,CTI (PS),451082.0738577345,start,ctiBeds,0.0,,,,
Patient_1271,CTI (PS),454126.5389253874,complete,ctiBeds,0.0,,,,
Patient_1271,CTI prepara Encaminhamento,454126.5389253874,start,,0.0,,,,
Patient_1271,CTI prepara Encaminhamento,454165.66382478166,complete,,0.0,,,,
Patient_1271,Encaminha_para a Clinica Medica,454165.66382478166,complete,,,para a Clinica Medica,454165.66382478166,,
Patient_1271,Discharge,454165.66382478166,complete,,,,,,3083.5899670471554
Patient_1272,Arrival,451389.80120180803,complete,,0.0,,,,
Patient_1272,Origem_do Pronto Socorro,451389.80120180803,complete,,,do Pronto Socorro,451389.80120180803,,
Patient_1272,CTI (PS),451389.80120180803,start,ctiBeds,0.0,,,,
Patient_1272,CTI (PS),460656.96360343206,complete,ctiBeds,0.0,,,,
Patient_1272,CTI prepara Encaminhamento,460656.96360343206,start,,0.0,,,,
Patient_1272,CTI prepara Encaminhamento,460694.20154703304,complete,,0.0,,,,
Patient_1272,Encaminha_para a Clinica Cirurgica,460694.20154703304,complete,,,para a Clinica Cirurgica,460694.20154703304,,
Patient_1272,Discharge,460694.20154703304,complete,,,,,,9304.400345225004
Patient_1273,Arrival,451658.8170866127,complete,,0.0,,,,
Patient_1273,Origem_do Pronto Socorro,451658.8170866127,complete,,,do Pronto Socorro,451658.8170866127,,
Patient_1273,CTI (PS),451658.8170866127,start,ctiBeds,0.0,,,,
Patient_1273,CTI (PS),455281.8397996825,complete,ctiBeds,0.0,,,,
Patient_1273,CTI prepara Encaminhamento,455281.8397996825,start,,0.0,,,,
Patient_1273,CTI prepara Encaminhamento,455314.9703244689,complete,,0.0,,,,
Patient_1273,Encaminha_para a Clinica Medica,455314.9703244689,complete,,,para a Clinica Medica,455314.9703244689,,
Patient_1273,Discharge,455314.9703244689,complete,,,,,,3656.153237856226
Patient_1274,Arrival,451727.14200033806,complete,,0.0,,,,
Patient_1274,Origem_do Centro Cirurgico,451727.14200033806,complete,,,do Centro Cirurgico,451727.14200033806,,
Patient_1274,CTI (CC),451727.14200033806,start,ctiBeds,0.0,,,,
Patient_1274,CTI (CC),456997.4188092682,complete,ctiBeds,0.0,,,,
Patient_1274,CTI prepara Encaminhamento,456997.4188092682,start,,0.0,,,,
Patient_1274,CTI prepara Encaminhamento,457052.00426669314,complete,,0.0,,,,
Patient_1274,Encaminha_para a Clinica Cirurgica,457052.00426669314,complete,,,para a Clinica Cirurgica,457052.00426669314,,
Patient_1274,Discharge,457052.00426669314,complete,,,,,,5324.862266355078
Patient_1275,Arrival,452122.09525641764,complete,,0.0,,,,
Patient_1275,Origem_da Clinica Medica,452122.09525641764,complete,,,da Clinica Medica,452122.09525641764,,
Patient_1275,CTI (CLIM),452122.09525641764,start,ctiBeds,0.0,,,,
Patient_1275,CTI (CLIM),458948.56443043496,complete,ctiBeds,0.0,,,,
Patient_1275,CTI prepara Encaminhamento,458948.56443043496,start,,0.0,,,,
Patient_1275,CTI prepara Encaminhamento,459001.9839420491,complete,,0.0,,,,
Patient_1275,Encaminha_Transferencia Externa,459001.9839420491,complete,,,Transferencia Externa,459001.9839420491,,
Patient_1275,Discharge,459001.9839420491,complete,,,,,,6879.888685631449
Patient_1276,Arrival,452161.58735677536,complete,,0.0,,,,
Patient_1276,Origem_da Clinica Cirurgica,452161.58735677536,complete,,,da Clinica Cirurgica,452161.58735677536,,
Patient_1276,CTI (CLIC),452161.58735677536,start,ctiBeds,0.0,,,,
Patient_1276,CTI (CLIC),464542.64695033064,complete,ctiBeds,0.0,,,,
Patient_1276,CTI prepara Encaminhamento,464542.64695033064,start,,0.0,,,,
Patient_1276,CTI prepara Encaminhamento,464573.2316191449,complete,,0.0,,,,
Patient_1276,Encaminha_para a Clinica Medica,464573.2316191449,complete,,,para a Clinica Medica,464573.2316191449,,
Patient_1276,Discharge,464573.2316191449,complete,,,,,,12411.644262369548
Patient_1277,Arrival,452214.3390240562,complete,,0.0,,,,
Patient_1277,Origem_do Pronto Socorro,452214.3390240562,complete,,,do Pronto Socorro,452214.3390240562,,
Patient_1277,CTI (PS),452214.3390240562,start,ctiBeds,0.0,,,,
Patient_1277,CTI (PS),455817.30750088743,complete,ctiBeds,0.0,,,,
Patient_1277,CTI prepara Encaminhamento,455817.30750088743,start,,0.0,,,,
Patient_1277,CTI prepara Encaminhamento,455867.9712208259,complete,,0.0,,,,
Patient_1277,Encaminha_Obito,455867.9712208259,complete,,,Obito,455867.9712208259,,
Patient_1277,Discharge,455867.9712208259,complete,,,,,,3653.6321967697004
Patient_1278,Arrival,452690.2953392601,complete,,0.0,,,,
Patient_1278,Origem_do Pronto Socorro,452690.2953392601,complete,,,do Pronto Socorro,452690.2953392601,,
Patient_1278,CTI (PS),452690.2953392601,start,ctiBeds,0.0,,,,
Patient_1278,CTI (PS),459499.4191948753,complete,ctiBeds,0.0,,,,
Patient_1278,CTI prepara Encaminhamento,459499.4191948753,start,,0.0,,,,
Patient_1278,CTI prepara Encaminhamento,459540.8831049147,complete,,0.0,,,,
Patient_1278,Encaminha_para a Clinica Cirurgica,459540.8831049147,complete,,,para a Clinica Cirurgica,459540.8831049147,,
Patient_1278,Discharge,459540.8831049147,complete,,,,,,6850.587765654607
Patient_1279,Arrival,453344.0652711581,complete,,0.0,,,,
Patient_1279,Origem_do Pronto Socorro,453344.0652711581,complete,,,do Pronto Socorro,453344.0652711581,,
Patient_1279,CTI (PS),453344.0652711581,start,ctiBeds,0.0,,,,
Patient_1279,CTI (PS),454608.0416739328,complete,ctiBeds,0.0,,,,
Patient_1279,CTI prepara Encaminhamento,454608.0416739328,start,,0.0,,,,
Patient_1279,CTI prepara Encaminhamento,454658.6699422578,complete,,0.0,,,,
Patient_1279,Encaminha_para a Clinica Medica,454658.6699422578,complete,,,para a Clinica Medica,454658.6699422578,,
Patient_1279,Discharge,454658.6699422578,complete,,,,,,1314.6046710996889
Patient_128,Arrival,39738.36801442827,complete,,0.0,,,,
Patient_128,Origem_do Centro Cirurgico,39738.36801442827,complete,,,do Centro Cirurgico,39738.36801442827,,
Patient_128,CTI (CC),39738.36801442827,start,ctiBeds,0.0,,,,
Patient_128,CTI (CC),42044.6708511733,complete,ctiBeds,0.0,,,,
Patient_128,CTI prepara Encaminhamento,42044.6708511733,start,,0.0,,,,
Patient_128,CTI prepara Encaminhamento,42076.20034347463,complete,,0.0,,,,
Patient_128,Encaminha_Transferencia Externa,42076.20034347463,complete,,,Transferencia Externa,42076.20034347463,,
Patient_128,Discharge,42076.20034347463,complete,,,,,,2337.8323290463595
Patient_1280,Arrival,453800.1552430138,complete,,0.0,,,,
Patient_1280,Origem_do Centro Cirurgico,453800.1552430138,complete,,,do Centro Cirurgico,453800.1552430138,,
Patient_1280,CTI (CC),453800.1552430138,start,ctiBeds,0.0,,,,
Patient_1280,CTI (CC),462884.49990331207,complete,ctiBeds,0.0,,,,
Patient_1280,CTI prepara Encaminhamento,462884.49990331207,start,,0.0,,,,
Patient_1280,CTI prepara Encaminhamento,462918.25400613504,complete,,0.0,,,,
Patient_1280,Encaminha_para a Clinica Cirurgica,462918.25400613504,complete,,,para a Clinica Cirurgica,462918.25400613504,,
Patient_1280,Discharge,462918.25400613504,complete,,,,,,9118.098763121234
Patient_1281,Arrival,454225.46548278787,complete,,0.0,,,,
Patient_1281,Origem_do Centro Cirurgico,454225.46548278787,complete,,,do Centro Cirurgico,454225.46548278787,,
Patient_1281,CTI (CC),454225.46548278787,start,ctiBeds,0.0,,,,
Patient_1281,CTI (CC),456494.3380369872,complete,ctiBeds,0.0,,,,
Patient_1281,CTI prepara Encaminhamento,456494.3380369872,start,,0.0,,,,
Patient_1281,CTI prepara Encaminhamento,456528.01235191914,complete,,0.0,,,,
Patient_1281,Encaminha_Obito,456528.01235191914,complete,,,Obito,456528.01235191914,,
Patient_1281,Discharge,456528.01235191914,complete,,,,,,2302.546869131271
Patient_1282,Arrival,456382.1668020808,complete,,0.0,,,,
Patient_1282,Origem_do Pronto Socorro,456382.1668020808,complete,,,do Pronto Socorro,456382.1668020808,,
Patient_1282,CTI (PS),456382.1668020808,start,ctiBeds,0.0,,,,
Patient_1282,CTI (PS),463153.2444578016,complete,ctiBeds,0.0,,,,
Patient_1282,CTI prepara Encaminhamento,463153.2444578016,start,,0.0,,,,
Patient_1282,CTI prepara Encaminhamento,463192.19571542117,complete,,0.0,,,,
Patient_1282,Encaminha_Obito,463192.19571542117,complete,,,Obito,463192.19571542117,,
Patient_1282,Discharge,463192.19571542117,complete,,,,,,6810.028913340357
Patient_1283,Arrival,456384.3635756727,complete,,0.0,,,,
Patient_1283,Origem_da Clinica Cirurgica,456384.3635756727,complete,,,da Clinica Cirurgica,456384.3635756727,,
Patient_1283,CTI (CLIC),456384.3635756727,start,ctiBeds,0.0,,,,
Patient_1283,CTI (CLIC),460567.0740539025,complete,ctiBeds,0.0,,,,
Patient_1283,CTI prepara Encaminhamento,460567.0740539025,start,,0.0,,,,
Patient_1283,CTI prepara Encaminhamento,460623.82895279233,complete,,0.0,,,,
Patient_1283,Encaminha_Obito,460623.82895279233,complete,,,Obito,460623.82895279233,,
Patient_1283,Discharge,460623.82895279233,complete,,,,,,4239.465377119661
Patient_1284,Arrival,456493.2265674297,complete,,0.0,,,,
Patient_1284,Origem_do Centro Cirurgico,456493.2265674297,complete,,,do Centro Cirurgico,456493.2265674297,,
Patient_1284,CTI (CC),456493.2265674297,start,ctiBeds,0.0,,,,
Patient_1284,CTI (CC),470662.9343589628,complete,ctiBeds,0.0,,,,
Patient_1284,CTI prepara Encaminhamento,470662.9343589628,start,,0.0,,,,
Patient_1284,CTI prepara Encaminhamento,470715.386609305,complete,,0.0,,,,
Patient_1284,Encaminha_para a Clinica Cirurgica,470715.386609305,complete,,,para a Clinica Cirurgica,470715.386609305,,
Patient_1284,Discharge,470715.386609305,complete,,,,,,14222.160041875264
Patient_1285,Arrival,456590.80572858464,complete,,0.0,,,,
Patient_1285,Origem_do Centro Cirurgico,456590.80572858464,complete,,,do Centro Cirurgico,456590.80572858464,,
Patient_1285,CTI (CC),456590.80572858464,start,ctiBeds,0.0,,,,
Patient_1285,CTI (CC),458889.046110605,complete,ctiBeds,0.0,,,,
Patient_1285,CTI prepara Encaminhamento,458889.046110605,start,,0.0,,,,
Patient_1285,CTI prepara Encaminhamento,458948.34902714274,complete,,0.0,,,,
Patient_1285,Encaminha_para a Clinica Medica,458948.34902714274,complete,,,para a Clinica Medica,458948.34902714274,,
Patient_1285,Discharge,458948.34902714274,complete,,,,,,2357.543298558099
Patient_1286,Arrival,456815.22063484567,complete,,0.0,,,,
Patient_1286,Origem_do Centro Cirurgico,456815.22063484567,complete,,,do Centro Cirurgico,456815.22063484567,,
Patient_1286,CTI (CC),456815.22063484567,start,ctiBeds,0.0,,,,
Patient_1286,CTI (CC),462525.1579161159,complete,ctiBeds,0.0,,,,
Patient_1286,CTI prepara Encaminhamento,462525.1579161159,start,,0.0,,,,
Patient_1286,CTI prepara Encaminhamento,462577.7168779731,complete,,0.0,,,,
Patient_1286,Encaminha_Obito,462577.7168779731,complete,,,Obito,462577.7168779731,,
Patient_1286,Discharge,462577.7168779731,complete,,,,,,5762.496243127447
Patient_1287,Arrival,457183.89347065444,complete,,0.0,,,,
Patient_1287,Origem_do Centro Cirurgico,457183.89347065444,complete,,,do Centro Cirurgico,457183.89347065444,,
Patient_1287,CTI (CC),457183.89347065444,start,ctiBeds,0.0,,,,
Patient_1287,CTI (CC),461398.3407486422,complete,ctiBeds,0.0,,,,
Patient_1287,CTI prepara Encaminhamento,461398.3407486422,start,,0.0,,,,
Patient_1287,CTI prepara Encaminhamento,461440.43039488257,complete,,0.0,,,,
Patient_1287,Encaminha_para a Clinica Cirurgica,461440.43039488257,complete,,,para a Clinica Cirurgica,461440.43039488257,,
Patient_1287,Discharge,461440.43039488257,complete,,,,,,4256.53692422813
Patient_1288,Arrival,457704.7051115696,complete,,0.0,,,,
Patient_1288,Origem_do Pronto Socorro,457704.7051115696,complete,,,do Pronto Socorro,457704.7051115696,,
Patient_1288,CTI (PS),457704.7051115696,start,ctiBeds,0.0,,,,
Patient_1288,CTI (PS),501537.1644740801,complete,ctiBeds,0.0,,,,
Patient_1288,CTI prepara Encaminhamento,501537.1644740801,start,,0.0,,,,
Patient_1288,CTI prepara Encaminhamento,501570.2030042624,complete,,0.0,,,,
Patient_1288,Encaminha_para a Clinica Medica,501570.2030042624,complete,,,para a Clinica Medica,501570.2030042624,,
Patient_1288,Discharge,501570.2030042624,complete,,,,,,43865.4978926928
Patient_1289,Arrival,459200.5507472917,complete,,0.0,,,,
Patient_1289,Origem_da Clinica Cirurgica,459200.5507472917,complete,,,da Clinica Cirurgica,459200.5507472917,,
Patient_1289,CTI (CLIC),459200.5507472917,start,ctiBeds,0.0,,,,
Patient_1289,CTI (CLIC),459385.63851593254,complete,ctiBeds,0.0,,,,
Patient_1289,CTI prepara Encaminhamento,459385.63851593254,start,,0.0,,,,
Patient_1289,CTI prepara Encaminhamento,459438.0939883551,complete,,0.0,,,,
Patient_1289,Encaminha_para a Clinica Medica,459438.0939883551,complete,,,para a Clinica Medica,459438.0939883551,,
Patient_1289,Discharge,459438.0939883551,complete,,,,,,237.5432410633657
Patient_129,Arrival,40139.92249848921,complete,,0.0,,,,
Patient_129,Origem_do Pronto Socorro,40139.92249848921,complete,,,do Pronto Socorro,40139.92249848921,,
Patient_129,CTI (PS),40139.92249848921,start,ctiBeds,0.0,,,,
Patient_129,CTI (PS),45459.09364237874,complete,ctiBeds,0.0,,,,
Patient_129,CTI prepara Encaminhamento,45459.09364237874,start,,0.0,,,,
Patient_129,CTI prepara Encaminhamento,45502.458045064086,complete,,0.0,,,,
Patient_129,Encaminha_para a Clinica Medica,45502.458045064086,complete,,,para a Clinica Medica,45502.458045064086,,
Patient_129,Discharge,45502.458045064086,complete,,,,,,5362.535546574873
Patient_1290,Arrival,459502.9113593644,complete,,0.0,,,,
Patient_1290,Origem_do Centro Cirurgico,459502.9113593644,complete,,,do Centro Cirurgico,459502.9113593644,,
Patient_1290,CTI (CC),459502.9113593644,start,ctiBeds,0.0,,,,
Patient_1290,CTI (CC),464300.1007367505,complete,ctiBeds,0.0,,,,
Patient_1290,CTI prepara Encaminhamento,464300.1007367505,start,,0.0,,,,
Patient_1290,CTI prepara Encaminhamento,464345.27116915706,complete,,0.0,,,,
Patient_1290,Encaminha_para a Clinica Medica,464345.27116915706,complete,,,para a Clinica Medica,464345.27116915706,,
Patient_1290,Discharge,464345.27116915706,complete,,,,,,4842.359809792659
Patient_1291,Arrival,459814.65120555536,complete,,0.0,,,,
Patient_1291,Origem_do Centro Cirurgico,459814.65120555536,complete,,,do Centro Cirurgico,459814.65120555536,,
Patient_1291,CTI (CC),459814.65120555536,start,ctiBeds,0.0,,,,
Patient_1291,CTI (CC),461358.9665395613,complete,ctiBeds,0.0,,,,
Patient_1291,CTI prepara Encaminhamento,461358.9665395613,start,,0.0,,,,
Patient_1291,CTI prepara Encaminhamento,461396.09206584084,complete,,0.0,,,,
Patient_1291,Encaminha_Obito,461396.09206584084,complete,,,Obito,461396.09206584084,,
Patient_1291,Discharge,461396.09206584084,complete,,,,,,1581.440860285482
Patient_1292,Arrival,460410.59920198197,complete,,0.0,,,,
Patient_1292,Origem_da Clinica Medica,460410.59920198197,complete,,,da Clinica Medica,460410.59920198197,,
Patient_1292,CTI (CLIM),460410.59920198197,start,ctiBeds,0.0,,,,
Patient_1292,CTI (CLIM),462811.5629435929,complete,ctiBeds,0.0,,,,
Patient_1292,CTI prepara Encaminhamento,462811.5629435929,start,,0.0,,,,
Patient_1292,CTI prepara Encaminhamento,462843.17719520774,complete,,0.0,,,,
Patient_1292,Encaminha_para a Clinica Cirurgica,462843.17719520774,complete,,,para a Clinica Cirurgica,462843.17719520774,,
Patient_1292,Discharge,462843.17719520774,complete,,,,,,2432.577993225772
Patient_1293,Arrival,461046.9851940664,complete,,0.0,,,,
Patient_1293,Origem_do Centro Cirurgico,461046.9851940664,complete,,,do Centro Cirurgico,461046.9851940664,,
Patient_1293,CTI (CC),461046.9851940664,start,ctiBeds,0.0,,,,
Patient_1293,CTI (CC),462599.45655887044,complete,ctiBeds,0.0,,,,
Patient_1293,CTI prepara Encaminhamento,462599.45655887044,start,,0.0,,,,
Patient_1293,CTI prepara Encaminhamento,462649.8509908997,complete,,0.0,,,,
Patient_1293,Encaminha_para a Clinica Medica,462649.8509908997,complete,,,para a Clinica Medica,462649.8509908997,,
Patient_1293,Discharge,462649.8509908997,complete,,,,,,1602.865796833299
Patient_1294,Arrival,461282.10406734265,complete,,0.0,,,,
Patient_1294,Origem_do Pronto Socorro,461282.10406734265,complete,,,do Pronto Socorro,461282.10406734265,,
Patient_1294,CTI (PS),461282.10406734265,start,ctiBeds,0.0,,,,
Patient_1294,CTI (PS),466748.6840913698,complete,ctiBeds,0.0,,,,
Patient_1294,CTI prepara Encaminhamento,466748.6840913698,start,,0.0,,,,
Patient_1294,CTI prepara Encaminhamento,466779.41772415733,complete,,0.0,,,,
Patient_1294,Encaminha_para a Clinica Medica,466779.41772415733,complete,,,para a Clinica Medica,466779.41772415733,,
Patient_1294,Discharge,466779.41772415733,complete,,,,,,5497.313656814687
Patient_1295,Arrival,461611.0328647654,complete,,0.0,,,,
Patient_1295,Origem_do Pronto Socorro,461611.0328647654,complete,,,do Pronto Socorro,461611.0328647654,,
Patient_1295,CTI (PS),461611.0328647654,start,ctiBeds,0.0,,,,
Patient_1295,CTI (PS),464419.3129278793,complete,ctiBeds,0.0,,,,
Patient_1295,CTI prepara Encaminhamento,464419.3129278793,start,,0.0,,,,
Patient_1295,CTI prepara Encaminhamento,464472.15248327807,complete,,0.0,,,,
Patient_1295,Encaminha_para a Clinica Cirurgica,464472.15248327807,complete,,,para a Clinica Cirurgica,464472.15248327807,,
Patient_1295,Discharge,464472.15248327807,complete,,,,,,2861.11961851269
Patient_1296,Arrival,461613.9828429112,complete,,0.0,,,,
Patient_1296,Origem_do Centro Cirurgico,461613.9828429112,complete,,,do Centro Cirurgico,461613.9828429112,,
Patient_1296,CTI (CC),461613.9828429112,start,ctiBeds,0.0,,,,
Patient_1296,CTI (CC),469676.75949499925,complete,ctiBeds,0.0,,,,
Patient_1296,CTI prepara Encaminhamento,469676.75949499925,start,,0.0,,,,
Patient_1296,CTI prepara Encaminhamento,469708.78877795796,complete,,0.0,,,,
Patient_1296,Encaminha_para a Clinica Medica,469708.78877795796,complete,,,para a Clinica Medica,469708.78877795796,,
Patient_1296,Discharge,469708.78877795796,complete,,,,,,8094.805935046752
Patient_1297,Arrival,461836.37895354006,complete,,0.0,,,,
Patient_1297,Origem_da Clinica Medica,461836.37895354006,complete,,,da Clinica Medica,461836.37895354006,,
Patient_1297,CTI (CLIM),461836.37895354006,start,ctiBeds,0.0,,,,
Patient_1297,CTI (CLIM),473620.29834698216,complete,ctiBeds,0.0,,,,
Patient_1297,CTI prepara Encaminhamento,473620.29834698216,start,,0.0,,,,
Patient_1297,CTI prepara Encaminhamento,473679.6367242278,complete,,0.0,,,,
Patient_1297,Encaminha_para a Clinica Medica,473679.6367242278,complete,,,para a Clinica Medica,473679.6367242278,,
Patient_1297,Discharge,473679.6367242278,complete,,,,,,11843.25777068775
Patient_1298,Arrival,461887.06044052454,complete,,0.0,,,,
Patient_1298,Origem_do Centro Cirurgico,461887.06044052454,complete,,,do Centro Cirurgico,461887.06044052454,,
Patient_1298,CTI (CC),461887.06044052454,start,ctiBeds,0.0,,,,
Patient_1298,CTI (CC),481408.30153400777,complete,ctiBeds,0.0,,,,
Patient_1298,CTI prepara Encaminhamento,481408.30153400777,start,,0.0,,,,
Patient_1298,CTI prepara Encaminhamento,481452.0210615063,complete,,0.0,,,,
Patient_1298,Encaminha_para a Clinica Medica,481452.0210615063,complete,,,para a Clinica Medica,481452.0210615063,,
Patient_1298,Discharge,481452.0210615063,complete,,,,,,19564.960620981758
Patient_1299,Arrival,462403.29098424234,complete,,0.0,,,,
Patient_1299,Origem_do Centro Cirurgico,462403.29098424234,complete,,,do Centro Cirurgico,462403.29098424234,,
Patient_1299,CTI (CC),462403.29098424234,start,ctiBeds,0.0,,,,
Patient_1299,CTI (CC),464660.6301960202,complete,ctiBeds,0.0,,,,
Patient_1299,CTI prepara Encaminhamento,464660.6301960202,start,,0.0,,,,
Patient_1299,CTI prepara Encaminhamento,464702.2637563626,complete,,0.0,,,,
Patient_1299,Encaminha_para a Clinica Medica,464702.2637563626,complete,,,para a Clinica Medica,464702.2637563626,,
Patient_1299,Discharge,464702.2637563626,complete,,,,,,2298.9727721202653
Patient_13,Arrival,4301.470781104197,complete,,0.0,,,,
Patient_13,Origem_do Centro Cirurgico,4301.470781104197,complete,,,do Centro Cirurgico,4301.470781104197,,
Patient_13,CTI (CC),4301.470781104197,start,ctiBeds,0.0,,,,
Patient_13,CTI (CC),52041.066396150374,complete,ctiBeds,0.0,,,,
Patient_13,CTI prepara Encaminhamento,52041.066396150374,start,,0.0,,,,
Patient_13,CTI prepara Encaminhamento,52083.125080349615,complete,,0.0,,,,
Patient_13,Encaminha_para a Clinica Cirurgica,52083.125080349615,complete,,,para a Clinica Cirurgica,52083.125080349615,,
Patient_13,Discharge,52083.125080349615,complete,,,,,,47781.65429924542
Patient_130,Arrival,40142.84333226081,complete,,0.0,,,,
Patient_130,Origem_do Pronto Socorro,40142.84333226081,complete,,,do Pronto Socorro,40142.84333226081,,
Patient_130,CTI (PS),40142.84333226081,start,ctiBeds,0.0,,,,
Patient_130,CTI (PS),44321.78776382273,complete,ctiBeds,0.0,,,,
Patient_130,CTI prepara Encaminhamento,44321.78776382273,start,,0.0,,,,
Patient_130,CTI prepara Encaminhamento,44357.019147233725,complete,,0.0,,,,
Patient_130,Encaminha_Obito,44357.019147233725,complete,,,Obito,44357.019147233725,,
Patient_130,Discharge,44357.019147233725,complete,,,,,,4214.175814972914
Patient_1300,Arrival,463047.85524385906,complete,,0.0,,,,
Patient_1300,Origem_do Pronto Socorro,463047.85524385906,complete,,,do Pronto Socorro,463047.85524385906,,
Patient_1300,CTI (PS),463047.85524385906,start,ctiBeds,0.0,,,,
Patient_1300,CTI (PS),472390.19518969965,complete,ctiBeds,0.0,,,,
Patient_1300,CTI prepara Encaminhamento,472390.19518969965,start,,0.0,,,,
Patient_1300,CTI prepara Encaminhamento,472440.08153310494,complete,,0.0,,,,
Patient_1300,Encaminha_para a Clinica Medica,472440.08153310494,complete,,,para a Clinica Medica,472440.08153310494,,
Patient_1300,Discharge,472440.08153310494,complete,,,,,,9392.226289245882
Patient_1301,Arrival,463217.66776047164,complete,,0.0,,,,
Patient_1301,Origem_do Pronto Socorro,463217.66776047164,complete,,,do Pronto Socorro,463217.66776047164,,
Patient_1301,CTI (PS),463217.66776047164,start,ctiBeds,0.0,,,,
Patient_1301,CTI (PS),472233.9998759885,complete,ctiBeds,0.0,,,,
Patient_1301,CTI prepara Encaminhamento,472233.9998759885,start,,0.0,,,,
Patient_1301,CTI prepara Encaminhamento,472291.63380401593,complete,,0.0,,,,
Patient_1301,Encaminha_Obito,472291.63380401593,complete,,,Obito,472291.63380401593,,
Patient_1301,Discharge,472291.63380401593,complete,,,,,,9073.966043544293
Patient_1302,Arrival,463835.2107613757,complete,,0.0,,,,
Patient_1302,Origem_do Pronto Socorro,463835.2107613757,complete,,,do Pronto Socorro,463835.2107613757,,
Patient_1302,CTI (PS),463835.2107613757,start,ctiBeds,0.0,,,,
Patient_1302,CTI (PS),491850.35825071554,complete,ctiBeds,0.0,,,,
Patient_1302,CTI prepara Encaminhamento,491850.35825071554,start,,0.0,,,,
Patient_1302,CTI prepara Encaminhamento,491893.72380414954,complete,,0.0,,,,
Patient_1302,Encaminha_para a Clinica Cirurgica,491893.72380414954,complete,,,para a Clinica Cirurgica,491893.72380414954,,
Patient_1302,Discharge,491893.72380414954,complete,,,,,,28058.51304277382
Patient_1303,Arrival,464687.10296620574,complete,,0.0,,,,
Patient_1303,Origem_da Clinica Medica,464687.10296620574,complete,,,da Clinica Medica,464687.10296620574,,
Patient_1303,CTI (CLIM),464687.10296620574,start,ctiBeds,0.0,,,,
Patient_1303,CTI (CLIM),478585.9553753022,complete,ctiBeds,0.0,,,,
Patient_1303,CTI prepara Encaminhamento,478585.9553753022,start,,0.0,,,,
Patient_1303,CTI prepara Encaminhamento,478625.2065365854,complete,,0.0,,,,
Patient_1303,Encaminha_para a Clinica Cirurgica,478625.2065365854,complete,,,para a Clinica Cirurgica,478625.2065365854,,
Patient_1303,Discharge,478625.2065365854,complete,,,,,,13938.103570379666
Patient_1304,Arrival,464741.2426356255,complete,,0.0,,,,
Patient_1304,Origem_da Maternidade,464741.2426356255,complete,,,da Maternidade,464741.2426356255,,
Patient_1304,CTI (MAT),464741.2426356255,start,ctiBeds,0.0,,,,
Patient_1304,CTI (MAT),470636.43985696975,complete,ctiBeds,0.0,,,,
Patient_1304,CTI prepara Encaminhamento,470636.43985696975,start,,0.0,,,,
Patient_1304,CTI prepara Encaminhamento,470688.2453403738,complete,,0.0,,,,
Patient_1304,Encaminha_para a Clinica Cirurgica,470688.2453403738,complete,,,para a Clinica Cirurgica,470688.2453403738,,
Patient_1304,Discharge,470688.2453403738,complete,,,,,,5947.002704748302
Patient_1305,Arrival,465014.28879402747,complete,,0.0,,,,
Patient_1305,Origem_do Centro Cirurgico,465014.28879402747,complete,,,do Centro Cirurgico,465014.28879402747,,
Patient_1305,CTI (CC),465014.28879402747,start,ctiBeds,0.0,,,,
Patient_1305,CTI (CC),469064.03008945764,complete,ctiBeds,0.0,,,,
Patient_1305,CTI prepara Encaminhamento,469064.03008945764,start,,0.0,,,,
Patient_1305,CTI prepara Encaminhamento,469115.9914360716,complete,,0.0,,,,
Patient_1305,Encaminha_para a Clinica Cirurgica,469115.9914360716,complete,,,para a Clinica Cirurgica,469115.9914360716,,
Patient_1305,Discharge,469115.9914360716,complete,,,,,,4101.702642044111
Patient_1306,Arrival,465408.07665224915,complete,,0.0,,,,
Patient_1306,Origem_do Pronto Socorro,465408.07665224915,complete,,,do Pronto Socorro,465408.07665224915,,
Patient_1306,CTI (PS),465408.07665224915,start,ctiBeds,0.0,,,,
Patient_1306,CTI (PS),481808.0051317666,complete,ctiBeds,0.0,,,,
Patient_1306,CTI prepara Encaminhamento,481808.0051317666,start,,0.0,,,,
Patient_1306,CTI prepara Encaminhamento,481862.9496341932,complete,,0.0,,,,
Patient_1306,Encaminha_para a Clinica Medica,481862.9496341932,complete,,,para a Clinica Medica,481862.9496341932,,
Patient_1306,Discharge,481862.9496341932,complete,,,,,,16454.872981944063
Patient_1307,Arrival,466019.6114288828,complete,,0.0,,,,
Patient_1307,Origem_da Maternidade,466019.6114288828,complete,,,da Maternidade,466019.6114288828,,
Patient_1307,CTI (MAT),466019.6114288828,start,ctiBeds,0.0,,,,
Patient_1307,CTI (MAT),469380.3874495265,complete,ctiBeds,0.0,,,,
Patient_1307,CTI prepara Encaminhamento,469380.3874495265,start,,0.0,,,,
Patient_1307,CTI prepara Encaminhamento,469419.3417577407,complete,,0.0,,,,
Patient_1307,Encaminha_para a Clinica Medica,469419.3417577407,complete,,,para a Clinica Medica,469419.3417577407,,
Patient_1307,Discharge,469419.3417577407,complete,,,,,,3399.7303288578987
Patient_1308,Arrival,466609.8228895974,complete,,0.0,,,,
Patient_1308,Origem_do Pronto Socorro,466609.8228895974,complete,,,do Pronto Socorro,466609.8228895974,,
Patient_1308,CTI (PS),466609.8228895974,start,ctiBeds,0.0,,,,
Patient_1308,CTI (PS),472103.0670722456,complete,ctiBeds,0.0,,,,
Patient_1308,CTI prepara Encaminhamento,472103.0670722456,start,,0.0,,,,
Patient_1308,CTI prepara Encaminhamento,472162.0795885812,complete,,0.0,,,,
Patient_1308,Encaminha_para a Clinica Medica,472162.0795885812,complete,,,para a Clinica Medica,472162.0795885812,,
Patient_1308,Discharge,472162.0795885812,complete,,,,,,5552.256698983838
Patient_1309,Arrival,467309.0348036269,complete,,0.0,,,,
Patient_1309,Origem_do Pronto Socorro,467309.0348036269,complete,,,do Pronto Socorro,467309.0348036269,,
Patient_1309,CTI (PS),467309.0348036269,start,ctiBeds,0.0,,,,
Patient_1309,CTI (PS),485730.54819267814,complete,ctiBeds,0.0,,,,
Patient_1309,CTI prepara Encaminhamento,485730.54819267814,start,,0.0,,,,
Patient_1309,CTI prepara Encaminhamento,485784.58314409916,complete,,0.0,,,,
Patient_1309,Encaminha_Obito,485784.58314409916,complete,,,Obito,485784.58314409916,,
Patient_1309,Discharge,485784.58314409916,complete,,,,,,18475.548340472276
Patient_131,Arrival,40444.0346378871,complete,,0.0,,,,
Patient_131,Origem_do Centro Cirurgico,40444.0346378871,complete,,,do Centro Cirurgico,40444.0346378871,,
Patient_131,CTI (CC),40444.0346378871,start,ctiBeds,0.0,,,,
Patient_131,CTI (CC),41758.55435702563,complete,ctiBeds,0.0,,,,
Patient_131,CTI prepara Encaminhamento,41758.55435702563,start,,0.0,,,,
Patient_131,CTI prepara Encaminhamento,41798.31161751116,complete,,0.0,,,,
Patient_131,Encaminha_para a Clinica Cirurgica,41798.31161751116,complete,,,para a Clinica Cirurgica,41798.31161751116,,
Patient_131,Discharge,41798.31161751116,complete,,,,,,1354.2769796240536
Patient_1310,Arrival,467532.93496973976,complete,,0.0,,,,
Patient_1310,Origem_da Clinica Cirurgica,467532.93496973976,complete,,,da Clinica Cirurgica,467532.93496973976,,
Patient_1310,CTI (CLIC),467532.93496973976,start,ctiBeds,0.0,,,,
Patient_1310,CTI (CLIC),472296.72021062765,complete,ctiBeds,0.0,,,,
Patient_1310,CTI prepara Encaminhamento,472296.72021062765,start,,0.0,,,,
Patient_1310,CTI prepara Encaminhamento,472352.537490561,complete,,0.0,,,,
Patient_1310,Encaminha_Transferencia Externa,472352.537490561,complete,,,Transferencia Externa,472352.537490561,,
Patient_1310,Discharge,472352.537490561,complete,,,,,,4819.602520821267
Patient_1311,Arrival,467586.6340971893,complete,,0.0,,,,
Patient_1311,Origem_do Pronto Socorro,467586.6340971893,complete,,,do Pronto Socorro,467586.6340971893,,
Patient_1311,CTI (PS),467586.6340971893,start,ctiBeds,0.0,,,,
Patient_1311,CTI (PS),468832.7143336449,complete,ctiBeds,0.0,,,,
Patient_1311,CTI prepara Encaminhamento,468832.7143336449,start,,0.0,,,,
Patient_1311,CTI prepara Encaminhamento,468870.3284672922,complete,,0.0,,,,
Patient_1311,Encaminha_para a Clinica Medica,468870.3284672922,complete,,,para a Clinica Medica,468870.3284672922,,
Patient_1311,Discharge,468870.3284672922,complete,,,,,,1283.694370102894
Patient_1312,Arrival,467715.49318636325,complete,,0.0,,,,
Patient_1312,Origem_do Centro Cirurgico,467715.49318636325,complete,,,do Centro Cirurgico,467715.49318636325,,
Patient_1312,CTI (CC),467715.49318636325,start,ctiBeds,0.0,,,,
Patient_1312,CTI (CC),478168.0748046679,complete,ctiBeds,0.0,,,,
Patient_1312,CTI prepara Encaminhamento,478168.0748046679,start,,0.0,,,,
Patient_1312,CTI prepara Encaminhamento,478212.68012064433,complete,,0.0,,,,
Patient_1312,Encaminha_Obito,478212.68012064433,complete,,,Obito,478212.68012064433,,
Patient_1312,Discharge,478212.68012064433,complete,,,,,,10497.186934281082
Patient_1313,Arrival,468557.6270793666,complete,,0.0,,,,
Patient_1313,Origem_do Centro Cirurgico,468557.6270793666,complete,,,do Centro Cirurgico,468557.6270793666,,
Patient_1313,CTI (CC),468557.6270793666,start,ctiBeds,0.0,,,,
Patient_1313,CTI (CC),474969.9293941791,complete,ctiBeds,0.0,,,,
Patient_1313,CTI prepara Encaminhamento,474969.9293941791,start,,0.0,,,,
Patient_1313,CTI prepara Encaminhamento,475022.62487932446,complete,,0.0,,,,
Patient_1313,Encaminha_Obito,475022.62487932446,complete,,,Obito,475022.62487932446,,
Patient_1313,Discharge,475022.62487932446,complete,,,,,,6464.99779995787
Patient_1314,Arrival,468876.10712576285,complete,,0.0,,,,
Patient_1314,Origem_do Centro Cirurgico,468876.10712576285,complete,,,do Centro Cirurgico,468876.10712576285,,
Patient_1314,CTI (CC),468876.10712576285,start,ctiBeds,0.0,,,,
Patient_1314,CTI (CC),474399.158120162,complete,ctiBeds,0.0,,,,
Patient_1314,CTI prepara Encaminhamento,474399.158120162,start,,0.0,,,,
Patient_1314,CTI prepara Encaminhamento,474439.1471776227,complete,,0.0,,,,
Patient_1314,Encaminha_Obito,474439.1471776227,complete,,,Obito,474439.1471776227,,
Patient_1314,Discharge,474439.1471776227,complete,,,,,,5563.040051859862
Patient_1315,Arrival,468878.75114952656,complete,,0.0,,,,
Patient_1315,Origem_do Centro Cirurgico,468878.75114952656,complete,,,do Centro Cirurgico,468878.75114952656,,
Patient_1315,CTI (CC),468878.75114952656,start,ctiBeds,0.0,,,,
Patient_1315,CTI (CC),469162.32495522243,complete,ctiBeds,0.0,,,,
Patient_1315,CTI prepara Encaminhamento,469162.32495522243,start,,0.0,,,,
Patient_1315,CTI prepara Encaminhamento,469198.636958801,complete,,0.0,,,,
Patient_1315,Encaminha_Obito,469198.636958801,complete,,,Obito,469198.636958801,,
Patient_1315,Discharge,469198.636958801,complete,,,,,,319.88580927444855
Patient_1316,Arrival,469280.8454390236,complete,,0.0,,,,
Patient_1316,Origem_do Centro Cirurgico,469280.8454390236,complete,,,do Centro Cirurgico,469280.8454390236,,
Patient_1316,CTI (CC),469280.8454390236,start,ctiBeds,0.0,,,,
Patient_1316,CTI (CC),469999.3903800509,complete,ctiBeds,0.0,,,,
Patient_1316,CTI prepara Encaminhamento,469999.3903800509,start,,0.0,,,,
Patient_1316,CTI prepara Encaminhamento,470037.4252446591,complete,,0.0,,,,
Patient_1316,Encaminha_para a Clinica Cirurgica,470037.4252446591,complete,,,para a Clinica Cirurgica,470037.4252446591,,
Patient_1316,Discharge,470037.4252446591,complete,,,,,,756.5798056355561
Patient_1317,Arrival,469803.363067462,complete,,0.0,,,,
Patient_1317,Origem_do Pronto Socorro,469803.363067462,complete,,,do Pronto Socorro,469803.363067462,,
Patient_1317,CTI (PS),469803.363067462,start,ctiBeds,0.0,,,,
Patient_1317,CTI (PS),489798.91835716716,complete,ctiBeds,0.0,,,,
Patient_1317,CTI prepara Encaminhamento,489798.91835716716,start,,0.0,,,,
Patient_1317,CTI prepara Encaminhamento,489853.4514068699,complete,,0.0,,,,
Patient_1317,Encaminha_Transferencia Externa,489853.4514068699,complete,,,Transferencia Externa,489853.4514068699,,
Patient_1317,Discharge,489853.4514068699,complete,,,,,,20050.08833940793
Patient_1318,Arrival,469933.72405432985,complete,,0.0,,,,
Patient_1318,Origem_do Centro Cirurgico,469933.72405432985,complete,,,do Centro Cirurgico,469933.72405432985,,
Patient_1318,CTI (CC),469933.72405432985,start,ctiBeds,0.0,,,,
Patient_1318,CTI (CC),479599.03626387345,complete,ctiBeds,0.0,,,,
Patient_1318,CTI prepara Encaminhamento,479599.03626387345,start,,0.0,,,,
Patient_1318,CTI prepara Encaminhamento,479650.53520064696,complete,,0.0,,,,
Patient_1318,Encaminha_Obito,479650.53520064696,complete,,,Obito,479650.53520064696,,
Patient_1318,Discharge,479650.53520064696,complete,,,,,,9716.811146317108
Patient_1319,Arrival,470519.6197044695,complete,,0.0,,,,
Patient_1319,Origem_do Pronto Socorro,470519.6197044695,complete,,,do Pronto Socorro,470519.6197044695,,
Patient_1319,CTI (PS),470519.6197044695,start,ctiBeds,0.0,,,,
Patient_1319,CTI (PS),488167.6280503791,complete,ctiBeds,0.0,,,,
Patient_1319,CTI prepara Encaminhamento,488167.6280503791,start,,0.0,,,,
Patient_1319,CTI prepara Encaminhamento,488197.88220857264,complete,,0.0,,,,
Patient_1319,Encaminha_Obito,488197.88220857264,complete,,,Obito,488197.88220857264,,
Patient_1319,Discharge,488197.88220857264,complete,,,,,,17678.262504103128
Patient_132,Arrival,40576.54477100713,complete,,0.0,,,,
Patient_132,Origem_do Pronto Socorro,40576.54477100713,complete,,,do Pronto Socorro,40576.54477100713,,
Patient_132,CTI (PS),40576.54477100713,start,ctiBeds,0.0,,,,
Patient_132,CTI (PS),42598.252859234235,complete,ctiBeds,0.0,,,,
Patient_132,CTI prepara Encaminhamento,42598.252859234235,start,,0.0,,,,
Patient_132,CTI prepara Encaminhamento,42653.627386447886,complete,,0.0,,,,
Patient_132,Encaminha_Obito,42653.627386447886,complete,,,Obito,42653.627386447886,,
Patient_132,Discharge,42653.627386447886,complete,,,,,,2077.082615440755
Patient_1320,Arrival,470854.4649005449,complete,,0.0,,,,
Patient_1320,Origem_do Pronto Socorro,470854.4649005449,complete,,,do Pronto Socorro,470854.4649005449,,
Patient_1320,CTI (PS),470854.4649005449,start,ctiBeds,0.0,,,,
Patient_1320,CTI (PS),472905.77559167123,complete,ctiBeds,0.0,,,,
Patient_1320,CTI prepara Encaminhamento,472905.77559167123,start,,0.0,,,,
Patient_1320,CTI prepara Encaminhamento,472956.1519418221,complete,,0.0,,,,
Patient_1320,Encaminha_Obito,472956.1519418221,complete,,,Obito,472956.1519418221,,
Patient_1320,Discharge,472956.1519418221,complete,,,,,,2101.6870412771823
Patient_1321,Arrival,472099.5833978611,complete,,0.0,,,,
Patient_1321,Origem_do Pronto Socorro,472099.5833978611,complete,,,do Pronto Socorro,472099.5833978611,,
Patient_1321,CTI (PS),472099.5833978611,start,ctiBeds,0.0,,,,
Patient_1321,CTI (PS),479357.5008860393,complete,ctiBeds,0.0,,,,
Patient_1321,CTI prepara Encaminhamento,479357.5008860393,start,,0.0,,,,
Patient_1321,CTI prepara Encaminhamento,479395.67770536634,complete,,0.0,,,,
Patient_1321,Encaminha_para a Clinica Cirurgica,479395.67770536634,complete,,,para a Clinica Cirurgica,479395.67770536634,,
Patient_1321,Discharge,479395.67770536634,complete,,,,,,7296.094307505235
Patient_1322,Arrival,472408.04745217337,complete,,0.0,,,,
Patient_1322,Origem_do Centro Cirurgico,472408.04745217337,complete,,,do Centro Cirurgico,472408.04745217337,,
Patient_1322,CTI (CC),472408.04745217337,start,ctiBeds,0.0,,,,
Patient_1322,CTI (CC),476846.6442928335,complete,ctiBeds,0.0,,,,
Patient_1322,CTI prepara Encaminhamento,476846.6442928335,start,,0.0,,,,
Patient_1322,CTI prepara Encaminhamento,476884.19444277044,complete,,0.0,,,,
Patient_1322,Encaminha_para a Clinica Medica,476884.19444277044,complete,,,para a Clinica Medica,476884.19444277044,,
Patient_1322,Discharge,476884.19444277044,complete,,,,,,4476.146990597073
Patient_1323,Arrival,472566.20876372716,complete,,0.0,,,,
Patient_1323,Origem_do Centro Cirurgico,472566.20876372716,complete,,,do Centro Cirurgico,472566.20876372716,,
Patient_1323,CTI (CC),472566.20876372716,start,ctiBeds,0.0,,,,
Patient_1323,CTI (CC),477886.6340234576,complete,ctiBeds,0.0,,,,
Patient_1323,CTI prepara Encaminhamento,477886.6340234576,start,,0.0,,,,
Patient_1323,CTI prepara Encaminhamento,477946.18356923485,complete,,0.0,,,,
Patient_1323,Encaminha_para a Clinica Cirurgica,477946.18356923485,complete,,,para a Clinica Cirurgica,477946.18356923485,,
Patient_1323,Discharge,477946.18356923485,complete,,,,,,5379.9748055076925
Patient_1324,Arrival,472572.9459495127,complete,,0.0,,,,
Patient_1324,Origem_do Pronto Socorro,472572.9459495127,complete,,,do Pronto Socorro,472572.9459495127,,
Patient_1324,CTI (PS),472572.9459495127,start,ctiBeds,0.0,,,,
Patient_1324,CTI (PS),473043.7363635014,complete,ctiBeds,0.0,,,,
Patient_1324,CTI prepara Encaminhamento,473043.7363635014,start,,0.0,,,,
Patient_1324,CTI prepara Encaminhamento,473079.2123700742,complete,,0.0,,,,
Patient_1324,Encaminha_para a Clinica Cirurgica,473079.2123700742,complete,,,para a Clinica Cirurgica,473079.2123700742,,
Patient_1324,Discharge,473079.2123700742,complete,,,,,,506.266420561471
Patient_1325,Arrival,473921.837265688,complete,,0.0,,,,
Patient_1325,Origem_do Pronto Socorro,473921.837265688,complete,,,do Pronto Socorro,473921.837265688,,
Patient_1325,CTI (PS),473921.837265688,start,ctiBeds,0.0,,,,
Patient_1325,CTI (PS),496932.04091001814,complete,ctiBeds,0.0,,,,
Patient_1325,CTI prepara Encaminhamento,496932.04091001814,start,,0.0,,,,
Patient_1325,CTI prepara Encaminhamento,496986.51992950845,complete,,0.0,,,,
Patient_1325,Encaminha_para a Clinica Cirurgica,496986.51992950845,complete,,,para a Clinica Cirurgica,496986.51992950845,,
Patient_1325,Discharge,496986.51992950845,complete,,,,,,23064.68266382045
Patient_1326,Arrival,473937.5113306201,complete,,0.0,,,,
Patient_1326,Origem_do Pronto Socorro,473937.5113306201,complete,,,do Pronto Socorro,473937.5113306201,,
Patient_1326,CTI (PS),473937.5113306201,start,ctiBeds,0.0,,,,
Patient_1326,CTI (PS),497022.710045682,complete,ctiBeds,0.0,,,,
Patient_1326,CTI prepara Encaminhamento,497022.710045682,start,,0.0,,,,
Patient_1326,CTI prepara Encaminhamento,497075.9868625174,complete,,0.0,,,,
Patient_1326,Encaminha_para a Clinica Medica,497075.9868625174,complete,,,para a Clinica Medica,497075.9868625174,,
Patient_1326,Discharge,497075.9868625174,complete,,,,,,23138.475531897333
Patient_1327,Arrival,474441.4379475775,complete,,0.0,,,,
Patient_1327,Origem_do Centro Cirurgico,474441.4379475775,complete,,,do Centro Cirurgico,474441.4379475775,,
Patient_1327,CTI (CC),474441.4379475775,start,ctiBeds,0.0,,,,
Patient_1327,CTI (CC),477798.1655497669,complete,ctiBeds,0.0,,,,
Patient_1327,CTI prepara Encaminhamento,477798.1655497669,start,,0.0,,,,
Patient_1327,CTI prepara Encaminhamento,477834.73159638443,complete,,0.0,,,,
Patient_1327,Encaminha_para a Clinica Cirurgica,477834.73159638443,complete,,,para a Clinica Cirurgica,477834.73159638443,,
Patient_1327,Discharge,477834.73159638443,complete,,,,,,3393.2936488069245
Patient_1328,Arrival,474535.5688232116,complete,,0.0,,,,
Patient_1328,Origem_do Pronto Socorro,474535.5688232116,complete,,,do Pronto Socorro,474535.5688232116,,
Patient_1328,CTI (PS),474535.5688232116,start,ctiBeds,0.0,,,,
Patient_1328,CTI (PS),474655.243437641,complete,ctiBeds,0.0,,,,
Patient_1328,CTI prepara Encaminhamento,474655.243437641,start,,0.0,,,,
Patient_1328,CTI prepara Encaminhamento,474686.8725732735,complete,,0.0,,,,
Patient_1328,Encaminha_Obito,474686.8725732735,complete,,,Obito,474686.8725732735,,
Patient_1328,Discharge,474686.8725732735,complete,,,,,,151.3037500618957
Patient_1329,Arrival,475070.3921310775,complete,,0.0,,,,
Patient_1329,Origem_do Pronto Socorro,475070.3921310775,complete,,,do Pronto Socorro,475070.3921310775,,
Patient_1329,CTI (PS),475070.3921310775,start,ctiBeds,0.0,,,,
Patient_1329,CTI (PS),511686.3338373204,complete,ctiBeds,0.0,,,,
Patient_1329,CTI prepara Encaminhamento,511686.3338373204,start,,0.0,,,,
Patient_1329,CTI prepara Encaminhamento,511739.29342581506,complete,,0.0,,,,
Patient_1329,Encaminha_Obito,511739.29342581506,complete,,,Obito,511739.29342581506,,
Patient_1329,Discharge,511739.29342581506,complete,,,,,,36668.90129473759
Patient_133,Arrival,40683.028525851056,complete,,0.0,,,,
Patient_133,Origem_do Centro Cirurgico,40683.028525851056,complete,,,do Centro Cirurgico,40683.028525851056,,
Patient_133,CTI (CC),40683.028525851056,start,ctiBeds,0.0,,,,
Patient_133,CTI (CC),45988.40554066339,complete,ctiBeds,0.0,,,,
Patient_133,CTI prepara Encaminhamento,45988.40554066339,start,,0.0,,,,
Patient_133,CTI prepara Encaminhamento,46043.63817104272,complete,,0.0,,,,
Patient_133,Encaminha_para a Clinica Medica,46043.63817104272,complete,,,para a Clinica Medica,46043.63817104272,,
Patient_133,Discharge,46043.63817104272,complete,,,,,,5360.609645191667
Patient_1330,Arrival,475126.88019903214,complete,,0.0,,,,
Patient_1330,Origem_do Pronto Socorro,475126.88019903214,complete,,,do Pronto Socorro,475126.88019903214,,
Patient_1330,CTI (PS),475126.88019903214,start,ctiBeds,0.0,,,,
Patient_1330,CTI (PS),484874.7630380165,complete,ctiBeds,0.0,,,,
Patient_1330,CTI prepara Encaminhamento,484874.7630380165,start,,0.0,,,,
Patient_1330,CTI prepara Encaminhamento,484915.992279535,complete,,0.0,,,,
Patient_1330,Encaminha_para a Clinica Medica,484915.992279535,complete,,,para a Clinica Medica,484915.992279535,,
Patient_1330,Discharge,484915.992279535,complete,,,,,,9789.112080502848
Patient_1331,Arrival,475676.4608716377,complete,,0.0,,,,
Patient_1331,Origem_do Pronto Socorro,475676.4608716377,complete,,,do Pronto Socorro,475676.4608716377,,
Patient_1331,CTI (PS),475676.4608716377,start,ctiBeds,0.0,,,,
Patient_1331,CTI (PS),494473.7796248221,complete,ctiBeds,0.0,,,,
Patient_1331,CTI prepara Encaminhamento,494473.7796248221,start,,0.0,,,,
Patient_1331,CTI prepara Encaminhamento,494511.1828752633,complete,,0.0,,,,
Patient_1331,Encaminha_Obito,494511.1828752633,complete,,,Obito,494511.1828752633,,
Patient_1331,Discharge,494511.1828752633,complete,,,,,,18834.72200362559
Patient_1332,Arrival,475831.5624715572,complete,,0.0,,,,
Patient_1332,Origem_do Pronto Socorro,475831.5624715572,complete,,,do Pronto Socorro,475831.5624715572,,
Patient_1332,CTI (PS),475831.5624715572,start,ctiBeds,0.0,,,,
Patient_1332,CTI (PS),480336.3552676063,complete,ctiBeds,0.0,,,,
Patient_1332,CTI prepara Encaminhamento,480336.3552676063,start,,0.0,,,,
Patient_1332,CTI prepara Encaminhamento,480392.56249094335,complete,,0.0,,,,
Patient_1332,Encaminha_Transferencia Externa,480392.56249094335,complete,,,Transferencia Externa,480392.56249094335,,
Patient_1332,Discharge,480392.56249094335,complete,,,,,,4561.000019386178
Patient_1333,Arrival,476326.02517304115,complete,,0.0,,,,
Patient_1333,Origem_do Pronto Socorro,476326.02517304115,complete,,,do Pronto Socorro,476326.02517304115,,
Patient_1333,CTI (PS),476326.02517304115,start,ctiBeds,0.0,,,,
Patient_1333,CTI (PS),479079.3009868559,complete,ctiBeds,0.0,,,,
Patient_1333,CTI prepara Encaminhamento,479079.3009868559,start,,0.0,,,,
Patient_1333,CTI prepara Encaminhamento,479117.60901205795,complete,,0.0,,,,
Patient_1333,Encaminha_Obito,479117.60901205795,complete,,,Obito,479117.60901205795,,
Patient_1333,Discharge,479117.60901205795,complete,,,,,,2791.583839016792
Patient_1334,Arrival,476448.0847047358,complete,,0.0,,,,
Patient_1334,Origem_do Pronto Socorro,476448.0847047358,complete,,,do Pronto Socorro,476448.0847047358,,
Patient_1334,CTI (PS),476448.0847047358,start,ctiBeds,0.0,,,,
Patient_1334,CTI (PS),476593.8543347429,complete,ctiBeds,0.0,,,,
Patient_1334,CTI prepara Encaminhamento,476593.8543347429,start,,0.0,,,,
Patient_1334,CTI prepara Encaminhamento,476644.6570079842,complete,,0.0,,,,
Patient_1334,Encaminha_para a Clinica Cirurgica,476644.6570079842,complete,,,para a Clinica Cirurgica,476644.6570079842,,
Patient_1334,Discharge,476644.6570079842,complete,,,,,,196.57230324839475
Patient_1335,Arrival,476610.4335697711,complete,,0.0,,,,
Patient_1335,Origem_do Centro Cirurgico,476610.4335697711,complete,,,do Centro Cirurgico,476610.4335697711,,
Patient_1335,CTI (CC),476610.4335697711,start,ctiBeds,0.0,,,,
Patient_1335,CTI (CC),477235.80899841315,complete,ctiBeds,0.0,,,,
Patient_1335,CTI prepara Encaminhamento,477235.80899841315,start,,0.0,,,,
Patient_1335,CTI prepara Encaminhamento,477274.0261023701,complete,,0.0,,,,
Patient_1335,Encaminha_para a Clinica Medica,477274.0261023701,complete,,,para a Clinica Medica,477274.0261023701,,
Patient_1335,Discharge,477274.0261023701,complete,,,,,,663.5925325989956
Patient_1336,Arrival,477056.6975026869,complete,,0.0,,,,
Patient_1336,Origem_do Pronto Socorro,477056.6975026869,complete,,,do Pronto Socorro,477056.6975026869,,
Patient_1336,CTI (PS),477056.6975026869,start,ctiBeds,0.0,,,,
Patient_1336,CTI (PS),492417.8511530706,complete,ctiBeds,0.0,,,,
Patient_1336,CTI prepara Encaminhamento,492417.8511530706,start,,0.0,,,,
Patient_1336,CTI prepara Encaminhamento,492461.89085452026,complete,,0.0,,,,
Patient_1336,Encaminha_para a Clinica Medica,492461.89085452026,complete,,,para a Clinica Medica,492461.89085452026,,
Patient_1336,Discharge,492461.89085452026,complete,,,,,,15405.193351833383
Patient_1337,Arrival,477158.177411134,complete,,0.0,,,,
Patient_1337,Origem_do Pronto Socorro,477158.177411134,complete,,,do Pronto Socorro,477158.177411134,,
Patient_1337,CTI (PS),477158.177411134,start,ctiBeds,0.0,,,,
Patient_1337,CTI (PS),496357.5674425064,complete,ctiBeds,0.0,,,,
Patient_1337,CTI prepara Encaminhamento,496357.5674425064,start,,0.0,,,,
Patient_1337,CTI prepara Encaminhamento,496399.29490287934,complete,,0.0,,,,
Patient_1337,Encaminha_para a Clinica Cirurgica,496399.29490287934,complete,,,para a Clinica Cirurgica,496399.29490287934,,
Patient_1337,Discharge,496399.29490287934,complete,,,,,,19241.11749174533
Patient_1338,Arrival,477260.6337523428,complete,,0.0,,,,
Patient_1338,Origem_do Pronto Socorro,477260.6337523428,complete,,,do Pronto Socorro,477260.6337523428,,
Patient_1338,CTI (PS),477260.6337523428,start,ctiBeds,0.0,,,,
Patient_1338,CTI (PS),479303.89931230474,complete,ctiBeds,0.0,,,,
Patient_1338,CTI prepara Encaminhamento,479303.89931230474,start,,0.0,,,,
Patient_1338,CTI prepara Encaminhamento,479350.0070974437,complete,,0.0,,,,
Patient_1338,Encaminha_para a Clinica Medica,479350.0070974437,complete,,,para a Clinica Medica,479350.0070974437,,
Patient_1338,Discharge,479350.0070974437,complete,,,,,,2089.373345100903
Patient_1339,Arrival,478463.3935357936,complete,,0.0,,,,
Patient_1339,Origem_do Centro Cirurgico,478463.3935357936,complete,,,do Centro Cirurgico,478463.3935357936,,
Patient_1339,CTI (CC),478463.3935357936,start,ctiBeds,0.0,,,,
Patient_1339,CTI (CC),489274.645324238,complete,ctiBeds,0.0,,,,
Patient_1339,CTI prepara Encaminhamento,489274.645324238,start,,0.0,,,,
Patient_1339,CTI prepara Encaminhamento,489315.4639725387,complete,,0.0,,,,
Patient_1339,Encaminha_para a Clinica Medica,489315.4639725387,complete,,,para a Clinica Medica,489315.4639725387,,
Patient_1339,Discharge,489315.4639725387,complete,,,,,,10852.070436745125
Patient_134,Arrival,40705.11509407836,complete,,0.0,,,,
Patient_134,Origem_do Pronto Socorro,40705.11509407836,complete,,,do Pronto Socorro,40705.11509407836,,
Patient_134,CTI (PS),40705.11509407836,start,ctiBeds,0.0,,,,
Patient_134,CTI (PS),61790.82849482417,complete,ctiBeds,0.0,,,,
Patient_134,CTI prepara Encaminhamento,61790.82849482417,start,,0.0,,,,
Patient_134,CTI prepara Encaminhamento,61842.61721633669,complete,,0.0,,,,
Patient_134,Encaminha_para a Clinica Cirurgica,61842.61721633669,complete,,,para a Clinica Cirurgica,61842.61721633669,,
Patient_134,Discharge,61842.61721633669,complete,,,,,,21137.502122258324
Patient_1340,Arrival,478888.9978431868,complete,,0.0,,,,
Patient_1340,Origem_do Pronto Socorro,478888.9978431868,complete,,,do Pronto Socorro,478888.9978431868,,
Patient_1340,CTI (PS),478888.9978431868,start,ctiBeds,0.0,,,,
Patient_1340,CTI (PS),497781.0358821175,complete,ctiBeds,0.0,,,,
Patient_1340,CTI prepara Encaminhamento,497781.0358821175,start,,0.0,,,,
Patient_1340,CTI prepara Encaminhamento,497824.2661158316,complete,,0.0,,,,
Patient_1340,Encaminha_Obito,497824.2661158316,complete,,,Obito,497824.2661158316,,
Patient_1340,Discharge,497824.2661158316,complete,,,,,,18935.26827264484
Patient_1341,Arrival,479060.13873053074,complete,,0.0,,,,
Patient_1341,Origem_do Pronto Socorro,479060.13873053074,complete,,,do Pronto Socorro,479060.13873053074,,
Patient_1341,CTI (PS),479060.13873053074,start,ctiBeds,0.0,,,,
Patient_1341,CTI (PS),489040.24825696263,complete,ctiBeds,0.0,,,,
Patient_1341,CTI prepara Encaminhamento,489040.24825696263,start,,0.0,,,,
Patient_1341,CTI prepara Encaminhamento,489081.3330760077,complete,,0.0,,,,
Patient_1341,Encaminha_Obito,489081.3330760077,complete,,,Obito,489081.3330760077,,
Patient_1341,Discharge,489081.3330760077,complete,,,,,,10021.194345476979
Patient_1342,Arrival,479063.9919361457,complete,,0.0,,,,
Patient_1342,Origem_da Clinica Medica,479063.9919361457,complete,,,da Clinica Medica,479063.9919361457,,
Patient_1342,CTI (CLIM),479063.9919361457,start,ctiBeds,0.0,,,,
Patient_1342,CTI (CLIM),480579.12253973144,complete,ctiBeds,0.0,,,,
Patient_1342,CTI prepara Encaminhamento,480579.12253973144,start,,0.0,,,,
Patient_1342,CTI prepara Encaminhamento,480621.4579798738,complete,,0.0,,,,
Patient_1342,Encaminha_para a Clinica Medica,480621.4579798738,complete,,,para a Clinica Medica,480621.4579798738,,
Patient_1342,Discharge,480621.4579798738,complete,,,,,,1557.4660437281127
Patient_1343,Arrival,479576.6054863396,complete,,0.0,,,,
Patient_1343,Origem_do Pronto Socorro,479576.6054863396,complete,,,do Pronto Socorro,479576.6054863396,,
Patient_1343,CTI (PS),479576.6054863396,start,ctiBeds,0.0,,,,
Patient_1343,CTI (PS),483084.6195913289,complete,ctiBeds,0.0,,,,
Patient_1343,CTI prepara Encaminhamento,483084.6195913289,start,,0.0,,,,
Patient_1343,CTI prepara Encaminhamento,483143.6314408547,complete,,0.0,,,,
Patient_1343,Encaminha_para a Clinica Cirurgica,483143.6314408547,complete,,,para a Clinica Cirurgica,483143.6314408547,,
Patient_1343,Discharge,483143.6314408547,complete,,,,,,3567.025954515091
Patient_1344,Arrival,480086.1763846542,complete,,0.0,,,,
Patient_1344,Origem_da Clinica Cirurgica,480086.1763846542,complete,,,da Clinica Cirurgica,480086.1763846542,,
Patient_1344,CTI (CLIC),480086.1763846542,start,ctiBeds,0.0,,,,
Patient_1344,CTI (CLIC),480923.45707568893,complete,ctiBeds,0.0,,,,
Patient_1344,CTI prepara Encaminhamento,480923.45707568893,start,,0.0,,,,
Patient_1344,CTI prepara Encaminhamento,480965.2679641932,complete,,0.0,,,,
Patient_1344,Encaminha_para a Clinica Cirurgica,480965.2679641932,complete,,,para a Clinica Cirurgica,480965.2679641932,,
Patient_1344,Discharge,480965.2679641932,complete,,,,,,879.0915795390029
Patient_1345,Arrival,480703.5924509887,complete,,0.0,,,,
Patient_1345,Origem_do Pronto Socorro,480703.5924509887,complete,,,do Pronto Socorro,480703.5924509887,,
Patient_1345,CTI (PS),480703.5924509887,start,ctiBeds,0.0,,,,
Patient_1345,CTI (PS),508262.8661881416,complete,ctiBeds,0.0,,,,
Patient_1345,CTI prepara Encaminhamento,508262.8661881416,start,,0.0,,,,
Patient_1345,CTI prepara Encaminhamento,508294.7189920879,complete,,0.0,,,,
Patient_1345,Encaminha_para a Maternidade,508294.7189920879,complete,,,para a Maternidade,508294.7189920879,,
Patient_1345,Discharge,508294.7189920879,complete,,,,,,27591.126541099162
Patient_1346,Arrival,480861.2904829319,complete,,0.0,,,,
Patient_1346,Origem_do Pronto Socorro,480861.2904829319,complete,,,do Pronto Socorro,480861.2904829319,,
Patient_1346,CTI (PS),480861.2904829319,start,ctiBeds,0.0,,,,
Patient_1346,CTI (PS),483813.4631571706,complete,ctiBeds,0.0,,,,
Patient_1346,CTI prepara Encaminhamento,483813.4631571706,start,,0.0,,,,
Patient_1346,CTI prepara Encaminhamento,483867.4622298286,complete,,0.0,,,,
Patient_1346,Encaminha_para a Clinica Medica,483867.4622298286,complete,,,para a Clinica Medica,483867.4622298286,,
Patient_1346,Discharge,483867.4622298286,complete,,,,,,3006.1717468966963
Patient_1347,Arrival,482743.8267033916,complete,,0.0,,,,
Patient_1347,Origem_do Centro Cirurgico,482743.8267033916,complete,,,do Centro Cirurgico,482743.8267033916,,
Patient_1347,CTI (CC),482743.8267033916,start,ctiBeds,0.0,,,,
Patient_1347,CTI (CC),490797.915641083,complete,ctiBeds,0.0,,,,
Patient_1347,CTI prepara Encaminhamento,490797.915641083,start,,0.0,,,,
Patient_1347,CTI prepara Encaminhamento,490838.5746799017,complete,,0.0,,,,
Patient_1347,Encaminha_para a Clinica Cirurgica,490838.5746799017,complete,,,para a Clinica Cirurgica,490838.5746799017,,
Patient_1347,Discharge,490838.5746799017,complete,,,,,,8094.747976510087
Patient_1348,Arrival,482988.4389337073,complete,,0.0,,,,
Patient_1348,Origem_do Pronto Socorro,482988.4389337073,complete,,,do Pronto Socorro,482988.4389337073,,
Patient_1348,CTI (PS),482988.4389337073,start,ctiBeds,0.0,,,,
Patient_1348,CTI (PS),502252.5775662459,complete,ctiBeds,0.0,,,,
Patient_1348,CTI prepara Encaminhamento,502252.5775662459,start,,0.0,,,,
Patient_1348,CTI prepara Encaminhamento,502292.5998996038,complete,,0.0,,,,
Patient_1348,Encaminha_Obito,502292.5998996038,complete,,,Obito,502292.5998996038,,
Patient_1348,Discharge,502292.5998996038,complete,,,,,,19304.160965896503
Patient_1349,Arrival,483939.4402053845,complete,,0.0,,,,
Patient_1349,Origem_do Pronto Socorro,483939.4402053845,complete,,,do Pronto Socorro,483939.4402053845,,
Patient_1349,CTI (PS),483939.4402053845,start,ctiBeds,0.0,,,,
Patient_1349,CTI (PS),490284.18340541614,complete,ctiBeds,0.0,,,,
Patient_1349,CTI prepara Encaminhamento,490284.18340541614,start,,0.0,,,,
Patient_1349,CTI prepara Encaminhamento,490340.59882151196,complete,,0.0,,,,
Patient_1349,Encaminha_para a Clinica Cirurgica,490340.59882151196,complete,,,para a Clinica Cirurgica,490340.59882151196,,
Patient_1349,Discharge,490340.59882151196,complete,,,,,,6401.158616127446
Patient_135,Arrival,41460.29163924361,complete,,0.0,,,,
Patient_135,Origem_do Pronto Socorro,41460.29163924361,complete,,,do Pronto Socorro,41460.29163924361,,
Patient_135,CTI (PS),41460.29163924361,start,ctiBeds,0.0,,,,
Patient_135,CTI (PS),49395.19821191284,complete,ctiBeds,0.0,,,,
Patient_135,CTI prepara Encaminhamento,49395.19821191284,start,,0.0,,,,
Patient_135,CTI prepara Encaminhamento,49430.98605136397,complete,,0.0,,,,
Patient_135,Encaminha_para a Clinica Cirurgica,49430.98605136397,complete,,,para a Clinica Cirurgica,49430.98605136397,,
Patient_135,Discharge,49430.98605136397,complete,,,,,,7970.694412120363
Patient_1350,Arrival,484508.63670016325,complete,,0.0,,,,
Patient_1350,Origem_do Pronto Socorro,484508.63670016325,complete,,,do Pronto Socorro,484508.63670016325,,
Patient_1350,CTI (PS),484508.63670016325,start,ctiBeds,0.0,,,,
Patient_1350,CTI (PS),485639.8373863295,complete,ctiBeds,0.0,,,,
Patient_1350,CTI prepara Encaminhamento,485639.8373863295,start,,0.0,,,,
Patient_1350,CTI prepara Encaminhamento,485692.77807764505,complete,,0.0,,,,
Patient_1350,Encaminha_para a Clinica Medica,485692.77807764505,complete,,,para a Clinica Medica,485692.77807764505,,
Patient_1350,Discharge,485692.77807764505,complete,,,,,,1184.1413774818066
Patient_1351,Arrival,484779.0480968286,complete,,0.0,,,,
Patient_1351,Origem_do Pronto Socorro,484779.0480968286,complete,,,do Pronto Socorro,484779.0480968286,,
Patient_1351,CTI (PS),484779.0480968286,start,ctiBeds,0.0,,,,
Patient_1351,CTI (PS),491003.1785841532,complete,ctiBeds,0.0,,,,
Patient_1351,CTI prepara Encaminhamento,491003.1785841532,start,,0.0,,,,
Patient_1351,CTI prepara Encaminhamento,491054.0957062418,complete,,0.0,,,,
Patient_1351,Encaminha_Transferencia Externa,491054.0957062418,complete,,,Transferencia Externa,491054.0957062418,,
Patient_1351,Discharge,491054.0957062418,complete,,,,,,6275.047609413159
Patient_1352,Arrival,484967.1808952688,complete,,0.0,,,,
Patient_1352,Origem_do Centro Cirurgico,484967.1808952688,complete,,,do Centro Cirurgico,484967.1808952688,,
Patient_1352,CTI (CC),484967.1808952688,start,ctiBeds,0.0,,,,
Patient_1352,CTI (CC),486084.3315657584,complete,ctiBeds,0.0,,,,
Patient_1352,CTI prepara Encaminhamento,486084.3315657584,start,,0.0,,,,
Patient_1352,CTI prepara Encaminhamento,486137.03005120304,complete,,0.0,,,,
Patient_1352,Encaminha_para a Clinica Medica,486137.03005120304,complete,,,para a Clinica Medica,486137.03005120304,,
Patient_1352,Discharge,486137.03005120304,complete,,,,,,1169.8491559342365
Patient_1353,Arrival,485479.72917431593,complete,,0.0,,,,
Patient_1353,Origem_do Pronto Socorro,485479.72917431593,complete,,,do Pronto Socorro,485479.72917431593,,
Patient_1353,CTI (PS),485479.72917431593,start,ctiBeds,0.0,,,,
Patient_1353,CTI (PS),489515.37228164944,complete,ctiBeds,0.0,,,,
Patient_1353,CTI prepara Encaminhamento,489515.37228164944,start,,0.0,,,,
Patient_1353,CTI prepara Encaminhamento,489546.5980856629,complete,,0.0,,,,
Patient_1353,Encaminha_para a Clinica Medica,489546.5980856629,complete,,,para a Clinica Medica,489546.5980856629,,
Patient_1353,Discharge,489546.5980856629,complete,,,,,,4066.8689113469445
Patient_1354,Arrival,485555.7913649791,complete,,0.0,,,,
Patient_1354,Origem_do Pronto Socorro,485555.7913649791,complete,,,do Pronto Socorro,485555.7913649791,,
Patient_1354,CTI (PS),485555.7913649791,start,ctiBeds,0.0,,,,
Patient_1354,CTI (PS),486458.27618475165,complete,ctiBeds,0.0,,,,
Patient_1354,CTI prepara Encaminhamento,486458.27618475165,start,,0.0,,,,
Patient_1354,CTI prepara Encaminhamento,486493.99725179333,complete,,0.0,,,,
Patient_1354,Encaminha_para a Clinica Medica,486493.99725179333,complete,,,para a Clinica Medica,486493.99725179333,,
Patient_1354,Discharge,486493.99725179333,complete,,,,,,938.2058868142194
Patient_1355,Arrival,485614.3056566832,complete,,0.0,,,,
Patient_1355,Origem_do Pronto Socorro,485614.3056566832,complete,,,do Pronto Socorro,485614.3056566832,,
Patient_1355,CTI (PS),485614.3056566832,start,ctiBeds,0.0,,,,
Patient_1355,CTI (PS),499337.5981409988,complete,ctiBeds,0.0,,,,
Patient_1355,CTI prepara Encaminhamento,499337.5981409988,start,,0.0,,,,
Patient_1355,CTI prepara Encaminhamento,499384.97768385836,complete,,0.0,,,,
Patient_1355,Encaminha_para a Clinica Cirurgica,499384.97768385836,complete,,,para a Clinica Cirurgica,499384.97768385836,,
Patient_1355,Discharge,499384.97768385836,complete,,,,,,13770.67202717514
Patient_1356,Arrival,486636.0777050264,complete,,0.0,,,,
Patient_1356,Origem_do Centro Cirurgico,486636.0777050264,complete,,,do Centro Cirurgico,486636.0777050264,,
Patient_1356,CTI (CC),486636.0777050264,start,ctiBeds,0.0,,,,
Patient_1356,CTI (CC),490067.29702371144,complete,ctiBeds,0.0,,,,
Patient_1356,CTI prepara Encaminhamento,490067.29702371144,start,,0.0,,,,
Patient_1356,CTI prepara Encaminhamento,490114.5957187109,complete,,0.0,,,,
Patient_1356,Encaminha_para a Clinica Medica,490114.5957187109,complete,,,para a Clinica Medica,490114.5957187109,,
Patient_1356,Discharge,490114.5957187109,complete,,,,,,3478.5180136845447
Patient_1357,Arrival,486752.4687645021,complete,,0.0,,,,
Patient_1357,Origem_do Pronto Socorro,486752.4687645021,complete,,,do Pronto Socorro,486752.4687645021,,
Patient_1357,CTI (PS),486752.4687645021,start,ctiBeds,0.0,,,,
Patient_1357,CTI (PS),497383.1887766923,complete,ctiBeds,0.0,,,,
Patient_1357,CTI prepara Encaminhamento,497383.1887766923,start,,0.0,,,,
Patient_1357,CTI prepara Encaminhamento,497438.3172870185,complete,,0.0,,,,
Patient_1357,Encaminha_para a Clinica Medica,497438.3172870185,complete,,,para a Clinica Medica,497438.3172870185,,
Patient_1357,Discharge,497438.3172870185,complete,,,,,,10685.848522516433
Patient_1358,Arrival,487284.5389310504,complete,,0.0,,,,
Patient_1358,Origem_do Pronto Socorro,487284.5389310504,complete,,,do Pronto Socorro,487284.5389310504,,
Patient_1358,CTI (PS),487284.5389310504,start,ctiBeds,0.0,,,,
Patient_1358,CTI (PS),492595.12012479705,complete,ctiBeds,0.0,,,,
Patient_1358,CTI prepara Encaminhamento,492595.12012479705,start,,0.0,,,,
Patient_1358,CTI prepara Encaminhamento,492632.64333053963,complete,,0.0,,,,
Patient_1358,Encaminha_para a Clinica Medica,492632.64333053963,complete,,,para a Clinica Medica,492632.64333053963,,
Patient_1358,Discharge,492632.64333053963,complete,,,,,,5348.104399489239
Patient_1359,Arrival,488401.93842718727,complete,,0.0,,,,
Patient_1359,Origem_do Centro Cirurgico,488401.93842718727,complete,,,do Centro Cirurgico,488401.93842718727,,
Patient_1359,CTI (CC),488401.93842718727,start,ctiBeds,0.0,,,,
Patient_1359,CTI (CC),492193.28183410567,complete,ctiBeds,0.0,,,,
Patient_1359,CTI prepara Encaminhamento,492193.28183410567,start,,0.0,,,,
Patient_1359,CTI prepara Encaminhamento,492240.90257393353,complete,,0.0,,,,
Patient_1359,Encaminha_Obito,492240.90257393353,complete,,,Obito,492240.90257393353,,
Patient_1359,Discharge,492240.90257393353,complete,,,,,,3838.9641467462643
Patient_136,Arrival,41664.753968130666,complete,,0.0,,,,
Patient_136,Origem_do Centro Cirurgico,41664.753968130666,complete,,,do Centro Cirurgico,41664.753968130666,,
Patient_136,CTI (CC),41664.753968130666,start,ctiBeds,0.0,,,,
Patient_136,CTI (CC),113894.63232555073,complete,ctiBeds,0.0,,,,
Patient_136,CTI prepara Encaminhamento,113894.63232555073,start,,0.0,,,,
Patient_136,CTI prepara Encaminhamento,113948.56041144981,complete,,0.0,,,,
Patient_136,Encaminha_Transferencia Externa,113948.56041144981,complete,,,Transferencia Externa,113948.56041144981,,
Patient_136,Discharge,113948.56041144981,complete,,,,,,72283.80644331915
Patient_1360,Arrival,488728.8178883877,complete,,0.0,,,,
Patient_1360,Origem_do Pronto Socorro,488728.8178883877,complete,,,do Pronto Socorro,488728.8178883877,,
Patient_1360,CTI (PS),488728.8178883877,start,ctiBeds,0.0,,,,
Patient_1360,CTI (PS),494722.84393017954,complete,ctiBeds,0.0,,,,
Patient_1360,CTI prepara Encaminhamento,494722.84393017954,start,,0.0,,,,
Patient_1360,CTI prepara Encaminhamento,494778.38665403216,complete,,0.0,,,,
Patient_1360,Encaminha_Transferencia Externa,494778.38665403216,complete,,,Transferencia Externa,494778.38665403216,,
Patient_1360,Discharge,494778.38665403216,complete,,,,,,6049.56876564445
Patient_1361,Arrival,488853.15668817837,complete,,0.0,,,,
Patient_1361,Origem_do Centro Cirurgico,488853.15668817837,complete,,,do Centro Cirurgico,488853.15668817837,,
Patient_1361,CTI (CC),488853.15668817837,start,ctiBeds,0.0,,,,
Patient_1362,Arrival,488951.61921523436,complete,,0.0,,,,
Patient_1362,Origem_do Centro Cirurgico,488951.61921523436,complete,,,do Centro Cirurgico,488951.61921523436,,
Patient_1362,CTI (CC),488951.61921523436,start,ctiBeds,0.0,,,,
Patient_1362,CTI (CC),492157.06882979913,complete,ctiBeds,0.0,,,,
Patient_1362,CTI prepara Encaminhamento,492157.06882979913,start,,0.0,,,,
Patient_1362,CTI prepara Encaminhamento,492191.8633038965,complete,,0.0,,,,
Patient_1362,Encaminha_para a Clinica Medica,492191.8633038965,complete,,,para a Clinica Medica,492191.8633038965,,
Patient_1362,Discharge,492191.8633038965,complete,,,,,,3240.244088662148
Patient_1363,Arrival,489441.9306210927,complete,,0.0,,,,
Patient_1363,Origem_do Centro Cirurgico,489441.9306210927,complete,,,do Centro Cirurgico,489441.9306210927,,
Patient_1363,CTI (CC),489441.9306210927,start,ctiBeds,0.0,,,,
Patient_1363,CTI (CC),494024.9281327073,complete,ctiBeds,0.0,,,,
Patient_1363,CTI prepara Encaminhamento,494024.9281327073,start,,0.0,,,,
Patient_1363,CTI prepara Encaminhamento,494084.40707417653,complete,,0.0,,,,
Patient_1363,Encaminha_para a Clinica Medica,494084.40707417653,complete,,,para a Clinica Medica,494084.40707417653,,
Patient_1363,Discharge,494084.40707417653,complete,,,,,,4642.476453083858
Patient_1364,Arrival,489854.74473338627,complete,,0.0,,,,
Patient_1364,Origem_do Centro Cirurgico,489854.74473338627,complete,,,do Centro Cirurgico,489854.74473338627,,
Patient_1364,CTI (CC),489854.74473338627,start,ctiBeds,0.0,,,,
Patient_1364,CTI (CC),499029.17418715137,complete,ctiBeds,0.0,,,,
Patient_1364,CTI prepara Encaminhamento,499029.17418715137,start,,0.0,,,,
Patient_1364,CTI prepara Encaminhamento,499081.35513107287,complete,,0.0,,,,
Patient_1364,Encaminha_para a Clinica Medica,499081.35513107287,complete,,,para a Clinica Medica,499081.35513107287,,
Patient_1364,Discharge,499081.35513107287,complete,,,,,,9226.6103976866
Patient_1365,Arrival,489877.79303330486,complete,,0.0,,,,
Patient_1365,Origem_do Centro Cirurgico,489877.79303330486,complete,,,do Centro Cirurgico,489877.79303330486,,
Patient_1365,CTI (CC),489877.79303330486,start,ctiBeds,0.0,,,,
Patient_1365,CTI (CC),490009.53087668715,complete,ctiBeds,0.0,,,,
Patient_1365,CTI prepara Encaminhamento,490009.53087668715,start,,0.0,,,,
Patient_1365,CTI prepara Encaminhamento,490060.3990931619,complete,,0.0,,,,
Patient_1365,Encaminha_Obito,490060.3990931619,complete,,,Obito,490060.3990931619,,
Patient_1365,Discharge,490060.3990931619,complete,,,,,,182.60605985706206
Patient_1366,Arrival,489884.1151026828,complete,,0.0,,,,
Patient_1366,Origem_do Centro Cirurgico,489884.1151026828,complete,,,do Centro Cirurgico,489884.1151026828,,
Patient_1366,CTI (CC),489884.1151026828,start,ctiBeds,0.0,,,,
Patient_1366,CTI (CC),496002.11206042254,complete,ctiBeds,0.0,,,,
Patient_1366,CTI prepara Encaminhamento,496002.11206042254,start,,0.0,,,,
Patient_1366,CTI prepara Encaminhamento,496048.8752936328,complete,,0.0,,,,
Patient_1366,Encaminha_para a Clinica Cirurgica,496048.8752936328,complete,,,para a Clinica Cirurgica,496048.8752936328,,
Patient_1366,Discharge,496048.8752936328,complete,,,,,,6164.760190950008
Patient_1367,Arrival,490953.7397278225,complete,,0.0,,,,
Patient_1367,Origem_do Pronto Socorro,490953.7397278225,complete,,,do Pronto Socorro,490953.7397278225,,
Patient_1367,CTI (PS),490953.7397278225,start,ctiBeds,0.0,,,,
Patient_1367,CTI (PS),498390.28298975265,complete,ctiBeds,0.0,,,,
Patient_1367,CTI prepara Encaminhamento,498390.28298975265,start,,0.0,,,,
Patient_1367,CTI prepara Encaminhamento,498430.5821773506,complete,,0.0,,,,
Patient_1367,Encaminha_para a Clinica Medica,498430.5821773506,complete,,,para a Clinica Medica,498430.5821773506,,
Patient_1367,Discharge,498430.5821773506,complete,,,,,,7476.842449528107
Patient_1368,Arrival,491122.08304726105,complete,,0.0,,,,
Patient_1368,Origem_do Pronto Socorro,491122.08304726105,complete,,,do Pronto Socorro,491122.08304726105,,
Patient_1368,CTI (PS),491122.08304726105,start,ctiBeds,0.0,,,,
Patient_1368,CTI (PS),520368.45835042885,complete,ctiBeds,0.0,,,,
Patient_1368,CTI prepara Encaminhamento,520368.45835042885,start,,0.0,,,,
Patient_1368,CTI prepara Encaminhamento,520425.0215606561,complete,,0.0,,,,
Patient_1368,Encaminha_para a Clinica Medica,520425.0215606561,complete,,,para a Clinica Medica,520425.0215606561,,
Patient_1368,Discharge,520425.0215606561,complete,,,,,,29302.938513395027
Patient_1369,Arrival,491181.44004010037,complete,,0.0,,,,
Patient_1369,Origem_do Centro Cirurgico,491181.44004010037,complete,,,do Centro Cirurgico,491181.44004010037,,
Patient_1369,CTI (CC),491181.44004010037,start,ctiBeds,0.0,,,,
Patient_1369,CTI (CC),495069.94535384857,complete,ctiBeds,0.0,,,,
Patient_1369,CTI prepara Encaminhamento,495069.94535384857,start,,0.0,,,,
Patient_1369,CTI prepara Encaminhamento,495112.4581563726,complete,,0.0,,,,
Patient_1369,Encaminha_Obito,495112.4581563726,complete,,,Obito,495112.4581563726,,
Patient_1369,Discharge,495112.4581563726,complete,,,,,,3931.0181162722292
Patient_137,Arrival,41959.187852830255,complete,,0.0,,,,
Patient_137,Origem_do Pronto Socorro,41959.187852830255,complete,,,do Pronto Socorro,41959.187852830255,,
Patient_137,CTI (PS),41959.187852830255,start,ctiBeds,0.0,,,,
Patient_137,CTI (PS),68319.58214803356,complete,ctiBeds,0.0,,,,
Patient_137,CTI prepara Encaminhamento,68319.58214803356,start,,0.0,,,,
Patient_137,CTI prepara Encaminhamento,68371.55682145458,complete,,0.0,,,,
Patient_137,Encaminha_Obito,68371.55682145458,complete,,,Obito,68371.55682145458,,
Patient_137,Discharge,68371.55682145458,complete,,,,,,26412.368968624323
Patient_1370,Arrival,491190.41321789933,complete,,0.0,,,,
Patient_1370,Origem_do Centro Cirurgico,491190.41321789933,complete,,,do Centro Cirurgico,491190.41321789933,,
Patient_1370,CTI (CC),491190.41321789933,start,ctiBeds,0.0,,,,
Patient_1370,CTI (CC),497563.3621206583,complete,ctiBeds,0.0,,,,
Patient_1370,CTI prepara Encaminhamento,497563.3621206583,start,,0.0,,,,
Patient_1370,CTI prepara Encaminhamento,497607.1095817541,complete,,0.0,,,,
Patient_1370,Encaminha_Obito,497607.1095817541,complete,,,Obito,497607.1095817541,,
Patient_1370,Discharge,497607.1095817541,complete,,,,,,6416.696363854746
Patient_1371,Arrival,491623.053854052,complete,,0.0,,,,
Patient_1371,Origem_do Pronto Socorro,491623.053854052,complete,,,do Pronto Socorro,491623.053854052,,
Patient_1371,CTI (PS),491623.053854052,start,ctiBeds,0.0,,,,
Patient_1371,CTI (PS),506287.2167243577,complete,ctiBeds,0.0,,,,
Patient_1371,CTI prepara Encaminhamento,506287.2167243577,start,,0.0,,,,
Patient_1371,CTI prepara Encaminhamento,506338.6575046107,complete,,0.0,,,,
Patient_1371,Encaminha_Obito,506338.6575046107,complete,,,Obito,506338.6575046107,,
Patient_1371,Discharge,506338.6575046107,complete,,,,,,14715.60365055874
Patient_1372,Arrival,492962.50798846193,complete,,0.0,,,,
Patient_1372,Origem_da Clinica Medica,492962.50798846193,complete,,,da Clinica Medica,492962.50798846193,,
Patient_1372,CTI (CLIM),492962.50798846193,start,ctiBeds,0.0,,,,
Patient_1372,CTI (CLIM),504366.95007790654,complete,ctiBeds,0.0,,,,
Patient_1372,CTI prepara Encaminhamento,504366.95007790654,start,,0.0,,,,
Patient_1372,CTI prepara Encaminhamento,504423.56512770854,complete,,0.0,,,,
Patient_1372,Encaminha_para a Clinica Medica,504423.56512770854,complete,,,para a Clinica Medica,504423.56512770854,,
Patient_1372,Discharge,504423.56512770854,complete,,,,,,11461.057139246608
Patient_1373,Arrival,493272.5361662954,complete,,0.0,,,,
Patient_1373,Origem_do Centro Cirurgico,493272.5361662954,complete,,,do Centro Cirurgico,493272.5361662954,,
Patient_1373,CTI (CC),493272.5361662954,start,ctiBeds,0.0,,,,
Patient_1373,CTI (CC),499522.7415559475,complete,ctiBeds,0.0,,,,
Patient_1373,CTI prepara Encaminhamento,499522.7415559475,start,,0.0,,,,
Patient_1373,CTI prepara Encaminhamento,499555.2000587034,complete,,0.0,,,,
Patient_1373,Encaminha_Obito,499555.2000587034,complete,,,Obito,499555.2000587034,,
Patient_1373,Discharge,499555.2000587034,complete,,,,,,6282.663892408018
Patient_1374,Arrival,494017.73313731,complete,,0.0,,,,
Patient_1374,Origem_do Centro Cirurgico,494017.73313731,complete,,,do Centro Cirurgico,494017.73313731,,
Patient_1374,CTI (CC),494017.73313731,start,ctiBeds,0.0,,,,
Patient_1374,CTI (CC),508499.3497488921,complete,ctiBeds,0.0,,,,
Patient_1374,CTI prepara Encaminhamento,508499.3497488921,start,,0.0,,,,
Patient_1374,CTI prepara Encaminhamento,508549.44338904985,complete,,0.0,,,,
Patient_1374,Encaminha_para a Clinica Cirurgica,508549.44338904985,complete,,,para a Clinica Cirurgica,508549.44338904985,,
Patient_1374,Discharge,508549.44338904985,complete,,,,,,14531.71025173983
Patient_1375,Arrival,494034.9192449723,complete,,0.0,,,,
Patient_1375,Origem_do Pronto Socorro,494034.9192449723,complete,,,do Pronto Socorro,494034.9192449723,,
Patient_1375,CTI (PS),494034.9192449723,start,ctiBeds,0.0,,,,
Patient_1375,CTI (PS),495456.0085750153,complete,ctiBeds,0.0,,,,
Patient_1375,CTI prepara Encaminhamento,495456.0085750153,start,,0.0,,,,
Patient_1375,CTI prepara Encaminhamento,495495.51277754176,complete,,0.0,,,,
Patient_1375,Encaminha_Obito,495495.51277754176,complete,,,Obito,495495.51277754176,,
Patient_1375,Discharge,495495.51277754176,complete,,,,,,1460.5935325694736
Patient_1376,Arrival,494627.02308289224,complete,,0.0,,,,
Patient_1376,Origem_do Centro Cirurgico,494627.02308289224,complete,,,do Centro Cirurgico,494627.02308289224,,
Patient_1376,CTI (CC),494627.02308289224,start,ctiBeds,0.0,,,,
Patient_1376,CTI (CC),516212.22515986004,complete,ctiBeds,0.0,,,,
Patient_1376,CTI prepara Encaminhamento,516212.22515986004,start,,0.0,,,,
Patient_1376,CTI prepara Encaminhamento,516253.6168150608,complete,,0.0,,,,
Patient_1376,Encaminha_para a Clinica Medica,516253.6168150608,complete,,,para a Clinica Medica,516253.6168150608,,
Patient_1376,Discharge,516253.6168150608,complete,,,,,,21626.59373216855
Patient_1377,Arrival,494856.72027828987,complete,,0.0,,,,
Patient_1377,Origem_do Centro Cirurgico,494856.72027828987,complete,,,do Centro Cirurgico,494856.72027828987,,
Patient_1377,CTI (CC),494856.72027828987,start,ctiBeds,0.0,,,,
Patient_1377,CTI (CC),495063.1561457756,complete,ctiBeds,0.0,,,,
Patient_1377,CTI prepara Encaminhamento,495063.1561457756,start,,0.0,,,,
Patient_1377,CTI prepara Encaminhamento,495114.1923475894,complete,,0.0,,,,
Patient_1377,Encaminha_Obito,495114.1923475894,complete,,,Obito,495114.1923475894,,
Patient_1377,Discharge,495114.1923475894,complete,,,,,,257.472069299547
Patient_1378,Arrival,494896.5002118007,complete,,0.0,,,,
Patient_1378,Origem_do Pronto Socorro,494896.5002118007,complete,,,do Pronto Socorro,494896.5002118007,,
Patient_1378,CTI (PS),494896.5002118007,start,ctiBeds,0.0,,,,
Patient_1379,Arrival,495081.222317101,complete,,0.0,,,,
Patient_1379,Origem_do Pronto Socorro,495081.222317101,complete,,,do Pronto Socorro,495081.222317101,,
Patient_1379,CTI (PS),495081.222317101,start,ctiBeds,0.0,,,,
Patient_1379,CTI (PS),496346.3846612747,complete,ctiBeds,0.0,,,,
Patient_1379,CTI prepara Encaminhamento,496346.3846612747,start,,0.0,,,,
Patient_1379,CTI prepara Encaminhamento,496405.20331435325,complete,,0.0,,,,
Patient_1379,Encaminha_Obito,496405.20331435325,complete,,,Obito,496405.20331435325,,
Patient_1379,Discharge,496405.20331435325,complete,,,,,,1323.9809972522198
Patient_138,Arrival,41968.9487580149,complete,,0.0,,,,
Patient_138,Origem_do Centro Cirurgico,41968.9487580149,complete,,,do Centro Cirurgico,41968.9487580149,,
Patient_138,CTI (CC),41968.9487580149,start,ctiBeds,0.0,,,,
Patient_138,CTI (CC),42213.622532459965,complete,ctiBeds,0.0,,,,
Patient_138,CTI prepara Encaminhamento,42213.622532459965,start,,0.0,,,,
Patient_138,CTI prepara Encaminhamento,42262.6499971653,complete,,0.0,,,,
Patient_138,Encaminha_para a Clinica Medica,42262.6499971653,complete,,,para a Clinica Medica,42262.6499971653,,
Patient_138,Discharge,42262.6499971653,complete,,,,,,293.7012391504031
Patient_1380,Arrival,495229.64364702435,complete,,0.0,,,,
Patient_1380,Origem_do Centro Cirurgico,495229.64364702435,complete,,,do Centro Cirurgico,495229.64364702435,,
Patient_1380,CTI (CC),495229.64364702435,start,ctiBeds,0.0,,,,
Patient_1380,CTI (CC),498381.12476245826,complete,ctiBeds,0.0,,,,
Patient_1380,CTI prepara Encaminhamento,498381.12476245826,start,,0.0,,,,
Patient_1380,CTI prepara Encaminhamento,498424.1996407488,complete,,0.0,,,,
Patient_1380,Encaminha_para a Clinica Medica,498424.1996407488,complete,,,para a Clinica Medica,498424.1996407488,,
Patient_1380,Discharge,498424.1996407488,complete,,,,,,3194.5559937244398
Patient_1381,Arrival,495413.28223399515,complete,,0.0,,,,
Patient_1381,Origem_da Clinica Cirurgica,495413.28223399515,complete,,,da Clinica Cirurgica,495413.28223399515,,
Patient_1381,CTI (CLIC),495413.28223399515,start,ctiBeds,0.0,,,,
Patient_1381,CTI (CLIC),496452.75669243,complete,ctiBeds,0.0,,,,
Patient_1381,CTI prepara Encaminhamento,496452.75669243,start,,0.0,,,,
Patient_1381,CTI prepara Encaminhamento,496488.74769993866,complete,,0.0,,,,
Patient_1381,Encaminha_para a Clinica Cirurgica,496488.74769993866,complete,,,para a Clinica Cirurgica,496488.74769993866,,
Patient_1381,Discharge,496488.74769993866,complete,,,,,,1075.4654659435037
Patient_1382,Arrival,495852.9892952547,complete,,0.0,,,,
Patient_1382,Origem_do Centro Cirurgico,495852.9892952547,complete,,,do Centro Cirurgico,495852.9892952547,,
Patient_1382,CTI (CC),495852.9892952547,start,ctiBeds,0.0,,,,
Patient_1382,CTI (CC),500367.5453516321,complete,ctiBeds,0.0,,,,
Patient_1382,CTI prepara Encaminhamento,500367.5453516321,start,,0.0,,,,
Patient_1382,CTI prepara Encaminhamento,500422.50605599507,complete,,0.0,,,,
Patient_1382,Encaminha_para a Clinica Cirurgica,500422.50605599507,complete,,,para a Clinica Cirurgica,500422.50605599507,,
Patient_1382,Discharge,500422.50605599507,complete,,,,,,4569.516760740371
Patient_1383,Arrival,496172.31728239206,complete,,0.0,,,,
Patient_1383,Origem_do Pronto Socorro,496172.31728239206,complete,,,do Pronto Socorro,496172.31728239206,,
Patient_1383,CTI (PS),496172.31728239206,start,ctiBeds,0.0,,,,
Patient_1383,CTI (PS),496814.086932652,complete,ctiBeds,0.0,,,,
Patient_1383,CTI prepara Encaminhamento,496814.086932652,start,,0.0,,,,
Patient_1383,CTI prepara Encaminhamento,496870.8881569618,complete,,0.0,,,,
Patient_1383,Encaminha_para a Clinica Cirurgica,496870.8881569618,complete,,,para a Clinica Cirurgica,496870.8881569618,,
Patient_1383,Discharge,496870.8881569618,complete,,,,,,698.570874569763
Patient_1384,Arrival,496234.7846236133,complete,,0.0,,,,
Patient_1384,Origem_do Pronto Socorro,496234.7846236133,complete,,,do Pronto Socorro,496234.7846236133,,
Patient_1384,CTI (PS),496234.7846236133,start,ctiBeds,0.0,,,,
Patient_1384,CTI (PS),504586.2033787542,complete,ctiBeds,0.0,,,,
Patient_1384,CTI prepara Encaminhamento,504586.2033787542,start,,0.0,,,,
Patient_1384,CTI prepara Encaminhamento,504632.54033661867,complete,,0.0,,,,
Patient_1384,Encaminha_Obito,504632.54033661867,complete,,,Obito,504632.54033661867,,
Patient_1384,Discharge,504632.54033661867,complete,,,,,,8397.755713005376
Patient_1385,Arrival,496324.85364774865,complete,,0.0,,,,
Patient_1385,Origem_do Centro Cirurgico,496324.85364774865,complete,,,do Centro Cirurgico,496324.85364774865,,
Patient_1385,CTI (CC),496324.85364774865,start,ctiBeds,0.0,,,,
Patient_1385,CTI (CC),509251.547334202,complete,ctiBeds,0.0,,,,
Patient_1385,CTI prepara Encaminhamento,509251.547334202,start,,0.0,,,,
Patient_1385,CTI prepara Encaminhamento,509299.18840488745,complete,,0.0,,,,
Patient_1385,Encaminha_para a Clinica Cirurgica,509299.18840488745,complete,,,para a Clinica Cirurgica,509299.18840488745,,
Patient_1385,Discharge,509299.18840488745,complete,,,,,,12974.3347571388
Patient_1386,Arrival,496392.79950413853,complete,,0.0,,,,
Patient_1386,Origem_do Pronto Socorro,496392.79950413853,complete,,,do Pronto Socorro,496392.79950413853,,
Patient_1386,CTI (PS),496392.79950413853,start,ctiBeds,0.0,,,,
Patient_1386,CTI (PS),497270.73381214583,complete,ctiBeds,0.0,,,,
Patient_1386,CTI prepara Encaminhamento,497270.73381214583,start,,0.0,,,,
Patient_1386,CTI prepara Encaminhamento,497327.31722256244,complete,,0.0,,,,
Patient_1386,Encaminha_para a Clinica Cirurgica,497327.31722256244,complete,,,para a Clinica Cirurgica,497327.31722256244,,
Patient_1386,Discharge,497327.31722256244,complete,,,,,,934.5177184239146
Patient_1387,Arrival,496818.203736287,complete,,0.0,,,,
Patient_1387,Origem_do Pronto Socorro,496818.203736287,complete,,,do Pronto Socorro,496818.203736287,,
Patient_1387,CTI (PS),496818.203736287,start,ctiBeds,0.0,,,,
Patient_1387,CTI (PS),509439.9192842157,complete,ctiBeds,0.0,,,,
Patient_1387,CTI prepara Encaminhamento,509439.9192842157,start,,0.0,,,,
Patient_1387,CTI prepara Encaminhamento,509474.5589722338,complete,,0.0,,,,
Patient_1387,Encaminha_para a Maternidade,509474.5589722338,complete,,,para a Maternidade,509474.5589722338,,
Patient_1387,Discharge,509474.5589722338,complete,,,,,,12656.355235946772
Patient_1388,Arrival,497718.46930236433,complete,,0.0,,,,
Patient_1388,Origem_do Pronto Socorro,497718.46930236433,complete,,,do Pronto Socorro,497718.46930236433,,
Patient_1388,CTI (PS),497718.46930236433,start,ctiBeds,0.0,,,,
Patient_1388,CTI (PS),504074.32599551376,complete,ctiBeds,0.0,,,,
Patient_1388,CTI prepara Encaminhamento,504074.32599551376,start,,0.0,,,,
Patient_1388,CTI prepara Encaminhamento,504112.467080572,complete,,0.0,,,,
Patient_1388,Encaminha_para a Clinica Cirurgica,504112.467080572,complete,,,para a Clinica Cirurgica,504112.467080572,,
Patient_1388,Discharge,504112.467080572,complete,,,,,,6393.997778207646
Patient_1389,Arrival,498099.6242565311,complete,,0.0,,,,
Patient_1389,Origem_do Pronto Socorro,498099.6242565311,complete,,,do Pronto Socorro,498099.6242565311,,
Patient_1389,CTI (PS),498099.6242565311,start,ctiBeds,0.0,,,,
Patient_1389,CTI (PS),501654.1027738784,complete,ctiBeds,0.0,,,,
Patient_1389,CTI prepara Encaminhamento,501654.1027738784,start,,0.0,,,,
Patient_1389,CTI prepara Encaminhamento,501698.0781647249,complete,,0.0,,,,
Patient_1389,Encaminha_para a Clinica Medica,501698.0781647249,complete,,,para a Clinica Medica,501698.0781647249,,
Patient_1389,Discharge,501698.0781647249,complete,,,,,,3598.4539081937983
Patient_139,Arrival,43531.611328059735,complete,,0.0,,,,
Patient_139,Origem_do Centro Cirurgico,43531.611328059735,complete,,,do Centro Cirurgico,43531.611328059735,,
Patient_139,CTI (CC),43531.611328059735,start,ctiBeds,0.0,,,,
Patient_139,CTI (CC),44425.70355461542,complete,ctiBeds,0.0,,,,
Patient_139,CTI prepara Encaminhamento,44425.70355461542,start,,0.0,,,,
Patient_139,CTI prepara Encaminhamento,44476.01919801442,complete,,0.0,,,,
Patient_139,Encaminha_para a Clinica Cirurgica,44476.01919801442,complete,,,para a Clinica Cirurgica,44476.01919801442,,
Patient_139,Discharge,44476.01919801442,complete,,,,,,944.4078699546881
Patient_1390,Arrival,498633.6739207089,complete,,0.0,,,,
Patient_1390,Origem_da Clinica Medica,498633.6739207089,complete,,,da Clinica Medica,498633.6739207089,,
Patient_1390,CTI (CLIM),498633.6739207089,start,ctiBeds,0.0,,,,
Patient_1390,CTI (CLIM),513264.24535975297,complete,ctiBeds,0.0,,,,
Patient_1390,CTI prepara Encaminhamento,513264.24535975297,start,,0.0,,,,
Patient_1390,CTI prepara Encaminhamento,513312.7375031286,complete,,0.0,,,,
Patient_1390,Encaminha_para a Clinica Medica,513312.7375031286,complete,,,para a Clinica Medica,513312.7375031286,,
Patient_1390,Discharge,513312.7375031286,complete,,,,,,14679.063582419709
Patient_1391,Arrival,498637.4992280995,complete,,0.0,,,,
Patient_1391,Origem_do Pronto Socorro,498637.4992280995,complete,,,do Pronto Socorro,498637.4992280995,,
Patient_1391,CTI (PS),498637.4992280995,start,ctiBeds,0.0,,,,
Patient_1391,CTI (PS),507690.6433201185,complete,ctiBeds,0.0,,,,
Patient_1391,CTI prepara Encaminhamento,507690.6433201185,start,,0.0,,,,
Patient_1391,CTI prepara Encaminhamento,507747.04520640697,complete,,0.0,,,,
Patient_1391,Encaminha_para a Clinica Medica,507747.04520640697,complete,,,para a Clinica Medica,507747.04520640697,,
Patient_1391,Discharge,507747.04520640697,complete,,,,,,9109.545978307491
Patient_1392,Arrival,498813.7188135731,complete,,0.0,,,,
Patient_1392,Origem_da Clinica Cirurgica,498813.7188135731,complete,,,da Clinica Cirurgica,498813.7188135731,,
Patient_1392,CTI (CLIC),498813.7188135731,start,ctiBeds,0.0,,,,
Patient_1392,CTI (CLIC),499409.7345013513,complete,ctiBeds,0.0,,,,
Patient_1392,CTI prepara Encaminhamento,499409.7345013513,start,,0.0,,,,
Patient_1392,CTI prepara Encaminhamento,499463.6577604052,complete,,0.0,,,,
Patient_1392,Encaminha_para a Clinica Cirurgica,499463.6577604052,complete,,,para a Clinica Cirurgica,499463.6577604052,,
Patient_1392,Discharge,499463.6577604052,complete,,,,,,649.9389468320878
Patient_1393,Arrival,498818.97495624726,complete,,0.0,,,,
Patient_1393,Origem_do Pronto Socorro,498818.97495624726,complete,,,do Pronto Socorro,498818.97495624726,,
Patient_1393,CTI (PS),498818.97495624726,start,ctiBeds,0.0,,,,
Patient_1393,CTI (PS),500547.6805530693,complete,ctiBeds,0.0,,,,
Patient_1393,CTI prepara Encaminhamento,500547.6805530693,start,,0.0,,,,
Patient_1393,CTI prepara Encaminhamento,500586.58052069874,complete,,0.0,,,,
Patient_1393,Encaminha_para a Clinica Medica,500586.58052069874,complete,,,para a Clinica Medica,500586.58052069874,,
Patient_1393,Discharge,500586.58052069874,complete,,,,,,1767.6055644514854
Patient_1394,Arrival,499808.12029613176,complete,,0.0,,,,
Patient_1394,Origem_do Pronto Socorro,499808.12029613176,complete,,,do Pronto Socorro,499808.12029613176,,
Patient_1394,CTI (PS),499808.12029613176,start,ctiBeds,0.0,,,,
Patient_1394,CTI (PS),508634.6000256421,complete,ctiBeds,0.0,,,,
Patient_1394,CTI prepara Encaminhamento,508634.6000256421,start,,0.0,,,,
Patient_1394,CTI prepara Encaminhamento,508669.3603282471,complete,,0.0,,,,
Patient_1394,Encaminha_Obito,508669.3603282471,complete,,,Obito,508669.3603282471,,
Patient_1394,Discharge,508669.3603282471,complete,,,,,,8861.24003211531
Patient_1395,Arrival,499928.173232325,complete,,0.0,,,,
Patient_1395,Origem_do Centro Cirurgico,499928.173232325,complete,,,do Centro Cirurgico,499928.173232325,,
Patient_1395,CTI (CC),499928.173232325,start,ctiBeds,0.0,,,,
Patient_1395,CTI (CC),500319.4778403136,complete,ctiBeds,0.0,,,,
Patient_1395,CTI prepara Encaminhamento,500319.4778403136,start,,0.0,,,,
Patient_1395,CTI prepara Encaminhamento,500375.4672732147,complete,,0.0,,,,
Patient_1395,Encaminha_para a Clinica Cirurgica,500375.4672732147,complete,,,para a Clinica Cirurgica,500375.4672732147,,
Patient_1395,Discharge,500375.4672732147,complete,,,,,,447.29404088971205
Patient_1396,Arrival,500369.41563067265,complete,,0.0,,,,
Patient_1396,Origem_do Centro Cirurgico,500369.41563067265,complete,,,do Centro Cirurgico,500369.41563067265,,
Patient_1396,CTI (CC),500369.41563067265,start,ctiBeds,0.0,,,,
Patient_1396,CTI (CC),505107.99991706177,complete,ctiBeds,0.0,,,,
Patient_1396,CTI prepara Encaminhamento,505107.99991706177,start,,0.0,,,,
Patient_1396,CTI prepara Encaminhamento,505138.68775611697,complete,,0.0,,,,
Patient_1396,Encaminha_para a Clinica Medica,505138.68775611697,complete,,,para a Clinica Medica,505138.68775611697,,
Patient_1396,Discharge,505138.68775611697,complete,,,,,,4769.272125444317
Patient_1397,Arrival,500540.2489230082,complete,,0.0,,,,
Patient_1397,Origem_do Pronto Socorro,500540.2489230082,complete,,,do Pronto Socorro,500540.2489230082,,
Patient_1397,CTI (PS),500540.2489230082,start,ctiBeds,0.0,,,,
Patient_1397,CTI (PS),519552.440051172,complete,ctiBeds,0.0,,,,
Patient_1397,CTI prepara Encaminhamento,519552.440051172,start,,0.0,,,,
Patient_1397,CTI prepara Encaminhamento,519603.079664557,complete,,0.0,,,,
Patient_1397,Encaminha_para a Clinica Cirurgica,519603.079664557,complete,,,para a Clinica Cirurgica,519603.079664557,,
Patient_1397,Discharge,519603.079664557,complete,,,,,,19062.830741548794
Patient_1398,Arrival,500620.68411648675,complete,,0.0,,,,
Patient_1398,Origem_do Centro Cirurgico,500620.68411648675,complete,,,do Centro Cirurgico,500620.68411648675,,
Patient_1398,CTI (CC),500620.68411648675,start,ctiBeds,0.0,,,,
Patient_1398,CTI (CC),501767.9572431872,complete,ctiBeds,0.0,,,,
Patient_1398,CTI prepara Encaminhamento,501767.9572431872,start,,0.0,,,,
Patient_1398,CTI prepara Encaminhamento,501819.7291364133,complete,,0.0,,,,
Patient_1398,Encaminha_para a Clinica Medica,501819.7291364133,complete,,,para a Clinica Medica,501819.7291364133,,
Patient_1398,Discharge,501819.7291364133,complete,,,,,,1199.0450199265615
Patient_1399,Arrival,501606.6025488737,complete,,0.0,,,,
Patient_1399,Origem_do Centro Cirurgico,501606.6025488737,complete,,,do Centro Cirurgico,501606.6025488737,,
Patient_1399,CTI (CC),501606.6025488737,start,ctiBeds,0.0,,,,
Patient_1399,CTI (CC),505819.17800792016,complete,ctiBeds,0.0,,,,
Patient_1399,CTI prepara Encaminhamento,505819.17800792016,start,,0.0,,,,
Patient_1399,CTI prepara Encaminhamento,505852.715089729,complete,,0.0,,,,
Patient_1399,Encaminha_Obito,505852.715089729,complete,,,Obito,505852.715089729,,
Patient_1399,Discharge,505852.715089729,complete,,,,,,4246.112540855305
Patient_14,Arrival,4357.951025256185,complete,,0.0,,,,
Patient_14,Origem_do Centro Cirurgico,4357.951025256185,complete,,,do Centro Cirurgico,4357.951025256185,,
Patient_14,CTI (CC),4357.951025256185,start,ctiBeds,0.0,,,,
Patient_14,CTI (CC),7682.785847475319,complete,ctiBeds,0.0,,,,
Patient_14,CTI prepara Encaminhamento,7682.785847475319,start,,0.0,,,,
Patient_14,CTI prepara Encaminhamento,7724.517560540602,complete,,0.0,,,,
Patient_14,Encaminha_para a Clinica Cirurgica,7724.517560540602,complete,,,para a Clinica Cirurgica,7724.517560540602,,
Patient_14,Discharge,7724.517560540602,complete,,,,,,3366.566535284417
Patient_140,Arrival,43747.61372300573,complete,,0.0,,,,
Patient_140,Origem_do Pronto Socorro,43747.61372300573,complete,,,do Pronto Socorro,43747.61372300573,,
Patient_140,CTI (PS),43747.61372300573,start,ctiBeds,0.0,,,,
Patient_140,CTI (PS),53674.793150286125,complete,ctiBeds,0.0,,,,
Patient_140,CTI prepara Encaminhamento,53674.793150286125,start,,0.0,,,,
Patient_140,CTI prepara Encaminhamento,53714.38472304002,complete,,0.0,,,,
Patient_140,Encaminha_para a Clinica Cirurgica,53714.38472304002,complete,,,para a Clinica Cirurgica,53714.38472304002,,
Patient_140,Discharge,53714.38472304002,complete,,,,,,9966.771000034292
Patient_1400,Arrival,501656.7098150687,complete,,0.0,,,,
Patient_1400,Origem_do Pronto Socorro,501656.7098150687,complete,,,do Pronto Socorro,501656.7098150687,,
Patient_1400,CTI (PS),501656.7098150687,start,ctiBeds,0.0,,,,
Patient_1400,CTI (PS),514612.12965562945,complete,ctiBeds,0.0,,,,
Patient_1400,CTI prepara Encaminhamento,514612.12965562945,start,,0.0,,,,
Patient_1400,CTI prepara Encaminhamento,514668.4488510814,complete,,0.0,,,,
Patient_1400,Encaminha_para a Clinica Medica,514668.4488510814,complete,,,para a Clinica Medica,514668.4488510814,,
Patient_1400,Discharge,514668.4488510814,complete,,,,,,13011.739036012732
Patient_1401,Arrival,501942.87505419645,complete,,0.0,,,,
Patient_1401,Origem_da Clinica Medica,501942.87505419645,complete,,,da Clinica Medica,501942.87505419645,,
Patient_1401,CTI (CLIM),501942.87505419645,start,ctiBeds,0.0,,,,
Patient_1401,CTI (CLIM),502332.161094006,complete,ctiBeds,0.0,,,,
Patient_1401,CTI prepara Encaminhamento,502332.161094006,start,,0.0,,,,
Patient_1401,CTI prepara Encaminhamento,502387.99653193116,complete,,0.0,,,,
Patient_1401,Encaminha_para a Clinica Cirurgica,502387.99653193116,complete,,,para a Clinica Cirurgica,502387.99653193116,,
Patient_1401,Discharge,502387.99653193116,complete,,,,,,445.12147773470497
Patient_1402,Arrival,501957.75955624756,complete,,0.0,,,,
Patient_1402,Origem_da Clinica Cirurgica,501957.75955624756,complete,,,da Clinica Cirurgica,501957.75955624756,,
Patient_1402,CTI (CLIC),501957.75955624756,start,ctiBeds,0.0,,,,
Patient_1402,CTI (CLIC),516373.40295476926,complete,ctiBeds,0.0,,,,
Patient_1402,CTI prepara Encaminhamento,516373.40295476926,start,,0.0,,,,
Patient_1402,CTI prepara Encaminhamento,516417.0425995458,complete,,0.0,,,,
Patient_1402,Encaminha_para a Clinica Cirurgica,516417.0425995458,complete,,,para a Clinica Cirurgica,516417.0425995458,,
Patient_1402,Discharge,516417.0425995458,complete,,,,,,14459.28304329823
Patient_1403,Arrival,502384.35768019385,complete,,0.0,,,,
Patient_1403,Origem_do Pronto Socorro,502384.35768019385,complete,,,do Pronto Socorro,502384.35768019385,,
Patient_1403,CTI (PS),502384.35768019385,start,ctiBeds,0.0,,,,
Patient_1403,CTI (PS),509716.8883483199,complete,ctiBeds,0.0,,,,
Patient_1403,CTI prepara Encaminhamento,509716.8883483199,start,,0.0,,,,
Patient_1403,CTI prepara Encaminhamento,509748.16293919354,complete,,0.0,,,,
Patient_1403,Encaminha_para a Clinica Cirurgica,509748.16293919354,complete,,,para a Clinica Cirurgica,509748.16293919354,,
Patient_1403,Discharge,509748.16293919354,complete,,,,,,7363.805258999695
Patient_1404,Arrival,503106.2322294808,complete,,0.0,,,,
Patient_1404,Origem_do Centro Cirurgico,503106.2322294808,complete,,,do Centro Cirurgico,503106.2322294808,,
Patient_1404,CTI (CC),503106.2322294808,start,ctiBeds,0.0,,,,
Patient_1404,CTI (CC),517388.0488969929,complete,ctiBeds,0.0,,,,
Patient_1404,CTI prepara Encaminhamento,517388.0488969929,start,,0.0,,,,
Patient_1404,CTI prepara Encaminhamento,517436.7864632416,complete,,0.0,,,,
Patient_1404,Encaminha_para a Clinica Medica,517436.7864632416,complete,,,para a Clinica Medica,517436.7864632416,,
Patient_1404,Discharge,517436.7864632416,complete,,,,,,14330.554233760806
Patient_1405,Arrival,503467.7969654187,complete,,0.0,,,,
Patient_1405,Origem_do Centro Cirurgico,503467.7969654187,complete,,,do Centro Cirurgico,503467.7969654187,,
Patient_1405,CTI (CC),503467.7969654187,start,ctiBeds,0.0,,,,
Patient_1405,CTI (CC),510108.3612919889,complete,ctiBeds,0.0,,,,
Patient_1405,CTI prepara Encaminhamento,510108.3612919889,start,,0.0,,,,
Patient_1405,CTI prepara Encaminhamento,510154.1750280908,complete,,0.0,,,,
Patient_1405,Encaminha_para a Maternidade,510154.1750280908,complete,,,para a Maternidade,510154.1750280908,,
Patient_1405,Discharge,510154.1750280908,complete,,,,,,6686.378062672098
Patient_1406,Arrival,503701.52736010257,complete,,0.0,,,,
Patient_1406,Origem_do Pronto Socorro,503701.52736010257,complete,,,do Pronto Socorro,503701.52736010257,,
Patient_1406,CTI (PS),503701.52736010257,start,ctiBeds,0.0,,,,
Patient_1406,CTI (PS),509428.3081375747,complete,ctiBeds,0.0,,,,
Patient_1406,CTI prepara Encaminhamento,509428.3081375747,start,,0.0,,,,
Patient_1406,CTI prepara Encaminhamento,509485.676825632,complete,,0.0,,,,
Patient_1406,Encaminha_para a Clinica Medica,509485.676825632,complete,,,para a Clinica Medica,509485.676825632,,
Patient_1406,Discharge,509485.676825632,complete,,,,,,5784.149465529423
Patient_1407,Arrival,504681.0365332626,complete,,0.0,,,,
Patient_1407,Origem_do Centro Cirurgico,504681.0365332626,complete,,,do Centro Cirurgico,504681.0365332626,,
Patient_1407,CTI (CC),504681.0365332626,start,ctiBeds,0.0,,,,
Patient_1407,CTI (CC),504968.81308778113,complete,ctiBeds,0.0,,,,
Patient_1407,CTI prepara Encaminhamento,504968.81308778113,start,,0.0,,,,
Patient_1407,CTI prepara Encaminhamento,505015.4557185447,complete,,0.0,,,,
Patient_1407,Encaminha_para a Clinica Cirurgica,505015.4557185447,complete,,,para a Clinica Cirurgica,505015.4557185447,,
Patient_1407,Discharge,505015.4557185447,complete,,,,,,334.41918528213864
Patient_1408,Arrival,504971.16153741936,complete,,0.0,,,,
Patient_1408,Origem_do Pronto Socorro,504971.16153741936,complete,,,do Pronto Socorro,504971.16153741936,,
Patient_1408,CTI (PS),504971.16153741936,start,ctiBeds,0.0,,,,
Patient_1409,Arrival,505927.33817191643,complete,,0.0,,,,
Patient_1409,Origem_do Pronto Socorro,505927.33817191643,complete,,,do Pronto Socorro,505927.33817191643,,
Patient_1409,CTI (PS),505927.33817191643,start,ctiBeds,0.0,,,,
Patient_1409,CTI (PS),506557.7592366556,complete,ctiBeds,0.0,,,,
Patient_1409,CTI prepara Encaminhamento,506557.7592366556,start,,0.0,,,,
Patient_1409,CTI prepara Encaminhamento,506614.0894818135,complete,,0.0,,,,
Patient_1409,Encaminha_para a Clinica Medica,506614.0894818135,complete,,,para a Clinica Medica,506614.0894818135,,
Patient_1409,Discharge,506614.0894818135,complete,,,,,,686.7513098970521
Patient_141,Arrival,43943.853993147306,complete,,0.0,,,,
Patient_141,Origem_da Clinica Cirurgica,43943.853993147306,complete,,,da Clinica Cirurgica,43943.853993147306,,
Patient_141,CTI (CLIC),43943.853993147306,start,ctiBeds,0.0,,,,
Patient_141,CTI (CLIC),61134.48545509895,complete,ctiBeds,0.0,,,,
Patient_141,CTI prepara Encaminhamento,61134.48545509895,start,,0.0,,,,
Patient_141,CTI prepara Encaminhamento,61174.35253023446,complete,,0.0,,,,
Patient_141,Encaminha_Obito,61174.35253023446,complete,,,Obito,61174.35253023446,,
Patient_141,Discharge,61174.35253023446,complete,,,,,,17230.49853708715
Patient_1410,Arrival,506067.4473636224,complete,,0.0,,,,
Patient_1410,Origem_do Centro Cirurgico,506067.4473636224,complete,,,do Centro Cirurgico,506067.4473636224,,
Patient_1410,CTI (CC),506067.4473636224,start,ctiBeds,0.0,,,,
Patient_1410,CTI (CC),519339.0363686161,complete,ctiBeds,0.0,,,,
Patient_1410,CTI prepara Encaminhamento,519339.0363686161,start,,0.0,,,,
Patient_1410,CTI prepara Encaminhamento,519395.2383176828,complete,,0.0,,,,
Patient_1410,Encaminha_Transferencia Externa,519395.2383176828,complete,,,Transferencia Externa,519395.2383176828,,
Patient_1410,Discharge,519395.2383176828,complete,,,,,,13327.790954060387
Patient_1411,Arrival,506072.99279206176,complete,,0.0,,,,
Patient_1411,Origem_do Centro Cirurgico,506072.99279206176,complete,,,do Centro Cirurgico,506072.99279206176,,
Patient_1411,CTI (CC),506072.99279206176,start,ctiBeds,0.0,,,,
Patient_1411,CTI (CC),508933.67749161035,complete,ctiBeds,0.0,,,,
Patient_1411,CTI prepara Encaminhamento,508933.67749161035,start,,0.0,,,,
Patient_1411,CTI prepara Encaminhamento,508989.57966375595,complete,,0.0,,,,
Patient_1411,Encaminha_Obito,508989.57966375595,complete,,,Obito,508989.57966375595,,
Patient_1411,Discharge,508989.57966375595,complete,,,,,,2916.5868716941914
Patient_1412,Arrival,506330.7880025632,complete,,0.0,,,,
Patient_1412,Origem_da Clinica Cirurgica,506330.7880025632,complete,,,da Clinica Cirurgica,506330.7880025632,,
Patient_1412,CTI (CLIC),506330.7880025632,start,ctiBeds,0.0,,,,
Patient_1412,CTI (CLIC),518905.7347550129,complete,ctiBeds,0.0,,,,
Patient_1412,CTI prepara Encaminhamento,518905.7347550129,start,,0.0,,,,
Patient_1412,CTI prepara Encaminhamento,518938.49357063946,complete,,0.0,,,,
Patient_1412,Encaminha_para a Clinica Medica,518938.49357063946,complete,,,para a Clinica Medica,518938.49357063946,,
Patient_1412,Discharge,518938.49357063946,complete,,,,,,12607.705568076286
Patient_1413,Arrival,506507.2262358237,complete,,0.0,,,,
Patient_1413,Origem_do Centro Cirurgico,506507.2262358237,complete,,,do Centro Cirurgico,506507.2262358237,,
Patient_1413,CTI (CC),506507.2262358237,start,ctiBeds,0.0,,,,
Patient_1413,CTI (CC),509844.30973693007,complete,ctiBeds,0.0,,,,
Patient_1413,CTI prepara Encaminhamento,509844.30973693007,start,,0.0,,,,
Patient_1413,CTI prepara Encaminhamento,509881.64566646796,complete,,0.0,,,,
Patient_1413,Encaminha_para a Clinica Cirurgica,509881.64566646796,complete,,,para a Clinica Cirurgica,509881.64566646796,,
Patient_1413,Discharge,509881.64566646796,complete,,,,,,3374.4194306442514
Patient_1414,Arrival,506960.5462889579,complete,,0.0,,,,
Patient_1414,Origem_do Centro Cirurgico,506960.5462889579,complete,,,do Centro Cirurgico,506960.5462889579,,
Patient_1414,CTI (CC),506960.5462889579,start,ctiBeds,0.0,,,,
Patient_1414,CTI (CC),508957.21498531126,complete,ctiBeds,0.0,,,,
Patient_1414,CTI prepara Encaminhamento,508957.21498531126,start,,0.0,,,,
Patient_1414,CTI prepara Encaminhamento,509011.37567039597,complete,,0.0,,,,
Patient_1414,Encaminha_para a Clinica Medica,509011.37567039597,complete,,,para a Clinica Medica,509011.37567039597,,
Patient_1414,Discharge,509011.37567039597,complete,,,,,,2050.8293814380886
Patient_1415,Arrival,507058.2833717657,complete,,0.0,,,,
Patient_1415,Origem_do Pronto Socorro,507058.2833717657,complete,,,do Pronto Socorro,507058.2833717657,,
Patient_1415,CTI (PS),507058.2833717657,start,ctiBeds,0.0,,,,
Patient_1415,CTI (PS),520765.07319202815,complete,ctiBeds,0.0,,,,
Patient_1415,CTI prepara Encaminhamento,520765.07319202815,start,,0.0,,,,
Patient_1415,CTI prepara Encaminhamento,520806.11304581683,complete,,0.0,,,,
Patient_1415,Encaminha_Obito,520806.11304581683,complete,,,Obito,520806.11304581683,,
Patient_1415,Discharge,520806.11304581683,complete,,,,,,13747.829674051143
Patient_1416,Arrival,508054.66111279075,complete,,0.0,,,,
Patient_1416,Origem_do Centro Cirurgico,508054.66111279075,complete,,,do Centro Cirurgico,508054.66111279075,,
Patient_1416,CTI (CC),508054.66111279075,start,ctiBeds,0.0,,,,
Patient_1416,CTI (CC),509014.6700060506,complete,ctiBeds,0.0,,,,
Patient_1416,CTI prepara Encaminhamento,509014.6700060506,start,,0.0,,,,
Patient_1416,CTI prepara Encaminhamento,509051.7262223283,complete,,0.0,,,,
Patient_1416,Encaminha_para a Clinica Cirurgica,509051.7262223283,complete,,,para a Clinica Cirurgica,509051.7262223283,,
Patient_1416,Discharge,509051.7262223283,complete,,,,,,997.0651095375651
Patient_1417,Arrival,509323.21241623105,complete,,0.0,,,,
Patient_1417,Origem_do Pronto Socorro,509323.21241623105,complete,,,do Pronto Socorro,509323.21241623105,,
Patient_1417,CTI (PS),509323.21241623105,start,ctiBeds,0.0,,,,
Patient_1417,CTI (PS),516917.0526642886,complete,ctiBeds,0.0,,,,
Patient_1417,CTI prepara Encaminhamento,516917.0526642886,start,,0.0,,,,
Patient_1417,CTI prepara Encaminhamento,516954.3383471209,complete,,0.0,,,,
Patient_1417,Encaminha_Obito,516954.3383471209,complete,,,Obito,516954.3383471209,,
Patient_1417,Discharge,516954.3383471209,complete,,,,,,7631.125930889859
Patient_1418,Arrival,509343.48554087203,complete,,0.0,,,,
Patient_1418,Origem_do Centro Cirurgico,509343.48554087203,complete,,,do Centro Cirurgico,509343.48554087203,,
Patient_1418,CTI (CC),509343.48554087203,start,ctiBeds,0.0,,,,
Patient_1418,CTI (CC),515995.9055717225,complete,ctiBeds,0.0,,,,
Patient_1418,CTI prepara Encaminhamento,515995.9055717225,start,,0.0,,,,
Patient_1418,CTI prepara Encaminhamento,516027.8785587229,complete,,0.0,,,,
Patient_1418,Encaminha_para a Clinica Cirurgica,516027.8785587229,complete,,,para a Clinica Cirurgica,516027.8785587229,,
Patient_1418,Discharge,516027.8785587229,complete,,,,,,6684.3930178508745
Patient_1419,Arrival,509453.3658758791,complete,,0.0,,,,
Patient_1419,Origem_do Pronto Socorro,509453.3658758791,complete,,,do Pronto Socorro,509453.3658758791,,
Patient_1419,CTI (PS),509453.3658758791,start,ctiBeds,0.0,,,,
Patient_1419,CTI (PS),518511.6707421485,complete,ctiBeds,0.0,,,,
Patient_1419,CTI prepara Encaminhamento,518511.6707421485,start,,0.0,,,,
Patient_1419,CTI prepara Encaminhamento,518565.54662108957,complete,,0.0,,,,
Patient_1419,Encaminha_Obito,518565.54662108957,complete,,,Obito,518565.54662108957,,
Patient_1419,Discharge,518565.54662108957,complete,,,,,,9112.18074521044
Patient_142,Arrival,44217.12359084962,complete,,0.0,,,,
Patient_142,Origem_da Clinica Medica,44217.12359084962,complete,,,da Clinica Medica,44217.12359084962,,
Patient_142,CTI (CLIM),44217.12359084962,start,ctiBeds,0.0,,,,
Patient_142,CTI (CLIM),68097.64872144023,complete,ctiBeds,0.0,,,,
Patient_142,CTI prepara Encaminhamento,68097.64872144023,start,,0.0,,,,
Patient_142,CTI prepara Encaminhamento,68135.52827826812,complete,,0.0,,,,
Patient_142,Encaminha_para a Clinica Cirurgica,68135.52827826812,complete,,,para a Clinica Cirurgica,68135.52827826812,,
Patient_142,Discharge,68135.52827826812,complete,,,,,,23918.4046874185
Patient_1420,Arrival,509496.0292870069,complete,,0.0,,,,
Patient_1420,Origem_do Pronto Socorro,509496.0292870069,complete,,,do Pronto Socorro,509496.0292870069,,
Patient_1420,CTI (PS),509496.0292870069,start,ctiBeds,0.0,,,,
Patient_1421,Arrival,509646.5506468656,complete,,0.0,,,,
Patient_1421,Origem_do Centro Cirurgico,509646.5506468656,complete,,,do Centro Cirurgico,509646.5506468656,,
Patient_1421,CTI (CC),509646.5506468656,start,ctiBeds,0.0,,,,
Patient_1421,CTI (CC),512410.70245834906,complete,ctiBeds,0.0,,,,
Patient_1421,CTI prepara Encaminhamento,512410.70245834906,start,,0.0,,,,
Patient_1421,CTI prepara Encaminhamento,512470.69343016954,complete,,0.0,,,,
Patient_1421,Encaminha_para a Clinica Medica,512470.69343016954,complete,,,para a Clinica Medica,512470.69343016954,,
Patient_1421,Discharge,512470.69343016954,complete,,,,,,2824.1427833039197
Patient_1422,Arrival,509794.7894844672,complete,,0.0,,,,
Patient_1422,Origem_do Centro Cirurgico,509794.7894844672,complete,,,do Centro Cirurgico,509794.7894844672,,
Patient_1422,CTI (CC),509794.7894844672,start,ctiBeds,0.0,,,,
Patient_1422,CTI (CC),516366.18969649094,complete,ctiBeds,0.0,,,,
Patient_1422,CTI prepara Encaminhamento,516366.18969649094,start,,0.0,,,,
Patient_1422,CTI prepara Encaminhamento,516426.17838756734,complete,,0.0,,,,
Patient_1422,Encaminha_para a Clinica Medica,516426.17838756734,complete,,,para a Clinica Medica,516426.17838756734,,
Patient_1422,Discharge,516426.17838756734,complete,,,,,,6631.38890310016
Patient_1423,Arrival,510071.6311872343,complete,,0.0,,,,
Patient_1423,Origem_do Pronto Socorro,510071.6311872343,complete,,,do Pronto Socorro,510071.6311872343,,
Patient_1423,CTI (PS),510071.6311872343,start,ctiBeds,0.0,,,,
Patient_1423,CTI (PS),518532.0284141779,complete,ctiBeds,0.0,,,,
Patient_1423,CTI prepara Encaminhamento,518532.0284141779,start,,0.0,,,,
Patient_1423,CTI prepara Encaminhamento,518568.3202609501,complete,,0.0,,,,
Patient_1423,Encaminha_para a Clinica Cirurgica,518568.3202609501,complete,,,para a Clinica Cirurgica,518568.3202609501,,
Patient_1423,Discharge,518568.3202609501,complete,,,,,,8496.689073715766
Patient_1424,Arrival,510113.95215366315,complete,,0.0,,,,
Patient_1424,Origem_do Pronto Socorro,510113.95215366315,complete,,,do Pronto Socorro,510113.95215366315,,
Patient_1424,CTI (PS),510113.95215366315,start,ctiBeds,0.0,,,,
Patient_1424,CTI (PS),514355.4890657711,complete,ctiBeds,0.0,,,,
Patient_1424,CTI prepara Encaminhamento,514355.4890657711,start,,0.0,,,,
Patient_1424,CTI prepara Encaminhamento,514414.6566390559,complete,,0.0,,,,
Patient_1424,Encaminha_Obito,514414.6566390559,complete,,,Obito,514414.6566390559,,
Patient_1424,Discharge,514414.6566390559,complete,,,,,,4300.704485392722
Patient_1425,Arrival,510220.503861093,complete,,0.0,,,,
Patient_1425,Origem_do Pronto Socorro,510220.503861093,complete,,,do Pronto Socorro,510220.503861093,,
Patient_1425,CTI (PS),510220.503861093,start,ctiBeds,0.0,,,,
Patient_1426,Arrival,510510.41746674257,complete,,0.0,,,,
Patient_1426,Origem_do Centro Cirurgico,510510.41746674257,complete,,,do Centro Cirurgico,510510.41746674257,,
Patient_1426,CTI (CC),510510.41746674257,start,ctiBeds,0.0,,,,
Patient_1426,CTI (CC),513875.6584093257,complete,ctiBeds,0.0,,,,
Patient_1426,CTI prepara Encaminhamento,513875.6584093257,start,,0.0,,,,
Patient_1426,CTI prepara Encaminhamento,513929.88769944437,complete,,0.0,,,,
Patient_1426,Encaminha_para a Clinica Medica,513929.88769944437,complete,,,para a Clinica Medica,513929.88769944437,,
Patient_1426,Discharge,513929.88769944437,complete,,,,,,3419.470232701802
Patient_1427,Arrival,510519.0384669337,complete,,0.0,,,,
Patient_1427,Origem_do Centro Cirurgico,510519.0384669337,complete,,,do Centro Cirurgico,510519.0384669337,,
Patient_1427,CTI (CC),510519.0384669337,start,ctiBeds,0.0,,,,
Patient_1427,CTI (CC),520092.14215615037,complete,ctiBeds,0.0,,,,
Patient_1427,CTI prepara Encaminhamento,520092.14215615037,start,,0.0,,,,
Patient_1427,CTI prepara Encaminhamento,520131.7892476789,complete,,0.0,,,,
Patient_1427,Encaminha_Obito,520131.7892476789,complete,,,Obito,520131.7892476789,,
Patient_1427,Discharge,520131.7892476789,complete,,,,,,9612.750780745177
Patient_1428,Arrival,512330.05328372674,complete,,0.0,,,,
Patient_1428,Origem_do Centro Cirurgico,512330.05328372674,complete,,,do Centro Cirurgico,512330.05328372674,,
Patient_1428,CTI (CC),512330.05328372674,start,ctiBeds,0.0,,,,
Patient_1428,CTI (CC),513752.21208789735,complete,ctiBeds,0.0,,,,
Patient_1428,CTI prepara Encaminhamento,513752.21208789735,start,,0.0,,,,
Patient_1428,CTI prepara Encaminhamento,513797.9144761307,complete,,0.0,,,,
Patient_1428,Encaminha_Obito,513797.9144761307,complete,,,Obito,513797.9144761307,,
Patient_1428,Discharge,513797.9144761307,complete,,,,,,1467.8611924039433
Patient_1429,Arrival,512562.7372467918,complete,,0.0,,,,
Patient_1429,Origem_do Pronto Socorro,512562.7372467918,complete,,,do Pronto Socorro,512562.7372467918,,
Patient_1429,CTI (PS),512562.7372467918,start,ctiBeds,0.0,,,,
Patient_143,Arrival,44539.67453442489,complete,,0.0,,,,
Patient_143,Origem_do Pronto Socorro,44539.67453442489,complete,,,do Pronto Socorro,44539.67453442489,,
Patient_143,CTI (PS),44539.67453442489,start,ctiBeds,0.0,,,,
Patient_143,CTI (PS),48741.07259807059,complete,ctiBeds,0.0,,,,
Patient_143,CTI prepara Encaminhamento,48741.07259807059,start,,0.0,,,,
Patient_143,CTI prepara Encaminhamento,48784.10395746983,complete,,0.0,,,,
Patient_143,Encaminha_para a Clinica Medica,48784.10395746983,complete,,,para a Clinica Medica,48784.10395746983,,
Patient_143,Discharge,48784.10395746983,complete,,,,,,4244.429423044938
Patient_1430,Arrival,512611.03545534424,complete,,0.0,,,,
Patient_1430,Origem_da Maternidade,512611.03545534424,complete,,,da Maternidade,512611.03545534424,,
Patient_1430,CTI (MAT),512611.03545534424,start,ctiBeds,0.0,,,,
Patient_1430,CTI (MAT),515574.41194737627,complete,ctiBeds,0.0,,,,
Patient_1430,CTI prepara Encaminhamento,515574.41194737627,start,,0.0,,,,
Patient_1430,CTI prepara Encaminhamento,515610.271327502,complete,,0.0,,,,
Patient_1430,Encaminha_para a Clinica Cirurgica,515610.271327502,complete,,,para a Clinica Cirurgica,515610.271327502,,
Patient_1430,Discharge,515610.271327502,complete,,,,,,2999.235872157733
Patient_1431,Arrival,513301.44832500356,complete,,0.0,,,,
Patient_1431,Origem_do Pronto Socorro,513301.44832500356,complete,,,do Pronto Socorro,513301.44832500356,,
Patient_1431,CTI (PS),513301.44832500356,start,ctiBeds,0.0,,,,
Patient_1431,CTI (PS),515286.37531715725,complete,ctiBeds,0.0,,,,
Patient_1431,CTI prepara Encaminhamento,515286.37531715725,start,,0.0,,,,
Patient_1431,CTI prepara Encaminhamento,515328.6908749402,complete,,0.0,,,,
Patient_1431,Encaminha_para a Clinica Cirurgica,515328.6908749402,complete,,,para a Clinica Cirurgica,515328.6908749402,,
Patient_1431,Discharge,515328.6908749402,complete,,,,,,2027.2425499366364
Patient_1432,Arrival,513466.8042215268,complete,,0.0,,,,
Patient_1432,Origem_do Pronto Socorro,513466.8042215268,complete,,,do Pronto Socorro,513466.8042215268,,
Patient_1432,CTI (PS),513466.8042215268,start,ctiBeds,0.0,,,,
Patient_1433,Arrival,514116.9782960643,complete,,0.0,,,,
Patient_1433,Origem_da Clinica Medica,514116.9782960643,complete,,,da Clinica Medica,514116.9782960643,,
Patient_1433,CTI (CLIM),514116.9782960643,start,ctiBeds,0.0,,,,
Patient_1433,CTI (CLIM),514306.8089248944,complete,ctiBeds,0.0,,,,
Patient_1433,CTI prepara Encaminhamento,514306.8089248944,start,,0.0,,,,
Patient_1433,CTI prepara Encaminhamento,514356.90912135306,complete,,0.0,,,,
Patient_1433,Encaminha_para a Clinica Medica,514356.90912135306,complete,,,para a Clinica Medica,514356.90912135306,,
Patient_1433,Discharge,514356.90912135306,complete,,,,,,239.93082528875675
Patient_1434,Arrival,514177.9710313581,complete,,0.0,,,,
Patient_1434,Origem_do Centro Cirurgico,514177.9710313581,complete,,,do Centro Cirurgico,514177.9710313581,,
Patient_1434,CTI (CC),514177.9710313581,start,ctiBeds,0.0,,,,
Patient_1434,CTI (CC),517313.17264142004,complete,ctiBeds,0.0,,,,
Patient_1434,CTI prepara Encaminhamento,517313.17264142004,start,,0.0,,,,
Patient_1434,CTI prepara Encaminhamento,517355.3688183896,complete,,0.0,,,,
Patient_1434,Encaminha_para a Clinica Medica,517355.3688183896,complete,,,para a Clinica Medica,517355.3688183896,,
Patient_1434,Discharge,517355.3688183896,complete,,,,,,3177.3977870314848
Patient_1435,Arrival,514188.55408406956,complete,,0.0,,,,
Patient_1435,Origem_do Centro Cirurgico,514188.55408406956,complete,,,do Centro Cirurgico,514188.55408406956,,
Patient_1435,CTI (CC),514188.55408406956,start,ctiBeds,0.0,,,,
Patient_1436,Arrival,514308.4642635033,complete,,0.0,,,,
Patient_1436,Origem_do Centro Cirurgico,514308.4642635033,complete,,,do Centro Cirurgico,514308.4642635033,,
Patient_1436,CTI (CC),514308.4642635033,start,ctiBeds,0.0,,,,
Patient_1437,Arrival,514901.96069452015,complete,,0.0,,,,
Patient_1437,Origem_do Pronto Socorro,514901.96069452015,complete,,,do Pronto Socorro,514901.96069452015,,
Patient_1437,CTI (PS),514901.96069452015,start,ctiBeds,0.0,,,,
Patient_1437,CTI (PS),518111.50674062374,complete,ctiBeds,0.0,,,,
Patient_1437,CTI prepara Encaminhamento,518111.50674062374,start,,0.0,,,,
Patient_1437,CTI prepara Encaminhamento,518152.17021641164,complete,,0.0,,,,
Patient_1437,Encaminha_para a Clinica Cirurgica,518152.17021641164,complete,,,para a Clinica Cirurgica,518152.17021641164,,
Patient_1437,Discharge,518152.17021641164,complete,,,,,,3250.209521891491
Patient_1438,Arrival,515759.1129827122,complete,,0.0,,,,
Patient_1438,Origem_do Centro Cirurgico,515759.1129827122,complete,,,do Centro Cirurgico,515759.1129827122,,
Patient_1438,CTI (CC),515759.1129827122,start,ctiBeds,0.0,,,,
Patient_1438,CTI (CC),516536.7723866557,complete,ctiBeds,0.0,,,,
Patient_1438,CTI prepara Encaminhamento,516536.7723866557,start,,0.0,,,,
Patient_1438,CTI prepara Encaminhamento,516590.17364757473,complete,,0.0,,,,
Patient_1438,Encaminha_Transferencia Externa,516590.17364757473,complete,,,Transferencia Externa,516590.17364757473,,
Patient_1438,Discharge,516590.17364757473,complete,,,,,,831.0606648625107
Patient_1439,Arrival,516060.7171404,complete,,0.0,,,,
Patient_1439,Origem_do Centro Cirurgico,516060.7171404,complete,,,do Centro Cirurgico,516060.7171404,,
Patient_1439,CTI (CC),516060.7171404,start,ctiBeds,0.0,,,,
Patient_1439,CTI (CC),525315.6116961419,complete,ctiBeds,0.0,,,,
Patient_1439,CTI prepara Encaminhamento,525315.6116961419,start,,0.0,,,,
Patient_1439,CTI prepara Encaminhamento,525359.1812722136,complete,,0.0,,,,
Patient_1439,Encaminha_para a Clinica Cirurgica,525359.1812722136,complete,,,para a Clinica Cirurgica,525359.1812722136,,
Patient_1439,Discharge,525359.1812722136,complete,,,,,,9298.464131813555
Patient_144,Arrival,44544.40837669047,complete,,0.0,,,,
Patient_144,Origem_do Pronto Socorro,44544.40837669047,complete,,,do Pronto Socorro,44544.40837669047,,
Patient_144,CTI (PS),44544.40837669047,start,ctiBeds,0.0,,,,
Patient_144,CTI (PS),44701.95195362373,complete,ctiBeds,0.0,,,,
Patient_144,CTI prepara Encaminhamento,44701.95195362373,start,,0.0,,,,
Patient_144,CTI prepara Encaminhamento,44756.448604572346,complete,,0.0,,,,
Patient_144,Encaminha_para a Clinica Medica,44756.448604572346,complete,,,para a Clinica Medica,44756.448604572346,,
Patient_144,Discharge,44756.448604572346,complete,,,,,,212.04022788187285
Patient_1440,Arrival,516212.28735323594,complete,,0.0,,,,
Patient_1440,Origem_do Centro Cirurgico,516212.28735323594,complete,,,do Centro Cirurgico,516212.28735323594,,
Patient_1440,CTI (CC),516212.28735323594,start,ctiBeds,0.0,,,,
Patient_1440,CTI (CC),519157.52476347977,complete,ctiBeds,0.0,,,,
Patient_1440,CTI prepara Encaminhamento,519157.52476347977,start,,0.0,,,,
Patient_1440,CTI prepara Encaminhamento,519203.8224014544,complete,,0.0,,,,
Patient_1440,Encaminha_para a Clinica Medica,519203.8224014544,complete,,,para a Clinica Medica,519203.8224014544,,
Patient_1440,Discharge,519203.8224014544,complete,,,,,,2991.535048218444
Patient_1441,Arrival,516699.8644305669,complete,,0.0,,,,
Patient_1441,Origem_do Centro Cirurgico,516699.8644305669,complete,,,do Centro Cirurgico,516699.8644305669,,
Patient_1441,CTI (CC),516699.8644305669,start,ctiBeds,0.0,,,,
Patient_1441,CTI (CC),518222.3532580902,complete,ctiBeds,0.0,,,,
Patient_1441,CTI prepara Encaminhamento,518222.3532580902,start,,0.0,,,,
Patient_1441,CTI prepara Encaminhamento,518277.73327731533,complete,,0.0,,,,
Patient_1441,Encaminha_Transferencia Externa,518277.73327731533,complete,,,Transferencia Externa,518277.73327731533,,
Patient_1441,Discharge,518277.73327731533,complete,,,,,,1577.8688467484317
Patient_1442,Arrival,516905.78725688864,complete,,0.0,,,,
Patient_1442,Origem_do Pronto Socorro,516905.78725688864,complete,,,do Pronto Socorro,516905.78725688864,,
Patient_1442,CTI (PS),516905.78725688864,start,ctiBeds,0.0,,,,
Patient_1442,CTI (PS),518512.18356053,complete,ctiBeds,0.0,,,,
Patient_1442,CTI prepara Encaminhamento,518512.18356053,start,,0.0,,,,
Patient_1442,CTI prepara Encaminhamento,518571.9942447443,complete,,0.0,,,,
Patient_1442,Encaminha_Obito,518571.9942447443,complete,,,Obito,518571.9942447443,,
Patient_1442,Discharge,518571.9942447443,complete,,,,,,1666.206987855665
Patient_1443,Arrival,518337.498238217,complete,,0.0,,,,
Patient_1443,Origem_do Centro Cirurgico,518337.498238217,complete,,,do Centro Cirurgico,518337.498238217,,
Patient_1443,CTI (CC),518337.498238217,start,ctiBeds,0.0,,,,
Patient_1443,CTI (CC),524825.009610929,complete,ctiBeds,0.0,,,,
Patient_1443,CTI prepara Encaminhamento,524825.009610929,start,,0.0,,,,
Patient_1443,CTI prepara Encaminhamento,524878.1834838728,complete,,0.0,,,,
Patient_1443,Encaminha_Obito,524878.1834838728,complete,,,Obito,524878.1834838728,,
Patient_1443,Discharge,524878.1834838728,complete,,,,,,6540.685245655768
Patient_1444,Arrival,518451.87585850287,complete,,0.0,,,,
Patient_1444,Origem_do Pronto Socorro,518451.87585850287,complete,,,do Pronto Socorro,518451.87585850287,,
Patient_1444,CTI (PS),518451.87585850287,start,ctiBeds,0.0,,,,
Patient_1444,CTI (PS),524595.984275147,complete,ctiBeds,0.0,,,,
Patient_1444,CTI prepara Encaminhamento,524595.984275147,start,,0.0,,,,
Patient_1444,CTI prepara Encaminhamento,524642.5808149077,complete,,0.0,,,,
Patient_1444,Encaminha_para a Clinica Medica,524642.5808149077,complete,,,para a Clinica Medica,524642.5808149077,,
Patient_1444,Discharge,524642.5808149077,complete,,,,,,6190.704956404807
Patient_1445,Arrival,518878.2469182038,complete,,0.0,,,,
Patient_1445,Origem_do Centro Cirurgico,518878.2469182038,complete,,,do Centro Cirurgico,518878.2469182038,,
Patient_1445,CTI (CC),518878.2469182038,start,ctiBeds,0.0,,,,
Patient_1445,CTI (CC),521701.68510673556,complete,ctiBeds,0.0,,,,
Patient_1445,CTI prepara Encaminhamento,521701.68510673556,start,,0.0,,,,
Patient_1445,CTI prepara Encaminhamento,521744.41678983,complete,,0.0,,,,
Patient_1445,Encaminha_para a Clinica Cirurgica,521744.41678983,complete,,,para a Clinica Cirurgica,521744.41678983,,
Patient_1445,Discharge,521744.41678983,complete,,,,,,2866.169871626247
Patient_1446,Arrival,518971.4136506672,complete,,0.0,,,,
Patient_1446,Origem_da Clinica Cirurgica,518971.4136506672,complete,,,da Clinica Cirurgica,518971.4136506672,,
Patient_1446,CTI (CLIC),518971.4136506672,start,ctiBeds,0.0,,,,
Patient_1447,Arrival,519432.101328598,complete,,0.0,,,,
Patient_1447,Origem_do Pronto Socorro,519432.101328598,complete,,,do Pronto Socorro,519432.101328598,,
Patient_1447,CTI (PS),519432.101328598,start,ctiBeds,0.0,,,,
Patient_1448,Arrival,521283.5815083716,complete,,0.0,,,,
Patient_1448,Origem_do Pronto Socorro,521283.5815083716,complete,,,do Pronto Socorro,521283.5815083716,,
Patient_1448,CTI (PS),521283.5815083716,start,ctiBeds,0.0,,,,
Patient_1449,Arrival,521353.73586320423,complete,,0.0,,,,
Patient_1449,Origem_do Centro Cirurgico,521353.73586320423,complete,,,do Centro Cirurgico,521353.73586320423,,
Patient_1449,CTI (CC),521353.73586320423,start,ctiBeds,0.0,,,,
Patient_1449,CTI (CC),524884.5100573304,complete,ctiBeds,0.0,,,,
Patient_1449,CTI prepara Encaminhamento,524884.5100573304,start,,0.0,,,,
Patient_1449,CTI prepara Encaminhamento,524930.4275383486,complete,,0.0,,,,
Patient_1449,Encaminha_Transferencia Externa,524930.4275383486,complete,,,Transferencia Externa,524930.4275383486,,
Patient_1449,Discharge,524930.4275383486,complete,,,,,,3576.691675144364
Patient_145,Arrival,44564.85817246808,complete,,0.0,,,,
Patient_145,Origem_do Centro Cirurgico,44564.85817246808,complete,,,do Centro Cirurgico,44564.85817246808,,
Patient_145,CTI (CC),44564.85817246808,start,ctiBeds,0.0,,,,
Patient_145,CTI (CC),47218.1149284282,complete,ctiBeds,0.0,,,,
Patient_145,CTI prepara Encaminhamento,47218.1149284282,start,,0.0,,,,
Patient_145,CTI prepara Encaminhamento,47251.42852422932,complete,,0.0,,,,
Patient_145,Encaminha_Obito,47251.42852422932,complete,,,Obito,47251.42852422932,,
Patient_145,Discharge,47251.42852422932,complete,,,,,,2686.570351761242
Patient_1450,Arrival,521867.57676989626,complete,,0.0,,,,
Patient_1450,Origem_do Centro Cirurgico,521867.57676989626,complete,,,do Centro Cirurgico,521867.57676989626,,
Patient_1450,CTI (CC),521867.57676989626,start,ctiBeds,0.0,,,,
Patient_1451,Arrival,522105.5999348692,complete,,0.0,,,,
Patient_1451,Origem_do Pronto Socorro,522105.5999348692,complete,,,do Pronto Socorro,522105.5999348692,,
Patient_1451,CTI (PS),522105.5999348692,start,ctiBeds,0.0,,,,
Patient_1452,Arrival,522152.6642798354,complete,,0.0,,,,
Patient_1452,Origem_do Centro Cirurgico,522152.6642798354,complete,,,do Centro Cirurgico,522152.6642798354,,
Patient_1452,CTI (CC),522152.6642798354,start,ctiBeds,0.0,,,,
Patient_1452,CTI (CC),522638.2001546948,complete,ctiBeds,0.0,,,,
Patient_1452,CTI prepara Encaminhamento,522638.2001546948,start,,0.0,,,,
Patient_1452,CTI prepara Encaminhamento,522686.8202329806,complete,,0.0,,,,
Patient_1452,Encaminha_Obito,522686.8202329806,complete,,,Obito,522686.8202329806,,
Patient_1452,Discharge,522686.8202329806,complete,,,,,,534.1559531451785
Patient_1453,Arrival,522318.7382286616,complete,,0.0,,,,
Patient_1453,Origem_do Centro Cirurgico,522318.7382286616,complete,,,do Centro Cirurgico,522318.7382286616,,
Patient_1453,CTI (CC),522318.7382286616,start,ctiBeds,0.0,,,,
Patient_1454,Arrival,523422.4528921118,complete,,0.0,,,,
Patient_1454,Origem_do Pronto Socorro,523422.4528921118,complete,,,do Pronto Socorro,523422.4528921118,,
Patient_1454,CTI (PS),523422.4528921118,start,ctiBeds,0.0,,,,
Patient_1455,Arrival,523536.16315988573,complete,,0.0,,,,
Patient_1455,Origem_do Pronto Socorro,523536.16315988573,complete,,,do Pronto Socorro,523536.16315988573,,
Patient_1455,CTI (PS),523536.16315988573,start,ctiBeds,0.0,,,,
Patient_1455,CTI (PS),523669.92137208,complete,ctiBeds,0.0,,,,
Patient_1455,CTI prepara Encaminhamento,523669.92137208,start,,0.0,,,,
Patient_1455,CTI prepara Encaminhamento,523717.8105228129,complete,,0.0,,,,
Patient_1455,Encaminha_para a Clinica Medica,523717.8105228129,complete,,,para a Clinica Medica,523717.8105228129,,
Patient_1455,Discharge,523717.8105228129,complete,,,,,,181.64736292714952
Patient_1456,Arrival,524789.7551880352,complete,,0.0,,,,
Patient_1456,Origem_do Centro Cirurgico,524789.7551880352,complete,,,do Centro Cirurgico,524789.7551880352,,
Patient_1456,CTI (CC),524789.7551880352,start,ctiBeds,0.0,,,,
Patient_1457,Arrival,525273.7846516956,complete,,0.0,,,,
Patient_1457,Origem_do Pronto Socorro,525273.7846516956,complete,,,do Pronto Socorro,525273.7846516956,,
Patient_1457,CTI (PS),525273.7846516956,start,ctiBeds,0.0,,,,
Patient_1458,Arrival,525440.3955911188,complete,,0.0,,,,
Patient_1458,Origem_da Clinica Cirurgica,525440.3955911188,complete,,,da Clinica Cirurgica,525440.3955911188,,
Patient_1458,CTI (CLIC),525440.3955911188,start,ctiBeds,0.0,,,,
Patient_1459,Arrival,525518.436132155,complete,,0.0,,,,
Patient_1459,Origem_da Clinica Cirurgica,525518.436132155,complete,,,da Clinica Cirurgica,525518.436132155,,
Patient_1459,CTI (CLIC),525518.436132155,start,ctiBeds,0.0,,,,
Patient_146,Arrival,44593.58604377874,complete,,0.0,,,,
Patient_146,Origem_do Centro Cirurgico,44593.58604377874,complete,,,do Centro Cirurgico,44593.58604377874,,
Patient_146,CTI (CC),44593.58604377874,start,ctiBeds,0.0,,,,
Patient_146,CTI (CC),48984.944110267315,complete,ctiBeds,0.0,,,,
Patient_146,CTI prepara Encaminhamento,48984.944110267315,start,,0.0,,,,
Patient_146,CTI prepara Encaminhamento,49021.993672075965,complete,,0.0,,,,
Patient_146,Encaminha_para a Clinica Medica,49021.993672075965,complete,,,para a Clinica Medica,49021.993672075965,,
Patient_146,Discharge,49021.993672075965,complete,,,,,,4428.407628297224
Patient_147,Arrival,44597.02284157716,complete,,0.0,,,,
Patient_147,Origem_da Clinica Cirurgica,44597.02284157716,complete,,,da Clinica Cirurgica,44597.02284157716,,
Patient_147,CTI (CLIC),44597.02284157716,start,ctiBeds,0.0,,,,
Patient_147,CTI (CLIC),78862.26979795324,complete,ctiBeds,0.0,,,,
Patient_147,CTI prepara Encaminhamento,78862.26979795324,start,,0.0,,,,
Patient_147,CTI prepara Encaminhamento,78901.53548386777,complete,,0.0,,,,
Patient_147,Encaminha_para a Clinica Cirurgica,78901.53548386777,complete,,,para a Clinica Cirurgica,78901.53548386777,,
Patient_147,Discharge,78901.53548386777,complete,,,,,,34304.51264229061
Patient_148,Arrival,44723.258563739066,complete,,0.0,,,,
Patient_148,Origem_da Clinica Cirurgica,44723.258563739066,complete,,,da Clinica Cirurgica,44723.258563739066,,
Patient_148,CTI (CLIC),44723.258563739066,start,ctiBeds,0.0,,,,
Patient_148,CTI (CLIC),61956.594069599225,complete,ctiBeds,0.0,,,,
Patient_148,CTI prepara Encaminhamento,61956.594069599225,start,,0.0,,,,
Patient_148,CTI prepara Encaminhamento,62015.51925883097,complete,,0.0,,,,
Patient_148,Encaminha_para a Clinica Cirurgica,62015.51925883097,complete,,,para a Clinica Cirurgica,62015.51925883097,,
Patient_148,Discharge,62015.51925883097,complete,,,,,,17292.260695091907
Patient_149,Arrival,45324.594210787254,complete,,0.0,,,,
Patient_149,Origem_da Clinica Medica,45324.594210787254,complete,,,da Clinica Medica,45324.594210787254,,
Patient_149,CTI (CLIM),45324.594210787254,start,ctiBeds,0.0,,,,
Patient_149,CTI (CLIM),57229.573944414966,complete,ctiBeds,0.0,,,,
Patient_149,CTI prepara Encaminhamento,57229.573944414966,start,,0.0,,,,
Patient_149,CTI prepara Encaminhamento,57267.59268240814,complete,,0.0,,,,
Patient_149,Encaminha_para a Clinica Medica,57267.59268240814,complete,,,para a Clinica Medica,57267.59268240814,,
Patient_149,Discharge,57267.59268240814,complete,,,,,,11942.998471620886
Patient_15,Arrival,4639.440739107101,complete,,0.0,,,,
Patient_15,Origem_da Clinica Cirurgica,4639.440739107101,complete,,,da Clinica Cirurgica,4639.440739107101,,
Patient_15,CTI (CLIC),4639.440739107101,start,ctiBeds,0.0,,,,
Patient_15,CTI (CLIC),8387.384112670927,complete,ctiBeds,0.0,,,,
Patient_15,CTI prepara Encaminhamento,8387.384112670927,start,,0.0,,,,
Patient_15,CTI prepara Encaminhamento,8419.752803491487,complete,,0.0,,,,
Patient_15,Encaminha_para a Clinica Medica,8419.752803491487,complete,,,para a Clinica Medica,8419.752803491487,,
Patient_15,Discharge,8419.752803491487,complete,,,,,,3780.312064384386
Patient_150,Arrival,45795.55004432617,complete,,0.0,,,,
Patient_150,Origem_do Pronto Socorro,45795.55004432617,complete,,,do Pronto Socorro,45795.55004432617,,
Patient_150,CTI (PS),45795.55004432617,start,ctiBeds,0.0,,,,
Patient_150,CTI (PS),54034.318745802,complete,ctiBeds,0.0,,,,
Patient_150,CTI prepara Encaminhamento,54034.318745802,start,,0.0,,,,
Patient_150,CTI prepara Encaminhamento,54073.16422369665,complete,,0.0,,,,
Patient_150,Encaminha_para a Clinica Cirurgica,54073.16422369665,complete,,,para a Clinica Cirurgica,54073.16422369665,,
Patient_150,Discharge,54073.16422369665,complete,,,,,,8277.614179370481
Patient_151,Arrival,46451.75033684281,complete,,0.0,,,,
Patient_151,Origem_do Centro Cirurgico,46451.75033684281,complete,,,do Centro Cirurgico,46451.75033684281,,
Patient_151,CTI (CC),46451.75033684281,start,ctiBeds,0.0,,,,
Patient_151,CTI (CC),49290.58756918959,complete,ctiBeds,0.0,,,,
Patient_151,CTI prepara Encaminhamento,49290.58756918959,start,,0.0,,,,
Patient_151,CTI prepara Encaminhamento,49324.74531371262,complete,,0.0,,,,
Patient_151,Encaminha_para a Clinica Medica,49324.74531371262,complete,,,para a Clinica Medica,49324.74531371262,,
Patient_151,Discharge,49324.74531371262,complete,,,,,,2872.9949768698134
Patient_152,Arrival,46954.30037610591,complete,,0.0,,,,
Patient_152,Origem_da Clinica Medica,46954.30037610591,complete,,,da Clinica Medica,46954.30037610591,,
Patient_152,CTI (CLIM),46954.30037610591,start,ctiBeds,0.0,,,,
Patient_152,CTI (CLIM),65716.55901829773,complete,ctiBeds,0.0,,,,
Patient_152,CTI prepara Encaminhamento,65716.55901829773,start,,0.0,,,,
Patient_152,CTI prepara Encaminhamento,65765.20394425739,complete,,0.0,,,,
Patient_152,Encaminha_para a Clinica Cirurgica,65765.20394425739,complete,,,para a Clinica Cirurgica,65765.20394425739,,
Patient_152,Discharge,65765.20394425739,complete,,,,,,18810.90356815148
Patient_153,Arrival,46976.57939544711,complete,,0.0,,,,
Patient_153,Origem_do Pronto Socorro,46976.57939544711,complete,,,do Pronto Socorro,46976.57939544711,,
Patient_153,CTI (PS),46976.57939544711,start,ctiBeds,0.0,,,,
Patient_153,CTI (PS),51062.44377268439,complete,ctiBeds,0.0,,,,
Patient_153,CTI prepara Encaminhamento,51062.44377268439,start,,0.0,,,,
Patient_153,CTI prepara Encaminhamento,51107.66259920786,complete,,0.0,,,,
Patient_153,Encaminha_para a Clinica Cirurgica,51107.66259920786,complete,,,para a Clinica Cirurgica,51107.66259920786,,
Patient_153,Discharge,51107.66259920786,complete,,,,,,4131.083203760754
Patient_154,Arrival,47454.912818019504,complete,,0.0,,,,
Patient_154,Origem_do Pronto Socorro,47454.912818019504,complete,,,do Pronto Socorro,47454.912818019504,,
Patient_154,CTI (PS),47454.912818019504,start,ctiBeds,0.0,,,,
Patient_154,CTI (PS),51807.67485737201,complete,ctiBeds,0.0,,,,
Patient_154,CTI prepara Encaminhamento,51807.67485737201,start,,0.0,,,,
Patient_154,CTI prepara Encaminhamento,51852.55838056045,complete,,0.0,,,,
Patient_154,Encaminha_para a Clinica Cirurgica,51852.55838056045,complete,,,para a Clinica Cirurgica,51852.55838056045,,
Patient_154,Discharge,51852.55838056045,complete,,,,,,4397.6455625409435
Patient_155,Arrival,47483.3459524664,complete,,0.0,,,,
Patient_155,Origem_do Pronto Socorro,47483.3459524664,complete,,,do Pronto Socorro,47483.3459524664,,
Patient_155,CTI (PS),47483.3459524664,start,ctiBeds,0.0,,,,
Patient_155,CTI (PS),51582.33929490596,complete,ctiBeds,0.0,,,,
Patient_155,CTI prepara Encaminhamento,51582.33929490596,start,,0.0,,,,
Patient_155,CTI prepara Encaminhamento,51642.14344496891,complete,,0.0,,,,
Patient_155,Encaminha_para a Clinica Medica,51642.14344496891,complete,,,para a Clinica Medica,51642.14344496891,,
Patient_155,Discharge,51642.14344496891,complete,,,,,,4158.797492502512
Patient_156,Arrival,47672.41011114518,complete,,0.0,,,,
Patient_156,Origem_do Pronto Socorro,47672.41011114518,complete,,,do Pronto Socorro,47672.41011114518,,
Patient_156,CTI (PS),47672.41011114518,start,ctiBeds,0.0,,,,
Patient_156,CTI (PS),70249.12734616653,complete,ctiBeds,0.0,,,,
Patient_156,CTI prepara Encaminhamento,70249.12734616653,start,,0.0,,,,
Patient_156,CTI prepara Encaminhamento,70305.70304015523,complete,,0.0,,,,
Patient_156,Encaminha_Obito,70305.70304015523,complete,,,Obito,70305.70304015523,,
Patient_156,Discharge,70305.70304015523,complete,,,,,,22633.29292901005
Patient_157,Arrival,47822.397365420045,complete,,0.0,,,,
Patient_157,Origem_da Clinica Medica,47822.397365420045,complete,,,da Clinica Medica,47822.397365420045,,
Patient_157,CTI (CLIM),47822.397365420045,start,ctiBeds,0.0,,,,
Patient_157,CTI (CLIM),60441.41764773594,complete,ctiBeds,0.0,,,,
Patient_157,CTI prepara Encaminhamento,60441.41764773594,start,,0.0,,,,
Patient_157,CTI prepara Encaminhamento,60493.23858890868,complete,,0.0,,,,
Patient_157,Encaminha_para a Clinica Medica,60493.23858890868,complete,,,para a Clinica Medica,60493.23858890868,,
Patient_157,Discharge,60493.23858890868,complete,,,,,,12670.841223488635
Patient_158,Arrival,48183.29590156785,complete,,0.0,,,,
Patient_158,Origem_do Pronto Socorro,48183.29590156785,complete,,,do Pronto Socorro,48183.29590156785,,
Patient_158,CTI (PS),48183.29590156785,start,ctiBeds,0.0,,,,
Patient_158,CTI (PS),48909.38701561874,complete,ctiBeds,0.0,,,,
Patient_158,CTI prepara Encaminhamento,48909.38701561874,start,,0.0,,,,
Patient_158,CTI prepara Encaminhamento,48964.766145659945,complete,,0.0,,,,
Patient_158,Encaminha_para a Clinica Medica,48964.766145659945,complete,,,para a Clinica Medica,48964.766145659945,,
Patient_158,Discharge,48964.766145659945,complete,,,,,,781.4702440920955
Patient_159,Arrival,48521.543309830355,complete,,0.0,,,,
Patient_159,Origem_do Pronto Socorro,48521.543309830355,complete,,,do Pronto Socorro,48521.543309830355,,
Patient_159,CTI (PS),48521.543309830355,start,ctiBeds,0.0,,,,
Patient_159,CTI (PS),51975.885488675354,complete,ctiBeds,0.0,,,,
Patient_159,CTI prepara Encaminhamento,51975.885488675354,start,,0.0,,,,
Patient_159,CTI prepara Encaminhamento,52008.845695841796,complete,,0.0,,,,
Patient_159,Encaminha_Obito,52008.845695841796,complete,,,Obito,52008.845695841796,,
Patient_159,Discharge,52008.845695841796,complete,,,,,,3487.302386011441
Patient_16,Arrival,4830.1022592132795,complete,,0.0,,,,
Patient_16,Origem_do Pronto Socorro,4830.1022592132795,complete,,,do Pronto Socorro,4830.1022592132795,,
Patient_16,CTI (PS),4830.1022592132795,start,ctiBeds,0.0,,,,
Patient_16,CTI (PS),24510.232247449887,complete,ctiBeds,0.0,,,,
Patient_16,CTI prepara Encaminhamento,24510.232247449887,start,,0.0,,,,
Patient_16,CTI prepara Encaminhamento,24544.047983435612,complete,,0.0,,,,
Patient_16,Encaminha_para a Clinica Cirurgica,24544.047983435612,complete,,,para a Clinica Cirurgica,24544.047983435612,,
Patient_16,Discharge,24544.047983435612,complete,,,,,,19713.945724222333
Patient_160,Arrival,48673.16427480309,complete,,0.0,,,,
Patient_160,Origem_do Pronto Socorro,48673.16427480309,complete,,,do Pronto Socorro,48673.16427480309,,
Patient_160,CTI (PS),48741.07259807059,start,ctiBeds,0.0,,,,
Patient_160,CTI (PS),54377.267535597515,complete,ctiBeds,0.0,,,,
Patient_160,CTI prepara Encaminhamento,54377.267535597515,start,,0.0,,,,
Patient_160,CTI prepara Encaminhamento,54413.48824485031,complete,,0.0,,,,
Patient_160,Encaminha_para a Clinica Cirurgica,54413.48824485031,complete,,,para a Clinica Cirurgica,54413.48824485031,,
Patient_160,Discharge,54413.48824485031,complete,,,,,,5740.323970047219
Patient_161,Arrival,49097.13874529132,complete,,0.0,,,,
Patient_161,Origem_do Pronto Socorro,49097.13874529132,complete,,,do Pronto Socorro,49097.13874529132,,
Patient_161,CTI (PS),49097.13874529132,start,ctiBeds,0.0,,,,
Patient_161,CTI (PS),53776.62157347785,complete,ctiBeds,0.0,,,,
Patient_161,CTI prepara Encaminhamento,53776.62157347785,start,,0.0,,,,
Patient_161,CTI prepara Encaminhamento,53822.012540794974,complete,,0.0,,,,
Patient_161,Encaminha_para a Clinica Medica,53822.012540794974,complete,,,para a Clinica Medica,53822.012540794974,,
Patient_161,Discharge,53822.012540794974,complete,,,,,,4724.873795503656
Patient_162,Arrival,49439.27850744094,complete,,0.0,,,,
Patient_162,Origem_da Clinica Medica,49439.27850744094,complete,,,da Clinica Medica,49439.27850744094,,
Patient_162,CTI (CLIM),49439.27850744094,start,ctiBeds,0.0,,,,
Patient_162,CTI (CLIM),53491.87242200522,complete,ctiBeds,0.0,,,,
Patient_162,CTI prepara Encaminhamento,53491.87242200522,start,,0.0,,,,
Patient_162,CTI prepara Encaminhamento,53533.51264692071,complete,,0.0,,,,
Patient_162,Encaminha_para a Clinica Medica,53533.51264692071,complete,,,para a Clinica Medica,53533.51264692071,,
Patient_162,Discharge,53533.51264692071,complete,,,,,,4094.2341394797695
Patient_163,Arrival,49477.22284311442,complete,,0.0,,,,
Patient_163,Origem_do Centro Cirurgico,49477.22284311442,complete,,,do Centro Cirurgico,49477.22284311442,,
Patient_163,CTI (CC),49477.22284311442,start,ctiBeds,0.0,,,,
Patient_163,CTI (CC),53648.51167934115,complete,ctiBeds,0.0,,,,
Patient_163,CTI prepara Encaminhamento,53648.51167934115,start,,0.0,,,,
Patient_163,CTI prepara Encaminhamento,53694.216615170924,complete,,0.0,,,,
Patient_163,Encaminha_para a Clinica Medica,53694.216615170924,complete,,,para a Clinica Medica,53694.216615170924,,
Patient_163,Discharge,53694.216615170924,complete,,,,,,4216.993772056507
Patient_164,Arrival,49487.34190682927,complete,,0.0,,,,
Patient_164,Origem_do Pronto Socorro,49487.34190682927,complete,,,do Pronto Socorro,49487.34190682927,,
Patient_164,CTI (PS),49487.34190682927,start,ctiBeds,0.0,,,,
Patient_164,CTI (PS),59900.90141754968,complete,ctiBeds,0.0,,,,
Patient_164,CTI prepara Encaminhamento,59900.90141754968,start,,0.0,,,,
Patient_164,CTI prepara Encaminhamento,59950.28722298325,complete,,0.0,,,,
Patient_164,Encaminha_Obito,59950.28722298325,complete,,,Obito,59950.28722298325,,
Patient_164,Discharge,59950.28722298325,complete,,,,,,10462.945316153979
Patient_165,Arrival,49875.47416318296,complete,,0.0,,,,
Patient_165,Origem_do Centro Cirurgico,49875.47416318296,complete,,,do Centro Cirurgico,49875.47416318296,,
Patient_165,CTI (CC),49875.47416318296,start,ctiBeds,0.0,,,,
Patient_165,CTI (CC),51289.48030184967,complete,ctiBeds,0.0,,,,
Patient_165,CTI prepara Encaminhamento,51289.48030184967,start,,0.0,,,,
Patient_165,CTI prepara Encaminhamento,51319.67116535184,complete,,0.0,,,,
Patient_165,Encaminha_para a Clinica Cirurgica,51319.67116535184,complete,,,para a Clinica Cirurgica,51319.67116535184,,
Patient_165,Discharge,51319.67116535184,complete,,,,,,1444.197002168883
Patient_166,Arrival,49977.49172107359,complete,,0.0,,,,
Patient_166,Origem_do Centro Cirurgico,49977.49172107359,complete,,,do Centro Cirurgico,49977.49172107359,,
Patient_166,CTI (CC),50646.92110632807,start,ctiBeds,0.0,,,,
Patient_166,CTI (CC),58131.00281919792,complete,ctiBeds,0.0,,,,
Patient_166,CTI prepara Encaminhamento,58131.00281919792,start,,0.0,,,,
Patient_166,CTI prepara Encaminhamento,58189.63169566743,complete,,0.0,,,,
Patient_166,Encaminha_para a Clinica Cirurgica,58189.63169566743,complete,,,para a Clinica Cirurgica,58189.63169566743,,
Patient_166,Discharge,58189.63169566743,complete,,,,,,8212.13997459384
Patient_167,Arrival,50378.91458100332,complete,,0.0,,,,
Patient_167,Origem_do Centro Cirurgico,50378.91458100332,complete,,,do Centro Cirurgico,50378.91458100332,,
Patient_167,CTI (CC),51062.44377268439,start,ctiBeds,0.0,,,,
Patient_167,CTI (CC),53873.73100391465,complete,ctiBeds,0.0,,,,
Patient_167,CTI prepara Encaminhamento,53873.73100391465,start,,0.0,,,,
Patient_167,CTI prepara Encaminhamento,53921.2086356314,complete,,0.0,,,,
Patient_167,Encaminha_para a Clinica Medica,53921.2086356314,complete,,,para a Clinica Medica,53921.2086356314,,
Patient_167,Discharge,53921.2086356314,complete,,,,,,3542.2940546280806
Patient_168,Arrival,51599.474319422116,complete,,0.0,,,,
Patient_168,Origem_do Pronto Socorro,51599.474319422116,complete,,,do Pronto Socorro,51599.474319422116,,
Patient_168,CTI (PS),51599.474319422116,start,ctiBeds,0.0,,,,
Patient_168,CTI (PS),52734.60733410851,complete,ctiBeds,0.0,,,,
Patient_168,CTI prepara Encaminhamento,52734.60733410851,start,,0.0,,,,
Patient_168,CTI prepara Encaminhamento,52793.101639622495,complete,,0.0,,,,
Patient_168,Encaminha_para a Clinica Medica,52793.101639622495,complete,,,para a Clinica Medica,52793.101639622495,,
Patient_168,Discharge,52793.101639622495,complete,,,,,,1193.6273202003795
Patient_169,Arrival,51890.46053236054,complete,,0.0,,,,
Patient_169,Origem_do Pronto Socorro,51890.46053236054,complete,,,do Pronto Socorro,51890.46053236054,,
Patient_169,CTI (PS),51890.46053236054,start,ctiBeds,0.0,,,,
Patient_169,CTI (PS),71114.35101521238,complete,ctiBeds,0.0,,,,
Patient_169,CTI prepara Encaminhamento,71114.35101521238,start,,0.0,,,,
Patient_169,CTI prepara Encaminhamento,71162.8604323128,complete,,0.0,,,,
Patient_169,Encaminha_para a Clinica Medica,71162.8604323128,complete,,,para a Clinica Medica,71162.8604323128,,
Patient_169,Discharge,71162.8604323128,complete,,,,,,19272.399899952252
Patient_17,Arrival,4983.849957683406,complete,,0.0,,,,
Patient_17,Origem_do Centro Cirurgico,4983.849957683406,complete,,,do Centro Cirurgico,4983.849957683406,,
Patient_17,CTI (CC),4983.849957683406,start,ctiBeds,0.0,,,,
Patient_17,CTI (CC),6595.432888111056,complete,ctiBeds,0.0,,,,
Patient_17,CTI prepara Encaminhamento,6595.432888111056,start,,0.0,,,,
Patient_17,CTI prepara Encaminhamento,6651.392318550759,complete,,0.0,,,,
Patient_17,Encaminha_para a Clinica Cirurgica,6651.392318550759,complete,,,para a Clinica Cirurgica,6651.392318550759,,
Patient_17,Discharge,6651.392318550759,complete,,,,,,1667.5423608673536
Patient_170,Arrival,52460.6409681887,complete,,0.0,,,,
Patient_170,Origem_do Pronto Socorro,52460.6409681887,complete,,,do Pronto Socorro,52460.6409681887,,
Patient_170,CTI (PS),52460.6409681887,start,ctiBeds,0.0,,,,
Patient_170,CTI (PS),56991.080932620156,complete,ctiBeds,0.0,,,,
Patient_170,CTI prepara Encaminhamento,56991.080932620156,start,,0.0,,,,
Patient_170,CTI prepara Encaminhamento,57042.14213453038,complete,,0.0,,,,
Patient_170,Encaminha_Obito,57042.14213453038,complete,,,Obito,57042.14213453038,,
Patient_170,Discharge,57042.14213453038,complete,,,,,,4581.501166341681
Patient_171,Arrival,54095.51423086111,complete,,0.0,,,,
Patient_171,Origem_do Pronto Socorro,54095.51423086111,complete,,,do Pronto Socorro,54095.51423086111,,
Patient_171,CTI (PS),54095.51423086111,start,ctiBeds,0.0,,,,
Patient_171,CTI (PS),64312.16538767535,complete,ctiBeds,0.0,,,,
Patient_171,CTI prepara Encaminhamento,64312.16538767535,start,,0.0,,,,
Patient_171,CTI prepara Encaminhamento,64360.24588772863,complete,,0.0,,,,
Patient_171,Encaminha_para a Clinica Medica,64360.24588772863,complete,,,para a Clinica Medica,64360.24588772863,,
Patient_171,Discharge,64360.24588772863,complete,,,,,,10264.731656867523
Patient_172,Arrival,54127.73656136964,complete,,0.0,,,,
Patient_172,Origem_do Pronto Socorro,54127.73656136964,complete,,,do Pronto Socorro,54127.73656136964,,
Patient_172,CTI (PS),54127.73656136964,start,ctiBeds,0.0,,,,
Patient_172,CTI (PS),65504.3529387731,complete,ctiBeds,0.0,,,,
Patient_172,CTI prepara Encaminhamento,65504.3529387731,start,,0.0,,,,
Patient_172,CTI prepara Encaminhamento,65537.11180636694,complete,,0.0,,,,
Patient_172,Encaminha_Obito,65537.11180636694,complete,,,Obito,65537.11180636694,,
Patient_172,Discharge,65537.11180636694,complete,,,,,,11409.375244997304
Patient_173,Arrival,54220.77420857264,complete,,0.0,,,,
Patient_173,Origem_do Pronto Socorro,54220.77420857264,complete,,,do Pronto Socorro,54220.77420857264,,
Patient_173,CTI (PS),54220.77420857264,start,ctiBeds,0.0,,,,
Patient_173,CTI (PS),87903.425836333,complete,ctiBeds,0.0,,,,
Patient_173,CTI prepara Encaminhamento,87903.425836333,start,,0.0,,,,
Patient_173,CTI prepara Encaminhamento,87960.9366271587,complete,,0.0,,,,
Patient_173,Encaminha_Obito,87960.9366271587,complete,,,Obito,87960.9366271587,,
Patient_173,Discharge,87960.9366271587,complete,,,,,,33740.162418586064
Patient_174,Arrival,54453.272131572376,complete,,0.0,,,,
Patient_174,Origem_do Centro Cirurgico,54453.272131572376,complete,,,do Centro Cirurgico,54453.272131572376,,
Patient_174,CTI (CC),54453.272131572376,start,ctiBeds,0.0,,,,
Patient_174,CTI (CC),56752.0132349039,complete,ctiBeds,0.0,,,,
Patient_174,CTI prepara Encaminhamento,56752.0132349039,start,,0.0,,,,
Patient_174,CTI prepara Encaminhamento,56785.577922248536,complete,,0.0,,,,
Patient_174,Encaminha_para a Clinica Cirurgica,56785.577922248536,complete,,,para a Clinica Cirurgica,56785.577922248536,,
Patient_174,Discharge,56785.577922248536,complete,,,,,,2332.3057906761605
Patient_175,Arrival,54597.64686246982,complete,,0.0,,,,
Patient_175,Origem_do Centro Cirurgico,54597.64686246982,complete,,,do Centro Cirurgico,54597.64686246982,,
Patient_175,CTI (CC),54597.64686246982,start,ctiBeds,0.0,,,,
Patient_175,CTI (CC),57696.92241264034,complete,ctiBeds,0.0,,,,
Patient_175,CTI prepara Encaminhamento,57696.92241264034,start,,0.0,,,,
Patient_175,CTI prepara Encaminhamento,57734.272083667674,complete,,0.0,,,,
Patient_175,Encaminha_para a Clinica Medica,57734.272083667674,complete,,,para a Clinica Medica,57734.272083667674,,
Patient_175,Discharge,57734.272083667674,complete,,,,,,3136.625221197857
Patient_176,Arrival,54759.80686073618,complete,,0.0,,,,
Patient_176,Origem_do Pronto Socorro,54759.80686073618,complete,,,do Pronto Socorro,54759.80686073618,,
Patient_176,CTI (PS),54759.80686073618,start,ctiBeds,0.0,,,,
Patient_176,CTI (PS),55149.84003723191,complete,ctiBeds,0.0,,,,
Patient_176,CTI prepara Encaminhamento,55149.84003723191,start,,0.0,,,,
Patient_176,CTI prepara Encaminhamento,55203.810425194155,complete,,0.0,,,,
Patient_176,Encaminha_Obito,55203.810425194155,complete,,,Obito,55203.810425194155,,
Patient_176,Discharge,55203.810425194155,complete,,,,,,444.0035644579766
Patient_177,Arrival,55233.66805650196,complete,,0.0,,,,
Patient_177,Origem_do Centro Cirurgico,55233.66805650196,complete,,,do Centro Cirurgico,55233.66805650196,,
Patient_177,CTI (CC),55233.66805650196,start,ctiBeds,0.0,,,,
Patient_177,CTI (CC),55466.21326755451,complete,ctiBeds,0.0,,,,
Patient_177,CTI prepara Encaminhamento,55466.21326755451,start,,0.0,,,,
Patient_177,CTI prepara Encaminhamento,55517.56502164275,complete,,0.0,,,,
Patient_177,Encaminha_para a Clinica Medica,55517.56502164275,complete,,,para a Clinica Medica,55517.56502164275,,
Patient_177,Discharge,55517.56502164275,complete,,,,,,283.8969651407897
Patient_178,Arrival,56389.25269122552,complete,,0.0,,,,
Patient_178,Origem_do Pronto Socorro,56389.25269122552,complete,,,do Pronto Socorro,56389.25269122552,,
Patient_178,CTI (PS),56389.25269122552,start,ctiBeds,0.0,,,,
Patient_178,CTI (PS),61167.53915011006,complete,ctiBeds,0.0,,,,
Patient_178,CTI prepara Encaminhamento,61167.53915011006,start,,0.0,,,,
Patient_178,CTI prepara Encaminhamento,61212.68462899667,complete,,0.0,,,,
Patient_178,Encaminha_para a Clinica Cirurgica,61212.68462899667,complete,,,para a Clinica Cirurgica,61212.68462899667,,
Patient_178,Discharge,61212.68462899667,complete,,,,,,4823.431937771151
Patient_179,Arrival,57595.311398434475,complete,,0.0,,,,
Patient_179,Origem_da Clinica Medica,57595.311398434475,complete,,,da Clinica Medica,57595.311398434475,,
Patient_179,CTI (CLIM),57595.311398434475,start,ctiBeds,0.0,,,,
Patient_179,CTI (CLIM),89137.08654647168,complete,ctiBeds,0.0,,,,
Patient_179,CTI prepara Encaminhamento,89137.08654647168,start,,0.0,,,,
Patient_179,CTI prepara Encaminhamento,89169.83265199036,complete,,0.0,,,,
Patient_179,Encaminha_para a Clinica Cirurgica,89169.83265199036,complete,,,para a Clinica Cirurgica,89169.83265199036,,
Patient_179,Discharge,89169.83265199036,complete,,,,,,31574.52125355589
Patient_18,Arrival,5201.679184940225,complete,,0.0,,,,
Patient_18,Origem_do Pronto Socorro,5201.679184940225,complete,,,do Pronto Socorro,5201.679184940225,,
Patient_18,CTI (PS),5201.679184940225,start,ctiBeds,0.0,,,,
Patient_18,CTI (PS),7618.258086899123,complete,ctiBeds,0.0,,,,
Patient_18,CTI prepara Encaminhamento,7618.258086899123,start,,0.0,,,,
Patient_18,CTI prepara Encaminhamento,7676.510914016634,complete,,0.0,,,,
Patient_18,Encaminha_Obito,7676.510914016634,complete,,,Obito,7676.510914016634,,
Patient_18,Discharge,7676.510914016634,complete,,,,,,2474.831729076409
Patient_180,Arrival,57983.009616523515,complete,,0.0,,,,
Patient_180,Origem_do Centro Cirurgico,57983.009616523515,complete,,,do Centro Cirurgico,57983.009616523515,,
Patient_180,CTI (CC),57983.009616523515,start,ctiBeds,0.0,,,,
Patient_180,CTI (CC),58500.529550234074,complete,ctiBeds,0.0,,,,
Patient_180,CTI prepara Encaminhamento,58500.529550234074,start,,0.0,,,,
Patient_180,CTI prepara Encaminhamento,58542.8166389373,complete,,0.0,,,,
Patient_180,Encaminha_para a Clinica Medica,58542.8166389373,complete,,,para a Clinica Medica,58542.8166389373,,
Patient_180,Discharge,58542.8166389373,complete,,,,,,559.8070224137846
Patient_181,Arrival,58533.02606444702,complete,,0.0,,,,
Patient_181,Origem_do Pronto Socorro,58533.02606444702,complete,,,do Pronto Socorro,58533.02606444702,,
Patient_181,CTI (PS),58533.02606444702,start,ctiBeds,0.0,,,,
Patient_181,CTI (PS),66308.65897939372,complete,ctiBeds,0.0,,,,
Patient_181,CTI prepara Encaminhamento,66308.65897939372,start,,0.0,,,,
Patient_181,CTI prepara Encaminhamento,66339.21240101331,complete,,0.0,,,,
Patient_181,Encaminha_Obito,66339.21240101331,complete,,,Obito,66339.21240101331,,
Patient_181,Discharge,66339.21240101331,complete,,,,,,7806.186336566294
Patient_182,Arrival,58730.3636425387,complete,,0.0,,,,
Patient_182,Origem_da Clinica Medica,58730.3636425387,complete,,,da Clinica Medica,58730.3636425387,,
Patient_182,CTI (CLIM),58730.3636425387,start,ctiBeds,0.0,,,,
Patient_182,CTI (CLIM),93188.26901773011,complete,ctiBeds,0.0,,,,
Patient_182,CTI prepara Encaminhamento,93188.26901773011,start,,0.0,,,,
Patient_182,CTI prepara Encaminhamento,93229.34791382246,complete,,0.0,,,,
Patient_182,Encaminha_Obito,93229.34791382246,complete,,,Obito,93229.34791382246,,
Patient_182,Discharge,93229.34791382246,complete,,,,,,34498.98427128376
Patient_183,Arrival,58996.8207905329,complete,,0.0,,,,
Patient_183,Origem_do Pronto Socorro,58996.8207905329,complete,,,do Pronto Socorro,58996.8207905329,,
Patient_183,CTI (PS),58996.8207905329,start,ctiBeds,0.0,,,,
Patient_183,CTI (PS),77032.8962150775,complete,ctiBeds,0.0,,,,
Patient_183,CTI prepara Encaminhamento,77032.8962150775,start,,0.0,,,,
Patient_183,CTI prepara Encaminhamento,77089.62183415204,complete,,0.0,,,,
Patient_183,Encaminha_para a Clinica Medica,77089.62183415204,complete,,,para a Clinica Medica,77089.62183415204,,
Patient_183,Discharge,77089.62183415204,complete,,,,,,18092.80104361914
Patient_184,Arrival,59354.09997352238,complete,,0.0,,,,
Patient_184,Origem_do Pronto Socorro,59354.09997352238,complete,,,do Pronto Socorro,59354.09997352238,,
Patient_184,CTI (PS),59354.09997352238,start,ctiBeds,0.0,,,,
Patient_184,CTI (PS),62933.75275780456,complete,ctiBeds,0.0,,,,
Patient_184,CTI prepara Encaminhamento,62933.75275780456,start,,0.0,,,,
Patient_184,CTI prepara Encaminhamento,62980.18038154432,complete,,0.0,,,,
Patient_184,Encaminha_para a Clinica Medica,62980.18038154432,complete,,,para a Clinica Medica,62980.18038154432,,
Patient_184,Discharge,62980.18038154432,complete,,,,,,3626.0804080219386
Patient_185,Arrival,59994.27991377949,complete,,0.0,,,,
Patient_185,Origem_do Centro Cirurgico,59994.27991377949,complete,,,do Centro Cirurgico,59994.27991377949,,
Patient_185,CTI (CC),59994.27991377949,start,ctiBeds,0.0,,,,
Patient_185,CTI (CC),63353.06237699627,complete,ctiBeds,0.0,,,,
Patient_185,CTI prepara Encaminhamento,63353.06237699627,start,,0.0,,,,
Patient_185,CTI prepara Encaminhamento,63408.28372564111,complete,,0.0,,,,
Patient_185,Encaminha_para a Clinica Cirurgica,63408.28372564111,complete,,,para a Clinica Cirurgica,63408.28372564111,,
Patient_185,Discharge,63408.28372564111,complete,,,,,,3414.003811861621
Patient_186,Arrival,60107.056460441745,complete,,0.0,,,,
Patient_186,Origem_do Pronto Socorro,60107.056460441745,complete,,,do Pronto Socorro,60107.056460441745,,
Patient_186,CTI (PS),60107.056460441745,start,ctiBeds,0.0,,,,
Patient_186,CTI (PS),70833.9318581473,complete,ctiBeds,0.0,,,,
Patient_186,CTI prepara Encaminhamento,70833.9318581473,start,,0.0,,,,
Patient_186,CTI prepara Encaminhamento,70880.88223996083,complete,,0.0,,,,
Patient_186,Encaminha_para a Clinica Medica,70880.88223996083,complete,,,para a Clinica Medica,70880.88223996083,,
Patient_186,Discharge,70880.88223996083,complete,,,,,,10773.825779519088
Patient_187,Arrival,60686.68061315167,complete,,0.0,,,,
Patient_187,Origem_da Clinica Cirurgica,60686.68061315167,complete,,,da Clinica Cirurgica,60686.68061315167,,
Patient_187,CTI (CLIC),60686.68061315167,start,ctiBeds,0.0,,,,
Patient_187,CTI (CLIC),60751.47561307328,complete,ctiBeds,0.0,,,,
Patient_187,CTI prepara Encaminhamento,60751.47561307328,start,,0.0,,,,
Patient_187,CTI prepara Encaminhamento,60795.46526257611,complete,,0.0,,,,
Patient_187,Encaminha_Transferencia Externa,60795.46526257611,complete,,,Transferencia Externa,60795.46526257611,,
Patient_187,Discharge,60795.46526257611,complete,,,,,,108.7846494244368
Patient_188,Arrival,60749.59933196583,complete,,0.0,,,,
Patient_188,Origem_do Pronto Socorro,60749.59933196583,complete,,,do Pronto Socorro,60749.59933196583,,
Patient_188,CTI (PS),60749.59933196583,start,ctiBeds,0.0,,,,
Patient_188,CTI (PS),73572.66478207982,complete,ctiBeds,0.0,,,,
Patient_188,CTI prepara Encaminhamento,73572.66478207982,start,,0.0,,,,
Patient_188,CTI prepara Encaminhamento,73622.08705199738,complete,,0.0,,,,
Patient_188,Encaminha_para a Clinica Medica,73622.08705199738,complete,,,para a Clinica Medica,73622.08705199738,,
Patient_188,Discharge,73622.08705199738,complete,,,,,,12872.487720031553
Patient_189,Arrival,60778.542126916574,complete,,0.0,,,,
Patient_189,Origem_do Centro Cirurgico,60778.542126916574,complete,,,do Centro Cirurgico,60778.542126916574,,
Patient_189,CTI (CC),60778.542126916574,start,ctiBeds,0.0,,,,
Patient_189,CTI (CC),82194.94543320568,complete,ctiBeds,0.0,,,,
Patient_189,CTI prepara Encaminhamento,82194.94543320568,start,,0.0,,,,
Patient_189,CTI prepara Encaminhamento,82228.6921650933,complete,,0.0,,,,
Patient_189,Encaminha_para a Clinica Cirurgica,82228.6921650933,complete,,,para a Clinica Cirurgica,82228.6921650933,,
Patient_189,Discharge,82228.6921650933,complete,,,,,,21450.150038176733
Patient_19,Arrival,5261.610770291128,complete,,0.0,,,,
Patient_19,Origem_do Pronto Socorro,5261.610770291128,complete,,,do Pronto Socorro,5261.610770291128,,
Patient_19,CTI (PS),5261.610770291128,start,ctiBeds,0.0,,,,
Patient_19,CTI (PS),6011.087887557531,complete,ctiBeds,0.0,,,,
Patient_19,CTI prepara Encaminhamento,6011.087887557531,start,,0.0,,,,
Patient_19,CTI prepara Encaminhamento,6045.623591611752,complete,,0.0,,,,
Patient_19,Encaminha_para a Clinica Cirurgica,6045.623591611752,complete,,,para a Clinica Cirurgica,6045.623591611752,,
Patient_19,Discharge,6045.623591611752,complete,,,,,,784.0128213206244
Patient_190,Arrival,60778.998070933456,complete,,0.0,,,,
Patient_190,Origem_do Centro Cirurgico,60778.998070933456,complete,,,do Centro Cirurgico,60778.998070933456,,
Patient_190,CTI (CC),60778.998070933456,start,ctiBeds,0.0,,,,
Patient_190,CTI (CC),62938.890674712515,complete,ctiBeds,0.0,,,,
Patient_190,CTI prepara Encaminhamento,62938.890674712515,start,,0.0,,,,
Patient_190,CTI prepara Encaminhamento,62992.73722655861,complete,,0.0,,,,
Patient_190,Encaminha_Obito,62992.73722655861,complete,,,Obito,62992.73722655861,,
Patient_190,Discharge,62992.73722655861,complete,,,,,,2213.739155625153
Patient_191,Arrival,60942.32668316248,complete,,0.0,,,,
Patient_191,Origem_do Centro Cirurgico,60942.32668316248,complete,,,do Centro Cirurgico,60942.32668316248,,
Patient_191,CTI (CC),60942.32668316248,start,ctiBeds,0.0,,,,
Patient_191,CTI (CC),63195.60133600417,complete,ctiBeds,0.0,,,,
Patient_191,CTI prepara Encaminhamento,63195.60133600417,start,,0.0,,,,
Patient_191,CTI prepara Encaminhamento,63248.93103263042,complete,,0.0,,,,
Patient_191,Encaminha_para a Clinica Cirurgica,63248.93103263042,complete,,,para a Clinica Cirurgica,63248.93103263042,,
Patient_191,Discharge,63248.93103263042,complete,,,,,,2306.6043494679398
Patient_192,Arrival,61347.56026505312,complete,,0.0,,,,
Patient_192,Origem_do Pronto Socorro,61347.56026505312,complete,,,do Pronto Socorro,61347.56026505312,,
Patient_192,CTI (PS),61347.56026505312,start,ctiBeds,0.0,,,,
Patient_192,CTI (PS),70537.8682617721,complete,ctiBeds,0.0,,,,
Patient_192,CTI prepara Encaminhamento,70537.8682617721,start,,0.0,,,,
Patient_192,CTI prepara Encaminhamento,70575.95828533216,complete,,0.0,,,,
Patient_192,Encaminha_Obito,70575.95828533216,complete,,,Obito,70575.95828533216,,
Patient_192,Discharge,70575.95828533216,complete,,,,,,9228.39802027904
Patient_193,Arrival,61435.339826023854,complete,,0.0,,,,
Patient_193,Origem_da Maternidade,61435.339826023854,complete,,,da Maternidade,61435.339826023854,,
Patient_193,CTI (MAT),61435.339826023854,start,ctiBeds,0.0,,,,
Patient_193,CTI (MAT),63905.335357153665,complete,ctiBeds,0.0,,,,
Patient_193,CTI prepara Encaminhamento,63905.335357153665,start,,0.0,,,,
Patient_193,CTI prepara Encaminhamento,63957.04511492969,complete,,0.0,,,,
Patient_193,Encaminha_Obito,63957.04511492969,complete,,,Obito,63957.04511492969,,
Patient_193,Discharge,63957.04511492969,complete,,,,,,2521.7052889058396
Patient_194,Arrival,61530.8325430973,complete,,0.0,,,,
Patient_194,Origem_da Clinica Medica,61530.8325430973,complete,,,da Clinica Medica,61530.8325430973,,
Patient_194,CTI (CLIM),61530.8325430973,start,ctiBeds,0.0,,,,
Patient_194,CTI (CLIM),68791.64910664588,complete,ctiBeds,0.0,,,,
Patient_194,CTI prepara Encaminhamento,68791.64910664588,start,,0.0,,,,
Patient_194,CTI prepara Encaminhamento,68829.80593877933,complete,,0.0,,,,
Patient_194,Encaminha_para a Clinica Medica,68829.80593877933,complete,,,para a Clinica Medica,68829.80593877933,,
Patient_194,Discharge,68829.80593877933,complete,,,,,,7298.973395682035
Patient_195,Arrival,61643.98903854268,complete,,0.0,,,,
Patient_195,Origem_do Centro Cirurgico,61643.98903854268,complete,,,do Centro Cirurgico,61643.98903854268,,
Patient_195,CTI (CC),61643.98903854268,start,ctiBeds,0.0,,,,
Patient_195,CTI (CC),62404.42909913353,complete,ctiBeds,0.0,,,,
Patient_195,CTI prepara Encaminhamento,62404.42909913353,start,,0.0,,,,
Patient_195,CTI prepara Encaminhamento,62452.56945622903,complete,,0.0,,,,
Patient_195,Encaminha_Obito,62452.56945622903,complete,,,Obito,62452.56945622903,,
Patient_195,Discharge,62452.56945622903,complete,,,,,,808.580417686353
Patient_196,Arrival,62681.3186596383,complete,,0.0,,,,
Patient_196,Origem_do Centro Cirurgico,62681.3186596383,complete,,,do Centro Cirurgico,62681.3186596383,,
Patient_196,CTI (CC),62681.3186596383,start,ctiBeds,0.0,,,,
Patient_196,CTI (CC),63291.3844572834,complete,ctiBeds,0.0,,,,
Patient_196,CTI prepara Encaminhamento,63291.3844572834,start,,0.0,,,,
Patient_196,CTI prepara Encaminhamento,63350.06620679112,complete,,0.0,,,,
Patient_196,Encaminha_para o Pronto Socorro,63350.06620679112,complete,,,para o Pronto Socorro,63350.06620679112,,
Patient_196,Discharge,63350.06620679112,complete,,,,,,668.747547152816
Patient_197,Arrival,63316.80072744638,complete,,0.0,,,,
Patient_197,Origem_do Pronto Socorro,63316.80072744638,complete,,,do Pronto Socorro,63316.80072744638,,
Patient_197,CTI (PS),63316.80072744638,start,ctiBeds,0.0,,,,
Patient_197,CTI (PS),66568.99571950018,complete,ctiBeds,0.0,,,,
Patient_197,CTI prepara Encaminhamento,66568.99571950018,start,,0.0,,,,
Patient_197,CTI prepara Encaminhamento,66606.124528247,complete,,0.0,,,,
Patient_197,Encaminha_para a Clinica Medica,66606.124528247,complete,,,para a Clinica Medica,66606.124528247,,
Patient_197,Discharge,66606.124528247,complete,,,,,,3289.323800800623
Patient_198,Arrival,63970.198097041946,complete,,0.0,,,,
Patient_198,Origem_do Pronto Socorro,63970.198097041946,complete,,,do Pronto Socorro,63970.198097041946,,
Patient_198,CTI (PS),63970.198097041946,start,ctiBeds,0.0,,,,
Patient_198,CTI (PS),68359.172866167,complete,ctiBeds,0.0,,,,
Patient_198,CTI prepara Encaminhamento,68359.172866167,start,,0.0,,,,
Patient_198,CTI prepara Encaminhamento,68415.51770917831,complete,,0.0,,,,
Patient_198,Encaminha_para a Clinica Cirurgica,68415.51770917831,complete,,,para a Clinica Cirurgica,68415.51770917831,,
Patient_198,Discharge,68415.51770917831,complete,,,,,,4445.319612136365
Patient_199,Arrival,64369.06852356247,complete,,0.0,,,,
Patient_199,Origem_da Clinica Cirurgica,64369.06852356247,complete,,,da Clinica Cirurgica,64369.06852356247,,
Patient_199,CTI (CLIC),64369.06852356247,start,ctiBeds,0.0,,,,
Patient_199,CTI (CLIC),72818.90860464759,complete,ctiBeds,0.0,,,,
Patient_199,CTI prepara Encaminhamento,72818.90860464759,start,,0.0,,,,
Patient_199,CTI prepara Encaminhamento,72878.00201885463,complete,,0.0,,,,
Patient_199,Encaminha_para a Clinica Cirurgica,72878.00201885463,complete,,,para a Clinica Cirurgica,72878.00201885463,,
Patient_199,Discharge,72878.00201885463,complete,,,,,,8508.933495292164
Patient_2,Arrival,49.55080306834018,complete,,0.0,,,,
Patient_2,Origem_do Centro Cirurgico,49.55080306834018,complete,,,do Centro Cirurgico,49.55080306834018,,
Patient_2,CTI (CC),49.55080306834018,start,ctiBeds,0.0,,,,
Patient_2,CTI (CC),3457.2175779995864,complete,ctiBeds,0.0,,,,
Patient_2,CTI prepara Encaminhamento,3457.2175779995864,start,,0.0,,,,
Patient_2,CTI prepara Encaminhamento,3501.47605710101,complete,,0.0,,,,
Patient_2,Encaminha_para a Clinica Medica,3501.47605710101,complete,,,para a Clinica Medica,3501.47605710101,,
Patient_2,Discharge,3501.47605710101,complete,,,,,,3451.92525403267
Patient_20,Arrival,6367.23651045075,complete,,0.0,,,,
Patient_20,Origem_do Pronto Socorro,6367.23651045075,complete,,,do Pronto Socorro,6367.23651045075,,
Patient_20,CTI (PS),6367.23651045075,start,ctiBeds,0.0,,,,
Patient_20,CTI (PS),7980.8331603738225,complete,ctiBeds,0.0,,,,
Patient_20,CTI prepara Encaminhamento,7980.8331603738225,start,,0.0,,,,
Patient_20,CTI prepara Encaminhamento,8031.238838477762,complete,,0.0,,,,
Patient_20,Encaminha_para a Clinica Medica,8031.238838477762,complete,,,para a Clinica Medica,8031.238838477762,,
Patient_20,Discharge,8031.238838477762,complete,,,,,,1664.0023280270125
Patient_200,Arrival,64704.09154172238,complete,,0.0,,,,
Patient_200,Origem_do Centro Cirurgico,64704.09154172238,complete,,,do Centro Cirurgico,64704.09154172238,,
Patient_200,CTI (CC),64704.09154172238,start,ctiBeds,0.0,,,,
Patient_200,CTI (CC),75363.28972174553,complete,ctiBeds,0.0,,,,
Patient_200,CTI prepara Encaminhamento,75363.28972174553,start,,0.0,,,,
Patient_200,CTI prepara Encaminhamento,75397.94477930795,complete,,0.0,,,,
Patient_200,Encaminha_Obito,75397.94477930795,complete,,,Obito,75397.94477930795,,
Patient_200,Discharge,75397.94477930795,complete,,,,,,10693.853237585565
Patient_201,Arrival,65390.07402530288,complete,,0.0,,,,
Patient_201,Origem_do Centro Cirurgico,65390.07402530288,complete,,,do Centro Cirurgico,65390.07402530288,,
Patient_201,CTI (CC),65390.07402530288,start,ctiBeds,0.0,,,,
Patient_201,CTI (CC),73588.81166685693,complete,ctiBeds,0.0,,,,
Patient_201,CTI prepara Encaminhamento,73588.81166685693,start,,0.0,,,,
Patient_201,CTI prepara Encaminhamento,73619.24305052446,complete,,0.0,,,,
Patient_201,Encaminha_para a Clinica Cirurgica,73619.24305052446,complete,,,para a Clinica Cirurgica,73619.24305052446,,
Patient_201,Discharge,73619.24305052446,complete,,,,,,8229.169025221578
Patient_202,Arrival,65621.5152599211,complete,,0.0,,,,
Patient_202,Origem_do Centro Cirurgico,65621.5152599211,complete,,,do Centro Cirurgico,65621.5152599211,,
Patient_202,CTI (CC),65621.5152599211,start,ctiBeds,0.0,,,,
Patient_202,CTI (CC),69635.85367771653,complete,ctiBeds,0.0,,,,
Patient_202,CTI prepara Encaminhamento,69635.85367771653,start,,0.0,,,,
Patient_202,CTI prepara Encaminhamento,69672.1835402786,complete,,0.0,,,,
Patient_202,Encaminha_para a Clinica Cirurgica,69672.1835402786,complete,,,para a Clinica Cirurgica,69672.1835402786,,
Patient_202,Discharge,69672.1835402786,complete,,,,,,4050.668280357495
Patient_203,Arrival,65783.86552222286,complete,,0.0,,,,
Patient_203,Origem_do Pronto Socorro,65783.86552222286,complete,,,do Pronto Socorro,65783.86552222286,,
Patient_203,CTI (PS),65783.86552222286,start,ctiBeds,0.0,,,,
Patient_203,CTI (PS),82736.88085628199,complete,ctiBeds,0.0,,,,
Patient_203,CTI prepara Encaminhamento,82736.88085628199,start,,0.0,,,,
Patient_203,CTI prepara Encaminhamento,82793.38125347796,complete,,0.0,,,,
Patient_203,Encaminha_para a Clinica Cirurgica,82793.38125347796,complete,,,para a Clinica Cirurgica,82793.38125347796,,
Patient_203,Discharge,82793.38125347796,complete,,,,,,17009.515731255102
Patient_204,Arrival,66192.69312516905,complete,,0.0,,,,
Patient_204,Origem_do Pronto Socorro,66192.69312516905,complete,,,do Pronto Socorro,66192.69312516905,,
Patient_204,CTI (PS),66192.69312516905,start,ctiBeds,0.0,,,,
Patient_204,CTI (PS),69914.0705754322,complete,ctiBeds,0.0,,,,
Patient_204,CTI prepara Encaminhamento,69914.0705754322,start,,0.0,,,,
Patient_204,CTI prepara Encaminhamento,69965.31378300484,complete,,0.0,,,,
Patient_204,Encaminha_para a Clinica Cirurgica,69965.31378300484,complete,,,para a Clinica Cirurgica,69965.31378300484,,
Patient_204,Discharge,69965.31378300484,complete,,,,,,3772.6206578357815
Patient_205,Arrival,67221.9408956337,complete,,0.0,,,,
Patient_205,Origem_do Pronto Socorro,67221.9408956337,complete,,,do Pronto Socorro,67221.9408956337,,
Patient_205,CTI (PS),67221.9408956337,start,ctiBeds,0.0,,,,
Patient_205,CTI (PS),69790.5507331808,complete,ctiBeds,0.0,,,,
Patient_205,CTI prepara Encaminhamento,69790.5507331808,start,,0.0,,,,
Patient_205,CTI prepara Encaminhamento,69829.98553654533,complete,,0.0,,,,
Patient_205,Encaminha_para a Clinica Medica,69829.98553654533,complete,,,para a Clinica Medica,69829.98553654533,,
Patient_205,Discharge,69829.98553654533,complete,,,,,,2608.0446409116266
Patient_206,Arrival,68043.97445692001,complete,,0.0,,,,
Patient_206,Origem_do Pronto Socorro,68043.97445692001,complete,,,do Pronto Socorro,68043.97445692001,,
Patient_206,CTI (PS),68043.97445692001,start,ctiBeds,0.0,,,,
Patient_206,CTI (PS),76636.70168058501,complete,ctiBeds,0.0,,,,
Patient_206,CTI prepara Encaminhamento,76636.70168058501,start,,0.0,,,,
Patient_206,CTI prepara Encaminhamento,76691.76895780972,complete,,0.0,,,,
Patient_206,Encaminha_para a Clinica Cirurgica,76691.76895780972,complete,,,para a Clinica Cirurgica,76691.76895780972,,
Patient_206,Discharge,76691.76895780972,complete,,,,,,8647.794500889708
Patient_207,Arrival,68471.84572992481,complete,,0.0,,,,
Patient_207,Origem_do Pronto Socorro,68471.84572992481,complete,,,do Pronto Socorro,68471.84572992481,,
Patient_207,CTI (PS),68471.84572992481,start,ctiBeds,0.0,,,,
Patient_207,CTI (PS),70983.02096165733,complete,ctiBeds,0.0,,,,
Patient_207,CTI prepara Encaminhamento,70983.02096165733,start,,0.0,,,,
Patient_207,CTI prepara Encaminhamento,71038.4366244859,complete,,0.0,,,,
Patient_207,Encaminha_para a Clinica Medica,71038.4366244859,complete,,,para a Clinica Medica,71038.4366244859,,
Patient_207,Discharge,71038.4366244859,complete,,,,,,2566.5908945610863
Patient_208,Arrival,68905.6031570442,complete,,0.0,,,,
Patient_208,Origem_do Centro Cirurgico,68905.6031570442,complete,,,do Centro Cirurgico,68905.6031570442,,
Patient_208,CTI (CC),68905.6031570442,start,ctiBeds,0.0,,,,
Patient_208,CTI (CC),86540.7427462555,complete,ctiBeds,0.0,,,,
Patient_208,CTI prepara Encaminhamento,86540.7427462555,start,,0.0,,,,
Patient_208,CTI prepara Encaminhamento,86582.7814194001,complete,,0.0,,,,
Patient_208,Encaminha_para a Clinica Medica,86582.7814194001,complete,,,para a Clinica Medica,86582.7814194001,,
Patient_208,Discharge,86582.7814194001,complete,,,,,,17677.178262355897
Patient_209,Arrival,69405.82797112146,complete,,0.0,,,,
Patient_209,Origem_do Pronto Socorro,69405.82797112146,complete,,,do Pronto Socorro,69405.82797112146,,
Patient_209,CTI (PS),69405.82797112146,start,ctiBeds,0.0,,,,
Patient_209,CTI (PS),81187.07024084334,complete,ctiBeds,0.0,,,,
Patient_209,CTI prepara Encaminhamento,81187.07024084334,start,,0.0,,,,
Patient_209,CTI prepara Encaminhamento,81224.47577719853,complete,,0.0,,,,
Patient_209,Encaminha_para a Clinica Medica,81224.47577719853,complete,,,para a Clinica Medica,81224.47577719853,,
Patient_209,Discharge,81224.47577719853,complete,,,,,,11818.647806077075
Patient_21,Arrival,6477.321637145224,complete,,0.0,,,,
Patient_21,Origem_do Pronto Socorro,6477.321637145224,complete,,,do Pronto Socorro,6477.321637145224,,
Patient_21,CTI (PS),6477.321637145224,start,ctiBeds,0.0,,,,
Patient_21,CTI (PS),11952.020750807726,complete,ctiBeds,0.0,,,,
Patient_21,CTI prepara Encaminhamento,11952.020750807726,start,,0.0,,,,
Patient_21,CTI prepara Encaminhamento,12004.293626310126,complete,,0.0,,,,
Patient_21,Encaminha_Obito,12004.293626310126,complete,,,Obito,12004.293626310126,,
Patient_21,Discharge,12004.293626310126,complete,,,,,,5526.971989164902
Patient_210,Arrival,69815.66220582726,complete,,0.0,,,,
Patient_210,Origem_do Pronto Socorro,69815.66220582726,complete,,,do Pronto Socorro,69815.66220582726,,
Patient_210,CTI (PS),69815.66220582726,start,ctiBeds,0.0,,,,
Patient_210,CTI (PS),115546.60600181553,complete,ctiBeds,0.0,,,,
Patient_210,CTI prepara Encaminhamento,115546.60600181553,start,,0.0,,,,
Patient_210,CTI prepara Encaminhamento,115592.10188925873,complete,,0.0,,,,
Patient_210,Encaminha_para a Clinica Medica,115592.10188925873,complete,,,para a Clinica Medica,115592.10188925873,,
Patient_210,Discharge,115592.10188925873,complete,,,,,,45776.43968343147
Patient_211,Arrival,69832.4369788446,complete,,0.0,,,,
Patient_211,Origem_da Clinica Medica,69832.4369788446,complete,,,da Clinica Medica,69832.4369788446,,
Patient_211,CTI (CLIM),69832.4369788446,start,ctiBeds,0.0,,,,
Patient_211,CTI (CLIM),72190.43226772534,complete,ctiBeds,0.0,,,,
Patient_211,CTI prepara Encaminhamento,72190.43226772534,start,,0.0,,,,
Patient_211,CTI prepara Encaminhamento,72231.71246089655,complete,,0.0,,,,
Patient_211,Encaminha_para a Clinica Medica,72231.71246089655,complete,,,para a Clinica Medica,72231.71246089655,,
Patient_211,Discharge,72231.71246089655,complete,,,,,,2399.2754820519476
Patient_212,Arrival,70020.96917154419,complete,,0.0,,,,
Patient_212,Origem_do Pronto Socorro,70020.96917154419,complete,,,do Pronto Socorro,70020.96917154419,,
Patient_212,CTI (PS),70020.96917154419,start,ctiBeds,0.0,,,,
Patient_212,CTI (PS),87188.23665878564,complete,ctiBeds,0.0,,,,
Patient_212,CTI prepara Encaminhamento,87188.23665878564,start,,0.0,,,,
Patient_212,CTI prepara Encaminhamento,87228.45784085692,complete,,0.0,,,,
Patient_212,Encaminha_para a Clinica Medica,87228.45784085692,complete,,,para a Clinica Medica,87228.45784085692,,
Patient_212,Discharge,87228.45784085692,complete,,,,,,17207.488669312734
Patient_213,Arrival,70273.46460270553,complete,,0.0,,,,
Patient_213,Origem_do Pronto Socorro,70273.46460270553,complete,,,do Pronto Socorro,70273.46460270553,,
Patient_213,CTI (PS),70273.46460270553,start,ctiBeds,0.0,,,,
Patient_213,CTI (PS),75133.51927000041,complete,ctiBeds,0.0,,,,
Patient_213,CTI prepara Encaminhamento,75133.51927000041,start,,0.0,,,,
Patient_213,CTI prepara Encaminhamento,75172.59455384038,complete,,0.0,,,,
Patient_213,Encaminha_para a Clinica Medica,75172.59455384038,complete,,,para a Clinica Medica,75172.59455384038,,
Patient_213,Discharge,75172.59455384038,complete,,,,,,4899.129951134848
Patient_214,Arrival,70551.25717039692,complete,,0.0,,,,
Patient_214,Origem_da Clinica Medica,70551.25717039692,complete,,,da Clinica Medica,70551.25717039692,,
Patient_214,CTI (CLIM),70551.25717039692,start,ctiBeds,0.0,,,,
Patient_214,CTI (CLIM),83105.86517302413,complete,ctiBeds,0.0,,,,
Patient_214,CTI prepara Encaminhamento,83105.86517302413,start,,0.0,,,,
Patient_214,CTI prepara Encaminhamento,83148.00909904086,complete,,0.0,,,,
Patient_214,Encaminha_para a Clinica Medica,83148.00909904086,complete,,,para a Clinica Medica,83148.00909904086,,
Patient_214,Discharge,83148.00909904086,complete,,,,,,12596.75192864395
Patient_215,Arrival,70565.9143292511,complete,,0.0,,,,
Patient_215,Origem_do Pronto Socorro,70565.9143292511,complete,,,do Pronto Socorro,70565.9143292511,,
Patient_215,CTI (PS),70565.9143292511,start,ctiBeds,0.0,,,,
Patient_215,CTI (PS),79306.41196055632,complete,ctiBeds,0.0,,,,
Patient_215,CTI prepara Encaminhamento,79306.41196055632,start,,0.0,,,,
Patient_215,CTI prepara Encaminhamento,79357.60130480603,complete,,0.0,,,,
Patient_215,Encaminha_para a Clinica Medica,79357.60130480603,complete,,,para a Clinica Medica,79357.60130480603,,
Patient_215,Discharge,79357.60130480603,complete,,,,,,8791.686975554927
Patient_216,Arrival,70672.48095723252,complete,,0.0,,,,
Patient_216,Origem_do Centro Cirurgico,70672.48095723252,complete,,,do Centro Cirurgico,70672.48095723252,,
Patient_216,CTI (CC),70672.48095723252,start,ctiBeds,0.0,,,,
Patient_216,CTI (CC),80757.76289370717,complete,ctiBeds,0.0,,,,
Patient_216,CTI prepara Encaminhamento,80757.76289370717,start,,0.0,,,,
Patient_216,CTI prepara Encaminhamento,80815.92706817882,complete,,0.0,,,,
Patient_216,Encaminha_para a Clinica Cirurgica,80815.92706817882,complete,,,para a Clinica Cirurgica,80815.92706817882,,
Patient_216,Discharge,80815.92706817882,complete,,,,,,10143.4461109463
Patient_217,Arrival,70986.0638180343,complete,,0.0,,,,
Patient_217,Origem_do Centro Cirurgico,70986.0638180343,complete,,,do Centro Cirurgico,70986.0638180343,,
Patient_217,CTI (CC),70986.0638180343,start,ctiBeds,0.0,,,,
Patient_217,CTI (CC),72560.663003645,complete,ctiBeds,0.0,,,,
Patient_217,CTI prepara Encaminhamento,72560.663003645,start,,0.0,,,,
Patient_217,CTI prepara Encaminhamento,72608.67601554272,complete,,0.0,,,,
Patient_217,Encaminha_para a Clinica Cirurgica,72608.67601554272,complete,,,para a Clinica Cirurgica,72608.67601554272,,
Patient_217,Discharge,72608.67601554272,complete,,,,,,1622.6121975084243
Patient_218,Arrival,71089.967134481,complete,,0.0,,,,
Patient_218,Origem_do Pronto Socorro,71089.967134481,complete,,,do Pronto Socorro,71089.967134481,,
Patient_218,CTI (PS),71089.967134481,start,ctiBeds,0.0,,,,
Patient_218,CTI (PS),71580.55078784285,complete,ctiBeds,0.0,,,,
Patient_218,CTI prepara Encaminhamento,71580.55078784285,start,,0.0,,,,
Patient_218,CTI prepara Encaminhamento,71615.7388274851,complete,,0.0,,,,
Patient_218,Encaminha_para a Clinica Medica,71615.7388274851,complete,,,para a Clinica Medica,71615.7388274851,,
Patient_218,Discharge,71615.7388274851,complete,,,,,,525.7716930040915
Patient_219,Arrival,71732.53775166278,complete,,0.0,,,,
Patient_219,Origem_do Centro Cirurgico,71732.53775166278,complete,,,do Centro Cirurgico,71732.53775166278,,
Patient_219,CTI (CC),71732.53775166278,start,ctiBeds,0.0,,,,
Patient_219,CTI (CC),72485.80037645063,complete,ctiBeds,0.0,,,,
Patient_219,CTI prepara Encaminhamento,72485.80037645063,start,,0.0,,,,
Patient_219,CTI prepara Encaminhamento,72544.55883255818,complete,,0.0,,,,
Patient_219,Encaminha_Obito,72544.55883255818,complete,,,Obito,72544.55883255818,,
Patient_219,Discharge,72544.55883255818,complete,,,,,,812.0210808953998
Patient_22,Arrival,6486.647796663464,complete,,0.0,,,,
Patient_22,Origem_do Pronto Socorro,6486.647796663464,complete,,,do Pronto Socorro,6486.647796663464,,
Patient_22,CTI (PS),6486.647796663464,start,ctiBeds,0.0,,,,
Patient_22,CTI (PS),10105.49958934092,complete,ctiBeds,0.0,,,,
Patient_22,CTI prepara Encaminhamento,10105.49958934092,start,,0.0,,,,
Patient_22,CTI prepara Encaminhamento,10138.932624754307,complete,,0.0,,,,
Patient_22,Encaminha_para a Clinica Cirurgica,10138.932624754307,complete,,,para a Clinica Cirurgica,10138.932624754307,,
Patient_22,Discharge,10138.932624754307,complete,,,,,,3652.284828090843
Patient_220,Arrival,72073.44678426054,complete,,0.0,,,,
Patient_220,Origem_do Centro Cirurgico,72073.44678426054,complete,,,do Centro Cirurgico,72073.44678426054,,
Patient_220,CTI (CC),72073.44678426054,start,ctiBeds,0.0,,,,
Patient_220,CTI (CC),74765.01556293675,complete,ctiBeds,0.0,,,,
Patient_220,CTI prepara Encaminhamento,74765.01556293675,start,,0.0,,,,
Patient_220,CTI prepara Encaminhamento,74817.98651135081,complete,,0.0,,,,
Patient_220,Encaminha_para a Clinica Cirurgica,74817.98651135081,complete,,,para a Clinica Cirurgica,74817.98651135081,,
Patient_220,Discharge,74817.98651135081,complete,,,,,,2744.539727090276
Patient_221,Arrival,72125.64439716698,complete,,0.0,,,,
Patient_221,Origem_da Clinica Cirurgica,72125.64439716698,complete,,,da Clinica Cirurgica,72125.64439716698,,
Patient_221,CTI (CLIC),72125.64439716698,start,ctiBeds,0.0,,,,
Patient_221,CTI (CLIC),76671.54372011132,complete,ctiBeds,0.0,,,,
Patient_221,CTI prepara Encaminhamento,76671.54372011132,start,,0.0,,,,
Patient_221,CTI prepara Encaminhamento,76714.88744598691,complete,,0.0,,,,
Patient_221,Encaminha_para a Clinica Medica,76714.88744598691,complete,,,para a Clinica Medica,76714.88744598691,,
Patient_221,Discharge,76714.88744598691,complete,,,,,,4589.243048819932
Patient_222,Arrival,72931.32459421644,complete,,0.0,,,,
Patient_222,Origem_do Centro Cirurgico,72931.32459421644,complete,,,do Centro Cirurgico,72931.32459421644,,
Patient_222,CTI (CC),72931.32459421644,start,ctiBeds,0.0,,,,
Patient_222,CTI (CC),110630.10124079022,complete,ctiBeds,0.0,,,,
Patient_222,CTI prepara Encaminhamento,110630.10124079022,start,,0.0,,,,
Patient_222,CTI prepara Encaminhamento,110672.20988769816,complete,,0.0,,,,
Patient_222,Encaminha_Obito,110672.20988769816,complete,,,Obito,110672.20988769816,,
Patient_222,Discharge,110672.20988769816,complete,,,,,,37740.885293481726
Patient_223,Arrival,73158.00839320933,complete,,0.0,,,,
Patient_223,Origem_do Centro Cirurgico,73158.00839320933,complete,,,do Centro Cirurgico,73158.00839320933,,
Patient_223,CTI (CC),73158.00839320933,start,ctiBeds,0.0,,,,
Patient_223,CTI (CC),77621.31816899106,complete,ctiBeds,0.0,,,,
Patient_223,CTI prepara Encaminhamento,77621.31816899106,start,,0.0,,,,
Patient_223,CTI prepara Encaminhamento,77661.13878602581,complete,,0.0,,,,
Patient_223,Encaminha_Transferencia Externa,77661.13878602581,complete,,,Transferencia Externa,77661.13878602581,,
Patient_223,Discharge,77661.13878602581,complete,,,,,,4503.130392816485
Patient_224,Arrival,73278.98827113975,complete,,0.0,,,,
Patient_224,Origem_do Pronto Socorro,73278.98827113975,complete,,,do Pronto Socorro,73278.98827113975,,
Patient_224,CTI (PS),73278.98827113975,start,ctiBeds,0.0,,,,
Patient_224,CTI (PS),81328.07338883323,complete,ctiBeds,0.0,,,,
Patient_224,CTI prepara Encaminhamento,81328.07338883323,start,,0.0,,,,
Patient_224,CTI prepara Encaminhamento,81380.25053421145,complete,,0.0,,,,
Patient_224,Encaminha_Obito,81380.25053421145,complete,,,Obito,81380.25053421145,,
Patient_224,Discharge,81380.25053421145,complete,,,,,,8101.262263071694
Patient_225,Arrival,73643.49121535046,complete,,0.0,,,,
Patient_225,Origem_do Pronto Socorro,73643.49121535046,complete,,,do Pronto Socorro,73643.49121535046,,
Patient_225,CTI (PS),73643.49121535046,start,ctiBeds,0.0,,,,
Patient_225,CTI (PS),101208.31040390578,complete,ctiBeds,0.0,,,,
Patient_225,CTI prepara Encaminhamento,101208.31040390578,start,,0.0,,,,
Patient_225,CTI prepara Encaminhamento,101249.33143182627,complete,,0.0,,,,
Patient_225,Encaminha_para a Clinica Medica,101249.33143182627,complete,,,para a Clinica Medica,101249.33143182627,,
Patient_225,Discharge,101249.33143182627,complete,,,,,,27605.840216475815
Patient_226,Arrival,73766.69232347408,complete,,0.0,,,,
Patient_226,Origem_da Clinica Medica,73766.69232347408,complete,,,da Clinica Medica,73766.69232347408,,
Patient_226,CTI (CLIM),73766.69232347408,start,ctiBeds,0.0,,,,
Patient_226,CTI (CLIM),87660.77895490709,complete,ctiBeds,0.0,,,,
Patient_226,CTI prepara Encaminhamento,87660.77895490709,start,,0.0,,,,
Patient_226,CTI prepara Encaminhamento,87711.05521498254,complete,,0.0,,,,
Patient_226,Encaminha_para a Clinica Medica,87711.05521498254,complete,,,para a Clinica Medica,87711.05521498254,,
Patient_226,Discharge,87711.05521498254,complete,,,,,,13944.362891508456
Patient_227,Arrival,74100.56965187505,complete,,0.0,,,,
Patient_227,Origem_do Centro Cirurgico,74100.56965187505,complete,,,do Centro Cirurgico,74100.56965187505,,
Patient_227,CTI (CC),74100.56965187505,start,ctiBeds,0.0,,,,
Patient_227,CTI (CC),75415.48246080529,complete,ctiBeds,0.0,,,,
Patient_227,CTI prepara Encaminhamento,75415.48246080529,start,,0.0,,,,
Patient_227,CTI prepara Encaminhamento,75457.26466118838,complete,,0.0,,,,
Patient_227,Encaminha_para a Clinica Medica,75457.26466118838,complete,,,para a Clinica Medica,75457.26466118838,,
Patient_227,Discharge,75457.26466118838,complete,,,,,,1356.6950093133346
Patient_228,Arrival,74415.7306014038,complete,,0.0,,,,
Patient_228,Origem_do Pronto Socorro,74415.7306014038,complete,,,do Pronto Socorro,74415.7306014038,,
Patient_228,CTI (PS),74415.7306014038,start,ctiBeds,0.0,,,,
Patient_228,CTI (PS),78633.76612365576,complete,ctiBeds,0.0,,,,
Patient_228,CTI prepara Encaminhamento,78633.76612365576,start,,0.0,,,,
Patient_228,CTI prepara Encaminhamento,78684.44576662628,complete,,0.0,,,,
Patient_228,Encaminha_Transferencia Externa,78684.44576662628,complete,,,Transferencia Externa,78684.44576662628,,
Patient_228,Discharge,78684.44576662628,complete,,,,,,4268.715165222471
Patient_229,Arrival,74498.87051493119,complete,,0.0,,,,
Patient_229,Origem_do Pronto Socorro,74498.87051493119,complete,,,do Pronto Socorro,74498.87051493119,,
Patient_229,CTI (PS),74498.87051493119,start,ctiBeds,0.0,,,,
Patient_229,CTI (PS),75074.931249628,complete,ctiBeds,0.0,,,,
Patient_229,CTI prepara Encaminhamento,75074.931249628,start,,0.0,,,,
Patient_229,CTI prepara Encaminhamento,75119.03056213293,complete,,0.0,,,,
Patient_229,Encaminha_para a Clinica Medica,75119.03056213293,complete,,,para a Clinica Medica,75119.03056213293,,
Patient_229,Discharge,75119.03056213293,complete,,,,,,620.1600472017453
Patient_23,Arrival,6495.013426223605,complete,,0.0,,,,
Patient_23,Origem_da Clinica Medica,6495.013426223605,complete,,,da Clinica Medica,6495.013426223605,,
Patient_23,CTI (CLIM),6495.013426223605,start,ctiBeds,0.0,,,,
Patient_23,CTI (CLIM),7860.594932005656,complete,ctiBeds,0.0,,,,
Patient_23,CTI prepara Encaminhamento,7860.594932005656,start,,0.0,,,,
Patient_23,CTI prepara Encaminhamento,7911.999149111135,complete,,0.0,,,,
Patient_23,Encaminha_para a Clinica Medica,7911.999149111135,complete,,,para a Clinica Medica,7911.999149111135,,
Patient_23,Discharge,7911.999149111135,complete,,,,,,1416.9857228875298
Patient_230,Arrival,74878.15579251439,complete,,0.0,,,,
Patient_230,Origem_do Centro Cirurgico,74878.15579251439,complete,,,do Centro Cirurgico,74878.15579251439,,
Patient_230,CTI (CC),74878.15579251439,start,ctiBeds,0.0,,,,
Patient_230,CTI (CC),91502.51915970589,complete,ctiBeds,0.0,,,,
Patient_230,CTI prepara Encaminhamento,91502.51915970589,start,,0.0,,,,
Patient_230,CTI prepara Encaminhamento,91535.9080092453,complete,,0.0,,,,
Patient_230,Encaminha_para a Clinica Cirurgica,91535.9080092453,complete,,,para a Clinica Cirurgica,91535.9080092453,,
Patient_230,Discharge,91535.9080092453,complete,,,,,,16657.752216730907
Patient_231,Arrival,75063.83244121315,complete,,0.0,,,,
Patient_231,Origem_da Clinica Cirurgica,75063.83244121315,complete,,,da Clinica Cirurgica,75063.83244121315,,
Patient_231,CTI (CLIC),75063.83244121315,start,ctiBeds,0.0,,,,
Patient_231,CTI (CLIC),83200.10998864926,complete,ctiBeds,0.0,,,,
Patient_231,CTI prepara Encaminhamento,83200.10998864926,start,,0.0,,,,
Patient_231,CTI prepara Encaminhamento,83243.0576551084,complete,,0.0,,,,
Patient_231,Encaminha_para a Clinica Medica,83243.0576551084,complete,,,para a Clinica Medica,83243.0576551084,,
Patient_231,Discharge,83243.0576551084,complete,,,,,,8179.225213895246
Patient_232,Arrival,75281.6186564784,complete,,0.0,,,,
Patient_232,Origem_da Maternidade,75281.6186564784,complete,,,da Maternidade,75281.6186564784,,
Patient_232,CTI (MAT),75281.6186564784,start,ctiBeds,0.0,,,,
Patient_232,CTI (MAT),78003.76849998109,complete,ctiBeds,0.0,,,,
Patient_232,CTI prepara Encaminhamento,78003.76849998109,start,,0.0,,,,
Patient_232,CTI prepara Encaminhamento,78036.73828759586,complete,,0.0,,,,
Patient_232,Encaminha_para a Clinica Medica,78036.73828759586,complete,,,para a Clinica Medica,78036.73828759586,,
Patient_232,Discharge,78036.73828759586,complete,,,,,,2755.119631117457
Patient_233,Arrival,75308.70933130439,complete,,0.0,,,,
Patient_233,Origem_do Centro Cirurgico,75308.70933130439,complete,,,do Centro Cirurgico,75308.70933130439,,
Patient_233,CTI (CC),75308.70933130439,start,ctiBeds,0.0,,,,
Patient_233,CTI (CC),81190.28126411185,complete,ctiBeds,0.0,,,,
Patient_233,CTI prepara Encaminhamento,81190.28126411185,start,,0.0,,,,
Patient_233,CTI prepara Encaminhamento,81247.40569450404,complete,,0.0,,,,
Patient_233,Encaminha_Obito,81247.40569450404,complete,,,Obito,81247.40569450404,,
Patient_233,Discharge,81247.40569450404,complete,,,,,,5938.696363199648
Patient_234,Arrival,75406.61121221901,complete,,0.0,,,,
Patient_234,Origem_do Pronto Socorro,75406.61121221901,complete,,,do Pronto Socorro,75406.61121221901,,
Patient_234,CTI (PS),75406.61121221901,start,ctiBeds,0.0,,,,
Patient_234,CTI (PS),98278.30337077414,complete,ctiBeds,0.0,,,,
Patient_234,CTI prepara Encaminhamento,98278.30337077414,start,,0.0,,,,
Patient_234,CTI prepara Encaminhamento,98327.54785835373,complete,,0.0,,,,
Patient_234,Encaminha_para a Clinica Cirurgica,98327.54785835373,complete,,,para a Clinica Cirurgica,98327.54785835373,,
Patient_234,Discharge,98327.54785835373,complete,,,,,,22920.936646134724
Patient_235,Arrival,76170.63439917978,complete,,0.0,,,,
Patient_235,Origem_do Pronto Socorro,76170.63439917978,complete,,,do Pronto Socorro,76170.63439917978,,
Patient_235,CTI (PS),76170.63439917978,start,ctiBeds,0.0,,,,
Patient_235,CTI (PS),106268.2956160809,complete,ctiBeds,0.0,,,,
Patient_235,CTI prepara Encaminhamento,106268.2956160809,start,,0.0,,,,
Patient_235,CTI prepara Encaminhamento,106302.3033225961,complete,,0.0,,,,
Patient_235,Encaminha_para o Centro Cirurgico,106302.3033225961,complete,,,para o Centro Cirurgico,106302.3033225961,,
Patient_235,Discharge,106302.3033225961,complete,,,,,,30131.66892341632
Patient_236,Arrival,76825.00625254834,complete,,0.0,,,,
Patient_236,Origem_da Clinica Cirurgica,76825.00625254834,complete,,,da Clinica Cirurgica,76825.00625254834,,
Patient_236,CTI (CLIC),76825.00625254834,start,ctiBeds,0.0,,,,
Patient_236,CTI (CLIC),80043.59322894605,complete,ctiBeds,0.0,,,,
Patient_236,CTI prepara Encaminhamento,80043.59322894605,start,,0.0,,,,
Patient_236,CTI prepara Encaminhamento,80099.60047413764,complete,,0.0,,,,
Patient_236,Encaminha_Obito,80099.60047413764,complete,,,Obito,80099.60047413764,,
Patient_236,Discharge,80099.60047413764,complete,,,,,,3274.594221589301
Patient_237,Arrival,76907.60483151935,complete,,0.0,,,,
Patient_237,Origem_do Centro Cirurgico,76907.60483151935,complete,,,do Centro Cirurgico,76907.60483151935,,
Patient_237,CTI (CC),76907.60483151935,start,ctiBeds,0.0,,,,
Patient_237,CTI (CC),102099.86638786251,complete,ctiBeds,0.0,,,,
Patient_237,CTI prepara Encaminhamento,102099.86638786251,start,,0.0,,,,
Patient_237,CTI prepara Encaminhamento,102151.70626510296,complete,,0.0,,,,
Patient_237,Encaminha_para a Clinica Cirurgica,102151.70626510296,complete,,,para a Clinica Cirurgica,102151.70626510296,,
Patient_237,Discharge,102151.70626510296,complete,,,,,,25244.101433583608
Patient_238,Arrival,77288.96446528782,complete,,0.0,,,,
Patient_238,Origem_da Clinica Medica,77288.96446528782,complete,,,da Clinica Medica,77288.96446528782,,
Patient_238,CTI (CLIM),77288.96446528782,start,ctiBeds,0.0,,,,
Patient_238,CTI (CLIM),87732.39456644861,complete,ctiBeds,0.0,,,,
Patient_238,CTI prepara Encaminhamento,87732.39456644861,start,,0.0,,,,
Patient_238,CTI prepara Encaminhamento,87778.53410173106,complete,,0.0,,,,
Patient_238,Encaminha_para a Clinica Medica,87778.53410173106,complete,,,para a Clinica Medica,87778.53410173106,,
Patient_238,Discharge,87778.53410173106,complete,,,,,,10489.569636443237
Patient_239,Arrival,78296.51218742643,complete,,0.0,,,,
Patient_239,Origem_do Centro Cirurgico,78296.51218742643,complete,,,do Centro Cirurgico,78296.51218742643,,
Patient_239,CTI (CC),78296.51218742643,start,ctiBeds,0.0,,,,
Patient_239,CTI (CC),78782.34907980666,complete,ctiBeds,0.0,,,,
Patient_239,CTI prepara Encaminhamento,78782.34907980666,start,,0.0,,,,
Patient_239,CTI prepara Encaminhamento,78834.7533045073,complete,,0.0,,,,
Patient_239,Encaminha_para a Clinica Medica,78834.7533045073,complete,,,para a Clinica Medica,78834.7533045073,,
Patient_239,Discharge,78834.7533045073,complete,,,,,,538.2411170808773
Patient_24,Arrival,6617.633498864534,complete,,0.0,,,,
Patient_24,Origem_do Pronto Socorro,6617.633498864534,complete,,,do Pronto Socorro,6617.633498864534,,
Patient_24,CTI (PS),6617.633498864534,start,ctiBeds,0.0,,,,
Patient_24,CTI (PS),7285.222297267175,complete,ctiBeds,0.0,,,,
Patient_24,CTI prepara Encaminhamento,7285.222297267175,start,,0.0,,,,
Patient_24,CTI prepara Encaminhamento,7324.61262892243,complete,,0.0,,,,
Patient_24,Encaminha_para a Clinica Medica,7324.61262892243,complete,,,para a Clinica Medica,7324.61262892243,,
Patient_24,Discharge,7324.61262892243,complete,,,,,,706.9791300578963
Patient_240,Arrival,78485.94686371367,complete,,0.0,,,,
Patient_240,Origem_do Pronto Socorro,78485.94686371367,complete,,,do Pronto Socorro,78485.94686371367,,
Patient_240,CTI (PS),78485.94686371367,start,ctiBeds,0.0,,,,
Patient_240,CTI (PS),79699.13886008291,complete,ctiBeds,0.0,,,,
Patient_240,CTI prepara Encaminhamento,79699.13886008291,start,,0.0,,,,
Patient_240,CTI prepara Encaminhamento,79743.3826313269,complete,,0.0,,,,
Patient_240,Encaminha_para a Clinica Medica,79743.3826313269,complete,,,para a Clinica Medica,79743.3826313269,,
Patient_240,Discharge,79743.3826313269,complete,,,,,,1257.4357676132204
Patient_241,Arrival,78500.50841337991,complete,,0.0,,,,
Patient_241,Origem_do Centro Cirurgico,78500.50841337991,complete,,,do Centro Cirurgico,78500.50841337991,,
Patient_241,CTI (CC),78500.50841337991,start,ctiBeds,0.0,,,,
Patient_241,CTI (CC),80184.19500381761,complete,ctiBeds,0.0,,,,
Patient_241,CTI prepara Encaminhamento,80184.19500381761,start,,0.0,,,,
Patient_241,CTI prepara Encaminhamento,80231.62781195246,complete,,0.0,,,,
Patient_241,Encaminha_para a Clinica Medica,80231.62781195246,complete,,,para a Clinica Medica,80231.62781195246,,
Patient_241,Discharge,80231.62781195246,complete,,,,,,1731.119398572555
Patient_242,Arrival,78858.03289635887,complete,,0.0,,,,
Patient_242,Origem_do Centro Cirurgico,78858.03289635887,complete,,,do Centro Cirurgico,78858.03289635887,,
Patient_242,CTI (CC),78858.03289635887,start,ctiBeds,0.0,,,,
Patient_242,CTI (CC),90064.33627185716,complete,ctiBeds,0.0,,,,
Patient_242,CTI prepara Encaminhamento,90064.33627185716,start,,0.0,,,,
Patient_242,CTI prepara Encaminhamento,90101.78601217129,complete,,0.0,,,,
Patient_242,Encaminha_para a Clinica Medica,90101.78601217129,complete,,,para a Clinica Medica,90101.78601217129,,
Patient_242,Discharge,90101.78601217129,complete,,,,,,11243.753115812418
Patient_243,Arrival,78884.85830863535,complete,,0.0,,,,
Patient_243,Origem_do Centro Cirurgico,78884.85830863535,complete,,,do Centro Cirurgico,78884.85830863535,,
Patient_243,CTI (CC),78884.85830863535,start,ctiBeds,0.0,,,,
Patient_243,CTI (CC),100603.4467208136,complete,ctiBeds,0.0,,,,
Patient_243,CTI prepara Encaminhamento,100603.4467208136,start,,0.0,,,,
Patient_243,CTI prepara Encaminhamento,100646.93542772968,complete,,0.0,,,,
Patient_243,Encaminha_para a Clinica Medica,100646.93542772968,complete,,,para a Clinica Medica,100646.93542772968,,
Patient_243,Discharge,100646.93542772968,complete,,,,,,21762.077119094334
Patient_244,Arrival,79027.28987381357,complete,,0.0,,,,
Patient_244,Origem_da Clinica Cirurgica,79027.28987381357,complete,,,da Clinica Cirurgica,79027.28987381357,,
Patient_244,CTI (CLIC),79027.28987381357,start,ctiBeds,0.0,,,,
Patient_244,CTI (CLIC),82771.49139563383,complete,ctiBeds,0.0,,,,
Patient_244,CTI prepara Encaminhamento,82771.49139563383,start,,0.0,,,,
Patient_244,CTI prepara Encaminhamento,82821.44080152402,complete,,0.0,,,,
Patient_244,Encaminha_para a Clinica Medica,82821.44080152402,complete,,,para a Clinica Medica,82821.44080152402,,
Patient_244,Discharge,82821.44080152402,complete,,,,,,3794.1509277104487
Patient_245,Arrival,79043.92953381254,complete,,0.0,,,,
Patient_245,Origem_do Pronto Socorro,79043.92953381254,complete,,,do Pronto Socorro,79043.92953381254,,
Patient_245,CTI (PS),79043.92953381254,start,ctiBeds,0.0,,,,
Patient_245,CTI (PS),87802.51127241619,complete,ctiBeds,0.0,,,,
Patient_245,CTI prepara Encaminhamento,87802.51127241619,start,,0.0,,,,
Patient_245,CTI prepara Encaminhamento,87835.79974168722,complete,,0.0,,,,
Patient_245,Encaminha_para a Clinica Medica,87835.79974168722,complete,,,para a Clinica Medica,87835.79974168722,,
Patient_245,Discharge,87835.79974168722,complete,,,,,,8791.870207874686
Patient_246,Arrival,79146.15612690551,complete,,0.0,,,,
Patient_246,Origem_do Pronto Socorro,79146.15612690551,complete,,,do Pronto Socorro,79146.15612690551,,
Patient_246,CTI (PS),79146.15612690551,start,ctiBeds,0.0,,,,
Patient_246,CTI (PS),80852.30735439852,complete,ctiBeds,0.0,,,,
Patient_246,CTI prepara Encaminhamento,80852.30735439852,start,,0.0,,,,
Patient_246,CTI prepara Encaminhamento,80886.95614784177,complete,,0.0,,,,
Patient_246,Encaminha_para a Clinica Medica,80886.95614784177,complete,,,para a Clinica Medica,80886.95614784177,,
Patient_246,Discharge,80886.95614784177,complete,,,,,,1740.8000209362654
Patient_247,Arrival,79251.50795476297,complete,,0.0,,,,
Patient_247,Origem_do Centro Cirurgico,79251.50795476297,complete,,,do Centro Cirurgico,79251.50795476297,,
Patient_247,CTI (CC),79251.50795476297,start,ctiBeds,0.0,,,,
Patient_247,CTI (CC),84145.24537751633,complete,ctiBeds,0.0,,,,
Patient_247,CTI prepara Encaminhamento,84145.24537751633,start,,0.0,,,,
Patient_247,CTI prepara Encaminhamento,84185.60292881267,complete,,0.0,,,,
Patient_247,Encaminha_para a Clinica Cirurgica,84185.60292881267,complete,,,para a Clinica Cirurgica,84185.60292881267,,
Patient_247,Discharge,84185.60292881267,complete,,,,,,4934.094974049702
Patient_248,Arrival,79959.09141184934,complete,,0.0,,,,
Patient_248,Origem_do Pronto Socorro,79959.09141184934,complete,,,do Pronto Socorro,79959.09141184934,,
Patient_248,CTI (PS),79959.09141184934,start,ctiBeds,0.0,,,,
Patient_248,CTI (PS),123013.01363935522,complete,ctiBeds,0.0,,,,
Patient_248,CTI prepara Encaminhamento,123013.01363935522,start,,0.0,,,,
Patient_248,CTI prepara Encaminhamento,123053.88460274687,complete,,0.0,,,,
Patient_248,Encaminha_Obito,123053.88460274687,complete,,,Obito,123053.88460274687,,
Patient_248,Discharge,123053.88460274687,complete,,,,,,43094.79319089753
Patient_249,Arrival,79976.12041742829,complete,,0.0,,,,
Patient_249,Origem_do Pronto Socorro,79976.12041742829,complete,,,do Pronto Socorro,79976.12041742829,,
Patient_249,CTI (PS),79976.12041742829,start,ctiBeds,0.0,,,,
Patient_249,CTI (PS),105115.19456288299,complete,ctiBeds,0.0,,,,
Patient_249,CTI prepara Encaminhamento,105115.19456288299,start,,0.0,,,,
Patient_249,CTI prepara Encaminhamento,105153.70776215059,complete,,0.0,,,,
Patient_249,Encaminha_Obito,105153.70776215059,complete,,,Obito,105153.70776215059,,
Patient_249,Discharge,105153.70776215059,complete,,,,,,25177.5873447223
Patient_25,Arrival,6636.5393200509225,complete,,0.0,,,,
Patient_25,Origem_da Clinica Cirurgica,6636.5393200509225,complete,,,da Clinica Cirurgica,6636.5393200509225,,
Patient_25,CTI (CLIC),6636.5393200509225,start,ctiBeds,0.0,,,,
Patient_25,CTI (CLIC),13009.403801122851,complete,ctiBeds,0.0,,,,
Patient_25,CTI prepara Encaminhamento,13009.403801122851,start,,0.0,,,,
Patient_25,CTI prepara Encaminhamento,13056.043614480668,complete,,0.0,,,,
Patient_25,Encaminha_Obito,13056.043614480668,complete,,,Obito,13056.043614480668,,
Patient_25,Discharge,13056.043614480668,complete,,,,,,6419.504294429746
Patient_250,Arrival,80012.24660559396,complete,,0.0,,,,
Patient_250,Origem_do Pronto Socorro,80012.24660559396,complete,,,do Pronto Socorro,80012.24660559396,,
Patient_250,CTI (PS),80012.24660559396,start,ctiBeds,0.0,,,,
Patient_250,CTI (PS),91603.55111568567,complete,ctiBeds,0.0,,,,
Patient_250,CTI prepara Encaminhamento,91603.55111568567,start,,0.0,,,,
Patient_250,CTI prepara Encaminhamento,91649.5172683931,complete,,0.0,,,,
Patient_250,Encaminha_Obito,91649.5172683931,complete,,,Obito,91649.5172683931,,
Patient_250,Discharge,91649.5172683931,complete,,,,,,11637.270662799143
Patient_251,Arrival,80038.7773793293,complete,,0.0,,,,
Patient_251,Origem_do Centro Cirurgico,80038.7773793293,complete,,,do Centro Cirurgico,80038.7773793293,,
Patient_251,CTI (CC),80038.7773793293,start,ctiBeds,0.0,,,,
Patient_251,CTI (CC),81383.01109878841,complete,ctiBeds,0.0,,,,
Patient_251,CTI prepara Encaminhamento,81383.01109878841,start,,0.0,,,,
Patient_251,CTI prepara Encaminhamento,81424.91144678953,complete,,0.0,,,,
Patient_251,Encaminha_para a Clinica Medica,81424.91144678953,complete,,,para a Clinica Medica,81424.91144678953,,
Patient_251,Discharge,81424.91144678953,complete,,,,,,1386.1340674602252
Patient_252,Arrival,80619.62600824032,complete,,0.0,,,,
Patient_252,Origem_do Pronto Socorro,80619.62600824032,complete,,,do Pronto Socorro,80619.62600824032,,
Patient_252,CTI (PS),80619.62600824032,start,ctiBeds,0.0,,,,
Patient_252,CTI (PS),88440.59762142577,complete,ctiBeds,0.0,,,,
Patient_252,CTI prepara Encaminhamento,88440.59762142577,start,,0.0,,,,
Patient_252,CTI prepara Encaminhamento,88477.15748229466,complete,,0.0,,,,
Patient_252,Encaminha_para a Clinica Cirurgica,88477.15748229466,complete,,,para a Clinica Cirurgica,88477.15748229466,,
Patient_252,Discharge,88477.15748229466,complete,,,,,,7857.53147405434
Patient_253,Arrival,80859.06732485775,complete,,0.0,,,,
Patient_253,Origem_do Pronto Socorro,80859.06732485775,complete,,,do Pronto Socorro,80859.06732485775,,
Patient_253,CTI (PS),80859.06732485775,start,ctiBeds,0.0,,,,
Patient_253,CTI (PS),95008.67282982884,complete,ctiBeds,0.0,,,,
Patient_253,CTI prepara Encaminhamento,95008.67282982884,start,,0.0,,,,
Patient_253,CTI prepara Encaminhamento,95052.06528025845,complete,,0.0,,,,
Patient_253,Encaminha_Obito,95052.06528025845,complete,,,Obito,95052.06528025845,,
Patient_253,Discharge,95052.06528025845,complete,,,,,,14192.9979554007
Patient_254,Arrival,80982.7257031255,complete,,0.0,,,,
Patient_254,Origem_do Pronto Socorro,80982.7257031255,complete,,,do Pronto Socorro,80982.7257031255,,
Patient_254,CTI (PS),80982.7257031255,start,ctiBeds,0.0,,,,
Patient_254,CTI (PS),88265.11662626639,complete,ctiBeds,0.0,,,,
Patient_254,CTI prepara Encaminhamento,88265.11662626639,start,,0.0,,,,
Patient_254,CTI prepara Encaminhamento,88323.15657430394,complete,,0.0,,,,
Patient_254,Encaminha_para a Clinica Medica,88323.15657430394,complete,,,para a Clinica Medica,88323.15657430394,,
Patient_254,Discharge,88323.15657430394,complete,,,,,,7340.43087117844
Patient_255,Arrival,81458.67632161127,complete,,0.0,,,,
Patient_255,Origem_do Pronto Socorro,81458.67632161127,complete,,,do Pronto Socorro,81458.67632161127,,
Patient_255,CTI (PS),81458.67632161127,start,ctiBeds,0.0,,,,
Patient_255,CTI (PS),94451.016640068,complete,ctiBeds,0.0,,,,
Patient_255,CTI prepara Encaminhamento,94451.016640068,start,,0.0,,,,
Patient_255,CTI prepara Encaminhamento,94509.17730611404,complete,,0.0,,,,
Patient_255,Encaminha_para a Clinica Medica,94509.17730611404,complete,,,para a Clinica Medica,94509.17730611404,,
Patient_255,Discharge,94509.17730611404,complete,,,,,,13050.500984502767
Patient_256,Arrival,81937.1143818356,complete,,0.0,,,,
Patient_256,Origem_do Centro Cirurgico,81937.1143818356,complete,,,do Centro Cirurgico,81937.1143818356,,
Patient_256,CTI (CC),81937.1143818356,start,ctiBeds,0.0,,,,
Patient_256,CTI (CC),82891.3314615707,complete,ctiBeds,0.0,,,,
Patient_256,CTI prepara Encaminhamento,82891.3314615707,start,,0.0,,,,
Patient_256,CTI prepara Encaminhamento,82926.28712927282,complete,,0.0,,,,
Patient_256,Encaminha_para a Clinica Cirurgica,82926.28712927282,complete,,,para a Clinica Cirurgica,82926.28712927282,,
Patient_256,Discharge,82926.28712927282,complete,,,,,,989.1727474372165
Patient_257,Arrival,82301.34936110368,complete,,0.0,,,,
Patient_257,Origem_do Pronto Socorro,82301.34936110368,complete,,,do Pronto Socorro,82301.34936110368,,
Patient_257,CTI (PS),82301.34936110368,start,ctiBeds,0.0,,,,
Patient_257,CTI (PS),84395.16464014727,complete,ctiBeds,0.0,,,,
Patient_257,CTI prepara Encaminhamento,84395.16464014727,start,,0.0,,,,
Patient_257,CTI prepara Encaminhamento,84451.59641252227,complete,,0.0,,,,
Patient_257,Encaminha_para a Clinica Medica,84451.59641252227,complete,,,para a Clinica Medica,84451.59641252227,,
Patient_257,Discharge,84451.59641252227,complete,,,,,,2150.2470514185843
Patient_258,Arrival,82578.21923665192,complete,,0.0,,,,
Patient_258,Origem_do Pronto Socorro,82578.21923665192,complete,,,do Pronto Socorro,82578.21923665192,,
Patient_258,CTI (PS),82578.21923665192,start,ctiBeds,0.0,,,,
Patient_258,CTI (PS),98612.4106519246,complete,ctiBeds,0.0,,,,
Patient_258,CTI prepara Encaminhamento,98612.4106519246,start,,0.0,,,,
Patient_258,CTI prepara Encaminhamento,98645.72197578366,complete,,0.0,,,,
Patient_258,Encaminha_para a Clinica Medica,98645.72197578366,complete,,,para a Clinica Medica,98645.72197578366,,
Patient_258,Discharge,98645.72197578366,complete,,,,,,16067.502739131742
Patient_259,Arrival,82736.72437346783,complete,,0.0,,,,
Patient_259,Origem_do Pronto Socorro,82736.72437346783,complete,,,do Pronto Socorro,82736.72437346783,,
Patient_259,CTI (PS),82736.72437346783,start,ctiBeds,0.0,,,,
Patient_259,CTI (PS),101733.97906055725,complete,ctiBeds,0.0,,,,
Patient_259,CTI prepara Encaminhamento,101733.97906055725,start,,0.0,,,,
Patient_259,CTI prepara Encaminhamento,101791.45780504003,complete,,0.0,,,,
Patient_259,Encaminha_para a Clinica Cirurgica,101791.45780504003,complete,,,para a Clinica Cirurgica,101791.45780504003,,
Patient_259,Discharge,101791.45780504003,complete,,,,,,19054.733431572196
Patient_26,Arrival,6667.990625647887,complete,,0.0,,,,
Patient_26,Origem_do Centro Cirurgico,6667.990625647887,complete,,,do Centro Cirurgico,6667.990625647887,,
Patient_26,CTI (CC),6667.990625647887,start,ctiBeds,0.0,,,,
Patient_26,CTI (CC),13491.164544700747,complete,ctiBeds,0.0,,,,
Patient_26,CTI prepara Encaminhamento,13491.164544700747,start,,0.0,,,,
Patient_26,CTI prepara Encaminhamento,13546.368017533012,complete,,0.0,,,,
Patient_26,Encaminha_para a Clinica Medica,13546.368017533012,complete,,,para a Clinica Medica,13546.368017533012,,
Patient_26,Discharge,13546.368017533012,complete,,,,,,6878.377391885125
Patient_260,Arrival,83556.0514927012,complete,,0.0,,,,
Patient_260,Origem_do Centro Cirurgico,83556.0514927012,complete,,,do Centro Cirurgico,83556.0514927012,,
Patient_260,CTI (CC),83556.0514927012,start,ctiBeds,0.0,,,,
Patient_260,CTI (CC),88164.82846949135,complete,ctiBeds,0.0,,,,
Patient_260,CTI prepara Encaminhamento,88164.82846949135,start,,0.0,,,,
Patient_260,CTI prepara Encaminhamento,88203.15204891375,complete,,0.0,,,,
Patient_260,Encaminha_Obito,88203.15204891375,complete,,,Obito,88203.15204891375,,
Patient_260,Discharge,88203.15204891375,complete,,,,,,4647.10055621255
Patient_261,Arrival,83723.05596740864,complete,,0.0,,,,
Patient_261,Origem_da Clinica Medica,83723.05596740864,complete,,,da Clinica Medica,83723.05596740864,,
Patient_261,CTI (CLIM),83723.05596740864,start,ctiBeds,0.0,,,,
Patient_261,CTI (CLIM),86285.57353802604,complete,ctiBeds,0.0,,,,
Patient_261,CTI prepara Encaminhamento,86285.57353802604,start,,0.0,,,,
Patient_261,CTI prepara Encaminhamento,86345.27206961678,complete,,0.0,,,,
Patient_261,Encaminha_para a Clinica Cirurgica,86345.27206961678,complete,,,para a Clinica Cirurgica,86345.27206961678,,
Patient_261,Discharge,86345.27206961678,complete,,,,,,2622.216102208142
Patient_262,Arrival,84192.7035790361,complete,,0.0,,,,
Patient_262,Origem_do Pronto Socorro,84192.7035790361,complete,,,do Pronto Socorro,84192.7035790361,,
Patient_262,CTI (PS),84192.7035790361,start,ctiBeds,0.0,,,,
Patient_262,CTI (PS),91287.27634298541,complete,ctiBeds,0.0,,,,
Patient_262,CTI prepara Encaminhamento,91287.27634298541,start,,0.0,,,,
Patient_262,CTI prepara Encaminhamento,91335.92679970629,complete,,0.0,,,,
Patient_262,Encaminha_para o Centro Cirurgico,91335.92679970629,complete,,,para o Centro Cirurgico,91335.92679970629,,
Patient_262,Discharge,91335.92679970629,complete,,,,,,7143.223220670188
Patient_263,Arrival,84379.81634242677,complete,,0.0,,,,
Patient_263,Origem_do Pronto Socorro,84379.81634242677,complete,,,do Pronto Socorro,84379.81634242677,,
Patient_263,CTI (PS),84379.81634242677,start,ctiBeds,0.0,,,,
Patient_263,CTI (PS),89977.06454905515,complete,ctiBeds,0.0,,,,
Patient_263,CTI prepara Encaminhamento,89977.06454905515,start,,0.0,,,,
Patient_263,CTI prepara Encaminhamento,90015.77851668748,complete,,0.0,,,,
Patient_263,Encaminha_para a Clinica Medica,90015.77851668748,complete,,,para a Clinica Medica,90015.77851668748,,
Patient_263,Discharge,90015.77851668748,complete,,,,,,5635.962174260712
Patient_264,Arrival,84491.3756177064,complete,,0.0,,,,
Patient_264,Origem_do Pronto Socorro,84491.3756177064,complete,,,do Pronto Socorro,84491.3756177064,,
Patient_264,CTI (PS),84491.3756177064,start,ctiBeds,0.0,,,,
Patient_264,CTI (PS),87715.21822383419,complete,ctiBeds,0.0,,,,
Patient_264,CTI prepara Encaminhamento,87715.21822383419,start,,0.0,,,,
Patient_264,CTI prepara Encaminhamento,87759.82747619318,complete,,0.0,,,,
Patient_264,Encaminha_para a Clinica Cirurgica,87759.82747619318,complete,,,para a Clinica Cirurgica,87759.82747619318,,
Patient_264,Discharge,87759.82747619318,complete,,,,,,3268.4518584867765
Patient_265,Arrival,85105.88073060769,complete,,0.0,,,,
Patient_265,Origem_da Maternidade,85105.88073060769,complete,,,da Maternidade,85105.88073060769,,
Patient_265,CTI (MAT),85105.88073060769,start,ctiBeds,0.0,,,,
Patient_265,CTI (MAT),87001.72391983363,complete,ctiBeds,0.0,,,,
Patient_265,CTI prepara Encaminhamento,87001.72391983363,start,,0.0,,,,
Patient_265,CTI prepara Encaminhamento,87052.18040482217,complete,,0.0,,,,
Patient_265,Encaminha_para a Clinica Cirurgica,87052.18040482217,complete,,,para a Clinica Cirurgica,87052.18040482217,,
Patient_265,Discharge,87052.18040482217,complete,,,,,,1946.299674214475
Patient_266,Arrival,85410.35560292086,complete,,0.0,,,,
Patient_266,Origem_do Centro Cirurgico,85410.35560292086,complete,,,do Centro Cirurgico,85410.35560292086,,
Patient_266,CTI (CC),85410.35560292086,start,ctiBeds,0.0,,,,
Patient_266,CTI (CC),88202.37154319002,complete,ctiBeds,0.0,,,,
Patient_266,CTI prepara Encaminhamento,88202.37154319002,start,,0.0,,,,
Patient_266,CTI prepara Encaminhamento,88236.95691888483,complete,,0.0,,,,
Patient_266,Encaminha_para a Clinica Medica,88236.95691888483,complete,,,para a Clinica Medica,88236.95691888483,,
Patient_266,Discharge,88236.95691888483,complete,,,,,,2826.6013159639697
Patient_267,Arrival,85571.7178565725,complete,,0.0,,,,
Patient_267,Origem_do Pronto Socorro,85571.7178565725,complete,,,do Pronto Socorro,85571.7178565725,,
Patient_267,CTI (PS),85571.7178565725,start,ctiBeds,0.0,,,,
Patient_267,CTI (PS),102701.53748849472,complete,ctiBeds,0.0,,,,
Patient_267,CTI prepara Encaminhamento,102701.53748849472,start,,0.0,,,,
Patient_267,CTI prepara Encaminhamento,102745.12067249964,complete,,0.0,,,,
Patient_267,Encaminha_para a Clinica Cirurgica,102745.12067249964,complete,,,para a Clinica Cirurgica,102745.12067249964,,
Patient_267,Discharge,102745.12067249964,complete,,,,,,17173.40281592714
Patient_268,Arrival,86280.02663018052,complete,,0.0,,,,
Patient_268,Origem_do Centro Cirurgico,86280.02663018052,complete,,,do Centro Cirurgico,86280.02663018052,,
Patient_268,CTI (CC),86285.57353802604,start,ctiBeds,0.0,,,,
Patient_268,CTI (CC),86435.7816895643,complete,ctiBeds,0.0,,,,
Patient_268,CTI prepara Encaminhamento,86435.7816895643,start,,0.0,,,,
Patient_268,CTI prepara Encaminhamento,86475.53799674172,complete,,0.0,,,,
Patient_268,Encaminha_para a Clinica Cirurgica,86475.53799674172,complete,,,para a Clinica Cirurgica,86475.53799674172,,
Patient_268,Discharge,86475.53799674172,complete,,,,,,195.5113665612007
Patient_269,Arrival,86309.82571969005,complete,,0.0,,,,
Patient_269,Origem_do Pronto Socorro,86309.82571969005,complete,,,do Pronto Socorro,86309.82571969005,,
Patient_269,CTI (PS),86435.7816895643,start,ctiBeds,0.0,,,,
Patient_269,CTI (PS),96358.40436046597,complete,ctiBeds,0.0,,,,
Patient_269,CTI prepara Encaminhamento,96358.40436046597,start,,0.0,,,,
Patient_269,CTI prepara Encaminhamento,96397.68682337002,complete,,0.0,,,,
Patient_269,Encaminha_Transferencia Externa,96397.68682337002,complete,,,Transferencia Externa,96397.68682337002,,
Patient_269,Discharge,96397.68682337002,complete,,,,,,10087.86110367997
Patient_27,Arrival,6849.984830992254,complete,,0.0,,,,
Patient_27,Origem_do Pronto Socorro,6849.984830992254,complete,,,do Pronto Socorro,6849.984830992254,,
Patient_27,CTI (PS),6849.984830992254,start,ctiBeds,0.0,,,,
Patient_27,CTI (PS),9060.650814727602,complete,ctiBeds,0.0,,,,
Patient_27,CTI prepara Encaminhamento,9060.650814727602,start,,0.0,,,,
Patient_27,CTI prepara Encaminhamento,9103.69873259426,complete,,0.0,,,,
Patient_27,Encaminha_para a Clinica Cirurgica,9103.69873259426,complete,,,para a Clinica Cirurgica,9103.69873259426,,
Patient_27,Discharge,9103.69873259426,complete,,,,,,2253.7139016020055
Patient_270,Arrival,87485.04989609943,complete,,0.0,,,,
Patient_270,Origem_do Pronto Socorro,87485.04989609943,complete,,,do Pronto Socorro,87485.04989609943,,
Patient_270,CTI (PS),87485.04989609943,start,ctiBeds,0.0,,,,
Patient_270,CTI (PS),94360.61306636501,complete,ctiBeds,0.0,,,,
Patient_270,CTI prepara Encaminhamento,94360.61306636501,start,,0.0,,,,
Patient_270,CTI prepara Encaminhamento,94403.48913609609,complete,,0.0,,,,
Patient_270,Encaminha_para a Clinica Medica,94403.48913609609,complete,,,para a Clinica Medica,94403.48913609609,,
Patient_270,Discharge,94403.48913609609,complete,,,,,,6918.43923999666
Patient_271,Arrival,87532.09298630952,complete,,0.0,,,,
Patient_271,Origem_do Pronto Socorro,87532.09298630952,complete,,,do Pronto Socorro,87532.09298630952,,
Patient_271,CTI (PS),87532.09298630952,start,ctiBeds,0.0,,,,
Patient_271,CTI (PS),88259.64302853697,complete,ctiBeds,0.0,,,,
Patient_271,CTI prepara Encaminhamento,88259.64302853697,start,,0.0,,,,
Patient_271,CTI prepara Encaminhamento,88317.79644505083,complete,,0.0,,,,
Patient_271,Encaminha_para a Clinica Medica,88317.79644505083,complete,,,para a Clinica Medica,88317.79644505083,,
Patient_271,Discharge,88317.79644505083,complete,,,,,,785.7034587413073
Patient_272,Arrival,87764.46403927119,complete,,0.0,,,,
Patient_272,Origem_do Centro Cirurgico,87764.46403927119,complete,,,do Centro Cirurgico,87764.46403927119,,
Patient_272,CTI (CC),87764.46403927119,start,ctiBeds,0.0,,,,
Patient_272,CTI (CC),89926.83941172382,complete,ctiBeds,0.0,,,,
Patient_272,CTI prepara Encaminhamento,89926.83941172382,start,,0.0,,,,
Patient_272,CTI prepara Encaminhamento,89967.45267810542,complete,,0.0,,,,
Patient_272,Encaminha_para a Clinica Cirurgica,89967.45267810542,complete,,,para a Clinica Cirurgica,89967.45267810542,,
Patient_272,Discharge,89967.45267810542,complete,,,,,,2202.9886388342275
Patient_273,Arrival,87889.42878401479,complete,,0.0,,,,
Patient_273,Origem_do Pronto Socorro,87889.42878401479,complete,,,do Pronto Socorro,87889.42878401479,,
Patient_273,CTI (PS),87889.42878401479,start,ctiBeds,0.0,,,,
Patient_273,CTI (PS),110275.56573075187,complete,ctiBeds,0.0,,,,
Patient_273,CTI prepara Encaminhamento,110275.56573075187,start,,0.0,,,,
Patient_273,CTI prepara Encaminhamento,110314.06069018974,complete,,0.0,,,,
Patient_273,Encaminha_para a Clinica Medica,110314.06069018974,complete,,,para a Clinica Medica,110314.06069018974,,
Patient_273,Discharge,110314.06069018974,complete,,,,,,22424.631906174953
Patient_274,Arrival,88061.56305797298,complete,,0.0,,,,
Patient_274,Origem_da Clinica Medica,88061.56305797298,complete,,,da Clinica Medica,88061.56305797298,,
Patient_274,CTI (CLIM),88061.56305797298,start,ctiBeds,0.0,,,,
Patient_274,CTI (CLIM),98612.86646194325,complete,ctiBeds,0.0,,,,
Patient_274,CTI prepara Encaminhamento,98612.86646194325,start,,0.0,,,,
Patient_274,CTI prepara Encaminhamento,98663.05957569751,complete,,0.0,,,,
Patient_274,Encaminha_para a Clinica Cirurgica,98663.05957569751,complete,,,para a Clinica Cirurgica,98663.05957569751,,
Patient_274,Discharge,98663.05957569751,complete,,,,,,10601.496517724532
Patient_275,Arrival,88346.36993862187,complete,,0.0,,,,
Patient_275,Origem_do Centro Cirurgico,88346.36993862187,complete,,,do Centro Cirurgico,88346.36993862187,,
Patient_275,CTI (CC),88346.36993862187,start,ctiBeds,0.0,,,,
Patient_275,CTI (CC),145397.3898791425,complete,ctiBeds,0.0,,,,
Patient_275,CTI prepara Encaminhamento,145397.3898791425,start,,0.0,,,,
Patient_275,CTI prepara Encaminhamento,145438.41339494893,complete,,0.0,,,,
Patient_275,Encaminha_Obito,145438.41339494893,complete,,,Obito,145438.41339494893,,
Patient_275,Discharge,145438.41339494893,complete,,,,,,57092.04345632707
Patient_276,Arrival,88378.68466379872,complete,,0.0,,,,
Patient_276,Origem_do Centro Cirurgico,88378.68466379872,complete,,,do Centro Cirurgico,88378.68466379872,,
Patient_276,CTI (CC),88378.68466379872,start,ctiBeds,0.0,,,,
Patient_276,CTI (CC),94625.91576005651,complete,ctiBeds,0.0,,,,
Patient_276,CTI prepara Encaminhamento,94625.91576005651,start,,0.0,,,,
Patient_276,CTI prepara Encaminhamento,94665.40207270012,complete,,0.0,,,,
Patient_276,Encaminha_para a Clinica Cirurgica,94665.40207270012,complete,,,para a Clinica Cirurgica,94665.40207270012,,
Patient_276,Discharge,94665.40207270012,complete,,,,,,6286.717408901401
Patient_277,Arrival,89020.9359148847,complete,,0.0,,,,
Patient_277,Origem_do Centro Cirurgico,89020.9359148847,complete,,,do Centro Cirurgico,89020.9359148847,,
Patient_277,CTI (CC),89020.9359148847,start,ctiBeds,0.0,,,,
Patient_277,CTI (CC),89936.40112484712,complete,ctiBeds,0.0,,,,
Patient_277,CTI prepara Encaminhamento,89936.40112484712,start,,0.0,,,,
Patient_277,CTI prepara Encaminhamento,89995.75288541216,complete,,0.0,,,,
Patient_277,Encaminha_para a Clinica Cirurgica,89995.75288541216,complete,,,para a Clinica Cirurgica,89995.75288541216,,
Patient_277,Discharge,89995.75288541216,complete,,,,,,974.8169705274631
Patient_278,Arrival,89759.94750644748,complete,,0.0,,,,
Patient_278,Origem_do Pronto Socorro,89759.94750644748,complete,,,do Pronto Socorro,89759.94750644748,,
Patient_278,CTI (PS),89759.94750644748,start,ctiBeds,0.0,,,,
Patient_278,CTI (PS),95524.53679128105,complete,ctiBeds,0.0,,,,
Patient_278,CTI prepara Encaminhamento,95524.53679128105,start,,0.0,,,,
Patient_278,CTI prepara Encaminhamento,95577.77555001216,complete,,0.0,,,,
Patient_278,Encaminha_para a Clinica Cirurgica,95577.77555001216,complete,,,para a Clinica Cirurgica,95577.77555001216,,
Patient_278,Discharge,95577.77555001216,complete,,,,,,5817.828043564674
Patient_279,Arrival,89875.95733291116,complete,,0.0,,,,
Patient_279,Origem_do Pronto Socorro,89875.95733291116,complete,,,do Pronto Socorro,89875.95733291116,,
Patient_279,CTI (PS),89875.95733291116,start,ctiBeds,0.0,,,,
Patient_279,CTI (PS),92732.15229761745,complete,ctiBeds,0.0,,,,
Patient_279,CTI prepara Encaminhamento,92732.15229761745,start,,0.0,,,,
Patient_279,CTI prepara Encaminhamento,92768.80322219814,complete,,0.0,,,,
Patient_279,Encaminha_para a Clinica Medica,92768.80322219814,complete,,,para a Clinica Medica,92768.80322219814,,
Patient_279,Discharge,92768.80322219814,complete,,,,,,2892.845889286982
Patient_28,Arrival,7818.004008230038,complete,,0.0,,,,
Patient_28,Origem_do Pronto Socorro,7818.004008230038,complete,,,do Pronto Socorro,7818.004008230038,,
Patient_28,CTI (PS),7818.004008230038,start,ctiBeds,0.0,,,,
Patient_28,CTI (PS),9069.170481595887,complete,ctiBeds,0.0,,,,
Patient_28,CTI prepara Encaminhamento,9069.170481595887,start,,0.0,,,,
Patient_28,CTI prepara Encaminhamento,9111.961842371727,complete,,0.0,,,,
Patient_28,Encaminha_para a Clinica Medica,9111.961842371727,complete,,,para a Clinica Medica,9111.961842371727,,
Patient_28,Discharge,9111.961842371727,complete,,,,,,1293.957834141689
Patient_280,Arrival,90246.56793860266,complete,,0.0,,,,
Patient_280,Origem_do Centro Cirurgico,90246.56793860266,complete,,,do Centro Cirurgico,90246.56793860266,,
Patient_280,CTI (CC),90246.56793860266,start,ctiBeds,0.0,,,,
Patient_280,CTI (CC),98192.56841790715,complete,ctiBeds,0.0,,,,
Patient_280,CTI prepara Encaminhamento,98192.56841790715,start,,0.0,,,,
Patient_280,CTI prepara Encaminhamento,98226.62205002451,complete,,0.0,,,,
Patient_280,Encaminha_para a Clinica Cirurgica,98226.62205002451,complete,,,para a Clinica Cirurgica,98226.62205002451,,
Patient_280,Discharge,98226.62205002451,complete,,,,,,7980.05411142185
Patient_281,Arrival,90371.8913374223,complete,,0.0,,,,
Patient_281,Origem_do Pronto Socorro,90371.8913374223,complete,,,do Pronto Socorro,90371.8913374223,,
Patient_281,CTI (PS),90371.8913374223,start,ctiBeds,0.0,,,,
Patient_281,CTI (PS),101002.46893779635,complete,ctiBeds,0.0,,,,
Patient_281,CTI prepara Encaminhamento,101002.46893779635,start,,0.0,,,,
Patient_281,CTI prepara Encaminhamento,101050.91304686831,complete,,0.0,,,,
Patient_281,Encaminha_para a Clinica Cirurgica,101050.91304686831,complete,,,para a Clinica Cirurgica,101050.91304686831,,
Patient_281,Discharge,101050.91304686831,complete,,,,,,10679.02170944601
Patient_282,Arrival,90441.51859076669,complete,,0.0,,,,
Patient_282,Origem_do Centro Cirurgico,90441.51859076669,complete,,,do Centro Cirurgico,90441.51859076669,,
Patient_282,CTI (CC),90441.51859076669,start,ctiBeds,0.0,,,,
Patient_282,CTI (CC),92698.39989996895,complete,ctiBeds,0.0,,,,
Patient_282,CTI prepara Encaminhamento,92698.39989996895,start,,0.0,,,,
Patient_282,CTI prepara Encaminhamento,92756.04560668307,complete,,0.0,,,,
Patient_282,Encaminha_para a Clinica Medica,92756.04560668307,complete,,,para a Clinica Medica,92756.04560668307,,
Patient_282,Discharge,92756.04560668307,complete,,,,,,2314.5270159163774
Patient_283,Arrival,92373.85998073433,complete,,0.0,,,,
Patient_283,Origem_do Pronto Socorro,92373.85998073433,complete,,,do Pronto Socorro,92373.85998073433,,
Patient_283,CTI (PS),92373.85998073433,start,ctiBeds,0.0,,,,
Patient_283,CTI (PS),127378.189008337,complete,ctiBeds,0.0,,,,
Patient_283,CTI prepara Encaminhamento,127378.189008337,start,,0.0,,,,
Patient_283,CTI prepara Encaminhamento,127434.33559516563,complete,,0.0,,,,
Patient_283,Encaminha_para a Clinica Cirurgica,127434.33559516563,complete,,,para a Clinica Cirurgica,127434.33559516563,,
Patient_283,Discharge,127434.33559516563,complete,,,,,,35060.4756144313
Patient_284,Arrival,93360.73476733218,complete,,0.0,,,,
Patient_284,Origem_do Pronto Socorro,93360.73476733218,complete,,,do Pronto Socorro,93360.73476733218,,
Patient_284,CTI (PS),93360.73476733218,start,ctiBeds,0.0,,,,
Patient_284,CTI (PS),98488.695901854,complete,ctiBeds,0.0,,,,
Patient_284,CTI prepara Encaminhamento,98488.695901854,start,,0.0,,,,
Patient_284,CTI prepara Encaminhamento,98537.14319634704,complete,,0.0,,,,
Patient_284,Encaminha_para a Clinica Cirurgica,98537.14319634704,complete,,,para a Clinica Cirurgica,98537.14319634704,,
Patient_284,Discharge,98537.14319634704,complete,,,,,,5176.40842901486
Patient_285,Arrival,93759.06355874267,complete,,0.0,,,,
Patient_285,Origem_do Pronto Socorro,93759.06355874267,complete,,,do Pronto Socorro,93759.06355874267,,
Patient_285,CTI (PS),93759.06355874267,start,ctiBeds,0.0,,,,
Patient_285,CTI (PS),94154.14214237375,complete,ctiBeds,0.0,,,,
Patient_285,CTI prepara Encaminhamento,94154.14214237375,start,,0.0,,,,
Patient_285,CTI prepara Encaminhamento,94210.77678381997,complete,,0.0,,,,
Patient_285,Encaminha_para a Clinica Medica,94210.77678381997,complete,,,para a Clinica Medica,94210.77678381997,,
Patient_285,Discharge,94210.77678381997,complete,,,,,,451.7132250772993
Patient_286,Arrival,94722.66082895004,complete,,0.0,,,,
Patient_286,Origem_do Centro Cirurgico,94722.66082895004,complete,,,do Centro Cirurgico,94722.66082895004,,
Patient_286,CTI (CC),94722.66082895004,start,ctiBeds,0.0,,,,
Patient_286,CTI (CC),114338.92450961795,complete,ctiBeds,0.0,,,,
Patient_286,CTI prepara Encaminhamento,114338.92450961795,start,,0.0,,,,
Patient_286,CTI prepara Encaminhamento,114372.94151567998,complete,,0.0,,,,
Patient_286,Encaminha_para a Clinica Cirurgica,114372.94151567998,complete,,,para a Clinica Cirurgica,114372.94151567998,,
Patient_286,Discharge,114372.94151567998,complete,,,,,,19650.280686729937
Patient_287,Arrival,94729.70063301588,complete,,0.0,,,,
Patient_287,Origem_da Clinica Medica,94729.70063301588,complete,,,da Clinica Medica,94729.70063301588,,
Patient_287,CTI (CLIM),94729.70063301588,start,ctiBeds,0.0,,,,
Patient_287,CTI (CLIM),100976.99152352427,complete,ctiBeds,0.0,,,,
Patient_287,CTI prepara Encaminhamento,100976.99152352427,start,,0.0,,,,
Patient_287,CTI prepara Encaminhamento,101013.03185920397,complete,,0.0,,,,
Patient_287,Encaminha_para a Clinica Cirurgica,101013.03185920397,complete,,,para a Clinica Cirurgica,101013.03185920397,,
Patient_287,Discharge,101013.03185920397,complete,,,,,,6283.331226188093
Patient_288,Arrival,94845.37635762732,complete,,0.0,,,,
Patient_288,Origem_do Pronto Socorro,94845.37635762732,complete,,,do Pronto Socorro,94845.37635762732,,
Patient_288,CTI (PS),94845.37635762732,start,ctiBeds,0.0,,,,
Patient_288,CTI (PS),101595.88750313685,complete,ctiBeds,0.0,,,,
Patient_288,CTI prepara Encaminhamento,101595.88750313685,start,,0.0,,,,
Patient_288,CTI prepara Encaminhamento,101626.6587305778,complete,,0.0,,,,
Patient_288,Encaminha_para a Clinica Cirurgica,101626.6587305778,complete,,,para a Clinica Cirurgica,101626.6587305778,,
Patient_288,Discharge,101626.6587305778,complete,,,,,,6781.282372950474
Patient_289,Arrival,95230.07669905183,complete,,0.0,,,,
Patient_289,Origem_do Centro Cirurgico,95230.07669905183,complete,,,do Centro Cirurgico,95230.07669905183,,
Patient_289,CTI (CC),95230.07669905183,start,ctiBeds,0.0,,,,
Patient_289,CTI (CC),103750.72174300862,complete,ctiBeds,0.0,,,,
Patient_289,CTI prepara Encaminhamento,103750.72174300862,start,,0.0,,,,
Patient_289,CTI prepara Encaminhamento,103789.3895221397,complete,,0.0,,,,
Patient_289,Encaminha_para a Clinica Medica,103789.3895221397,complete,,,para a Clinica Medica,103789.3895221397,,
Patient_289,Discharge,103789.3895221397,complete,,,,,,8559.312823087865
Patient_29,Arrival,8084.997470469187,complete,,0.0,,,,
Patient_29,Origem_do Centro Cirurgico,8084.997470469187,complete,,,do Centro Cirurgico,8084.997470469187,,
Patient_29,CTI (CC),8084.997470469187,start,ctiBeds,0.0,,,,
Patient_29,CTI (CC),16512.16450783311,complete,ctiBeds,0.0,,,,
Patient_29,CTI prepara Encaminhamento,16512.16450783311,start,,0.0,,,,
Patient_29,CTI prepara Encaminhamento,16550.763517793876,complete,,0.0,,,,
Patient_29,Encaminha_para a Clinica Medica,16550.763517793876,complete,,,para a Clinica Medica,16550.763517793876,,
Patient_29,Discharge,16550.763517793876,complete,,,,,,8465.766047324689
Patient_290,Arrival,95271.94445556997,complete,,0.0,,,,
Patient_290,Origem_do Pronto Socorro,95271.94445556997,complete,,,do Pronto Socorro,95271.94445556997,,
Patient_290,CTI (PS),95271.94445556997,start,ctiBeds,0.0,,,,
Patient_290,CTI (PS),107262.4938169365,complete,ctiBeds,0.0,,,,
Patient_290,CTI prepara Encaminhamento,107262.4938169365,start,,0.0,,,,
Patient_290,CTI prepara Encaminhamento,107293.97826282018,complete,,0.0,,,,
Patient_290,Encaminha_para a Clinica Cirurgica,107293.97826282018,complete,,,para a Clinica Cirurgica,107293.97826282018,,
Patient_290,Discharge,107293.97826282018,complete,,,,,,12022.033807250205
Patient_291,Arrival,95397.64268571805,complete,,0.0,,,,
Patient_291,Origem_do Centro Cirurgico,95397.64268571805,complete,,,do Centro Cirurgico,95397.64268571805,,
Patient_291,CTI (CC),95397.64268571805,start,ctiBeds,0.0,,,,
Patient_291,CTI (CC),105417.67948417348,complete,ctiBeds,0.0,,,,
Patient_291,CTI prepara Encaminhamento,105417.67948417348,start,,0.0,,,,
Patient_291,CTI prepara Encaminhamento,105468.00134493857,complete,,0.0,,,,
Patient_291,Encaminha_Obito,105468.00134493857,complete,,,Obito,105468.00134493857,,
Patient_291,Discharge,105468.00134493857,complete,,,,,,10070.358659220525
Patient_292,Arrival,96174.34467487947,complete,,0.0,,,,
Patient_292,Origem_do Centro Cirurgico,96174.34467487947,complete,,,do Centro Cirurgico,96174.34467487947,,
Patient_292,CTI (CC),96174.34467487947,start,ctiBeds,0.0,,,,
Patient_292,CTI (CC),114393.9913230589,complete,ctiBeds,0.0,,,,
Patient_292,CTI prepara Encaminhamento,114393.9913230589,start,,0.0,,,,
Patient_292,CTI prepara Encaminhamento,114445.70986509528,complete,,0.0,,,,
Patient_292,Encaminha_para a Clinica Cirurgica,114445.70986509528,complete,,,para a Clinica Cirurgica,114445.70986509528,,
Patient_292,Discharge,114445.70986509528,complete,,,,,,18271.365190215816
Patient_293,Arrival,96314.85765788646,complete,,0.0,,,,
Patient_293,Origem_da Clinica Cirurgica,96314.85765788646,complete,,,da Clinica Cirurgica,96314.85765788646,,
Patient_293,CTI (CLIC),96314.85765788646,start,ctiBeds,0.0,,,,
Patient_293,CTI (CLIC),101921.34976852083,complete,ctiBeds,0.0,,,,
Patient_293,CTI prepara Encaminhamento,101921.34976852083,start,,0.0,,,,
Patient_293,CTI prepara Encaminhamento,101977.61299893203,complete,,0.0,,,,
Patient_293,Encaminha_para a Clinica Cirurgica,101977.61299893203,complete,,,para a Clinica Cirurgica,101977.61299893203,,
Patient_293,Discharge,101977.61299893203,complete,,,,,,5662.755341045573
Patient_294,Arrival,96509.81240161163,complete,,0.0,,,,
Patient_294,Origem_do Centro Cirurgico,96509.81240161163,complete,,,do Centro Cirurgico,96509.81240161163,,
Patient_294,CTI (CC),96509.81240161163,start,ctiBeds,0.0,,,,
Patient_294,CTI (CC),100390.53472973187,complete,ctiBeds,0.0,,,,
Patient_294,CTI prepara Encaminhamento,100390.53472973187,start,,0.0,,,,
Patient_294,CTI prepara Encaminhamento,100425.14902955343,complete,,0.0,,,,
Patient_294,Encaminha_para a Clinica Medica,100425.14902955343,complete,,,para a Clinica Medica,100425.14902955343,,
Patient_294,Discharge,100425.14902955343,complete,,,,,,3915.336627941797
Patient_295,Arrival,96797.72438672707,complete,,0.0,,,,
Patient_295,Origem_do Pronto Socorro,96797.72438672707,complete,,,do Pronto Socorro,96797.72438672707,,
Patient_295,CTI (PS),96797.72438672707,start,ctiBeds,0.0,,,,
Patient_295,CTI (PS),102523.59545426864,complete,ctiBeds,0.0,,,,
Patient_295,CTI prepara Encaminhamento,102523.59545426864,start,,0.0,,,,
Patient_295,CTI prepara Encaminhamento,102581.08170057388,complete,,0.0,,,,
Patient_295,Encaminha_para a Clinica Medica,102581.08170057388,complete,,,para a Clinica Medica,102581.08170057388,,
Patient_295,Discharge,102581.08170057388,complete,,,,,,5783.3573138468055
Patient_296,Arrival,97734.6669999687,complete,,0.0,,,,
Patient_296,Origem_do Pronto Socorro,97734.6669999687,complete,,,do Pronto Socorro,97734.6669999687,,
Patient_296,CTI (PS),97734.6669999687,start,ctiBeds,0.0,,,,
Patient_296,CTI (PS),100921.05242574615,complete,ctiBeds,0.0,,,,
Patient_296,CTI prepara Encaminhamento,100921.05242574615,start,,0.0,,,,
Patient_296,CTI prepara Encaminhamento,100974.59883283841,complete,,0.0,,,,
Patient_296,Encaminha_para a Clinica Medica,100974.59883283841,complete,,,para a Clinica Medica,100974.59883283841,,
Patient_296,Discharge,100974.59883283841,complete,,,,,,3239.931832869712
Patient_297,Arrival,98043.33816793334,complete,,0.0,,,,
Patient_297,Origem_do Pronto Socorro,98043.33816793334,complete,,,do Pronto Socorro,98043.33816793334,,
Patient_297,CTI (PS),98043.33816793334,start,ctiBeds,0.0,,,,
Patient_297,CTI (PS),99940.92656972565,complete,ctiBeds,0.0,,,,
Patient_297,CTI prepara Encaminhamento,99940.92656972565,start,,0.0,,,,
Patient_297,CTI prepara Encaminhamento,99989.52636646772,complete,,0.0,,,,
Patient_297,Encaminha_Obito,99989.52636646772,complete,,,Obito,99989.52636646772,,
Patient_297,Discharge,99989.52636646772,complete,,,,,,1946.188198534379
Patient_298,Arrival,98330.31781052008,complete,,0.0,,,,
Patient_298,Origem_da Clinica Cirurgica,98330.31781052008,complete,,,da Clinica Cirurgica,98330.31781052008,,
Patient_298,CTI (CLIC),98330.31781052008,start,ctiBeds,0.0,,,,
Patient_298,CTI (CLIC),110639.52836268392,complete,ctiBeds,0.0,,,,
Patient_298,CTI prepara Encaminhamento,110639.52836268392,start,,0.0,,,,
Patient_298,CTI prepara Encaminhamento,110674.57922316338,complete,,0.0,,,,
Patient_298,Encaminha_para a Clinica Cirurgica,110674.57922316338,complete,,,para a Clinica Cirurgica,110674.57922316338,,
Patient_298,Discharge,110674.57922316338,complete,,,,,,12344.261412643304
Patient_299,Arrival,98496.96035999822,complete,,0.0,,,,
Patient_299,Origem_da Clinica Cirurgica,98496.96035999822,complete,,,da Clinica Cirurgica,98496.96035999822,,
Patient_299,CTI (CLIC),98496.96035999822,start,ctiBeds,0.0,,,,
Patient_299,CTI (CLIC),113999.6525486751,complete,ctiBeds,0.0,,,,
Patient_299,CTI prepara Encaminhamento,113999.6525486751,start,,0.0,,,,
Patient_299,CTI prepara Encaminhamento,114033.87479566493,complete,,0.0,,,,
Patient_299,Encaminha_para a Clinica Medica,114033.87479566493,complete,,,para a Clinica Medica,114033.87479566493,,
Patient_299,Discharge,114033.87479566493,complete,,,,,,15536.91443566671
Patient_3,Arrival,170.66249734041133,complete,,0.0,,,,
Patient_3,Origem_do Pronto Socorro,170.66249734041133,complete,,,do Pronto Socorro,170.66249734041133,,
Patient_3,CTI (PS),170.66249734041133,start,ctiBeds,0.0,,,,
Patient_3,CTI (PS),7092.050160745545,complete,ctiBeds,0.0,,,,
Patient_3,CTI prepara Encaminhamento,7092.050160745545,start,,0.0,,,,
Patient_3,CTI prepara Encaminhamento,7130.052597293885,complete,,0.0,,,,
Patient_3,Encaminha_para a Clinica Medica,7130.052597293885,complete,,,para a Clinica Medica,7130.052597293885,,
Patient_3,Discharge,7130.052597293885,complete,,,,,,6959.3900999534735
Patient_30,Arrival,8122.073242375033,complete,,0.0,,,,
Patient_30,Origem_do Pronto Socorro,8122.073242375033,complete,,,do Pronto Socorro,8122.073242375033,,
Patient_30,CTI (PS),8122.073242375033,start,ctiBeds,0.0,,,,
Patient_30,CTI (PS),42369.280899155325,complete,ctiBeds,0.0,,,,
Patient_30,CTI prepara Encaminhamento,42369.280899155325,start,,0.0,,,,
Patient_30,CTI prepara Encaminhamento,42412.47553294145,complete,,0.0,,,,
Patient_30,Encaminha_para a Clinica Medica,42412.47553294145,complete,,,para a Clinica Medica,42412.47553294145,,
Patient_30,Discharge,42412.47553294145,complete,,,,,,34290.40229056642
Patient_300,Arrival,98562.2352879574,complete,,0.0,,,,
Patient_300,Origem_do Pronto Socorro,98562.2352879574,complete,,,do Pronto Socorro,98562.2352879574,,
Patient_300,CTI (PS),98562.2352879574,start,ctiBeds,0.0,,,,
Patient_300,CTI (PS),117752.19099664994,complete,ctiBeds,0.0,,,,
Patient_300,CTI prepara Encaminhamento,117752.19099664994,start,,0.0,,,,
Patient_300,CTI prepara Encaminhamento,117795.21149679234,complete,,0.0,,,,
Patient_300,Encaminha_para a Clinica Cirurgica,117795.21149679234,complete,,,para a Clinica Cirurgica,117795.21149679234,,
Patient_300,Discharge,117795.21149679234,complete,,,,,,19232.976208834938
Patient_301,Arrival,99172.373569123,complete,,0.0,,,,
Patient_301,Origem_da Clinica Cirurgica,99172.373569123,complete,,,da Clinica Cirurgica,99172.373569123,,
Patient_301,CTI (CLIC),99172.373569123,start,ctiBeds,0.0,,,,
Patient_301,CTI (CLIC),103436.5055860647,complete,ctiBeds,0.0,,,,
Patient_301,CTI prepara Encaminhamento,103436.5055860647,start,,0.0,,,,
Patient_301,CTI prepara Encaminhamento,103477.94447717835,complete,,0.0,,,,
Patient_301,Encaminha_para a Clinica Cirurgica,103477.94447717835,complete,,,para a Clinica Cirurgica,103477.94447717835,,
Patient_301,Discharge,103477.94447717835,complete,,,,,,4305.57090805535
Patient_302,Arrival,99515.5599681651,complete,,0.0,,,,
Patient_302,Origem_do Centro Cirurgico,99515.5599681651,complete,,,do Centro Cirurgico,99515.5599681651,,
Patient_302,CTI (CC),99515.5599681651,start,ctiBeds,0.0,,,,
Patient_302,CTI (CC),106869.04505345724,complete,ctiBeds,0.0,,,,
Patient_302,CTI prepara Encaminhamento,106869.04505345724,start,,0.0,,,,
Patient_302,CTI prepara Encaminhamento,106921.79030119242,complete,,0.0,,,,
Patient_302,Encaminha_Obito,106921.79030119242,complete,,,Obito,106921.79030119242,,
Patient_302,Discharge,106921.79030119242,complete,,,,,,7406.230333027328
Patient_303,Arrival,99615.58848213559,complete,,0.0,,,,
Patient_303,Origem_do Pronto Socorro,99615.58848213559,complete,,,do Pronto Socorro,99615.58848213559,,
Patient_303,CTI (PS),99615.58848213559,start,ctiBeds,0.0,,,,
Patient_303,CTI (PS),107649.35665987051,complete,ctiBeds,0.0,,,,
Patient_303,CTI prepara Encaminhamento,107649.35665987051,start,,0.0,,,,
Patient_303,CTI prepara Encaminhamento,107701.05721796631,complete,,0.0,,,,
Patient_303,Encaminha_para a Clinica Cirurgica,107701.05721796631,complete,,,para a Clinica Cirurgica,107701.05721796631,,
Patient_303,Discharge,107701.05721796631,complete,,,,,,8085.468735830727
Patient_304,Arrival,100663.85619613298,complete,,0.0,,,,
Patient_304,Origem_do Pronto Socorro,100663.85619613298,complete,,,do Pronto Socorro,100663.85619613298,,
Patient_304,CTI (PS),100663.85619613298,start,ctiBeds,0.0,,,,
Patient_304,CTI (PS),102563.65192850585,complete,ctiBeds,0.0,,,,
Patient_304,CTI prepara Encaminhamento,102563.65192850585,start,,0.0,,,,
Patient_304,CTI prepara Encaminhamento,102614.83562811153,complete,,0.0,,,,
Patient_304,Encaminha_para a Clinica Cirurgica,102614.83562811153,complete,,,para a Clinica Cirurgica,102614.83562811153,,
Patient_304,Discharge,102614.83562811153,complete,,,,,,1950.9794319785433
Patient_305,Arrival,100739.10798314573,complete,,0.0,,,,
Patient_305,Origem_do Centro Cirurgico,100739.10798314573,complete,,,do Centro Cirurgico,100739.10798314573,,
Patient_305,CTI (CC),100739.10798314573,start,ctiBeds,0.0,,,,
Patient_305,CTI (CC),105348.71365919344,complete,ctiBeds,0.0,,,,
Patient_305,CTI prepara Encaminhamento,105348.71365919344,start,,0.0,,,,
Patient_305,CTI prepara Encaminhamento,105397.02386226556,complete,,0.0,,,,
Patient_305,Encaminha_para a Clinica Cirurgica,105397.02386226556,complete,,,para a Clinica Cirurgica,105397.02386226556,,
Patient_305,Discharge,105397.02386226556,complete,,,,,,4657.915879119828
Patient_306,Arrival,100968.07326970388,complete,,0.0,,,,
Patient_306,Origem_do Centro Cirurgico,100968.07326970388,complete,,,do Centro Cirurgico,100968.07326970388,,
Patient_306,CTI (CC),100968.07326970388,start,ctiBeds,0.0,,,,
Patient_306,CTI (CC),126964.59373597441,complete,ctiBeds,0.0,,,,
Patient_306,CTI prepara Encaminhamento,126964.59373597441,start,,0.0,,,,
Patient_306,CTI prepara Encaminhamento,127009.86481304417,complete,,0.0,,,,
Patient_306,Encaminha_para a Clinica Cirurgica,127009.86481304417,complete,,,para a Clinica Cirurgica,127009.86481304417,,
Patient_306,Discharge,127009.86481304417,complete,,,,,,26041.791543340296
Patient_307,Arrival,101093.21453097038,complete,,0.0,,,,
Patient_307,Origem_da Clinica Medica,101093.21453097038,complete,,,da Clinica Medica,101093.21453097038,,
Patient_307,CTI (CLIM),101093.21453097038,start,ctiBeds,0.0,,,,
Patient_307,CTI (CLIM),106536.97296268353,complete,ctiBeds,0.0,,,,
Patient_307,CTI prepara Encaminhamento,106536.97296268353,start,,0.0,,,,
Patient_307,CTI prepara Encaminhamento,106584.89456175071,complete,,0.0,,,,
Patient_307,Encaminha_para a Clinica Cirurgica,106584.89456175071,complete,,,para a Clinica Cirurgica,106584.89456175071,,
Patient_307,Discharge,106584.89456175071,complete,,,,,,5491.680030780335
Patient_308,Arrival,101545.5278714601,complete,,0.0,,,,
Patient_308,Origem_do Pronto Socorro,101545.5278714601,complete,,,do Pronto Socorro,101545.5278714601,,
Patient_308,CTI (PS),101545.5278714601,start,ctiBeds,0.0,,,,
Patient_308,CTI (PS),152393.96019644052,complete,ctiBeds,0.0,,,,
Patient_308,CTI prepara Encaminhamento,152393.96019644052,start,,0.0,,,,
Patient_308,CTI prepara Encaminhamento,152442.9073919045,complete,,0.0,,,,
Patient_308,Encaminha_Obito,152442.9073919045,complete,,,Obito,152442.9073919045,,
Patient_308,Discharge,152442.9073919045,complete,,,,,,50897.3795204444
Patient_309,Arrival,101577.20373512967,complete,,0.0,,,,
Patient_309,Origem_do Pronto Socorro,101577.20373512967,complete,,,do Pronto Socorro,101577.20373512967,,
Patient_309,CTI (PS),101577.20373512967,start,ctiBeds,0.0,,,,
Patient_309,CTI (PS),123019.03162320975,complete,ctiBeds,0.0,,,,
Patient_309,CTI prepara Encaminhamento,123019.03162320975,start,,0.0,,,,
Patient_309,CTI prepara Encaminhamento,123058.65659276923,complete,,0.0,,,,
Patient_309,Encaminha_para a Clinica Cirurgica,123058.65659276923,complete,,,para a Clinica Cirurgica,123058.65659276923,,
Patient_309,Discharge,123058.65659276923,complete,,,,,,21481.452857639553
Patient_31,Arrival,8318.640733535723,complete,,0.0,,,,
Patient_31,Origem_do Pronto Socorro,8318.640733535723,complete,,,do Pronto Socorro,8318.640733535723,,
Patient_31,CTI (PS),8318.640733535723,start,ctiBeds,0.0,,,,
Patient_31,CTI (PS),32339.800603372285,complete,ctiBeds,0.0,,,,
Patient_31,CTI prepara Encaminhamento,32339.800603372285,start,,0.0,,,,
Patient_31,CTI prepara Encaminhamento,32375.983859655887,complete,,0.0,,,,
Patient_31,Encaminha_para a Clinica Medica,32375.983859655887,complete,,,para a Clinica Medica,32375.983859655887,,
Patient_31,Discharge,32375.983859655887,complete,,,,,,24057.343126120162
Patient_310,Arrival,101843.40529013085,complete,,0.0,,,,
Patient_310,Origem_da Clinica Medica,101843.40529013085,complete,,,da Clinica Medica,101843.40529013085,,
Patient_310,CTI (CLIM),101843.40529013085,start,ctiBeds,0.0,,,,
Patient_310,CTI (CLIM),120063.19384678366,complete,ctiBeds,0.0,,,,
Patient_310,CTI prepara Encaminhamento,120063.19384678366,start,,0.0,,,,
Patient_310,CTI prepara Encaminhamento,120114.11054238745,complete,,0.0,,,,
Patient_310,Encaminha_Obito,120114.11054238745,complete,,,Obito,120114.11054238745,,
Patient_310,Discharge,120114.11054238745,complete,,,,,,18270.70525225661
Patient_311,Arrival,101866.21389086287,complete,,0.0,,,,
Patient_311,Origem_do Centro Cirurgico,101866.21389086287,complete,,,do Centro Cirurgico,101866.21389086287,,
Patient_311,CTI (CC),101866.21389086287,start,ctiBeds,0.0,,,,
Patient_311,CTI (CC),104535.76048226583,complete,ctiBeds,0.0,,,,
Patient_311,CTI prepara Encaminhamento,104535.76048226583,start,,0.0,,,,
Patient_311,CTI prepara Encaminhamento,104592.79368157407,complete,,0.0,,,,
Patient_311,Encaminha_Obito,104592.79368157407,complete,,,Obito,104592.79368157407,,
Patient_311,Discharge,104592.79368157407,complete,,,,,,2726.579790711199
Patient_312,Arrival,102100.21941745604,complete,,0.0,,,,
Patient_312,Origem_do Centro Cirurgico,102100.21941745604,complete,,,do Centro Cirurgico,102100.21941745604,,
Patient_312,CTI (CC),102100.21941745604,start,ctiBeds,0.0,,,,
Patient_312,CTI (CC),102962.06011515086,complete,ctiBeds,0.0,,,,
Patient_312,CTI prepara Encaminhamento,102962.06011515086,start,,0.0,,,,
Patient_312,CTI prepara Encaminhamento,103017.10977128881,complete,,0.0,,,,
Patient_312,Encaminha_Obito,103017.10977128881,complete,,,Obito,103017.10977128881,,
Patient_312,Discharge,103017.10977128881,complete,,,,,,916.8903538327722
Patient_313,Arrival,103304.95568163882,complete,,0.0,,,,
Patient_313,Origem_do Pronto Socorro,103304.95568163882,complete,,,do Pronto Socorro,103304.95568163882,,
Patient_313,CTI (PS),103304.95568163882,start,ctiBeds,0.0,,,,
Patient_313,CTI (PS),118988.63281297636,complete,ctiBeds,0.0,,,,
Patient_313,CTI prepara Encaminhamento,118988.63281297636,start,,0.0,,,,
Patient_313,CTI prepara Encaminhamento,119030.21750208049,complete,,0.0,,,,
Patient_313,Encaminha_para a Clinica Cirurgica,119030.21750208049,complete,,,para a Clinica Cirurgica,119030.21750208049,,
Patient_313,Discharge,119030.21750208049,complete,,,,,,15725.261820441665
Patient_314,Arrival,103569.46820259052,complete,,0.0,,,,
Patient_314,Origem_do Pronto Socorro,103569.46820259052,complete,,,do Pronto Socorro,103569.46820259052,,
Patient_314,CTI (PS),103569.46820259052,start,ctiBeds,0.0,,,,
Patient_314,CTI (PS),119960.27474815688,complete,ctiBeds,0.0,,,,
Patient_314,CTI prepara Encaminhamento,119960.27474815688,start,,0.0,,,,
Patient_314,CTI prepara Encaminhamento,120000.75064942565,complete,,0.0,,,,
Patient_314,Encaminha_para a Clinica Medica,120000.75064942565,complete,,,para a Clinica Medica,120000.75064942565,,
Patient_314,Discharge,120000.75064942565,complete,,,,,,16431.282446835132
Patient_315,Arrival,103992.08172695915,complete,,0.0,,,,
Patient_315,Origem_do Centro Cirurgico,103992.08172695915,complete,,,do Centro Cirurgico,103992.08172695915,,
Patient_315,CTI (CC),103992.08172695915,start,ctiBeds,0.0,,,,
Patient_315,CTI (CC),110799.15336880926,complete,ctiBeds,0.0,,,,
Patient_315,CTI prepara Encaminhamento,110799.15336880926,start,,0.0,,,,
Patient_315,CTI prepara Encaminhamento,110858.6427591275,complete,,0.0,,,,
Patient_315,Encaminha_para a Clinica Medica,110858.6427591275,complete,,,para a Clinica Medica,110858.6427591275,,
Patient_315,Discharge,110858.6427591275,complete,,,,,,6866.561032168349
Patient_316,Arrival,104018.57793175882,complete,,0.0,,,,
Patient_316,Origem_do Centro Cirurgico,104018.57793175882,complete,,,do Centro Cirurgico,104018.57793175882,,
Patient_316,CTI (CC),104018.57793175882,start,ctiBeds,0.0,,,,
Patient_316,CTI (CC),110049.49950152675,complete,ctiBeds,0.0,,,,
Patient_316,CTI prepara Encaminhamento,110049.49950152675,start,,0.0,,,,
Patient_316,CTI prepara Encaminhamento,110108.96396775897,complete,,0.0,,,,
Patient_316,Encaminha_para a Clinica Medica,110108.96396775897,complete,,,para a Clinica Medica,110108.96396775897,,
Patient_316,Discharge,110108.96396775897,complete,,,,,,6090.386036000156
Patient_317,Arrival,104344.39073385851,complete,,0.0,,,,
Patient_317,Origem_do Pronto Socorro,104344.39073385851,complete,,,do Pronto Socorro,104344.39073385851,,
Patient_317,CTI (PS),104344.39073385851,start,ctiBeds,0.0,,,,
Patient_317,CTI (PS),112084.20115871466,complete,ctiBeds,0.0,,,,
Patient_317,CTI prepara Encaminhamento,112084.20115871466,start,,0.0,,,,
Patient_317,CTI prepara Encaminhamento,112121.92593204777,complete,,0.0,,,,
Patient_317,Encaminha_para a Clinica Medica,112121.92593204777,complete,,,para a Clinica Medica,112121.92593204777,,
Patient_317,Discharge,112121.92593204777,complete,,,,,,7777.53519818926
Patient_318,Arrival,104388.21345720535,complete,,0.0,,,,
Patient_318,Origem_do Pronto Socorro,104388.21345720535,complete,,,do Pronto Socorro,104388.21345720535,,
Patient_318,CTI (PS),104388.21345720535,start,ctiBeds,0.0,,,,
Patient_318,CTI (PS),107794.48784727181,complete,ctiBeds,0.0,,,,
Patient_318,CTI prepara Encaminhamento,107794.48784727181,start,,0.0,,,,
Patient_318,CTI prepara Encaminhamento,107853.47706461944,complete,,0.0,,,,
Patient_318,Encaminha_para a Clinica Medica,107853.47706461944,complete,,,para a Clinica Medica,107853.47706461944,,
Patient_318,Discharge,107853.47706461944,complete,,,,,,3465.26360741409
Patient_319,Arrival,105486.4197571805,complete,,0.0,,,,
Patient_319,Origem_do Centro Cirurgico,105486.4197571805,complete,,,do Centro Cirurgico,105486.4197571805,,
Patient_319,CTI (CC),105486.4197571805,start,ctiBeds,0.0,,,,
Patient_319,CTI (CC),108617.28486007225,complete,ctiBeds,0.0,,,,
Patient_319,CTI prepara Encaminhamento,108617.28486007225,start,,0.0,,,,
Patient_319,CTI prepara Encaminhamento,108661.94565724618,complete,,0.0,,,,
Patient_319,Encaminha_para a Clinica Cirurgica,108661.94565724618,complete,,,para a Clinica Cirurgica,108661.94565724618,,
Patient_319,Discharge,108661.94565724618,complete,,,,,,3175.5259000656806
Patient_32,Arrival,8457.897150366123,complete,,0.0,,,,
Patient_32,Origem_do Pronto Socorro,8457.897150366123,complete,,,do Pronto Socorro,8457.897150366123,,
Patient_32,CTI (PS),8457.897150366123,start,ctiBeds,0.0,,,,
Patient_32,CTI (PS),26531.87545756283,complete,ctiBeds,0.0,,,,
Patient_32,CTI prepara Encaminhamento,26531.87545756283,start,,0.0,,,,
Patient_32,CTI prepara Encaminhamento,26563.669294597985,complete,,0.0,,,,
Patient_32,Encaminha_para a Clinica Cirurgica,26563.669294597985,complete,,,para a Clinica Cirurgica,26563.669294597985,,
Patient_32,Discharge,26563.669294597985,complete,,,,,,18105.77214423186
Patient_320,Arrival,105713.21012446343,complete,,0.0,,,,
Patient_320,Origem_da Clinica Medica,105713.21012446343,complete,,,da Clinica Medica,105713.21012446343,,
Patient_320,CTI (CLIM),105713.21012446343,start,ctiBeds,0.0,,,,
Patient_320,CTI (CLIM),113324.77385301769,complete,ctiBeds,0.0,,,,
Patient_320,CTI prepara Encaminhamento,113324.77385301769,start,,0.0,,,,
Patient_320,CTI prepara Encaminhamento,113359.83492306844,complete,,0.0,,,,
Patient_320,Encaminha_para a Clinica Cirurgica,113359.83492306844,complete,,,para a Clinica Cirurgica,113359.83492306844,,
Patient_320,Discharge,113359.83492306844,complete,,,,,,7646.624798605015
Patient_321,Arrival,106058.28674955286,complete,,0.0,,,,
Patient_321,Origem_do Centro Cirurgico,106058.28674955286,complete,,,do Centro Cirurgico,106058.28674955286,,
Patient_321,CTI (CC),106058.28674955286,start,ctiBeds,0.0,,,,
Patient_321,CTI (CC),113248.37723364095,complete,ctiBeds,0.0,,,,
Patient_321,CTI prepara Encaminhamento,113248.37723364095,start,,0.0,,,,
Patient_321,CTI prepara Encaminhamento,113307.11638961041,complete,,0.0,,,,
Patient_321,Encaminha_para a Clinica Cirurgica,113307.11638961041,complete,,,para a Clinica Cirurgica,113307.11638961041,,
Patient_321,Discharge,113307.11638961041,complete,,,,,,7248.829640057549
Patient_322,Arrival,106670.74769130886,complete,,0.0,,,,
Patient_322,Origem_da Clinica Cirurgica,106670.74769130886,complete,,,da Clinica Cirurgica,106670.74769130886,,
Patient_322,CTI (CLIC),106670.74769130886,start,ctiBeds,0.0,,,,
Patient_322,CTI (CLIC),109852.93746524102,complete,ctiBeds,0.0,,,,
Patient_322,CTI prepara Encaminhamento,109852.93746524102,start,,0.0,,,,
Patient_322,CTI prepara Encaminhamento,109903.85023575676,complete,,0.0,,,,
Patient_322,Encaminha_para a Clinica Medica,109903.85023575676,complete,,,para a Clinica Medica,109903.85023575676,,
Patient_322,Discharge,109903.85023575676,complete,,,,,,3233.102544447902
Patient_323,Arrival,106741.57840117229,complete,,0.0,,,,
Patient_323,Origem_do Pronto Socorro,106741.57840117229,complete,,,do Pronto Socorro,106741.57840117229,,
Patient_323,CTI (PS),106741.57840117229,start,ctiBeds,0.0,,,,
Patient_323,CTI (PS),120544.5771449075,complete,ctiBeds,0.0,,,,
Patient_323,CTI prepara Encaminhamento,120544.5771449075,start,,0.0,,,,
Patient_323,CTI prepara Encaminhamento,120582.2565083719,complete,,0.0,,,,
Patient_323,Encaminha_Obito,120582.2565083719,complete,,,Obito,120582.2565083719,,
Patient_323,Discharge,120582.2565083719,complete,,,,,,13840.678107199608
Patient_324,Arrival,106923.22687295255,complete,,0.0,,,,
Patient_324,Origem_do Pronto Socorro,106923.22687295255,complete,,,do Pronto Socorro,106923.22687295255,,
Patient_324,CTI (PS),106923.22687295255,start,ctiBeds,0.0,,,,
Patient_324,CTI (PS),126730.8442473112,complete,ctiBeds,0.0,,,,
Patient_324,CTI prepara Encaminhamento,126730.8442473112,start,,0.0,,,,
Patient_324,CTI prepara Encaminhamento,126767.11097308162,complete,,0.0,,,,
Patient_324,Encaminha_para a Clinica Medica,126767.11097308162,complete,,,para a Clinica Medica,126767.11097308162,,
Patient_324,Discharge,126767.11097308162,complete,,,,,,19843.88410012907
Patient_325,Arrival,106977.5326502657,complete,,0.0,,,,
Patient_325,Origem_da Clinica Medica,106977.5326502657,complete,,,da Clinica Medica,106977.5326502657,,
Patient_325,CTI (CLIM),106977.5326502657,start,ctiBeds,0.0,,,,
Patient_325,CTI (CLIM),115406.22040370236,complete,ctiBeds,0.0,,,,
Patient_325,CTI prepara Encaminhamento,115406.22040370236,start,,0.0,,,,
Patient_325,CTI prepara Encaminhamento,115462.52292800398,complete,,0.0,,,,
Patient_325,Encaminha_para a Clinica Cirurgica,115462.52292800398,complete,,,para a Clinica Cirurgica,115462.52292800398,,
Patient_325,Discharge,115462.52292800398,complete,,,,,,8484.990277738281
Patient_326,Arrival,107152.23308226021,complete,,0.0,,,,
Patient_326,Origem_da Clinica Medica,107152.23308226021,complete,,,da Clinica Medica,107152.23308226021,,
Patient_326,CTI (CLIM),107152.23308226021,start,ctiBeds,0.0,,,,
Patient_326,CTI (CLIM),110141.36563962397,complete,ctiBeds,0.0,,,,
Patient_326,CTI prepara Encaminhamento,110141.36563962397,start,,0.0,,,,
Patient_326,CTI prepara Encaminhamento,110173.62459880068,complete,,0.0,,,,
Patient_326,Encaminha_para a Clinica Medica,110173.62459880068,complete,,,para a Clinica Medica,110173.62459880068,,
Patient_326,Discharge,110173.62459880068,complete,,,,,,3021.391516540476
Patient_327,Arrival,107684.50558433251,complete,,0.0,,,,
Patient_327,Origem_do Pronto Socorro,107684.50558433251,complete,,,do Pronto Socorro,107684.50558433251,,
Patient_327,CTI (PS),107684.50558433251,start,ctiBeds,0.0,,,,
Patient_327,CTI (PS),127000.45965621127,complete,ctiBeds,0.0,,,,
Patient_327,CTI prepara Encaminhamento,127000.45965621127,start,,0.0,,,,
Patient_327,CTI prepara Encaminhamento,127033.14713342248,complete,,0.0,,,,
Patient_327,Encaminha_para a Clinica Medica,127033.14713342248,complete,,,para a Clinica Medica,127033.14713342248,,
Patient_327,Discharge,127033.14713342248,complete,,,,,,19348.641549089967
Patient_328,Arrival,109348.50248730934,complete,,0.0,,,,
Patient_328,Origem_do Centro Cirurgico,109348.50248730934,complete,,,do Centro Cirurgico,109348.50248730934,,
Patient_328,CTI (CC),109348.50248730934,start,ctiBeds,0.0,,,,
Patient_328,CTI (CC),118598.4323612088,complete,ctiBeds,0.0,,,,
Patient_328,CTI prepara Encaminhamento,118598.4323612088,start,,0.0,,,,
Patient_328,CTI prepara Encaminhamento,118652.74729875581,complete,,0.0,,,,
Patient_328,Encaminha_para a Clinica Medica,118652.74729875581,complete,,,para a Clinica Medica,118652.74729875581,,
Patient_328,Discharge,118652.74729875581,complete,,,,,,9304.244811446479
Patient_329,Arrival,109903.34052772261,complete,,0.0,,,,
Patient_329,Origem_do Pronto Socorro,109903.34052772261,complete,,,do Pronto Socorro,109903.34052772261,,
Patient_329,CTI (PS),109903.34052772261,start,ctiBeds,0.0,,,,
Patient_329,CTI (PS),120420.29946619018,complete,ctiBeds,0.0,,,,
Patient_329,CTI prepara Encaminhamento,120420.29946619018,start,,0.0,,,,
Patient_329,CTI prepara Encaminhamento,120476.84109131168,complete,,0.0,,,,
Patient_329,Encaminha_para a Clinica Cirurgica,120476.84109131168,complete,,,para a Clinica Cirurgica,120476.84109131168,,
Patient_329,Discharge,120476.84109131168,complete,,,,,,10573.50056358907
Patient_33,Arrival,8708.88094918494,complete,,0.0,,,,
Patient_33,Origem_da Clinica Medica,8708.88094918494,complete,,,da Clinica Medica,8708.88094918494,,
Patient_33,CTI (CLIM),8708.88094918494,start,ctiBeds,0.0,,,,
Patient_33,CTI (CLIM),34304.87115760462,complete,ctiBeds,0.0,,,,
Patient_33,CTI prepara Encaminhamento,34304.87115760462,start,,0.0,,,,
Patient_33,CTI prepara Encaminhamento,34363.897607517734,complete,,0.0,,,,
Patient_33,Encaminha_para a Clinica Medica,34363.897607517734,complete,,,para a Clinica Medica,34363.897607517734,,
Patient_33,Discharge,34363.897607517734,complete,,,,,,25655.016658332795
Patient_330,Arrival,110206.24428195576,complete,,0.0,,,,
Patient_330,Origem_do Pronto Socorro,110206.24428195576,complete,,,do Pronto Socorro,110206.24428195576,,
Patient_330,CTI (PS),110206.24428195576,start,ctiBeds,0.0,,,,
Patient_330,CTI (PS),117920.8998015756,complete,ctiBeds,0.0,,,,
Patient_330,CTI prepara Encaminhamento,117920.8998015756,start,,0.0,,,,
Patient_330,CTI prepara Encaminhamento,117976.32517920069,complete,,0.0,,,,
Patient_330,Encaminha_Obito,117976.32517920069,complete,,,Obito,117976.32517920069,,
Patient_330,Discharge,117976.32517920069,complete,,,,,,7770.08089724493
Patient_331,Arrival,110449.77200155937,complete,,0.0,,,,
Patient_331,Origem_do Pronto Socorro,110449.77200155937,complete,,,do Pronto Socorro,110449.77200155937,,
Patient_331,CTI (PS),110449.77200155937,start,ctiBeds,0.0,,,,
Patient_331,CTI (PS),122917.17544255838,complete,ctiBeds,0.0,,,,
Patient_331,CTI prepara Encaminhamento,122917.17544255838,start,,0.0,,,,
Patient_331,CTI prepara Encaminhamento,122948.33284696564,complete,,0.0,,,,
Patient_331,Encaminha_para a Clinica Medica,122948.33284696564,complete,,,para a Clinica Medica,122948.33284696564,,
Patient_331,Discharge,122948.33284696564,complete,,,,,,12498.560845406275
Patient_332,Arrival,110666.75474532341,complete,,0.0,,,,
Patient_332,Origem_do Centro Cirurgico,110666.75474532341,complete,,,do Centro Cirurgico,110666.75474532341,,
Patient_332,CTI (CC),110666.75474532341,start,ctiBeds,0.0,,,,
Patient_332,CTI (CC),116978.87502018518,complete,ctiBeds,0.0,,,,
Patient_332,CTI prepara Encaminhamento,116978.87502018518,start,,0.0,,,,
Patient_332,CTI prepara Encaminhamento,117029.75437961174,complete,,0.0,,,,
Patient_332,Encaminha_para a Clinica Cirurgica,117029.75437961174,complete,,,para a Clinica Cirurgica,117029.75437961174,,
Patient_332,Discharge,117029.75437961174,complete,,,,,,6362.999634288324
Patient_333,Arrival,110703.29231231078,complete,,0.0,,,,
Patient_333,Origem_do Centro Cirurgico,110703.29231231078,complete,,,do Centro Cirurgico,110703.29231231078,,
Patient_333,CTI (CC),110703.29231231078,start,ctiBeds,0.0,,,,
Patient_333,CTI (CC),112684.60987485918,complete,ctiBeds,0.0,,,,
Patient_333,CTI prepara Encaminhamento,112684.60987485918,start,,0.0,,,,
Patient_333,CTI prepara Encaminhamento,112741.86035157499,complete,,0.0,,,,
Patient_333,Encaminha_Obito,112741.86035157499,complete,,,Obito,112741.86035157499,,
Patient_333,Discharge,112741.86035157499,complete,,,,,,2038.5680392642098
Patient_334,Arrival,111202.95594384836,complete,,0.0,,,,
Patient_334,Origem_do Pronto Socorro,111202.95594384836,complete,,,do Pronto Socorro,111202.95594384836,,
Patient_334,CTI (PS),111202.95594384836,start,ctiBeds,0.0,,,,
Patient_334,CTI (PS),111852.08194674483,complete,ctiBeds,0.0,,,,
Patient_334,CTI prepara Encaminhamento,111852.08194674483,start,,0.0,,,,
Patient_334,CTI prepara Encaminhamento,111894.74107378168,complete,,0.0,,,,
Patient_334,Encaminha_para a Clinica Cirurgica,111894.74107378168,complete,,,para a Clinica Cirurgica,111894.74107378168,,
Patient_334,Discharge,111894.74107378168,complete,,,,,,691.785129933327
Patient_335,Arrival,111909.34898187613,complete,,0.0,,,,
Patient_335,Origem_do Centro Cirurgico,111909.34898187613,complete,,,do Centro Cirurgico,111909.34898187613,,
Patient_335,CTI (CC),111909.34898187613,start,ctiBeds,0.0,,,,
Patient_335,CTI (CC),114404.47080803206,complete,ctiBeds,0.0,,,,
Patient_335,CTI prepara Encaminhamento,114404.47080803206,start,,0.0,,,,
Patient_335,CTI prepara Encaminhamento,114437.13695665506,complete,,0.0,,,,
Patient_335,Encaminha_para a Clinica Cirurgica,114437.13695665506,complete,,,para a Clinica Cirurgica,114437.13695665506,,
Patient_335,Discharge,114437.13695665506,complete,,,,,,2527.7879747789266
Patient_336,Arrival,112172.86797483863,complete,,0.0,,,,
Patient_336,Origem_do Centro Cirurgico,112172.86797483863,complete,,,do Centro Cirurgico,112172.86797483863,,
Patient_336,CTI (CC),112172.86797483863,start,ctiBeds,0.0,,,,
Patient_336,CTI (CC),112858.45166586031,complete,ctiBeds,0.0,,,,
Patient_336,CTI prepara Encaminhamento,112858.45166586031,start,,0.0,,,,
Patient_336,CTI prepara Encaminhamento,112903.93952894233,complete,,0.0,,,,
Patient_336,Encaminha_Obito,112903.93952894233,complete,,,Obito,112903.93952894233,,
Patient_336,Discharge,112903.93952894233,complete,,,,,,731.0715541036916
Patient_337,Arrival,112262.80621674206,complete,,0.0,,,,
Patient_337,Origem_do Centro Cirurgico,112262.80621674206,complete,,,do Centro Cirurgico,112262.80621674206,,
Patient_337,CTI (CC),112262.80621674206,start,ctiBeds,0.0,,,,
Patient_337,CTI (CC),115858.08431865499,complete,ctiBeds,0.0,,,,
Patient_337,CTI prepara Encaminhamento,115858.08431865499,start,,0.0,,,,
Patient_337,CTI prepara Encaminhamento,115916.62586043683,complete,,0.0,,,,
Patient_337,Encaminha_para a Clinica Cirurgica,115916.62586043683,complete,,,para a Clinica Cirurgica,115916.62586043683,,
Patient_337,Discharge,115916.62586043683,complete,,,,,,3653.8196436947765
Patient_338,Arrival,112888.52440561778,complete,,0.0,,,,
Patient_338,Origem_do Pronto Socorro,112888.52440561778,complete,,,do Pronto Socorro,112888.52440561778,,
Patient_338,CTI (PS),112888.52440561778,start,ctiBeds,0.0,,,,
Patient_338,CTI (PS),117776.63468453134,complete,ctiBeds,0.0,,,,
Patient_338,CTI prepara Encaminhamento,117776.63468453134,start,,0.0,,,,
Patient_338,CTI prepara Encaminhamento,117820.87689708285,complete,,0.0,,,,
Patient_338,Encaminha_para a Clinica Cirurgica,117820.87689708285,complete,,,para a Clinica Cirurgica,117820.87689708285,,
Patient_338,Discharge,117820.87689708285,complete,,,,,,4932.352491465077
Patient_339,Arrival,113091.5387048148,complete,,0.0,,,,
Patient_339,Origem_do Pronto Socorro,113091.5387048148,complete,,,do Pronto Socorro,113091.5387048148,,
Patient_339,CTI (PS),113091.5387048148,start,ctiBeds,0.0,,,,
Patient_339,CTI (PS),116542.92322752722,complete,ctiBeds,0.0,,,,
Patient_339,CTI prepara Encaminhamento,116542.92322752722,start,,0.0,,,,
Patient_339,CTI prepara Encaminhamento,116579.90609379366,complete,,0.0,,,,
Patient_339,Encaminha_Obito,116579.90609379366,complete,,,Obito,116579.90609379366,,
Patient_339,Discharge,116579.90609379366,complete,,,,,,3488.3673889788624
Patient_34,Arrival,8767.027509035544,complete,,0.0,,,,
Patient_34,Origem_do Pronto Socorro,8767.027509035544,complete,,,do Pronto Socorro,8767.027509035544,,
Patient_34,CTI (PS),8767.027509035544,start,ctiBeds,0.0,,,,
Patient_34,CTI (PS),16436.403112531414,complete,ctiBeds,0.0,,,,
Patient_34,CTI prepara Encaminhamento,16436.403112531414,start,,0.0,,,,
Patient_34,CTI prepara Encaminhamento,16482.918999033292,complete,,0.0,,,,
Patient_34,Encaminha_Obito,16482.918999033292,complete,,,Obito,16482.918999033292,,
Patient_34,Discharge,16482.918999033292,complete,,,,,,7715.891489997748
Patient_340,Arrival,113247.36566039518,complete,,0.0,,,,
Patient_340,Origem_do Pronto Socorro,113247.36566039518,complete,,,do Pronto Socorro,113247.36566039518,,
Patient_340,CTI (PS),113247.36566039518,start,ctiBeds,0.0,,,,
Patient_340,CTI (PS),127967.55795417185,complete,ctiBeds,0.0,,,,
Patient_340,CTI prepara Encaminhamento,127967.55795417185,start,,0.0,,,,
Patient_340,CTI prepara Encaminhamento,127998.55333871572,complete,,0.0,,,,
Patient_340,Encaminha_para a Clinica Medica,127998.55333871572,complete,,,para a Clinica Medica,127998.55333871572,,
Patient_340,Discharge,127998.55333871572,complete,,,,,,14751.187678320537
Patient_341,Arrival,113448.85558229375,complete,,0.0,,,,
Patient_341,Origem_do Pronto Socorro,113448.85558229375,complete,,,do Pronto Socorro,113448.85558229375,,
Patient_341,CTI (PS),113448.85558229375,start,ctiBeds,0.0,,,,
Patient_341,CTI (PS),116597.06578983886,complete,ctiBeds,0.0,,,,
Patient_341,CTI prepara Encaminhamento,116597.06578983886,start,,0.0,,,,
Patient_341,CTI prepara Encaminhamento,116630.46802620297,complete,,0.0,,,,
Patient_341,Encaminha_para a Clinica Medica,116630.46802620297,complete,,,para a Clinica Medica,116630.46802620297,,
Patient_341,Discharge,116630.46802620297,complete,,,,,,3181.6124439092237
Patient_342,Arrival,113785.41219868178,complete,,0.0,,,,
Patient_342,Origem_do Centro Cirurgico,113785.41219868178,complete,,,do Centro Cirurgico,113785.41219868178,,
Patient_342,CTI (CC),113785.41219868178,start,ctiBeds,0.0,,,,
Patient_342,CTI (CC),125507.57042258108,complete,ctiBeds,0.0,,,,
Patient_342,CTI prepara Encaminhamento,125507.57042258108,start,,0.0,,,,
Patient_342,CTI prepara Encaminhamento,125561.81596127614,complete,,0.0,,,,
Patient_342,Encaminha_para a Clinica Medica,125561.81596127614,complete,,,para a Clinica Medica,125561.81596127614,,
Patient_342,Discharge,125561.81596127614,complete,,,,,,11776.40376259436
Patient_343,Arrival,114069.19523752996,complete,,0.0,,,,
Patient_343,Origem_do Centro Cirurgico,114069.19523752996,complete,,,do Centro Cirurgico,114069.19523752996,,
Patient_343,CTI (CC),114069.19523752996,start,ctiBeds,0.0,,,,
Patient_343,CTI (CC),127970.2098607787,complete,ctiBeds,0.0,,,,
Patient_343,CTI prepara Encaminhamento,127970.2098607787,start,,0.0,,,,
Patient_343,CTI prepara Encaminhamento,128010.62818166919,complete,,0.0,,,,
Patient_343,Encaminha_para a Clinica Cirurgica,128010.62818166919,complete,,,para a Clinica Cirurgica,128010.62818166919,,
Patient_343,Discharge,128010.62818166919,complete,,,,,,13941.432944139233
Patient_344,Arrival,114143.65288093779,complete,,0.0,,,,
Patient_344,Origem_do Pronto Socorro,114143.65288093779,complete,,,do Pronto Socorro,114143.65288093779,,
Patient_344,CTI (PS),114143.65288093779,start,ctiBeds,0.0,,,,
Patient_344,CTI (PS),128246.0436124355,complete,ctiBeds,0.0,,,,
Patient_344,CTI prepara Encaminhamento,128246.0436124355,start,,0.0,,,,
Patient_344,CTI prepara Encaminhamento,128293.97887858335,complete,,0.0,,,,
Patient_344,Encaminha_para a Clinica Cirurgica,128293.97887858335,complete,,,para a Clinica Cirurgica,128293.97887858335,,
Patient_344,Discharge,128293.97887858335,complete,,,,,,14150.32599764556
Patient_345,Arrival,114481.22484424345,complete,,0.0,,,,
Patient_345,Origem_do Pronto Socorro,114481.22484424345,complete,,,do Pronto Socorro,114481.22484424345,,
Patient_345,CTI (PS),114481.22484424345,start,ctiBeds,0.0,,,,
Patient_345,CTI (PS),115838.49172984832,complete,ctiBeds,0.0,,,,
Patient_345,CTI prepara Encaminhamento,115838.49172984832,start,,0.0,,,,
Patient_345,CTI prepara Encaminhamento,115876.03665041558,complete,,0.0,,,,
Patient_345,Encaminha_Obito,115876.03665041558,complete,,,Obito,115876.03665041558,,
Patient_345,Discharge,115876.03665041558,complete,,,,,,1394.8118061721325
Patient_346,Arrival,115146.97162758613,complete,,0.0,,,,
Patient_346,Origem_do Centro Cirurgico,115146.97162758613,complete,,,do Centro Cirurgico,115146.97162758613,,
Patient_346,CTI (CC),115146.97162758613,start,ctiBeds,0.0,,,,
Patient_346,CTI (CC),123202.84022426236,complete,ctiBeds,0.0,,,,
Patient_346,CTI prepara Encaminhamento,123202.84022426236,start,,0.0,,,,
Patient_346,CTI prepara Encaminhamento,123252.54424076613,complete,,0.0,,,,
Patient_346,Encaminha_para a Clinica Medica,123252.54424076613,complete,,,para a Clinica Medica,123252.54424076613,,
Patient_346,Discharge,123252.54424076613,complete,,,,,,8105.572613180004
Patient_347,Arrival,115296.43430768314,complete,,0.0,,,,
Patient_347,Origem_do Pronto Socorro,115296.43430768314,complete,,,do Pronto Socorro,115296.43430768314,,
Patient_347,CTI (PS),115296.43430768314,start,ctiBeds,0.0,,,,
Patient_347,CTI (PS),115423.28311662604,complete,ctiBeds,0.0,,,,
Patient_347,CTI prepara Encaminhamento,115423.28311662604,start,,0.0,,,,
Patient_347,CTI prepara Encaminhamento,115474.8029825519,complete,,0.0,,,,
Patient_347,Encaminha_para a Clinica Cirurgica,115474.8029825519,complete,,,para a Clinica Cirurgica,115474.8029825519,,
Patient_347,Discharge,115474.8029825519,complete,,,,,,178.36867486876145
Patient_348,Arrival,115814.6868301598,complete,,0.0,,,,
Patient_348,Origem_do Pronto Socorro,115814.6868301598,complete,,,do Pronto Socorro,115814.6868301598,,
Patient_348,CTI (PS),115814.6868301598,start,ctiBeds,0.0,,,,
Patient_348,CTI (PS),124775.60413357915,complete,ctiBeds,0.0,,,,
Patient_348,CTI prepara Encaminhamento,124775.60413357915,start,,0.0,,,,
Patient_348,CTI prepara Encaminhamento,124807.43137896557,complete,,0.0,,,,
Patient_348,Encaminha_para a Clinica Medica,124807.43137896557,complete,,,para a Clinica Medica,124807.43137896557,,
Patient_348,Discharge,124807.43137896557,complete,,,,,,8992.744548805771
Patient_349,Arrival,115946.92899667504,complete,,0.0,,,,
Patient_349,Origem_do Centro Cirurgico,115946.92899667504,complete,,,do Centro Cirurgico,115946.92899667504,,
Patient_349,CTI (CC),115946.92899667504,start,ctiBeds,0.0,,,,
Patient_349,CTI (CC),130555.73441019232,complete,ctiBeds,0.0,,,,
Patient_349,CTI prepara Encaminhamento,130555.73441019232,start,,0.0,,,,
Patient_349,CTI prepara Encaminhamento,130595.51984080781,complete,,0.0,,,,
Patient_349,Encaminha_para a Clinica Medica,130595.51984080781,complete,,,para a Clinica Medica,130595.51984080781,,
Patient_349,Discharge,130595.51984080781,complete,,,,,,14648.590844132777
Patient_35,Arrival,9155.115583082279,complete,,0.0,,,,
Patient_35,Origem_do Centro Cirurgico,9155.115583082279,complete,,,do Centro Cirurgico,9155.115583082279,,
Patient_35,CTI (CC),9155.115583082279,start,ctiBeds,0.0,,,,
Patient_35,CTI (CC),16175.0934202807,complete,ctiBeds,0.0,,,,
Patient_35,CTI prepara Encaminhamento,16175.0934202807,start,,0.0,,,,
Patient_35,CTI prepara Encaminhamento,16228.826325518163,complete,,0.0,,,,
Patient_35,Encaminha_para a Clinica Cirurgica,16228.826325518163,complete,,,para a Clinica Cirurgica,16228.826325518163,,
Patient_35,Discharge,16228.826325518163,complete,,,,,,7073.710742435884
Patient_350,Arrival,116197.26881610276,complete,,0.0,,,,
Patient_350,Origem_do Centro Cirurgico,116197.26881610276,complete,,,do Centro Cirurgico,116197.26881610276,,
Patient_350,CTI (CC),116197.26881610276,start,ctiBeds,0.0,,,,
Patient_350,CTI (CC),118613.10547108747,complete,ctiBeds,0.0,,,,
Patient_350,CTI prepara Encaminhamento,118613.10547108747,start,,0.0,,,,
Patient_350,CTI prepara Encaminhamento,118644.59161745923,complete,,0.0,,,,
Patient_350,Encaminha_Obito,118644.59161745923,complete,,,Obito,118644.59161745923,,
Patient_350,Discharge,118644.59161745923,complete,,,,,,2447.322801356466
Patient_351,Arrival,116439.09484402894,complete,,0.0,,,,
Patient_351,Origem_do Centro Cirurgico,116439.09484402894,complete,,,do Centro Cirurgico,116439.09484402894,,
Patient_351,CTI (CC),116439.09484402894,start,ctiBeds,0.0,,,,
Patient_351,CTI (CC),117813.97140719804,complete,ctiBeds,0.0,,,,
Patient_351,CTI prepara Encaminhamento,117813.97140719804,start,,0.0,,,,
Patient_351,CTI prepara Encaminhamento,117869.31244939551,complete,,0.0,,,,
Patient_351,Encaminha_para a Clinica Medica,117869.31244939551,complete,,,para a Clinica Medica,117869.31244939551,,
Patient_351,Discharge,117869.31244939551,complete,,,,,,1430.2176053665753
Patient_352,Arrival,116709.59999772531,complete,,0.0,,,,
Patient_352,Origem_do Pronto Socorro,116709.59999772531,complete,,,do Pronto Socorro,116709.59999772531,,
Patient_352,CTI (PS),116709.59999772531,start,ctiBeds,0.0,,,,
Patient_352,CTI (PS),134185.6323655267,complete,ctiBeds,0.0,,,,
Patient_352,CTI prepara Encaminhamento,134185.6323655267,start,,0.0,,,,
Patient_352,CTI prepara Encaminhamento,134239.8891690823,complete,,0.0,,,,
Patient_352,Encaminha_Obito,134239.8891690823,complete,,,Obito,134239.8891690823,,
Patient_352,Discharge,134239.8891690823,complete,,,,,,17530.289171357
Patient_353,Arrival,117092.1890004987,complete,,0.0,,,,
Patient_353,Origem_do Centro Cirurgico,117092.1890004987,complete,,,do Centro Cirurgico,117092.1890004987,,
Patient_353,CTI (CC),117092.1890004987,start,ctiBeds,0.0,,,,
Patient_353,CTI (CC),133145.39150070137,complete,ctiBeds,0.0,,,,
Patient_353,CTI prepara Encaminhamento,133145.39150070137,start,,0.0,,,,
Patient_353,CTI prepara Encaminhamento,133205.111047036,complete,,0.0,,,,
Patient_353,Encaminha_para a Clinica Cirurgica,133205.111047036,complete,,,para a Clinica Cirurgica,133205.111047036,,
Patient_353,Discharge,133205.111047036,complete,,,,,,16112.922046537307
Patient_354,Arrival,117303.2990995953,complete,,0.0,,,,
Patient_354,Origem_do Pronto Socorro,117303.2990995953,complete,,,do Pronto Socorro,117303.2990995953,,
Patient_354,CTI (PS),117303.2990995953,start,ctiBeds,0.0,,,,
Patient_354,CTI (PS),121441.53489758952,complete,ctiBeds,0.0,,,,
Patient_354,CTI prepara Encaminhamento,121441.53489758952,start,,0.0,,,,
Patient_354,CTI prepara Encaminhamento,121501.21840451688,complete,,0.0,,,,
Patient_354,Encaminha_para a Clinica Medica,121501.21840451688,complete,,,para a Clinica Medica,121501.21840451688,,
Patient_354,Discharge,121501.21840451688,complete,,,,,,4197.919304921583
Patient_355,Arrival,117308.5629681005,complete,,0.0,,,,
Patient_355,Origem_do Pronto Socorro,117308.5629681005,complete,,,do Pronto Socorro,117308.5629681005,,
Patient_355,CTI (PS),117308.5629681005,start,ctiBeds,0.0,,,,
Patient_355,CTI (PS),149779.99104032488,complete,ctiBeds,0.0,,,,
Patient_355,CTI prepara Encaminhamento,149779.99104032488,start,,0.0,,,,
Patient_355,CTI prepara Encaminhamento,149812.35378990127,complete,,0.0,,,,
Patient_355,Encaminha_para a Clinica Medica,149812.35378990127,complete,,,para a Clinica Medica,149812.35378990127,,
Patient_355,Discharge,149812.35378990127,complete,,,,,,32503.79082180078
Patient_356,Arrival,117396.70270196837,complete,,0.0,,,,
Patient_356,Origem_do Pronto Socorro,117396.70270196837,complete,,,do Pronto Socorro,117396.70270196837,,
Patient_356,CTI (PS),117396.70270196837,start,ctiBeds,0.0,,,,
Patient_356,CTI (PS),119531.48278413354,complete,ctiBeds,0.0,,,,
Patient_356,CTI prepara Encaminhamento,119531.48278413354,start,,0.0,,,,
Patient_356,CTI prepara Encaminhamento,119583.36778959104,complete,,0.0,,,,
Patient_356,Encaminha_para a Clinica Medica,119583.36778959104,complete,,,para a Clinica Medica,119583.36778959104,,
Patient_356,Discharge,119583.36778959104,complete,,,,,,2186.665087622663
Patient_357,Arrival,117664.5126130328,complete,,0.0,,,,
Patient_357,Origem_do Centro Cirurgico,117664.5126130328,complete,,,do Centro Cirurgico,117664.5126130328,,
Patient_357,CTI (CC),117664.5126130328,start,ctiBeds,0.0,,,,
Patient_357,CTI (CC),120424.33302413113,complete,ctiBeds,0.0,,,,
Patient_357,CTI prepara Encaminhamento,120424.33302413113,start,,0.0,,,,
Patient_357,CTI prepara Encaminhamento,120480.68578664349,complete,,0.0,,,,
Patient_357,Encaminha_para a Clinica Medica,120480.68578664349,complete,,,para a Clinica Medica,120480.68578664349,,
Patient_357,Discharge,120480.68578664349,complete,,,,,,2816.1731736106885
Patient_358,Arrival,117930.33620030656,complete,,0.0,,,,
Patient_358,Origem_do Pronto Socorro,117930.33620030656,complete,,,do Pronto Socorro,117930.33620030656,,
Patient_358,CTI (PS),117930.33620030656,start,ctiBeds,0.0,,,,
Patient_358,CTI (PS),136108.41953751323,complete,ctiBeds,0.0,,,,
Patient_358,CTI prepara Encaminhamento,136108.41953751323,start,,0.0,,,,
Patient_358,CTI prepara Encaminhamento,136147.10012464246,complete,,0.0,,,,
Patient_358,Encaminha_Obito,136147.10012464246,complete,,,Obito,136147.10012464246,,
Patient_358,Discharge,136147.10012464246,complete,,,,,,18216.7639243359
Patient_359,Arrival,118508.29365383912,complete,,0.0,,,,
Patient_359,Origem_do Centro Cirurgico,118508.29365383912,complete,,,do Centro Cirurgico,118508.29365383912,,
Patient_359,CTI (CC),118508.29365383912,start,ctiBeds,0.0,,,,
Patient_359,CTI (CC),121667.88902712252,complete,ctiBeds,0.0,,,,
Patient_359,CTI prepara Encaminhamento,121667.88902712252,start,,0.0,,,,
Patient_359,CTI prepara Encaminhamento,121712.80981972771,complete,,0.0,,,,
Patient_359,Encaminha_Obito,121712.80981972771,complete,,,Obito,121712.80981972771,,
Patient_359,Discharge,121712.80981972771,complete,,,,,,3204.516165888592
Patient_36,Arrival,9281.045519931065,complete,,0.0,,,,
Patient_36,Origem_do Pronto Socorro,9281.045519931065,complete,,,do Pronto Socorro,9281.045519931065,,
Patient_36,CTI (PS),9281.045519931065,start,ctiBeds,0.0,,,,
Patient_36,CTI (PS),9566.640975777236,complete,ctiBeds,0.0,,,,
Patient_36,CTI prepara Encaminhamento,9566.640975777236,start,,0.0,,,,
Patient_36,CTI prepara Encaminhamento,9600.750915163617,complete,,0.0,,,,
Patient_36,Encaminha_para a Clinica Medica,9600.750915163617,complete,,,para a Clinica Medica,9600.750915163617,,
Patient_36,Discharge,9600.750915163617,complete,,,,,,319.7053952325514
Patient_360,Arrival,118923.22667808831,complete,,0.0,,,,
Patient_360,Origem_do Centro Cirurgico,118923.22667808831,complete,,,do Centro Cirurgico,118923.22667808831,,
Patient_360,CTI (CC),118923.22667808831,start,ctiBeds,0.0,,,,
Patient_360,CTI (CC),138384.1743702347,complete,ctiBeds,0.0,,,,
Patient_360,CTI prepara Encaminhamento,138384.1743702347,start,,0.0,,,,
Patient_360,CTI prepara Encaminhamento,138440.13532677223,complete,,0.0,,,,
Patient_360,Encaminha_para a Clinica Cirurgica,138440.13532677223,complete,,,para a Clinica Cirurgica,138440.13532677223,,
Patient_360,Discharge,138440.13532677223,complete,,,,,,19516.908648683922
Patient_361,Arrival,119109.79603324241,complete,,0.0,,,,
Patient_361,Origem_do Pronto Socorro,119109.79603324241,complete,,,do Pronto Socorro,119109.79603324241,,
Patient_361,CTI (PS),119109.79603324241,start,ctiBeds,0.0,,,,
Patient_361,CTI (PS),120012.10040457566,complete,ctiBeds,0.0,,,,
Patient_361,CTI prepara Encaminhamento,120012.10040457566,start,,0.0,,,,
Patient_361,CTI prepara Encaminhamento,120063.0616849955,complete,,0.0,,,,
Patient_361,Encaminha_para a Clinica Medica,120063.0616849955,complete,,,para a Clinica Medica,120063.0616849955,,
Patient_361,Discharge,120063.0616849955,complete,,,,,,953.265651753085
Patient_362,Arrival,119138.71685813287,complete,,0.0,,,,
Patient_362,Origem_da Clinica Cirurgica,119138.71685813287,complete,,,da Clinica Cirurgica,119138.71685813287,,
Patient_362,CTI (CLIC),119138.71685813287,start,ctiBeds,0.0,,,,
Patient_362,CTI (CLIC),120532.98735906235,complete,ctiBeds,0.0,,,,
Patient_362,CTI prepara Encaminhamento,120532.98735906235,start,,0.0,,,,
Patient_362,CTI prepara Encaminhamento,120591.46309207231,complete,,0.0,,,,
Patient_362,Encaminha_para a Clinica Cirurgica,120591.46309207231,complete,,,para a Clinica Cirurgica,120591.46309207231,,
Patient_362,Discharge,120591.46309207231,complete,,,,,,1452.7462339394406
Patient_363,Arrival,119374.77072250754,complete,,0.0,,,,
Patient_363,Origem_do Pronto Socorro,119374.77072250754,complete,,,do Pronto Socorro,119374.77072250754,,
Patient_363,CTI (PS),119374.77072250754,start,ctiBeds,0.0,,,,
Patient_363,CTI (PS),135668.79720660596,complete,ctiBeds,0.0,,,,
Patient_363,CTI prepara Encaminhamento,135668.79720660596,start,,0.0,,,,
Patient_363,CTI prepara Encaminhamento,135705.84763614566,complete,,0.0,,,,
Patient_363,Encaminha_Obito,135705.84763614566,complete,,,Obito,135705.84763614566,,
Patient_363,Discharge,135705.84763614566,complete,,,,,,16331.076913638113
Patient_364,Arrival,119581.10081363599,complete,,0.0,,,,
Patient_364,Origem_do Centro Cirurgico,119581.10081363599,complete,,,do Centro Cirurgico,119581.10081363599,,
Patient_364,CTI (CC),119581.10081363599,start,ctiBeds,0.0,,,,
Patient_364,CTI (CC),134978.09750794247,complete,ctiBeds,0.0,,,,
Patient_364,CTI prepara Encaminhamento,134978.09750794247,start,,0.0,,,,
Patient_364,CTI prepara Encaminhamento,135027.64827693295,complete,,0.0,,,,
Patient_364,Encaminha_para a Clinica Medica,135027.64827693295,complete,,,para a Clinica Medica,135027.64827693295,,
Patient_364,Discharge,135027.64827693295,complete,,,,,,15446.547463296956
Patient_365,Arrival,120660.87482221199,complete,,0.0,,,,
Patient_365,Origem_do Pronto Socorro,120660.87482221199,complete,,,do Pronto Socorro,120660.87482221199,,
Patient_365,CTI (PS),120660.87482221199,start,ctiBeds,0.0,,,,
Patient_365,CTI (PS),127399.17191439614,complete,ctiBeds,0.0,,,,
Patient_365,CTI prepara Encaminhamento,127399.17191439614,start,,0.0,,,,
Patient_365,CTI prepara Encaminhamento,127436.03077866891,complete,,0.0,,,,
Patient_365,Encaminha_para a Clinica Cirurgica,127436.03077866891,complete,,,para a Clinica Cirurgica,127436.03077866891,,
Patient_365,Discharge,127436.03077866891,complete,,,,,,6775.155956456918
Patient_366,Arrival,120687.17196334897,complete,,0.0,,,,
Patient_366,Origem_do Centro Cirurgico,120687.17196334897,complete,,,do Centro Cirurgico,120687.17196334897,,
Patient_366,CTI (CC),120687.17196334897,start,ctiBeds,0.0,,,,
Patient_366,CTI (CC),123842.1477405881,complete,ctiBeds,0.0,,,,
Patient_366,CTI prepara Encaminhamento,123842.1477405881,start,,0.0,,,,
Patient_366,CTI prepara Encaminhamento,123885.71945191585,complete,,0.0,,,,
Patient_366,Encaminha_Obito,123885.71945191585,complete,,,Obito,123885.71945191585,,
Patient_366,Discharge,123885.71945191585,complete,,,,,,3198.547488566881
Patient_367,Arrival,121254.71767511166,complete,,0.0,,,,
Patient_367,Origem_do Pronto Socorro,121254.71767511166,complete,,,do Pronto Socorro,121254.71767511166,,
Patient_367,CTI (PS),121254.71767511166,start,ctiBeds,0.0,,,,
Patient_367,CTI (PS),124353.99306705006,complete,ctiBeds,0.0,,,,
Patient_367,CTI prepara Encaminhamento,124353.99306705006,start,,0.0,,,,
Patient_367,CTI prepara Encaminhamento,124386.65531785807,complete,,0.0,,,,
Patient_367,Encaminha_para a Clinica Cirurgica,124386.65531785807,complete,,,para a Clinica Cirurgica,124386.65531785807,,
Patient_367,Discharge,124386.65531785807,complete,,,,,,3131.9376427464013
Patient_368,Arrival,122258.13999455894,complete,,0.0,,,,
Patient_368,Origem_do Centro Cirurgico,122258.13999455894,complete,,,do Centro Cirurgico,122258.13999455894,,
Patient_368,CTI (CC),122258.13999455894,start,ctiBeds,0.0,,,,
Patient_368,CTI (CC),122601.65633805086,complete,ctiBeds,0.0,,,,
Patient_368,CTI prepara Encaminhamento,122601.65633805086,start,,0.0,,,,
Patient_368,CTI prepara Encaminhamento,122633.13047454474,complete,,0.0,,,,
Patient_368,Encaminha_para a Clinica Cirurgica,122633.13047454474,complete,,,para a Clinica Cirurgica,122633.13047454474,,
Patient_368,Discharge,122633.13047454474,complete,,,,,,374.990479985805
Patient_369,Arrival,122512.84690314092,complete,,0.0,,,,
Patient_369,Origem_do Centro Cirurgico,122512.84690314092,complete,,,do Centro Cirurgico,122512.84690314092,,
Patient_369,CTI (CC),122512.84690314092,start,ctiBeds,0.0,,,,
Patient_369,CTI (CC),124154.30533768485,complete,ctiBeds,0.0,,,,
Patient_369,CTI prepara Encaminhamento,124154.30533768485,start,,0.0,,,,
Patient_369,CTI prepara Encaminhamento,124210.94586110431,complete,,0.0,,,,
Patient_369,Encaminha_para a Clinica Medica,124210.94586110431,complete,,,para a Clinica Medica,124210.94586110431,,
Patient_369,Discharge,124210.94586110431,complete,,,,,,1698.0989579633897
Patient_37,Arrival,9365.48775848322,complete,,0.0,,,,
Patient_37,Origem_do Centro Cirurgico,9365.48775848322,complete,,,do Centro Cirurgico,9365.48775848322,,
Patient_37,CTI (CC),9365.48775848322,start,ctiBeds,0.0,,,,
Patient_37,CTI (CC),38271.816908181754,complete,ctiBeds,0.0,,,,
Patient_37,CTI prepara Encaminhamento,38271.816908181754,start,,0.0,,,,
Patient_37,CTI prepara Encaminhamento,38320.24833281699,complete,,0.0,,,,
Patient_37,Encaminha_para a Clinica Cirurgica,38320.24833281699,complete,,,para a Clinica Cirurgica,38320.24833281699,,
Patient_37,Discharge,38320.24833281699,complete,,,,,,28954.76057433377
Patient_370,Arrival,122682.30582179628,complete,,0.0,,,,
Patient_370,Origem_do Pronto Socorro,122682.30582179628,complete,,,do Pronto Socorro,122682.30582179628,,
Patient_370,CTI (PS),122682.30582179628,start,ctiBeds,0.0,,,,
Patient_370,CTI (PS),146183.53530548298,complete,ctiBeds,0.0,,,,
Patient_370,CTI prepara Encaminhamento,146183.53530548298,start,,0.0,,,,
Patient_370,CTI prepara Encaminhamento,146228.94455042665,complete,,0.0,,,,
Patient_370,Encaminha_para a Clinica Cirurgica,146228.94455042665,complete,,,para a Clinica Cirurgica,146228.94455042665,,
Patient_370,Discharge,146228.94455042665,complete,,,,,,23546.638728630365
Patient_371,Arrival,123303.21745289893,complete,,0.0,,,,
Patient_371,Origem_do Pronto Socorro,123303.21745289893,complete,,,do Pronto Socorro,123303.21745289893,,
Patient_371,CTI (PS),123303.21745289893,start,ctiBeds,0.0,,,,
Patient_371,CTI (PS),135111.03722091627,complete,ctiBeds,0.0,,,,
Patient_371,CTI prepara Encaminhamento,135111.03722091627,start,,0.0,,,,
Patient_371,CTI prepara Encaminhamento,135151.48010961726,complete,,0.0,,,,
Patient_371,Encaminha_para a Clinica Medica,135151.48010961726,complete,,,para a Clinica Medica,135151.48010961726,,
Patient_371,Discharge,135151.48010961726,complete,,,,,,11848.262656718332
Patient_372,Arrival,123852.21724579023,complete,,0.0,,,,
Patient_372,Origem_do Pronto Socorro,123852.21724579023,complete,,,do Pronto Socorro,123852.21724579023,,
Patient_372,CTI (PS),123852.21724579023,start,ctiBeds,0.0,,,,
Patient_372,CTI (PS),136042.01424135186,complete,ctiBeds,0.0,,,,
Patient_372,CTI prepara Encaminhamento,136042.01424135186,start,,0.0,,,,
Patient_372,CTI prepara Encaminhamento,136076.6009092927,complete,,0.0,,,,
Patient_372,Encaminha_para a Clinica Cirurgica,136076.6009092927,complete,,,para a Clinica Cirurgica,136076.6009092927,,
Patient_372,Discharge,136076.6009092927,complete,,,,,,12224.383663502464
Patient_373,Arrival,123959.99703732594,complete,,0.0,,,,
Patient_373,Origem_do Pronto Socorro,123959.99703732594,complete,,,do Pronto Socorro,123959.99703732594,,
Patient_373,CTI (PS),123959.99703732594,start,ctiBeds,0.0,,,,
Patient_373,CTI (PS),127525.99420376519,complete,ctiBeds,0.0,,,,
Patient_373,CTI prepara Encaminhamento,127525.99420376519,start,,0.0,,,,
Patient_373,CTI prepara Encaminhamento,127570.40505049883,complete,,0.0,,,,
Patient_373,Encaminha_para a Clinica Cirurgica,127570.40505049883,complete,,,para a Clinica Cirurgica,127570.40505049883,,
Patient_373,Discharge,127570.40505049883,complete,,,,,,3610.4080131728842
Patient_374,Arrival,124008.21799018227,complete,,0.0,,,,
Patient_374,Origem_da Clinica Cirurgica,124008.21799018227,complete,,,da Clinica Cirurgica,124008.21799018227,,
Patient_374,CTI (CLIC),124008.21799018227,start,ctiBeds,0.0,,,,
Patient_374,CTI (CLIC),125286.75366458802,complete,ctiBeds,0.0,,,,
Patient_374,CTI prepara Encaminhamento,125286.75366458802,start,,0.0,,,,
Patient_374,CTI prepara Encaminhamento,125333.77025317098,complete,,0.0,,,,
Patient_374,Encaminha_para a Clinica Cirurgica,125333.77025317098,complete,,,para a Clinica Cirurgica,125333.77025317098,,
Patient_374,Discharge,125333.77025317098,complete,,,,,,1325.5522629887128
Patient_375,Arrival,124196.36258124441,complete,,0.0,,,,
Patient_375,Origem_do Centro Cirurgico,124196.36258124441,complete,,,do Centro Cirurgico,124196.36258124441,,
Patient_375,CTI (CC),124196.36258124441,start,ctiBeds,0.0,,,,
Patient_375,CTI (CC),138841.85199176858,complete,ctiBeds,0.0,,,,
Patient_375,CTI prepara Encaminhamento,138841.85199176858,start,,0.0,,,,
Patient_375,CTI prepara Encaminhamento,138894.84473431957,complete,,0.0,,,,
Patient_375,Encaminha_Obito,138894.84473431957,complete,,,Obito,138894.84473431957,,
Patient_375,Discharge,138894.84473431957,complete,,,,,,14698.482153075165
Patient_376,Arrival,124400.3884440275,complete,,0.0,,,,
Patient_376,Origem_da Clinica Cirurgica,124400.3884440275,complete,,,da Clinica Cirurgica,124400.3884440275,,
Patient_376,CTI (CLIC),124400.3884440275,start,ctiBeds,0.0,,,,
Patient_376,CTI (CLIC),124999.56840961312,complete,ctiBeds,0.0,,,,
Patient_376,CTI prepara Encaminhamento,124999.56840961312,start,,0.0,,,,
Patient_376,CTI prepara Encaminhamento,125043.8954628854,complete,,0.0,,,,
Patient_376,Encaminha_para a Clinica Cirurgica,125043.8954628854,complete,,,para a Clinica Cirurgica,125043.8954628854,,
Patient_376,Discharge,125043.8954628854,complete,,,,,,643.5070188578975
Patient_377,Arrival,124559.8498371932,complete,,0.0,,,,
Patient_377,Origem_do Centro Cirurgico,124559.8498371932,complete,,,do Centro Cirurgico,124559.8498371932,,
Patient_377,CTI (CC),124559.8498371932,start,ctiBeds,0.0,,,,
Patient_377,CTI (CC),133380.0524578026,complete,ctiBeds,0.0,,,,
Patient_377,CTI prepara Encaminhamento,133380.0524578026,start,,0.0,,,,
Patient_377,CTI prepara Encaminhamento,133437.6580376125,complete,,0.0,,,,
Patient_377,Encaminha_para a Clinica Medica,133437.6580376125,complete,,,para a Clinica Medica,133437.6580376125,,
Patient_377,Discharge,133437.6580376125,complete,,,,,,8877.808200419313
Patient_378,Arrival,124762.8351729817,complete,,0.0,,,,
Patient_378,Origem_da Clinica Medica,124762.8351729817,complete,,,da Clinica Medica,124762.8351729817,,
Patient_378,CTI (CLIM),124762.8351729817,start,ctiBeds,0.0,,,,
Patient_378,CTI (CLIM),127232.0117651909,complete,ctiBeds,0.0,,,,
Patient_378,CTI prepara Encaminhamento,127232.0117651909,start,,0.0,,,,
Patient_378,CTI prepara Encaminhamento,127266.47097455604,complete,,0.0,,,,
Patient_378,Encaminha_Transferencia Externa,127266.47097455604,complete,,,Transferencia Externa,127266.47097455604,,
Patient_378,Discharge,127266.47097455604,complete,,,,,,2503.6358015743463
Patient_379,Arrival,124977.10631688552,complete,,0.0,,,,
Patient_379,Origem_do Centro Cirurgico,124977.10631688552,complete,,,do Centro Cirurgico,124977.10631688552,,
Patient_379,CTI (CC),124977.10631688552,start,ctiBeds,0.0,,,,
Patient_379,CTI (CC),132941.2138978278,complete,ctiBeds,0.0,,,,
Patient_379,CTI prepara Encaminhamento,132941.2138978278,start,,0.0,,,,
Patient_379,CTI prepara Encaminhamento,132997.20915235783,complete,,0.0,,,,
Patient_379,Encaminha_para a Clinica Medica,132997.20915235783,complete,,,para a Clinica Medica,132997.20915235783,,
Patient_379,Discharge,132997.20915235783,complete,,,,,,8020.102835472309
Patient_38,Arrival,9675.577833384004,complete,,0.0,,,,
Patient_38,Origem_do Centro Cirurgico,9675.577833384004,complete,,,do Centro Cirurgico,9675.577833384004,,
Patient_38,CTI (CC),9675.577833384004,start,ctiBeds,0.0,,,,
Patient_38,CTI (CC),11411.052861069127,complete,ctiBeds,0.0,,,,
Patient_38,CTI prepara Encaminhamento,11411.052861069127,start,,0.0,,,,
Patient_38,CTI prepara Encaminhamento,11454.5937410255,complete,,0.0,,,,
Patient_38,Encaminha_Transferencia Externa,11454.5937410255,complete,,,Transferencia Externa,11454.5937410255,,
Patient_38,Discharge,11454.5937410255,complete,,,,,,1779.0159076414948
Patient_380,Arrival,125451.03795850644,complete,,0.0,,,,
Patient_380,Origem_do Pronto Socorro,125451.03795850644,complete,,,do Pronto Socorro,125451.03795850644,,
Patient_380,CTI (PS),125451.03795850644,start,ctiBeds,0.0,,,,
Patient_380,CTI (PS),129226.17121702197,complete,ctiBeds,0.0,,,,
Patient_380,CTI prepara Encaminhamento,129226.17121702197,start,,0.0,,,,
Patient_380,CTI prepara Encaminhamento,129284.21831371171,complete,,0.0,,,,
Patient_380,Encaminha_para a Clinica Medica,129284.21831371171,complete,,,para a Clinica Medica,129284.21831371171,,
Patient_380,Discharge,129284.21831371171,complete,,,,,,3833.1803552052734
Patient_381,Arrival,126517.80312865152,complete,,0.0,,,,
Patient_381,Origem_da Clinica Cirurgica,126517.80312865152,complete,,,da Clinica Cirurgica,126517.80312865152,,
Patient_381,CTI (CLIC),126517.80312865152,start,ctiBeds,0.0,,,,
Patient_381,CTI (CLIC),150799.30993377406,complete,ctiBeds,0.0,,,,
Patient_381,CTI prepara Encaminhamento,150799.30993377406,start,,0.0,,,,
Patient_381,CTI prepara Encaminhamento,150836.87388230188,complete,,0.0,,,,
Patient_381,Encaminha_para a Clinica Cirurgica,150836.87388230188,complete,,,para a Clinica Cirurgica,150836.87388230188,,
Patient_381,Discharge,150836.87388230188,complete,,,,,,24319.07075365036
Patient_382,Arrival,127297.50227857266,complete,,0.0,,,,
Patient_382,Origem_do Pronto Socorro,127297.50227857266,complete,,,do Pronto Socorro,127297.50227857266,,
Patient_382,CTI (PS),127297.50227857266,start,ctiBeds,0.0,,,,
Patient_382,CTI (PS),128810.54523111676,complete,ctiBeds,0.0,,,,
Patient_382,CTI prepara Encaminhamento,128810.54523111676,start,,0.0,,,,
Patient_382,CTI prepara Encaminhamento,128844.03399146516,complete,,0.0,,,,
Patient_382,Encaminha_para a Clinica Cirurgica,128844.03399146516,complete,,,para a Clinica Cirurgica,128844.03399146516,,
Patient_382,Discharge,128844.03399146516,complete,,,,,,1546.5317128924944
Patient_383,Arrival,127496.03587930123,complete,,0.0,,,,
Patient_383,Origem_do Centro Cirurgico,127496.03587930123,complete,,,do Centro Cirurgico,127496.03587930123,,
Patient_383,CTI (CC),127496.03587930123,start,ctiBeds,0.0,,,,
Patient_383,CTI (CC),133231.11093812258,complete,ctiBeds,0.0,,,,
Patient_383,CTI prepara Encaminhamento,133231.11093812258,start,,0.0,,,,
Patient_383,CTI prepara Encaminhamento,133267.82219804518,complete,,0.0,,,,
Patient_383,Encaminha_para a Clinica Cirurgica,133267.82219804518,complete,,,para a Clinica Cirurgica,133267.82219804518,,
Patient_383,Discharge,133267.82219804518,complete,,,,,,5771.786318743951
Patient_384,Arrival,127549.76533125681,complete,,0.0,,,,
Patient_384,Origem_do Pronto Socorro,127549.76533125681,complete,,,do Pronto Socorro,127549.76533125681,,
Patient_384,CTI (PS),127549.76533125681,start,ctiBeds,0.0,,,,
Patient_384,CTI (PS),128919.19530116532,complete,ctiBeds,0.0,,,,
Patient_384,CTI prepara Encaminhamento,128919.19530116532,start,,0.0,,,,
Patient_384,CTI prepara Encaminhamento,128954.85066047379,complete,,0.0,,,,
Patient_384,Encaminha_Obito,128954.85066047379,complete,,,Obito,128954.85066047379,,
Patient_384,Discharge,128954.85066047379,complete,,,,,,1405.0853292169777
Patient_385,Arrival,127620.76972093817,complete,,0.0,,,,
Patient_385,Origem_do Centro Cirurgico,127620.76972093817,complete,,,do Centro Cirurgico,127620.76972093817,,
Patient_385,CTI (CC),127620.76972093817,start,ctiBeds,0.0,,,,
Patient_385,CTI (CC),141581.9435215603,complete,ctiBeds,0.0,,,,
Patient_385,CTI prepara Encaminhamento,141581.9435215603,start,,0.0,,,,
Patient_385,CTI prepara Encaminhamento,141614.58193566784,complete,,0.0,,,,
Patient_385,Encaminha_para a Clinica Medica,141614.58193566784,complete,,,para a Clinica Medica,141614.58193566784,,
Patient_385,Discharge,141614.58193566784,complete,,,,,,13993.812214729667
Patient_386,Arrival,127692.9681062677,complete,,0.0,,,,
Patient_386,Origem_do Centro Cirurgico,127692.9681062677,complete,,,do Centro Cirurgico,127692.9681062677,,
Patient_386,CTI (CC),127692.9681062677,start,ctiBeds,0.0,,,,
Patient_386,CTI (CC),129312.82734920585,complete,ctiBeds,0.0,,,,
Patient_386,CTI prepara Encaminhamento,129312.82734920585,start,,0.0,,,,
Patient_386,CTI prepara Encaminhamento,129350.1964565899,complete,,0.0,,,,
Patient_386,Encaminha_para a Clinica Cirurgica,129350.1964565899,complete,,,para a Clinica Cirurgica,129350.1964565899,,
Patient_386,Discharge,129350.1964565899,complete,,,,,,1657.2283503221988
Patient_387,Arrival,127941.8215057332,complete,,0.0,,,,
Patient_387,Origem_do Pronto Socorro,127941.8215057332,complete,,,do Pronto Socorro,127941.8215057332,,
Patient_387,CTI (PS),127941.8215057332,start,ctiBeds,0.0,,,,
Patient_387,CTI (PS),144341.0570191878,complete,ctiBeds,0.0,,,,
Patient_387,CTI prepara Encaminhamento,144341.0570191878,start,,0.0,,,,
Patient_387,CTI prepara Encaminhamento,144386.32030408323,complete,,0.0,,,,
Patient_387,Encaminha_para a Clinica Cirurgica,144386.32030408323,complete,,,para a Clinica Cirurgica,144386.32030408323,,
Patient_387,Discharge,144386.32030408323,complete,,,,,,16444.498798350032
Patient_388,Arrival,128344.59572346114,complete,,0.0,,,,
Patient_388,Origem_do Pronto Socorro,128344.59572346114,complete,,,do Pronto Socorro,128344.59572346114,,
Patient_388,CTI (PS),128344.59572346114,start,ctiBeds,0.0,,,,
Patient_388,CTI (PS),130028.96571219292,complete,ctiBeds,0.0,,,,
Patient_388,CTI prepara Encaminhamento,130028.96571219292,start,,0.0,,,,
Patient_388,CTI prepara Encaminhamento,130080.68241684984,complete,,0.0,,,,
Patient_388,Encaminha_para a Clinica Medica,130080.68241684984,complete,,,para a Clinica Medica,130080.68241684984,,
Patient_388,Discharge,130080.68241684984,complete,,,,,,1736.086693388701
Patient_389,Arrival,129057.0526358882,complete,,0.0,,,,
Patient_389,Origem_do Centro Cirurgico,129057.0526358882,complete,,,do Centro Cirurgico,129057.0526358882,,
Patient_389,CTI (CC),129057.0526358882,start,ctiBeds,0.0,,,,
Patient_389,CTI (CC),267819.22786522814,complete,ctiBeds,0.0,,,,
Patient_389,CTI prepara Encaminhamento,267819.22786522814,start,,0.0,,,,
Patient_389,CTI prepara Encaminhamento,267875.2069937986,complete,,0.0,,,,
Patient_389,Encaminha_para a Clinica Cirurgica,267875.2069937986,complete,,,para a Clinica Cirurgica,267875.2069937986,,
Patient_389,Discharge,267875.2069937986,complete,,,,,,138818.1543579104
Patient_39,Arrival,9843.176824546836,complete,,0.0,,,,
Patient_39,Origem_do Centro Cirurgico,9843.176824546836,complete,,,do Centro Cirurgico,9843.176824546836,,
Patient_39,CTI (CC),9843.176824546836,start,ctiBeds,0.0,,,,
Patient_39,CTI (CC),12446.368001394316,complete,ctiBeds,0.0,,,,
Patient_39,CTI prepara Encaminhamento,12446.368001394316,start,,0.0,,,,
Patient_39,CTI prepara Encaminhamento,12496.3947005955,complete,,0.0,,,,
Patient_39,Encaminha_Transferencia Externa,12496.3947005955,complete,,,Transferencia Externa,12496.3947005955,,
Patient_39,Discharge,12496.3947005955,complete,,,,,,2653.217876048664
Patient_390,Arrival,129167.38164938145,complete,,0.0,,,,
Patient_390,Origem_do Centro Cirurgico,129167.38164938145,complete,,,do Centro Cirurgico,129167.38164938145,,
Patient_390,CTI (CC),129167.38164938145,start,ctiBeds,0.0,,,,
Patient_390,CTI (CC),130673.71917565091,complete,ctiBeds,0.0,,,,
Patient_390,CTI prepara Encaminhamento,130673.71917565091,start,,0.0,,,,
Patient_390,CTI prepara Encaminhamento,130723.92536193394,complete,,0.0,,,,
Patient_390,Encaminha_Obito,130723.92536193394,complete,,,Obito,130723.92536193394,,
Patient_390,Discharge,130723.92536193394,complete,,,,,,1556.5437125524913
Patient_391,Arrival,129278.86337375944,complete,,0.0,,,,
Patient_391,Origem_do Centro Cirurgico,129278.86337375944,complete,,,do Centro Cirurgico,129278.86337375944,,
Patient_391,CTI (CC),129278.86337375944,start,ctiBeds,0.0,,,,
Patient_391,CTI (CC),150553.27540208382,complete,ctiBeds,0.0,,,,
Patient_391,CTI prepara Encaminhamento,150553.27540208382,start,,0.0,,,,
Patient_391,CTI prepara Encaminhamento,150601.03356511972,complete,,0.0,,,,
Patient_391,Encaminha_para a Clinica Cirurgica,150601.03356511972,complete,,,para a Clinica Cirurgica,150601.03356511972,,
Patient_391,Discharge,150601.03356511972,complete,,,,,,21322.17019136029
Patient_392,Arrival,129298.73990863447,complete,,0.0,,,,
Patient_392,Origem_do Centro Cirurgico,129298.73990863447,complete,,,do Centro Cirurgico,129298.73990863447,,
Patient_392,CTI (CC),129298.73990863447,start,ctiBeds,0.0,,,,
Patient_392,CTI (CC),131998.81929351127,complete,ctiBeds,0.0,,,,
Patient_392,CTI prepara Encaminhamento,131998.81929351127,start,,0.0,,,,
Patient_392,CTI prepara Encaminhamento,132038.90263725535,complete,,0.0,,,,
Patient_392,Encaminha_para a Clinica Medica,132038.90263725535,complete,,,para a Clinica Medica,132038.90263725535,,
Patient_392,Discharge,132038.90263725535,complete,,,,,,2740.1627286208823
Patient_393,Arrival,129348.21516765647,complete,,0.0,,,,
Patient_393,Origem_do Pronto Socorro,129348.21516765647,complete,,,do Pronto Socorro,129348.21516765647,,
Patient_393,CTI (PS),129348.21516765647,start,ctiBeds,0.0,,,,
Patient_393,CTI (PS),130216.09427929037,complete,ctiBeds,0.0,,,,
Patient_393,CTI prepara Encaminhamento,130216.09427929037,start,,0.0,,,,
Patient_393,CTI prepara Encaminhamento,130272.5903882986,complete,,0.0,,,,
Patient_393,Encaminha_para a Clinica Medica,130272.5903882986,complete,,,para a Clinica Medica,130272.5903882986,,
Patient_393,Discharge,130272.5903882986,complete,,,,,,924.3752206421341
Patient_394,Arrival,130845.04375647038,complete,,0.0,,,,
Patient_394,Origem_do Centro Cirurgico,130845.04375647038,complete,,,do Centro Cirurgico,130845.04375647038,,
Patient_394,CTI (CC),130845.04375647038,start,ctiBeds,0.0,,,,
Patient_394,CTI (CC),140932.72640543617,complete,ctiBeds,0.0,,,,
Patient_394,CTI prepara Encaminhamento,140932.72640543617,start,,0.0,,,,
Patient_394,CTI prepara Encaminhamento,140974.57196184478,complete,,0.0,,,,
Patient_394,Encaminha_para a Clinica Medica,140974.57196184478,complete,,,para a Clinica Medica,140974.57196184478,,
Patient_394,Discharge,140974.57196184478,complete,,,,,,10129.528205374401
Patient_395,Arrival,130993.08433683265,complete,,0.0,,,,
Patient_395,Origem_do Pronto Socorro,130993.08433683265,complete,,,do Pronto Socorro,130993.08433683265,,
Patient_395,CTI (PS),130993.08433683265,start,ctiBeds,0.0,,,,
Patient_395,CTI (PS),152438.1584618364,complete,ctiBeds,0.0,,,,
Patient_395,CTI prepara Encaminhamento,152438.1584618364,start,,0.0,,,,
Patient_395,CTI prepara Encaminhamento,152479.6717974552,complete,,0.0,,,,
Patient_395,Encaminha_Obito,152479.6717974552,complete,,,Obito,152479.6717974552,,
Patient_395,Discharge,152479.6717974552,complete,,,,,,21486.587460622555
Patient_396,Arrival,131165.3433229509,complete,,0.0,,,,
Patient_396,Origem_do Centro Cirurgico,131165.3433229509,complete,,,do Centro Cirurgico,131165.3433229509,,
Patient_396,CTI (CC),131165.3433229509,start,ctiBeds,0.0,,,,
Patient_396,CTI (CC),131979.77317065385,complete,ctiBeds,0.0,,,,
Patient_396,CTI prepara Encaminhamento,131979.77317065385,start,,0.0,,,,
Patient_396,CTI prepara Encaminhamento,132038.20863463328,complete,,0.0,,,,
Patient_396,Encaminha_para a Clinica Medica,132038.20863463328,complete,,,para a Clinica Medica,132038.20863463328,,
Patient_396,Discharge,132038.20863463328,complete,,,,,,872.8653116823698
Patient_397,Arrival,131793.19953784999,complete,,0.0,,,,
Patient_397,Origem_da Clinica Cirurgica,131793.19953784999,complete,,,da Clinica Cirurgica,131793.19953784999,,
Patient_397,CTI (CLIC),131793.19953784999,start,ctiBeds,0.0,,,,
Patient_397,CTI (CLIC),135701.650331302,complete,ctiBeds,0.0,,,,
Patient_397,CTI prepara Encaminhamento,135701.650331302,start,,0.0,,,,
Patient_397,CTI prepara Encaminhamento,135736.03355240147,complete,,0.0,,,,
Patient_397,Encaminha_para a Clinica Medica,135736.03355240147,complete,,,para a Clinica Medica,135736.03355240147,,
Patient_397,Discharge,135736.03355240147,complete,,,,,,3942.8340145514812
Patient_398,Arrival,132229.77825608462,complete,,0.0,,,,
Patient_398,Origem_do Pronto Socorro,132229.77825608462,complete,,,do Pronto Socorro,132229.77825608462,,
Patient_398,CTI (PS),132229.77825608462,start,ctiBeds,0.0,,,,
Patient_398,CTI (PS),136386.49250440925,complete,ctiBeds,0.0,,,,
Patient_398,CTI prepara Encaminhamento,136386.49250440925,start,,0.0,,,,
Patient_398,CTI prepara Encaminhamento,136418.15003651305,complete,,0.0,,,,
Patient_398,Encaminha_para a Clinica Cirurgica,136418.15003651305,complete,,,para a Clinica Cirurgica,136418.15003651305,,
Patient_398,Discharge,136418.15003651305,complete,,,,,,4188.371780428424
Patient_399,Arrival,132354.53906809716,complete,,0.0,,,,
Patient_399,Origem_do Centro Cirurgico,132354.53906809716,complete,,,do Centro Cirurgico,132354.53906809716,,
Patient_399,CTI (CC),132354.53906809716,start,ctiBeds,0.0,,,,
Patient_399,CTI (CC),132971.27376607785,complete,ctiBeds,0.0,,,,
Patient_399,CTI prepara Encaminhamento,132971.27376607785,start,,0.0,,,,
Patient_399,CTI prepara Encaminhamento,133016.6047076975,complete,,0.0,,,,
Patient_399,Encaminha_para a Clinica Cirurgica,133016.6047076975,complete,,,para a Clinica Cirurgica,133016.6047076975,,
Patient_399,Discharge,133016.6047076975,complete,,,,,,662.0656396003324
Patient_4,Arrival,456.1531913313369,complete,,0.0,,,,
Patient_4,Origem_do Centro Cirurgico,456.1531913313369,complete,,,do Centro Cirurgico,456.1531913313369,,
Patient_4,CTI (CC),456.1531913313369,start,ctiBeds,0.0,,,,
Patient_4,CTI (CC),3309.2734726313065,complete,ctiBeds,0.0,,,,
Patient_4,CTI prepara Encaminhamento,3309.2734726313065,start,,0.0,,,,
Patient_4,CTI prepara Encaminhamento,3364.6400453287583,complete,,0.0,,,,
Patient_4,Encaminha_para a Clinica Medica,3364.6400453287583,complete,,,para a Clinica Medica,3364.6400453287583,,
Patient_4,Discharge,3364.6400453287583,complete,,,,,,2908.4868539974213
Patient_40,Arrival,10368.590809347457,complete,,0.0,,,,
Patient_40,Origem_do Centro Cirurgico,10368.590809347457,complete,,,do Centro Cirurgico,10368.590809347457,,
Patient_40,CTI (CC),10368.590809347457,start,ctiBeds,0.0,,,,
Patient_40,CTI (CC),12471.236104349822,complete,ctiBeds,0.0,,,,
Patient_40,CTI prepara Encaminhamento,12471.236104349822,start,,0.0,,,,
Patient_40,CTI prepara Encaminhamento,12505.405721324765,complete,,0.0,,,,
Patient_40,Encaminha_para a Clinica Medica,12505.405721324765,complete,,,para a Clinica Medica,12505.405721324765,,
Patient_40,Discharge,12505.405721324765,complete,,,,,,2136.814911977308
Patient_400,Arrival,133304.34198626946,complete,,0.0,,,,
Patient_400,Origem_do Centro Cirurgico,133304.34198626946,complete,,,do Centro Cirurgico,133304.34198626946,,
Patient_400,CTI (CC),133304.34198626946,start,ctiBeds,0.0,,,,
Patient_400,CTI (CC),138570.10401442432,complete,ctiBeds,0.0,,,,
Patient_400,CTI prepara Encaminhamento,138570.10401442432,start,,0.0,,,,
Patient_400,CTI prepara Encaminhamento,138616.4141716375,complete,,0.0,,,,
Patient_400,Encaminha_para a Clinica Cirurgica,138616.4141716375,complete,,,para a Clinica Cirurgica,138616.4141716375,,
Patient_400,Discharge,138616.4141716375,complete,,,,,,5312.072185368044
Patient_401,Arrival,133585.31655920547,complete,,0.0,,,,
Patient_401,Origem_do Centro Cirurgico,133585.31655920547,complete,,,do Centro Cirurgico,133585.31655920547,,
Patient_401,CTI (CC),133585.31655920547,start,ctiBeds,0.0,,,,
Patient_401,CTI (CC),135907.155410281,complete,ctiBeds,0.0,,,,
Patient_401,CTI prepara Encaminhamento,135907.155410281,start,,0.0,,,,
Patient_401,CTI prepara Encaminhamento,135963.33153113778,complete,,0.0,,,,
Patient_401,Encaminha_para a Clinica Medica,135963.33153113778,complete,,,para a Clinica Medica,135963.33153113778,,
Patient_401,Discharge,135963.33153113778,complete,,,,,,2378.014971932309
Patient_402,Arrival,134604.3756313513,complete,,0.0,,,,
Patient_402,Origem_do Pronto Socorro,134604.3756313513,complete,,,do Pronto Socorro,134604.3756313513,,
Patient_402,CTI (PS),134604.3756313513,start,ctiBeds,0.0,,,,
Patient_402,CTI (PS),143142.40528434145,complete,ctiBeds,0.0,,,,
Patient_402,CTI prepara Encaminhamento,143142.40528434145,start,,0.0,,,,
Patient_402,CTI prepara Encaminhamento,143199.75195986516,complete,,0.0,,,,
Patient_402,Encaminha_para a Clinica Medica,143199.75195986516,complete,,,para a Clinica Medica,143199.75195986516,,
Patient_402,Discharge,143199.75195986516,complete,,,,,,8595.37632851387
Patient_403,Arrival,134671.70529969694,complete,,0.0,,,,
Patient_403,Origem_da Clinica Cirurgica,134671.70529969694,complete,,,da Clinica Cirurgica,134671.70529969694,,
Patient_403,CTI (CLIC),134671.70529969694,start,ctiBeds,0.0,,,,
Patient_403,CTI (CLIC),146265.55658314022,complete,ctiBeds,0.0,,,,
Patient_403,CTI prepara Encaminhamento,146265.55658314022,start,,0.0,,,,
Patient_403,CTI prepara Encaminhamento,146314.7117724272,complete,,0.0,,,,
Patient_403,Encaminha_para a Clinica Cirurgica,146314.7117724272,complete,,,para a Clinica Cirurgica,146314.7117724272,,
Patient_403,Discharge,146314.7117724272,complete,,,,,,11643.006472730252
Patient_404,Arrival,134823.80203701532,complete,,0.0,,,,
Patient_404,Origem_do Pronto Socorro,134823.80203701532,complete,,,do Pronto Socorro,134823.80203701532,,
Patient_404,CTI (PS),134823.80203701532,start,ctiBeds,0.0,,,,
Patient_404,CTI (PS),196342.32249752723,complete,ctiBeds,0.0,,,,
Patient_404,CTI prepara Encaminhamento,196342.32249752723,start,,0.0,,,,
Patient_404,CTI prepara Encaminhamento,196391.89474640356,complete,,0.0,,,,
Patient_404,Encaminha_Transferencia Externa,196391.89474640356,complete,,,Transferencia Externa,196391.89474640356,,
Patient_404,Discharge,196391.89474640356,complete,,,,,,61568.092709388235
Patient_405,Arrival,136007.95243280588,complete,,0.0,,,,
Patient_405,Origem_do Pronto Socorro,136007.95243280588,complete,,,do Pronto Socorro,136007.95243280588,,
Patient_405,CTI (PS),136007.95243280588,start,ctiBeds,0.0,,,,
Patient_405,CTI (PS),140420.64525953916,complete,ctiBeds,0.0,,,,
Patient_405,CTI prepara Encaminhamento,140420.64525953916,start,,0.0,,,,
Patient_405,CTI prepara Encaminhamento,140459.59039150618,complete,,0.0,,,,
Patient_405,Encaminha_Obito,140459.59039150618,complete,,,Obito,140459.59039150618,,
Patient_405,Discharge,140459.59039150618,complete,,,,,,4451.637958700303
Patient_406,Arrival,136032.76911882573,complete,,0.0,,,,
Patient_406,Origem_do Centro Cirurgico,136032.76911882573,complete,,,do Centro Cirurgico,136032.76911882573,,
Patient_406,CTI (CC),136032.76911882573,start,ctiBeds,0.0,,,,
Patient_406,CTI (CC),138045.46822822973,complete,ctiBeds,0.0,,,,
Patient_406,CTI prepara Encaminhamento,138045.46822822973,start,,0.0,,,,
Patient_406,CTI prepara Encaminhamento,138078.65835274133,complete,,0.0,,,,
Patient_406,Encaminha_Obito,138078.65835274133,complete,,,Obito,138078.65835274133,,
Patient_406,Discharge,138078.65835274133,complete,,,,,,2045.889233915601
Patient_407,Arrival,136601.76336150887,complete,,0.0,,,,
Patient_407,Origem_do Centro Cirurgico,136601.76336150887,complete,,,do Centro Cirurgico,136601.76336150887,,
Patient_407,CTI (CC),136601.76336150887,start,ctiBeds,0.0,,,,
Patient_407,CTI (CC),137400.40481641697,complete,ctiBeds,0.0,,,,
Patient_407,CTI prepara Encaminhamento,137400.40481641697,start,,0.0,,,,
Patient_407,CTI prepara Encaminhamento,137436.54220840146,complete,,0.0,,,,
Patient_407,Encaminha_Obito,137436.54220840146,complete,,,Obito,137436.54220840146,,
Patient_407,Discharge,137436.54220840146,complete,,,,,,834.7788468925864
Patient_408,Arrival,136759.6827219537,complete,,0.0,,,,
Patient_408,Origem_do Centro Cirurgico,136759.6827219537,complete,,,do Centro Cirurgico,136759.6827219537,,
Patient_408,CTI (CC),136759.6827219537,start,ctiBeds,0.0,,,,
Patient_408,CTI (CC),142718.64184697068,complete,ctiBeds,0.0,,,,
Patient_408,CTI prepara Encaminhamento,142718.64184697068,start,,0.0,,,,
Patient_408,CTI prepara Encaminhamento,142766.23245710583,complete,,0.0,,,,
Patient_408,Encaminha_para a Clinica Medica,142766.23245710583,complete,,,para a Clinica Medica,142766.23245710583,,
Patient_408,Discharge,142766.23245710583,complete,,,,,,6006.5497351521335
Patient_409,Arrival,137314.84649526372,complete,,0.0,,,,
Patient_409,Origem_do Pronto Socorro,137314.84649526372,complete,,,do Pronto Socorro,137314.84649526372,,
Patient_409,CTI (PS),137314.84649526372,start,ctiBeds,0.0,,,,
Patient_409,CTI (PS),142043.26718089794,complete,ctiBeds,0.0,,,,
Patient_409,CTI prepara Encaminhamento,142043.26718089794,start,,0.0,,,,
Patient_409,CTI prepara Encaminhamento,142077.0318655588,complete,,0.0,,,,
Patient_409,Encaminha_para a Clinica Medica,142077.0318655588,complete,,,para a Clinica Medica,142077.0318655588,,
Patient_409,Discharge,142077.0318655588,complete,,,,,,4762.185370295076
Patient_41,Arrival,10671.146297603533,complete,,0.0,,,,
Patient_41,Origem_da Clinica Cirurgica,10671.146297603533,complete,,,da Clinica Cirurgica,10671.146297603533,,
Patient_41,CTI (CLIC),10671.146297603533,start,ctiBeds,0.0,,,,
Patient_41,CTI (CLIC),11782.940028992565,complete,ctiBeds,0.0,,,,
Patient_41,CTI prepara Encaminhamento,11782.940028992565,start,,0.0,,,,
Patient_41,CTI prepara Encaminhamento,11825.2586734147,complete,,0.0,,,,
Patient_41,Encaminha_para a Clinica Cirurgica,11825.2586734147,complete,,,para a Clinica Cirurgica,11825.2586734147,,
Patient_41,Discharge,11825.2586734147,complete,,,,,,1154.112375811168
Patient_410,Arrival,137652.63738212074,complete,,0.0,,,,
Patient_410,Origem_do Centro Cirurgico,137652.63738212074,complete,,,do Centro Cirurgico,137652.63738212074,,
Patient_410,CTI (CC),137652.63738212074,start,ctiBeds,0.0,,,,
Patient_410,CTI (CC),144772.46493992733,complete,ctiBeds,0.0,,,,
Patient_410,CTI prepara Encaminhamento,144772.46493992733,start,,0.0,,,,
Patient_410,CTI prepara Encaminhamento,144819.15458884314,complete,,0.0,,,,
Patient_410,Encaminha_Obito,144819.15458884314,complete,,,Obito,144819.15458884314,,
Patient_410,Discharge,144819.15458884314,complete,,,,,,7166.517206722405
Patient_411,Arrival,138016.9710561594,complete,,0.0,,,,
Patient_411,Origem_do Pronto Socorro,138016.9710561594,complete,,,do Pronto Socorro,138016.9710561594,,
Patient_411,CTI (PS),138016.9710561594,start,ctiBeds,0.0,,,,
Patient_411,CTI (PS),139998.83623498277,complete,ctiBeds,0.0,,,,
Patient_411,CTI prepara Encaminhamento,139998.83623498277,start,,0.0,,,,
Patient_411,CTI prepara Encaminhamento,140058.46205692593,complete,,0.0,,,,
Patient_411,Encaminha_para a Clinica Medica,140058.46205692593,complete,,,para a Clinica Medica,140058.46205692593,,
Patient_411,Discharge,140058.46205692593,complete,,,,,,2041.4910007665167
Patient_412,Arrival,138711.67991583727,complete,,0.0,,,,
Patient_412,Origem_do Pronto Socorro,138711.67991583727,complete,,,do Pronto Socorro,138711.67991583727,,
Patient_412,CTI (PS),138711.67991583727,start,ctiBeds,0.0,,,,
Patient_412,CTI (PS),186434.71508979087,complete,ctiBeds,0.0,,,,
Patient_412,CTI prepara Encaminhamento,186434.71508979087,start,,0.0,,,,
Patient_412,CTI prepara Encaminhamento,186464.8406249462,complete,,0.0,,,,
Patient_412,Encaminha_para a Clinica Medica,186464.8406249462,complete,,,para a Clinica Medica,186464.8406249462,,
Patient_412,Discharge,186464.8406249462,complete,,,,,,47753.160709108924
Patient_413,Arrival,138961.00217148766,complete,,0.0,,,,
Patient_413,Origem_do Pronto Socorro,138961.00217148766,complete,,,do Pronto Socorro,138961.00217148766,,
Patient_413,CTI (PS),138961.00217148766,start,ctiBeds,0.0,,,,
Patient_413,CTI (PS),146219.32002621237,complete,ctiBeds,0.0,,,,
Patient_413,CTI prepara Encaminhamento,146219.32002621237,start,,0.0,,,,
Patient_413,CTI prepara Encaminhamento,146252.11631747292,complete,,0.0,,,,
Patient_413,Encaminha_Transferencia Externa,146252.11631747292,complete,,,Transferencia Externa,146252.11631747292,,
Patient_413,Discharge,146252.11631747292,complete,,,,,,7291.1141459852515
Patient_414,Arrival,139331.12879341416,complete,,0.0,,,,
Patient_414,Origem_do Pronto Socorro,139331.12879341416,complete,,,do Pronto Socorro,139331.12879341416,,
Patient_414,CTI (PS),139331.12879341416,start,ctiBeds,0.0,,,,
Patient_414,CTI (PS),146214.43605684963,complete,ctiBeds,0.0,,,,
Patient_414,CTI prepara Encaminhamento,146214.43605684963,start,,0.0,,,,
Patient_414,CTI prepara Encaminhamento,146256.72659181803,complete,,0.0,,,,
Patient_414,Encaminha_Obito,146256.72659181803,complete,,,Obito,146256.72659181803,,
Patient_414,Discharge,146256.72659181803,complete,,,,,,6925.597798403876
Patient_415,Arrival,139339.84052333882,complete,,0.0,,,,
Patient_415,Origem_do Centro Cirurgico,139339.84052333882,complete,,,do Centro Cirurgico,139339.84052333882,,
Patient_415,CTI (CC),139339.84052333882,start,ctiBeds,0.0,,,,
Patient_415,CTI (CC),143754.6464269218,complete,ctiBeds,0.0,,,,
Patient_415,CTI prepara Encaminhamento,143754.6464269218,start,,0.0,,,,
Patient_415,CTI prepara Encaminhamento,143785.80167079173,complete,,0.0,,,,
Patient_415,Encaminha_para a Clinica Medica,143785.80167079173,complete,,,para a Clinica Medica,143785.80167079173,,
Patient_415,Discharge,143785.80167079173,complete,,,,,,4445.961147452908
Patient_416,Arrival,139662.13421401306,complete,,0.0,,,,
Patient_416,Origem_do Centro Cirurgico,139662.13421401306,complete,,,do Centro Cirurgico,139662.13421401306,,
Patient_416,CTI (CC),139662.13421401306,start,ctiBeds,0.0,,,,
Patient_416,CTI (CC),141869.29366458044,complete,ctiBeds,0.0,,,,
Patient_416,CTI prepara Encaminhamento,141869.29366458044,start,,0.0,,,,
Patient_416,CTI prepara Encaminhamento,141925.26281487267,complete,,0.0,,,,
Patient_416,Encaminha_Transferencia Externa,141925.26281487267,complete,,,Transferencia Externa,141925.26281487267,,
Patient_416,Discharge,141925.26281487267,complete,,,,,,2263.128600859607
Patient_417,Arrival,140496.1013944987,complete,,0.0,,,,
Patient_417,Origem_do Pronto Socorro,140496.1013944987,complete,,,do Pronto Socorro,140496.1013944987,,
Patient_417,CTI (PS),140496.1013944987,start,ctiBeds,0.0,,,,
Patient_417,CTI (PS),143155.76696358644,complete,ctiBeds,0.0,,,,
Patient_417,CTI prepara Encaminhamento,143155.76696358644,start,,0.0,,,,
Patient_417,CTI prepara Encaminhamento,143206.48135812848,complete,,0.0,,,,
Patient_417,Encaminha_para a Clinica Cirurgica,143206.48135812848,complete,,,para a Clinica Cirurgica,143206.48135812848,,
Patient_417,Discharge,143206.48135812848,complete,,,,,,2710.3799636297917
Patient_418,Arrival,140773.11563390406,complete,,0.0,,,,
Patient_418,Origem_do Centro Cirurgico,140773.11563390406,complete,,,do Centro Cirurgico,140773.11563390406,,
Patient_418,CTI (CC),140773.11563390406,start,ctiBeds,0.0,,,,
Patient_418,CTI (CC),142554.3243231015,complete,ctiBeds,0.0,,,,
Patient_418,CTI prepara Encaminhamento,142554.3243231015,start,,0.0,,,,
Patient_418,CTI prepara Encaminhamento,142603.78080275204,complete,,0.0,,,,
Patient_418,Encaminha_para a Clinica Medica,142603.78080275204,complete,,,para a Clinica Medica,142603.78080275204,,
Patient_418,Discharge,142603.78080275204,complete,,,,,,1830.665168847976
Patient_419,Arrival,141672.40200550153,complete,,0.0,,,,
Patient_419,Origem_do Centro Cirurgico,141672.40200550153,complete,,,do Centro Cirurgico,141672.40200550153,,
Patient_419,CTI (CC),141672.40200550153,start,ctiBeds,0.0,,,,
Patient_419,CTI (CC),146060.419089221,complete,ctiBeds,0.0,,,,
Patient_419,CTI prepara Encaminhamento,146060.419089221,start,,0.0,,,,
Patient_419,CTI prepara Encaminhamento,146107.8548067209,complete,,0.0,,,,
Patient_419,Encaminha_para a Clinica Medica,146107.8548067209,complete,,,para a Clinica Medica,146107.8548067209,,
Patient_419,Discharge,146107.8548067209,complete,,,,,,4435.452801219362
Patient_42,Arrival,10718.553043007447,complete,,0.0,,,,
Patient_42,Origem_do Pronto Socorro,10718.553043007447,complete,,,do Pronto Socorro,10718.553043007447,,
Patient_42,CTI (PS),10718.553043007447,start,ctiBeds,0.0,,,,
Patient_42,CTI (PS),23270.544110887768,complete,ctiBeds,0.0,,,,
Patient_42,CTI prepara Encaminhamento,23270.544110887768,start,,0.0,,,,
Patient_42,CTI prepara Encaminhamento,23330.434203685454,complete,,0.0,,,,
Patient_42,Encaminha_Obito,23330.434203685454,complete,,,Obito,23330.434203685454,,
Patient_42,Discharge,23330.434203685454,complete,,,,,,12611.881160678007
Patient_420,Arrival,142296.15158672322,complete,,0.0,,,,
Patient_420,Origem_do Pronto Socorro,142296.15158672322,complete,,,do Pronto Socorro,142296.15158672322,,
Patient_420,CTI (PS),142296.15158672322,start,ctiBeds,0.0,,,,
Patient_420,CTI (PS),144872.2627689235,complete,ctiBeds,0.0,,,,
Patient_420,CTI prepara Encaminhamento,144872.2627689235,start,,0.0,,,,
Patient_420,CTI prepara Encaminhamento,144926.74923595748,complete,,0.0,,,,
Patient_420,Encaminha_para a Clinica Medica,144926.74923595748,complete,,,para a Clinica Medica,144926.74923595748,,
Patient_420,Discharge,144926.74923595748,complete,,,,,,2630.5976492342597
Patient_421,Arrival,142789.4392830244,complete,,0.0,,,,
Patient_421,Origem_do Centro Cirurgico,142789.4392830244,complete,,,do Centro Cirurgico,142789.4392830244,,
Patient_421,CTI (CC),142789.4392830244,start,ctiBeds,0.0,,,,
Patient_421,CTI (CC),143762.88453146775,complete,ctiBeds,0.0,,,,
Patient_421,CTI prepara Encaminhamento,143762.88453146775,start,,0.0,,,,
Patient_421,CTI prepara Encaminhamento,143805.77067824116,complete,,0.0,,,,
Patient_421,Encaminha_para a Clinica Medica,143805.77067824116,complete,,,para a Clinica Medica,143805.77067824116,,
Patient_421,Discharge,143805.77067824116,complete,,,,,,1016.3313952167518
Patient_422,Arrival,143550.1463192916,complete,,0.0,,,,
Patient_422,Origem_do Centro Cirurgico,143550.1463192916,complete,,,do Centro Cirurgico,143550.1463192916,,
Patient_422,CTI (CC),143550.1463192916,start,ctiBeds,0.0,,,,
Patient_422,CTI (CC),156721.81208631324,complete,ctiBeds,0.0,,,,
Patient_422,CTI prepara Encaminhamento,156721.81208631324,start,,0.0,,,,
Patient_422,CTI prepara Encaminhamento,156770.2843729859,complete,,0.0,,,,
Patient_422,Encaminha_para a Clinica Medica,156770.2843729859,complete,,,para a Clinica Medica,156770.2843729859,,
Patient_422,Discharge,156770.2843729859,complete,,,,,,13220.138053694274
Patient_423,Arrival,143794.99539071278,complete,,0.0,,,,
Patient_423,Origem_do Pronto Socorro,143794.99539071278,complete,,,do Pronto Socorro,143794.99539071278,,
Patient_423,CTI (PS),143794.99539071278,start,ctiBeds,0.0,,,,
Patient_423,CTI (PS),157632.57442720036,complete,ctiBeds,0.0,,,,
Patient_423,CTI prepara Encaminhamento,157632.57442720036,start,,0.0,,,,
Patient_423,CTI prepara Encaminhamento,157684.22689489997,complete,,0.0,,,,
Patient_423,Encaminha_para a Clinica Medica,157684.22689489997,complete,,,para a Clinica Medica,157684.22689489997,,
Patient_423,Discharge,157684.22689489997,complete,,,,,,13889.231504187192
Patient_424,Arrival,144036.44273795836,complete,,0.0,,,,
Patient_424,Origem_da Clinica Cirurgica,144036.44273795836,complete,,,da Clinica Cirurgica,144036.44273795836,,
Patient_424,CTI (CLIC),144036.44273795836,start,ctiBeds,0.0,,,,
Patient_424,CTI (CLIC),150188.45427065538,complete,ctiBeds,0.0,,,,
Patient_424,CTI prepara Encaminhamento,150188.45427065538,start,,0.0,,,,
Patient_424,CTI prepara Encaminhamento,150221.84478310772,complete,,0.0,,,,
Patient_424,Encaminha_para a Clinica Cirurgica,150221.84478310772,complete,,,para a Clinica Cirurgica,150221.84478310772,,
Patient_424,Discharge,150221.84478310772,complete,,,,,,6185.402045149356
Patient_425,Arrival,144316.36816445645,complete,,0.0,,,,
Patient_425,Origem_do Pronto Socorro,144316.36816445645,complete,,,do Pronto Socorro,144316.36816445645,,
Patient_425,CTI (PS),144316.36816445645,start,ctiBeds,0.0,,,,
Patient_425,CTI (PS),146399.18515822952,complete,ctiBeds,0.0,,,,
Patient_425,CTI prepara Encaminhamento,146399.18515822952,start,,0.0,,,,
Patient_425,CTI prepara Encaminhamento,146432.4436713429,complete,,0.0,,,,
Patient_425,Encaminha_para a Clinica Cirurgica,146432.4436713429,complete,,,para a Clinica Cirurgica,146432.4436713429,,
Patient_425,Discharge,146432.4436713429,complete,,,,,,2116.0755068864382
Patient_426,Arrival,144936.80065556234,complete,,0.0,,,,
Patient_426,Origem_do Centro Cirurgico,144936.80065556234,complete,,,do Centro Cirurgico,144936.80065556234,,
Patient_426,CTI (CC),144936.80065556234,start,ctiBeds,0.0,,,,
Patient_426,CTI (CC),145379.59333512647,complete,ctiBeds,0.0,,,,
Patient_426,CTI prepara Encaminhamento,145379.59333512647,start,,0.0,,,,
Patient_426,CTI prepara Encaminhamento,145425.41748022495,complete,,0.0,,,,
Patient_426,Encaminha_Obito,145425.41748022495,complete,,,Obito,145425.41748022495,,
Patient_426,Discharge,145425.41748022495,complete,,,,,,488.6168246626039
Patient_427,Arrival,145854.53500795297,complete,,0.0,,,,
Patient_427,Origem_do Centro Cirurgico,145854.53500795297,complete,,,do Centro Cirurgico,145854.53500795297,,
Patient_427,CTI (CC),145854.53500795297,start,ctiBeds,0.0,,,,
Patient_427,CTI (CC),146051.30039301675,complete,ctiBeds,0.0,,,,
Patient_427,CTI prepara Encaminhamento,146051.30039301675,start,,0.0,,,,
Patient_427,CTI prepara Encaminhamento,146111.2877830581,complete,,0.0,,,,
Patient_427,Encaminha_para a Clinica Medica,146111.2877830581,complete,,,para a Clinica Medica,146111.2877830581,,
Patient_427,Discharge,146111.2877830581,complete,,,,,,256.7527751051239
Patient_428,Arrival,145873.2008438692,complete,,0.0,,,,
Patient_428,Origem_do Centro Cirurgico,145873.2008438692,complete,,,do Centro Cirurgico,145873.2008438692,,
Patient_428,CTI (CC),145873.2008438692,start,ctiBeds,0.0,,,,
Patient_428,CTI (CC),176445.27565450515,complete,ctiBeds,0.0,,,,
Patient_428,CTI prepara Encaminhamento,176445.27565450515,start,,0.0,,,,
Patient_428,CTI prepara Encaminhamento,176484.3865653241,complete,,0.0,,,,
Patient_428,Encaminha_Obito,176484.3865653241,complete,,,Obito,176484.3865653241,,
Patient_428,Discharge,176484.3865653241,complete,,,,,,30611.18572145488
Patient_429,Arrival,146238.77739875013,complete,,0.0,,,,
Patient_429,Origem_do Centro Cirurgico,146238.77739875013,complete,,,do Centro Cirurgico,146238.77739875013,,
Patient_429,CTI (CC),146238.77739875013,start,ctiBeds,0.0,,,,
Patient_429,CTI (CC),158158.50068075903,complete,ctiBeds,0.0,,,,
Patient_429,CTI prepara Encaminhamento,158158.50068075903,start,,0.0,,,,
Patient_429,CTI prepara Encaminhamento,158197.50693018833,complete,,0.0,,,,
Patient_429,Encaminha_para a Clinica Medica,158197.50693018833,complete,,,para a Clinica Medica,158197.50693018833,,
Patient_429,Discharge,158197.50693018833,complete,,,,,,11958.729531438206
Patient_43,Arrival,10759.592231569837,complete,,0.0,,,,
Patient_43,Origem_do Pronto Socorro,10759.592231569837,complete,,,do Pronto Socorro,10759.592231569837,,
Patient_43,CTI (PS),10759.592231569837,start,ctiBeds,0.0,,,,
Patient_43,CTI (PS),45633.778690384366,complete,ctiBeds,0.0,,,,
Patient_43,CTI prepara Encaminhamento,45633.778690384366,start,,0.0,,,,
Patient_43,CTI prepara Encaminhamento,45686.92811346481,complete,,0.0,,,,
Patient_43,Encaminha_Obito,45686.92811346481,complete,,,Obito,45686.92811346481,,
Patient_43,Discharge,45686.92811346481,complete,,,,,,34927.33588189498
Patient_430,Arrival,146249.60580149625,complete,,0.0,,,,
Patient_430,Origem_do Centro Cirurgico,146249.60580149625,complete,,,do Centro Cirurgico,146249.60580149625,,
Patient_430,CTI (CC),146249.60580149625,start,ctiBeds,0.0,,,,
Patient_430,CTI (CC),149347.37555915036,complete,ctiBeds,0.0,,,,
Patient_430,CTI prepara Encaminhamento,149347.37555915036,start,,0.0,,,,
Patient_430,CTI prepara Encaminhamento,149383.7986402841,complete,,0.0,,,,
Patient_430,Encaminha_para a Clinica Cirurgica,149383.7986402841,complete,,,para a Clinica Cirurgica,149383.7986402841,,
Patient_430,Discharge,149383.7986402841,complete,,,,,,3134.192838787858
Patient_431,Arrival,146354.7526049765,complete,,0.0,,,,
Patient_431,Origem_do Pronto Socorro,146354.7526049765,complete,,,do Pronto Socorro,146354.7526049765,,
Patient_431,CTI (PS),146354.7526049765,start,ctiBeds,0.0,,,,
Patient_431,CTI (PS),194000.79231451233,complete,ctiBeds,0.0,,,,
Patient_431,CTI prepara Encaminhamento,194000.79231451233,start,,0.0,,,,
Patient_431,CTI prepara Encaminhamento,194036.2667232099,complete,,0.0,,,,
Patient_431,Encaminha_para a Clinica Cirurgica,194036.2667232099,complete,,,para a Clinica Cirurgica,194036.2667232099,,
Patient_431,Discharge,194036.2667232099,complete,,,,,,47681.514118233405
Patient_432,Arrival,146385.69695988225,complete,,0.0,,,,
Patient_432,Origem_do Pronto Socorro,146385.69695988225,complete,,,do Pronto Socorro,146385.69695988225,,
Patient_432,CTI (PS),146385.69695988225,start,ctiBeds,0.0,,,,
Patient_432,CTI (PS),151140.67635485713,complete,ctiBeds,0.0,,,,
Patient_432,CTI prepara Encaminhamento,151140.67635485713,start,,0.0,,,,
Patient_432,CTI prepara Encaminhamento,151194.25226653076,complete,,0.0,,,,
Patient_432,Encaminha_Obito,151194.25226653076,complete,,,Obito,151194.25226653076,,
Patient_432,Discharge,151194.25226653076,complete,,,,,,4808.555306648515
Patient_433,Arrival,146992.86495633947,complete,,0.0,,,,
Patient_433,Origem_do Pronto Socorro,146992.86495633947,complete,,,do Pronto Socorro,146992.86495633947,,
Patient_433,CTI (PS),146992.86495633947,start,ctiBeds,0.0,,,,
Patient_433,CTI (PS),167980.8928517822,complete,ctiBeds,0.0,,,,
Patient_433,CTI prepara Encaminhamento,167980.8928517822,start,,0.0,,,,
Patient_433,CTI prepara Encaminhamento,168015.08518844392,complete,,0.0,,,,
Patient_433,Encaminha_para a Clinica Cirurgica,168015.08518844392,complete,,,para a Clinica Cirurgica,168015.08518844392,,
Patient_433,Discharge,168015.08518844392,complete,,,,,,21022.220232104446
Patient_434,Arrival,147119.83674819145,complete,,0.0,,,,
Patient_434,Origem_da Clinica Cirurgica,147119.83674819145,complete,,,da Clinica Cirurgica,147119.83674819145,,
Patient_434,CTI (CLIC),147119.83674819145,start,ctiBeds,0.0,,,,
Patient_434,CTI (CLIC),156486.64168745486,complete,ctiBeds,0.0,,,,
Patient_434,CTI prepara Encaminhamento,156486.64168745486,start,,0.0,,,,
Patient_434,CTI prepara Encaminhamento,156537.27443982073,complete,,0.0,,,,
Patient_434,Encaminha_para a Maternidade,156537.27443982073,complete,,,para a Maternidade,156537.27443982073,,
Patient_434,Discharge,156537.27443982073,complete,,,,,,9417.437691629282
Patient_435,Arrival,147387.30497814578,complete,,0.0,,,,
Patient_435,Origem_do Pronto Socorro,147387.30497814578,complete,,,do Pronto Socorro,147387.30497814578,,
Patient_435,CTI (PS),147387.30497814578,start,ctiBeds,0.0,,,,
Patient_435,CTI (PS),167152.51606376187,complete,ctiBeds,0.0,,,,
Patient_435,CTI prepara Encaminhamento,167152.51606376187,start,,0.0,,,,
Patient_435,CTI prepara Encaminhamento,167209.96546615395,complete,,0.0,,,,
Patient_435,Encaminha_para a Clinica Medica,167209.96546615395,complete,,,para a Clinica Medica,167209.96546615395,,
Patient_435,Discharge,167209.96546615395,complete,,,,,,19822.660488008172
Patient_436,Arrival,147410.23655452105,complete,,0.0,,,,
Patient_436,Origem_do Centro Cirurgico,147410.23655452105,complete,,,do Centro Cirurgico,147410.23655452105,,
Patient_436,CTI (CC),147410.23655452105,start,ctiBeds,0.0,,,,
Patient_436,CTI (CC),284486.46486835583,complete,ctiBeds,0.0,,,,
Patient_436,CTI prepara Encaminhamento,284486.46486835583,start,,0.0,,,,
Patient_436,CTI prepara Encaminhamento,284538.3773377852,complete,,0.0,,,,
Patient_436,Encaminha_para a Clinica Cirurgica,284538.3773377852,complete,,,para a Clinica Cirurgica,284538.3773377852,,
Patient_436,Discharge,284538.3773377852,complete,,,,,,137128.14078326416
Patient_437,Arrival,147412.59812502298,complete,,0.0,,,,
Patient_437,Origem_do Pronto Socorro,147412.59812502298,complete,,,do Pronto Socorro,147412.59812502298,,
Patient_437,CTI (PS),147412.59812502298,start,ctiBeds,0.0,,,,
Patient_437,CTI (PS),150574.8221871646,complete,ctiBeds,0.0,,,,
Patient_437,CTI prepara Encaminhamento,150574.8221871646,start,,0.0,,,,
Patient_437,CTI prepara Encaminhamento,150614.3775320893,complete,,0.0,,,,
Patient_437,Encaminha_para a Clinica Cirurgica,150614.3775320893,complete,,,para a Clinica Cirurgica,150614.3775320893,,
Patient_437,Discharge,150614.3775320893,complete,,,,,,3201.779407066322
Patient_438,Arrival,147462.16662302957,complete,,0.0,,,,
Patient_438,Origem_do Centro Cirurgico,147462.16662302957,complete,,,do Centro Cirurgico,147462.16662302957,,
Patient_438,CTI (CC),147462.16662302957,start,ctiBeds,0.0,,,,
Patient_438,CTI (CC),148312.47968631002,complete,ctiBeds,0.0,,,,
Patient_438,CTI prepara Encaminhamento,148312.47968631002,start,,0.0,,,,
Patient_438,CTI prepara Encaminhamento,148346.09860442788,complete,,0.0,,,,
Patient_438,Encaminha_para a Clinica Cirurgica,148346.09860442788,complete,,,para a Clinica Cirurgica,148346.09860442788,,
Patient_438,Discharge,148346.09860442788,complete,,,,,,883.9319813983166
Patient_439,Arrival,147715.52597070142,complete,,0.0,,,,
Patient_439,Origem_da Clinica Medica,147715.52597070142,complete,,,da Clinica Medica,147715.52597070142,,
Patient_439,CTI (CLIM),147715.52597070142,start,ctiBeds,0.0,,,,
Patient_439,CTI (CLIM),156046.13973475236,complete,ctiBeds,0.0,,,,
Patient_439,CTI prepara Encaminhamento,156046.13973475236,start,,0.0,,,,
Patient_439,CTI prepara Encaminhamento,156094.12419540953,complete,,0.0,,,,
Patient_439,Encaminha_para a Clinica Cirurgica,156094.12419540953,complete,,,para a Clinica Cirurgica,156094.12419540953,,
Patient_439,Discharge,156094.12419540953,complete,,,,,,8378.598224708112
Patient_44,Arrival,11078.250562947023,complete,,0.0,,,,
Patient_44,Origem_do Pronto Socorro,11078.250562947023,complete,,,do Pronto Socorro,11078.250562947023,,
Patient_44,CTI (PS),11078.250562947023,start,ctiBeds,0.0,,,,
Patient_44,CTI (PS),24327.373498944515,complete,ctiBeds,0.0,,,,
Patient_44,CTI prepara Encaminhamento,24327.373498944515,start,,0.0,,,,
Patient_44,CTI prepara Encaminhamento,24368.30893354816,complete,,0.0,,,,
Patient_44,Encaminha_para a Clinica Medica,24368.30893354816,complete,,,para a Clinica Medica,24368.30893354816,,
Patient_44,Discharge,24368.30893354816,complete,,,,,,13290.058370601137
Patient_440,Arrival,149577.6851454935,complete,,0.0,,,,
Patient_440,Origem_do Pronto Socorro,149577.6851454935,complete,,,do Pronto Socorro,149577.6851454935,,
Patient_440,CTI (PS),149577.6851454935,start,ctiBeds,0.0,,,,
Patient_440,CTI (PS),151436.5212724198,complete,ctiBeds,0.0,,,,
Patient_440,CTI prepara Encaminhamento,151436.5212724198,start,,0.0,,,,
Patient_440,CTI prepara Encaminhamento,151493.45711049982,complete,,0.0,,,,
Patient_440,Encaminha_para a Clinica Medica,151493.45711049982,complete,,,para a Clinica Medica,151493.45711049982,,
Patient_440,Discharge,151493.45711049982,complete,,,,,,1915.7719650063082
Patient_441,Arrival,150490.4602355534,complete,,0.0,,,,
Patient_441,Origem_do Centro Cirurgico,150490.4602355534,complete,,,do Centro Cirurgico,150490.4602355534,,
Patient_441,CTI (CC),150490.4602355534,start,ctiBeds,0.0,,,,
Patient_441,CTI (CC),280652.8019551648,complete,ctiBeds,0.0,,,,
Patient_441,CTI prepara Encaminhamento,280652.8019551648,start,,0.0,,,,
Patient_441,CTI prepara Encaminhamento,280708.3868341507,complete,,0.0,,,,
Patient_441,Encaminha_para a Clinica Cirurgica,280708.3868341507,complete,,,para a Clinica Cirurgica,280708.3868341507,,
Patient_441,Discharge,280708.3868341507,complete,,,,,,130217.92659859732
Patient_442,Arrival,151426.58853662774,complete,,0.0,,,,
Patient_442,Origem_do Centro Cirurgico,151426.58853662774,complete,,,do Centro Cirurgico,151426.58853662774,,
Patient_442,CTI (CC),151426.58853662774,start,ctiBeds,0.0,,,,
Patient_442,CTI (CC),153671.7885616149,complete,ctiBeds,0.0,,,,
Patient_442,CTI prepara Encaminhamento,153671.7885616149,start,,0.0,,,,
Patient_442,CTI prepara Encaminhamento,153722.9439488327,complete,,0.0,,,,
Patient_442,Encaminha_para a Clinica Medica,153722.9439488327,complete,,,para a Clinica Medica,153722.9439488327,,
Patient_442,Discharge,153722.9439488327,complete,,,,,,2296.3554122049536
Patient_443,Arrival,152611.46662381428,complete,,0.0,,,,
Patient_443,Origem_do Centro Cirurgico,152611.46662381428,complete,,,do Centro Cirurgico,152611.46662381428,,
Patient_443,CTI (CC),152611.46662381428,start,ctiBeds,0.0,,,,
Patient_443,CTI (CC),153992.113351191,complete,ctiBeds,0.0,,,,
Patient_443,CTI prepara Encaminhamento,153992.113351191,start,,0.0,,,,
Patient_443,CTI prepara Encaminhamento,154032.8467506606,complete,,0.0,,,,
Patient_443,Encaminha_para a Clinica Cirurgica,154032.8467506606,complete,,,para a Clinica Cirurgica,154032.8467506606,,
Patient_443,Discharge,154032.8467506606,complete,,,,,,1421.380126846314
Patient_444,Arrival,152949.35520766518,complete,,0.0,,,,
Patient_444,Origem_do Pronto Socorro,152949.35520766518,complete,,,do Pronto Socorro,152949.35520766518,,
Patient_444,CTI (PS),152949.35520766518,start,ctiBeds,0.0,,,,
Patient_444,CTI (PS),174163.09704820116,complete,ctiBeds,0.0,,,,
Patient_444,CTI prepara Encaminhamento,174163.09704820116,start,,0.0,,,,
Patient_444,CTI prepara Encaminhamento,174196.98432247635,complete,,0.0,,,,
Patient_444,Encaminha_para a Clinica Cirurgica,174196.98432247635,complete,,,para a Clinica Cirurgica,174196.98432247635,,
Patient_444,Discharge,174196.98432247635,complete,,,,,,21247.629114811163
Patient_445,Arrival,153163.70533437756,complete,,0.0,,,,
Patient_445,Origem_do Centro Cirurgico,153163.70533437756,complete,,,do Centro Cirurgico,153163.70533437756,,
Patient_445,CTI (CC),153163.70533437756,start,ctiBeds,0.0,,,,
Patient_445,CTI (CC),156122.51514653413,complete,ctiBeds,0.0,,,,
Patient_445,CTI prepara Encaminhamento,156122.51514653413,start,,0.0,,,,
Patient_445,CTI prepara Encaminhamento,156173.75727717576,complete,,0.0,,,,
Patient_445,Encaminha_Obito,156173.75727717576,complete,,,Obito,156173.75727717576,,
Patient_445,Discharge,156173.75727717576,complete,,,,,,3010.0519427981926
Patient_446,Arrival,153436.40370689685,complete,,0.0,,,,
Patient_446,Origem_da Clinica Medica,153436.40370689685,complete,,,da Clinica Medica,153436.40370689685,,
Patient_446,CTI (CLIM),153436.40370689685,start,ctiBeds,0.0,,,,
Patient_446,CTI (CLIM),153829.69220472337,complete,ctiBeds,0.0,,,,
Patient_446,CTI prepara Encaminhamento,153829.69220472337,start,,0.0,,,,
Patient_446,CTI prepara Encaminhamento,153871.6442861782,complete,,0.0,,,,
Patient_446,Encaminha_para a Clinica Medica,153871.6442861782,complete,,,para a Clinica Medica,153871.6442861782,,
Patient_446,Discharge,153871.6442861782,complete,,,,,,435.24057928135153
Patient_447,Arrival,154416.2591558853,complete,,0.0,,,,
Patient_447,Origem_do Pronto Socorro,154416.2591558853,complete,,,do Pronto Socorro,154416.2591558853,,
Patient_447,CTI (PS),154416.2591558853,start,ctiBeds,0.0,,,,
Patient_447,CTI (PS),167895.1298175419,complete,ctiBeds,0.0,,,,
Patient_447,CTI prepara Encaminhamento,167895.1298175419,start,,0.0,,,,
Patient_447,CTI prepara Encaminhamento,167930.1822666991,complete,,0.0,,,,
Patient_447,Encaminha_para a Clinica Cirurgica,167930.1822666991,complete,,,para a Clinica Cirurgica,167930.1822666991,,
Patient_447,Discharge,167930.1822666991,complete,,,,,,13513.923110813805
Patient_448,Arrival,154836.1295674391,complete,,0.0,,,,
Patient_448,Origem_do Pronto Socorro,154836.1295674391,complete,,,do Pronto Socorro,154836.1295674391,,
Patient_448,CTI (PS),154836.1295674391,start,ctiBeds,0.0,,,,
Patient_448,CTI (PS),158616.08554087116,complete,ctiBeds,0.0,,,,
Patient_448,CTI prepara Encaminhamento,158616.08554087116,start,,0.0,,,,
Patient_448,CTI prepara Encaminhamento,158651.36646539383,complete,,0.0,,,,
Patient_448,Encaminha_para a Clinica Cirurgica,158651.36646539383,complete,,,para a Clinica Cirurgica,158651.36646539383,,
Patient_448,Discharge,158651.36646539383,complete,,,,,,3815.2368979547464
Patient_449,Arrival,154911.40345568288,complete,,0.0,,,,
Patient_449,Origem_do Pronto Socorro,154911.40345568288,complete,,,do Pronto Socorro,154911.40345568288,,
Patient_449,CTI (PS),154911.40345568288,start,ctiBeds,0.0,,,,
Patient_449,CTI (PS),165894.395951701,complete,ctiBeds,0.0,,,,
Patient_449,CTI prepara Encaminhamento,165894.395951701,start,,0.0,,,,
Patient_449,CTI prepara Encaminhamento,165936.09005565656,complete,,0.0,,,,
Patient_449,Encaminha_para a Clinica Cirurgica,165936.09005565656,complete,,,para a Clinica Cirurgica,165936.09005565656,,
Patient_449,Discharge,165936.09005565656,complete,,,,,,11024.686599973676
Patient_45,Arrival,11084.575518922853,complete,,0.0,,,,
Patient_45,Origem_do Centro Cirurgico,11084.575518922853,complete,,,do Centro Cirurgico,11084.575518922853,,
Patient_45,CTI (CC),11084.575518922853,start,ctiBeds,0.0,,,,
Patient_45,CTI (CC),13270.604424746418,complete,ctiBeds,0.0,,,,
Patient_45,CTI prepara Encaminhamento,13270.604424746418,start,,0.0,,,,
Patient_45,CTI prepara Encaminhamento,13325.00755470422,complete,,0.0,,,,
Patient_45,Encaminha_para a Clinica Cirurgica,13325.00755470422,complete,,,para a Clinica Cirurgica,13325.00755470422,,
Patient_45,Discharge,13325.00755470422,complete,,,,,,2240.4320357813667
Patient_450,Arrival,155389.0574097705,complete,,0.0,,,,
Patient_450,Origem_do Pronto Socorro,155389.0574097705,complete,,,do Pronto Socorro,155389.0574097705,,
Patient_450,CTI (PS),155389.0574097705,start,ctiBeds,0.0,,,,
Patient_450,CTI (PS),169633.5187931231,complete,ctiBeds,0.0,,,,
Patient_450,CTI prepara Encaminhamento,169633.5187931231,start,,0.0,,,,
Patient_450,CTI prepara Encaminhamento,169679.59377277814,complete,,0.0,,,,
Patient_450,Encaminha_para a Clinica Cirurgica,169679.59377277814,complete,,,para a Clinica Cirurgica,169679.59377277814,,
Patient_450,Discharge,169679.59377277814,complete,,,,,,14290.536363007646
Patient_451,Arrival,156161.32825855448,complete,,0.0,,,,
Patient_451,Origem_do Centro Cirurgico,156161.32825855448,complete,,,do Centro Cirurgico,156161.32825855448,,
Patient_451,CTI (CC),156161.32825855448,start,ctiBeds,0.0,,,,
Patient_451,CTI (CC),175124.04271082842,complete,ctiBeds,0.0,,,,
Patient_451,CTI prepara Encaminhamento,175124.04271082842,start,,0.0,,,,
Patient_451,CTI prepara Encaminhamento,175172.26361973642,complete,,0.0,,,,
Patient_451,Encaminha_para a Clinica Medica,175172.26361973642,complete,,,para a Clinica Medica,175172.26361973642,,
Patient_451,Discharge,175172.26361973642,complete,,,,,,19010.93536118194
Patient_452,Arrival,156593.43705029704,complete,,0.0,,,,
Patient_452,Origem_do Pronto Socorro,156593.43705029704,complete,,,do Pronto Socorro,156593.43705029704,,
Patient_452,CTI (PS),156593.43705029704,start,ctiBeds,0.0,,,,
Patient_452,CTI (PS),171255.7662230368,complete,ctiBeds,0.0,,,,
Patient_452,CTI prepara Encaminhamento,171255.7662230368,start,,0.0,,,,
Patient_452,CTI prepara Encaminhamento,171302.52799633305,complete,,0.0,,,,
Patient_452,Encaminha_para a Clinica Medica,171302.52799633305,complete,,,para a Clinica Medica,171302.52799633305,,
Patient_452,Discharge,171302.52799633305,complete,,,,,,14709.090946036013
Patient_453,Arrival,157007.25380623346,complete,,0.0,,,,
Patient_453,Origem_do Centro Cirurgico,157007.25380623346,complete,,,do Centro Cirurgico,157007.25380623346,,
Patient_453,CTI (CC),157007.25380623346,start,ctiBeds,0.0,,,,
Patient_453,CTI (CC),173986.91025707856,complete,ctiBeds,0.0,,,,
Patient_453,CTI prepara Encaminhamento,173986.91025707856,start,,0.0,,,,
Patient_453,CTI prepara Encaminhamento,174038.3716171199,complete,,0.0,,,,
Patient_453,Encaminha_para a Clinica Cirurgica,174038.3716171199,complete,,,para a Clinica Cirurgica,174038.3716171199,,
Patient_453,Discharge,174038.3716171199,complete,,,,,,17031.11781088644
Patient_454,Arrival,157397.32869644757,complete,,0.0,,,,
Patient_454,Origem_do Pronto Socorro,157397.32869644757,complete,,,do Pronto Socorro,157397.32869644757,,
Patient_454,CTI (PS),157397.32869644757,start,ctiBeds,0.0,,,,
Patient_454,CTI (PS),181604.35486817276,complete,ctiBeds,0.0,,,,
Patient_454,CTI prepara Encaminhamento,181604.35486817276,start,,0.0,,,,
Patient_454,CTI prepara Encaminhamento,181635.9348911414,complete,,0.0,,,,
Patient_454,Encaminha_para a Clinica Medica,181635.9348911414,complete,,,para a Clinica Medica,181635.9348911414,,
Patient_454,Discharge,181635.9348911414,complete,,,,,,24238.606194693828
Patient_455,Arrival,157424.8577739026,complete,,0.0,,,,
Patient_455,Origem_do Centro Cirurgico,157424.8577739026,complete,,,do Centro Cirurgico,157424.8577739026,,
Patient_455,CTI (CC),157424.8577739026,start,ctiBeds,0.0,,,,
Patient_455,CTI (CC),167598.44217384758,complete,ctiBeds,0.0,,,,
Patient_455,CTI prepara Encaminhamento,167598.44217384758,start,,0.0,,,,
Patient_455,CTI prepara Encaminhamento,167650.45329278026,complete,,0.0,,,,
Patient_455,Encaminha_Obito,167650.45329278026,complete,,,Obito,167650.45329278026,,
Patient_455,Discharge,167650.45329278026,complete,,,,,,10225.595518877672
Patient_456,Arrival,157699.6683105435,complete,,0.0,,,,
Patient_456,Origem_do Centro Cirurgico,157699.6683105435,complete,,,do Centro Cirurgico,157699.6683105435,,
Patient_456,CTI (CC),157699.6683105435,start,ctiBeds,0.0,,,,
Patient_456,CTI (CC),161267.39028736422,complete,ctiBeds,0.0,,,,
Patient_456,CTI prepara Encaminhamento,161267.39028736422,start,,0.0,,,,
Patient_456,CTI prepara Encaminhamento,161312.9541406816,complete,,0.0,,,,
Patient_456,Encaminha_para a Clinica Medica,161312.9541406816,complete,,,para a Clinica Medica,161312.9541406816,,
Patient_456,Discharge,161312.9541406816,complete,,,,,,3613.2858301381057
Patient_457,Arrival,158085.18860079808,complete,,0.0,,,,
Patient_457,Origem_do Centro Cirurgico,158085.18860079808,complete,,,do Centro Cirurgico,158085.18860079808,,
Patient_457,CTI (CC),158085.18860079808,start,ctiBeds,0.0,,,,
Patient_457,CTI (CC),158903.72176372746,complete,ctiBeds,0.0,,,,
Patient_457,CTI prepara Encaminhamento,158903.72176372746,start,,0.0,,,,
Patient_457,CTI prepara Encaminhamento,158936.51842862566,complete,,0.0,,,,
Patient_457,Encaminha_Obito,158936.51842862566,complete,,,Obito,158936.51842862566,,
Patient_457,Discharge,158936.51842862566,complete,,,,,,851.3298278275761
Patient_458,Arrival,159038.84092665697,complete,,0.0,,,,
Patient_458,Origem_do Pronto Socorro,159038.84092665697,complete,,,do Pronto Socorro,159038.84092665697,,
Patient_458,CTI (PS),159038.84092665697,start,ctiBeds,0.0,,,,
Patient_458,CTI (PS),165720.54182439361,complete,ctiBeds,0.0,,,,
Patient_458,CTI prepara Encaminhamento,165720.54182439361,start,,0.0,,,,
Patient_458,CTI prepara Encaminhamento,165764.5357769603,complete,,0.0,,,,
Patient_458,Encaminha_para a Clinica Medica,165764.5357769603,complete,,,para a Clinica Medica,165764.5357769603,,
Patient_458,Discharge,165764.5357769603,complete,,,,,,6725.694850303349
Patient_459,Arrival,159112.5408256362,complete,,0.0,,,,
Patient_459,Origem_do Centro Cirurgico,159112.5408256362,complete,,,do Centro Cirurgico,159112.5408256362,,
Patient_459,CTI (CC),159112.5408256362,start,ctiBeds,0.0,,,,
Patient_459,CTI (CC),161934.57694781348,complete,ctiBeds,0.0,,,,
Patient_459,CTI prepara Encaminhamento,161934.57694781348,start,,0.0,,,,
Patient_459,CTI prepara Encaminhamento,161983.42072472067,complete,,0.0,,,,
Patient_459,Encaminha_Obito,161983.42072472067,complete,,,Obito,161983.42072472067,,
Patient_459,Discharge,161983.42072472067,complete,,,,,,2870.8798990844516
Patient_46,Arrival,12245.065691333388,complete,,0.0,,,,
Patient_46,Origem_do Centro Cirurgico,12245.065691333388,complete,,,do Centro Cirurgico,12245.065691333388,,
Patient_46,CTI (CC),12245.065691333388,start,ctiBeds,0.0,,,,
Patient_46,CTI (CC),12806.402870040047,complete,ctiBeds,0.0,,,,
Patient_46,CTI prepara Encaminhamento,12806.402870040047,start,,0.0,,,,
Patient_46,CTI prepara Encaminhamento,12864.144811050239,complete,,0.0,,,,
Patient_46,Encaminha_para a Clinica Medica,12864.144811050239,complete,,,para a Clinica Medica,12864.144811050239,,
Patient_46,Discharge,12864.144811050239,complete,,,,,,619.079119716851
Patient_460,Arrival,159661.94087390363,complete,,0.0,,,,
Patient_460,Origem_do Pronto Socorro,159661.94087390363,complete,,,do Pronto Socorro,159661.94087390363,,
Patient_460,CTI (PS),159661.94087390363,start,ctiBeds,0.0,,,,
Patient_460,CTI (PS),193441.84755830432,complete,ctiBeds,0.0,,,,
Patient_460,CTI prepara Encaminhamento,193441.84755830432,start,,0.0,,,,
Patient_460,CTI prepara Encaminhamento,193481.25247213844,complete,,0.0,,,,
Patient_460,Encaminha_Obito,193481.25247213844,complete,,,Obito,193481.25247213844,,
Patient_460,Discharge,193481.25247213844,complete,,,,,,33819.31159823481
Patient_461,Arrival,160128.8176313946,complete,,0.0,,,,
Patient_461,Origem_do Pronto Socorro,160128.8176313946,complete,,,do Pronto Socorro,160128.8176313946,,
Patient_461,CTI (PS),160128.8176313946,start,ctiBeds,0.0,,,,
Patient_461,CTI (PS),173790.74182181232,complete,ctiBeds,0.0,,,,
Patient_461,CTI prepara Encaminhamento,173790.74182181232,start,,0.0,,,,
Patient_461,CTI prepara Encaminhamento,173827.28597080495,complete,,0.0,,,,
Patient_461,Encaminha_Obito,173827.28597080495,complete,,,Obito,173827.28597080495,,
Patient_461,Discharge,173827.28597080495,complete,,,,,,13698.468339410349
Patient_462,Arrival,160296.51279896277,complete,,0.0,,,,
Patient_462,Origem_do Centro Cirurgico,160296.51279896277,complete,,,do Centro Cirurgico,160296.51279896277,,
Patient_462,CTI (CC),160296.51279896277,start,ctiBeds,0.0,,,,
Patient_462,CTI (CC),170978.2541267243,complete,ctiBeds,0.0,,,,
Patient_462,CTI prepara Encaminhamento,170978.2541267243,start,,0.0,,,,
Patient_462,CTI prepara Encaminhamento,171010.29352089652,complete,,0.0,,,,
Patient_462,Encaminha_para a Clinica Cirurgica,171010.29352089652,complete,,,para a Clinica Cirurgica,171010.29352089652,,
Patient_462,Discharge,171010.29352089652,complete,,,,,,10713.780721933756
Patient_463,Arrival,160409.45285039293,complete,,0.0,,,,
Patient_463,Origem_do Centro Cirurgico,160409.45285039293,complete,,,do Centro Cirurgico,160409.45285039293,,
Patient_463,CTI (CC),160409.45285039293,start,ctiBeds,0.0,,,,
Patient_463,CTI (CC),187143.11679448126,complete,ctiBeds,0.0,,,,
Patient_463,CTI prepara Encaminhamento,187143.11679448126,start,,0.0,,,,
Patient_463,CTI prepara Encaminhamento,187186.2232591862,complete,,0.0,,,,
Patient_463,Encaminha_para a Clinica Medica,187186.2232591862,complete,,,para a Clinica Medica,187186.2232591862,,
Patient_463,Discharge,187186.2232591862,complete,,,,,,26776.770408793265
Patient_464,Arrival,160870.93894966622,complete,,0.0,,,,
Patient_464,Origem_do Pronto Socorro,160870.93894966622,complete,,,do Pronto Socorro,160870.93894966622,,
Patient_464,CTI (PS),160870.93894966622,start,ctiBeds,0.0,,,,
Patient_464,CTI (PS),167743.16224040903,complete,ctiBeds,0.0,,,,
Patient_464,CTI prepara Encaminhamento,167743.16224040903,start,,0.0,,,,
Patient_464,CTI prepara Encaminhamento,167791.0515105194,complete,,0.0,,,,
Patient_464,Encaminha_Obito,167791.0515105194,complete,,,Obito,167791.0515105194,,
Patient_464,Discharge,167791.0515105194,complete,,,,,,6920.1125608531875
Patient_465,Arrival,161018.26569231952,complete,,0.0,,,,
Patient_465,Origem_do Pronto Socorro,161018.26569231952,complete,,,do Pronto Socorro,161018.26569231952,,
Patient_465,CTI (PS),161018.26569231952,start,ctiBeds,0.0,,,,
Patient_465,CTI (PS),163712.07125398127,complete,ctiBeds,0.0,,,,
Patient_465,CTI prepara Encaminhamento,163712.07125398127,start,,0.0,,,,
Patient_465,CTI prepara Encaminhamento,163757.97589138435,complete,,0.0,,,,
Patient_465,Encaminha_para a Clinica Cirurgica,163757.97589138435,complete,,,para a Clinica Cirurgica,163757.97589138435,,
Patient_465,Discharge,163757.97589138435,complete,,,,,,2739.710199064837
Patient_466,Arrival,162133.3581885057,complete,,0.0,,,,
Patient_466,Origem_do Centro Cirurgico,162133.3581885057,complete,,,do Centro Cirurgico,162133.3581885057,,
Patient_466,CTI (CC),162133.3581885057,start,ctiBeds,0.0,,,,
Patient_466,CTI (CC),169485.20443505154,complete,ctiBeds,0.0,,,,
Patient_466,CTI prepara Encaminhamento,169485.20443505154,start,,0.0,,,,
Patient_466,CTI prepara Encaminhamento,169528.0070948869,complete,,0.0,,,,
Patient_466,Encaminha_para o Centro Cirurgico,169528.0070948869,complete,,,para o Centro Cirurgico,169528.0070948869,,
Patient_466,Discharge,169528.0070948869,complete,,,,,,7394.648906381219
Patient_467,Arrival,162390.79696114222,complete,,0.0,,,,
Patient_467,Origem_do Pronto Socorro,162390.79696114222,complete,,,do Pronto Socorro,162390.79696114222,,
Patient_467,CTI (PS),162390.79696114222,start,ctiBeds,0.0,,,,
Patient_467,CTI (PS),171079.67440831897,complete,ctiBeds,0.0,,,,
Patient_467,CTI prepara Encaminhamento,171079.67440831897,start,,0.0,,,,
Patient_467,CTI prepara Encaminhamento,171123.50153195282,complete,,0.0,,,,
Patient_467,Encaminha_para a Clinica Medica,171123.50153195282,complete,,,para a Clinica Medica,171123.50153195282,,
Patient_467,Discharge,171123.50153195282,complete,,,,,,8732.704570810602
Patient_468,Arrival,162824.0418475743,complete,,0.0,,,,
Patient_468,Origem_do Centro Cirurgico,162824.0418475743,complete,,,do Centro Cirurgico,162824.0418475743,,
Patient_468,CTI (CC),162824.0418475743,start,ctiBeds,0.0,,,,
Patient_468,CTI (CC),257142.56192657037,complete,ctiBeds,0.0,,,,
Patient_468,CTI prepara Encaminhamento,257142.56192657037,start,,0.0,,,,
Patient_468,CTI prepara Encaminhamento,257198.67405746027,complete,,0.0,,,,
Patient_468,Encaminha_para a Clinica Cirurgica,257198.67405746027,complete,,,para a Clinica Cirurgica,257198.67405746027,,
Patient_468,Discharge,257198.67405746027,complete,,,,,,94374.63220988598
Patient_469,Arrival,163286.41347115266,complete,,0.0,,,,
Patient_469,Origem_do Pronto Socorro,163286.41347115266,complete,,,do Pronto Socorro,163286.41347115266,,
Patient_469,CTI (PS),163286.41347115266,start,ctiBeds,0.0,,,,
Patient_469,CTI (PS),168659.29439225723,complete,ctiBeds,0.0,,,,
Patient_469,CTI prepara Encaminhamento,168659.29439225723,start,,0.0,,,,
Patient_469,CTI prepara Encaminhamento,168713.18587588018,complete,,0.0,,,,
Patient_469,Encaminha_para a Clinica Cirurgica,168713.18587588018,complete,,,para a Clinica Cirurgica,168713.18587588018,,
Patient_469,Discharge,168713.18587588018,complete,,,,,,5426.772404727526
Patient_47,Arrival,12332.255145095107,complete,,0.0,,,,
Patient_47,Origem_da Clinica Medica,12332.255145095107,complete,,,da Clinica Medica,12332.255145095107,,
Patient_47,CTI (CLIM),12332.255145095107,start,ctiBeds,0.0,,,,
Patient_47,CTI (CLIM),33740.23366584491,complete,ctiBeds,0.0,,,,
Patient_47,CTI prepara Encaminhamento,33740.23366584491,start,,0.0,,,,
Patient_47,CTI prepara Encaminhamento,33790.01311172813,complete,,0.0,,,,
Patient_47,Encaminha_para a Clinica Medica,33790.01311172813,complete,,,para a Clinica Medica,33790.01311172813,,
Patient_47,Discharge,33790.01311172813,complete,,,,,,21457.75796663302
Patient_470,Arrival,163785.0598925611,complete,,0.0,,,,
Patient_470,Origem_do Centro Cirurgico,163785.0598925611,complete,,,do Centro Cirurgico,163785.0598925611,,
Patient_470,CTI (CC),163785.0598925611,start,ctiBeds,0.0,,,,
Patient_470,CTI (CC),164822.5008039085,complete,ctiBeds,0.0,,,,
Patient_470,CTI prepara Encaminhamento,164822.5008039085,start,,0.0,,,,
Patient_470,CTI prepara Encaminhamento,164870.1340677733,complete,,0.0,,,,
Patient_470,Encaminha_para a Clinica Cirurgica,164870.1340677733,complete,,,para a Clinica Cirurgica,164870.1340677733,,
Patient_470,Discharge,164870.1340677733,complete,,,,,,1085.074175212183
Patient_471,Arrival,163972.00276543704,complete,,0.0,,,,
Patient_471,Origem_da Clinica Cirurgica,163972.00276543704,complete,,,da Clinica Cirurgica,163972.00276543704,,
Patient_471,CTI (CLIC),163972.00276543704,start,ctiBeds,0.0,,,,
Patient_471,CTI (CLIC),164371.05788878156,complete,ctiBeds,0.0,,,,
Patient_471,CTI prepara Encaminhamento,164371.05788878156,start,,0.0,,,,
Patient_471,CTI prepara Encaminhamento,164403.61011077027,complete,,0.0,,,,
Patient_471,Encaminha_para a Clinica Medica,164403.61011077027,complete,,,para a Clinica Medica,164403.61011077027,,
Patient_471,Discharge,164403.61011077027,complete,,,,,,431.60734533323557
Patient_472,Arrival,164457.35291228216,complete,,0.0,,,,
Patient_472,Origem_da Clinica Cirurgica,164457.35291228216,complete,,,da Clinica Cirurgica,164457.35291228216,,
Patient_472,CTI (CLIC),164457.35291228216,start,ctiBeds,0.0,,,,
Patient_472,CTI (CLIC),165885.39927121042,complete,ctiBeds,0.0,,,,
Patient_472,CTI prepara Encaminhamento,165885.39927121042,start,,0.0,,,,
Patient_472,CTI prepara Encaminhamento,165918.2394269236,complete,,0.0,,,,
Patient_472,Encaminha_Obito,165918.2394269236,complete,,,Obito,165918.2394269236,,
Patient_472,Discharge,165918.2394269236,complete,,,,,,1460.8865146414319
Patient_473,Arrival,165447.7157163182,complete,,0.0,,,,
Patient_473,Origem_do Pronto Socorro,165447.7157163182,complete,,,do Pronto Socorro,165447.7157163182,,
Patient_473,CTI (PS),165447.7157163182,start,ctiBeds,0.0,,,,
Patient_473,CTI (PS),180381.15928980085,complete,ctiBeds,0.0,,,,
Patient_473,CTI prepara Encaminhamento,180381.15928980085,start,,0.0,,,,
Patient_473,CTI prepara Encaminhamento,180422.7066918709,complete,,0.0,,,,
Patient_473,Encaminha_para a Clinica Cirurgica,180422.7066918709,complete,,,para a Clinica Cirurgica,180422.7066918709,,
Patient_473,Discharge,180422.7066918709,complete,,,,,,14974.990975552704
Patient_474,Arrival,165905.417730619,complete,,0.0,,,,
Patient_474,Origem_do Pronto Socorro,165905.417730619,complete,,,do Pronto Socorro,165905.417730619,,
Patient_474,CTI (PS),165905.417730619,start,ctiBeds,0.0,,,,
Patient_474,CTI (PS),166229.08098177917,complete,ctiBeds,0.0,,,,
Patient_474,CTI prepara Encaminhamento,166229.08098177917,start,,0.0,,,,
Patient_474,CTI prepara Encaminhamento,166284.1669747594,complete,,0.0,,,,
Patient_474,Encaminha_para a Clinica Medica,166284.1669747594,complete,,,para a Clinica Medica,166284.1669747594,,
Patient_474,Discharge,166284.1669747594,complete,,,,,,378.7492441404029
Patient_475,Arrival,165919.67843890132,complete,,0.0,,,,
Patient_475,Origem_do Pronto Socorro,165919.67843890132,complete,,,do Pronto Socorro,165919.67843890132,,
Patient_475,CTI (PS),165919.67843890132,start,ctiBeds,0.0,,,,
Patient_475,CTI (PS),177338.35146212621,complete,ctiBeds,0.0,,,,
Patient_475,CTI prepara Encaminhamento,177338.35146212621,start,,0.0,,,,
Patient_475,CTI prepara Encaminhamento,177377.16231354544,complete,,0.0,,,,
Patient_475,Encaminha_para a Clinica Cirurgica,177377.16231354544,complete,,,para a Clinica Cirurgica,177377.16231354544,,
Patient_475,Discharge,177377.16231354544,complete,,,,,,11457.483874644124
Patient_476,Arrival,166376.35645436612,complete,,0.0,,,,
Patient_476,Origem_da Clinica Cirurgica,166376.35645436612,complete,,,da Clinica Cirurgica,166376.35645436612,,
Patient_476,CTI (CLIC),166376.35645436612,start,ctiBeds,0.0,,,,
Patient_476,CTI (CLIC),169663.1268202164,complete,ctiBeds,0.0,,,,
Patient_476,CTI prepara Encaminhamento,169663.1268202164,start,,0.0,,,,
Patient_476,CTI prepara Encaminhamento,169722.77500563985,complete,,0.0,,,,
Patient_476,Encaminha_para a Clinica Medica,169722.77500563985,complete,,,para a Clinica Medica,169722.77500563985,,
Patient_476,Discharge,169722.77500563985,complete,,,,,,3346.4185512737313
Patient_477,Arrival,166660.18852029665,complete,,0.0,,,,
Patient_477,Origem_do Centro Cirurgico,166660.18852029665,complete,,,do Centro Cirurgico,166660.18852029665,,
Patient_477,CTI (CC),166660.18852029665,start,ctiBeds,0.0,,,,
Patient_477,CTI (CC),168682.74276463213,complete,ctiBeds,0.0,,,,
Patient_477,CTI prepara Encaminhamento,168682.74276463213,start,,0.0,,,,
Patient_477,CTI prepara Encaminhamento,168731.3115276206,complete,,0.0,,,,
Patient_477,Encaminha_Obito,168731.3115276206,complete,,,Obito,168731.3115276206,,
Patient_477,Discharge,168731.3115276206,complete,,,,,,2071.123007323942
Patient_478,Arrival,167182.4558920622,complete,,0.0,,,,
Patient_478,Origem_do Centro Cirurgico,167182.4558920622,complete,,,do Centro Cirurgico,167182.4558920622,,
Patient_478,CTI (CC),167182.4558920622,start,ctiBeds,0.0,,,,
Patient_478,CTI (CC),197571.39555320758,complete,ctiBeds,0.0,,,,
Patient_478,CTI prepara Encaminhamento,197571.39555320758,start,,0.0,,,,
Patient_478,CTI prepara Encaminhamento,197617.92924230656,complete,,0.0,,,,
Patient_478,Encaminha_para a Clinica Cirurgica,197617.92924230656,complete,,,para a Clinica Cirurgica,197617.92924230656,,
Patient_478,Discharge,197617.92924230656,complete,,,,,,30435.47335024437
Patient_479,Arrival,168014.2774502003,complete,,0.0,,,,
Patient_479,Origem_do Pronto Socorro,168014.2774502003,complete,,,do Pronto Socorro,168014.2774502003,,
Patient_479,CTI (PS),168014.2774502003,start,ctiBeds,0.0,,,,
Patient_479,CTI (PS),171498.96319656237,complete,ctiBeds,0.0,,,,
Patient_479,CTI prepara Encaminhamento,171498.96319656237,start,,0.0,,,,
Patient_479,CTI prepara Encaminhamento,171554.89829234692,complete,,0.0,,,,
Patient_479,Encaminha_Alta Hospitalar,171554.89829234692,complete,,,Alta Hospitalar,171554.89829234692,,
Patient_479,Discharge,171554.89829234692,complete,,,,,,3540.620842146629
Patient_48,Arrival,12413.322163367347,complete,,0.0,,,,
Patient_48,Origem_do Centro Cirurgico,12413.322163367347,complete,,,do Centro Cirurgico,12413.322163367347,,
Patient_48,CTI (CC),12413.322163367347,start,ctiBeds,0.0,,,,
Patient_48,CTI (CC),15260.024001431131,complete,ctiBeds,0.0,,,,
Patient_48,CTI prepara Encaminhamento,15260.024001431131,start,,0.0,,,,
Patient_48,CTI prepara Encaminhamento,15316.35907809456,complete,,0.0,,,,
Patient_48,Encaminha_para a Clinica Cirurgica,15316.35907809456,complete,,,para a Clinica Cirurgica,15316.35907809456,,
Patient_48,Discharge,15316.35907809456,complete,,,,,,2903.036914727212
Patient_480,Arrival,168038.5932138859,complete,,0.0,,,,
Patient_480,Origem_do Pronto Socorro,168038.5932138859,complete,,,do Pronto Socorro,168038.5932138859,,
Patient_480,CTI (PS),168038.5932138859,start,ctiBeds,0.0,,,,
Patient_480,CTI (PS),171261.0396925058,complete,ctiBeds,0.0,,,,
Patient_480,CTI prepara Encaminhamento,171261.0396925058,start,,0.0,,,,
Patient_480,CTI prepara Encaminhamento,171317.65944947468,complete,,0.0,,,,
Patient_480,Encaminha_para a Clinica Cirurgica,171317.65944947468,complete,,,para a Clinica Cirurgica,171317.65944947468,,
Patient_480,Discharge,171317.65944947468,complete,,,,,,3279.066235588776
Patient_481,Arrival,168179.78178316515,complete,,0.0,,,,
Patient_481,Origem_do Centro Cirurgico,168179.78178316515,complete,,,do Centro Cirurgico,168179.78178316515,,
Patient_481,CTI (CC),168179.78178316515,start,ctiBeds,0.0,,,,
Patient_481,CTI (CC),185914.2544105274,complete,ctiBeds,0.0,,,,
Patient_481,CTI prepara Encaminhamento,185914.2544105274,start,,0.0,,,,
Patient_481,CTI prepara Encaminhamento,185969.08575289545,complete,,0.0,,,,
Patient_481,Encaminha_para a Clinica Cirurgica,185969.08575289545,complete,,,para a Clinica Cirurgica,185969.08575289545,,
Patient_481,Discharge,185969.08575289545,complete,,,,,,17789.303969730303
Patient_482,Arrival,169028.9536377801,complete,,0.0,,,,
Patient_482,Origem_do Pronto Socorro,169028.9536377801,complete,,,do Pronto Socorro,169028.9536377801,,
Patient_482,CTI (PS),169028.9536377801,start,ctiBeds,0.0,,,,
Patient_482,CTI (PS),175709.08521933694,complete,ctiBeds,0.0,,,,
Patient_482,CTI prepara Encaminhamento,175709.08521933694,start,,0.0,,,,
Patient_482,CTI prepara Encaminhamento,175760.87382200157,complete,,0.0,,,,
Patient_482,Encaminha_para a Clinica Medica,175760.87382200157,complete,,,para a Clinica Medica,175760.87382200157,,
Patient_482,Discharge,175760.87382200157,complete,,,,,,6731.920184221468
Patient_483,Arrival,169280.6321597803,complete,,0.0,,,,
Patient_483,Origem_do Pronto Socorro,169280.6321597803,complete,,,do Pronto Socorro,169280.6321597803,,
Patient_483,CTI (PS),169280.6321597803,start,ctiBeds,0.0,,,,
Patient_483,CTI (PS),179654.9094025651,complete,ctiBeds,0.0,,,,
Patient_483,CTI prepara Encaminhamento,179654.9094025651,start,,0.0,,,,
Patient_483,CTI prepara Encaminhamento,179695.38381736906,complete,,0.0,,,,
Patient_483,Encaminha_para a Clinica Medica,179695.38381736906,complete,,,para a Clinica Medica,179695.38381736906,,
Patient_483,Discharge,179695.38381736906,complete,,,,,,10414.751657588757
Patient_484,Arrival,169434.99996563364,complete,,0.0,,,,
Patient_484,Origem_do Centro Cirurgico,169434.99996563364,complete,,,do Centro Cirurgico,169434.99996563364,,
Patient_484,CTI (CC),169434.99996563364,start,ctiBeds,0.0,,,,
Patient_484,CTI (CC),170247.8413102331,complete,ctiBeds,0.0,,,,
Patient_484,CTI prepara Encaminhamento,170247.8413102331,start,,0.0,,,,
Patient_484,CTI prepara Encaminhamento,170300.3360634595,complete,,0.0,,,,
Patient_484,Encaminha_para a Clinica Medica,170300.3360634595,complete,,,para a Clinica Medica,170300.3360634595,,
Patient_484,Discharge,170300.3360634595,complete,,,,,,865.3360978258424
Patient_485,Arrival,169885.5555621835,complete,,0.0,,,,
Patient_485,Origem_do Centro Cirurgico,169885.5555621835,complete,,,do Centro Cirurgico,169885.5555621835,,
Patient_485,CTI (CC),169885.5555621835,start,ctiBeds,0.0,,,,
Patient_485,CTI (CC),202955.24626712498,complete,ctiBeds,0.0,,,,
Patient_485,CTI prepara Encaminhamento,202955.24626712498,start,,0.0,,,,
Patient_485,CTI prepara Encaminhamento,203006.60562729993,complete,,0.0,,,,
Patient_485,Encaminha_para a Clinica Medica,203006.60562729993,complete,,,para a Clinica Medica,203006.60562729993,,
Patient_485,Discharge,203006.60562729993,complete,,,,,,33121.05006511643
Patient_486,Arrival,170375.12049495653,complete,,0.0,,,,
Patient_486,Origem_do Pronto Socorro,170375.12049495653,complete,,,do Pronto Socorro,170375.12049495653,,
Patient_486,CTI (PS),170375.12049495653,start,ctiBeds,0.0,,,,
Patient_486,CTI (PS),174017.4236801798,complete,ctiBeds,0.0,,,,
Patient_486,CTI prepara Encaminhamento,174017.4236801798,start,,0.0,,,,
Patient_486,CTI prepara Encaminhamento,174073.0811912424,complete,,0.0,,,,
Patient_486,Encaminha_Obito,174073.0811912424,complete,,,Obito,174073.0811912424,,
Patient_486,Discharge,174073.0811912424,complete,,,,,,3697.9606962858816
Patient_487,Arrival,170558.30102765336,complete,,0.0,,,,
Patient_487,Origem_do Pronto Socorro,170558.30102765336,complete,,,do Pronto Socorro,170558.30102765336,,
Patient_487,CTI (PS),170558.30102765336,start,ctiBeds,0.0,,,,
Patient_487,CTI (PS),186042.827462863,complete,ctiBeds,0.0,,,,
Patient_487,CTI prepara Encaminhamento,186042.827462863,start,,0.0,,,,
Patient_487,CTI prepara Encaminhamento,186100.2284295994,complete,,0.0,,,,
Patient_487,Encaminha_Obito,186100.2284295994,complete,,,Obito,186100.2284295994,,
Patient_487,Discharge,186100.2284295994,complete,,,,,,15541.927401946043
Patient_488,Arrival,170625.78398127333,complete,,0.0,,,,
Patient_488,Origem_do Pronto Socorro,170625.78398127333,complete,,,do Pronto Socorro,170625.78398127333,,
Patient_488,CTI (PS),170625.78398127333,start,ctiBeds,0.0,,,,
Patient_488,CTI (PS),185275.9129961923,complete,ctiBeds,0.0,,,,
Patient_488,CTI prepara Encaminhamento,185275.9129961923,start,,0.0,,,,
Patient_488,CTI prepara Encaminhamento,185309.00719366854,complete,,0.0,,,,
Patient_488,Encaminha_Obito,185309.00719366854,complete,,,Obito,185309.00719366854,,
Patient_488,Discharge,185309.00719366854,complete,,,,,,14683.223212395213
Patient_489,Arrival,171062.90717629893,complete,,0.0,,,,
Patient_489,Origem_da Clinica Medica,171062.90717629893,complete,,,da Clinica Medica,171062.90717629893,,
Patient_489,CTI (CLIM),171062.90717629893,start,ctiBeds,0.0,,,,
Patient_489,CTI (CLIM),196361.43089008133,complete,ctiBeds,0.0,,,,
Patient_489,CTI prepara Encaminhamento,196361.43089008133,start,,0.0,,,,
Patient_489,CTI prepara Encaminhamento,196395.68636720825,complete,,0.0,,,,
Patient_489,Encaminha_para a Clinica Medica,196395.68636720825,complete,,,para a Clinica Medica,196395.68636720825,,
Patient_489,Discharge,196395.68636720825,complete,,,,,,25332.77919090932
Patient_49,Arrival,12497.673277534357,complete,,0.0,,,,
Patient_49,Origem_do Pronto Socorro,12497.673277534357,complete,,,do Pronto Socorro,12497.673277534357,,
Patient_49,CTI (PS),12497.673277534357,start,ctiBeds,0.0,,,,
Patient_49,CTI (PS),17546.911452251457,complete,ctiBeds,0.0,,,,
Patient_49,CTI prepara Encaminhamento,17546.911452251457,start,,0.0,,,,
Patient_49,CTI prepara Encaminhamento,17583.037798865193,complete,,0.0,,,,
Patient_49,Encaminha_para a Clinica Medica,17583.037798865193,complete,,,para a Clinica Medica,17583.037798865193,,
Patient_49,Discharge,17583.037798865193,complete,,,,,,5085.3645213308355
Patient_490,Arrival,171343.67189494378,complete,,0.0,,,,
Patient_490,Origem_do Pronto Socorro,171343.67189494378,complete,,,do Pronto Socorro,171343.67189494378,,
Patient_490,CTI (PS),171343.67189494378,start,ctiBeds,0.0,,,,
Patient_490,CTI (PS),171762.56143069523,complete,ctiBeds,0.0,,,,
Patient_490,CTI prepara Encaminhamento,171762.56143069523,start,,0.0,,,,
Patient_490,CTI prepara Encaminhamento,171809.73960827786,complete,,0.0,,,,
Patient_490,Encaminha_para a Clinica Medica,171809.73960827786,complete,,,para a Clinica Medica,171809.73960827786,,
Patient_490,Discharge,171809.73960827786,complete,,,,,,466.0677133340796
Patient_491,Arrival,171761.19789058913,complete,,0.0,,,,
Patient_491,Origem_do Centro Cirurgico,171761.19789058913,complete,,,do Centro Cirurgico,171761.19789058913,,
Patient_491,CTI (CC),171761.19789058913,start,ctiBeds,0.0,,,,
Patient_491,CTI (CC),192538.03851624537,complete,ctiBeds,0.0,,,,
Patient_491,CTI prepara Encaminhamento,192538.03851624537,start,,0.0,,,,
Patient_491,CTI prepara Encaminhamento,192591.59497325847,complete,,0.0,,,,
Patient_491,Encaminha_Obito,192591.59497325847,complete,,,Obito,192591.59497325847,,
Patient_491,Discharge,192591.59497325847,complete,,,,,,20830.39708266934
Patient_492,Arrival,172136.32071808894,complete,,0.0,,,,
Patient_492,Origem_do Centro Cirurgico,172136.32071808894,complete,,,do Centro Cirurgico,172136.32071808894,,
Patient_492,CTI (CC),172136.32071808894,start,ctiBeds,0.0,,,,
Patient_492,CTI (CC),175027.07191112073,complete,ctiBeds,0.0,,,,
Patient_492,CTI prepara Encaminhamento,175027.07191112073,start,,0.0,,,,
Patient_492,CTI prepara Encaminhamento,175057.9230421256,complete,,0.0,,,,
Patient_492,Encaminha_Obito,175057.9230421256,complete,,,Obito,175057.9230421256,,
Patient_492,Discharge,175057.9230421256,complete,,,,,,2921.6023240366485
Patient_493,Arrival,172255.49692107155,complete,,0.0,,,,
Patient_493,Origem_do Centro Cirurgico,172255.49692107155,complete,,,do Centro Cirurgico,172255.49692107155,,
Patient_493,CTI (CC),172255.49692107155,start,ctiBeds,0.0,,,,
Patient_493,CTI (CC),176709.27236770676,complete,ctiBeds,0.0,,,,
Patient_493,CTI prepara Encaminhamento,176709.27236770676,start,,0.0,,,,
Patient_493,CTI prepara Encaminhamento,176760.27757894882,complete,,0.0,,,,
Patient_493,Encaminha_para a Clinica Cirurgica,176760.27757894882,complete,,,para a Clinica Cirurgica,176760.27757894882,,
Patient_493,Discharge,176760.27757894882,complete,,,,,,4504.7806578772725
Patient_494,Arrival,172986.2162841906,complete,,0.0,,,,
Patient_494,Origem_da Clinica Cirurgica,172986.2162841906,complete,,,da Clinica Cirurgica,172986.2162841906,,
Patient_494,CTI (CLIC),172986.2162841906,start,ctiBeds,0.0,,,,
Patient_494,CTI (CLIC),173605.00092475888,complete,ctiBeds,0.0,,,,
Patient_494,CTI prepara Encaminhamento,173605.00092475888,start,,0.0,,,,
Patient_494,CTI prepara Encaminhamento,173645.62231476433,complete,,0.0,,,,
Patient_494,Encaminha_para a Clinica Medica,173645.62231476433,complete,,,para a Clinica Medica,173645.62231476433,,
Patient_494,Discharge,173645.62231476433,complete,,,,,,659.4060305737366
Patient_495,Arrival,173667.33161329408,complete,,0.0,,,,
Patient_495,Origem_do Pronto Socorro,173667.33161329408,complete,,,do Pronto Socorro,173667.33161329408,,
Patient_495,CTI (PS),173667.33161329408,start,ctiBeds,0.0,,,,
Patient_495,CTI (PS),175127.95750975292,complete,ctiBeds,0.0,,,,
Patient_495,CTI prepara Encaminhamento,175127.95750975292,start,,0.0,,,,
Patient_495,CTI prepara Encaminhamento,175160.10149592988,complete,,0.0,,,,
Patient_495,Encaminha_Obito,175160.10149592988,complete,,,Obito,175160.10149592988,,
Patient_495,Discharge,175160.10149592988,complete,,,,,,1492.7698826357955
Patient_496,Arrival,173688.63009221715,complete,,0.0,,,,
Patient_496,Origem_do Centro Cirurgico,173688.63009221715,complete,,,do Centro Cirurgico,173688.63009221715,,
Patient_496,CTI (CC),173688.63009221715,start,ctiBeds,0.0,,,,
Patient_496,CTI (CC),209710.96103703542,complete,ctiBeds,0.0,,,,
Patient_496,CTI prepara Encaminhamento,209710.96103703542,start,,0.0,,,,
Patient_496,CTI prepara Encaminhamento,209770.17345164076,complete,,0.0,,,,
Patient_496,Encaminha_para a Clinica Cirurgica,209770.17345164076,complete,,,para a Clinica Cirurgica,209770.17345164076,,
Patient_496,Discharge,209770.17345164076,complete,,,,,,36081.54335942361
Patient_497,Arrival,174853.14073083436,complete,,0.0,,,,
Patient_497,Origem_da Clinica Cirurgica,174853.14073083436,complete,,,da Clinica Cirurgica,174853.14073083436,,
Patient_497,CTI (CLIC),174853.14073083436,start,ctiBeds,0.0,,,,
Patient_497,CTI (CLIC),190413.30269236796,complete,ctiBeds,0.0,,,,
Patient_497,CTI prepara Encaminhamento,190413.30269236796,start,,0.0,,,,
Patient_497,CTI prepara Encaminhamento,190446.91893549092,complete,,0.0,,,,
Patient_497,Encaminha_para a Clinica Medica,190446.91893549092,complete,,,para a Clinica Medica,190446.91893549092,,
Patient_497,Discharge,190446.91893549092,complete,,,,,,15593.778204656555
Patient_498,Arrival,175134.2261179862,complete,,0.0,,,,
Patient_498,Origem_do Pronto Socorro,175134.2261179862,complete,,,do Pronto Socorro,175134.2261179862,,
Patient_498,CTI (PS),175134.2261179862,start,ctiBeds,0.0,,,,
Patient_498,CTI (PS),183394.2375005488,complete,ctiBeds,0.0,,,,
Patient_498,CTI prepara Encaminhamento,183394.2375005488,start,,0.0,,,,
Patient_498,CTI prepara Encaminhamento,183451.95213911668,complete,,0.0,,,,
Patient_498,Encaminha_para a Clinica Medica,183451.95213911668,complete,,,para a Clinica Medica,183451.95213911668,,
Patient_498,Discharge,183451.95213911668,complete,,,,,,8317.726021130482
Patient_499,Arrival,175146.8076013428,complete,,0.0,,,,
Patient_499,Origem_da Clinica Medica,175146.8076013428,complete,,,da Clinica Medica,175146.8076013428,,
Patient_499,CTI (CLIM),175146.8076013428,start,ctiBeds,0.0,,,,
Patient_499,CTI (CLIM),181997.59799086535,complete,ctiBeds,0.0,,,,
Patient_499,CTI prepara Encaminhamento,181997.59799086535,start,,0.0,,,,
Patient_499,CTI prepara Encaminhamento,182052.38331241172,complete,,0.0,,,,
Patient_499,Encaminha_Obito,182052.38331241172,complete,,,Obito,182052.38331241172,,
Patient_499,Discharge,182052.38331241172,complete,,,,,,6905.57571106893
Patient_5,Arrival,1146.1433375059519,complete,,0.0,,,,
Patient_5,Origem_do Pronto Socorro,1146.1433375059519,complete,,,do Pronto Socorro,1146.1433375059519,,
Patient_5,CTI (PS),1146.1433375059519,start,ctiBeds,0.0,,,,
Patient_5,CTI (PS),19549.59253004287,complete,ctiBeds,0.0,,,,
Patient_5,CTI prepara Encaminhamento,19549.59253004287,start,,0.0,,,,
Patient_5,CTI prepara Encaminhamento,19587.183420393194,complete,,0.0,,,,
Patient_5,Encaminha_para a Clinica Medica,19587.183420393194,complete,,,para a Clinica Medica,19587.183420393194,,
Patient_5,Discharge,19587.183420393194,complete,,,,,,18441.04008288724
Patient_50,Arrival,13253.92721940879,complete,,0.0,,,,
Patient_50,Origem_do Centro Cirurgico,13253.92721940879,complete,,,do Centro Cirurgico,13253.92721940879,,
Patient_50,CTI (CC),13253.92721940879,start,ctiBeds,0.0,,,,
Patient_50,CTI (CC),19038.95859142731,complete,ctiBeds,0.0,,,,
Patient_50,CTI prepara Encaminhamento,19038.95859142731,start,,0.0,,,,
Patient_50,CTI prepara Encaminhamento,19069.684780026473,complete,,0.0,,,,
Patient_50,Encaminha_para a Clinica Cirurgica,19069.684780026473,complete,,,para a Clinica Cirurgica,19069.684780026473,,
Patient_50,Discharge,19069.684780026473,complete,,,,,,5815.757560617683
Patient_500,Arrival,175434.8348212839,complete,,0.0,,,,
Patient_500,Origem_do Centro Cirurgico,175434.8348212839,complete,,,do Centro Cirurgico,175434.8348212839,,
Patient_500,CTI (CC),175434.8348212839,start,ctiBeds,0.0,,,,
Patient_500,CTI (CC),178605.2893814834,complete,ctiBeds,0.0,,,,
Patient_500,CTI prepara Encaminhamento,178605.2893814834,start,,0.0,,,,
Patient_500,CTI prepara Encaminhamento,178664.59278046948,complete,,0.0,,,,
Patient_500,Encaminha_para a Clinica Cirurgica,178664.59278046948,complete,,,para a Clinica Cirurgica,178664.59278046948,,
Patient_500,Discharge,178664.59278046948,complete,,,,,,3229.7579591855756
Patient_501,Arrival,175600.61232431943,complete,,0.0,,,,
Patient_501,Origem_do Pronto Socorro,175600.61232431943,complete,,,do Pronto Socorro,175600.61232431943,,
Patient_501,CTI (PS),175600.61232431943,start,ctiBeds,0.0,,,,
Patient_501,CTI (PS),181032.93948616786,complete,ctiBeds,0.0,,,,
Patient_501,CTI prepara Encaminhamento,181032.93948616786,start,,0.0,,,,
Patient_501,CTI prepara Encaminhamento,181078.15452645437,complete,,0.0,,,,
Patient_501,Encaminha_para a Clinica Cirurgica,181078.15452645437,complete,,,para a Clinica Cirurgica,181078.15452645437,,
Patient_501,Discharge,181078.15452645437,complete,,,,,,5477.542202134937
Patient_502,Arrival,176171.3406218694,complete,,0.0,,,,
Patient_502,Origem_do Pronto Socorro,176171.3406218694,complete,,,do Pronto Socorro,176171.3406218694,,
Patient_502,CTI (PS),176171.3406218694,start,ctiBeds,0.0,,,,
Patient_502,CTI (PS),185665.718788783,complete,ctiBeds,0.0,,,,
Patient_502,CTI prepara Encaminhamento,185665.718788783,start,,0.0,,,,
Patient_502,CTI prepara Encaminhamento,185706.66947656308,complete,,0.0,,,,
Patient_502,Encaminha_para a Clinica Cirurgica,185706.66947656308,complete,,,para a Clinica Cirurgica,185706.66947656308,,
Patient_502,Discharge,185706.66947656308,complete,,,,,,9535.328854693682
Patient_503,Arrival,176450.3808410597,complete,,0.0,,,,
Patient_503,Origem_da Clinica Medica,176450.3808410597,complete,,,da Clinica Medica,176450.3808410597,,
Patient_503,CTI (CLIM),176450.3808410597,start,ctiBeds,0.0,,,,
Patient_503,CTI (CLIM),185279.00088854777,complete,ctiBeds,0.0,,,,
Patient_503,CTI prepara Encaminhamento,185279.00088854777,start,,0.0,,,,
Patient_503,CTI prepara Encaminhamento,185331.0022903167,complete,,0.0,,,,
Patient_503,Encaminha_para a Clinica Medica,185331.0022903167,complete,,,para a Clinica Medica,185331.0022903167,,
Patient_503,Discharge,185331.0022903167,complete,,,,,,8880.621449257014
Patient_504,Arrival,176604.491270919,complete,,0.0,,,,
Patient_504,Origem_do Pronto Socorro,176604.491270919,complete,,,do Pronto Socorro,176604.491270919,,
Patient_504,CTI (PS),176604.491270919,start,ctiBeds,0.0,,,,
Patient_504,CTI (PS),182741.05426797483,complete,ctiBeds,0.0,,,,
Patient_504,CTI prepara Encaminhamento,182741.05426797483,start,,0.0,,,,
Patient_504,CTI prepara Encaminhamento,182771.3123072765,complete,,0.0,,,,
Patient_504,Encaminha_para a Clinica Cirurgica,182771.3123072765,complete,,,para a Clinica Cirurgica,182771.3123072765,,
Patient_504,Discharge,182771.3123072765,complete,,,,,,6166.821036357491
Patient_505,Arrival,176608.15765440458,complete,,0.0,,,,
Patient_505,Origem_da Clinica Medica,176608.15765440458,complete,,,da Clinica Medica,176608.15765440458,,
Patient_505,CTI (CLIM),176608.15765440458,start,ctiBeds,0.0,,,,
Patient_505,CTI (CLIM),181090.74029459446,complete,ctiBeds,0.0,,,,
Patient_505,CTI prepara Encaminhamento,181090.74029459446,start,,0.0,,,,
Patient_505,CTI prepara Encaminhamento,181145.80258046213,complete,,0.0,,,,
Patient_505,Encaminha_para a Clinica Cirurgica,181145.80258046213,complete,,,para a Clinica Cirurgica,181145.80258046213,,
Patient_505,Discharge,181145.80258046213,complete,,,,,,4537.644926057546
Patient_506,Arrival,177189.4615197763,complete,,0.0,,,,
Patient_506,Origem_do Centro Cirurgico,177189.4615197763,complete,,,do Centro Cirurgico,177189.4615197763,,
Patient_506,CTI (CC),177189.4615197763,start,ctiBeds,0.0,,,,
Patient_506,CTI (CC),179420.56442436008,complete,ctiBeds,0.0,,,,
Patient_506,CTI prepara Encaminhamento,179420.56442436008,start,,0.0,,,,
Patient_506,CTI prepara Encaminhamento,179479.41101746177,complete,,0.0,,,,
Patient_506,Encaminha_para a Clinica Medica,179479.41101746177,complete,,,para a Clinica Medica,179479.41101746177,,
Patient_506,Discharge,179479.41101746177,complete,,,,,,2289.9494976854767
Patient_507,Arrival,177700.49052967434,complete,,0.0,,,,
Patient_507,Origem_do Centro Cirurgico,177700.49052967434,complete,,,do Centro Cirurgico,177700.49052967434,,
Patient_507,CTI (CC),177700.49052967434,start,ctiBeds,0.0,,,,
Patient_507,CTI (CC),180418.2084746172,complete,ctiBeds,0.0,,,,
Patient_507,CTI prepara Encaminhamento,180418.2084746172,start,,0.0,,,,
Patient_507,CTI prepara Encaminhamento,180468.58501728304,complete,,0.0,,,,
Patient_507,Encaminha_para o Centro Cirurgico,180468.58501728304,complete,,,para o Centro Cirurgico,180468.58501728304,,
Patient_507,Discharge,180468.58501728304,complete,,,,,,2768.0944876087015
Patient_508,Arrival,177919.71736911914,complete,,0.0,,,,
Patient_508,Origem_do Pronto Socorro,177919.71736911914,complete,,,do Pronto Socorro,177919.71736911914,,
Patient_508,CTI (PS),177919.71736911914,start,ctiBeds,0.0,,,,
Patient_508,CTI (PS),192387.7337709859,complete,ctiBeds,0.0,,,,
Patient_508,CTI prepara Encaminhamento,192387.7337709859,start,,0.0,,,,
Patient_508,CTI prepara Encaminhamento,192446.01777913186,complete,,0.0,,,,
Patient_508,Encaminha_para a Clinica Cirurgica,192446.01777913186,complete,,,para a Clinica Cirurgica,192446.01777913186,,
Patient_508,Discharge,192446.01777913186,complete,,,,,,14526.300410012715
Patient_509,Arrival,178009.93223555668,complete,,0.0,,,,
Patient_509,Origem_do Pronto Socorro,178009.93223555668,complete,,,do Pronto Socorro,178009.93223555668,,
Patient_509,CTI (PS),178009.93223555668,start,ctiBeds,0.0,,,,
Patient_509,CTI (PS),183741.7627607007,complete,ctiBeds,0.0,,,,
Patient_509,CTI prepara Encaminhamento,183741.7627607007,start,,0.0,,,,
Patient_509,CTI prepara Encaminhamento,183786.50896142112,complete,,0.0,,,,
Patient_509,Encaminha_para a Clinica Cirurgica,183786.50896142112,complete,,,para a Clinica Cirurgica,183786.50896142112,,
Patient_509,Discharge,183786.50896142112,complete,,,,,,5776.576725864434
Patient_51,Arrival,13364.68110131552,complete,,0.0,,,,
Patient_51,Origem_do Pronto Socorro,13364.68110131552,complete,,,do Pronto Socorro,13364.68110131552,,
Patient_51,CTI (PS),13364.68110131552,start,ctiBeds,0.0,,,,
Patient_51,CTI (PS),22460.514273614375,complete,ctiBeds,0.0,,,,
Patient_51,CTI prepara Encaminhamento,22460.514273614375,start,,0.0,,,,
Patient_51,CTI prepara Encaminhamento,22504.333399568666,complete,,0.0,,,,
Patient_51,Encaminha_para a Clinica Cirurgica,22504.333399568666,complete,,,para a Clinica Cirurgica,22504.333399568666,,
Patient_51,Discharge,22504.333399568666,complete,,,,,,9139.652298253146
Patient_510,Arrival,178046.42833156974,complete,,0.0,,,,
Patient_510,Origem_do Pronto Socorro,178046.42833156974,complete,,,do Pronto Socorro,178046.42833156974,,
Patient_510,CTI (PS),178046.42833156974,start,ctiBeds,0.0,,,,
Patient_510,CTI (PS),200515.09850442203,complete,ctiBeds,0.0,,,,
Patient_510,CTI prepara Encaminhamento,200515.09850442203,start,,0.0,,,,
Patient_510,CTI prepara Encaminhamento,200564.28383966227,complete,,0.0,,,,
Patient_510,Encaminha_Obito,200564.28383966227,complete,,,Obito,200564.28383966227,,
Patient_510,Discharge,200564.28383966227,complete,,,,,,22517.85550809253
Patient_511,Arrival,178082.5052772252,complete,,0.0,,,,
Patient_511,Origem_do Pronto Socorro,178082.5052772252,complete,,,do Pronto Socorro,178082.5052772252,,
Patient_511,CTI (PS),178082.5052772252,start,ctiBeds,0.0,,,,
Patient_511,CTI (PS),189592.45591382607,complete,ctiBeds,0.0,,,,
Patient_511,CTI prepara Encaminhamento,189592.45591382607,start,,0.0,,,,
Patient_511,CTI prepara Encaminhamento,189625.2451467959,complete,,0.0,,,,
Patient_511,Encaminha_para a Clinica Cirurgica,189625.2451467959,complete,,,para a Clinica Cirurgica,189625.2451467959,,
Patient_511,Discharge,189625.2451467959,complete,,,,,,11542.739869570709
Patient_512,Arrival,178356.0894402964,complete,,0.0,,,,
Patient_512,Origem_do Centro Cirurgico,178356.0894402964,complete,,,do Centro Cirurgico,178356.0894402964,,
Patient_512,CTI (CC),178605.2893814834,start,ctiBeds,0.0,,,,
Patient_512,CTI (CC),206929.33589139453,complete,ctiBeds,0.0,,,,
Patient_512,CTI prepara Encaminhamento,206929.33589139453,start,,0.0,,,,
Patient_512,CTI prepara Encaminhamento,206972.68650678018,complete,,0.0,,,,
Patient_512,Encaminha_para a Clinica Cirurgica,206972.68650678018,complete,,,para a Clinica Cirurgica,206972.68650678018,,
Patient_512,Discharge,206972.68650678018,complete,,,,,,28616.59706648378
Patient_513,Arrival,178837.14487064118,complete,,0.0,,,,
Patient_513,Origem_do Centro Cirurgico,178837.14487064118,complete,,,do Centro Cirurgico,178837.14487064118,,
Patient_513,CTI (CC),179420.56442436008,start,ctiBeds,0.0,,,,
Patient_513,CTI (CC),180896.21758602033,complete,ctiBeds,0.0,,,,
Patient_513,CTI prepara Encaminhamento,180896.21758602033,start,,0.0,,,,
Patient_513,CTI prepara Encaminhamento,180953.88305800952,complete,,0.0,,,,
Patient_513,Encaminha_para a Clinica Medica,180953.88305800952,complete,,,para a Clinica Medica,180953.88305800952,,
Patient_513,Discharge,180953.88305800952,complete,,,,,,2116.738187368348
Patient_514,Arrival,178845.64269382693,complete,,0.0,,,,
Patient_514,Origem_do Pronto Socorro,178845.64269382693,complete,,,do Pronto Socorro,178845.64269382693,,
Patient_514,CTI (PS),179654.9094025651,start,ctiBeds,0.0,,,,
Patient_514,CTI (PS),199786.08867756,complete,ctiBeds,0.0,,,,
Patient_514,CTI prepara Encaminhamento,199786.08867756,start,,0.0,,,,
Patient_514,CTI prepara Encaminhamento,199841.5462280944,complete,,0.0,,,,
Patient_514,Encaminha_Obito,199841.5462280944,complete,,,Obito,199841.5462280944,,
Patient_514,Discharge,199841.5462280944,complete,,,,,,20995.903534267476
Patient_515,Arrival,179068.15574357111,complete,,0.0,,,,
Patient_515,Origem_do Centro Cirurgico,179068.15574357111,complete,,,do Centro Cirurgico,179068.15574357111,,
Patient_515,CTI (CC),180381.15928980085,start,ctiBeds,0.0,,,,
Patient_515,CTI (CC),182881.2480689515,complete,ctiBeds,0.0,,,,
Patient_515,CTI prepara Encaminhamento,182881.2480689515,start,,0.0,,,,
Patient_515,CTI prepara Encaminhamento,182940.88426654413,complete,,0.0,,,,
Patient_515,Encaminha_Transferencia Externa,182940.88426654413,complete,,,Transferencia Externa,182940.88426654413,,
Patient_515,Discharge,182940.88426654413,complete,,,,,,3872.7285229730187
Patient_516,Arrival,179147.68711097646,complete,,0.0,,,,
Patient_516,Origem_da Clinica Cirurgica,179147.68711097646,complete,,,da Clinica Cirurgica,179147.68711097646,,
Patient_516,CTI (CLIC),180418.2084746172,start,ctiBeds,0.0,,,,
Patient_516,CTI (CLIC),190618.65118021466,complete,ctiBeds,0.0,,,,
Patient_516,CTI prepara Encaminhamento,190618.65118021466,start,,0.0,,,,
Patient_516,CTI prepara Encaminhamento,190653.6255387375,complete,,0.0,,,,
Patient_516,Encaminha_para a Clinica Medica,190653.6255387375,complete,,,para a Clinica Medica,190653.6255387375,,
Patient_516,Discharge,190653.6255387375,complete,,,,,,11505.938427761052
Patient_517,Arrival,179214.1279279374,complete,,0.0,,,,
Patient_517,Origem_do Centro Cirurgico,179214.1279279374,complete,,,do Centro Cirurgico,179214.1279279374,,
Patient_517,CTI (CC),180896.21758602033,start,ctiBeds,0.0,,,,
Patient_517,CTI (CC),254428.28121787158,complete,ctiBeds,0.0,,,,
Patient_517,CTI prepara Encaminhamento,254428.28121787158,start,,0.0,,,,
Patient_517,CTI prepara Encaminhamento,254483.0313711198,complete,,0.0,,,,
Patient_517,Encaminha_para a Clinica Medica,254483.0313711198,complete,,,para a Clinica Medica,254483.0313711198,,
Patient_517,Discharge,254483.0313711198,complete,,,,,,75268.90344318241
Patient_518,Arrival,179546.8776352626,complete,,0.0,,,,
Patient_518,Origem_do Pronto Socorro,179546.8776352626,complete,,,do Pronto Socorro,179546.8776352626,,
Patient_518,CTI (PS),181032.93948616786,start,ctiBeds,0.0,,,,
Patient_518,CTI (PS),186670.90257455324,complete,ctiBeds,0.0,,,,
Patient_518,CTI prepara Encaminhamento,186670.90257455324,start,,0.0,,,,
Patient_518,CTI prepara Encaminhamento,186722.53269224596,complete,,0.0,,,,
Patient_518,Encaminha_para a Clinica Medica,186722.53269224596,complete,,,para a Clinica Medica,186722.53269224596,,
Patient_518,Discharge,186722.53269224596,complete,,,,,,7175.655056983378
Patient_519,Arrival,179894.82099575564,complete,,0.0,,,,
Patient_519,Origem_do Pronto Socorro,179894.82099575564,complete,,,do Pronto Socorro,179894.82099575564,,
Patient_519,CTI (PS),181090.74029459446,start,ctiBeds,0.0,,,,
Patient_519,CTI (PS),181756.920215342,complete,ctiBeds,0.0,,,,
Patient_519,CTI prepara Encaminhamento,181756.920215342,start,,0.0,,,,
Patient_519,CTI prepara Encaminhamento,181801.38791035188,complete,,0.0,,,,
Patient_519,Encaminha_para a Clinica Cirurgica,181801.38791035188,complete,,,para a Clinica Cirurgica,181801.38791035188,,
Patient_519,Discharge,181801.38791035188,complete,,,,,,1906.5669145962456
Patient_52,Arrival,13896.83934505853,complete,,0.0,,,,
Patient_52,Origem_do Pronto Socorro,13896.83934505853,complete,,,do Pronto Socorro,13896.83934505853,,
Patient_52,CTI (PS),13896.83934505853,start,ctiBeds,0.0,,,,
Patient_52,CTI (PS),39077.51113438566,complete,ctiBeds,0.0,,,,
Patient_52,CTI prepara Encaminhamento,39077.51113438566,start,,0.0,,,,
Patient_52,CTI prepara Encaminhamento,39119.169580060756,complete,,0.0,,,,
Patient_52,Encaminha_para a Clinica Cirurgica,39119.169580060756,complete,,,para a Clinica Cirurgica,39119.169580060756,,
Patient_52,Discharge,39119.169580060756,complete,,,,,,25222.330235002228
Patient_520,Arrival,180720.33145005882,complete,,0.0,,,,
Patient_520,Origem_do Pronto Socorro,180720.33145005882,complete,,,do Pronto Socorro,180720.33145005882,,
Patient_520,CTI (PS),181604.35486817276,start,ctiBeds,0.0,,,,
Patient_520,CTI (PS),194598.3931248996,complete,ctiBeds,0.0,,,,
Patient_520,CTI prepara Encaminhamento,194598.3931248996,start,,0.0,,,,
Patient_520,CTI prepara Encaminhamento,194657.8580093277,complete,,0.0,,,,
Patient_520,Encaminha_para a Clinica Medica,194657.8580093277,complete,,,para a Clinica Medica,194657.8580093277,,
Patient_520,Discharge,194657.8580093277,complete,,,,,,13937.526559268881
Patient_521,Arrival,180807.92637659542,complete,,0.0,,,,
Patient_521,Origem_do Pronto Socorro,180807.92637659542,complete,,,do Pronto Socorro,180807.92637659542,,
Patient_521,CTI (PS),181756.920215342,start,ctiBeds,0.0,,,,
Patient_521,CTI (PS),198291.73762388786,complete,ctiBeds,0.0,,,,
Patient_521,CTI prepara Encaminhamento,198291.73762388786,start,,0.0,,,,
Patient_521,CTI prepara Encaminhamento,198347.08141364154,complete,,0.0,,,,
Patient_521,Encaminha_para a Clinica Cirurgica,198347.08141364154,complete,,,para a Clinica Cirurgica,198347.08141364154,,
Patient_521,Discharge,198347.08141364154,complete,,,,,,17539.15503704612
Patient_522,Arrival,181079.62117092998,complete,,0.0,,,,
Patient_522,Origem_da Clinica Medica,181079.62117092998,complete,,,da Clinica Medica,181079.62117092998,,
Patient_522,CTI (CLIM),181997.59799086535,start,ctiBeds,0.0,,,,
Patient_522,CTI (CLIM),191139.37697238688,complete,ctiBeds,0.0,,,,
Patient_522,CTI prepara Encaminhamento,191139.37697238688,start,,0.0,,,,
Patient_522,CTI prepara Encaminhamento,191194.04723785576,complete,,0.0,,,,
Patient_522,Encaminha_para a Clinica Cirurgica,191194.04723785576,complete,,,para a Clinica Cirurgica,191194.04723785576,,
Patient_522,Discharge,191194.04723785576,complete,,,,,,10114.426066925778
Patient_523,Arrival,181417.20025124482,complete,,0.0,,,,
Patient_523,Origem_do Centro Cirurgico,181417.20025124482,complete,,,do Centro Cirurgico,181417.20025124482,,
Patient_523,CTI (CC),182741.05426797483,start,ctiBeds,0.0,,,,
Patient_523,CTI (CC),193081.9464123627,complete,ctiBeds,0.0,,,,
Patient_523,CTI prepara Encaminhamento,193081.9464123627,start,,0.0,,,,
Patient_523,CTI prepara Encaminhamento,193134.5272728812,complete,,0.0,,,,
Patient_523,Encaminha_Transferencia Externa,193134.5272728812,complete,,,Transferencia Externa,193134.5272728812,,
Patient_523,Discharge,193134.5272728812,complete,,,,,,11717.327021636389
Patient_524,Arrival,182804.8991176664,complete,,0.0,,,,
Patient_524,Origem_do Centro Cirurgico,182804.8991176664,complete,,,do Centro Cirurgico,182804.8991176664,,
Patient_524,CTI (CC),182881.2480689515,start,ctiBeds,0.0,,,,
Patient_524,CTI (CC),183387.688487481,complete,ctiBeds,0.0,,,,
Patient_524,CTI prepara Encaminhamento,183387.688487481,start,,0.0,,,,
Patient_524,CTI prepara Encaminhamento,183432.4943540519,complete,,0.0,,,,
Patient_524,Encaminha_para a Maternidade,183432.4943540519,complete,,,para a Maternidade,183432.4943540519,,
Patient_524,Discharge,183432.4943540519,complete,,,,,,627.595236385474
Patient_525,Arrival,183038.30856494122,complete,,0.0,,,,
Patient_525,Origem_do Pronto Socorro,183038.30856494122,complete,,,do Pronto Socorro,183038.30856494122,,
Patient_525,CTI (PS),183387.688487481,start,ctiBeds,0.0,,,,
Patient_525,CTI (PS),195599.75332646593,complete,ctiBeds,0.0,,,,
Patient_525,CTI prepara Encaminhamento,195599.75332646593,start,,0.0,,,,
Patient_525,CTI prepara Encaminhamento,195641.22401550342,complete,,0.0,,,,
Patient_525,Encaminha_para a Clinica Medica,195641.22401550342,complete,,,para a Clinica Medica,195641.22401550342,,
Patient_525,Discharge,195641.22401550342,complete,,,,,,12602.9154505622
Patient_526,Arrival,183284.718777195,complete,,0.0,,,,
Patient_526,Origem_do Pronto Socorro,183284.718777195,complete,,,do Pronto Socorro,183284.718777195,,
Patient_526,CTI (PS),183394.2375005488,start,ctiBeds,0.0,,,,
Patient_526,CTI (PS),189582.08321534854,complete,ctiBeds,0.0,,,,
Patient_526,CTI prepara Encaminhamento,189582.08321534854,start,,0.0,,,,
Patient_526,CTI prepara Encaminhamento,189630.6930802445,complete,,0.0,,,,
Patient_526,Encaminha_Obito,189630.6930802445,complete,,,Obito,189630.6930802445,,
Patient_526,Discharge,189630.6930802445,complete,,,,,,6345.974303049501
Patient_527,Arrival,184081.75514525807,complete,,0.0,,,,
Patient_527,Origem_do Pronto Socorro,184081.75514525807,complete,,,do Pronto Socorro,184081.75514525807,,
Patient_527,CTI (PS),184081.75514525807,start,ctiBeds,0.0,,,,
Patient_527,CTI (PS),185540.1599447817,complete,ctiBeds,0.0,,,,
Patient_527,CTI prepara Encaminhamento,185540.1599447817,start,,0.0,,,,
Patient_527,CTI prepara Encaminhamento,185590.77148092698,complete,,0.0,,,,
Patient_527,Encaminha_para a Clinica Cirurgica,185590.77148092698,complete,,,para a Clinica Cirurgica,185590.77148092698,,
Patient_527,Discharge,185590.77148092698,complete,,,,,,1509.0163356689154
Patient_528,Arrival,184595.57439440585,complete,,0.0,,,,
Patient_528,Origem_do Pronto Socorro,184595.57439440585,complete,,,do Pronto Socorro,184595.57439440585,,
Patient_528,CTI (PS),185275.9129961923,start,ctiBeds,0.0,,,,
Patient_528,CTI (PS),190357.44928946256,complete,ctiBeds,0.0,,,,
Patient_528,CTI prepara Encaminhamento,190357.44928946256,start,,0.0,,,,
Patient_528,CTI prepara Encaminhamento,190392.2961952752,complete,,0.0,,,,
Patient_528,Encaminha_para a Clinica Medica,190392.2961952752,complete,,,para a Clinica Medica,190392.2961952752,,
Patient_528,Discharge,190392.2961952752,complete,,,,,,5796.72180086936
Patient_529,Arrival,184809.88620932453,complete,,0.0,,,,
Patient_529,Origem_do Pronto Socorro,184809.88620932453,complete,,,do Pronto Socorro,184809.88620932453,,
Patient_529,CTI (PS),185279.00088854777,start,ctiBeds,0.0,,,,
Patient_529,CTI (PS),206856.51971937538,complete,ctiBeds,0.0,,,,
Patient_529,CTI prepara Encaminhamento,206856.51971937538,start,,0.0,,,,
Patient_529,CTI prepara Encaminhamento,206899.93743677356,complete,,0.0,,,,
Patient_529,Encaminha_Obito,206899.93743677356,complete,,,Obito,206899.93743677356,,
Patient_529,Discharge,206899.93743677356,complete,,,,,,22090.051227449032
Patient_53,Arrival,14174.798200118028,complete,,0.0,,,,
Patient_53,Origem_da Clinica Cirurgica,14174.798200118028,complete,,,da Clinica Cirurgica,14174.798200118028,,
Patient_53,CTI (CLIC),14174.798200118028,start,ctiBeds,0.0,,,,
Patient_53,CTI (CLIC),16314.376782775387,complete,ctiBeds,0.0,,,,
Patient_53,CTI prepara Encaminhamento,16314.376782775387,start,,0.0,,,,
Patient_53,CTI prepara Encaminhamento,16347.439850567009,complete,,0.0,,,,
Patient_53,Encaminha_Obito,16347.439850567009,complete,,,Obito,16347.439850567009,,
Patient_53,Discharge,16347.439850567009,complete,,,,,,2172.6416504489807
Patient_530,Arrival,185290.9681540729,complete,,0.0,,,,
Patient_530,Origem_do Centro Cirurgico,185290.9681540729,complete,,,do Centro Cirurgico,185290.9681540729,,
Patient_530,CTI (CC),185540.1599447817,start,ctiBeds,0.0,,,,
Patient_530,CTI (CC),189121.02101751248,complete,ctiBeds,0.0,,,,
Patient_530,CTI prepara Encaminhamento,189121.02101751248,start,,0.0,,,,
Patient_530,CTI prepara Encaminhamento,189170.53210484688,complete,,0.0,,,,
Patient_530,Encaminha_para a Clinica Cirurgica,189170.53210484688,complete,,,para a Clinica Cirurgica,189170.53210484688,,
Patient_530,Discharge,189170.53210484688,complete,,,,,,3879.563950773969
Patient_531,Arrival,185567.70412527668,complete,,0.0,,,,
Patient_531,Origem_do Centro Cirurgico,185567.70412527668,complete,,,do Centro Cirurgico,185567.70412527668,,
Patient_531,CTI (CC),185665.718788783,start,ctiBeds,0.0,,,,
Patient_531,CTI (CC),186371.8207670115,complete,ctiBeds,0.0,,,,
Patient_531,CTI prepara Encaminhamento,186371.8207670115,start,,0.0,,,,
Patient_531,CTI prepara Encaminhamento,186420.66967302357,complete,,0.0,,,,
Patient_531,Encaminha_para a Clinica Cirurgica,186420.66967302357,complete,,,para a Clinica Cirurgica,186420.66967302357,,
Patient_531,Discharge,186420.66967302357,complete,,,,,,852.9655477468914
Patient_532,Arrival,186349.73961811882,complete,,0.0,,,,
Patient_532,Origem_da Clinica Medica,186349.73961811882,complete,,,da Clinica Medica,186349.73961811882,,
Patient_532,CTI (CLIM),186349.73961811882,start,ctiBeds,0.0,,,,
Patient_532,CTI (CLIM),188280.28692625175,complete,ctiBeds,0.0,,,,
Patient_532,CTI prepara Encaminhamento,188280.28692625175,start,,0.0,,,,
Patient_532,CTI prepara Encaminhamento,188331.83627461627,complete,,0.0,,,,
Patient_532,Encaminha_para a Clinica Medica,188331.83627461627,complete,,,para a Clinica Medica,188331.83627461627,,
Patient_532,Discharge,188331.83627461627,complete,,,,,,1982.0966564974515
Patient_533,Arrival,186701.95306936905,complete,,0.0,,,,
Patient_533,Origem_da Clinica Cirurgica,186701.95306936905,complete,,,da Clinica Cirurgica,186701.95306936905,,
Patient_533,CTI (CLIC),186701.95306936905,start,ctiBeds,0.0,,,,
Patient_533,CTI (CLIC),188208.72943016334,complete,ctiBeds,0.0,,,,
Patient_533,CTI prepara Encaminhamento,188208.72943016334,start,,0.0,,,,
Patient_533,CTI prepara Encaminhamento,188240.27010098632,complete,,0.0,,,,
Patient_533,Encaminha_para a Clinica Medica,188240.27010098632,complete,,,para a Clinica Medica,188240.27010098632,,
Patient_533,Discharge,188240.27010098632,complete,,,,,,1538.3170316172764
Patient_534,Arrival,187220.8756346901,complete,,0.0,,,,
Patient_534,Origem_do Pronto Socorro,187220.8756346901,complete,,,do Pronto Socorro,187220.8756346901,,
Patient_534,CTI (PS),187220.8756346901,start,ctiBeds,0.0,,,,
Patient_534,CTI (PS),201351.0115973962,complete,ctiBeds,0.0,,,,
Patient_534,CTI prepara Encaminhamento,201351.0115973962,start,,0.0,,,,
Patient_534,CTI prepara Encaminhamento,201395.5104361728,complete,,0.0,,,,
Patient_534,Encaminha_para a Clinica Medica,201395.5104361728,complete,,,para a Clinica Medica,201395.5104361728,,
Patient_534,Discharge,201395.5104361728,complete,,,,,,14174.634801482694
Patient_535,Arrival,187267.9147262519,complete,,0.0,,,,
Patient_535,Origem_do Centro Cirurgico,187267.9147262519,complete,,,do Centro Cirurgico,187267.9147262519,,
Patient_535,CTI (CC),187267.9147262519,start,ctiBeds,0.0,,,,
Patient_535,CTI (CC),226217.46831753565,complete,ctiBeds,0.0,,,,
Patient_535,CTI prepara Encaminhamento,226217.46831753565,start,,0.0,,,,
Patient_535,CTI prepara Encaminhamento,226258.6980937095,complete,,0.0,,,,
Patient_535,Encaminha_para a Clinica Medica,226258.6980937095,complete,,,para a Clinica Medica,226258.6980937095,,
Patient_535,Discharge,226258.6980937095,complete,,,,,,38990.783367457596
Patient_536,Arrival,188836.6330917646,complete,,0.0,,,,
Patient_536,Origem_do Pronto Socorro,188836.6330917646,complete,,,do Pronto Socorro,188836.6330917646,,
Patient_536,CTI (PS),188836.6330917646,start,ctiBeds,0.0,,,,
Patient_536,CTI (PS),202816.3319046132,complete,ctiBeds,0.0,,,,
Patient_536,CTI prepara Encaminhamento,202816.3319046132,start,,0.0,,,,
Patient_536,CTI prepara Encaminhamento,202867.10445878305,complete,,0.0,,,,
Patient_536,Encaminha_para a Clinica Medica,202867.10445878305,complete,,,para a Clinica Medica,202867.10445878305,,
Patient_536,Discharge,202867.10445878305,complete,,,,,,14030.471367018443
Patient_537,Arrival,188871.0798749697,complete,,0.0,,,,
Patient_537,Origem_do Centro Cirurgico,188871.0798749697,complete,,,do Centro Cirurgico,188871.0798749697,,
Patient_537,CTI (CC),188871.0798749697,start,ctiBeds,0.0,,,,
Patient_537,CTI (CC),206287.26486177533,complete,ctiBeds,0.0,,,,
Patient_537,CTI prepara Encaminhamento,206287.26486177533,start,,0.0,,,,
Patient_537,CTI prepara Encaminhamento,206338.3241725724,complete,,0.0,,,,
Patient_537,Encaminha_para a Clinica Medica,206338.3241725724,complete,,,para a Clinica Medica,206338.3241725724,,
Patient_537,Discharge,206338.3241725724,complete,,,,,,17467.24429760271
Patient_538,Arrival,189906.16491189518,complete,,0.0,,,,
Patient_538,Origem_do Centro Cirurgico,189906.16491189518,complete,,,do Centro Cirurgico,189906.16491189518,,
Patient_538,CTI (CC),189906.16491189518,start,ctiBeds,0.0,,,,
Patient_538,CTI (CC),302750.1182232246,complete,ctiBeds,0.0,,,,
Patient_538,CTI prepara Encaminhamento,302750.1182232246,start,,0.0,,,,
Patient_538,CTI prepara Encaminhamento,302780.3708362921,complete,,0.0,,,,
Patient_538,Encaminha_para a Clinica Cirurgica,302780.3708362921,complete,,,para a Clinica Cirurgica,302780.3708362921,,
Patient_538,Discharge,302780.3708362921,complete,,,,,,112874.20592439693
Patient_539,Arrival,190344.99087502647,complete,,0.0,,,,
Patient_539,Origem_do Centro Cirurgico,190344.99087502647,complete,,,do Centro Cirurgico,190344.99087502647,,
Patient_539,CTI (CC),190344.99087502647,start,ctiBeds,0.0,,,,
Patient_539,CTI (CC),192315.6906589625,complete,ctiBeds,0.0,,,,
Patient_539,CTI prepara Encaminhamento,192315.6906589625,start,,0.0,,,,
Patient_539,CTI prepara Encaminhamento,192366.4208536619,complete,,0.0,,,,
Patient_539,Encaminha_para a Clinica Medica,192366.4208536619,complete,,,para a Clinica Medica,192366.4208536619,,
Patient_539,Discharge,192366.4208536619,complete,,,,,,2021.429978635424
Patient_54,Arrival,14363.13017041761,complete,,0.0,,,,
Patient_54,Origem_do Pronto Socorro,14363.13017041761,complete,,,do Pronto Socorro,14363.13017041761,,
Patient_54,CTI (PS),14363.13017041761,start,ctiBeds,0.0,,,,
Patient_54,CTI (PS),38816.646797775815,complete,ctiBeds,0.0,,,,
Patient_54,CTI prepara Encaminhamento,38816.646797775815,start,,0.0,,,,
Patient_54,CTI prepara Encaminhamento,38871.62569039853,complete,,0.0,,,,
Patient_54,Encaminha_para a Clinica Cirurgica,38871.62569039853,complete,,,para a Clinica Cirurgica,38871.62569039853,,
Patient_54,Discharge,38871.62569039853,complete,,,,,,24508.49551998092
Patient_540,Arrival,190636.2833834893,complete,,0.0,,,,
Patient_540,Origem_do Pronto Socorro,190636.2833834893,complete,,,do Pronto Socorro,190636.2833834893,,
Patient_540,CTI (PS),190636.2833834893,start,ctiBeds,0.0,,,,
Patient_540,CTI (PS),195291.24184354837,complete,ctiBeds,0.0,,,,
Patient_540,CTI prepara Encaminhamento,195291.24184354837,start,,0.0,,,,
Patient_540,CTI prepara Encaminhamento,195321.89325649993,complete,,0.0,,,,
Patient_540,Encaminha_Obito,195321.89325649993,complete,,,Obito,195321.89325649993,,
Patient_540,Discharge,195321.89325649993,complete,,,,,,4685.609873010631
Patient_541,Arrival,190922.7092673269,complete,,0.0,,,,
Patient_541,Origem_do Centro Cirurgico,190922.7092673269,complete,,,do Centro Cirurgico,190922.7092673269,,
Patient_541,CTI (CC),190922.7092673269,start,ctiBeds,0.0,,,,
Patient_541,CTI (CC),194075.98263168617,complete,ctiBeds,0.0,,,,
Patient_541,CTI prepara Encaminhamento,194075.98263168617,start,,0.0,,,,
Patient_541,CTI prepara Encaminhamento,194112.68952598263,complete,,0.0,,,,
Patient_541,Encaminha_para a Clinica Medica,194112.68952598263,complete,,,para a Clinica Medica,194112.68952598263,,
Patient_541,Discharge,194112.68952598263,complete,,,,,,3189.9802586557344
Patient_542,Arrival,191461.05375850404,complete,,0.0,,,,
Patient_542,Origem_do Centro Cirurgico,191461.05375850404,complete,,,do Centro Cirurgico,191461.05375850404,,
Patient_542,CTI (CC),191461.05375850404,start,ctiBeds,0.0,,,,
Patient_542,CTI (CC),192415.0583017917,complete,ctiBeds,0.0,,,,
Patient_542,CTI prepara Encaminhamento,192415.0583017917,start,,0.0,,,,
Patient_542,CTI prepara Encaminhamento,192470.7662848061,complete,,0.0,,,,
Patient_542,Encaminha_para a Clinica Cirurgica,192470.7662848061,complete,,,para a Clinica Cirurgica,192470.7662848061,,
Patient_542,Discharge,192470.7662848061,complete,,,,,,1009.7125263020571
Patient_543,Arrival,191674.94775394732,complete,,0.0,,,,
Patient_543,Origem_da Clinica Cirurgica,191674.94775394732,complete,,,da Clinica Cirurgica,191674.94775394732,,
Patient_543,CTI (CLIC),191674.94775394732,start,ctiBeds,0.0,,,,
Patient_543,CTI (CLIC),191982.6356785805,complete,ctiBeds,0.0,,,,
Patient_543,CTI prepara Encaminhamento,191982.6356785805,start,,0.0,,,,
Patient_543,CTI prepara Encaminhamento,192014.17914488583,complete,,0.0,,,,
Patient_543,Encaminha_Obito,192014.17914488583,complete,,,Obito,192014.17914488583,,
Patient_543,Discharge,192014.17914488583,complete,,,,,,339.23139093851205
Patient_544,Arrival,192469.52078331113,complete,,0.0,,,,
Patient_544,Origem_do Centro Cirurgico,192469.52078331113,complete,,,do Centro Cirurgico,192469.52078331113,,
Patient_544,CTI (CC),192469.52078331113,start,ctiBeds,0.0,,,,
Patient_544,CTI (CC),194354.30149708007,complete,ctiBeds,0.0,,,,
Patient_544,CTI prepara Encaminhamento,194354.30149708007,start,,0.0,,,,
Patient_544,CTI prepara Encaminhamento,194408.4259201473,complete,,0.0,,,,
Patient_544,Encaminha_Obito,194408.4259201473,complete,,,Obito,194408.4259201473,,
Patient_544,Discharge,194408.4259201473,complete,,,,,,1938.9051368361688
Patient_545,Arrival,192643.7133899724,complete,,0.0,,,,
Patient_545,Origem_da Clinica Medica,192643.7133899724,complete,,,da Clinica Medica,192643.7133899724,,
Patient_545,CTI (CLIM),192643.7133899724,start,ctiBeds,0.0,,,,
Patient_545,CTI (CLIM),223874.5006530091,complete,ctiBeds,0.0,,,,
Patient_545,CTI prepara Encaminhamento,223874.5006530091,start,,0.0,,,,
Patient_545,CTI prepara Encaminhamento,223909.92330693436,complete,,0.0,,,,
Patient_545,Encaminha_para a Clinica Medica,223909.92330693436,complete,,,para a Clinica Medica,223909.92330693436,,
Patient_545,Discharge,223909.92330693436,complete,,,,,,31266.20991696196
Patient_546,Arrival,192703.40698652287,complete,,0.0,,,,
Patient_546,Origem_do Pronto Socorro,192703.40698652287,complete,,,do Pronto Socorro,192703.40698652287,,
Patient_546,CTI (PS),192703.40698652287,start,ctiBeds,0.0,,,,
Patient_546,CTI (PS),207589.755625877,complete,ctiBeds,0.0,,,,
Patient_546,CTI prepara Encaminhamento,207589.755625877,start,,0.0,,,,
Patient_546,CTI prepara Encaminhamento,207620.8502790705,complete,,0.0,,,,
Patient_546,Encaminha_para a Clinica Medica,207620.8502790705,complete,,,para a Clinica Medica,207620.8502790705,,
Patient_546,Discharge,207620.8502790705,complete,,,,,,14917.443292547629
Patient_547,Arrival,192729.50284099407,complete,,0.0,,,,
Patient_547,Origem_do Centro Cirurgico,192729.50284099407,complete,,,do Centro Cirurgico,192729.50284099407,,
Patient_547,CTI (CC),192729.50284099407,start,ctiBeds,0.0,,,,
Patient_547,CTI (CC),196075.1272258063,complete,ctiBeds,0.0,,,,
Patient_547,CTI prepara Encaminhamento,196075.1272258063,start,,0.0,,,,
Patient_547,CTI prepara Encaminhamento,196116.84035640015,complete,,0.0,,,,
Patient_547,Encaminha_para a Clinica Medica,196116.84035640015,complete,,,para a Clinica Medica,196116.84035640015,,
Patient_547,Discharge,196116.84035640015,complete,,,,,,3387.3375154060777
Patient_548,Arrival,193034.47342022465,complete,,0.0,,,,
Patient_548,Origem_da Clinica Medica,193034.47342022465,complete,,,da Clinica Medica,193034.47342022465,,
Patient_548,CTI (CLIM),193034.47342022465,start,ctiBeds,0.0,,,,
Patient_548,CTI (CLIM),207651.36070891426,complete,ctiBeds,0.0,,,,
Patient_548,CTI prepara Encaminhamento,207651.36070891426,start,,0.0,,,,
Patient_548,CTI prepara Encaminhamento,207710.50264694318,complete,,0.0,,,,
Patient_548,Encaminha_Transferencia Externa,207710.50264694318,complete,,,Transferencia Externa,207710.50264694318,,
Patient_548,Discharge,207710.50264694318,complete,,,,,,14676.029226718529
Patient_549,Arrival,193405.25725399097,complete,,0.0,,,,
Patient_549,Origem_do Centro Cirurgico,193405.25725399097,complete,,,do Centro Cirurgico,193405.25725399097,,
Patient_549,CTI (CC),193405.25725399097,start,ctiBeds,0.0,,,,
Patient_549,CTI (CC),230653.03443764162,complete,ctiBeds,0.0,,,,
Patient_549,CTI prepara Encaminhamento,230653.03443764162,start,,0.0,,,,
Patient_549,CTI prepara Encaminhamento,230710.13459625337,complete,,0.0,,,,
Patient_549,Encaminha_para o Centro Cirurgico,230710.13459625337,complete,,,para o Centro Cirurgico,230710.13459625337,,
Patient_549,Discharge,230710.13459625337,complete,,,,,,37304.87734226239
Patient_55,Arrival,14448.112957939898,complete,,0.0,,,,
Patient_55,Origem_do Pronto Socorro,14448.112957939898,complete,,,do Pronto Socorro,14448.112957939898,,
Patient_55,CTI (PS),14448.112957939898,start,ctiBeds,0.0,,,,
Patient_55,CTI (PS),31701.643635478973,complete,ctiBeds,0.0,,,,
Patient_55,CTI prepara Encaminhamento,31701.643635478973,start,,0.0,,,,
Patient_55,CTI prepara Encaminhamento,31754.420147267156,complete,,0.0,,,,
Patient_55,Encaminha_para a Clinica Cirurgica,31754.420147267156,complete,,,para a Clinica Cirurgica,31754.420147267156,,
Patient_55,Discharge,31754.420147267156,complete,,,,,,17306.307189327257
Patient_550,Arrival,193545.91533446556,complete,,0.0,,,,
Patient_550,Origem_do Centro Cirurgico,193545.91533446556,complete,,,do Centro Cirurgico,193545.91533446556,,
Patient_550,CTI (CC),193545.91533446556,start,ctiBeds,0.0,,,,
Patient_550,CTI (CC),195509.82991085167,complete,ctiBeds,0.0,,,,
Patient_550,CTI prepara Encaminhamento,195509.82991085167,start,,0.0,,,,
Patient_550,CTI prepara Encaminhamento,195561.12288962884,complete,,0.0,,,,
Patient_550,Encaminha_para a Clinica Cirurgica,195561.12288962884,complete,,,para a Clinica Cirurgica,195561.12288962884,,
Patient_550,Discharge,195561.12288962884,complete,,,,,,2015.2075551632734
Patient_551,Arrival,194177.35452308028,complete,,0.0,,,,
Patient_551,Origem_do Pronto Socorro,194177.35452308028,complete,,,do Pronto Socorro,194177.35452308028,,
Patient_551,CTI (PS),194177.35452308028,start,ctiBeds,0.0,,,,
Patient_551,CTI (PS),209317.5058597674,complete,ctiBeds,0.0,,,,
Patient_551,CTI prepara Encaminhamento,209317.5058597674,start,,0.0,,,,
Patient_551,CTI prepara Encaminhamento,209375.3916123937,complete,,0.0,,,,
Patient_551,Encaminha_para a Clinica Medica,209375.3916123937,complete,,,para a Clinica Medica,209375.3916123937,,
Patient_551,Discharge,209375.3916123937,complete,,,,,,15198.03708931341
Patient_552,Arrival,194358.0784387022,complete,,0.0,,,,
Patient_552,Origem_do Pronto Socorro,194358.0784387022,complete,,,do Pronto Socorro,194358.0784387022,,
Patient_552,CTI (PS),194358.0784387022,start,ctiBeds,0.0,,,,
Patient_552,CTI (PS),202533.0306660672,complete,ctiBeds,0.0,,,,
Patient_552,CTI prepara Encaminhamento,202533.0306660672,start,,0.0,,,,
Patient_552,CTI prepara Encaminhamento,202569.14398478568,complete,,0.0,,,,
Patient_552,Encaminha_Obito,202569.14398478568,complete,,,Obito,202569.14398478568,,
Patient_552,Discharge,202569.14398478568,complete,,,,,,8211.065546083468
Patient_553,Arrival,196044.9218041437,complete,,0.0,,,,
Patient_553,Origem_da Clinica Cirurgica,196044.9218041437,complete,,,da Clinica Cirurgica,196044.9218041437,,
Patient_553,CTI (CLIC),196044.9218041437,start,ctiBeds,0.0,,,,
Patient_553,CTI (CLIC),203792.17522785533,complete,ctiBeds,0.0,,,,
Patient_553,CTI prepara Encaminhamento,203792.17522785533,start,,0.0,,,,
Patient_553,CTI prepara Encaminhamento,203833.42472758557,complete,,0.0,,,,
Patient_553,Encaminha_Transferencia Externa,203833.42472758557,complete,,,Transferencia Externa,203833.42472758557,,
Patient_553,Discharge,203833.42472758557,complete,,,,,,7788.502923441876
Patient_554,Arrival,196438.68100102048,complete,,0.0,,,,
Patient_554,Origem_da Clinica Medica,196438.68100102048,complete,,,da Clinica Medica,196438.68100102048,,
Patient_554,CTI (CLIM),196438.68100102048,start,ctiBeds,0.0,,,,
Patient_554,CTI (CLIM),200084.256965242,complete,ctiBeds,0.0,,,,
Patient_554,CTI prepara Encaminhamento,200084.256965242,start,,0.0,,,,
Patient_554,CTI prepara Encaminhamento,200131.939284102,complete,,0.0,,,,
Patient_554,Encaminha_Obito,200131.939284102,complete,,,Obito,200131.939284102,,
Patient_554,Discharge,200131.939284102,complete,,,,,,3693.2582830815227
Patient_555,Arrival,196541.39084512618,complete,,0.0,,,,
Patient_555,Origem_da Clinica Medica,196541.39084512618,complete,,,da Clinica Medica,196541.39084512618,,
Patient_555,CTI (CLIM),196541.39084512618,start,ctiBeds,0.0,,,,
Patient_555,CTI (CLIM),207566.26191275456,complete,ctiBeds,0.0,,,,
Patient_555,CTI prepara Encaminhamento,207566.26191275456,start,,0.0,,,,
Patient_555,CTI prepara Encaminhamento,207601.97468156915,complete,,0.0,,,,
Patient_555,Encaminha_para a Maternidade,207601.97468156915,complete,,,para a Maternidade,207601.97468156915,,
Patient_555,Discharge,207601.97468156915,complete,,,,,,11060.583836442966
Patient_556,Arrival,197102.26702988797,complete,,0.0,,,,
Patient_556,Origem_do Pronto Socorro,197102.26702988797,complete,,,do Pronto Socorro,197102.26702988797,,
Patient_556,CTI (PS),197102.26702988797,start,ctiBeds,0.0,,,,
Patient_556,CTI (PS),209996.41095052948,complete,ctiBeds,0.0,,,,
Patient_556,CTI prepara Encaminhamento,209996.41095052948,start,,0.0,,,,
Patient_556,CTI prepara Encaminhamento,210052.20526680732,complete,,0.0,,,,
Patient_556,Encaminha_Obito,210052.20526680732,complete,,,Obito,210052.20526680732,,
Patient_556,Discharge,210052.20526680732,complete,,,,,,12949.938236919348
Patient_557,Arrival,197712.43457421983,complete,,0.0,,,,
Patient_557,Origem_do Pronto Socorro,197712.43457421983,complete,,,do Pronto Socorro,197712.43457421983,,
Patient_557,CTI (PS),197712.43457421983,start,ctiBeds,0.0,,,,
Patient_557,CTI (PS),203884.18950051992,complete,ctiBeds,0.0,,,,
Patient_557,CTI prepara Encaminhamento,203884.18950051992,start,,0.0,,,,
Patient_557,CTI prepara Encaminhamento,203915.3682160953,complete,,0.0,,,,
Patient_557,Encaminha_para a Clinica Cirurgica,203915.3682160953,complete,,,para a Clinica Cirurgica,203915.3682160953,,
Patient_557,Discharge,203915.3682160953,complete,,,,,,6202.933641875454
Patient_558,Arrival,197982.55565192236,complete,,0.0,,,,
Patient_558,Origem_da Clinica Cirurgica,197982.55565192236,complete,,,da Clinica Cirurgica,197982.55565192236,,
Patient_558,CTI (CLIC),197982.55565192236,start,ctiBeds,0.0,,,,
Patient_558,CTI (CLIC),205118.8951179453,complete,ctiBeds,0.0,,,,
Patient_558,CTI prepara Encaminhamento,205118.8951179453,start,,0.0,,,,
Patient_558,CTI prepara Encaminhamento,205149.9891712098,complete,,0.0,,,,
Patient_558,Encaminha_para a Clinica Medica,205149.9891712098,complete,,,para a Clinica Medica,205149.9891712098,,
Patient_558,Discharge,205149.9891712098,complete,,,,,,7167.433519287442
Patient_559,Arrival,198022.96225220282,complete,,0.0,,,,
Patient_559,Origem_da Clinica Medica,198022.96225220282,complete,,,da Clinica Medica,198022.96225220282,,
Patient_559,CTI (CLIM),198022.96225220282,start,ctiBeds,0.0,,,,
Patient_559,CTI (CLIM),218043.217393412,complete,ctiBeds,0.0,,,,
Patient_559,CTI prepara Encaminhamento,218043.217393412,start,,0.0,,,,
Patient_559,CTI prepara Encaminhamento,218079.68023040344,complete,,0.0,,,,
Patient_559,Encaminha_para a Clinica Cirurgica,218079.68023040344,complete,,,para a Clinica Cirurgica,218079.68023040344,,
Patient_559,Discharge,218079.68023040344,complete,,,,,,20056.717978200613
Patient_56,Arrival,14790.377255295922,complete,,0.0,,,,
Patient_56,Origem_do Centro Cirurgico,14790.377255295922,complete,,,do Centro Cirurgico,14790.377255295922,,
Patient_56,CTI (CC),14790.377255295922,start,ctiBeds,0.0,,,,
Patient_56,CTI (CC),28383.685923343575,complete,ctiBeds,0.0,,,,
Patient_56,CTI prepara Encaminhamento,28383.685923343575,start,,0.0,,,,
Patient_56,CTI prepara Encaminhamento,28431.977516080664,complete,,0.0,,,,
Patient_56,Encaminha_Obito,28431.977516080664,complete,,,Obito,28431.977516080664,,
Patient_56,Discharge,28431.977516080664,complete,,,,,,13641.600260784742
Patient_560,Arrival,198223.61970223227,complete,,0.0,,,,
Patient_560,Origem_do Centro Cirurgico,198223.61970223227,complete,,,do Centro Cirurgico,198223.61970223227,,
Patient_560,CTI (CC),198223.61970223227,start,ctiBeds,0.0,,,,
Patient_560,CTI (CC),213212.75521887047,complete,ctiBeds,0.0,,,,
Patient_560,CTI prepara Encaminhamento,213212.75521887047,start,,0.0,,,,
Patient_560,CTI prepara Encaminhamento,213251.07869372724,complete,,0.0,,,,
Patient_560,Encaminha_para a Clinica Medica,213251.07869372724,complete,,,para a Clinica Medica,213251.07869372724,,
Patient_560,Discharge,213251.07869372724,complete,,,,,,15027.458991494961
Patient_561,Arrival,198968.28046631173,complete,,0.0,,,,
Patient_561,Origem_do Pronto Socorro,198968.28046631173,complete,,,do Pronto Socorro,198968.28046631173,,
Patient_561,CTI (PS),198968.28046631173,start,ctiBeds,0.0,,,,
Patient_561,CTI (PS),217662.64329862234,complete,ctiBeds,0.0,,,,
Patient_561,CTI prepara Encaminhamento,217662.64329862234,start,,0.0,,,,
Patient_561,CTI prepara Encaminhamento,217722.10295895606,complete,,0.0,,,,
Patient_561,Encaminha_Obito,217722.10295895606,complete,,,Obito,217722.10295895606,,
Patient_561,Discharge,217722.10295895606,complete,,,,,,18753.822492644336
Patient_562,Arrival,199219.74418499487,complete,,0.0,,,,
Patient_562,Origem_do Centro Cirurgico,199219.74418499487,complete,,,do Centro Cirurgico,199219.74418499487,,
Patient_562,CTI (CC),199219.74418499487,start,ctiBeds,0.0,,,,
Patient_562,CTI (CC),200377.55314874035,complete,ctiBeds,0.0,,,,
Patient_562,CTI prepara Encaminhamento,200377.55314874035,start,,0.0,,,,
Patient_562,CTI prepara Encaminhamento,200414.32144182597,complete,,0.0,,,,
Patient_562,Encaminha_para a Clinica Medica,200414.32144182597,complete,,,para a Clinica Medica,200414.32144182597,,
Patient_562,Discharge,200414.32144182597,complete,,,,,,1194.5772568311077
Patient_563,Arrival,201259.17673483066,complete,,0.0,,,,
Patient_563,Origem_do Pronto Socorro,201259.17673483066,complete,,,do Pronto Socorro,201259.17673483066,,
Patient_563,CTI (PS),201259.17673483066,start,ctiBeds,0.0,,,,
Patient_563,CTI (PS),205662.99901350474,complete,ctiBeds,0.0,,,,
Patient_563,CTI prepara Encaminhamento,205662.99901350474,start,,0.0,,,,
Patient_563,CTI prepara Encaminhamento,205701.5231775692,complete,,0.0,,,,
Patient_563,Encaminha_para a Clinica Medica,205701.5231775692,complete,,,para a Clinica Medica,205701.5231775692,,
Patient_563,Discharge,205701.5231775692,complete,,,,,,4442.346442738548
Patient_564,Arrival,201299.80104028335,complete,,0.0,,,,
Patient_564,Origem_da Maternidade,201299.80104028335,complete,,,da Maternidade,201299.80104028335,,
Patient_564,CTI (MAT),201299.80104028335,start,ctiBeds,0.0,,,,
Patient_564,CTI (MAT),203006.28628131302,complete,ctiBeds,0.0,,,,
Patient_564,CTI prepara Encaminhamento,203006.28628131302,start,,0.0,,,,
Patient_564,CTI prepara Encaminhamento,203040.07019216474,complete,,0.0,,,,
Patient_564,Encaminha_para a Clinica Medica,203040.07019216474,complete,,,para a Clinica Medica,203040.07019216474,,
Patient_564,Discharge,203040.07019216474,complete,,,,,,1740.2691518813954
Patient_565,Arrival,201688.4650209578,complete,,0.0,,,,
Patient_565,Origem_do Pronto Socorro,201688.4650209578,complete,,,do Pronto Socorro,201688.4650209578,,
Patient_565,CTI (PS),201688.4650209578,start,ctiBeds,0.0,,,,
Patient_565,CTI (PS),213063.6004152494,complete,ctiBeds,0.0,,,,
Patient_565,CTI prepara Encaminhamento,213063.6004152494,start,,0.0,,,,
Patient_565,CTI prepara Encaminhamento,213096.1502889613,complete,,0.0,,,,
Patient_565,Encaminha_para a Clinica Cirurgica,213096.1502889613,complete,,,para a Clinica Cirurgica,213096.1502889613,,
Patient_565,Discharge,213096.1502889613,complete,,,,,,11407.685268003494
Patient_566,Arrival,202407.8754350258,complete,,0.0,,,,
Patient_566,Origem_do Centro Cirurgico,202407.8754350258,complete,,,do Centro Cirurgico,202407.8754350258,,
Patient_566,CTI (CC),202407.8754350258,start,ctiBeds,0.0,,,,
Patient_566,CTI (CC),205572.51904742853,complete,ctiBeds,0.0,,,,
Patient_566,CTI prepara Encaminhamento,205572.51904742853,start,,0.0,,,,
Patient_566,CTI prepara Encaminhamento,205605.61751018834,complete,,0.0,,,,
Patient_566,Encaminha_Transferencia Externa,205605.61751018834,complete,,,Transferencia Externa,205605.61751018834,,
Patient_566,Discharge,205605.61751018834,complete,,,,,,3197.7420751625323
Patient_567,Arrival,202691.15084505564,complete,,0.0,,,,
Patient_567,Origem_do Centro Cirurgico,202691.15084505564,complete,,,do Centro Cirurgico,202691.15084505564,,
Patient_567,CTI (CC),202691.15084505564,start,ctiBeds,0.0,,,,
Patient_567,CTI (CC),203487.01966495952,complete,ctiBeds,0.0,,,,
Patient_567,CTI prepara Encaminhamento,203487.01966495952,start,,0.0,,,,
Patient_567,CTI prepara Encaminhamento,203539.08233893174,complete,,0.0,,,,
Patient_567,Encaminha_para a Clinica Medica,203539.08233893174,complete,,,para a Clinica Medica,203539.08233893174,,
Patient_567,Discharge,203539.08233893174,complete,,,,,,847.9314938760945
Patient_568,Arrival,203394.9224298486,complete,,0.0,,,,
Patient_568,Origem_do Centro Cirurgico,203394.9224298486,complete,,,do Centro Cirurgico,203394.9224298486,,
Patient_568,CTI (CC),203394.9224298486,start,ctiBeds,0.0,,,,
Patient_568,CTI (CC),208224.8501450901,complete,ctiBeds,0.0,,,,
Patient_568,CTI prepara Encaminhamento,208224.8501450901,start,,0.0,,,,
Patient_568,CTI prepara Encaminhamento,208263.3450391779,complete,,0.0,,,,
Patient_568,Encaminha_para a Clinica Medica,208263.3450391779,complete,,,para a Clinica Medica,208263.3450391779,,
Patient_568,Discharge,208263.3450391779,complete,,,,,,4868.422609329282
Patient_569,Arrival,204969.90068502218,complete,,0.0,,,,
Patient_569,Origem_do Centro Cirurgico,204969.90068502218,complete,,,do Centro Cirurgico,204969.90068502218,,
Patient_569,CTI (CC),204969.90068502218,start,ctiBeds,0.0,,,,
Patient_569,CTI (CC),210066.072320096,complete,ctiBeds,0.0,,,,
Patient_569,CTI prepara Encaminhamento,210066.072320096,start,,0.0,,,,
Patient_569,CTI prepara Encaminhamento,210117.507604175,complete,,0.0,,,,
Patient_569,Encaminha_para a Clinica Cirurgica,210117.507604175,complete,,,para a Clinica Cirurgica,210117.507604175,,
Patient_569,Discharge,210117.507604175,complete,,,,,,5147.606919152837
Patient_57,Arrival,14879.38352565466,complete,,0.0,,,,
Patient_57,Origem_do Pronto Socorro,14879.38352565466,complete,,,do Pronto Socorro,14879.38352565466,,
Patient_57,CTI (PS),14879.38352565466,start,ctiBeds,0.0,,,,
Patient_57,CTI (PS),23249.327459381686,complete,ctiBeds,0.0,,,,
Patient_57,CTI prepara Encaminhamento,23249.327459381686,start,,0.0,,,,
Patient_57,CTI prepara Encaminhamento,23294.340158640975,complete,,0.0,,,,
Patient_57,Encaminha_para a Clinica Medica,23294.340158640975,complete,,,para a Clinica Medica,23294.340158640975,,
Patient_57,Discharge,23294.340158640975,complete,,,,,,8414.956632986314
Patient_570,Arrival,205403.36017835632,complete,,0.0,,,,
Patient_570,Origem_do Pronto Socorro,205403.36017835632,complete,,,do Pronto Socorro,205403.36017835632,,
Patient_570,CTI (PS),205403.36017835632,start,ctiBeds,0.0,,,,
Patient_570,CTI (PS),211233.51823512508,complete,ctiBeds,0.0,,,,
Patient_570,CTI prepara Encaminhamento,211233.51823512508,start,,0.0,,,,
Patient_570,CTI prepara Encaminhamento,211279.08907422313,complete,,0.0,,,,
Patient_570,Encaminha_para a Clinica Cirurgica,211279.08907422313,complete,,,para a Clinica Cirurgica,211279.08907422313,,
Patient_570,Discharge,211279.08907422313,complete,,,,,,5875.728895866807
Patient_571,Arrival,205432.8109025021,complete,,0.0,,,,
Patient_571,Origem_do Centro Cirurgico,205432.8109025021,complete,,,do Centro Cirurgico,205432.8109025021,,
Patient_571,CTI (CC),205432.8109025021,start,ctiBeds,0.0,,,,
Patient_571,CTI (CC),208108.26608737092,complete,ctiBeds,0.0,,,,
Patient_571,CTI prepara Encaminhamento,208108.26608737092,start,,0.0,,,,
Patient_571,CTI prepara Encaminhamento,208154.51019589874,complete,,0.0,,,,
Patient_571,Encaminha_para a Clinica Cirurgica,208154.51019589874,complete,,,para a Clinica Cirurgica,208154.51019589874,,
Patient_571,Discharge,208154.51019589874,complete,,,,,,2721.6992933966394
Patient_572,Arrival,205487.39086017534,complete,,0.0,,,,
Patient_572,Origem_do Pronto Socorro,205487.39086017534,complete,,,do Pronto Socorro,205487.39086017534,,
Patient_572,CTI (PS),205487.39086017534,start,ctiBeds,0.0,,,,
Patient_572,CTI (PS),227683.1158589534,complete,ctiBeds,0.0,,,,
Patient_572,CTI prepara Encaminhamento,227683.1158589534,start,,0.0,,,,
Patient_572,CTI prepara Encaminhamento,227722.61860014126,complete,,0.0,,,,
Patient_572,Encaminha_para a Clinica Cirurgica,227722.61860014126,complete,,,para a Clinica Cirurgica,227722.61860014126,,
Patient_572,Discharge,227722.61860014126,complete,,,,,,22235.22773996592
Patient_573,Arrival,205706.4557282236,complete,,0.0,,,,
Patient_573,Origem_do Pronto Socorro,205706.4557282236,complete,,,do Pronto Socorro,205706.4557282236,,
Patient_573,CTI (PS),205706.4557282236,start,ctiBeds,0.0,,,,
Patient_573,CTI (PS),228921.69186066184,complete,ctiBeds,0.0,,,,
Patient_573,CTI prepara Encaminhamento,228921.69186066184,start,,0.0,,,,
Patient_573,CTI prepara Encaminhamento,228979.2699070442,complete,,0.0,,,,
Patient_573,Encaminha_para a Clinica Cirurgica,228979.2699070442,complete,,,para a Clinica Cirurgica,228979.2699070442,,
Patient_573,Discharge,228979.2699070442,complete,,,,,,23272.814178820583
Patient_574,Arrival,206060.30239674143,complete,,0.0,,,,
Patient_574,Origem_da Clinica Cirurgica,206060.30239674143,complete,,,da Clinica Cirurgica,206060.30239674143,,
Patient_574,CTI (CLIC),206060.30239674143,start,ctiBeds,0.0,,,,
Patient_574,CTI (CLIC),207242.3323546088,complete,ctiBeds,0.0,,,,
Patient_574,CTI prepara Encaminhamento,207242.3323546088,start,,0.0,,,,
Patient_574,CTI prepara Encaminhamento,207282.37604287246,complete,,0.0,,,,
Patient_574,Encaminha_para a Clinica Cirurgica,207282.37604287246,complete,,,para a Clinica Cirurgica,207282.37604287246,,
Patient_574,Discharge,207282.37604287246,complete,,,,,,1222.0736461310298
Patient_575,Arrival,206494.26698394568,complete,,0.0,,,,
Patient_575,Origem_do Pronto Socorro,206494.26698394568,complete,,,do Pronto Socorro,206494.26698394568,,
Patient_575,CTI (PS),206494.26698394568,start,ctiBeds,0.0,,,,
Patient_575,CTI (PS),218495.37140081357,complete,ctiBeds,0.0,,,,
Patient_575,CTI prepara Encaminhamento,218495.37140081357,start,,0.0,,,,
Patient_575,CTI prepara Encaminhamento,218543.69673947923,complete,,0.0,,,,
Patient_575,Encaminha_para a Clinica Cirurgica,218543.69673947923,complete,,,para a Clinica Cirurgica,218543.69673947923,,
Patient_575,Discharge,218543.69673947923,complete,,,,,,12049.42975553355
Patient_576,Arrival,207007.70021417917,complete,,0.0,,,,
Patient_576,Origem_do Pronto Socorro,207007.70021417917,complete,,,do Pronto Socorro,207007.70021417917,,
Patient_576,CTI (PS),207007.70021417917,start,ctiBeds,0.0,,,,
Patient_576,CTI (PS),207547.02539137602,complete,ctiBeds,0.0,,,,
Patient_576,CTI prepara Encaminhamento,207547.02539137602,start,,0.0,,,,
Patient_576,CTI prepara Encaminhamento,207602.28074121653,complete,,0.0,,,,
Patient_576,Encaminha_para a Clinica Cirurgica,207602.28074121653,complete,,,para a Clinica Cirurgica,207602.28074121653,,
Patient_576,Discharge,207602.28074121653,complete,,,,,,594.580527037353
Patient_577,Arrival,208078.52233345667,complete,,0.0,,,,
Patient_577,Origem_do Pronto Socorro,208078.52233345667,complete,,,do Pronto Socorro,208078.52233345667,,
Patient_577,CTI (PS),208078.52233345667,start,ctiBeds,0.0,,,,
Patient_577,CTI (PS),218257.88005384555,complete,ctiBeds,0.0,,,,
Patient_577,CTI prepara Encaminhamento,218257.88005384555,start,,0.0,,,,
Patient_577,CTI prepara Encaminhamento,218315.71032219098,complete,,0.0,,,,
Patient_577,Encaminha_para a Clinica Medica,218315.71032219098,complete,,,para a Clinica Medica,218315.71032219098,,
Patient_577,Discharge,218315.71032219098,complete,,,,,,10237.18798873431
Patient_578,Arrival,208105.59834063327,complete,,0.0,,,,
Patient_578,Origem_do Pronto Socorro,208105.59834063327,complete,,,do Pronto Socorro,208105.59834063327,,
Patient_578,CTI (PS),208105.59834063327,start,ctiBeds,0.0,,,,
Patient_578,CTI (PS),229006.40598709203,complete,ctiBeds,0.0,,,,
Patient_578,CTI prepara Encaminhamento,229006.40598709203,start,,0.0,,,,
Patient_578,CTI prepara Encaminhamento,229056.06062035795,complete,,0.0,,,,
Patient_578,Encaminha_para a Clinica Cirurgica,229056.06062035795,complete,,,para a Clinica Cirurgica,229056.06062035795,,
Patient_578,Discharge,229056.06062035795,complete,,,,,,20950.462279724685
Patient_579,Arrival,208251.17037770056,complete,,0.0,,,,
Patient_579,Origem_da Clinica Medica,208251.17037770056,complete,,,da Clinica Medica,208251.17037770056,,
Patient_579,CTI (CLIM),208251.17037770056,start,ctiBeds,0.0,,,,
Patient_579,CTI (CLIM),209527.85957408402,complete,ctiBeds,0.0,,,,
Patient_579,CTI prepara Encaminhamento,209527.85957408402,start,,0.0,,,,
Patient_579,CTI prepara Encaminhamento,209561.6956952637,complete,,0.0,,,,
Patient_579,Encaminha_Obito,209561.6956952637,complete,,,Obito,209561.6956952637,,
Patient_579,Discharge,209561.6956952637,complete,,,,,,1310.5253175631515
Patient_58,Arrival,15491.782890356677,complete,,0.0,,,,
Patient_58,Origem_da Clinica Cirurgica,15491.782890356677,complete,,,da Clinica Cirurgica,15491.782890356677,,
Patient_58,CTI (CLIC),15491.782890356677,start,ctiBeds,0.0,,,,
Patient_58,CTI (CLIC),22707.108830489244,complete,ctiBeds,0.0,,,,
Patient_58,CTI prepara Encaminhamento,22707.108830489244,start,,0.0,,,,
Patient_58,CTI prepara Encaminhamento,22758.92769987691,complete,,0.0,,,,
Patient_58,Encaminha_para a Clinica Cirurgica,22758.92769987691,complete,,,para a Clinica Cirurgica,22758.92769987691,,
Patient_58,Discharge,22758.92769987691,complete,,,,,,7267.144809520232
Patient_580,Arrival,208828.26577908208,complete,,0.0,,,,
Patient_580,Origem_do Centro Cirurgico,208828.26577908208,complete,,,do Centro Cirurgico,208828.26577908208,,
Patient_580,CTI (CC),208828.26577908208,start,ctiBeds,0.0,,,,
Patient_580,CTI (CC),212880.71749134542,complete,ctiBeds,0.0,,,,
Patient_580,CTI prepara Encaminhamento,212880.71749134542,start,,0.0,,,,
Patient_580,CTI prepara Encaminhamento,212915.35534519088,complete,,0.0,,,,
Patient_580,Encaminha_para a Clinica Cirurgica,212915.35534519088,complete,,,para a Clinica Cirurgica,212915.35534519088,,
Patient_580,Discharge,212915.35534519088,complete,,,,,,4087.0895661087998
Patient_581,Arrival,208868.86109244963,complete,,0.0,,,,
Patient_581,Origem_do Pronto Socorro,208868.86109244963,complete,,,do Pronto Socorro,208868.86109244963,,
Patient_581,CTI (PS),208868.86109244963,start,ctiBeds,0.0,,,,
Patient_581,CTI (PS),235986.25321318113,complete,ctiBeds,0.0,,,,
Patient_581,CTI prepara Encaminhamento,235986.25321318113,start,,0.0,,,,
Patient_581,CTI prepara Encaminhamento,236027.34915491936,complete,,0.0,,,,
Patient_581,Encaminha_para a Clinica Medica,236027.34915491936,complete,,,para a Clinica Medica,236027.34915491936,,
Patient_581,Discharge,236027.34915491936,complete,,,,,,27158.488062469725
Patient_582,Arrival,208947.7088286167,complete,,0.0,,,,
Patient_582,Origem_do Pronto Socorro,208947.7088286167,complete,,,do Pronto Socorro,208947.7088286167,,
Patient_582,CTI (PS),208947.7088286167,start,ctiBeds,0.0,,,,
Patient_582,CTI (PS),212893.42279413546,complete,ctiBeds,0.0,,,,
Patient_582,CTI prepara Encaminhamento,212893.42279413546,start,,0.0,,,,
Patient_582,CTI prepara Encaminhamento,212924.14646803058,complete,,0.0,,,,
Patient_582,Encaminha_Transferencia Externa,212924.14646803058,complete,,,Transferencia Externa,212924.14646803058,,
Patient_582,Discharge,212924.14646803058,complete,,,,,,3976.437639413867
Patient_583,Arrival,209162.44749262897,complete,,0.0,,,,
Patient_583,Origem_do Pronto Socorro,209162.44749262897,complete,,,do Pronto Socorro,209162.44749262897,,
Patient_583,CTI (PS),209162.44749262897,start,ctiBeds,0.0,,,,
Patient_583,CTI (PS),216828.3435266378,complete,ctiBeds,0.0,,,,
Patient_583,CTI prepara Encaminhamento,216828.3435266378,start,,0.0,,,,
Patient_583,CTI prepara Encaminhamento,216862.9808101696,complete,,0.0,,,,
Patient_583,Encaminha_para a Clinica Cirurgica,216862.9808101696,complete,,,para a Clinica Cirurgica,216862.9808101696,,
Patient_583,Discharge,216862.9808101696,complete,,,,,,7700.533317540627
Patient_584,Arrival,209490.26434761155,complete,,0.0,,,,
Patient_584,Origem_do Pronto Socorro,209490.26434761155,complete,,,do Pronto Socorro,209490.26434761155,,
Patient_584,CTI (PS),209490.26434761155,start,ctiBeds,0.0,,,,
Patient_584,CTI (PS),213000.0102422508,complete,ctiBeds,0.0,,,,
Patient_584,CTI prepara Encaminhamento,213000.0102422508,start,,0.0,,,,
Patient_584,CTI prepara Encaminhamento,213055.4872581457,complete,,0.0,,,,
Patient_584,Encaminha_para a Clinica Medica,213055.4872581457,complete,,,para a Clinica Medica,213055.4872581457,,
Patient_584,Discharge,213055.4872581457,complete,,,,,,3565.222910534154
Patient_585,Arrival,209708.53137776436,complete,,0.0,,,,
Patient_585,Origem_do Pronto Socorro,209708.53137776436,complete,,,do Pronto Socorro,209708.53137776436,,
Patient_585,CTI (PS),209708.53137776436,start,ctiBeds,0.0,,,,
Patient_585,CTI (PS),239091.7929166542,complete,ctiBeds,0.0,,,,
Patient_585,CTI prepara Encaminhamento,239091.7929166542,start,,0.0,,,,
Patient_585,CTI prepara Encaminhamento,239135.4144718318,complete,,0.0,,,,
Patient_585,Encaminha_para a Clinica Cirurgica,239135.4144718318,complete,,,para a Clinica Cirurgica,239135.4144718318,,
Patient_585,Discharge,239135.4144718318,complete,,,,,,29426.883094067452
Patient_586,Arrival,210245.10755079758,complete,,0.0,,,,
Patient_586,Origem_do Centro Cirurgico,210245.10755079758,complete,,,do Centro Cirurgico,210245.10755079758,,
Patient_586,CTI (CC),210245.10755079758,start,ctiBeds,0.0,,,,
Patient_586,CTI (CC),217613.15384864184,complete,ctiBeds,0.0,,,,
Patient_586,CTI prepara Encaminhamento,217613.15384864184,start,,0.0,,,,
Patient_586,CTI prepara Encaminhamento,217664.3159300148,complete,,0.0,,,,
Patient_586,Encaminha_Obito,217664.3159300148,complete,,,Obito,217664.3159300148,,
Patient_586,Discharge,217664.3159300148,complete,,,,,,7419.20837921722
Patient_587,Arrival,210328.77295736747,complete,,0.0,,,,
Patient_587,Origem_do Pronto Socorro,210328.77295736747,complete,,,do Pronto Socorro,210328.77295736747,,
Patient_587,CTI (PS),210328.77295736747,start,ctiBeds,0.0,,,,
Patient_587,CTI (PS),212026.51914775942,complete,ctiBeds,0.0,,,,
Patient_587,CTI prepara Encaminhamento,212026.51914775942,start,,0.0,,,,
Patient_587,CTI prepara Encaminhamento,212081.6242898073,complete,,0.0,,,,
Patient_587,Encaminha_Obito,212081.6242898073,complete,,,Obito,212081.6242898073,,
Patient_587,Discharge,212081.6242898073,complete,,,,,,1752.8513324398373
Patient_588,Arrival,210505.12260861893,complete,,0.0,,,,
Patient_588,Origem_do Pronto Socorro,210505.12260861893,complete,,,do Pronto Socorro,210505.12260861893,,
Patient_588,CTI (PS),210505.12260861893,start,ctiBeds,0.0,,,,
Patient_588,CTI (PS),217491.87968526717,complete,ctiBeds,0.0,,,,
Patient_588,CTI prepara Encaminhamento,217491.87968526717,start,,0.0,,,,
Patient_588,CTI prepara Encaminhamento,217550.11935787197,complete,,0.0,,,,
Patient_588,Encaminha_para o Centro Cirurgico,217550.11935787197,complete,,,para o Centro Cirurgico,217550.11935787197,,
Patient_588,Discharge,217550.11935787197,complete,,,,,,7044.996749253041
Patient_589,Arrival,210518.68222678325,complete,,0.0,,,,
Patient_589,Origem_do Centro Cirurgico,210518.68222678325,complete,,,do Centro Cirurgico,210518.68222678325,,
Patient_589,CTI (CC),210518.68222678325,start,ctiBeds,0.0,,,,
Patient_589,CTI (CC),213841.09805102515,complete,ctiBeds,0.0,,,,
Patient_589,CTI prepara Encaminhamento,213841.09805102515,start,,0.0,,,,
Patient_589,CTI prepara Encaminhamento,213893.28805803732,complete,,0.0,,,,
Patient_589,Encaminha_para a Clinica Cirurgica,213893.28805803732,complete,,,para a Clinica Cirurgica,213893.28805803732,,
Patient_589,Discharge,213893.28805803732,complete,,,,,,3374.60583125407
Patient_59,Arrival,16018.9420426786,complete,,0.0,,,,
Patient_59,Origem_do Pronto Socorro,16018.9420426786,complete,,,do Pronto Socorro,16018.9420426786,,
Patient_59,CTI (PS),16018.9420426786,start,ctiBeds,0.0,,,,
Patient_59,CTI (PS),24534.215785986642,complete,ctiBeds,0.0,,,,
Patient_59,CTI prepara Encaminhamento,24534.215785986642,start,,0.0,,,,
Patient_59,CTI prepara Encaminhamento,24581.142512085768,complete,,0.0,,,,
Patient_59,Encaminha_Transferencia Externa,24581.142512085768,complete,,,Transferencia Externa,24581.142512085768,,
Patient_59,Discharge,24581.142512085768,complete,,,,,,8562.200469407167
Patient_590,Arrival,210620.5340138745,complete,,0.0,,,,
Patient_590,Origem_do Pronto Socorro,210620.5340138745,complete,,,do Pronto Socorro,210620.5340138745,,
Patient_590,CTI (PS),210620.5340138745,start,ctiBeds,0.0,,,,
Patient_590,CTI (PS),225897.20885514942,complete,ctiBeds,0.0,,,,
Patient_590,CTI prepara Encaminhamento,225897.20885514942,start,,0.0,,,,
Patient_590,CTI prepara Encaminhamento,225933.22807458646,complete,,0.0,,,,
Patient_590,Encaminha_para a Clinica Cirurgica,225933.22807458646,complete,,,para a Clinica Cirurgica,225933.22807458646,,
Patient_590,Discharge,225933.22807458646,complete,,,,,,15312.694060711947
Patient_591,Arrival,211081.32753058567,complete,,0.0,,,,
Patient_591,Origem_do Pronto Socorro,211081.32753058567,complete,,,do Pronto Socorro,211081.32753058567,,
Patient_591,CTI (PS),211081.32753058567,start,ctiBeds,0.0,,,,
Patient_591,CTI (PS),223243.54252265763,complete,ctiBeds,0.0,,,,
Patient_591,CTI prepara Encaminhamento,223243.54252265763,start,,0.0,,,,
Patient_591,CTI prepara Encaminhamento,223295.00258046167,complete,,0.0,,,,
Patient_591,Encaminha_para a Clinica Cirurgica,223295.00258046167,complete,,,para a Clinica Cirurgica,223295.00258046167,,
Patient_591,Discharge,223295.00258046167,complete,,,,,,12213.675049876008
Patient_592,Arrival,211820.25496583746,complete,,0.0,,,,
Patient_592,Origem_do Pronto Socorro,211820.25496583746,complete,,,do Pronto Socorro,211820.25496583746,,
Patient_592,CTI (PS),211820.25496583746,start,ctiBeds,0.0,,,,
Patient_592,CTI (PS),220852.2510426338,complete,ctiBeds,0.0,,,,
Patient_592,CTI prepara Encaminhamento,220852.2510426338,start,,0.0,,,,
Patient_592,CTI prepara Encaminhamento,220893.02675810305,complete,,0.0,,,,
Patient_592,Encaminha_para a Clinica Cirurgica,220893.02675810305,complete,,,para a Clinica Cirurgica,220893.02675810305,,
Patient_592,Discharge,220893.02675810305,complete,,,,,,9072.771792265587
Patient_593,Arrival,212049.26580008614,complete,,0.0,,,,
Patient_593,Origem_do Centro Cirurgico,212049.26580008614,complete,,,do Centro Cirurgico,212049.26580008614,,
Patient_593,CTI (CC),212049.26580008614,start,ctiBeds,0.0,,,,
Patient_593,CTI (CC),213117.94294296534,complete,ctiBeds,0.0,,,,
Patient_593,CTI prepara Encaminhamento,213117.94294296534,start,,0.0,,,,
Patient_593,CTI prepara Encaminhamento,213157.57597004273,complete,,0.0,,,,
Patient_593,Encaminha_para a Clinica Cirurgica,213157.57597004273,complete,,,para a Clinica Cirurgica,213157.57597004273,,
Patient_593,Discharge,213157.57597004273,complete,,,,,,1108.3101699565887
Patient_594,Arrival,212062.35371296082,complete,,0.0,,,,
Patient_594,Origem_do Pronto Socorro,212062.35371296082,complete,,,do Pronto Socorro,212062.35371296082,,
Patient_594,CTI (PS),212062.35371296082,start,ctiBeds,0.0,,,,
Patient_594,CTI (PS),303344.15242958843,complete,ctiBeds,0.0,,,,
Patient_594,CTI prepara Encaminhamento,303344.15242958843,start,,0.0,,,,
Patient_594,CTI prepara Encaminhamento,303374.7318457386,complete,,0.0,,,,
Patient_594,Encaminha_Transferencia Externa,303374.7318457386,complete,,,Transferencia Externa,303374.7318457386,,
Patient_594,Discharge,303374.7318457386,complete,,,,,,91312.37813277778
Patient_595,Arrival,212139.2213683444,complete,,0.0,,,,
Patient_595,Origem_do Pronto Socorro,212139.2213683444,complete,,,do Pronto Socorro,212139.2213683444,,
Patient_595,CTI (PS),212139.2213683444,start,ctiBeds,0.0,,,,
Patient_595,CTI (PS),215526.13748613262,complete,ctiBeds,0.0,,,,
Patient_595,CTI prepara Encaminhamento,215526.13748613262,start,,0.0,,,,
Patient_595,CTI prepara Encaminhamento,215565.28115616037,complete,,0.0,,,,
Patient_595,Encaminha_para a Clinica Cirurgica,215565.28115616037,complete,,,para a Clinica Cirurgica,215565.28115616037,,
Patient_595,Discharge,215565.28115616037,complete,,,,,,3426.0597878159606
Patient_596,Arrival,212213.36859331912,complete,,0.0,,,,
Patient_596,Origem_do Centro Cirurgico,212213.36859331912,complete,,,do Centro Cirurgico,212213.36859331912,,
Patient_596,CTI (CC),212213.36859331912,start,ctiBeds,0.0,,,,
Patient_596,CTI (CC),249813.88760098393,complete,ctiBeds,0.0,,,,
Patient_596,CTI prepara Encaminhamento,249813.88760098393,start,,0.0,,,,
Patient_596,CTI prepara Encaminhamento,249860.52773668792,complete,,0.0,,,,
Patient_596,Encaminha_para a Clinica Medica,249860.52773668792,complete,,,para a Clinica Medica,249860.52773668792,,
Patient_596,Discharge,249860.52773668792,complete,,,,,,37647.1591433688
Patient_597,Arrival,212498.915802172,complete,,0.0,,,,
Patient_597,Origem_da Clinica Cirurgica,212498.915802172,complete,,,da Clinica Cirurgica,212498.915802172,,
Patient_597,CTI (CLIC),212498.915802172,start,ctiBeds,0.0,,,,
Patient_597,CTI (CLIC),212993.37250910464,complete,ctiBeds,0.0,,,,
Patient_597,CTI prepara Encaminhamento,212993.37250910464,start,,0.0,,,,
Patient_597,CTI prepara Encaminhamento,213033.4919148053,complete,,0.0,,,,
Patient_597,Encaminha_para a Clinica Cirurgica,213033.4919148053,complete,,,para a Clinica Cirurgica,213033.4919148053,,
Patient_597,Discharge,213033.4919148053,complete,,,,,,534.57611263328
Patient_598,Arrival,213164.29334974464,complete,,0.0,,,,
Patient_598,Origem_do Pronto Socorro,213164.29334974464,complete,,,do Pronto Socorro,213164.29334974464,,
Patient_598,CTI (PS),213164.29334974464,start,ctiBeds,0.0,,,,
Patient_598,CTI (PS),215668.88900458816,complete,ctiBeds,0.0,,,,
Patient_598,CTI prepara Encaminhamento,215668.88900458816,start,,0.0,,,,
Patient_598,CTI prepara Encaminhamento,215712.09547875312,complete,,0.0,,,,
Patient_598,Encaminha_para a Clinica Medica,215712.09547875312,complete,,,para a Clinica Medica,215712.09547875312,,
Patient_598,Discharge,215712.09547875312,complete,,,,,,2547.802129008487
Patient_599,Arrival,214030.56222002913,complete,,0.0,,,,
Patient_599,Origem_do Pronto Socorro,214030.56222002913,complete,,,do Pronto Socorro,214030.56222002913,,
Patient_599,CTI (PS),214030.56222002913,start,ctiBeds,0.0,,,,
Patient_599,CTI (PS),214958.96218139728,complete,ctiBeds,0.0,,,,
Patient_599,CTI prepara Encaminhamento,214958.96218139728,start,,0.0,,,,
Patient_599,CTI prepara Encaminhamento,214995.77659998866,complete,,0.0,,,,
Patient_599,Encaminha_Obito,214995.77659998866,complete,,,Obito,214995.77659998866,,
Patient_599,Discharge,214995.77659998866,complete,,,,,,965.214379959536
Patient_6,Arrival,1337.6876122509432,complete,,0.0,,,,
Patient_6,Origem_do Pronto Socorro,1337.6876122509432,complete,,,do Pronto Socorro,1337.6876122509432,,
Patient_6,CTI (PS),1337.6876122509432,start,ctiBeds,0.0,,,,
Patient_6,CTI (PS),5009.965355276783,complete,ctiBeds,0.0,,,,
Patient_6,CTI prepara Encaminhamento,5009.965355276783,start,,0.0,,,,
Patient_6,CTI prepara Encaminhamento,5044.937797833627,complete,,0.0,,,,
Patient_6,Encaminha_para a Clinica Cirurgica,5044.937797833627,complete,,,para a Clinica Cirurgica,5044.937797833627,,
Patient_6,Discharge,5044.937797833627,complete,,,,,,3707.250185582684
Patient_60,Arrival,16257.064376095488,complete,,0.0,,,,
Patient_60,Origem_do Pronto Socorro,16257.064376095488,complete,,,do Pronto Socorro,16257.064376095488,,
Patient_60,CTI (PS),16257.064376095488,start,ctiBeds,0.0,,,,
Patient_60,CTI (PS),20388.67564290048,complete,ctiBeds,0.0,,,,
Patient_60,CTI prepara Encaminhamento,20388.67564290048,start,,0.0,,,,
Patient_60,CTI prepara Encaminhamento,20442.027797698567,complete,,0.0,,,,
Patient_60,Encaminha_para a Clinica Medica,20442.027797698567,complete,,,para a Clinica Medica,20442.027797698567,,
Patient_60,Discharge,20442.027797698567,complete,,,,,,4184.963421603079
Patient_600,Arrival,214127.309037118,complete,,0.0,,,,
Patient_600,Origem_do Pronto Socorro,214127.309037118,complete,,,do Pronto Socorro,214127.309037118,,
Patient_600,CTI (PS),214127.309037118,start,ctiBeds,0.0,,,,
Patient_600,CTI (PS),220439.55370284966,complete,ctiBeds,0.0,,,,
Patient_600,CTI prepara Encaminhamento,220439.55370284966,start,,0.0,,,,
Patient_600,CTI prepara Encaminhamento,220483.14548621068,complete,,0.0,,,,
Patient_600,Encaminha_para a Clinica Medica,220483.14548621068,complete,,,para a Clinica Medica,220483.14548621068,,
Patient_600,Discharge,220483.14548621068,complete,,,,,,6355.836449092691
Patient_601,Arrival,214804.0865848112,complete,,0.0,,,,
Patient_601,Origem_do Centro Cirurgico,214804.0865848112,complete,,,do Centro Cirurgico,214804.0865848112,,
Patient_601,CTI (CC),214804.0865848112,start,ctiBeds,0.0,,,,
Patient_601,CTI (CC),216690.00522683628,complete,ctiBeds,0.0,,,,
Patient_601,CTI prepara Encaminhamento,216690.00522683628,start,,0.0,,,,
Patient_601,CTI prepara Encaminhamento,216734.69882566007,complete,,0.0,,,,
Patient_601,Encaminha_Transferencia Externa,216734.69882566007,complete,,,Transferencia Externa,216734.69882566007,,
Patient_601,Discharge,216734.69882566007,complete,,,,,,1930.6122408488882
Patient_602,Arrival,215318.9239950929,complete,,0.0,,,,
Patient_602,Origem_da Clinica Cirurgica,215318.9239950929,complete,,,da Clinica Cirurgica,215318.9239950929,,
Patient_602,CTI (CLIC),215318.9239950929,start,ctiBeds,0.0,,,,
Patient_602,CTI (CLIC),230911.72062584176,complete,ctiBeds,0.0,,,,
Patient_602,CTI prepara Encaminhamento,230911.72062584176,start,,0.0,,,,
Patient_602,CTI prepara Encaminhamento,230944.00430529664,complete,,0.0,,,,
Patient_602,Encaminha_Obito,230944.00430529664,complete,,,Obito,230944.00430529664,,
Patient_602,Discharge,230944.00430529664,complete,,,,,,15625.080310203746
Patient_603,Arrival,215804.92220285727,complete,,0.0,,,,
Patient_603,Origem_da Clinica Medica,215804.92220285727,complete,,,da Clinica Medica,215804.92220285727,,
Patient_603,CTI (CLIM),215804.92220285727,start,ctiBeds,0.0,,,,
Patient_603,CTI (CLIM),223461.4020088615,complete,ctiBeds,0.0,,,,
Patient_603,CTI prepara Encaminhamento,223461.4020088615,start,,0.0,,,,
Patient_603,CTI prepara Encaminhamento,223508.27821125276,complete,,0.0,,,,
Patient_603,Encaminha_para a Clinica Cirurgica,223508.27821125276,complete,,,para a Clinica Cirurgica,223508.27821125276,,
Patient_603,Discharge,223508.27821125276,complete,,,,,,7703.356008395494
Patient_604,Arrival,215893.32541521091,complete,,0.0,,,,
Patient_604,Origem_do Pronto Socorro,215893.32541521091,complete,,,do Pronto Socorro,215893.32541521091,,
Patient_604,CTI (PS),215893.32541521091,start,ctiBeds,0.0,,,,
Patient_604,CTI (PS),237268.46032320027,complete,ctiBeds,0.0,,,,
Patient_604,CTI prepara Encaminhamento,237268.46032320027,start,,0.0,,,,
Patient_604,CTI prepara Encaminhamento,237326.82943990428,complete,,0.0,,,,
Patient_604,Encaminha_Obito,237326.82943990428,complete,,,Obito,237326.82943990428,,
Patient_604,Discharge,237326.82943990428,complete,,,,,,21433.504024693364
Patient_605,Arrival,216000.92971325887,complete,,0.0,,,,
Patient_605,Origem_da Clinica Medica,216000.92971325887,complete,,,da Clinica Medica,216000.92971325887,,
Patient_605,CTI (CLIM),216000.92971325887,start,ctiBeds,0.0,,,,
Patient_605,CTI (CLIM),224724.9065214893,complete,ctiBeds,0.0,,,,
Patient_605,CTI prepara Encaminhamento,224724.9065214893,start,,0.0,,,,
Patient_605,CTI prepara Encaminhamento,224767.88364745484,complete,,0.0,,,,
Patient_605,Encaminha_para a Clinica Medica,224767.88364745484,complete,,,para a Clinica Medica,224767.88364745484,,
Patient_605,Discharge,224767.88364745484,complete,,,,,,8766.953934195975
Patient_606,Arrival,216355.86701654224,complete,,0.0,,,,
Patient_606,Origem_do Pronto Socorro,216355.86701654224,complete,,,do Pronto Socorro,216355.86701654224,,
Patient_606,CTI (PS),216355.86701654224,start,ctiBeds,0.0,,,,
Patient_606,CTI (PS),231395.97804623906,complete,ctiBeds,0.0,,,,
Patient_606,CTI prepara Encaminhamento,231395.97804623906,start,,0.0,,,,
Patient_606,CTI prepara Encaminhamento,231440.79895863406,complete,,0.0,,,,
Patient_606,Encaminha_para a Clinica Medica,231440.79895863406,complete,,,para a Clinica Medica,231440.79895863406,,
Patient_606,Discharge,231440.79895863406,complete,,,,,,15084.931942091818
Patient_607,Arrival,216840.6623384352,complete,,0.0,,,,
Patient_607,Origem_do Pronto Socorro,216840.6623384352,complete,,,do Pronto Socorro,216840.6623384352,,
Patient_607,CTI (PS),216840.6623384352,start,ctiBeds,0.0,,,,
Patient_607,CTI (PS),223513.3693333486,complete,ctiBeds,0.0,,,,
Patient_607,CTI prepara Encaminhamento,223513.3693333486,start,,0.0,,,,
Patient_607,CTI prepara Encaminhamento,223569.9878905182,complete,,0.0,,,,
Patient_607,Encaminha_para a Clinica Cirurgica,223569.9878905182,complete,,,para a Clinica Cirurgica,223569.9878905182,,
Patient_607,Discharge,223569.9878905182,complete,,,,,,6729.325552082999
Patient_608,Arrival,217070.84926787321,complete,,0.0,,,,
Patient_608,Origem_do Centro Cirurgico,217070.84926787321,complete,,,do Centro Cirurgico,217070.84926787321,,
Patient_608,CTI (CC),217070.84926787321,start,ctiBeds,0.0,,,,
Patient_608,CTI (CC),226122.0358662713,complete,ctiBeds,0.0,,,,
Patient_608,CTI prepara Encaminhamento,226122.0358662713,start,,0.0,,,,
Patient_608,CTI prepara Encaminhamento,226165.86093873004,complete,,0.0,,,,
Patient_608,Encaminha_para a Clinica Cirurgica,226165.86093873004,complete,,,para a Clinica Cirurgica,226165.86093873004,,
Patient_608,Discharge,226165.86093873004,complete,,,,,,9095.011670856824
Patient_609,Arrival,217118.0123508376,complete,,0.0,,,,
Patient_609,Origem_do Centro Cirurgico,217118.0123508376,complete,,,do Centro Cirurgico,217118.0123508376,,
Patient_609,CTI (CC),217118.0123508376,start,ctiBeds,0.0,,,,
Patient_609,CTI (CC),218272.42761550107,complete,ctiBeds,0.0,,,,
Patient_609,CTI prepara Encaminhamento,218272.42761550107,start,,0.0,,,,
Patient_609,CTI prepara Encaminhamento,218330.35374996206,complete,,0.0,,,,
Patient_609,Encaminha_para a Clinica Medica,218330.35374996206,complete,,,para a Clinica Medica,218330.35374996206,,
Patient_609,Discharge,218330.35374996206,complete,,,,,,1212.3413991244452
Patient_61,Arrival,16410.068587304162,complete,,0.0,,,,
Patient_61,Origem_do Centro Cirurgico,16410.068587304162,complete,,,do Centro Cirurgico,16410.068587304162,,
Patient_61,CTI (CC),16410.068587304162,start,ctiBeds,0.0,,,,
Patient_61,CTI (CC),17460.15297037195,complete,ctiBeds,0.0,,,,
Patient_61,CTI prepara Encaminhamento,17460.15297037195,start,,0.0,,,,
Patient_61,CTI prepara Encaminhamento,17500.841518852823,complete,,0.0,,,,
Patient_61,Encaminha_para a Clinica Cirurgica,17500.841518852823,complete,,,para a Clinica Cirurgica,17500.841518852823,,
Patient_61,Discharge,17500.841518852823,complete,,,,,,1090.7729315486613
Patient_610,Arrival,217217.80177366064,complete,,0.0,,,,
Patient_610,Origem_do Pronto Socorro,217217.80177366064,complete,,,do Pronto Socorro,217217.80177366064,,
Patient_610,CTI (PS),217217.80177366064,start,ctiBeds,0.0,,,,
Patient_610,CTI (PS),217795.02144828805,complete,ctiBeds,0.0,,,,
Patient_610,CTI prepara Encaminhamento,217795.02144828805,start,,0.0,,,,
Patient_610,CTI prepara Encaminhamento,217836.9360931318,complete,,0.0,,,,
Patient_610,Encaminha_para a Clinica Cirurgica,217836.9360931318,complete,,,para a Clinica Cirurgica,217836.9360931318,,
Patient_610,Discharge,217836.9360931318,complete,,,,,,619.1343194711662
Patient_611,Arrival,217670.94125361112,complete,,0.0,,,,
Patient_611,Origem_do Centro Cirurgico,217670.94125361112,complete,,,do Centro Cirurgico,217670.94125361112,,
Patient_611,CTI (CC),217670.94125361112,start,ctiBeds,0.0,,,,
Patient_611,CTI (CC),218967.66523249046,complete,ctiBeds,0.0,,,,
Patient_611,CTI prepara Encaminhamento,218967.66523249046,start,,0.0,,,,
Patient_611,CTI prepara Encaminhamento,219009.13906400214,complete,,0.0,,,,
Patient_611,Encaminha_Obito,219009.13906400214,complete,,,Obito,219009.13906400214,,
Patient_611,Discharge,219009.13906400214,complete,,,,,,1338.1978103910224
Patient_612,Arrival,217724.90498938403,complete,,0.0,,,,
Patient_612,Origem_do Pronto Socorro,217724.90498938403,complete,,,do Pronto Socorro,217724.90498938403,,
Patient_612,CTI (PS),217724.90498938403,start,ctiBeds,0.0,,,,
Patient_612,CTI (PS),228108.491155846,complete,ctiBeds,0.0,,,,
Patient_612,CTI prepara Encaminhamento,228108.491155846,start,,0.0,,,,
Patient_612,CTI prepara Encaminhamento,228146.47323063973,complete,,0.0,,,,
Patient_612,Encaminha_Obito,228146.47323063973,complete,,,Obito,228146.47323063973,,
Patient_612,Discharge,228146.47323063973,complete,,,,,,10421.568241255707
Patient_613,Arrival,217759.69321938083,complete,,0.0,,,,
Patient_613,Origem_do Centro Cirurgico,217759.69321938083,complete,,,do Centro Cirurgico,217759.69321938083,,
Patient_613,CTI (CC),217759.69321938083,start,ctiBeds,0.0,,,,
Patient_613,CTI (CC),282695.3317413739,complete,ctiBeds,0.0,,,,
Patient_613,CTI prepara Encaminhamento,282695.3317413739,start,,0.0,,,,
Patient_613,CTI prepara Encaminhamento,282754.0463323094,complete,,0.0,,,,
Patient_613,Encaminha_Obito,282754.0463323094,complete,,,Obito,282754.0463323094,,
Patient_613,Discharge,282754.0463323094,complete,,,,,,64994.35311292854
Patient_614,Arrival,217763.60454752613,complete,,0.0,,,,
Patient_614,Origem_do Pronto Socorro,217763.60454752613,complete,,,do Pronto Socorro,217763.60454752613,,
Patient_614,CTI (PS),217795.02144828805,start,ctiBeds,0.0,,,,
Patient_614,CTI (PS),219215.78497215008,complete,ctiBeds,0.0,,,,
Patient_614,CTI prepara Encaminhamento,219215.78497215008,start,,0.0,,,,
Patient_614,CTI prepara Encaminhamento,219249.74446650862,complete,,0.0,,,,
Patient_614,Encaminha_para a Clinica Medica,219249.74446650862,complete,,,para a Clinica Medica,219249.74446650862,,
Patient_614,Discharge,219249.74446650862,complete,,,,,,1486.1399189824879
Patient_615,Arrival,217820.9555570144,complete,,0.0,,,,
Patient_615,Origem_da Clinica Cirurgica,217820.9555570144,complete,,,da Clinica Cirurgica,217820.9555570144,,
Patient_615,CTI (CLIC),218043.217393412,start,ctiBeds,0.0,,,,
Patient_615,CTI (CLIC),226014.15462562224,complete,ctiBeds,0.0,,,,
Patient_615,CTI prepara Encaminhamento,226014.15462562224,start,,0.0,,,,
Patient_615,CTI prepara Encaminhamento,226052.0829116608,complete,,0.0,,,,
Patient_615,Encaminha_para a Clinica Cirurgica,226052.0829116608,complete,,,para a Clinica Cirurgica,226052.0829116608,,
Patient_615,Discharge,226052.0829116608,complete,,,,,,8231.127354646422
Patient_616,Arrival,218449.51280129433,complete,,0.0,,,,
Patient_616,Origem_do Pronto Socorro,218449.51280129433,complete,,,do Pronto Socorro,218449.51280129433,,
Patient_616,CTI (PS),218449.51280129433,start,ctiBeds,0.0,,,,
Patient_616,CTI (PS),222349.9535299505,complete,ctiBeds,0.0,,,,
Patient_616,CTI prepara Encaminhamento,222349.9535299505,start,,0.0,,,,
Patient_616,CTI prepara Encaminhamento,222396.09885888718,complete,,0.0,,,,
Patient_616,Encaminha_para a Clinica Cirurgica,222396.09885888718,complete,,,para a Clinica Cirurgica,222396.09885888718,,
Patient_616,Discharge,222396.09885888718,complete,,,,,,3946.5860575928527
Patient_617,Arrival,218701.7023965302,complete,,0.0,,,,
Patient_617,Origem_do Centro Cirurgico,218701.7023965302,complete,,,do Centro Cirurgico,218701.7023965302,,
Patient_617,CTI (CC),218701.7023965302,start,ctiBeds,0.0,,,,
Patient_617,CTI (CC),221720.3105403881,complete,ctiBeds,0.0,,,,
Patient_617,CTI prepara Encaminhamento,221720.3105403881,start,,0.0,,,,
Patient_617,CTI prepara Encaminhamento,221759.84745499422,complete,,0.0,,,,
Patient_617,Encaminha_para a Clinica Cirurgica,221759.84745499422,complete,,,para a Clinica Cirurgica,221759.84745499422,,
Patient_617,Discharge,221759.84745499422,complete,,,,,,3058.145058464026
Patient_618,Arrival,219346.27580485385,complete,,0.0,,,,
Patient_618,Origem_da Clinica Cirurgica,219346.27580485385,complete,,,da Clinica Cirurgica,219346.27580485385,,
Patient_618,CTI (CLIC),219346.27580485385,start,ctiBeds,0.0,,,,
Patient_618,CTI (CLIC),219998.21047699344,complete,ctiBeds,0.0,,,,
Patient_618,CTI prepara Encaminhamento,219998.21047699344,start,,0.0,,,,
Patient_618,CTI prepara Encaminhamento,220057.20616283827,complete,,0.0,,,,
Patient_618,Encaminha_para a Clinica Cirurgica,220057.20616283827,complete,,,para a Clinica Cirurgica,220057.20616283827,,
Patient_618,Discharge,220057.20616283827,complete,,,,,,710.9303579844127
Patient_619,Arrival,219798.43602507506,complete,,0.0,,,,
Patient_619,Origem_do Centro Cirurgico,219798.43602507506,complete,,,do Centro Cirurgico,219798.43602507506,,
Patient_619,CTI (CC),219798.43602507506,start,ctiBeds,0.0,,,,
Patient_619,CTI (CC),224276.94361425363,complete,ctiBeds,0.0,,,,
Patient_619,CTI prepara Encaminhamento,224276.94361425363,start,,0.0,,,,
Patient_619,CTI prepara Encaminhamento,224326.60313310483,complete,,0.0,,,,
Patient_619,Encaminha_para a Clinica Cirurgica,224326.60313310483,complete,,,para a Clinica Cirurgica,224326.60313310483,,
Patient_619,Discharge,224326.60313310483,complete,,,,,,4528.167108029767
Patient_62,Arrival,16490.502708091295,complete,,0.0,,,,
Patient_62,Origem_do Centro Cirurgico,16490.502708091295,complete,,,do Centro Cirurgico,16490.502708091295,,
Patient_62,CTI (CC),16490.502708091295,start,ctiBeds,0.0,,,,
Patient_62,CTI (CC),24599.068420087013,complete,ctiBeds,0.0,,,,
Patient_62,CTI prepara Encaminhamento,24599.068420087013,start,,0.0,,,,
Patient_62,CTI prepara Encaminhamento,24653.615216189686,complete,,0.0,,,,
Patient_62,Encaminha_para a Clinica Medica,24653.615216189686,complete,,,para a Clinica Medica,24653.615216189686,,
Patient_62,Discharge,24653.615216189686,complete,,,,,,8163.112508098391
Patient_620,Arrival,220683.40920896156,complete,,0.0,,,,
Patient_620,Origem_do Centro Cirurgico,220683.40920896156,complete,,,do Centro Cirurgico,220683.40920896156,,
Patient_620,CTI (CC),220683.40920896156,start,ctiBeds,0.0,,,,
Patient_620,CTI (CC),288974.1526779642,complete,ctiBeds,0.0,,,,
Patient_620,CTI prepara Encaminhamento,288974.1526779642,start,,0.0,,,,
Patient_620,CTI prepara Encaminhamento,289007.3953636989,complete,,0.0,,,,
Patient_620,Encaminha_para a Maternidade,289007.3953636989,complete,,,para a Maternidade,289007.3953636989,,
Patient_620,Discharge,289007.3953636989,complete,,,,,,68323.98615473733
Patient_621,Arrival,221341.67315701098,complete,,0.0,,,,
Patient_621,Origem_da Clinica Cirurgica,221341.67315701098,complete,,,da Clinica Cirurgica,221341.67315701098,,
Patient_621,CTI (CLIC),221341.67315701098,start,ctiBeds,0.0,,,,
Patient_621,CTI (CLIC),225144.0879509747,complete,ctiBeds,0.0,,,,
Patient_621,CTI prepara Encaminhamento,225144.0879509747,start,,0.0,,,,
Patient_621,CTI prepara Encaminhamento,225197.0542702159,complete,,0.0,,,,
Patient_621,Encaminha_para a Clinica Cirurgica,225197.0542702159,complete,,,para a Clinica Cirurgica,225197.0542702159,,
Patient_621,Discharge,225197.0542702159,complete,,,,,,3855.3811132049013
Patient_622,Arrival,221628.9537420944,complete,,0.0,,,,
Patient_622,Origem_do Pronto Socorro,221628.9537420944,complete,,,do Pronto Socorro,221628.9537420944,,
Patient_622,CTI (PS),221628.9537420944,start,ctiBeds,0.0,,,,
Patient_622,CTI (PS),243518.08353931614,complete,ctiBeds,0.0,,,,
Patient_622,CTI prepara Encaminhamento,243518.08353931614,start,,0.0,,,,
Patient_622,CTI prepara Encaminhamento,243553.2782306363,complete,,0.0,,,,
Patient_622,Encaminha_Obito,243553.2782306363,complete,,,Obito,243553.2782306363,,
Patient_622,Discharge,243553.2782306363,complete,,,,,,21924.324488541897
Patient_623,Arrival,222179.58753507741,complete,,0.0,,,,
Patient_623,Origem_do Pronto Socorro,222179.58753507741,complete,,,do Pronto Socorro,222179.58753507741,,
Patient_623,CTI (PS),222179.58753507741,start,ctiBeds,0.0,,,,
Patient_623,CTI (PS),230496.6430394028,complete,ctiBeds,0.0,,,,
Patient_623,CTI prepara Encaminhamento,230496.6430394028,start,,0.0,,,,
Patient_623,CTI prepara Encaminhamento,230552.17313788322,complete,,0.0,,,,
Patient_623,Encaminha_para a Clinica Cirurgica,230552.17313788322,complete,,,para a Clinica Cirurgica,230552.17313788322,,
Patient_623,Discharge,230552.17313788322,complete,,,,,,8372.585602805804
Patient_624,Arrival,223742.38933529484,complete,,0.0,,,,
Patient_624,Origem_do Centro Cirurgico,223742.38933529484,complete,,,do Centro Cirurgico,223742.38933529484,,
Patient_624,CTI (CC),223742.38933529484,start,ctiBeds,0.0,,,,
Patient_624,CTI (CC),225434.61498749835,complete,ctiBeds,0.0,,,,
Patient_624,CTI prepara Encaminhamento,225434.61498749835,start,,0.0,,,,
Patient_624,CTI prepara Encaminhamento,225475.37469645467,complete,,0.0,,,,
Patient_624,Encaminha_Obito,225475.37469645467,complete,,,Obito,225475.37469645467,,
Patient_624,Discharge,225475.37469645467,complete,,,,,,1732.9853611598373
Patient_625,Arrival,224109.29566763388,complete,,0.0,,,,
Patient_625,Origem_do Pronto Socorro,224109.29566763388,complete,,,do Pronto Socorro,224109.29566763388,,
Patient_625,CTI (PS),224109.29566763388,start,ctiBeds,0.0,,,,
Patient_625,CTI (PS),228640.0644539003,complete,ctiBeds,0.0,,,,
Patient_625,CTI prepara Encaminhamento,228640.0644539003,start,,0.0,,,,
Patient_625,CTI prepara Encaminhamento,228686.2224165096,complete,,0.0,,,,
Patient_625,Encaminha_para a Clinica Cirurgica,228686.2224165096,complete,,,para a Clinica Cirurgica,228686.2224165096,,
Patient_625,Discharge,228686.2224165096,complete,,,,,,4576.926748875732
Patient_626,Arrival,224312.86144702707,complete,,0.0,,,,
Patient_626,Origem_do Centro Cirurgico,224312.86144702707,complete,,,do Centro Cirurgico,224312.86144702707,,
Patient_626,CTI (CC),224312.86144702707,start,ctiBeds,0.0,,,,
Patient_626,CTI (CC),225945.8080503719,complete,ctiBeds,0.0,,,,
Patient_626,CTI prepara Encaminhamento,225945.8080503719,start,,0.0,,,,
Patient_626,CTI prepara Encaminhamento,225983.34135922932,complete,,0.0,,,,
Patient_626,Encaminha_Obito,225983.34135922932,complete,,,Obito,225983.34135922932,,
Patient_626,Discharge,225983.34135922932,complete,,,,,,1670.4799122022523
Patient_627,Arrival,224563.0098342865,complete,,0.0,,,,
Patient_627,Origem_do Centro Cirurgico,224563.0098342865,complete,,,do Centro Cirurgico,224563.0098342865,,
Patient_627,CTI (CC),224563.0098342865,start,ctiBeds,0.0,,,,
Patient_627,CTI (CC),241992.44454486558,complete,ctiBeds,0.0,,,,
Patient_627,CTI prepara Encaminhamento,241992.44454486558,start,,0.0,,,,
Patient_627,CTI prepara Encaminhamento,242048.26195916077,complete,,0.0,,,,
Patient_627,Encaminha_para a Clinica Cirurgica,242048.26195916077,complete,,,para a Clinica Cirurgica,242048.26195916077,,
Patient_627,Discharge,242048.26195916077,complete,,,,,,17485.25212487427
Patient_628,Arrival,225428.8485512343,complete,,0.0,,,,
Patient_628,Origem_do Centro Cirurgico,225428.8485512343,complete,,,do Centro Cirurgico,225428.8485512343,,
Patient_628,CTI (CC),225428.8485512343,start,ctiBeds,0.0,,,,
Patient_628,CTI (CC),237243.7945431398,complete,ctiBeds,0.0,,,,
Patient_628,CTI prepara Encaminhamento,237243.7945431398,start,,0.0,,,,
Patient_628,CTI prepara Encaminhamento,237295.33006347585,complete,,0.0,,,,
Patient_628,Encaminha_para a Clinica Cirurgica,237295.33006347585,complete,,,para a Clinica Cirurgica,237295.33006347585,,
Patient_628,Discharge,237295.33006347585,complete,,,,,,11866.48151224156
Patient_629,Arrival,226526.10811934725,complete,,0.0,,,,
Patient_629,Origem_do Pronto Socorro,226526.10811934725,complete,,,do Pronto Socorro,226526.10811934725,,
Patient_629,CTI (PS),226526.10811934725,start,ctiBeds,0.0,,,,
Patient_629,CTI (PS),247962.17547847982,complete,ctiBeds,0.0,,,,
Patient_629,CTI prepara Encaminhamento,247962.17547847982,start,,0.0,,,,
Patient_629,CTI prepara Encaminhamento,248021.28119227296,complete,,0.0,,,,
Patient_629,Encaminha_para a Clinica Medica,248021.28119227296,complete,,,para a Clinica Medica,248021.28119227296,,
Patient_629,Discharge,248021.28119227296,complete,,,,,,21495.17307292571
Patient_63,Arrival,16687.704700877326,complete,,0.0,,,,
Patient_63,Origem_do Pronto Socorro,16687.704700877326,complete,,,do Pronto Socorro,16687.704700877326,,
Patient_63,CTI (PS),16687.704700877326,start,ctiBeds,0.0,,,,
Patient_63,CTI (PS),50646.92110632807,complete,ctiBeds,0.0,,,,
Patient_63,CTI prepara Encaminhamento,50646.92110632807,start,,0.0,,,,
Patient_63,CTI prepara Encaminhamento,50690.303394582115,complete,,0.0,,,,
Patient_63,Encaminha_para a Maternidade,50690.303394582115,complete,,,para a Maternidade,50690.303394582115,,
Patient_63,Discharge,50690.303394582115,complete,,,,,,34002.598693704786
Patient_630,Arrival,226780.6237804451,complete,,0.0,,,,
Patient_630,Origem_do Pronto Socorro,226780.6237804451,complete,,,do Pronto Socorro,226780.6237804451,,
Patient_630,CTI (PS),226780.6237804451,start,ctiBeds,0.0,,,,
Patient_630,CTI (PS),231110.88991984757,complete,ctiBeds,0.0,,,,
Patient_630,CTI prepara Encaminhamento,231110.88991984757,start,,0.0,,,,
Patient_630,CTI prepara Encaminhamento,231152.36482560166,complete,,0.0,,,,
Patient_630,Encaminha_para o Centro Cirurgico,231152.36482560166,complete,,,para o Centro Cirurgico,231152.36482560166,,
Patient_630,Discharge,231152.36482560166,complete,,,,,,4371.741045156552
Patient_631,Arrival,226795.8574746159,complete,,0.0,,,,
Patient_631,Origem_do Pronto Socorro,226795.8574746159,complete,,,do Pronto Socorro,226795.8574746159,,
Patient_631,CTI (PS),226795.8574746159,start,ctiBeds,0.0,,,,
Patient_631,CTI (PS),233779.75546277582,complete,ctiBeds,0.0,,,,
Patient_631,CTI prepara Encaminhamento,233779.75546277582,start,,0.0,,,,
Patient_631,CTI prepara Encaminhamento,233813.43915867477,complete,,0.0,,,,
Patient_631,Encaminha_para a Clinica Cirurgica,233813.43915867477,complete,,,para a Clinica Cirurgica,233813.43915867477,,
Patient_631,Discharge,233813.43915867477,complete,,,,,,7017.581684058852
Patient_632,Arrival,227802.53095607983,complete,,0.0,,,,
Patient_632,Origem_do Centro Cirurgico,227802.53095607983,complete,,,do Centro Cirurgico,227802.53095607983,,
Patient_632,CTI (CC),227802.53095607983,start,ctiBeds,0.0,,,,
Patient_632,CTI (CC),227889.76700620988,complete,ctiBeds,0.0,,,,
Patient_632,CTI prepara Encaminhamento,227889.76700620988,start,,0.0,,,,
Patient_632,CTI prepara Encaminhamento,227939.15734382044,complete,,0.0,,,,
Patient_632,Encaminha_para a Clinica Cirurgica,227939.15734382044,complete,,,para a Clinica Cirurgica,227939.15734382044,,
Patient_632,Discharge,227939.15734382044,complete,,,,,,136.62638774060179
Patient_633,Arrival,227848.40150889056,complete,,0.0,,,,
Patient_633,Origem_do Pronto Socorro,227848.40150889056,complete,,,do Pronto Socorro,227848.40150889056,,
Patient_633,CTI (PS),227848.40150889056,start,ctiBeds,0.0,,,,
Patient_633,CTI (PS),233463.33203716532,complete,ctiBeds,0.0,,,,
Patient_633,CTI prepara Encaminhamento,233463.33203716532,start,,0.0,,,,
Patient_633,CTI prepara Encaminhamento,233504.125050953,complete,,0.0,,,,
Patient_633,Encaminha_Obito,233504.125050953,complete,,,Obito,233504.125050953,,
Patient_633,Discharge,233504.125050953,complete,,,,,,5655.723542062449
Patient_634,Arrival,227921.3978489084,complete,,0.0,,,,
Patient_634,Origem_do Centro Cirurgico,227921.3978489084,complete,,,do Centro Cirurgico,227921.3978489084,,
Patient_634,CTI (CC),227921.3978489084,start,ctiBeds,0.0,,,,
Patient_634,CTI (CC),229704.08577236978,complete,ctiBeds,0.0,,,,
Patient_634,CTI prepara Encaminhamento,229704.08577236978,start,,0.0,,,,
Patient_634,CTI prepara Encaminhamento,229744.85652397448,complete,,0.0,,,,
Patient_634,Encaminha_para a Clinica Medica,229744.85652397448,complete,,,para a Clinica Medica,229744.85652397448,,
Patient_634,Discharge,229744.85652397448,complete,,,,,,1823.4586750660674
Patient_635,Arrival,228086.71357035535,complete,,0.0,,,,
Patient_635,Origem_da Clinica Medica,228086.71357035535,complete,,,da Clinica Medica,228086.71357035535,,
Patient_635,CTI (CLIM),228086.71357035535,start,ctiBeds,0.0,,,,
Patient_635,CTI (CLIM),233703.22746577056,complete,ctiBeds,0.0,,,,
Patient_635,CTI prepara Encaminhamento,233703.22746577056,start,,0.0,,,,
Patient_635,CTI prepara Encaminhamento,233756.3141910245,complete,,0.0,,,,
Patient_635,Encaminha_para a Clinica Medica,233756.3141910245,complete,,,para a Clinica Medica,233756.3141910245,,
Patient_635,Discharge,233756.3141910245,complete,,,,,,5669.600620669138
Patient_636,Arrival,228520.88091781625,complete,,0.0,,,,
Patient_636,Origem_do Pronto Socorro,228520.88091781625,complete,,,do Pronto Socorro,228520.88091781625,,
Patient_636,CTI (PS),228520.88091781625,start,ctiBeds,0.0,,,,
Patient_636,CTI (PS),234696.38851255606,complete,ctiBeds,0.0,,,,
Patient_636,CTI prepara Encaminhamento,234696.38851255606,start,,0.0,,,,
Patient_636,CTI prepara Encaminhamento,234727.94670081633,complete,,0.0,,,,
Patient_636,Encaminha_para a Clinica Cirurgica,234727.94670081633,complete,,,para a Clinica Cirurgica,234727.94670081633,,
Patient_636,Discharge,234727.94670081633,complete,,,,,,6207.0657830000855
Patient_637,Arrival,229008.43999730455,complete,,0.0,,,,
Patient_637,Origem_do Pronto Socorro,229008.43999730455,complete,,,do Pronto Socorro,229008.43999730455,,
Patient_637,CTI (PS),229008.43999730455,start,ctiBeds,0.0,,,,
Patient_637,CTI (PS),240811.1055894911,complete,ctiBeds,0.0,,,,
Patient_637,CTI prepara Encaminhamento,240811.1055894911,start,,0.0,,,,
Patient_637,CTI prepara Encaminhamento,240862.59876960787,complete,,0.0,,,,
Patient_637,Encaminha_para a Clinica Medica,240862.59876960787,complete,,,para a Clinica Medica,240862.59876960787,,
Patient_637,Discharge,240862.59876960787,complete,,,,,,11854.158772303315
Patient_638,Arrival,229272.49664358754,complete,,0.0,,,,
Patient_638,Origem_do Pronto Socorro,229272.49664358754,complete,,,do Pronto Socorro,229272.49664358754,,
Patient_638,CTI (PS),229272.49664358754,start,ctiBeds,0.0,,,,
Patient_638,CTI (PS),229619.91926427267,complete,ctiBeds,0.0,,,,
Patient_638,CTI prepara Encaminhamento,229619.91926427267,start,,0.0,,,,
Patient_638,CTI prepara Encaminhamento,229664.94730235616,complete,,0.0,,,,
Patient_638,Encaminha_para a Clinica Cirurgica,229664.94730235616,complete,,,para a Clinica Cirurgica,229664.94730235616,,
Patient_638,Discharge,229664.94730235616,complete,,,,,,392.4506587686192
Patient_639,Arrival,229827.11337196254,complete,,0.0,,,,
Patient_639,Origem_do Centro Cirurgico,229827.11337196254,complete,,,do Centro Cirurgico,229827.11337196254,,
Patient_639,CTI (CC),229827.11337196254,start,ctiBeds,0.0,,,,
Patient_639,CTI (CC),240968.94130621784,complete,ctiBeds,0.0,,,,
Patient_639,CTI prepara Encaminhamento,240968.94130621784,start,,0.0,,,,
Patient_639,CTI prepara Encaminhamento,241016.26829599272,complete,,0.0,,,,
Patient_639,Encaminha_para a Clinica Cirurgica,241016.26829599272,complete,,,para a Clinica Cirurgica,241016.26829599272,,
Patient_639,Discharge,241016.26829599272,complete,,,,,,11189.154924030183
Patient_64,Arrival,16951.14938364965,complete,,0.0,,,,
Patient_64,Origem_do Centro Cirurgico,16951.14938364965,complete,,,do Centro Cirurgico,16951.14938364965,,
Patient_64,CTI (CC),16951.14938364965,start,ctiBeds,0.0,,,,
Patient_64,CTI (CC),19052.42627414547,complete,ctiBeds,0.0,,,,
Patient_64,CTI prepara Encaminhamento,19052.42627414547,start,,0.0,,,,
Patient_64,CTI prepara Encaminhamento,19093.776390036644,complete,,0.0,,,,
Patient_64,Encaminha_para a Clinica Medica,19093.776390036644,complete,,,para a Clinica Medica,19093.776390036644,,
Patient_64,Discharge,19093.776390036644,complete,,,,,,2142.627006386996
Patient_640,Arrival,230106.3993529858,complete,,0.0,,,,
Patient_640,Origem_do Centro Cirurgico,230106.3993529858,complete,,,do Centro Cirurgico,230106.3993529858,,
Patient_640,CTI (CC),230106.3993529858,start,ctiBeds,0.0,,,,
Patient_640,CTI (CC),234165.0167538846,complete,ctiBeds,0.0,,,,
Patient_640,CTI prepara Encaminhamento,234165.0167538846,start,,0.0,,,,
Patient_640,CTI prepara Encaminhamento,234218.33316081244,complete,,0.0,,,,
Patient_640,Encaminha_para a Clinica Cirurgica,234218.33316081244,complete,,,para a Clinica Cirurgica,234218.33316081244,,
Patient_640,Discharge,234218.33316081244,complete,,,,,,4111.93380782663
Patient_641,Arrival,230164.8990749862,complete,,0.0,,,,
Patient_641,Origem_do Centro Cirurgico,230164.8990749862,complete,,,do Centro Cirurgico,230164.8990749862,,
Patient_641,CTI (CC),230164.8990749862,start,ctiBeds,0.0,,,,
Patient_641,CTI (CC),236371.90472495274,complete,ctiBeds,0.0,,,,
Patient_641,CTI prepara Encaminhamento,236371.90472495274,start,,0.0,,,,
Patient_641,CTI prepara Encaminhamento,236426.4319859277,complete,,0.0,,,,
Patient_641,Encaminha_para a Clinica Medica,236426.4319859277,complete,,,para a Clinica Medica,236426.4319859277,,
Patient_641,Discharge,236426.4319859277,complete,,,,,,6261.532910941489
Patient_642,Arrival,230856.5602517776,complete,,0.0,,,,
Patient_642,Origem_do Centro Cirurgico,230856.5602517776,complete,,,do Centro Cirurgico,230856.5602517776,,
Patient_642,CTI (CC),230856.5602517776,start,ctiBeds,0.0,,,,
Patient_642,CTI (CC),231457.210623847,complete,ctiBeds,0.0,,,,
Patient_642,CTI prepara Encaminhamento,231457.210623847,start,,0.0,,,,
Patient_642,CTI prepara Encaminhamento,231514.2044013404,complete,,0.0,,,,
Patient_642,Encaminha_para a Clinica Cirurgica,231514.2044013404,complete,,,para a Clinica Cirurgica,231514.2044013404,,
Patient_642,Discharge,231514.2044013404,complete,,,,,,657.6441495627805
Patient_643,Arrival,230980.59434394736,complete,,0.0,,,,
Patient_643,Origem_do Pronto Socorro,230980.59434394736,complete,,,do Pronto Socorro,230980.59434394736,,
Patient_643,CTI (PS),230980.59434394736,start,ctiBeds,0.0,,,,
Patient_643,CTI (PS),261390.96643590345,complete,ctiBeds,0.0,,,,
Patient_643,CTI prepara Encaminhamento,261390.96643590345,start,,0.0,,,,
Patient_643,CTI prepara Encaminhamento,261444.9987182815,complete,,0.0,,,,
Patient_643,Encaminha_para a Clinica Medica,261444.9987182815,complete,,,para a Clinica Medica,261444.9987182815,,
Patient_643,Discharge,261444.9987182815,complete,,,,,,30464.404374334146
Patient_644,Arrival,231007.49532447633,complete,,0.0,,,,
Patient_644,Origem_do Centro Cirurgico,231007.49532447633,complete,,,do Centro Cirurgico,231007.49532447633,,
Patient_644,CTI (CC),231007.49532447633,start,ctiBeds,0.0,,,,
Patient_644,CTI (CC),232402.58902948795,complete,ctiBeds,0.0,,,,
Patient_644,CTI prepara Encaminhamento,232402.58902948795,start,,0.0,,,,
Patient_644,CTI prepara Encaminhamento,232450.85162301143,complete,,0.0,,,,
Patient_644,Encaminha_para a Clinica Medica,232450.85162301143,complete,,,para a Clinica Medica,232450.85162301143,,
Patient_644,Discharge,232450.85162301143,complete,,,,,,1443.3562985351018
Patient_645,Arrival,231385.16496373527,complete,,0.0,,,,
Patient_645,Origem_do Pronto Socorro,231385.16496373527,complete,,,do Pronto Socorro,231385.16496373527,,
Patient_645,CTI (PS),231385.16496373527,start,ctiBeds,0.0,,,,
Patient_645,CTI (PS),234652.54952913395,complete,ctiBeds,0.0,,,,
Patient_645,CTI prepara Encaminhamento,234652.54952913395,start,,0.0,,,,
Patient_645,CTI prepara Encaminhamento,234706.71019759332,complete,,0.0,,,,
Patient_645,Encaminha_Obito,234706.71019759332,complete,,,Obito,234706.71019759332,,
Patient_645,Discharge,234706.71019759332,complete,,,,,,3321.545233858051
Patient_646,Arrival,231653.21682515377,complete,,0.0,,,,
Patient_646,Origem_do Centro Cirurgico,231653.21682515377,complete,,,do Centro Cirurgico,231653.21682515377,,
Patient_646,CTI (CC),231653.21682515377,start,ctiBeds,0.0,,,,
Patient_646,CTI (CC),234780.57526028255,complete,ctiBeds,0.0,,,,
Patient_646,CTI prepara Encaminhamento,234780.57526028255,start,,0.0,,,,
Patient_646,CTI prepara Encaminhamento,234838.69906734416,complete,,0.0,,,,
Patient_646,Encaminha_para a Clinica Medica,234838.69906734416,complete,,,para a Clinica Medica,234838.69906734416,,
Patient_646,Discharge,234838.69906734416,complete,,,,,,3185.4822421903955
Patient_647,Arrival,231991.94851183982,complete,,0.0,,,,
Patient_647,Origem_da Clinica Cirurgica,231991.94851183982,complete,,,da Clinica Cirurgica,231991.94851183982,,
Patient_647,CTI (CLIC),231991.94851183982,start,ctiBeds,0.0,,,,
Patient_647,CTI (CLIC),235413.87568023108,complete,ctiBeds,0.0,,,,
Patient_647,CTI prepara Encaminhamento,235413.87568023108,start,,0.0,,,,
Patient_647,CTI prepara Encaminhamento,235460.1029810528,complete,,0.0,,,,
Patient_647,Encaminha_para a Clinica Cirurgica,235460.1029810528,complete,,,para a Clinica Cirurgica,235460.1029810528,,
Patient_647,Discharge,235460.1029810528,complete,,,,,,3468.154469212983
Patient_648,Arrival,232288.34549065123,complete,,0.0,,,,
Patient_648,Origem_da Clinica Medica,232288.34549065123,complete,,,da Clinica Medica,232288.34549065123,,
Patient_648,CTI (CLIM),232288.34549065123,start,ctiBeds,0.0,,,,
Patient_648,CTI (CLIM),242221.81293863626,complete,ctiBeds,0.0,,,,
Patient_648,CTI prepara Encaminhamento,242221.81293863626,start,,0.0,,,,
Patient_648,CTI prepara Encaminhamento,242263.15813122137,complete,,0.0,,,,
Patient_648,Encaminha_para a Clinica Cirurgica,242263.15813122137,complete,,,para a Clinica Cirurgica,242263.15813122137,,
Patient_648,Discharge,242263.15813122137,complete,,,,,,9974.812640570133
Patient_649,Arrival,232641.11489588322,complete,,0.0,,,,
Patient_649,Origem_do Pronto Socorro,232641.11489588322,complete,,,do Pronto Socorro,232641.11489588322,,
Patient_649,CTI (PS),232641.11489588322,start,ctiBeds,0.0,,,,
Patient_649,CTI (PS),237596.87127484914,complete,ctiBeds,0.0,,,,
Patient_649,CTI prepara Encaminhamento,237596.87127484914,start,,0.0,,,,
Patient_649,CTI prepara Encaminhamento,237655.52806346564,complete,,0.0,,,,
Patient_649,Encaminha_para a Clinica Medica,237655.52806346564,complete,,,para a Clinica Medica,237655.52806346564,,
Patient_649,Discharge,237655.52806346564,complete,,,,,,5014.413167582417
Patient_65,Arrival,17422.97167064029,complete,,0.0,,,,
Patient_65,Origem_da Clinica Medica,17422.97167064029,complete,,,da Clinica Medica,17422.97167064029,,
Patient_65,CTI (CLIM),17422.97167064029,start,ctiBeds,0.0,,,,
Patient_65,CTI (CLIM),36558.793710265236,complete,ctiBeds,0.0,,,,
Patient_65,CTI prepara Encaminhamento,36558.793710265236,start,,0.0,,,,
Patient_65,CTI prepara Encaminhamento,36604.94095791851,complete,,0.0,,,,
Patient_65,Encaminha_Transferencia Externa,36604.94095791851,complete,,,Transferencia Externa,36604.94095791851,,
Patient_65,Discharge,36604.94095791851,complete,,,,,,19181.969287278218
Patient_650,Arrival,232770.63135045097,complete,,0.0,,,,
Patient_650,Origem_do Centro Cirurgico,232770.63135045097,complete,,,do Centro Cirurgico,232770.63135045097,,
Patient_650,CTI (CC),232770.63135045097,start,ctiBeds,0.0,,,,
Patient_650,CTI (CC),234732.2500931985,complete,ctiBeds,0.0,,,,
Patient_650,CTI prepara Encaminhamento,234732.2500931985,start,,0.0,,,,
Patient_650,CTI prepara Encaminhamento,234769.6468796606,complete,,0.0,,,,
Patient_650,Encaminha_para a Clinica Medica,234769.6468796606,complete,,,para a Clinica Medica,234769.6468796606,,
Patient_650,Discharge,234769.6468796606,complete,,,,,,1999.0155292096315
Patient_651,Arrival,232833.52715038767,complete,,0.0,,,,
Patient_651,Origem_do Centro Cirurgico,232833.52715038767,complete,,,do Centro Cirurgico,232833.52715038767,,
Patient_651,CTI (CC),232833.52715038767,start,ctiBeds,0.0,,,,
Patient_651,CTI (CC),235419.1463907904,complete,ctiBeds,0.0,,,,
Patient_651,CTI prepara Encaminhamento,235419.1463907904,start,,0.0,,,,
Patient_651,CTI prepara Encaminhamento,235464.87157390843,complete,,0.0,,,,
Patient_651,Encaminha_para a Clinica Medica,235464.87157390843,complete,,,para a Clinica Medica,235464.87157390843,,
Patient_651,Discharge,235464.87157390843,complete,,,,,,2631.344423520757
Patient_652,Arrival,233173.2744459098,complete,,0.0,,,,
Patient_652,Origem_do Centro Cirurgico,233173.2744459098,complete,,,do Centro Cirurgico,233173.2744459098,,
Patient_652,CTI (CC),233173.2744459098,start,ctiBeds,0.0,,,,
Patient_652,CTI (CC),236080.0837458695,complete,ctiBeds,0.0,,,,
Patient_652,CTI prepara Encaminhamento,236080.0837458695,start,,0.0,,,,
Patient_652,CTI prepara Encaminhamento,236135.14622361062,complete,,0.0,,,,
Patient_652,Encaminha_Obito,236135.14622361062,complete,,,Obito,236135.14622361062,,
Patient_652,Discharge,236135.14622361062,complete,,,,,,2961.8717777008133
Patient_653,Arrival,233313.5572055729,complete,,0.0,,,,
Patient_653,Origem_do Centro Cirurgico,233313.5572055729,complete,,,do Centro Cirurgico,233313.5572055729,,
Patient_653,CTI (CC),233313.5572055729,start,ctiBeds,0.0,,,,
Patient_653,CTI (CC),236693.0551897078,complete,ctiBeds,0.0,,,,
Patient_653,CTI prepara Encaminhamento,236693.0551897078,start,,0.0,,,,
Patient_653,CTI prepara Encaminhamento,236726.4744665907,complete,,0.0,,,,
Patient_653,Encaminha_Obito,236726.4744665907,complete,,,Obito,236726.4744665907,,
Patient_653,Discharge,236726.4744665907,complete,,,,,,3412.9172610178066
Patient_654,Arrival,233426.24756067875,complete,,0.0,,,,
Patient_654,Origem_da Clinica Cirurgica,233426.24756067875,complete,,,da Clinica Cirurgica,233426.24756067875,,
Patient_654,CTI (CLIC),233463.33203716532,start,ctiBeds,0.0,,,,
Patient_654,CTI (CLIC),245587.08996561152,complete,ctiBeds,0.0,,,,
Patient_654,CTI prepara Encaminhamento,245587.08996561152,start,,0.0,,,,
Patient_654,CTI prepara Encaminhamento,245617.4145682672,complete,,0.0,,,,
Patient_654,Encaminha_para a Clinica Cirurgica,245617.4145682672,complete,,,para a Clinica Cirurgica,245617.4145682672,,
Patient_654,Discharge,245617.4145682672,complete,,,,,,12191.167007588461
Patient_655,Arrival,234275.6100779348,complete,,0.0,,,,
Patient_655,Origem_do Pronto Socorro,234275.6100779348,complete,,,do Pronto Socorro,234275.6100779348,,
Patient_655,CTI (PS),234275.6100779348,start,ctiBeds,0.0,,,,
Patient_655,CTI (PS),262473.5501891048,complete,ctiBeds,0.0,,,,
Patient_655,CTI prepara Encaminhamento,262473.5501891048,start,,0.0,,,,
Patient_655,CTI prepara Encaminhamento,262519.8916827434,complete,,0.0,,,,
Patient_655,Encaminha_Obito,262519.8916827434,complete,,,Obito,262519.8916827434,,
Patient_655,Discharge,262519.8916827434,complete,,,,,,28244.28160480858
Patient_656,Arrival,234492.8270582792,complete,,0.0,,,,
Patient_656,Origem_do Centro Cirurgico,234492.8270582792,complete,,,do Centro Cirurgico,234492.8270582792,,
Patient_656,CTI (CC),234492.8270582792,start,ctiBeds,0.0,,,,
Patient_656,CTI (CC),255569.00086756708,complete,ctiBeds,0.0,,,,
Patient_656,CTI prepara Encaminhamento,255569.00086756708,start,,0.0,,,,
Patient_656,CTI prepara Encaminhamento,255610.43208118845,complete,,0.0,,,,
Patient_656,Encaminha_para a Clinica Medica,255610.43208118845,complete,,,para a Clinica Medica,255610.43208118845,,
Patient_656,Discharge,255610.43208118845,complete,,,,,,21117.605022909265
Patient_657,Arrival,234606.0222621519,complete,,0.0,,,,
Patient_657,Origem_do Pronto Socorro,234606.0222621519,complete,,,do Pronto Socorro,234606.0222621519,,
Patient_657,CTI (PS),234606.0222621519,start,ctiBeds,0.0,,,,
Patient_657,CTI (PS),247492.9621965466,complete,ctiBeds,0.0,,,,
Patient_657,CTI prepara Encaminhamento,247492.9621965466,start,,0.0,,,,
Patient_657,CTI prepara Encaminhamento,247523.44350323523,complete,,0.0,,,,
Patient_657,Encaminha_para a Clinica Medica,247523.44350323523,complete,,,para a Clinica Medica,247523.44350323523,,
Patient_657,Discharge,247523.44350323523,complete,,,,,,12917.421241083328
Patient_658,Arrival,234802.34879154403,complete,,0.0,,,,
Patient_658,Origem_do Pronto Socorro,234802.34879154403,complete,,,do Pronto Socorro,234802.34879154403,,
Patient_658,CTI (PS),234802.34879154403,start,ctiBeds,0.0,,,,
Patient_658,CTI (PS),235817.7847640434,complete,ctiBeds,0.0,,,,
Patient_658,CTI prepara Encaminhamento,235817.7847640434,start,,0.0,,,,
Patient_658,CTI prepara Encaminhamento,235858.00718374044,complete,,0.0,,,,
Patient_658,Encaminha_Obito,235858.00718374044,complete,,,Obito,235858.00718374044,,
Patient_658,Discharge,235858.00718374044,complete,,,,,,1055.6583921964047
Patient_659,Arrival,235053.76853918197,complete,,0.0,,,,
Patient_659,Origem_do Pronto Socorro,235053.76853918197,complete,,,do Pronto Socorro,235053.76853918197,,
Patient_659,CTI (PS),235053.76853918197,start,ctiBeds,0.0,,,,
Patient_659,CTI (PS),265860.0421134719,complete,ctiBeds,0.0,,,,
Patient_659,CTI prepara Encaminhamento,265860.0421134719,start,,0.0,,,,
Patient_659,CTI prepara Encaminhamento,265918.928523352,complete,,0.0,,,,
Patient_659,Encaminha_para a Clinica Cirurgica,265918.928523352,complete,,,para a Clinica Cirurgica,265918.928523352,,
Patient_659,Discharge,265918.928523352,complete,,,,,,30865.15998417005
Patient_66,Arrival,17489.966859676813,complete,,0.0,,,,
Patient_66,Origem_do Pronto Socorro,17489.966859676813,complete,,,do Pronto Socorro,17489.966859676813,,
Patient_66,CTI (PS),17489.966859676813,start,ctiBeds,0.0,,,,
Patient_66,CTI (PS),44549.146837204935,complete,ctiBeds,0.0,,,,
Patient_66,CTI prepara Encaminhamento,44549.146837204935,start,,0.0,,,,
Patient_66,CTI prepara Encaminhamento,44593.52399594187,complete,,0.0,,,,
Patient_66,Encaminha_para a Clinica Cirurgica,44593.52399594187,complete,,,para a Clinica Cirurgica,44593.52399594187,,
Patient_66,Discharge,44593.52399594187,complete,,,,,,27103.557136265055
Patient_660,Arrival,235310.14465885094,complete,,0.0,,,,
Patient_660,Origem_do Centro Cirurgico,235310.14465885094,complete,,,do Centro Cirurgico,235310.14465885094,,
Patient_660,CTI (CC),235310.14465885094,start,ctiBeds,0.0,,,,
Patient_660,CTI (CC),262670.9513446549,complete,ctiBeds,0.0,,,,
Patient_660,CTI prepara Encaminhamento,262670.9513446549,start,,0.0,,,,
Patient_660,CTI prepara Encaminhamento,262726.8692968097,complete,,0.0,,,,
Patient_660,Encaminha_Obito,262726.8692968097,complete,,,Obito,262726.8692968097,,
Patient_660,Discharge,262726.8692968097,complete,,,,,,27416.724637958774
Patient_661,Arrival,236408.9439855232,complete,,0.0,,,,
Patient_661,Origem_do Centro Cirurgico,236408.9439855232,complete,,,do Centro Cirurgico,236408.9439855232,,
Patient_661,CTI (CC),236408.9439855232,start,ctiBeds,0.0,,,,
Patient_661,CTI (CC),237635.80460195165,complete,ctiBeds,0.0,,,,
Patient_661,CTI prepara Encaminhamento,237635.80460195165,start,,0.0,,,,
Patient_661,CTI prepara Encaminhamento,237666.2989565796,complete,,0.0,,,,
Patient_661,Encaminha_Obito,237666.2989565796,complete,,,Obito,237666.2989565796,,
Patient_661,Discharge,237666.2989565796,complete,,,,,,1257.3549710563966
Patient_662,Arrival,236503.0450608851,complete,,0.0,,,,
Patient_662,Origem_da Clinica Medica,236503.0450608851,complete,,,da Clinica Medica,236503.0450608851,,
Patient_662,CTI (CLIM),236503.0450608851,start,ctiBeds,0.0,,,,
Patient_662,CTI (CLIM),267510.3428699856,complete,ctiBeds,0.0,,,,
Patient_662,CTI prepara Encaminhamento,267510.3428699856,start,,0.0,,,,
Patient_662,CTI prepara Encaminhamento,267557.14506741764,complete,,0.0,,,,
Patient_662,Encaminha_para a Clinica Medica,267557.14506741764,complete,,,para a Clinica Medica,267557.14506741764,,
Patient_662,Discharge,267557.14506741764,complete,,,,,,31054.100006532535
Patient_663,Arrival,237641.20198441224,complete,,0.0,,,,
Patient_663,Origem_da Clinica Medica,237641.20198441224,complete,,,da Clinica Medica,237641.20198441224,,
Patient_663,CTI (CLIM),237641.20198441224,start,ctiBeds,0.0,,,,
Patient_663,CTI (CLIM),242853.05655612983,complete,ctiBeds,0.0,,,,
Patient_663,CTI prepara Encaminhamento,242853.05655612983,start,,0.0,,,,
Patient_663,CTI prepara Encaminhamento,242909.50329740244,complete,,0.0,,,,
Patient_663,Encaminha_para a Clinica Medica,242909.50329740244,complete,,,para a Clinica Medica,242909.50329740244,,
Patient_663,Discharge,242909.50329740244,complete,,,,,,5268.301312990196
Patient_664,Arrival,238072.32487225393,complete,,0.0,,,,
Patient_664,Origem_do Pronto Socorro,238072.32487225393,complete,,,do Pronto Socorro,238072.32487225393,,
Patient_664,CTI (PS),238072.32487225393,start,ctiBeds,0.0,,,,
Patient_664,CTI (PS),244892.90687594216,complete,ctiBeds,0.0,,,,
Patient_664,CTI prepara Encaminhamento,244892.90687594216,start,,0.0,,,,
Patient_664,CTI prepara Encaminhamento,244944.0992974294,complete,,0.0,,,,
Patient_664,Encaminha_Obito,244944.0992974294,complete,,,Obito,244944.0992974294,,
Patient_664,Discharge,244944.0992974294,complete,,,,,,6871.7744251754775
Patient_665,Arrival,239547.45561216917,complete,,0.0,,,,
Patient_665,Origem_do Pronto Socorro,239547.45561216917,complete,,,do Pronto Socorro,239547.45561216917,,
Patient_665,CTI (PS),239547.45561216917,start,ctiBeds,0.0,,,,
Patient_665,CTI (PS),242682.3799619399,complete,ctiBeds,0.0,,,,
Patient_665,CTI prepara Encaminhamento,242682.3799619399,start,,0.0,,,,
Patient_665,CTI prepara Encaminhamento,242717.48685461516,complete,,0.0,,,,
Patient_665,Encaminha_Obito,242717.48685461516,complete,,,Obito,242717.48685461516,,
Patient_665,Discharge,242717.48685461516,complete,,,,,,3170.0312424459844
Patient_666,Arrival,239701.69271442175,complete,,0.0,,,,
Patient_666,Origem_do Pronto Socorro,239701.69271442175,complete,,,do Pronto Socorro,239701.69271442175,,
Patient_666,CTI (PS),239701.69271442175,start,ctiBeds,0.0,,,,
Patient_666,CTI (PS),253586.6373548392,complete,ctiBeds,0.0,,,,
Patient_666,CTI prepara Encaminhamento,253586.6373548392,start,,0.0,,,,
Patient_666,CTI prepara Encaminhamento,253646.07446665206,complete,,0.0,,,,
Patient_666,Encaminha_para a Clinica Cirurgica,253646.07446665206,complete,,,para a Clinica Cirurgica,253646.07446665206,,
Patient_666,Discharge,253646.07446665206,complete,,,,,,13944.381752230314
Patient_667,Arrival,240606.42734917675,complete,,0.0,,,,
Patient_667,Origem_do Centro Cirurgico,240606.42734917675,complete,,,do Centro Cirurgico,240606.42734917675,,
Patient_667,CTI (CC),240606.42734917675,start,ctiBeds,0.0,,,,
Patient_667,CTI (CC),245571.6027958924,complete,ctiBeds,0.0,,,,
Patient_667,CTI prepara Encaminhamento,245571.6027958924,start,,0.0,,,,
Patient_667,CTI prepara Encaminhamento,245630.0485764009,complete,,0.0,,,,
Patient_667,Encaminha_para a Clinica Cirurgica,245630.0485764009,complete,,,para a Clinica Cirurgica,245630.0485764009,,
Patient_667,Discharge,245630.0485764009,complete,,,,,,5023.621227224154
Patient_668,Arrival,240673.0479888471,complete,,0.0,,,,
Patient_668,Origem_do Centro Cirurgico,240673.0479888471,complete,,,do Centro Cirurgico,240673.0479888471,,
Patient_668,CTI (CC),240673.0479888471,start,ctiBeds,0.0,,,,
Patient_668,CTI (CC),244816.96588911186,complete,ctiBeds,0.0,,,,
Patient_668,CTI prepara Encaminhamento,244816.96588911186,start,,0.0,,,,
Patient_668,CTI prepara Encaminhamento,244850.99696234072,complete,,0.0,,,,
Patient_668,Encaminha_Obito,244850.99696234072,complete,,,Obito,244850.99696234072,,
Patient_668,Discharge,244850.99696234072,complete,,,,,,4177.948973493621
Patient_669,Arrival,241167.6057739536,complete,,0.0,,,,
Patient_669,Origem_da Clinica Medica,241167.6057739536,complete,,,da Clinica Medica,241167.6057739536,,
Patient_669,CTI (CLIM),241167.6057739536,start,ctiBeds,0.0,,,,
Patient_669,CTI (CLIM),248047.8079191064,complete,ctiBeds,0.0,,,,
Patient_669,CTI prepara Encaminhamento,248047.8079191064,start,,0.0,,,,
Patient_669,CTI prepara Encaminhamento,248094.9960648654,complete,,0.0,,,,
Patient_669,Encaminha_para a Clinica Medica,248094.9960648654,complete,,,para a Clinica Medica,248094.9960648654,,
Patient_669,Discharge,248094.9960648654,complete,,,,,,6927.390290911804
Patient_67,Arrival,18024.1950760673,complete,,0.0,,,,
Patient_67,Origem_do Pronto Socorro,18024.1950760673,complete,,,do Pronto Socorro,18024.1950760673,,
Patient_67,CTI (PS),18024.1950760673,start,ctiBeds,0.0,,,,
Patient_67,CTI (PS),22832.037193010066,complete,ctiBeds,0.0,,,,
Patient_67,CTI prepara Encaminhamento,22832.037193010066,start,,0.0,,,,
Patient_67,CTI prepara Encaminhamento,22867.321710433625,complete,,0.0,,,,
Patient_67,Encaminha_para a Clinica Cirurgica,22867.321710433625,complete,,,para a Clinica Cirurgica,22867.321710433625,,
Patient_67,Discharge,22867.321710433625,complete,,,,,,4843.1266343663265
Patient_670,Arrival,241665.05644725804,complete,,0.0,,,,
Patient_670,Origem_do Pronto Socorro,241665.05644725804,complete,,,do Pronto Socorro,241665.05644725804,,
Patient_670,CTI (PS),241665.05644725804,start,ctiBeds,0.0,,,,
Patient_670,CTI (PS),246531.3604380635,complete,ctiBeds,0.0,,,,
Patient_670,CTI prepara Encaminhamento,246531.3604380635,start,,0.0,,,,
Patient_670,CTI prepara Encaminhamento,246582.2584462528,complete,,0.0,,,,
Patient_670,Encaminha_para a Clinica Cirurgica,246582.2584462528,complete,,,para a Clinica Cirurgica,246582.2584462528,,
Patient_670,Discharge,246582.2584462528,complete,,,,,,4917.201998994744
Patient_671,Arrival,241849.34994891804,complete,,0.0,,,,
Patient_671,Origem_do Pronto Socorro,241849.34994891804,complete,,,do Pronto Socorro,241849.34994891804,,
Patient_671,CTI (PS),241849.34994891804,start,ctiBeds,0.0,,,,
Patient_671,CTI (PS),250034.76763836184,complete,ctiBeds,0.0,,,,
Patient_671,CTI prepara Encaminhamento,250034.76763836184,start,,0.0,,,,
Patient_671,CTI prepara Encaminhamento,250071.07710657077,complete,,0.0,,,,
Patient_671,Encaminha_para a Clinica Medica,250071.07710657077,complete,,,para a Clinica Medica,250071.07710657077,,
Patient_671,Discharge,250071.07710657077,complete,,,,,,8221.727157652727
Patient_672,Arrival,242701.05578673776,complete,,0.0,,,,
Patient_672,Origem_do Pronto Socorro,242701.05578673776,complete,,,do Pronto Socorro,242701.05578673776,,
Patient_672,CTI (PS),242701.05578673776,start,ctiBeds,0.0,,,,
Patient_672,CTI (PS),252799.68969766458,complete,ctiBeds,0.0,,,,
Patient_672,CTI prepara Encaminhamento,252799.68969766458,start,,0.0,,,,
Patient_672,CTI prepara Encaminhamento,252851.58040338938,complete,,0.0,,,,
Patient_672,Encaminha_para a Clinica Cirurgica,252851.58040338938,complete,,,para a Clinica Cirurgica,252851.58040338938,,
Patient_672,Discharge,252851.58040338938,complete,,,,,,10150.524616651615
Patient_673,Arrival,242710.56667449168,complete,,0.0,,,,
Patient_673,Origem_do Pronto Socorro,242710.56667449168,complete,,,do Pronto Socorro,242710.56667449168,,
Patient_673,CTI (PS),242710.56667449168,start,ctiBeds,0.0,,,,
Patient_673,CTI (PS),244896.3289136617,complete,ctiBeds,0.0,,,,
Patient_673,CTI prepara Encaminhamento,244896.3289136617,start,,0.0,,,,
Patient_673,CTI prepara Encaminhamento,244930.52055820078,complete,,0.0,,,,
Patient_673,Encaminha_para a Clinica Medica,244930.52055820078,complete,,,para a Clinica Medica,244930.52055820078,,
Patient_673,Discharge,244930.52055820078,complete,,,,,,2219.953883709095
Patient_674,Arrival,242896.19038636427,complete,,0.0,,,,
Patient_674,Origem_do Pronto Socorro,242896.19038636427,complete,,,do Pronto Socorro,242896.19038636427,,
Patient_674,CTI (PS),242896.19038636427,start,ctiBeds,0.0,,,,
Patient_674,CTI (PS),247189.54751114696,complete,ctiBeds,0.0,,,,
Patient_674,CTI prepara Encaminhamento,247189.54751114696,start,,0.0,,,,
Patient_674,CTI prepara Encaminhamento,247247.51072348203,complete,,0.0,,,,
Patient_674,Encaminha_para a Clinica Medica,247247.51072348203,complete,,,para a Clinica Medica,247247.51072348203,,
Patient_674,Discharge,247247.51072348203,complete,,,,,,4351.320337117766
Patient_675,Arrival,242974.65565589108,complete,,0.0,,,,
Patient_675,Origem_do Pronto Socorro,242974.65565589108,complete,,,do Pronto Socorro,242974.65565589108,,
Patient_675,CTI (PS),242974.65565589108,start,ctiBeds,0.0,,,,
Patient_675,CTI (PS),263772.1003400546,complete,ctiBeds,0.0,,,,
Patient_675,CTI prepara Encaminhamento,263772.1003400546,start,,0.0,,,,
Patient_675,CTI prepara Encaminhamento,263819.098380528,complete,,0.0,,,,
Patient_675,Encaminha_para a Clinica Cirurgica,263819.098380528,complete,,,para a Clinica Cirurgica,263819.098380528,,
Patient_675,Discharge,263819.098380528,complete,,,,,,20844.4427246369
Patient_676,Arrival,243300.6558691176,complete,,0.0,,,,
Patient_676,Origem_do Centro Cirurgico,243300.6558691176,complete,,,do Centro Cirurgico,243300.6558691176,,
Patient_676,CTI (CC),243300.6558691176,start,ctiBeds,0.0,,,,
Patient_676,CTI (CC),245040.63581569825,complete,ctiBeds,0.0,,,,
Patient_676,CTI prepara Encaminhamento,245040.63581569825,start,,0.0,,,,
Patient_676,CTI prepara Encaminhamento,245097.3265940037,complete,,0.0,,,,
Patient_676,Encaminha_Obito,245097.3265940037,complete,,,Obito,245097.3265940037,,
Patient_676,Discharge,245097.3265940037,complete,,,,,,1796.6707248861203
Patient_677,Arrival,244500.05069049975,complete,,0.0,,,,
Patient_677,Origem_do Pronto Socorro,244500.05069049975,complete,,,do Pronto Socorro,244500.05069049975,,
Patient_677,CTI (PS),244500.05069049975,start,ctiBeds,0.0,,,,
Patient_677,CTI (PS),248937.6797295981,complete,ctiBeds,0.0,,,,
Patient_677,CTI prepara Encaminhamento,248937.6797295981,start,,0.0,,,,
Patient_677,CTI prepara Encaminhamento,248981.33257180805,complete,,0.0,,,,
Patient_677,Encaminha_para a Clinica Medica,248981.33257180805,complete,,,para a Clinica Medica,248981.33257180805,,
Patient_677,Discharge,248981.33257180805,complete,,,,,,4481.2818813082995
Patient_678,Arrival,244955.41820787883,complete,,0.0,,,,
Patient_678,Origem_do Centro Cirurgico,244955.41820787883,complete,,,do Centro Cirurgico,244955.41820787883,,
Patient_678,CTI (CC),244955.41820787883,start,ctiBeds,0.0,,,,
Patient_678,CTI (CC),253304.53799492106,complete,ctiBeds,0.0,,,,
Patient_678,CTI prepara Encaminhamento,253304.53799492106,start,,0.0,,,,
Patient_678,CTI prepara Encaminhamento,253335.258760835,complete,,0.0,,,,
Patient_678,Encaminha_para a Clinica Medica,253335.258760835,complete,,,para a Clinica Medica,253335.258760835,,
Patient_678,Discharge,253335.258760835,complete,,,,,,8379.840552956157
Patient_679,Arrival,246191.21287781172,complete,,0.0,,,,
Patient_679,Origem_do Centro Cirurgico,246191.21287781172,complete,,,do Centro Cirurgico,246191.21287781172,,
Patient_679,CTI (CC),246191.21287781172,start,ctiBeds,0.0,,,,
Patient_679,CTI (CC),267544.2260890708,complete,ctiBeds,0.0,,,,
Patient_679,CTI prepara Encaminhamento,267544.2260890708,start,,0.0,,,,
Patient_679,CTI prepara Encaminhamento,267581.36436416133,complete,,0.0,,,,
Patient_679,Encaminha_Obito,267581.36436416133,complete,,,Obito,267581.36436416133,,
Patient_679,Discharge,267581.36436416133,complete,,,,,,21390.151486349612
Patient_68,Arrival,18327.40437022045,complete,,0.0,,,,
Patient_68,Origem_do Pronto Socorro,18327.40437022045,complete,,,do Pronto Socorro,18327.40437022045,,
Patient_68,CTI (PS),18327.40437022045,start,ctiBeds,0.0,,,,
Patient_68,CTI (PS),45201.29899592341,complete,ctiBeds,0.0,,,,
Patient_68,CTI prepara Encaminhamento,45201.29899592341,start,,0.0,,,,
Patient_68,CTI prepara Encaminhamento,45260.12355941962,complete,,0.0,,,,
Patient_68,Encaminha_para a Clinica Medica,45260.12355941962,complete,,,para a Clinica Medica,45260.12355941962,,
Patient_68,Discharge,45260.12355941962,complete,,,,,,26932.719189199168
Patient_680,Arrival,246914.72839221315,complete,,0.0,,,,
Patient_680,Origem_do Centro Cirurgico,246914.72839221315,complete,,,do Centro Cirurgico,246914.72839221315,,
Patient_680,CTI (CC),246914.72839221315,start,ctiBeds,0.0,,,,
Patient_680,CTI (CC),277864.07837462873,complete,ctiBeds,0.0,,,,
Patient_680,CTI prepara Encaminhamento,277864.07837462873,start,,0.0,,,,
Patient_680,CTI prepara Encaminhamento,277898.3641047576,complete,,0.0,,,,
Patient_680,Encaminha_Obito,277898.3641047576,complete,,,Obito,277898.3641047576,,
Patient_680,Discharge,277898.3641047576,complete,,,,,,30983.635712544463
Patient_681,Arrival,246931.01203517354,complete,,0.0,,,,
Patient_681,Origem_do Centro Cirurgico,246931.01203517354,complete,,,do Centro Cirurgico,246931.01203517354,,
Patient_681,CTI (CC),246931.01203517354,start,ctiBeds,0.0,,,,
Patient_681,CTI (CC),248218.7286474317,complete,ctiBeds,0.0,,,,
Patient_681,CTI prepara Encaminhamento,248218.7286474317,start,,0.0,,,,
Patient_681,CTI prepara Encaminhamento,248255.09161020746,complete,,0.0,,,,
Patient_681,Encaminha_para a Clinica Cirurgica,248255.09161020746,complete,,,para a Clinica Cirurgica,248255.09161020746,,
Patient_681,Discharge,248255.09161020746,complete,,,,,,1324.0795750339166
Patient_682,Arrival,246997.31106034602,complete,,0.0,,,,
Patient_682,Origem_do Pronto Socorro,246997.31106034602,complete,,,do Pronto Socorro,246997.31106034602,,
Patient_682,CTI (PS),246997.31106034602,start,ctiBeds,0.0,,,,
Patient_682,CTI (PS),260802.81789755984,complete,ctiBeds,0.0,,,,
Patient_682,CTI prepara Encaminhamento,260802.81789755984,start,,0.0,,,,
Patient_682,CTI prepara Encaminhamento,260862.63663806993,complete,,0.0,,,,
Patient_682,Encaminha_Transferencia Externa,260862.63663806993,complete,,,Transferencia Externa,260862.63663806993,,
Patient_682,Discharge,260862.63663806993,complete,,,,,,13865.32557772391
Patient_683,Arrival,247261.17235612785,complete,,0.0,,,,
Patient_683,Origem_do Centro Cirurgico,247261.17235612785,complete,,,do Centro Cirurgico,247261.17235612785,,
Patient_683,CTI (CC),247261.17235612785,start,ctiBeds,0.0,,,,
Patient_683,CTI (CC),247471.9353481584,complete,ctiBeds,0.0,,,,
Patient_683,CTI prepara Encaminhamento,247471.9353481584,start,,0.0,,,,
Patient_683,CTI prepara Encaminhamento,247513.85057351372,complete,,0.0,,,,
Patient_683,Encaminha_para a Clinica Medica,247513.85057351372,complete,,,para a Clinica Medica,247513.85057351372,,
Patient_683,Discharge,247513.85057351372,complete,,,,,,252.67821738586645
Patient_684,Arrival,247273.67956732126,complete,,0.0,,,,
Patient_684,Origem_do Centro Cirurgico,247273.67956732126,complete,,,do Centro Cirurgico,247273.67956732126,,
Patient_684,CTI (CC),247273.67956732126,start,ctiBeds,0.0,,,,
Patient_684,CTI (CC),250520.17917065593,complete,ctiBeds,0.0,,,,
Patient_684,CTI prepara Encaminhamento,250520.17917065593,start,,0.0,,,,
Patient_684,CTI prepara Encaminhamento,250552.28789850386,complete,,0.0,,,,
Patient_684,Encaminha_Transferencia Externa,250552.28789850386,complete,,,Transferencia Externa,250552.28789850386,,
Patient_684,Discharge,250552.28789850386,complete,,,,,,3278.6083311825932
Patient_685,Arrival,247413.41817793102,complete,,0.0,,,,
Patient_685,Origem_do Pronto Socorro,247413.41817793102,complete,,,do Pronto Socorro,247413.41817793102,,
Patient_685,CTI (PS),247413.41817793102,start,ctiBeds,0.0,,,,
Patient_685,CTI (PS),250453.33010329236,complete,ctiBeds,0.0,,,,
Patient_685,CTI prepara Encaminhamento,250453.33010329236,start,,0.0,,,,
Patient_685,CTI prepara Encaminhamento,250507.67895338807,complete,,0.0,,,,
Patient_685,Encaminha_Obito,250507.67895338807,complete,,,Obito,250507.67895338807,,
Patient_685,Discharge,250507.67895338807,complete,,,,,,3094.260775457049
Patient_686,Arrival,247479.2756750255,complete,,0.0,,,,
Patient_686,Origem_da Clinica Cirurgica,247479.2756750255,complete,,,da Clinica Cirurgica,247479.2756750255,,
Patient_686,CTI (CLIC),247479.2756750255,start,ctiBeds,0.0,,,,
Patient_686,CTI (CLIC),264589.1697549033,complete,ctiBeds,0.0,,,,
Patient_686,CTI prepara Encaminhamento,264589.1697549033,start,,0.0,,,,
Patient_686,CTI prepara Encaminhamento,264639.8043752219,complete,,0.0,,,,
Patient_686,Encaminha_Obito,264639.8043752219,complete,,,Obito,264639.8043752219,,
Patient_686,Discharge,264639.8043752219,complete,,,,,,17160.528700196388
Patient_687,Arrival,248020.65920728043,complete,,0.0,,,,
Patient_687,Origem_do Centro Cirurgico,248020.65920728043,complete,,,do Centro Cirurgico,248020.65920728043,,
Patient_687,CTI (CC),248020.65920728043,start,ctiBeds,0.0,,,,
Patient_687,CTI (CC),249841.9047561293,complete,ctiBeds,0.0,,,,
Patient_687,CTI prepara Encaminhamento,249841.9047561293,start,,0.0,,,,
Patient_687,CTI prepara Encaminhamento,249888.34775055593,complete,,0.0,,,,
Patient_687,Encaminha_para a Clinica Cirurgica,249888.34775055593,complete,,,para a Clinica Cirurgica,249888.34775055593,,
Patient_687,Discharge,249888.34775055593,complete,,,,,,1867.6885432754934
Patient_688,Arrival,248422.68262944132,complete,,0.0,,,,
Patient_688,Origem_da Clinica Medica,248422.68262944132,complete,,,da Clinica Medica,248422.68262944132,,
Patient_688,CTI (CLIM),248422.68262944132,start,ctiBeds,0.0,,,,
Patient_688,CTI (CLIM),261517.27007741242,complete,ctiBeds,0.0,,,,
Patient_688,CTI prepara Encaminhamento,261517.27007741242,start,,0.0,,,,
Patient_688,CTI prepara Encaminhamento,261549.91907185246,complete,,0.0,,,,
Patient_688,Encaminha_para a Clinica Cirurgica,261549.91907185246,complete,,,para a Clinica Cirurgica,261549.91907185246,,
Patient_688,Discharge,261549.91907185246,complete,,,,,,13127.236442411144
Patient_689,Arrival,248470.75720652624,complete,,0.0,,,,
Patient_689,Origem_do Pronto Socorro,248470.75720652624,complete,,,do Pronto Socorro,248470.75720652624,,
Patient_689,CTI (PS),248470.75720652624,start,ctiBeds,0.0,,,,
Patient_689,CTI (PS),251406.27736696345,complete,ctiBeds,0.0,,,,
Patient_689,CTI prepara Encaminhamento,251406.27736696345,start,,0.0,,,,
Patient_689,CTI prepara Encaminhamento,251436.33203843946,complete,,0.0,,,,
Patient_689,Encaminha_Obito,251436.33203843946,complete,,,Obito,251436.33203843946,,
Patient_689,Discharge,251436.33203843946,complete,,,,,,2965.5748319132254
Patient_69,Arrival,18330.919861213875,complete,,0.0,,,,
Patient_69,Origem_do Centro Cirurgico,18330.919861213875,complete,,,do Centro Cirurgico,18330.919861213875,,
Patient_69,CTI (CC),18330.919861213875,start,ctiBeds,0.0,,,,
Patient_69,CTI (CC),44832.81993725779,complete,ctiBeds,0.0,,,,
Patient_69,CTI prepara Encaminhamento,44832.81993725779,start,,0.0,,,,
Patient_69,CTI prepara Encaminhamento,44863.25817797043,complete,,0.0,,,,
Patient_69,Encaminha_para a Clinica Cirurgica,44863.25817797043,complete,,,para a Clinica Cirurgica,44863.25817797043,,
Patient_69,Discharge,44863.25817797043,complete,,,,,,26532.33831675655
Patient_690,Arrival,249266.0667451866,complete,,0.0,,,,
Patient_690,Origem_do Centro Cirurgico,249266.0667451866,complete,,,do Centro Cirurgico,249266.0667451866,,
Patient_690,CTI (CC),249266.0667451866,start,ctiBeds,0.0,,,,
Patient_690,CTI (CC),256578.57109530267,complete,ctiBeds,0.0,,,,
Patient_690,CTI prepara Encaminhamento,256578.57109530267,start,,0.0,,,,
Patient_690,CTI prepara Encaminhamento,256626.7500966577,complete,,0.0,,,,
Patient_690,Encaminha_para a Clinica Medica,256626.7500966577,complete,,,para a Clinica Medica,256626.7500966577,,
Patient_690,Discharge,256626.7500966577,complete,,,,,,7360.683351471089
Patient_691,Arrival,250232.88468368832,complete,,0.0,,,,
Patient_691,Origem_do Pronto Socorro,250232.88468368832,complete,,,do Pronto Socorro,250232.88468368832,,
Patient_691,CTI (PS),250232.88468368832,start,ctiBeds,0.0,,,,
Patient_691,CTI (PS),257136.44407469238,complete,ctiBeds,0.0,,,,
Patient_691,CTI prepara Encaminhamento,257136.44407469238,start,,0.0,,,,
Patient_691,CTI prepara Encaminhamento,257195.81092525515,complete,,0.0,,,,
Patient_691,Encaminha_para a Clinica Medica,257195.81092525515,complete,,,para a Clinica Medica,257195.81092525515,,
Patient_691,Discharge,257195.81092525515,complete,,,,,,6962.9262415668345
Patient_692,Arrival,251236.34299501896,complete,,0.0,,,,
Patient_692,Origem_da Clinica Medica,251236.34299501896,complete,,,da Clinica Medica,251236.34299501896,,
Patient_692,CTI (CLIM),251236.34299501896,start,ctiBeds,0.0,,,,
Patient_692,CTI (CLIM),256648.04548885208,complete,ctiBeds,0.0,,,,
Patient_692,CTI prepara Encaminhamento,256648.04548885208,start,,0.0,,,,
Patient_692,CTI prepara Encaminhamento,256682.68067068022,complete,,0.0,,,,
Patient_692,Encaminha_para a Clinica Cirurgica,256682.68067068022,complete,,,para a Clinica Cirurgica,256682.68067068022,,
Patient_692,Discharge,256682.68067068022,complete,,,,,,5446.337675661256
Patient_693,Arrival,251359.58153751818,complete,,0.0,,,,
Patient_693,Origem_do Pronto Socorro,251359.58153751818,complete,,,do Pronto Socorro,251359.58153751818,,
Patient_693,CTI (PS),251359.58153751818,start,ctiBeds,0.0,,,,
Patient_693,CTI (PS),272766.8445886864,complete,ctiBeds,0.0,,,,
Patient_693,CTI prepara Encaminhamento,272766.8445886864,start,,0.0,,,,
Patient_693,CTI prepara Encaminhamento,272804.5186978482,complete,,0.0,,,,
Patient_693,Encaminha_Obito,272804.5186978482,complete,,,Obito,272804.5186978482,,
Patient_693,Discharge,272804.5186978482,complete,,,,,,21444.93716033001
Patient_694,Arrival,251423.318401115,complete,,0.0,,,,
Patient_694,Origem_do Centro Cirurgico,251423.318401115,complete,,,do Centro Cirurgico,251423.318401115,,
Patient_694,CTI (CC),251423.318401115,start,ctiBeds,0.0,,,,
Patient_694,CTI (CC),300409.6991020223,complete,ctiBeds,0.0,,,,
Patient_694,CTI prepara Encaminhamento,300409.6991020223,start,,0.0,,,,
Patient_694,CTI prepara Encaminhamento,300463.7781874521,complete,,0.0,,,,
Patient_694,Encaminha_para a Clinica Medica,300463.7781874521,complete,,,para a Clinica Medica,300463.7781874521,,
Patient_694,Discharge,300463.7781874521,complete,,,,,,49040.45978633713
Patient_695,Arrival,251584.13270212428,complete,,0.0,,,,
Patient_695,Origem_do Centro Cirurgico,251584.13270212428,complete,,,do Centro Cirurgico,251584.13270212428,,
Patient_695,CTI (CC),251584.13270212428,start,ctiBeds,0.0,,,,
Patient_695,CTI (CC),290761.6025861648,complete,ctiBeds,0.0,,,,
Patient_695,CTI prepara Encaminhamento,290761.6025861648,start,,0.0,,,,
Patient_695,CTI prepara Encaminhamento,290805.94700588414,complete,,0.0,,,,
Patient_695,Encaminha_para a Clinica Medica,290805.94700588414,complete,,,para a Clinica Medica,290805.94700588414,,
Patient_695,Discharge,290805.94700588414,complete,,,,,,39221.814303759864
Patient_696,Arrival,252201.33442236553,complete,,0.0,,,,
Patient_696,Origem_do Pronto Socorro,252201.33442236553,complete,,,do Pronto Socorro,252201.33442236553,,
Patient_696,CTI (PS),252201.33442236553,start,ctiBeds,0.0,,,,
Patient_696,CTI (PS),266713.4834125706,complete,ctiBeds,0.0,,,,
Patient_696,CTI prepara Encaminhamento,266713.4834125706,start,,0.0,,,,
Patient_696,CTI prepara Encaminhamento,266758.1429131597,complete,,0.0,,,,
Patient_696,Encaminha_para a Clinica Medica,266758.1429131597,complete,,,para a Clinica Medica,266758.1429131597,,
Patient_696,Discharge,266758.1429131597,complete,,,,,,14556.808490794152
Patient_697,Arrival,252480.30997212353,complete,,0.0,,,,
Patient_697,Origem_do Pronto Socorro,252480.30997212353,complete,,,do Pronto Socorro,252480.30997212353,,
Patient_697,CTI (PS),252480.30997212353,start,ctiBeds,0.0,,,,
Patient_697,CTI (PS),260544.1193451279,complete,ctiBeds,0.0,,,,
Patient_697,CTI prepara Encaminhamento,260544.1193451279,start,,0.0,,,,
Patient_697,CTI prepara Encaminhamento,260588.18048994386,complete,,0.0,,,,
Patient_697,Encaminha_Transferencia Externa,260588.18048994386,complete,,,Transferencia Externa,260588.18048994386,,
Patient_697,Discharge,260588.18048994386,complete,,,,,,8107.870517820324
Patient_698,Arrival,252833.02626684762,complete,,0.0,,,,
Patient_698,Origem_do Pronto Socorro,252833.02626684762,complete,,,do Pronto Socorro,252833.02626684762,,
Patient_698,CTI (PS),252833.02626684762,start,ctiBeds,0.0,,,,
Patient_698,CTI (PS),258570.21428164045,complete,ctiBeds,0.0,,,,
Patient_698,CTI prepara Encaminhamento,258570.21428164045,start,,0.0,,,,
Patient_698,CTI prepara Encaminhamento,258619.45337158113,complete,,0.0,,,,
Patient_698,Encaminha_Obito,258619.45337158113,complete,,,Obito,258619.45337158113,,
Patient_698,Discharge,258619.45337158113,complete,,,,,,5786.427104733506
Patient_699,Arrival,253118.9024900667,complete,,0.0,,,,
Patient_699,Origem_do Centro Cirurgico,253118.9024900667,complete,,,do Centro Cirurgico,253118.9024900667,,
Patient_699,CTI (CC),253118.9024900667,start,ctiBeds,0.0,,,,
Patient_699,CTI (CC),272641.0023164589,complete,ctiBeds,0.0,,,,
Patient_699,CTI prepara Encaminhamento,272641.0023164589,start,,0.0,,,,
Patient_699,CTI prepara Encaminhamento,272694.55505523196,complete,,0.0,,,,
Patient_699,Encaminha_para a Clinica Cirurgica,272694.55505523196,complete,,,para a Clinica Cirurgica,272694.55505523196,,
Patient_699,Discharge,272694.55505523196,complete,,,,,,19575.65256516525
Patient_7,Arrival,1628.1555582058668,complete,,0.0,,,,
Patient_7,Origem_da Clinica Cirurgica,1628.1555582058668,complete,,,da Clinica Cirurgica,1628.1555582058668,,
Patient_7,CTI (CLIC),1628.1555582058668,start,ctiBeds,0.0,,,,
Patient_7,CTI (CLIC),11427.926154263248,complete,ctiBeds,0.0,,,,
Patient_7,CTI prepara Encaminhamento,11427.926154263248,start,,0.0,,,,
Patient_7,CTI prepara Encaminhamento,11481.201657771833,complete,,0.0,,,,
Patient_7,Encaminha_para a Clinica Cirurgica,11481.201657771833,complete,,,para a Clinica Cirurgica,11481.201657771833,,
Patient_7,Discharge,11481.201657771833,complete,,,,,,9853.046099565967
Patient_70,Arrival,18802.14797754025,complete,,0.0,,,,
Patient_70,Origem_do Pronto Socorro,18802.14797754025,complete,,,do Pronto Socorro,18802.14797754025,,
Patient_70,CTI (PS),18802.14797754025,start,ctiBeds,0.0,,,,
Patient_70,CTI (PS),32150.048899647314,complete,ctiBeds,0.0,,,,
Patient_70,CTI prepara Encaminhamento,32150.048899647314,start,,0.0,,,,
Patient_70,CTI prepara Encaminhamento,32187.638220660192,complete,,0.0,,,,
Patient_70,Encaminha_para a Clinica Medica,32187.638220660192,complete,,,para a Clinica Medica,32187.638220660192,,
Patient_70,Discharge,32187.638220660192,complete,,,,,,13385.49024311994
Patient_700,Arrival,253228.78256764586,complete,,0.0,,,,
Patient_700,Origem_do Pronto Socorro,253228.78256764586,complete,,,do Pronto Socorro,253228.78256764586,,
Patient_700,CTI (PS),253228.78256764586,start,ctiBeds,0.0,,,,
Patient_700,CTI (PS),254230.6348686535,complete,ctiBeds,0.0,,,,
Patient_700,CTI prepara Encaminhamento,254230.6348686535,start,,0.0,,,,
Patient_700,CTI prepara Encaminhamento,254262.4101888009,complete,,0.0,,,,
Patient_700,Encaminha_para a Clinica Cirurgica,254262.4101888009,complete,,,para a Clinica Cirurgica,254262.4101888009,,
Patient_700,Discharge,254262.4101888009,complete,,,,,,1033.6276211550285
Patient_701,Arrival,253527.88615925692,complete,,0.0,,,,
Patient_701,Origem_do Centro Cirurgico,253527.88615925692,complete,,,do Centro Cirurgico,253527.88615925692,,
Patient_701,CTI (CC),253527.88615925692,start,ctiBeds,0.0,,,,
Patient_701,CTI (CC),254014.20682325665,complete,ctiBeds,0.0,,,,
Patient_701,CTI prepara Encaminhamento,254014.20682325665,start,,0.0,,,,
Patient_701,CTI prepara Encaminhamento,254066.33315950335,complete,,0.0,,,,
Patient_701,Encaminha_para a Clinica Cirurgica,254066.33315950335,complete,,,para a Clinica Cirurgica,254066.33315950335,,
Patient_701,Discharge,254066.33315950335,complete,,,,,,538.4470002464368
Patient_702,Arrival,253564.96963673146,complete,,0.0,,,,
Patient_702,Origem_do Centro Cirurgico,253564.96963673146,complete,,,do Centro Cirurgico,253564.96963673146,,
Patient_702,CTI (CC),253564.96963673146,start,ctiBeds,0.0,,,,
Patient_702,CTI (CC),258582.23267190024,complete,ctiBeds,0.0,,,,
Patient_702,CTI prepara Encaminhamento,258582.23267190024,start,,0.0,,,,
Patient_702,CTI prepara Encaminhamento,258636.03364978047,complete,,0.0,,,,
Patient_702,Encaminha_para a Clinica Cirurgica,258636.03364978047,complete,,,para a Clinica Cirurgica,258636.03364978047,,
Patient_702,Discharge,258636.03364978047,complete,,,,,,5071.0640130490065
Patient_703,Arrival,254714.74985138842,complete,,0.0,,,,
Patient_703,Origem_do Pronto Socorro,254714.74985138842,complete,,,do Pronto Socorro,254714.74985138842,,
Patient_703,CTI (PS),254714.74985138842,start,ctiBeds,0.0,,,,
Patient_703,CTI (PS),255367.41750650696,complete,ctiBeds,0.0,,,,
Patient_703,CTI prepara Encaminhamento,255367.41750650696,start,,0.0,,,,
Patient_703,CTI prepara Encaminhamento,255414.86991817108,complete,,0.0,,,,
Patient_703,Encaminha_para a Clinica Medica,255414.86991817108,complete,,,para a Clinica Medica,255414.86991817108,,
Patient_703,Discharge,255414.86991817108,complete,,,,,,700.1200667826633
Patient_704,Arrival,254785.46589222777,complete,,0.0,,,,
Patient_704,Origem_do Centro Cirurgico,254785.46589222777,complete,,,do Centro Cirurgico,254785.46589222777,,
Patient_704,CTI (CC),254785.46589222777,start,ctiBeds,0.0,,,,
Patient_704,CTI (CC),260689.7822363258,complete,ctiBeds,0.0,,,,
Patient_704,CTI prepara Encaminhamento,260689.7822363258,start,,0.0,,,,
Patient_704,CTI prepara Encaminhamento,260733.5340850187,complete,,0.0,,,,
Patient_704,Encaminha_para a Clinica Medica,260733.5340850187,complete,,,para a Clinica Medica,260733.5340850187,,
Patient_704,Discharge,260733.5340850187,complete,,,,,,5948.068192790932
Patient_705,Arrival,254787.37349254012,complete,,0.0,,,,
Patient_705,Origem_do Centro Cirurgico,254787.37349254012,complete,,,do Centro Cirurgico,254787.37349254012,,
Patient_705,CTI (CC),254787.37349254012,start,ctiBeds,0.0,,,,
Patient_705,CTI (CC),255552.84683918115,complete,ctiBeds,0.0,,,,
Patient_705,CTI prepara Encaminhamento,255552.84683918115,start,,0.0,,,,
Patient_705,CTI prepara Encaminhamento,255583.94239291875,complete,,0.0,,,,
Patient_705,Encaminha_para a Clinica Medica,255583.94239291875,complete,,,para a Clinica Medica,255583.94239291875,,
Patient_705,Discharge,255583.94239291875,complete,,,,,,796.5689003786247
Patient_706,Arrival,255114.3265845953,complete,,0.0,,,,
Patient_706,Origem_do Centro Cirurgico,255114.3265845953,complete,,,do Centro Cirurgico,255114.3265845953,,
Patient_706,CTI (CC),255114.3265845953,start,ctiBeds,0.0,,,,
Patient_706,CTI (CC),270502.9757825339,complete,ctiBeds,0.0,,,,
Patient_706,CTI prepara Encaminhamento,270502.9757825339,start,,0.0,,,,
Patient_706,CTI prepara Encaminhamento,270554.6063273967,complete,,0.0,,,,
Patient_706,Encaminha_para a Clinica Medica,270554.6063273967,complete,,,para a Clinica Medica,270554.6063273967,,
Patient_706,Discharge,270554.6063273967,complete,,,,,,15440.279742801387
Patient_707,Arrival,255998.22899462064,complete,,0.0,,,,
Patient_707,Origem_da Clinica Medica,255998.22899462064,complete,,,da Clinica Medica,255998.22899462064,,
Patient_707,CTI (CLIM),255998.22899462064,start,ctiBeds,0.0,,,,
Patient_707,CTI (CLIM),261137.19508517362,complete,ctiBeds,0.0,,,,
Patient_707,CTI prepara Encaminhamento,261137.19508517362,start,,0.0,,,,
Patient_707,CTI prepara Encaminhamento,261180.3332664419,complete,,0.0,,,,
Patient_707,Encaminha_para a Clinica Medica,261180.3332664419,complete,,,para a Clinica Medica,261180.3332664419,,
Patient_707,Discharge,261180.3332664419,complete,,,,,,5182.10427182127
Patient_708,Arrival,256169.23077402837,complete,,0.0,,,,
Patient_708,Origem_do Pronto Socorro,256169.23077402837,complete,,,do Pronto Socorro,256169.23077402837,,
Patient_708,CTI (PS),256169.23077402837,start,ctiBeds,0.0,,,,
Patient_708,CTI (PS),275665.78621773794,complete,ctiBeds,0.0,,,,
Patient_708,CTI prepara Encaminhamento,275665.78621773794,start,,0.0,,,,
Patient_708,CTI prepara Encaminhamento,275705.5422203945,complete,,0.0,,,,
Patient_708,Encaminha_para a Clinica Cirurgica,275705.5422203945,complete,,,para a Clinica Cirurgica,275705.5422203945,,
Patient_708,Discharge,275705.5422203945,complete,,,,,,19536.311446366104
Patient_709,Arrival,256671.26828818474,complete,,0.0,,,,
Patient_709,Origem_do Pronto Socorro,256671.26828818474,complete,,,do Pronto Socorro,256671.26828818474,,
Patient_709,CTI (PS),256671.26828818474,start,ctiBeds,0.0,,,,
Patient_709,CTI (PS),268407.79666080466,complete,ctiBeds,0.0,,,,
Patient_709,CTI prepara Encaminhamento,268407.79666080466,start,,0.0,,,,
Patient_709,CTI prepara Encaminhamento,268457.78877898667,complete,,0.0,,,,
Patient_709,Encaminha_para a Clinica Medica,268457.78877898667,complete,,,para a Clinica Medica,268457.78877898667,,
Patient_709,Discharge,268457.78877898667,complete,,,,,,11786.520490801922
Patient_71,Arrival,19447.684304550385,complete,,0.0,,,,
Patient_71,Origem_do Centro Cirurgico,19447.684304550385,complete,,,do Centro Cirurgico,19447.684304550385,,
Patient_71,CTI (CC),19447.684304550385,start,ctiBeds,0.0,,,,
Patient_71,CTI (CC),20100.812770845412,complete,ctiBeds,0.0,,,,
Patient_71,CTI prepara Encaminhamento,20100.812770845412,start,,0.0,,,,
Patient_71,CTI prepara Encaminhamento,20149.881523148746,complete,,0.0,,,,
Patient_71,Encaminha_para a Clinica Medica,20149.881523148746,complete,,,para a Clinica Medica,20149.881523148746,,
Patient_71,Discharge,20149.881523148746,complete,,,,,,702.1972185983614
Patient_710,Arrival,256882.7451043641,complete,,0.0,,,,
Patient_710,Origem_do Pronto Socorro,256882.7451043641,complete,,,do Pronto Socorro,256882.7451043641,,
Patient_710,CTI (PS),256882.7451043641,start,ctiBeds,0.0,,,,
Patient_710,CTI (PS),265122.9069362348,complete,ctiBeds,0.0,,,,
Patient_710,CTI prepara Encaminhamento,265122.9069362348,start,,0.0,,,,
Patient_710,CTI prepara Encaminhamento,265176.369566083,complete,,0.0,,,,
Patient_710,Encaminha_para a Clinica Cirurgica,265176.369566083,complete,,,para a Clinica Cirurgica,265176.369566083,,
Patient_710,Discharge,265176.369566083,complete,,,,,,8293.624461718922
Patient_711,Arrival,258133.00465337088,complete,,0.0,,,,
Patient_711,Origem_do Centro Cirurgico,258133.00465337088,complete,,,do Centro Cirurgico,258133.00465337088,,
Patient_711,CTI (CC),258133.00465337088,start,ctiBeds,0.0,,,,
Patient_711,CTI (CC),279391.5157979034,complete,ctiBeds,0.0,,,,
Patient_711,CTI prepara Encaminhamento,279391.5157979034,start,,0.0,,,,
Patient_711,CTI prepara Encaminhamento,279426.10531901673,complete,,0.0,,,,
Patient_711,Encaminha_para a Clinica Cirurgica,279426.10531901673,complete,,,para a Clinica Cirurgica,279426.10531901673,,
Patient_711,Discharge,279426.10531901673,complete,,,,,,21293.10066564585
Patient_712,Arrival,258253.37978034225,complete,,0.0,,,,
Patient_712,Origem_do Pronto Socorro,258253.37978034225,complete,,,do Pronto Socorro,258253.37978034225,,
Patient_712,CTI (PS),258253.37978034225,start,ctiBeds,0.0,,,,
Patient_712,CTI (PS),265734.6890963281,complete,ctiBeds,0.0,,,,
Patient_712,CTI prepara Encaminhamento,265734.6890963281,start,,0.0,,,,
Patient_712,CTI prepara Encaminhamento,265790.4535804441,complete,,0.0,,,,
Patient_712,Encaminha_para a Clinica Medica,265790.4535804441,complete,,,para a Clinica Medica,265790.4535804441,,
Patient_712,Discharge,265790.4535804441,complete,,,,,,7537.073800101847
Patient_713,Arrival,258463.91406445758,complete,,0.0,,,,
Patient_713,Origem_do Pronto Socorro,258463.91406445758,complete,,,do Pronto Socorro,258463.91406445758,,
Patient_713,CTI (PS),258463.91406445758,start,ctiBeds,0.0,,,,
Patient_713,CTI (PS),285243.8421457579,complete,ctiBeds,0.0,,,,
Patient_713,CTI prepara Encaminhamento,285243.8421457579,start,,0.0,,,,
Patient_713,CTI prepara Encaminhamento,285275.670915852,complete,,0.0,,,,
Patient_713,Encaminha_para a Clinica Cirurgica,285275.670915852,complete,,,para a Clinica Cirurgica,285275.670915852,,
Patient_713,Discharge,285275.670915852,complete,,,,,,26811.756851394428
Patient_714,Arrival,258506.15542564413,complete,,0.0,,,,
Patient_714,Origem_do Pronto Socorro,258506.15542564413,complete,,,do Pronto Socorro,258506.15542564413,,
Patient_714,CTI (PS),258570.21428164045,start,ctiBeds,0.0,,,,
Patient_714,CTI (PS),262489.54862837895,complete,ctiBeds,0.0,,,,
Patient_714,CTI prepara Encaminhamento,262489.54862837895,start,,0.0,,,,
Patient_714,CTI prepara Encaminhamento,262526.0628740266,complete,,0.0,,,,
Patient_714,Encaminha_para a Clinica Medica,262526.0628740266,complete,,,para a Clinica Medica,262526.0628740266,,
Patient_714,Discharge,262526.0628740266,complete,,,,,,4019.907448382466
Patient_715,Arrival,258536.86785222412,complete,,0.0,,,,
Patient_715,Origem_do Pronto Socorro,258536.86785222412,complete,,,do Pronto Socorro,258536.86785222412,,
Patient_715,CTI (PS),258582.23267190024,start,ctiBeds,0.0,,,,
Patient_715,CTI (PS),258585.04430478482,complete,ctiBeds,0.0,,,,
Patient_715,CTI prepara Encaminhamento,258585.04430478482,start,,0.0,,,,
Patient_715,CTI prepara Encaminhamento,258622.20291208118,complete,,0.0,,,,
Patient_715,Encaminha_Transferencia Externa,258622.20291208118,complete,,,Transferencia Externa,258622.20291208118,,
Patient_715,Discharge,258622.20291208118,complete,,,,,,85.33505985705415
Patient_716,Arrival,258619.0860569807,complete,,0.0,,,,
Patient_716,Origem_da Clinica Medica,258619.0860569807,complete,,,da Clinica Medica,258619.0860569807,,
Patient_716,CTI (CLIM),258619.0860569807,start,ctiBeds,0.0,,,,
Patient_716,CTI (CLIM),262875.6407285452,complete,ctiBeds,0.0,,,,
Patient_716,CTI prepara Encaminhamento,262875.6407285452,start,,0.0,,,,
Patient_716,CTI prepara Encaminhamento,262931.4456185054,complete,,0.0,,,,
Patient_716,Encaminha_para a Clinica Cirurgica,262931.4456185054,complete,,,para a Clinica Cirurgica,262931.4456185054,,
Patient_716,Discharge,262931.4456185054,complete,,,,,,4312.359561524703
Patient_717,Arrival,258988.59655284754,complete,,0.0,,,,
Patient_717,Origem_do Pronto Socorro,258988.59655284754,complete,,,do Pronto Socorro,258988.59655284754,,
Patient_717,CTI (PS),260544.1193451279,start,ctiBeds,0.0,,,,
Patient_717,CTI (PS),267571.5700907378,complete,ctiBeds,0.0,,,,
Patient_717,CTI prepara Encaminhamento,267571.5700907378,start,,0.0,,,,
Patient_717,CTI prepara Encaminhamento,267606.1257601112,complete,,0.0,,,,
Patient_717,Encaminha_para a Clinica Cirurgica,267606.1257601112,complete,,,para a Clinica Cirurgica,267606.1257601112,,
Patient_717,Discharge,267606.1257601112,complete,,,,,,8617.529207263666
Patient_718,Arrival,259091.63397731583,complete,,0.0,,,,
Patient_718,Origem_do Centro Cirurgico,259091.63397731583,complete,,,do Centro Cirurgico,259091.63397731583,,
Patient_718,CTI (CC),260689.7822363258,start,ctiBeds,0.0,,,,
Patient_718,CTI (CC),292515.5481494321,complete,ctiBeds,0.0,,,,
Patient_718,CTI prepara Encaminhamento,292515.5481494321,start,,0.0,,,,
Patient_718,CTI prepara Encaminhamento,292564.5376921509,complete,,0.0,,,,
Patient_718,Encaminha_Obito,292564.5376921509,complete,,,Obito,292564.5376921509,,
Patient_718,Discharge,292564.5376921509,complete,,,,,,33472.90371483509
Patient_719,Arrival,259561.94866516185,complete,,0.0,,,,
Patient_719,Origem_do Pronto Socorro,259561.94866516185,complete,,,do Pronto Socorro,259561.94866516185,,
Patient_719,CTI (PS),260802.81789755984,start,ctiBeds,0.0,,,,
Patient_719,CTI (PS),271320.7162191164,complete,ctiBeds,0.0,,,,
Patient_719,CTI prepara Encaminhamento,271320.7162191164,start,,0.0,,,,
Patient_719,CTI prepara Encaminhamento,271351.57713799307,complete,,0.0,,,,
Patient_719,Encaminha_para a Clinica Medica,271351.57713799307,complete,,,para a Clinica Medica,271351.57713799307,,
Patient_719,Discharge,271351.57713799307,complete,,,,,,11789.628472831217
Patient_72,Arrival,19612.18999515844,complete,,0.0,,,,
Patient_72,Origem_do Pronto Socorro,19612.18999515844,complete,,,do Pronto Socorro,19612.18999515844,,
Patient_72,CTI (PS),19612.18999515844,start,ctiBeds,0.0,,,,
Patient_72,CTI (PS),38044.1423404292,complete,ctiBeds,0.0,,,,
Patient_72,CTI prepara Encaminhamento,38044.1423404292,start,,0.0,,,,
Patient_72,CTI prepara Encaminhamento,38104.00982464709,complete,,0.0,,,,
Patient_72,Encaminha_para a Clinica Medica,38104.00982464709,complete,,,para a Clinica Medica,38104.00982464709,,
Patient_72,Discharge,38104.00982464709,complete,,,,,,18491.81982948865
Patient_720,Arrival,259938.34191034292,complete,,0.0,,,,
Patient_720,Origem_do Centro Cirurgico,259938.34191034292,complete,,,do Centro Cirurgico,259938.34191034292,,
Patient_720,CTI (CC),261137.19508517362,start,ctiBeds,0.0,,,,
Patient_720,CTI (CC),264542.9469969464,complete,ctiBeds,0.0,,,,
Patient_720,CTI prepara Encaminhamento,264542.9469969464,start,,0.0,,,,
Patient_720,CTI prepara Encaminhamento,264584.538694799,complete,,0.0,,,,
Patient_720,Encaminha_para a Clinica Medica,264584.538694799,complete,,,para a Clinica Medica,264584.538694799,,
Patient_720,Discharge,264584.538694799,complete,,,,,,4646.196784456086
Patient_721,Arrival,260382.25180555982,complete,,0.0,,,,
Patient_721,Origem_do Pronto Socorro,260382.25180555982,complete,,,do Pronto Socorro,260382.25180555982,,
Patient_721,CTI (PS),261390.96643590345,start,ctiBeds,0.0,,,,
Patient_721,CTI (PS),267479.8827832994,complete,ctiBeds,0.0,,,,
Patient_721,CTI prepara Encaminhamento,267479.8827832994,start,,0.0,,,,
Patient_721,CTI prepara Encaminhamento,267519.0032619258,complete,,0.0,,,,
Patient_721,Encaminha_para a Clinica Medica,267519.0032619258,complete,,,para a Clinica Medica,267519.0032619258,,
Patient_721,Discharge,267519.0032619258,complete,,,,,,7136.751456366008
Patient_722,Arrival,260502.0780932691,complete,,0.0,,,,
Patient_722,Origem_do Pronto Socorro,260502.0780932691,complete,,,do Pronto Socorro,260502.0780932691,,
Patient_722,CTI (PS),261517.27007741242,start,ctiBeds,0.0,,,,
Patient_722,CTI (PS),283010.51646373124,complete,ctiBeds,0.0,,,,
Patient_722,CTI prepara Encaminhamento,283010.51646373124,start,,0.0,,,,
Patient_722,CTI prepara Encaminhamento,283069.6007270211,complete,,0.0,,,,
Patient_722,Encaminha_Transferencia Externa,283069.6007270211,complete,,,Transferencia Externa,283069.6007270211,,
Patient_722,Discharge,283069.6007270211,complete,,,,,,22567.522633752
Patient_723,Arrival,260588.8709225031,complete,,0.0,,,,
Patient_723,Origem_do Centro Cirurgico,260588.8709225031,complete,,,do Centro Cirurgico,260588.8709225031,,
Patient_723,CTI (CC),262473.5501891048,start,ctiBeds,0.0,,,,
Patient_723,CTI (CC),268629.40445110534,complete,ctiBeds,0.0,,,,
Patient_723,CTI prepara Encaminhamento,268629.40445110534,start,,0.0,,,,
Patient_723,CTI prepara Encaminhamento,268669.39163081336,complete,,0.0,,,,
Patient_723,Encaminha_para a Clinica Cirurgica,268669.39163081336,complete,,,para a Clinica Cirurgica,268669.39163081336,,
Patient_723,Discharge,268669.39163081336,complete,,,,,,8080.520708310272
Patient_724,Arrival,261550.0674209278,complete,,0.0,,,,
Patient_724,Origem_do Pronto Socorro,261550.0674209278,complete,,,do Pronto Socorro,261550.0674209278,,
Patient_724,CTI (PS),262489.54862837895,start,ctiBeds,0.0,,,,
Patient_724,CTI (PS),271964.94181998423,complete,ctiBeds,0.0,,,,
Patient_724,CTI prepara Encaminhamento,271964.94181998423,start,,0.0,,,,
Patient_724,CTI prepara Encaminhamento,272003.7107496023,complete,,0.0,,,,
Patient_724,Encaminha_para a Clinica Medica,272003.7107496023,complete,,,para a Clinica Medica,272003.7107496023,,
Patient_724,Discharge,272003.7107496023,complete,,,,,,10453.643328674487
Patient_725,Arrival,261618.53565398286,complete,,0.0,,,,
Patient_725,Origem_do Pronto Socorro,261618.53565398286,complete,,,do Pronto Socorro,261618.53565398286,,
Patient_725,CTI (PS),262670.9513446549,start,ctiBeds,0.0,,,,
Patient_725,CTI (PS),266245.4027205356,complete,ctiBeds,0.0,,,,
Patient_725,CTI prepara Encaminhamento,266245.4027205356,start,,0.0,,,,
Patient_725,CTI prepara Encaminhamento,266299.1842091912,complete,,0.0,,,,
Patient_725,Encaminha_Obito,266299.1842091912,complete,,,Obito,266299.1842091912,,
Patient_725,Discharge,266299.1842091912,complete,,,,,,4680.648555208318
Patient_726,Arrival,261796.79331201487,complete,,0.0,,,,
Patient_726,Origem_da Clinica Medica,261796.79331201487,complete,,,da Clinica Medica,261796.79331201487,,
Patient_726,CTI (CLIM),262875.6407285452,start,ctiBeds,0.0,,,,
Patient_726,CTI (CLIM),270258.7911795385,complete,ctiBeds,0.0,,,,
Patient_726,CTI prepara Encaminhamento,270258.7911795385,start,,0.0,,,,
Patient_726,CTI prepara Encaminhamento,270311.01107178855,complete,,0.0,,,,
Patient_726,Encaminha_para a Clinica Medica,270311.01107178855,complete,,,para a Clinica Medica,270311.01107178855,,
Patient_726,Discharge,270311.01107178855,complete,,,,,,8514.217759773688
Patient_727,Arrival,262323.7091107252,complete,,0.0,,,,
Patient_727,Origem_da Clinica Cirurgica,262323.7091107252,complete,,,da Clinica Cirurgica,262323.7091107252,,
Patient_727,CTI (CLIC),263772.1003400546,start,ctiBeds,0.0,,,,
Patient_727,CTI (CLIC),267864.68708219565,complete,ctiBeds,0.0,,,,
Patient_727,CTI prepara Encaminhamento,267864.68708219565,start,,0.0,,,,
Patient_727,CTI prepara Encaminhamento,267914.79682596884,complete,,0.0,,,,
Patient_727,Encaminha_para a Clinica Medica,267914.79682596884,complete,,,para a Clinica Medica,267914.79682596884,,
Patient_727,Discharge,267914.79682596884,complete,,,,,,5591.08771524363
Patient_728,Arrival,262400.58485094557,complete,,0.0,,,,
Patient_728,Origem_do Pronto Socorro,262400.58485094557,complete,,,do Pronto Socorro,262400.58485094557,,
Patient_728,CTI (PS),264542.9469969464,start,ctiBeds,0.0,,,,
Patient_728,CTI (PS),269062.2763779608,complete,ctiBeds,0.0,,,,
Patient_728,CTI prepara Encaminhamento,269062.2763779608,start,,0.0,,,,
Patient_728,CTI prepara Encaminhamento,269117.79540909047,complete,,0.0,,,,
Patient_728,Encaminha_Obito,269117.79540909047,complete,,,Obito,269117.79540909047,,
Patient_728,Discharge,269117.79540909047,complete,,,,,,6717.2105581449
Patient_729,Arrival,263020.60185995395,complete,,0.0,,,,
Patient_729,Origem_do Pronto Socorro,263020.60185995395,complete,,,do Pronto Socorro,263020.60185995395,,
Patient_729,CTI (PS),264589.1697549033,start,ctiBeds,0.0,,,,
Patient_729,CTI (PS),284899.81822555163,complete,ctiBeds,0.0,,,,
Patient_729,CTI prepara Encaminhamento,284899.81822555163,start,,0.0,,,,
Patient_729,CTI prepara Encaminhamento,284937.937913311,complete,,0.0,,,,
Patient_729,Encaminha_para a Clinica Cirurgica,284937.937913311,complete,,,para a Clinica Cirurgica,284937.937913311,,
Patient_729,Discharge,284937.937913311,complete,,,,,,21917.336053357052
Patient_73,Arrival,19655.944096023093,complete,,0.0,,,,
Patient_73,Origem_do Pronto Socorro,19655.944096023093,complete,,,do Pronto Socorro,19655.944096023093,,
Patient_73,CTI (PS),19655.944096023093,start,ctiBeds,0.0,,,,
Patient_73,CTI (PS),22840.491909581066,complete,ctiBeds,0.0,,,,
Patient_73,CTI prepara Encaminhamento,22840.491909581066,start,,0.0,,,,
Patient_73,CTI prepara Encaminhamento,22895.93110320408,complete,,0.0,,,,
Patient_73,Encaminha_para a Clinica Medica,22895.93110320408,complete,,,para a Clinica Medica,22895.93110320408,,
Patient_73,Discharge,22895.93110320408,complete,,,,,,3239.9870071809855
Patient_730,Arrival,263296.0128077082,complete,,0.0,,,,
Patient_730,Origem_do Centro Cirurgico,263296.0128077082,complete,,,do Centro Cirurgico,263296.0128077082,,
Patient_730,CTI (CC),265122.9069362348,start,ctiBeds,0.0,,,,
Patient_730,CTI (CC),265739.60964674526,complete,ctiBeds,0.0,,,,
Patient_730,CTI prepara Encaminhamento,265739.60964674526,start,,0.0,,,,
Patient_730,CTI prepara Encaminhamento,265771.68961767334,complete,,0.0,,,,
Patient_730,Encaminha_para a Clinica Medica,265771.68961767334,complete,,,para a Clinica Medica,265771.68961767334,,
Patient_730,Discharge,265771.68961767334,complete,,,,,,2475.676809965167
Patient_731,Arrival,263338.15694066824,complete,,0.0,,,,
Patient_731,Origem_da Clinica Cirurgica,263338.15694066824,complete,,,da Clinica Cirurgica,263338.15694066824,,
Patient_731,CTI (CLIC),265734.6890963281,start,ctiBeds,0.0,,,,
Patient_731,CTI (CLIC),267362.76666337403,complete,ctiBeds,0.0,,,,
Patient_731,CTI prepara Encaminhamento,267362.76666337403,start,,0.0,,,,
Patient_731,CTI prepara Encaminhamento,267413.7461640446,complete,,0.0,,,,
Patient_731,Encaminha_para a Clinica Medica,267413.7461640446,complete,,,para a Clinica Medica,267413.7461640446,,
Patient_731,Discharge,267413.7461640446,complete,,,,,,4075.589223376359
Patient_732,Arrival,263368.24296429765,complete,,0.0,,,,
Patient_732,Origem_do Centro Cirurgico,263368.24296429765,complete,,,do Centro Cirurgico,263368.24296429765,,
Patient_732,CTI (CC),265739.60964674526,start,ctiBeds,0.0,,,,
Patient_732,CTI (CC),266391.54849942285,complete,ctiBeds,0.0,,,,
Patient_732,CTI prepara Encaminhamento,266391.54849942285,start,,0.0,,,,
Patient_732,CTI prepara Encaminhamento,266440.7029712415,complete,,0.0,,,,
Patient_732,Encaminha_Obito,266440.7029712415,complete,,,Obito,266440.7029712415,,
Patient_732,Discharge,266440.7029712415,complete,,,,,,3072.4600069438457
Patient_733,Arrival,263785.028131769,complete,,0.0,,,,
Patient_733,Origem_do Centro Cirurgico,263785.028131769,complete,,,do Centro Cirurgico,263785.028131769,,
Patient_733,CTI (CC),265860.0421134719,start,ctiBeds,0.0,,,,
Patient_733,CTI (CC),376897.05117704044,complete,ctiBeds,0.0,,,,
Patient_733,CTI prepara Encaminhamento,376897.05117704044,start,,0.0,,,,
Patient_733,CTI prepara Encaminhamento,376930.4005275348,complete,,0.0,,,,
Patient_733,Encaminha_Obito,376930.4005275348,complete,,,Obito,376930.4005275348,,
Patient_733,Discharge,376930.4005275348,complete,,,,,,113145.3723957658
Patient_734,Arrival,264432.47697601,complete,,0.0,,,,
Patient_734,Origem_do Pronto Socorro,264432.47697601,complete,,,do Pronto Socorro,264432.47697601,,
Patient_734,CTI (PS),266245.4027205356,start,ctiBeds,0.0,,,,
Patient_734,CTI (PS),295016.715746251,complete,ctiBeds,0.0,,,,
Patient_734,CTI prepara Encaminhamento,295016.715746251,start,,0.0,,,,
Patient_734,CTI prepara Encaminhamento,295054.1969791659,complete,,0.0,,,,
Patient_734,Encaminha_para a Clinica Cirurgica,295054.1969791659,complete,,,para a Clinica Cirurgica,295054.1969791659,,
Patient_734,Discharge,295054.1969791659,complete,,,,,,30621.720003155875
Patient_735,Arrival,264451.64210341463,complete,,0.0,,,,
Patient_735,Origem_do Centro Cirurgico,264451.64210341463,complete,,,do Centro Cirurgico,264451.64210341463,,
Patient_735,CTI (CC),266391.54849942285,start,ctiBeds,0.0,,,,
Patient_735,CTI (CC),267612.0891597639,complete,ctiBeds,0.0,,,,
Patient_735,CTI prepara Encaminhamento,267612.0891597639,start,,0.0,,,,
Patient_735,CTI prepara Encaminhamento,267671.28773909534,complete,,0.0,,,,
Patient_735,Encaminha_para a Clinica Cirurgica,267671.28773909534,complete,,,para a Clinica Cirurgica,267671.28773909534,,
Patient_735,Discharge,267671.28773909534,complete,,,,,,3219.645635680703
Patient_736,Arrival,265246.14731158345,complete,,0.0,,,,
Patient_736,Origem_do Pronto Socorro,265246.14731158345,complete,,,do Pronto Socorro,265246.14731158345,,
Patient_736,CTI (PS),266713.4834125706,start,ctiBeds,0.0,,,,
Patient_736,CTI (PS),298404.30722520704,complete,ctiBeds,0.0,,,,
Patient_736,CTI prepara Encaminhamento,298404.30722520704,start,,0.0,,,,
Patient_736,CTI prepara Encaminhamento,298459.5668149091,complete,,0.0,,,,
Patient_736,Encaminha_para a Clinica Cirurgica,298459.5668149091,complete,,,para a Clinica Cirurgica,298459.5668149091,,
Patient_736,Discharge,298459.5668149091,complete,,,,,,33213.419503325655
Patient_737,Arrival,265271.3823985409,complete,,0.0,,,,
Patient_737,Origem_do Pronto Socorro,265271.3823985409,complete,,,do Pronto Socorro,265271.3823985409,,
Patient_737,CTI (PS),267362.76666337403,start,ctiBeds,0.0,,,,
Patient_737,CTI (PS),277134.0212227738,complete,ctiBeds,0.0,,,,
Patient_737,CTI prepara Encaminhamento,277134.0212227738,start,,0.0,,,,
Patient_737,CTI prepara Encaminhamento,277174.10310166026,complete,,0.0,,,,
Patient_737,Encaminha_para a Clinica Medica,277174.10310166026,complete,,,para a Clinica Medica,277174.10310166026,,
Patient_737,Discharge,277174.10310166026,complete,,,,,,11902.720703119354
Patient_738,Arrival,265658.3357381004,complete,,0.0,,,,
Patient_738,Origem_do Pronto Socorro,265658.3357381004,complete,,,do Pronto Socorro,265658.3357381004,,
Patient_738,CTI (PS),267479.8827832994,start,ctiBeds,0.0,,,,
Patient_738,CTI (PS),269912.3462308963,complete,ctiBeds,0.0,,,,
Patient_738,CTI prepara Encaminhamento,269912.3462308963,start,,0.0,,,,
Patient_738,CTI prepara Encaminhamento,269972.1502676878,complete,,0.0,,,,
Patient_738,Encaminha_para a Clinica Cirurgica,269972.1502676878,complete,,,para a Clinica Cirurgica,269972.1502676878,,
Patient_738,Discharge,269972.1502676878,complete,,,,,,4313.814529587398
Patient_739,Arrival,265674.9065678433,complete,,0.0,,,,
Patient_739,Origem_do Centro Cirurgico,265674.9065678433,complete,,,do Centro Cirurgico,265674.9065678433,,
Patient_739,CTI (CC),267510.3428699856,start,ctiBeds,0.0,,,,
Patient_739,CTI (CC),278346.5154472623,complete,ctiBeds,0.0,,,,
Patient_739,CTI prepara Encaminhamento,278346.5154472623,start,,0.0,,,,
Patient_739,CTI prepara Encaminhamento,278386.58747687656,complete,,0.0,,,,
Patient_739,Encaminha_Transferencia Externa,278386.58747687656,complete,,,Transferencia Externa,278386.58747687656,,
Patient_739,Discharge,278386.58747687656,complete,,,,,,12711.680909033283
Patient_74,Arrival,20314.026050383818,complete,,0.0,,,,
Patient_74,Origem_do Centro Cirurgico,20314.026050383818,complete,,,do Centro Cirurgico,20314.026050383818,,
Patient_74,CTI (CC),20314.026050383818,start,ctiBeds,0.0,,,,
Patient_74,CTI (CC),22103.027134127824,complete,ctiBeds,0.0,,,,
Patient_74,CTI prepara Encaminhamento,22103.027134127824,start,,0.0,,,,
Patient_74,CTI prepara Encaminhamento,22143.94966638,complete,,0.0,,,,
Patient_74,Encaminha_para a Clinica Cirurgica,22143.94966638,complete,,,para a Clinica Cirurgica,22143.94966638,,
Patient_74,Discharge,22143.94966638,complete,,,,,,1829.9236159961802
Patient_740,Arrival,265819.9753564722,complete,,0.0,,,,
Patient_740,Origem_do Centro Cirurgico,265819.9753564722,complete,,,do Centro Cirurgico,265819.9753564722,,
Patient_740,CTI (CC),267544.2260890708,start,ctiBeds,0.0,,,,
Patient_740,CTI (CC),271512.8988900427,complete,ctiBeds,0.0,,,,
Patient_740,CTI prepara Encaminhamento,271512.8988900427,start,,0.0,,,,
Patient_740,CTI prepara Encaminhamento,271562.4883443455,complete,,0.0,,,,
Patient_740,Encaminha_para a Clinica Cirurgica,271562.4883443455,complete,,,para a Clinica Cirurgica,271562.4883443455,,
Patient_740,Discharge,271562.4883443455,complete,,,,,,5742.512987873284
Patient_741,Arrival,265976.1573077727,complete,,0.0,,,,
Patient_741,Origem_do Pronto Socorro,265976.1573077727,complete,,,do Pronto Socorro,265976.1573077727,,
Patient_741,CTI (PS),267571.5700907378,start,ctiBeds,0.0,,,,
Patient_741,CTI (PS),272760.2680740511,complete,ctiBeds,0.0,,,,
Patient_741,CTI prepara Encaminhamento,272760.2680740511,start,,0.0,,,,
Patient_741,CTI prepara Encaminhamento,272805.66375816724,complete,,0.0,,,,
Patient_741,Encaminha_para a Clinica Medica,272805.66375816724,complete,,,para a Clinica Medica,272805.66375816724,,
Patient_741,Discharge,272805.66375816724,complete,,,,,,6829.506450394518
Patient_742,Arrival,266067.6085964464,complete,,0.0,,,,
Patient_742,Origem_do Centro Cirurgico,266067.6085964464,complete,,,do Centro Cirurgico,266067.6085964464,,
Patient_742,CTI (CC),267612.0891597639,start,ctiBeds,0.0,,,,
Patient_742,CTI (CC),294988.7323298913,complete,ctiBeds,0.0,,,,
Patient_742,CTI prepara Encaminhamento,294988.7323298913,start,,0.0,,,,
Patient_742,CTI prepara Encaminhamento,295042.3489813438,complete,,0.0,,,,
Patient_742,Encaminha_Obito,295042.3489813438,complete,,,Obito,295042.3489813438,,
Patient_742,Discharge,295042.3489813438,complete,,,,,,28974.74038489739
Patient_743,Arrival,266150.5774192256,complete,,0.0,,,,
Patient_743,Origem_do Centro Cirurgico,266150.5774192256,complete,,,do Centro Cirurgico,266150.5774192256,,
Patient_743,CTI (CC),267819.22786522814,start,ctiBeds,0.0,,,,
Patient_743,CTI (CC),358224.96749357105,complete,ctiBeds,0.0,,,,
Patient_743,CTI prepara Encaminhamento,358224.96749357105,start,,0.0,,,,
Patient_743,CTI prepara Encaminhamento,358260.82692004566,complete,,0.0,,,,
Patient_743,Encaminha_para a Clinica Medica,358260.82692004566,complete,,,para a Clinica Medica,358260.82692004566,,
Patient_743,Discharge,358260.82692004566,complete,,,,,,92110.24950082006
Patient_744,Arrival,266589.0325505139,complete,,0.0,,,,
Patient_744,Origem_do Centro Cirurgico,266589.0325505139,complete,,,do Centro Cirurgico,266589.0325505139,,
Patient_744,CTI (CC),267864.68708219565,start,ctiBeds,0.0,,,,
Patient_744,CTI (CC),272498.76211818506,complete,ctiBeds,0.0,,,,
Patient_744,CTI prepara Encaminhamento,272498.76211818506,start,,0.0,,,,
Patient_744,CTI prepara Encaminhamento,272534.3337903889,complete,,0.0,,,,
Patient_744,Encaminha_para a Clinica Cirurgica,272534.3337903889,complete,,,para a Clinica Cirurgica,272534.3337903889,,
Patient_744,Discharge,272534.3337903889,complete,,,,,,5945.301239874971
Patient_745,Arrival,266676.3830423286,complete,,0.0,,,,
Patient_745,Origem_do Centro Cirurgico,266676.3830423286,complete,,,do Centro Cirurgico,266676.3830423286,,
Patient_745,CTI (CC),268407.79666080466,start,ctiBeds,0.0,,,,
Patient_745,CTI (CC),287968.55782309896,complete,ctiBeds,0.0,,,,
Patient_745,CTI prepara Encaminhamento,287968.55782309896,start,,0.0,,,,
Patient_745,CTI prepara Encaminhamento,288018.2872321136,complete,,0.0,,,,
Patient_745,Encaminha_Transferencia Externa,288018.2872321136,complete,,,Transferencia Externa,288018.2872321136,,
Patient_745,Discharge,288018.2872321136,complete,,,,,,21341.90418978501
Patient_746,Arrival,266742.09723757755,complete,,0.0,,,,
Patient_746,Origem_do Pronto Socorro,266742.09723757755,complete,,,do Pronto Socorro,266742.09723757755,,
Patient_746,CTI (PS),268629.40445110534,start,ctiBeds,0.0,,,,
Patient_746,CTI (PS),291706.56625300075,complete,ctiBeds,0.0,,,,
Patient_746,CTI prepara Encaminhamento,291706.56625300075,start,,0.0,,,,
Patient_746,CTI prepara Encaminhamento,291762.07479016786,complete,,0.0,,,,
Patient_746,Encaminha_Obito,291762.07479016786,complete,,,Obito,291762.07479016786,,
Patient_746,Discharge,291762.07479016786,complete,,,,,,25019.97755259031
Patient_747,Arrival,267053.68482094805,complete,,0.0,,,,
Patient_747,Origem_do Pronto Socorro,267053.68482094805,complete,,,do Pronto Socorro,267053.68482094805,,
Patient_747,CTI (PS),269062.2763779608,start,ctiBeds,0.0,,,,
Patient_747,CTI (PS),270795.3802570413,complete,ctiBeds,0.0,,,,
Patient_747,CTI prepara Encaminhamento,270795.3802570413,start,,0.0,,,,
Patient_747,CTI prepara Encaminhamento,270830.6152574816,complete,,0.0,,,,
Patient_747,Encaminha_para a Clinica Medica,270830.6152574816,complete,,,para a Clinica Medica,270830.6152574816,,
Patient_747,Discharge,270830.6152574816,complete,,,,,,3776.9304365335265
Patient_748,Arrival,267274.9426520893,complete,,0.0,,,,
Patient_748,Origem_do Centro Cirurgico,267274.9426520893,complete,,,do Centro Cirurgico,267274.9426520893,,
Patient_748,CTI (CC),269912.3462308963,start,ctiBeds,0.0,,,,
Patient_748,CTI (CC),270031.21763147524,complete,ctiBeds,0.0,,,,
Patient_748,CTI prepara Encaminhamento,270031.21763147524,start,,0.0,,,,
Patient_748,CTI prepara Encaminhamento,270078.31941542623,complete,,0.0,,,,
Patient_748,Encaminha_para a Clinica Medica,270078.31941542623,complete,,,para a Clinica Medica,270078.31941542623,,
Patient_748,Discharge,270078.31941542623,complete,,,,,,2803.3767633369425
Patient_749,Arrival,267358.49030244385,complete,,0.0,,,,
Patient_749,Origem_do Centro Cirurgico,267358.49030244385,complete,,,do Centro Cirurgico,267358.49030244385,,
Patient_749,CTI (CC),270031.21763147524,start,ctiBeds,0.0,,,,
Patient_749,CTI (CC),291961.0072217911,complete,ctiBeds,0.0,,,,
Patient_749,CTI prepara Encaminhamento,291961.0072217911,start,,0.0,,,,
Patient_749,CTI prepara Encaminhamento,292017.8895460866,complete,,0.0,,,,
Patient_749,Encaminha_para a Clinica Cirurgica,292017.8895460866,complete,,,para a Clinica Cirurgica,292017.8895460866,,
Patient_749,Discharge,292017.8895460866,complete,,,,,,24659.39924364275
Patient_75,Arrival,20820.963136486385,complete,,0.0,,,,
Patient_75,Origem_do Centro Cirurgico,20820.963136486385,complete,,,do Centro Cirurgico,20820.963136486385,,
Patient_75,CTI (CC),20820.963136486385,start,ctiBeds,0.0,,,,
Patient_75,CTI (CC),21676.979259343036,complete,ctiBeds,0.0,,,,
Patient_75,CTI prepara Encaminhamento,21676.979259343036,start,,0.0,,,,
Patient_75,CTI prepara Encaminhamento,21707.097175527848,complete,,0.0,,,,
Patient_75,Encaminha_para a Clinica Cirurgica,21707.097175527848,complete,,,para a Clinica Cirurgica,21707.097175527848,,
Patient_75,Discharge,21707.097175527848,complete,,,,,,886.1340390414625
Patient_750,Arrival,267402.63080334984,complete,,0.0,,,,
Patient_750,Origem_do Pronto Socorro,267402.63080334984,complete,,,do Pronto Socorro,267402.63080334984,,
Patient_750,CTI (PS),270258.7911795385,start,ctiBeds,0.0,,,,
Patient_750,CTI (PS),280275.5818476371,complete,ctiBeds,0.0,,,,
Patient_750,CTI prepara Encaminhamento,280275.5818476371,start,,0.0,,,,
Patient_750,CTI prepara Encaminhamento,280314.73018544493,complete,,0.0,,,,
Patient_750,Encaminha_para a Clinica Medica,280314.73018544493,complete,,,para a Clinica Medica,280314.73018544493,,
Patient_750,Discharge,280314.73018544493,complete,,,,,,12912.099382095097
Patient_751,Arrival,267431.3701842093,complete,,0.0,,,,
Patient_751,Origem_do Centro Cirurgico,267431.3701842093,complete,,,do Centro Cirurgico,267431.3701842093,,
Patient_751,CTI (CC),270502.9757825339,start,ctiBeds,0.0,,,,
Patient_751,CTI (CC),273847.43413346633,complete,ctiBeds,0.0,,,,
Patient_751,CTI prepara Encaminhamento,273847.43413346633,start,,0.0,,,,
Patient_751,CTI prepara Encaminhamento,273878.64969935565,complete,,0.0,,,,
Patient_751,Encaminha_para a Clinica Medica,273878.64969935565,complete,,,para a Clinica Medica,273878.64969935565,,
Patient_751,Discharge,273878.64969935565,complete,,,,,,6447.279515146336
Patient_752,Arrival,267574.5138276196,complete,,0.0,,,,
Patient_752,Origem_do Pronto Socorro,267574.5138276196,complete,,,do Pronto Socorro,267574.5138276196,,
Patient_752,CTI (PS),270795.3802570413,start,ctiBeds,0.0,,,,
Patient_752,CTI (PS),275546.602396486,complete,ctiBeds,0.0,,,,
Patient_752,CTI prepara Encaminhamento,275546.602396486,start,,0.0,,,,
Patient_752,CTI prepara Encaminhamento,275591.9446632752,complete,,0.0,,,,
Patient_752,Encaminha_para a Clinica Cirurgica,275591.9446632752,complete,,,para a Clinica Cirurgica,275591.9446632752,,
Patient_752,Discharge,275591.9446632752,complete,,,,,,8017.430835655599
Patient_753,Arrival,269060.4705725045,complete,,0.0,,,,
Patient_753,Origem_do Centro Cirurgico,269060.4705725045,complete,,,do Centro Cirurgico,269060.4705725045,,
Patient_753,CTI (CC),271320.7162191164,start,ctiBeds,0.0,,,,
Patient_753,CTI (CC),271697.0258031883,complete,ctiBeds,0.0,,,,
Patient_753,CTI prepara Encaminhamento,271697.0258031883,start,,0.0,,,,
Patient_753,CTI prepara Encaminhamento,271743.797015414,complete,,0.0,,,,
Patient_753,Encaminha_para a Clinica Cirurgica,271743.797015414,complete,,,para a Clinica Cirurgica,271743.797015414,,
Patient_753,Discharge,271743.797015414,complete,,,,,,2683.326442909485
Patient_754,Arrival,269074.2365863896,complete,,0.0,,,,
Patient_754,Origem_do Pronto Socorro,269074.2365863896,complete,,,do Pronto Socorro,269074.2365863896,,
Patient_754,CTI (PS),271512.8988900427,start,ctiBeds,0.0,,,,
Patient_754,CTI (PS),300575.6296460517,complete,ctiBeds,0.0,,,,
Patient_754,CTI prepara Encaminhamento,300575.6296460517,start,,0.0,,,,
Patient_754,CTI prepara Encaminhamento,300626.85246496106,complete,,0.0,,,,
Patient_754,Encaminha_Obito,300626.85246496106,complete,,,Obito,300626.85246496106,,
Patient_754,Discharge,300626.85246496106,complete,,,,,,31552.615878571465
Patient_755,Arrival,269598.6957987706,complete,,0.0,,,,
Patient_755,Origem_do Pronto Socorro,269598.6957987706,complete,,,do Pronto Socorro,269598.6957987706,,
Patient_755,CTI (PS),271697.0258031883,start,ctiBeds,0.0,,,,
Patient_755,CTI (PS),273053.8686340716,complete,ctiBeds,0.0,,,,
Patient_755,CTI prepara Encaminhamento,273053.8686340716,start,,0.0,,,,
Patient_755,CTI prepara Encaminhamento,273110.7578412868,complete,,0.0,,,,
Patient_755,Encaminha_para a Clinica Cirurgica,273110.7578412868,complete,,,para a Clinica Cirurgica,273110.7578412868,,
Patient_755,Discharge,273110.7578412868,complete,,,,,,3512.0620425161906
Patient_756,Arrival,269942.3875373041,complete,,0.0,,,,
Patient_756,Origem_do Centro Cirurgico,269942.3875373041,complete,,,do Centro Cirurgico,269942.3875373041,,
Patient_756,CTI (CC),271964.94181998423,start,ctiBeds,0.0,,,,
Patient_756,CTI (CC),274415.2909730472,complete,ctiBeds,0.0,,,,
Patient_756,CTI prepara Encaminhamento,274415.2909730472,start,,0.0,,,,
Patient_756,CTI prepara Encaminhamento,274453.099815161,complete,,0.0,,,,
Patient_756,Encaminha_para a Clinica Medica,274453.099815161,complete,,,para a Clinica Medica,274453.099815161,,
Patient_756,Discharge,274453.099815161,complete,,,,,,4510.7122778569465
Patient_757,Arrival,270021.3772504939,complete,,0.0,,,,
Patient_757,Origem_do Pronto Socorro,270021.3772504939,complete,,,do Pronto Socorro,270021.3772504939,,
Patient_757,CTI (PS),272498.76211818506,start,ctiBeds,0.0,,,,
Patient_757,CTI (PS),275096.3702046595,complete,ctiBeds,0.0,,,,
Patient_757,CTI prepara Encaminhamento,275096.3702046595,start,,0.0,,,,
Patient_757,CTI prepara Encaminhamento,275153.5583014345,complete,,0.0,,,,
Patient_757,Encaminha_para a Clinica Medica,275153.5583014345,complete,,,para a Clinica Medica,275153.5583014345,,
Patient_757,Discharge,275153.5583014345,complete,,,,,,5132.181050940591
Patient_758,Arrival,270039.0664002495,complete,,0.0,,,,
Patient_758,Origem_do Centro Cirurgico,270039.0664002495,complete,,,do Centro Cirurgico,270039.0664002495,,
Patient_758,CTI (CC),272641.0023164589,start,ctiBeds,0.0,,,,
Patient_758,CTI (CC),288933.5722890583,complete,ctiBeds,0.0,,,,
Patient_758,CTI prepara Encaminhamento,288933.5722890583,start,,0.0,,,,
Patient_758,CTI prepara Encaminhamento,288963.8465006426,complete,,0.0,,,,
Patient_758,Encaminha_Obito,288963.8465006426,complete,,,Obito,288963.8465006426,,
Patient_758,Discharge,288963.8465006426,complete,,,,,,18924.78010039311
Patient_759,Arrival,270358.6873021309,complete,,0.0,,,,
Patient_759,Origem_do Centro Cirurgico,270358.6873021309,complete,,,do Centro Cirurgico,270358.6873021309,,
Patient_759,CTI (CC),272760.2680740511,start,ctiBeds,0.0,,,,
Patient_759,CTI (CC),279979.5360263395,complete,ctiBeds,0.0,,,,
Patient_759,CTI prepara Encaminhamento,279979.5360263395,start,,0.0,,,,
Patient_759,CTI prepara Encaminhamento,280022.6109023699,complete,,0.0,,,,
Patient_759,Encaminha_para a Clinica Cirurgica,280022.6109023699,complete,,,para a Clinica Cirurgica,280022.6109023699,,
Patient_759,Discharge,280022.6109023699,complete,,,,,,9663.92360023898
Patient_76,Arrival,21372.249470240902,complete,,0.0,,,,
Patient_76,Origem_da Clinica Medica,21372.249470240902,complete,,,da Clinica Medica,21372.249470240902,,
Patient_76,CTI (CLIM),21372.249470240902,start,ctiBeds,0.0,,,,
Patient_76,CTI (CLIM),23945.236430835663,complete,ctiBeds,0.0,,,,
Patient_76,CTI prepara Encaminhamento,23945.236430835663,start,,0.0,,,,
Patient_76,CTI prepara Encaminhamento,23985.3211630367,complete,,0.0,,,,
Patient_76,Encaminha_Obito,23985.3211630367,complete,,,Obito,23985.3211630367,,
Patient_76,Discharge,23985.3211630367,complete,,,,,,2613.0716927957983
Patient_760,Arrival,270579.98207214323,complete,,0.0,,,,
Patient_760,Origem_do Pronto Socorro,270579.98207214323,complete,,,do Pronto Socorro,270579.98207214323,,
Patient_760,CTI (PS),272766.8445886864,start,ctiBeds,0.0,,,,
Patient_760,CTI (PS),280772.1792809713,complete,ctiBeds,0.0,,,,
Patient_760,CTI prepara Encaminhamento,280772.1792809713,start,,0.0,,,,
Patient_760,CTI prepara Encaminhamento,280830.6646388925,complete,,0.0,,,,
Patient_760,Encaminha_Obito,280830.6646388925,complete,,,Obito,280830.6646388925,,
Patient_760,Discharge,280830.6646388925,complete,,,,,,10250.682566749281
Patient_761,Arrival,270615.3304806076,complete,,0.0,,,,
Patient_761,Origem_da Clinica Cirurgica,270615.3304806076,complete,,,da Clinica Cirurgica,270615.3304806076,,
Patient_761,CTI (CLIC),273053.8686340716,start,ctiBeds,0.0,,,,
Patient_761,CTI (CLIC),279676.35534413025,complete,ctiBeds,0.0,,,,
Patient_761,CTI prepara Encaminhamento,279676.35534413025,start,,0.0,,,,
Patient_761,CTI prepara Encaminhamento,279709.3725493215,complete,,0.0,,,,
Patient_761,Encaminha_para a Clinica Medica,279709.3725493215,complete,,,para a Clinica Medica,279709.3725493215,,
Patient_761,Discharge,279709.3725493215,complete,,,,,,9094.042068713927
Patient_762,Arrival,270683.72668645537,complete,,0.0,,,,
Patient_762,Origem_da Clinica Medica,270683.72668645537,complete,,,da Clinica Medica,270683.72668645537,,
Patient_762,CTI (CLIM),273847.43413346633,start,ctiBeds,0.0,,,,
Patient_762,CTI (CLIM),281613.25217970874,complete,ctiBeds,0.0,,,,
Patient_762,CTI prepara Encaminhamento,281613.25217970874,start,,0.0,,,,
Patient_762,CTI prepara Encaminhamento,281668.85970180295,complete,,0.0,,,,
Patient_762,Encaminha_Obito,281668.85970180295,complete,,,Obito,281668.85970180295,,
Patient_762,Discharge,281668.85970180295,complete,,,,,,10985.133015347586
Patient_763,Arrival,271021.7558084766,complete,,0.0,,,,
Patient_763,Origem_do Pronto Socorro,271021.7558084766,complete,,,do Pronto Socorro,271021.7558084766,,
Patient_763,CTI (PS),274415.2909730472,start,ctiBeds,0.0,,,,
Patient_763,CTI (PS),274691.86946758634,complete,ctiBeds,0.0,,,,
Patient_763,CTI prepara Encaminhamento,274691.86946758634,start,,0.0,,,,
Patient_763,CTI prepara Encaminhamento,274725.2285920619,complete,,0.0,,,,
Patient_763,Encaminha_para a Clinica Cirurgica,274725.2285920619,complete,,,para a Clinica Cirurgica,274725.2285920619,,
Patient_763,Discharge,274725.2285920619,complete,,,,,,3703.472783585312
Patient_764,Arrival,271067.83315443405,complete,,0.0,,,,
Patient_764,Origem_do Centro Cirurgico,271067.83315443405,complete,,,do Centro Cirurgico,271067.83315443405,,
Patient_764,CTI (CC),274691.86946758634,start,ctiBeds,0.0,,,,
Patient_764,CTI (CC),277697.68605832796,complete,ctiBeds,0.0,,,,
Patient_764,CTI prepara Encaminhamento,277697.68605832796,start,,0.0,,,,
Patient_764,CTI prepara Encaminhamento,277735.5867958386,complete,,0.0,,,,
Patient_764,Encaminha_para a Clinica Cirurgica,277735.5867958386,complete,,,para a Clinica Cirurgica,277735.5867958386,,
Patient_764,Discharge,277735.5867958386,complete,,,,,,6667.753641404561
Patient_765,Arrival,271416.85699324345,complete,,0.0,,,,
Patient_765,Origem_do Centro Cirurgico,271416.85699324345,complete,,,do Centro Cirurgico,271416.85699324345,,
Patient_765,CTI (CC),275096.3702046595,start,ctiBeds,0.0,,,,
Patient_765,CTI (CC),280400.28632916376,complete,ctiBeds,0.0,,,,
Patient_765,CTI prepara Encaminhamento,280400.28632916376,start,,0.0,,,,
Patient_765,CTI prepara Encaminhamento,280441.4533513799,complete,,0.0,,,,
Patient_765,Encaminha_para a Clinica Cirurgica,280441.4533513799,complete,,,para a Clinica Cirurgica,280441.4533513799,,
Patient_765,Discharge,280441.4533513799,complete,,,,,,9024.596358136449
Patient_766,Arrival,271785.78041912365,complete,,0.0,,,,
Patient_766,Origem_do Centro Cirurgico,271785.78041912365,complete,,,do Centro Cirurgico,271785.78041912365,,
Patient_766,CTI (CC),275546.602396486,start,ctiBeds,0.0,,,,
Patient_766,CTI (CC),277133.29390627495,complete,ctiBeds,0.0,,,,
Patient_766,CTI prepara Encaminhamento,277133.29390627495,start,,0.0,,,,
Patient_766,CTI prepara Encaminhamento,277183.689875758,complete,,0.0,,,,
Patient_766,Encaminha_Obito,277183.689875758,complete,,,Obito,277183.689875758,,
Patient_766,Discharge,277183.689875758,complete,,,,,,5397.90945663437
Patient_767,Arrival,271814.592513379,complete,,0.0,,,,
Patient_767,Origem_do Pronto Socorro,271814.592513379,complete,,,do Pronto Socorro,271814.592513379,,
Patient_767,CTI (PS),275665.78621773794,start,ctiBeds,0.0,,,,
Patient_767,CTI (PS),283931.6933797854,complete,ctiBeds,0.0,,,,
Patient_767,CTI prepara Encaminhamento,283931.6933797854,start,,0.0,,,,
Patient_767,CTI prepara Encaminhamento,283984.22767963435,complete,,0.0,,,,
Patient_767,Encaminha_para a Clinica Medica,283984.22767963435,complete,,,para a Clinica Medica,283984.22767963435,,
Patient_767,Discharge,283984.22767963435,complete,,,,,,12169.63516625535
Patient_768,Arrival,272232.70980078966,complete,,0.0,,,,
Patient_768,Origem_da Clinica Cirurgica,272232.70980078966,complete,,,da Clinica Cirurgica,272232.70980078966,,
Patient_768,CTI (CLIC),277133.29390627495,start,ctiBeds,0.0,,,,
Patient_768,CTI (CLIC),302603.5002603518,complete,ctiBeds,0.0,,,,
Patient_768,CTI prepara Encaminhamento,302603.5002603518,start,,0.0,,,,
Patient_768,CTI prepara Encaminhamento,302652.563125872,complete,,0.0,,,,
Patient_768,Encaminha_para a Clinica Medica,302652.563125872,complete,,,para a Clinica Medica,302652.563125872,,
Patient_768,Discharge,302652.563125872,complete,,,,,,30419.85332508234
Patient_769,Arrival,272530.7019939732,complete,,0.0,,,,
Patient_769,Origem_da Maternidade,272530.7019939732,complete,,,da Maternidade,272530.7019939732,,
Patient_769,CTI (MAT),277134.0212227738,start,ctiBeds,0.0,,,,
Patient_769,CTI (MAT),278726.5681542024,complete,ctiBeds,0.0,,,,
Patient_769,CTI prepara Encaminhamento,278726.5681542024,start,,0.0,,,,
Patient_769,CTI prepara Encaminhamento,278785.45450585656,complete,,0.0,,,,
Patient_769,Encaminha_Obito,278785.45450585656,complete,,,Obito,278785.45450585656,,
Patient_769,Discharge,278785.45450585656,complete,,,,,,6254.752511883329
Patient_77,Arrival,21735.865338525964,complete,,0.0,,,,
Patient_77,Origem_do Pronto Socorro,21735.865338525964,complete,,,do Pronto Socorro,21735.865338525964,,
Patient_77,CTI (PS),21735.865338525964,start,ctiBeds,0.0,,,,
Patient_77,CTI (PS),22827.067432293734,complete,ctiBeds,0.0,,,,
Patient_77,CTI prepara Encaminhamento,22827.067432293734,start,,0.0,,,,
Patient_77,CTI prepara Encaminhamento,22870.469582504662,complete,,0.0,,,,
Patient_77,Encaminha_para a Clinica Medica,22870.469582504662,complete,,,para a Clinica Medica,22870.469582504662,,
Patient_77,Discharge,22870.469582504662,complete,,,,,,1134.604243978698
Patient_770,Arrival,272941.4758901812,complete,,0.0,,,,
Patient_770,Origem_do Pronto Socorro,272941.4758901812,complete,,,do Pronto Socorro,272941.4758901812,,
Patient_770,CTI (PS),277697.68605832796,start,ctiBeds,0.0,,,,
Patient_770,CTI (PS),278194.8957018803,complete,ctiBeds,0.0,,,,
Patient_770,CTI prepara Encaminhamento,278194.8957018803,start,,0.0,,,,
Patient_770,CTI prepara Encaminhamento,278246.390467833,complete,,0.0,,,,
Patient_770,Encaminha_para a Clinica Cirurgica,278246.390467833,complete,,,para a Clinica Cirurgica,278246.390467833,,
Patient_770,Discharge,278246.390467833,complete,,,,,,5304.914577651769
Patient_771,Arrival,273265.4400577767,complete,,0.0,,,,
Patient_771,Origem_do Centro Cirurgico,273265.4400577767,complete,,,do Centro Cirurgico,273265.4400577767,,
Patient_771,CTI (CC),277864.07837462873,start,ctiBeds,0.0,,,,
Patient_771,CTI (CC),278350.12757634715,complete,ctiBeds,0.0,,,,
Patient_771,CTI prepara Encaminhamento,278350.12757634715,start,,0.0,,,,
Patient_771,CTI prepara Encaminhamento,278397.3319193431,complete,,0.0,,,,
Patient_771,Encaminha_para a Clinica Medica,278397.3319193431,complete,,,para a Clinica Medica,278397.3319193431,,
Patient_771,Discharge,278397.3319193431,complete,,,,,,5131.891861566401
Patient_772,Arrival,273522.8390008622,complete,,0.0,,,,
Patient_772,Origem_da Clinica Medica,273522.8390008622,complete,,,da Clinica Medica,273522.8390008622,,
Patient_772,CTI (CLIM),278194.8957018803,start,ctiBeds,0.0,,,,
Patient_772,CTI (CLIM),293667.9225205587,complete,ctiBeds,0.0,,,,
Patient_772,CTI prepara Encaminhamento,293667.9225205587,start,,0.0,,,,
Patient_772,CTI prepara Encaminhamento,293720.5749293921,complete,,0.0,,,,
Patient_772,Encaminha_para a Clinica Medica,293720.5749293921,complete,,,para a Clinica Medica,293720.5749293921,,
Patient_772,Discharge,293720.5749293921,complete,,,,,,20197.735928529873
Patient_773,Arrival,273569.93600871525,complete,,0.0,,,,
Patient_773,Origem_do Centro Cirurgico,273569.93600871525,complete,,,do Centro Cirurgico,273569.93600871525,,
Patient_773,CTI (CC),278346.5154472623,start,ctiBeds,0.0,,,,
Patient_773,CTI (CC),280284.6228219572,complete,ctiBeds,0.0,,,,
Patient_773,CTI prepara Encaminhamento,280284.6228219572,start,,0.0,,,,
Patient_773,CTI prepara Encaminhamento,280323.1044590436,complete,,0.0,,,,
Patient_773,Encaminha_para a Maternidade,280323.1044590436,complete,,,para a Maternidade,280323.1044590436,,
Patient_773,Discharge,280323.1044590436,complete,,,,,,6753.168450328347
Patient_774,Arrival,273630.681487758,complete,,0.0,,,,
Patient_774,Origem_do Centro Cirurgico,273630.681487758,complete,,,do Centro Cirurgico,273630.681487758,,
Patient_774,CTI (CC),278350.12757634715,start,ctiBeds,0.0,,,,
Patient_774,CTI (CC),281964.625353479,complete,ctiBeds,0.0,,,,
Patient_774,CTI prepara Encaminhamento,281964.625353479,start,,0.0,,,,
Patient_774,CTI prepara Encaminhamento,281998.6815655127,complete,,0.0,,,,
Patient_774,Encaminha_Obito,281998.6815655127,complete,,,Obito,281998.6815655127,,
Patient_774,Discharge,281998.6815655127,complete,,,,,,8368.000077754725
Patient_775,Arrival,273749.84232012933,complete,,0.0,,,,
Patient_775,Origem_do Pronto Socorro,273749.84232012933,complete,,,do Pronto Socorro,273749.84232012933,,
Patient_775,CTI (PS),278726.5681542024,start,ctiBeds,0.0,,,,
Patient_775,CTI (PS),297295.8220018504,complete,ctiBeds,0.0,,,,
Patient_775,CTI prepara Encaminhamento,297295.8220018504,start,,0.0,,,,
Patient_775,CTI prepara Encaminhamento,297334.0055556961,complete,,0.0,,,,
Patient_775,Encaminha_para a Clinica Medica,297334.0055556961,complete,,,para a Clinica Medica,297334.0055556961,,
Patient_775,Discharge,297334.0055556961,complete,,,,,,23584.163235566753
Patient_776,Arrival,274172.204890512,complete,,0.0,,,,
Patient_776,Origem_do Centro Cirurgico,274172.204890512,complete,,,do Centro Cirurgico,274172.204890512,,
Patient_776,CTI (CC),279391.5157979034,start,ctiBeds,0.0,,,,
Patient_776,CTI (CC),287757.6371605765,complete,ctiBeds,0.0,,,,
Patient_776,CTI prepara Encaminhamento,287757.6371605765,start,,0.0,,,,
Patient_776,CTI prepara Encaminhamento,287792.21251210326,complete,,0.0,,,,
Patient_776,Encaminha_para a Clinica Medica,287792.21251210326,complete,,,para a Clinica Medica,287792.21251210326,,
Patient_776,Discharge,287792.21251210326,complete,,,,,,13620.00762159127
Patient_777,Arrival,274174.78099253005,complete,,0.0,,,,
Patient_777,Origem_do Centro Cirurgico,274174.78099253005,complete,,,do Centro Cirurgico,274174.78099253005,,
Patient_777,CTI (CC),279676.35534413025,start,ctiBeds,0.0,,,,
Patient_777,CTI (CC),292826.562161363,complete,ctiBeds,0.0,,,,
Patient_777,CTI prepara Encaminhamento,292826.562161363,start,,0.0,,,,
Patient_777,CTI prepara Encaminhamento,292873.00919785496,complete,,0.0,,,,
Patient_777,Encaminha_para a Clinica Medica,292873.00919785496,complete,,,para a Clinica Medica,292873.00919785496,,
Patient_777,Discharge,292873.00919785496,complete,,,,,,18698.228205324907
Patient_778,Arrival,274335.38041742565,complete,,0.0,,,,
Patient_778,Origem_do Centro Cirurgico,274335.38041742565,complete,,,do Centro Cirurgico,274335.38041742565,,
Patient_778,CTI (CC),279979.5360263395,start,ctiBeds,0.0,,,,
Patient_778,CTI (CC),291659.0595091414,complete,ctiBeds,0.0,,,,
Patient_778,CTI prepara Encaminhamento,291659.0595091414,start,,0.0,,,,
Patient_778,CTI prepara Encaminhamento,291699.82851489,complete,,0.0,,,,
Patient_778,Encaminha_para a Clinica Medica,291699.82851489,complete,,,para a Clinica Medica,291699.82851489,,
Patient_778,Discharge,291699.82851489,complete,,,,,,17364.448097464337
Patient_779,Arrival,274397.9953060819,complete,,0.0,,,,
Patient_779,Origem_do Pronto Socorro,274397.9953060819,complete,,,do Pronto Socorro,274397.9953060819,,
Patient_779,CTI (PS),280275.5818476371,start,ctiBeds,0.0,,,,
Patient_779,CTI (PS),296744.6925242212,complete,ctiBeds,0.0,,,,
Patient_779,CTI prepara Encaminhamento,296744.6925242212,start,,0.0,,,,
Patient_779,CTI prepara Encaminhamento,296792.7620763389,complete,,0.0,,,,
Patient_779,Encaminha_para a Clinica Medica,296792.7620763389,complete,,,para a Clinica Medica,296792.7620763389,,
Patient_779,Discharge,296792.7620763389,complete,,,,,,22394.766770257032
Patient_78,Arrival,21834.258261510473,complete,,0.0,,,,
Patient_78,Origem_do Centro Cirurgico,21834.258261510473,complete,,,do Centro Cirurgico,21834.258261510473,,
Patient_78,CTI (CC),21834.258261510473,start,ctiBeds,0.0,,,,
Patient_78,CTI (CC),33631.68148518167,complete,ctiBeds,0.0,,,,
Patient_78,CTI prepara Encaminhamento,33631.68148518167,start,,0.0,,,,
Patient_78,CTI prepara Encaminhamento,33685.257094212604,complete,,0.0,,,,
Patient_78,Encaminha_Obito,33685.257094212604,complete,,,Obito,33685.257094212604,,
Patient_78,Discharge,33685.257094212604,complete,,,,,,11850.998832702131
Patient_780,Arrival,274462.8799404861,complete,,0.0,,,,
Patient_780,Origem_do Pronto Socorro,274462.8799404861,complete,,,do Pronto Socorro,274462.8799404861,,
Patient_780,CTI (PS),280284.6228219572,start,ctiBeds,0.0,,,,
Patient_780,CTI (PS),291185.15173278656,complete,ctiBeds,0.0,,,,
Patient_780,CTI prepara Encaminhamento,291185.15173278656,start,,0.0,,,,
Patient_780,CTI prepara Encaminhamento,291231.91401114746,complete,,0.0,,,,
Patient_780,Encaminha_para a Clinica Cirurgica,291231.91401114746,complete,,,para a Clinica Cirurgica,291231.91401114746,,
Patient_780,Discharge,291231.91401114746,complete,,,,,,16769.03407066135
Patient_781,Arrival,274504.12157126836,complete,,0.0,,,,
Patient_781,Origem_do Pronto Socorro,274504.12157126836,complete,,,do Pronto Socorro,274504.12157126836,,
Patient_781,CTI (PS),280400.28632916376,start,ctiBeds,0.0,,,,
Patient_781,CTI (PS),307169.8999745927,complete,ctiBeds,0.0,,,,
Patient_781,CTI prepara Encaminhamento,307169.8999745927,start,,0.0,,,,
Patient_781,CTI prepara Encaminhamento,307227.2105077873,complete,,0.0,,,,
Patient_781,Encaminha_para a Clinica Medica,307227.2105077873,complete,,,para a Clinica Medica,307227.2105077873,,
Patient_781,Discharge,307227.2105077873,complete,,,,,,32723.088936518936
Patient_782,Arrival,274767.2137394014,complete,,0.0,,,,
Patient_782,Origem_do Pronto Socorro,274767.2137394014,complete,,,do Pronto Socorro,274767.2137394014,,
Patient_782,CTI (PS),280652.8019551648,start,ctiBeds,0.0,,,,
Patient_782,CTI (PS),282286.3136323433,complete,ctiBeds,0.0,,,,
Patient_782,CTI prepara Encaminhamento,282286.3136323433,start,,0.0,,,,
Patient_782,CTI prepara Encaminhamento,282329.7681896609,complete,,0.0,,,,
Patient_782,Encaminha_para a Clinica Medica,282329.7681896609,complete,,,para a Clinica Medica,282329.7681896609,,
Patient_782,Discharge,282329.7681896609,complete,,,,,,7562.554450259486
Patient_783,Arrival,274896.7854853341,complete,,0.0,,,,
Patient_783,Origem_da Clinica Medica,274896.7854853341,complete,,,da Clinica Medica,274896.7854853341,,
Patient_783,CTI (CLIM),280772.1792809713,start,ctiBeds,0.0,,,,
Patient_783,CTI (CLIM),294436.49189422996,complete,ctiBeds,0.0,,,,
Patient_783,CTI prepara Encaminhamento,294436.49189422996,start,,0.0,,,,
Patient_783,CTI prepara Encaminhamento,294470.31063508656,complete,,0.0,,,,
Patient_783,Encaminha_para a Clinica Cirurgica,294470.31063508656,complete,,,para a Clinica Cirurgica,294470.31063508656,,
Patient_783,Discharge,294470.31063508656,complete,,,,,,19573.525149752444
Patient_784,Arrival,274915.8091774077,complete,,0.0,,,,
Patient_784,Origem_do Pronto Socorro,274915.8091774077,complete,,,do Pronto Socorro,274915.8091774077,,
Patient_784,CTI (PS),281613.25217970874,start,ctiBeds,0.0,,,,
Patient_784,CTI (PS),292878.6805983953,complete,ctiBeds,0.0,,,,
Patient_784,CTI prepara Encaminhamento,292878.6805983953,start,,0.0,,,,
Patient_784,CTI prepara Encaminhamento,292909.69875173253,complete,,0.0,,,,
Patient_784,Encaminha_Obito,292909.69875173253,complete,,,Obito,292909.69875173253,,
Patient_784,Discharge,292909.69875173253,complete,,,,,,17993.88957432483
Patient_785,Arrival,275644.40510293766,complete,,0.0,,,,
Patient_785,Origem_do Pronto Socorro,275644.40510293766,complete,,,do Pronto Socorro,275644.40510293766,,
Patient_785,CTI (PS),281964.625353479,start,ctiBeds,0.0,,,,
Patient_785,CTI (PS),302131.6451670581,complete,ctiBeds,0.0,,,,
Patient_785,CTI prepara Encaminhamento,302131.6451670581,start,,0.0,,,,
Patient_785,CTI prepara Encaminhamento,302181.76993789047,complete,,0.0,,,,
Patient_785,Encaminha_para a Clinica Cirurgica,302181.76993789047,complete,,,para a Clinica Cirurgica,302181.76993789047,,
Patient_785,Discharge,302181.76993789047,complete,,,,,,26537.36483495281
Patient_786,Arrival,275997.26691667445,complete,,0.0,,,,
Patient_786,Origem_do Pronto Socorro,275997.26691667445,complete,,,do Pronto Socorro,275997.26691667445,,
Patient_786,CTI (PS),282286.3136323433,start,ctiBeds,0.0,,,,
Patient_786,CTI (PS),291076.3535228275,complete,ctiBeds,0.0,,,,
Patient_786,CTI prepara Encaminhamento,291076.3535228275,start,,0.0,,,,
Patient_786,CTI prepara Encaminhamento,291110.3663468772,complete,,0.0,,,,
Patient_786,Encaminha_para a Clinica Cirurgica,291110.3663468772,complete,,,para a Clinica Cirurgica,291110.3663468772,,
Patient_786,Discharge,291110.3663468772,complete,,,,,,15113.09943020274
Patient_787,Arrival,276313.63267370255,complete,,0.0,,,,
Patient_787,Origem_do Pronto Socorro,276313.63267370255,complete,,,do Pronto Socorro,276313.63267370255,,
Patient_787,CTI (PS),282695.3317413739,start,ctiBeds,0.0,,,,
Patient_787,CTI (PS),293813.1987957449,complete,ctiBeds,0.0,,,,
Patient_787,CTI prepara Encaminhamento,293813.1987957449,start,,0.0,,,,
Patient_787,CTI prepara Encaminhamento,293844.5242612518,complete,,0.0,,,,
Patient_787,Encaminha_para a Clinica Medica,293844.5242612518,complete,,,para a Clinica Medica,293844.5242612518,,
Patient_787,Discharge,293844.5242612518,complete,,,,,,17530.89158754924
Patient_788,Arrival,277952.51205701166,complete,,0.0,,,,
Patient_788,Origem_do Pronto Socorro,277952.51205701166,complete,,,do Pronto Socorro,277952.51205701166,,
Patient_788,CTI (PS),283010.51646373124,start,ctiBeds,0.0,,,,
Patient_788,CTI (PS),292333.8472241948,complete,ctiBeds,0.0,,,,
Patient_788,CTI prepara Encaminhamento,292333.8472241948,start,,0.0,,,,
Patient_788,CTI prepara Encaminhamento,292382.78254361247,complete,,0.0,,,,
Patient_788,Encaminha_Obito,292382.78254361247,complete,,,Obito,292382.78254361247,,
Patient_788,Discharge,292382.78254361247,complete,,,,,,14430.270486600813
Patient_789,Arrival,278050.5088806809,complete,,0.0,,,,
Patient_789,Origem_do Centro Cirurgico,278050.5088806809,complete,,,do Centro Cirurgico,278050.5088806809,,
Patient_789,CTI (CC),283931.6933797854,start,ctiBeds,0.0,,,,
Patient_789,CTI (CC),288909.2795200987,complete,ctiBeds,0.0,,,,
Patient_789,CTI prepara Encaminhamento,288909.2795200987,start,,0.0,,,,
Patient_789,CTI prepara Encaminhamento,288967.01110770524,complete,,0.0,,,,
Patient_789,Encaminha_para a Maternidade,288967.01110770524,complete,,,para a Maternidade,288967.01110770524,,
Patient_789,Discharge,288967.01110770524,complete,,,,,,10916.50222702435
Patient_79,Arrival,21914.557314011316,complete,,0.0,,,,
Patient_79,Origem_do Pronto Socorro,21914.557314011316,complete,,,do Pronto Socorro,21914.557314011316,,
Patient_79,CTI (PS),22103.027134127824,start,ctiBeds,0.0,,,,
Patient_79,CTI (PS),29805.225968642248,complete,ctiBeds,0.0,,,,
Patient_79,CTI prepara Encaminhamento,29805.225968642248,start,,0.0,,,,
Patient_79,CTI prepara Encaminhamento,29839.951731075005,complete,,0.0,,,,
Patient_79,Encaminha_para a Maternidade,29839.951731075005,complete,,,para a Maternidade,29839.951731075005,,
Patient_79,Discharge,29839.951731075005,complete,,,,,,7925.39441706369
Patient_790,Arrival,279505.8940571121,complete,,0.0,,,,
Patient_790,Origem_do Centro Cirurgico,279505.8940571121,complete,,,do Centro Cirurgico,279505.8940571121,,
Patient_790,CTI (CC),284486.46486835583,start,ctiBeds,0.0,,,,
Patient_790,CTI (CC),289679.2357265138,complete,ctiBeds,0.0,,,,
Patient_790,CTI prepara Encaminhamento,289679.2357265138,start,,0.0,,,,
Patient_790,CTI prepara Encaminhamento,289733.6174110771,complete,,0.0,,,,
Patient_790,Encaminha_para a Clinica Medica,289733.6174110771,complete,,,para a Clinica Medica,289733.6174110771,,
Patient_790,Discharge,289733.6174110771,complete,,,,,,10227.723353964975
Patient_791,Arrival,280224.01960411586,complete,,0.0,,,,
Patient_791,Origem_do Pronto Socorro,280224.01960411586,complete,,,do Pronto Socorro,280224.01960411586,,
Patient_791,CTI (PS),284899.81822555163,start,ctiBeds,0.0,,,,
Patient_791,CTI (PS),290586.20279593836,complete,ctiBeds,0.0,,,,
Patient_791,CTI prepara Encaminhamento,290586.20279593836,start,,0.0,,,,
Patient_791,CTI prepara Encaminhamento,290643.0814529493,complete,,0.0,,,,
Patient_791,Encaminha_para a Clinica Medica,290643.0814529493,complete,,,para a Clinica Medica,290643.0814529493,,
Patient_791,Discharge,290643.0814529493,complete,,,,,,10419.061848833458
Patient_792,Arrival,280969.26686128695,complete,,0.0,,,,
Patient_792,Origem_da Clinica Medica,280969.26686128695,complete,,,da Clinica Medica,280969.26686128695,,
Patient_792,CTI (CLIM),285243.8421457579,start,ctiBeds,0.0,,,,
Patient_792,CTI (CLIM),286446.39342381887,complete,ctiBeds,0.0,,,,
Patient_792,CTI prepara Encaminhamento,286446.39342381887,start,,0.0,,,,
Patient_792,CTI prepara Encaminhamento,286504.92195760325,complete,,0.0,,,,
Patient_792,Encaminha_para a Clinica Medica,286504.92195760325,complete,,,para a Clinica Medica,286504.92195760325,,
Patient_792,Discharge,286504.92195760325,complete,,,,,,5535.655096316303
Patient_793,Arrival,281047.41124922136,complete,,0.0,,,,
Patient_793,Origem_do Pronto Socorro,281047.41124922136,complete,,,do Pronto Socorro,281047.41124922136,,
Patient_793,CTI (PS),286446.39342381887,start,ctiBeds,0.0,,,,
Patient_793,CTI (PS),294396.2114410942,complete,ctiBeds,0.0,,,,
Patient_793,CTI prepara Encaminhamento,294396.2114410942,start,,0.0,,,,
Patient_793,CTI prepara Encaminhamento,294436.5017485486,complete,,0.0,,,,
Patient_793,Encaminha_Obito,294436.5017485486,complete,,,Obito,294436.5017485486,,
Patient_793,Discharge,294436.5017485486,complete,,,,,,13389.090499327227
Patient_794,Arrival,281801.6863045274,complete,,0.0,,,,
Patient_794,Origem_do Pronto Socorro,281801.6863045274,complete,,,do Pronto Socorro,281801.6863045274,,
Patient_794,CTI (PS),287757.6371605765,start,ctiBeds,0.0,,,,
Patient_794,CTI (PS),289682.13674081746,complete,ctiBeds,0.0,,,,
Patient_794,CTI prepara Encaminhamento,289682.13674081746,start,,0.0,,,,
Patient_794,CTI prepara Encaminhamento,289719.03269319487,complete,,0.0,,,,
Patient_794,Encaminha_para a Clinica Medica,289719.03269319487,complete,,,para a Clinica Medica,289719.03269319487,,
Patient_794,Discharge,289719.03269319487,complete,,,,,,7917.346388667473
Patient_795,Arrival,282134.9938792198,complete,,0.0,,,,
Patient_795,Origem_do Centro Cirurgico,282134.9938792198,complete,,,do Centro Cirurgico,282134.9938792198,,
Patient_795,CTI (CC),287968.55782309896,start,ctiBeds,0.0,,,,
Patient_795,CTI (CC),290351.30662508204,complete,ctiBeds,0.0,,,,
Patient_795,CTI prepara Encaminhamento,290351.30662508204,start,,0.0,,,,
Patient_795,CTI prepara Encaminhamento,290402.4518894789,complete,,0.0,,,,
Patient_795,Encaminha_para a Clinica Cirurgica,290402.4518894789,complete,,,para a Clinica Cirurgica,290402.4518894789,,
Patient_795,Discharge,290402.4518894789,complete,,,,,,8267.458010259084
Patient_796,Arrival,282143.1802817819,complete,,0.0,,,,
Patient_796,Origem_da Clinica Medica,282143.1802817819,complete,,,da Clinica Medica,282143.1802817819,,
Patient_796,CTI (CLIM),288909.2795200987,start,ctiBeds,0.0,,,,
Patient_796,CTI (CLIM),306499.8159385873,complete,ctiBeds,0.0,,,,
Patient_796,CTI prepara Encaminhamento,306499.8159385873,start,,0.0,,,,
Patient_796,CTI prepara Encaminhamento,306553.007658609,complete,,0.0,,,,
Patient_796,Encaminha_Transferencia Externa,306553.007658609,complete,,,Transferencia Externa,306553.007658609,,
Patient_796,Discharge,306553.007658609,complete,,,,,,24409.827376827132
Patient_797,Arrival,282353.69776899775,complete,,0.0,,,,
Patient_797,Origem_do Pronto Socorro,282353.69776899775,complete,,,do Pronto Socorro,282353.69776899775,,
Patient_797,CTI (PS),288933.5722890583,start,ctiBeds,0.0,,,,
Patient_797,CTI (PS),322846.0370517316,complete,ctiBeds,0.0,,,,
Patient_797,CTI prepara Encaminhamento,322846.0370517316,start,,0.0,,,,
Patient_797,CTI prepara Encaminhamento,322898.27019791026,complete,,0.0,,,,
Patient_797,Encaminha_para o Centro Cirurgico,322898.27019791026,complete,,,para o Centro Cirurgico,322898.27019791026,,
Patient_797,Discharge,322898.27019791026,complete,,,,,,40544.57242891251
Patient_798,Arrival,282359.04585044173,complete,,0.0,,,,
Patient_798,Origem_do Centro Cirurgico,282359.04585044173,complete,,,do Centro Cirurgico,282359.04585044173,,
Patient_798,CTI (CC),288974.1526779642,start,ctiBeds,0.0,,,,
Patient_798,CTI (CC),290286.5355931833,complete,ctiBeds,0.0,,,,
Patient_798,CTI prepara Encaminhamento,290286.5355931833,start,,0.0,,,,
Patient_798,CTI prepara Encaminhamento,290331.29469387897,complete,,0.0,,,,
Patient_798,Encaminha_para a Clinica Cirurgica,290331.29469387897,complete,,,para a Clinica Cirurgica,290331.29469387897,,
Patient_798,Discharge,290331.29469387897,complete,,,,,,7972.248843437235
Patient_799,Arrival,282686.36081470584,complete,,0.0,,,,
Patient_799,Origem_do Centro Cirurgico,282686.36081470584,complete,,,do Centro Cirurgico,282686.36081470584,,
Patient_799,CTI (CC),289679.2357265138,start,ctiBeds,0.0,,,,
Patient_799,CTI (CC),292097.87118181546,complete,ctiBeds,0.0,,,,
Patient_799,CTI prepara Encaminhamento,292097.87118181546,start,,0.0,,,,
Patient_799,CTI prepara Encaminhamento,292130.63277071,complete,,0.0,,,,
Patient_799,Encaminha_Obito,292130.63277071,complete,,,Obito,292130.63277071,,
Patient_799,Discharge,292130.63277071,complete,,,,,,9444.271956004144
Patient_8,Arrival,2041.8111440105774,complete,,0.0,,,,
Patient_8,Origem_do Centro Cirurgico,2041.8111440105774,complete,,,do Centro Cirurgico,2041.8111440105774,,
Patient_8,CTI (CC),2041.8111440105774,start,ctiBeds,0.0,,,,
Patient_8,CTI (CC),5860.1069270798,complete,ctiBeds,0.0,,,,
Patient_8,CTI prepara Encaminhamento,5860.1069270798,start,,0.0,,,,
Patient_8,CTI prepara Encaminhamento,5915.24299351484,complete,,0.0,,,,
Patient_8,Encaminha_para a Clinica Cirurgica,5915.24299351484,complete,,,para a Clinica Cirurgica,5915.24299351484,,
Patient_8,Discharge,5915.24299351484,complete,,,,,,3873.4318495042626
Patient_80,Arrival,22048.86111518547,complete,,0.0,,,,
Patient_80,Origem_do Pronto Socorro,22048.86111518547,complete,,,do Pronto Socorro,22048.86111518547,,
Patient_80,CTI (PS),22460.514273614375,start,ctiBeds,0.0,,,,
Patient_80,CTI (PS),23233.64375917874,complete,ctiBeds,0.0,,,,
Patient_80,CTI prepara Encaminhamento,23233.64375917874,start,,0.0,,,,
Patient_80,CTI prepara Encaminhamento,23288.69622042198,complete,,0.0,,,,
Patient_80,Encaminha_para a Clinica Cirurgica,23288.69622042198,complete,,,para a Clinica Cirurgica,23288.69622042198,,
Patient_80,Discharge,23288.69622042198,complete,,,,,,1239.8351052365106
Patient_800,Arrival,284159.46974917856,complete,,0.0,,,,
Patient_800,Origem_do Pronto Socorro,284159.46974917856,complete,,,do Pronto Socorro,284159.46974917856,,
Patient_800,CTI (PS),289682.13674081746,start,ctiBeds,0.0,,,,
Patient_800,CTI (PS),293064.37651907885,complete,ctiBeds,0.0,,,,
Patient_800,CTI prepara Encaminhamento,293064.37651907885,start,,0.0,,,,
Patient_800,CTI prepara Encaminhamento,293096.8586020634,complete,,0.0,,,,
Patient_800,Encaminha_para a Clinica Medica,293096.8586020634,complete,,,para a Clinica Medica,293096.8586020634,,
Patient_800,Discharge,293096.8586020634,complete,,,,,,8937.388852884818
Patient_801,Arrival,284847.45851663814,complete,,0.0,,,,
Patient_801,Origem_da Clinica Medica,284847.45851663814,complete,,,da Clinica Medica,284847.45851663814,,
Patient_801,CTI (CLIM),290286.5355931833,start,ctiBeds,0.0,,,,
Patient_801,CTI (CLIM),295830.53074748826,complete,ctiBeds,0.0,,,,
Patient_801,CTI prepara Encaminhamento,295830.53074748826,start,,0.0,,,,
Patient_801,CTI prepara Encaminhamento,295885.73463317944,complete,,0.0,,,,
Patient_801,Encaminha_para a Clinica Medica,295885.73463317944,complete,,,para a Clinica Medica,295885.73463317944,,
Patient_801,Discharge,295885.73463317944,complete,,,,,,11038.276116541296
Patient_802,Arrival,287264.5994067447,complete,,0.0,,,,
Patient_802,Origem_do Centro Cirurgico,287264.5994067447,complete,,,do Centro Cirurgico,287264.5994067447,,
Patient_802,CTI (CC),290351.30662508204,start,ctiBeds,0.0,,,,
Patient_802,CTI (CC),292646.04057089967,complete,ctiBeds,0.0,,,,
Patient_802,CTI prepara Encaminhamento,292646.04057089967,start,,0.0,,,,
Patient_802,CTI prepara Encaminhamento,292697.783256186,complete,,0.0,,,,
Patient_802,Encaminha_para a Clinica Cirurgica,292697.783256186,complete,,,para a Clinica Cirurgica,292697.783256186,,
Patient_802,Discharge,292697.783256186,complete,,,,,,5433.183849441295
Patient_803,Arrival,287411.92364652816,complete,,0.0,,,,
Patient_803,Origem_do Pronto Socorro,287411.92364652816,complete,,,do Pronto Socorro,287411.92364652816,,
Patient_803,CTI (PS),290586.20279593836,start,ctiBeds,0.0,,,,
Patient_803,CTI (PS),299408.0718178186,complete,ctiBeds,0.0,,,,
Patient_803,CTI prepara Encaminhamento,299408.0718178186,start,,0.0,,,,
Patient_803,CTI prepara Encaminhamento,299467.6503407705,complete,,0.0,,,,
Patient_803,Encaminha_Obito,299467.6503407705,complete,,,Obito,299467.6503407705,,
Patient_803,Discharge,299467.6503407705,complete,,,,,,12055.72669424233
Patient_804,Arrival,287766.1748120962,complete,,0.0,,,,
Patient_804,Origem_do Centro Cirurgico,287766.1748120962,complete,,,do Centro Cirurgico,287766.1748120962,,
Patient_804,CTI (CC),290761.6025861648,start,ctiBeds,0.0,,,,
Patient_804,CTI (CC),291735.0090224388,complete,ctiBeds,0.0,,,,
Patient_804,CTI prepara Encaminhamento,291735.0090224388,start,,0.0,,,,
Patient_804,CTI prepara Encaminhamento,291773.19359640585,complete,,0.0,,,,
Patient_804,Encaminha_para a Clinica Medica,291773.19359640585,complete,,,para a Clinica Medica,291773.19359640585,,
Patient_804,Discharge,291773.19359640585,complete,,,,,,4007.018784309679
Patient_805,Arrival,288058.1537077201,complete,,0.0,,,,
Patient_805,Origem_do Pronto Socorro,288058.1537077201,complete,,,do Pronto Socorro,288058.1537077201,,
Patient_805,CTI (PS),291076.3535228275,start,ctiBeds,0.0,,,,
Patient_805,CTI (PS),318606.0092424938,complete,ctiBeds,0.0,,,,
Patient_805,CTI prepara Encaminhamento,318606.0092424938,start,,0.0,,,,
Patient_805,CTI prepara Encaminhamento,318661.2925600449,complete,,0.0,,,,
Patient_805,Encaminha_para a Clinica Medica,318661.2925600449,complete,,,para a Clinica Medica,318661.2925600449,,
Patient_805,Discharge,318661.2925600449,complete,,,,,,30603.138852324802
Patient_806,Arrival,288198.85700992256,complete,,0.0,,,,
Patient_806,Origem_do Pronto Socorro,288198.85700992256,complete,,,do Pronto Socorro,288198.85700992256,,
Patient_806,CTI (PS),291185.15173278656,start,ctiBeds,0.0,,,,
Patient_806,CTI (PS),292764.0505739058,complete,ctiBeds,0.0,,,,
Patient_806,CTI prepara Encaminhamento,292764.0505739058,start,,0.0,,,,
Patient_806,CTI prepara Encaminhamento,292800.26056790847,complete,,0.0,,,,
Patient_806,Encaminha_para a Clinica Medica,292800.26056790847,complete,,,para a Clinica Medica,292800.26056790847,,
Patient_806,Discharge,292800.26056790847,complete,,,,,,4601.403557985905
Patient_807,Arrival,288450.4404443053,complete,,0.0,,,,
Patient_807,Origem_do Pronto Socorro,288450.4404443053,complete,,,do Pronto Socorro,288450.4404443053,,
Patient_807,CTI (PS),291659.0595091414,start,ctiBeds,0.0,,,,
Patient_807,CTI (PS),299514.4851244115,complete,ctiBeds,0.0,,,,
Patient_807,CTI prepara Encaminhamento,299514.4851244115,start,,0.0,,,,
Patient_807,CTI prepara Encaminhamento,299545.3875778353,complete,,0.0,,,,
Patient_807,Encaminha_para a Clinica Medica,299545.3875778353,complete,,,para a Clinica Medica,299545.3875778353,,
Patient_807,Discharge,299545.3875778353,complete,,,,,,11094.94713352999
Patient_808,Arrival,288847.049457805,complete,,0.0,,,,
Patient_808,Origem_do Centro Cirurgico,288847.049457805,complete,,,do Centro Cirurgico,288847.049457805,,
Patient_808,CTI (CC),291706.56625300075,start,ctiBeds,0.0,,,,
Patient_808,CTI (CC),293303.9340467689,complete,ctiBeds,0.0,,,,
Patient_808,CTI prepara Encaminhamento,293303.9340467689,start,,0.0,,,,
Patient_808,CTI prepara Encaminhamento,293345.607563999,complete,,0.0,,,,
Patient_808,Encaminha_para a Clinica Cirurgica,293345.607563999,complete,,,para a Clinica Cirurgica,293345.607563999,,
Patient_808,Discharge,293345.607563999,complete,,,,,,4498.5581061940175
Patient_809,Arrival,288920.2055126803,complete,,0.0,,,,
Patient_809,Origem_do Pronto Socorro,288920.2055126803,complete,,,do Pronto Socorro,288920.2055126803,,
Patient_809,CTI (PS),291735.0090224388,start,ctiBeds,0.0,,,,
Patient_809,CTI (PS),319188.11689815705,complete,ctiBeds,0.0,,,,
Patient_809,CTI prepara Encaminhamento,319188.11689815705,start,,0.0,,,,
Patient_809,CTI prepara Encaminhamento,319219.44558653503,complete,,0.0,,,,
Patient_809,Encaminha_para o Centro Cirurgico,319219.44558653503,complete,,,para o Centro Cirurgico,319219.44558653503,,
Patient_809,Discharge,319219.44558653503,complete,,,,,,30299.240073854744
Patient_81,Arrival,22552.956938118325,complete,,0.0,,,,
Patient_81,Origem_do Pronto Socorro,22552.956938118325,complete,,,do Pronto Socorro,22552.956938118325,,
Patient_81,CTI (PS),22707.108830489244,start,ctiBeds,0.0,,,,
Patient_81,CTI (PS),30954.736323413657,complete,ctiBeds,0.0,,,,
Patient_81,CTI prepara Encaminhamento,30954.736323413657,start,,0.0,,,,
Patient_81,CTI prepara Encaminhamento,31014.24299918912,complete,,0.0,,,,
Patient_81,Encaminha_para a Clinica Medica,31014.24299918912,complete,,,para a Clinica Medica,31014.24299918912,,
Patient_81,Discharge,31014.24299918912,complete,,,,,,8461.286061070794
Patient_810,Arrival,289133.1192214902,complete,,0.0,,,,
Patient_810,Origem_da Clinica Cirurgica,289133.1192214902,complete,,,da Clinica Cirurgica,289133.1192214902,,
Patient_810,CTI (CLIC),291961.0072217911,start,ctiBeds,0.0,,,,
Patient_810,CTI (CLIC),296644.706836207,complete,ctiBeds,0.0,,,,
Patient_810,CTI prepara Encaminhamento,296644.706836207,start,,0.0,,,,
Patient_810,CTI prepara Encaminhamento,296687.3090532086,complete,,0.0,,,,
Patient_810,Encaminha_para o Centro Cirurgico,296687.3090532086,complete,,,para o Centro Cirurgico,296687.3090532086,,
Patient_810,Discharge,296687.3090532086,complete,,,,,,7554.189831718395
Patient_811,Arrival,289566.89742357354,complete,,0.0,,,,
Patient_811,Origem_do Centro Cirurgico,289566.89742357354,complete,,,do Centro Cirurgico,289566.89742357354,,
Patient_811,CTI (CC),292097.87118181546,start,ctiBeds,0.0,,,,
Patient_811,CTI (CC),297347.46030073555,complete,ctiBeds,0.0,,,,
Patient_811,CTI prepara Encaminhamento,297347.46030073555,start,,0.0,,,,
Patient_811,CTI prepara Encaminhamento,297385.8070678572,complete,,0.0,,,,
Patient_811,Encaminha_para a Clinica Medica,297385.8070678572,complete,,,para a Clinica Medica,297385.8070678572,,
Patient_811,Discharge,297385.8070678572,complete,,,,,,7818.909644283645
Patient_812,Arrival,289646.08613798657,complete,,0.0,,,,
Patient_812,Origem_da Clinica Medica,289646.08613798657,complete,,,da Clinica Medica,289646.08613798657,,
Patient_812,CTI (CLIM),292333.8472241948,start,ctiBeds,0.0,,,,
Patient_812,CTI (CLIM),308537.99693829287,complete,ctiBeds,0.0,,,,
Patient_812,CTI prepara Encaminhamento,308537.99693829287,start,,0.0,,,,
Patient_812,CTI prepara Encaminhamento,308587.5395134578,complete,,0.0,,,,
Patient_812,Encaminha_para a Clinica Cirurgica,308587.5395134578,complete,,,para a Clinica Cirurgica,308587.5395134578,,
Patient_812,Discharge,308587.5395134578,complete,,,,,,18941.453375471232
Patient_813,Arrival,290012.4678716851,complete,,0.0,,,,
Patient_813,Origem_do Centro Cirurgico,290012.4678716851,complete,,,do Centro Cirurgico,290012.4678716851,,
Patient_813,CTI (CC),292515.5481494321,start,ctiBeds,0.0,,,,
Patient_813,CTI (CC),294707.9122472317,complete,ctiBeds,0.0,,,,
Patient_813,CTI prepara Encaminhamento,294707.9122472317,start,,0.0,,,,
Patient_813,CTI prepara Encaminhamento,294748.7798958815,complete,,0.0,,,,
Patient_813,Encaminha_para a Clinica Medica,294748.7798958815,complete,,,para a Clinica Medica,294748.7798958815,,
Patient_813,Discharge,294748.7798958815,complete,,,,,,4736.312024196377
Patient_814,Arrival,290629.42480478686,complete,,0.0,,,,
Patient_814,Origem_do Pronto Socorro,290629.42480478686,complete,,,do Pronto Socorro,290629.42480478686,,
Patient_814,CTI (PS),292646.04057089967,start,ctiBeds,0.0,,,,
Patient_814,CTI (PS),299249.4740307387,complete,ctiBeds,0.0,,,,
Patient_814,CTI prepara Encaminhamento,299249.4740307387,start,,0.0,,,,
Patient_814,CTI prepara Encaminhamento,299294.6648271638,complete,,0.0,,,,
Patient_814,Encaminha_Obito,299294.6648271638,complete,,,Obito,299294.6648271638,,
Patient_814,Discharge,299294.6648271638,complete,,,,,,8665.240022376936
Patient_815,Arrival,290672.09866643976,complete,,0.0,,,,
Patient_815,Origem_do Pronto Socorro,290672.09866643976,complete,,,do Pronto Socorro,290672.09866643976,,
Patient_815,CTI (PS),292764.0505739058,start,ctiBeds,0.0,,,,
Patient_815,CTI (PS),334206.2403934739,complete,ctiBeds,0.0,,,,
Patient_815,CTI prepara Encaminhamento,334206.2403934739,start,,0.0,,,,
Patient_815,CTI prepara Encaminhamento,334250.68247746775,complete,,0.0,,,,
Patient_815,Encaminha_para a Clinica Cirurgica,334250.68247746775,complete,,,para a Clinica Cirurgica,334250.68247746775,,
Patient_815,Discharge,334250.68247746775,complete,,,,,,43578.58381102799
Patient_816,Arrival,291326.93160421745,complete,,0.0,,,,
Patient_816,Origem_do Pronto Socorro,291326.93160421745,complete,,,do Pronto Socorro,291326.93160421745,,
Patient_816,CTI (PS),292826.562161363,start,ctiBeds,0.0,,,,
Patient_816,CTI (PS),299215.1699544299,complete,ctiBeds,0.0,,,,
Patient_816,CTI prepara Encaminhamento,299215.1699544299,start,,0.0,,,,
Patient_816,CTI prepara Encaminhamento,299247.61199146725,complete,,0.0,,,,
Patient_816,Encaminha_Transferencia Externa,299247.61199146725,complete,,,Transferencia Externa,299247.61199146725,,
Patient_816,Discharge,299247.61199146725,complete,,,,,,7920.6803872497985
Patient_817,Arrival,292280.15836178366,complete,,0.0,,,,
Patient_817,Origem_do Pronto Socorro,292280.15836178366,complete,,,do Pronto Socorro,292280.15836178366,,
Patient_817,CTI (PS),292878.6805983953,start,ctiBeds,0.0,,,,
Patient_817,CTI (PS),296637.89541839896,complete,ctiBeds,0.0,,,,
Patient_817,CTI prepara Encaminhamento,296637.89541839896,start,,0.0,,,,
Patient_817,CTI prepara Encaminhamento,296669.21591303835,complete,,0.0,,,,
Patient_817,Encaminha_Obito,296669.21591303835,complete,,,Obito,296669.21591303835,,
Patient_817,Discharge,296669.21591303835,complete,,,,,,4389.057551254693
Patient_818,Arrival,292525.5211528038,complete,,0.0,,,,
Patient_818,Origem_do Pronto Socorro,292525.5211528038,complete,,,do Pronto Socorro,292525.5211528038,,
Patient_818,CTI (PS),293064.37651907885,start,ctiBeds,0.0,,,,
Patient_818,CTI (PS),303202.5820221042,complete,ctiBeds,0.0,,,,
Patient_818,CTI prepara Encaminhamento,303202.5820221042,start,,0.0,,,,
Patient_818,CTI prepara Encaminhamento,303249.09389192716,complete,,0.0,,,,
Patient_818,Encaminha_Obito,303249.09389192716,complete,,,Obito,303249.09389192716,,
Patient_818,Discharge,303249.09389192716,complete,,,,,,10723.572739123367
Patient_819,Arrival,293392.13780572487,complete,,0.0,,,,
Patient_819,Origem_da Clinica Cirurgica,293392.13780572487,complete,,,da Clinica Cirurgica,293392.13780572487,,
Patient_819,CTI (CLIC),293392.13780572487,start,ctiBeds,0.0,,,,
Patient_819,CTI (CLIC),310412.0561034217,complete,ctiBeds,0.0,,,,
Patient_819,CTI prepara Encaminhamento,310412.0561034217,start,,0.0,,,,
Patient_819,CTI prepara Encaminhamento,310458.1040912916,complete,,0.0,,,,
Patient_819,Encaminha_para a Clinica Cirurgica,310458.1040912916,complete,,,para a Clinica Cirurgica,310458.1040912916,,
Patient_819,Discharge,310458.1040912916,complete,,,,,,17065.96628556674
Patient_82,Arrival,23098.91914821601,complete,,0.0,,,,
Patient_82,Origem_do Centro Cirurgico,23098.91914821601,complete,,,do Centro Cirurgico,23098.91914821601,,
Patient_82,CTI (CC),23098.91914821601,start,ctiBeds,0.0,,,,
Patient_82,CTI (CC),24651.532885082433,complete,ctiBeds,0.0,,,,
Patient_82,CTI prepara Encaminhamento,24651.532885082433,start,,0.0,,,,
Patient_82,CTI prepara Encaminhamento,24684.699980323338,complete,,0.0,,,,
Patient_82,Encaminha_Obito,24684.699980323338,complete,,,Obito,24684.699980323338,,
Patient_82,Discharge,24684.699980323338,complete,,,,,,1585.780832107328
Patient_820,Arrival,293705.1042905241,complete,,0.0,,,,
Patient_820,Origem_do Centro Cirurgico,293705.1042905241,complete,,,do Centro Cirurgico,293705.1042905241,,
Patient_820,CTI (CC),293705.1042905241,start,ctiBeds,0.0,,,,
Patient_820,CTI (CC),295158.8695569088,complete,ctiBeds,0.0,,,,
Patient_820,CTI prepara Encaminhamento,295158.8695569088,start,,0.0,,,,
Patient_820,CTI prepara Encaminhamento,295200.51430923253,complete,,0.0,,,,
Patient_820,Encaminha_para a Clinica Medica,295200.51430923253,complete,,,para a Clinica Medica,295200.51430923253,,
Patient_820,Discharge,295200.51430923253,complete,,,,,,1495.4100187084405
Patient_821,Arrival,294230.5198887761,complete,,0.0,,,,
Patient_821,Origem_do Centro Cirurgico,294230.5198887761,complete,,,do Centro Cirurgico,294230.5198887761,,
Patient_821,CTI (CC),294230.5198887761,start,ctiBeds,0.0,,,,
Patient_821,CTI (CC),343359.5875344345,complete,ctiBeds,0.0,,,,
Patient_821,CTI prepara Encaminhamento,343359.5875344345,start,,0.0,,,,
Patient_821,CTI prepara Encaminhamento,343396.4594560004,complete,,0.0,,,,
Patient_821,Encaminha_para a Clinica Medica,343396.4594560004,complete,,,para a Clinica Medica,343396.4594560004,,
Patient_821,Discharge,343396.4594560004,complete,,,,,,49165.9395672243
Patient_822,Arrival,294450.12072708184,complete,,0.0,,,,
Patient_822,Origem_do Centro Cirurgico,294450.12072708184,complete,,,do Centro Cirurgico,294450.12072708184,,
Patient_822,CTI (CC),294450.12072708184,start,ctiBeds,0.0,,,,
Patient_822,CTI (CC),307545.8396941773,complete,ctiBeds,0.0,,,,
Patient_822,CTI prepara Encaminhamento,307545.8396941773,start,,0.0,,,,
Patient_822,CTI prepara Encaminhamento,307590.1805038252,complete,,0.0,,,,
Patient_822,Encaminha_para a Clinica Medica,307590.1805038252,complete,,,para a Clinica Medica,307590.1805038252,,
Patient_822,Discharge,307590.1805038252,complete,,,,,,13140.05977674335
Patient_823,Arrival,294904.06994633726,complete,,0.0,,,,
Patient_823,Origem_do Centro Cirurgico,294904.06994633726,complete,,,do Centro Cirurgico,294904.06994633726,,
Patient_823,CTI (CC),294904.06994633726,start,ctiBeds,0.0,,,,
Patient_823,CTI (CC),300404.25613754994,complete,ctiBeds,0.0,,,,
Patient_823,CTI prepara Encaminhamento,300404.25613754994,start,,0.0,,,,
Patient_823,CTI prepara Encaminhamento,300437.2063852223,complete,,0.0,,,,
Patient_823,Encaminha_para a Clinica Cirurgica,300437.2063852223,complete,,,para a Clinica Cirurgica,300437.2063852223,,
Patient_823,Discharge,300437.2063852223,complete,,,,,,5533.136438885063
Patient_824,Arrival,295270.93065524654,complete,,0.0,,,,
Patient_824,Origem_do Centro Cirurgico,295270.93065524654,complete,,,do Centro Cirurgico,295270.93065524654,,
Patient_824,CTI (CC),295270.93065524654,start,ctiBeds,0.0,,,,
Patient_824,CTI (CC),297637.7782793747,complete,ctiBeds,0.0,,,,
Patient_824,CTI prepara Encaminhamento,297637.7782793747,start,,0.0,,,,
Patient_824,CTI prepara Encaminhamento,297692.20980363025,complete,,0.0,,,,
Patient_824,Encaminha_para a Clinica Cirurgica,297692.20980363025,complete,,,para a Clinica Cirurgica,297692.20980363025,,
Patient_824,Discharge,297692.20980363025,complete,,,,,,2421.2791483837063
Patient_825,Arrival,295457.71517533925,complete,,0.0,,,,
Patient_825,Origem_do Pronto Socorro,295457.71517533925,complete,,,do Pronto Socorro,295457.71517533925,,
Patient_825,CTI (PS),295457.71517533925,start,ctiBeds,0.0,,,,
Patient_825,CTI (PS),323932.99224501394,complete,ctiBeds,0.0,,,,
Patient_825,CTI prepara Encaminhamento,323932.99224501394,start,,0.0,,,,
Patient_825,CTI prepara Encaminhamento,323992.70704001805,complete,,0.0,,,,
Patient_825,Encaminha_para a Clinica Medica,323992.70704001805,complete,,,para a Clinica Medica,323992.70704001805,,
Patient_825,Discharge,323992.70704001805,complete,,,,,,28534.9918646788
Patient_826,Arrival,295653.08133827365,complete,,0.0,,,,
Patient_826,Origem_do Centro Cirurgico,295653.08133827365,complete,,,do Centro Cirurgico,295653.08133827365,,
Patient_826,CTI (CC),295653.08133827365,start,ctiBeds,0.0,,,,
Patient_826,CTI (CC),318284.78041058045,complete,ctiBeds,0.0,,,,
Patient_826,CTI prepara Encaminhamento,318284.78041058045,start,,0.0,,,,
Patient_826,CTI prepara Encaminhamento,318316.7071256628,complete,,0.0,,,,
Patient_826,Encaminha_Obito,318316.7071256628,complete,,,Obito,318316.7071256628,,
Patient_826,Discharge,318316.7071256628,complete,,,,,,22663.625787389174
Patient_827,Arrival,295743.69627999025,complete,,0.0,,,,
Patient_827,Origem_da Clinica Cirurgica,295743.69627999025,complete,,,da Clinica Cirurgica,295743.69627999025,,
Patient_827,CTI (CLIC),295743.69627999025,start,ctiBeds,0.0,,,,
Patient_827,CTI (CLIC),299850.9695490523,complete,ctiBeds,0.0,,,,
Patient_827,CTI prepara Encaminhamento,299850.9695490523,start,,0.0,,,,
Patient_827,CTI prepara Encaminhamento,299887.0677871427,complete,,0.0,,,,
Patient_827,Encaminha_para a Clinica Cirurgica,299887.0677871427,complete,,,para a Clinica Cirurgica,299887.0677871427,,
Patient_827,Discharge,299887.0677871427,complete,,,,,,4143.371507152449
Patient_828,Arrival,295864.5178905993,complete,,0.0,,,,
Patient_828,Origem_do Centro Cirurgico,295864.5178905993,complete,,,do Centro Cirurgico,295864.5178905993,,
Patient_828,CTI (CC),295864.5178905993,start,ctiBeds,0.0,,,,
Patient_828,CTI (CC),330110.53440745745,complete,ctiBeds,0.0,,,,
Patient_828,CTI prepara Encaminhamento,330110.53440745745,start,,0.0,,,,
Patient_828,CTI prepara Encaminhamento,330167.8995067126,complete,,0.0,,,,
Patient_828,Encaminha_Obito,330167.8995067126,complete,,,Obito,330167.8995067126,,
Patient_828,Discharge,330167.8995067126,complete,,,,,,34303.3816161133
Patient_829,Arrival,295867.690077842,complete,,0.0,,,,
Patient_829,Origem_do Centro Cirurgico,295867.690077842,complete,,,do Centro Cirurgico,295867.690077842,,
Patient_829,CTI (CC),296637.89541839896,start,ctiBeds,0.0,,,,
Patient_829,CTI (CC),298934.1137820902,complete,ctiBeds,0.0,,,,
Patient_829,CTI prepara Encaminhamento,298934.1137820902,start,,0.0,,,,
Patient_829,CTI prepara Encaminhamento,298983.48650484945,complete,,0.0,,,,
Patient_829,Encaminha_para a Clinica Cirurgica,298983.48650484945,complete,,,para a Clinica Cirurgica,298983.48650484945,,
Patient_829,Discharge,298983.48650484945,complete,,,,,,3115.7964270074735
Patient_83,Arrival,23135.97056969801,complete,,0.0,,,,
Patient_83,Origem_do Centro Cirurgico,23135.97056969801,complete,,,do Centro Cirurgico,23135.97056969801,,
Patient_83,CTI (CC),23135.97056969801,start,ctiBeds,0.0,,,,
Patient_83,CTI (CC),25225.17176022649,complete,ctiBeds,0.0,,,,
Patient_83,CTI prepara Encaminhamento,25225.17176022649,start,,0.0,,,,
Patient_83,CTI prepara Encaminhamento,25261.564961750773,complete,,0.0,,,,
Patient_83,Encaminha_para a Clinica Cirurgica,25261.564961750773,complete,,,para a Clinica Cirurgica,25261.564961750773,,
Patient_83,Discharge,25261.564961750773,complete,,,,,,2125.5943920527643
Patient_830,Arrival,296015.29094151314,complete,,0.0,,,,
Patient_830,Origem_do Pronto Socorro,296015.29094151314,complete,,,do Pronto Socorro,296015.29094151314,,
Patient_830,CTI (PS),296644.706836207,start,ctiBeds,0.0,,,,
Patient_830,CTI (PS),310964.79306056525,complete,ctiBeds,0.0,,,,
Patient_830,CTI prepara Encaminhamento,310964.79306056525,start,,0.0,,,,
Patient_830,CTI prepara Encaminhamento,311016.91442265525,complete,,0.0,,,,
Patient_830,Encaminha_para a Clinica Medica,311016.91442265525,complete,,,para a Clinica Medica,311016.91442265525,,
Patient_830,Discharge,311016.91442265525,complete,,,,,,15001.623481142102
Patient_831,Arrival,296707.5318322633,complete,,0.0,,,,
Patient_831,Origem_do Centro Cirurgico,296707.5318322633,complete,,,do Centro Cirurgico,296707.5318322633,,
Patient_831,CTI (CC),296744.6925242212,start,ctiBeds,0.0,,,,
Patient_831,CTI (CC),304141.47096482443,complete,ctiBeds,0.0,,,,
Patient_831,CTI prepara Encaminhamento,304141.47096482443,start,,0.0,,,,
Patient_831,CTI prepara Encaminhamento,304195.66949699016,complete,,0.0,,,,
Patient_831,Encaminha_para a Clinica Medica,304195.66949699016,complete,,,para a Clinica Medica,304195.66949699016,,
Patient_831,Discharge,304195.66949699016,complete,,,,,,7488.137664726877
Patient_832,Arrival,297128.68311902415,complete,,0.0,,,,
Patient_832,Origem_do Centro Cirurgico,297128.68311902415,complete,,,do Centro Cirurgico,297128.68311902415,,
Patient_832,CTI (CC),297295.8220018504,start,ctiBeds,0.0,,,,
Patient_832,CTI (CC),298591.0624025856,complete,ctiBeds,0.0,,,,
Patient_832,CTI prepara Encaminhamento,298591.0624025856,start,,0.0,,,,
Patient_832,CTI prepara Encaminhamento,298645.3438571445,complete,,0.0,,,,
Patient_832,Encaminha_para a Clinica Medica,298645.3438571445,complete,,,para a Clinica Medica,298645.3438571445,,
Patient_832,Discharge,298645.3438571445,complete,,,,,,1516.6607381203212
Patient_833,Arrival,297420.5329625917,complete,,0.0,,,,
Patient_833,Origem_do Pronto Socorro,297420.5329625917,complete,,,do Pronto Socorro,297420.5329625917,,
Patient_833,CTI (PS),297420.5329625917,start,ctiBeds,0.0,,,,
Patient_833,CTI (PS),299289.4018041457,complete,ctiBeds,0.0,,,,
Patient_833,CTI prepara Encaminhamento,299289.4018041457,start,,0.0,,,,
Patient_833,CTI prepara Encaminhamento,299346.4857704147,complete,,0.0,,,,
Patient_833,Encaminha_para a Clinica Medica,299346.4857704147,complete,,,para a Clinica Medica,299346.4857704147,,
Patient_833,Discharge,299346.4857704147,complete,,,,,,1925.9528078230214
Patient_834,Arrival,297712.47272805084,complete,,0.0,,,,
Patient_834,Origem_da Clinica Medica,297712.47272805084,complete,,,da Clinica Medica,297712.47272805084,,
Patient_834,CTI (CLIM),297712.47272805084,start,ctiBeds,0.0,,,,
Patient_834,CTI (CLIM),307103.9458854533,complete,ctiBeds,0.0,,,,
Patient_834,CTI prepara Encaminhamento,307103.9458854533,start,,0.0,,,,
Patient_834,CTI prepara Encaminhamento,307153.905682229,complete,,0.0,,,,
Patient_834,Encaminha_para a Clinica Medica,307153.905682229,complete,,,para a Clinica Medica,307153.905682229,,
Patient_834,Discharge,307153.905682229,complete,,,,,,9441.432954178134
Patient_835,Arrival,297849.21117879235,complete,,0.0,,,,
Patient_835,Origem_do Pronto Socorro,297849.21117879235,complete,,,do Pronto Socorro,297849.21117879235,,
Patient_835,CTI (PS),298404.30722520704,start,ctiBeds,0.0,,,,
Patient_835,CTI (PS),300346.88208331313,complete,ctiBeds,0.0,,,,
Patient_835,CTI prepara Encaminhamento,300346.88208331313,start,,0.0,,,,
Patient_835,CTI prepara Encaminhamento,300397.4535481585,complete,,0.0,,,,
Patient_835,Encaminha_para a Clinica Cirurgica,300397.4535481585,complete,,,para a Clinica Cirurgica,300397.4535481585,,
Patient_835,Discharge,300397.4535481585,complete,,,,,,2548.2423693661694
Patient_836,Arrival,298065.82217261195,complete,,0.0,,,,
Patient_836,Origem_do Centro Cirurgico,298065.82217261195,complete,,,do Centro Cirurgico,298065.82217261195,,
Patient_836,CTI (CC),298591.0624025856,start,ctiBeds,0.0,,,,
Patient_836,CTI (CC),339863.86547413084,complete,ctiBeds,0.0,,,,
Patient_836,CTI prepara Encaminhamento,339863.86547413084,start,,0.0,,,,
Patient_836,CTI prepara Encaminhamento,339902.5425079545,complete,,0.0,,,,
Patient_836,Encaminha_Obito,339902.5425079545,complete,,,Obito,339902.5425079545,,
Patient_836,Discharge,339902.5425079545,complete,,,,,,41836.72033534257
Patient_837,Arrival,298146.60709841165,complete,,0.0,,,,
Patient_837,Origem_do Pronto Socorro,298146.60709841165,complete,,,do Pronto Socorro,298146.60709841165,,
Patient_837,CTI (PS),298934.1137820902,start,ctiBeds,0.0,,,,
Patient_837,CTI (PS),308735.73602685425,complete,ctiBeds,0.0,,,,
Patient_837,CTI prepara Encaminhamento,308735.73602685425,start,,0.0,,,,
Patient_837,CTI prepara Encaminhamento,308770.73996844207,complete,,0.0,,,,
Patient_837,Encaminha_para a Clinica Medica,308770.73996844207,complete,,,para a Clinica Medica,308770.73996844207,,
Patient_837,Discharge,308770.73996844207,complete,,,,,,10624.132870030415
Patient_838,Arrival,298637.1789253266,complete,,0.0,,,,
Patient_838,Origem_do Centro Cirurgico,298637.1789253266,complete,,,do Centro Cirurgico,298637.1789253266,,
Patient_838,CTI (CC),299215.1699544299,start,ctiBeds,0.0,,,,
Patient_838,CTI (CC),299840.55633959075,complete,ctiBeds,0.0,,,,
Patient_838,CTI prepara Encaminhamento,299840.55633959075,start,,0.0,,,,
Patient_838,CTI prepara Encaminhamento,299879.8634231892,complete,,0.0,,,,
Patient_838,Encaminha_para a Clinica Cirurgica,299879.8634231892,complete,,,para a Clinica Cirurgica,299879.8634231892,,
Patient_838,Discharge,299879.8634231892,complete,,,,,,1242.6844978625886
Patient_839,Arrival,298690.9870046612,complete,,0.0,,,,
Patient_839,Origem_do Pronto Socorro,298690.9870046612,complete,,,do Pronto Socorro,298690.9870046612,,
Patient_839,CTI (PS),299249.4740307387,start,ctiBeds,0.0,,,,
Patient_839,CTI (PS),308187.83911686915,complete,ctiBeds,0.0,,,,
Patient_839,CTI prepara Encaminhamento,308187.83911686915,start,,0.0,,,,
Patient_839,CTI prepara Encaminhamento,308242.6181239918,complete,,0.0,,,,
Patient_839,Encaminha_Obito,308242.6181239918,complete,,,Obito,308242.6181239918,,
Patient_839,Discharge,308242.6181239918,complete,,,,,,9551.631119330646
Patient_84,Arrival,23254.752535507385,complete,,0.0,,,,
Patient_84,Origem_do Pronto Socorro,23254.752535507385,complete,,,do Pronto Socorro,23254.752535507385,,
Patient_84,CTI (PS),23254.752535507385,start,ctiBeds,0.0,,,,
Patient_84,CTI (PS),41520.816964763304,complete,ctiBeds,0.0,,,,
Patient_84,CTI prepara Encaminhamento,41520.816964763304,start,,0.0,,,,
Patient_84,CTI prepara Encaminhamento,41553.19940715208,complete,,0.0,,,,
Patient_84,Encaminha_para a Clinica Cirurgica,41553.19940715208,complete,,,para a Clinica Cirurgica,41553.19940715208,,
Patient_84,Discharge,41553.19940715208,complete,,,,,,18298.446871644697
Patient_840,Arrival,298741.2766942816,complete,,0.0,,,,
Patient_840,Origem_do Centro Cirurgico,298741.2766942816,complete,,,do Centro Cirurgico,298741.2766942816,,
Patient_840,CTI (CC),299289.4018041457,start,ctiBeds,0.0,,,,
Patient_840,CTI (CC),388184.0360045273,complete,ctiBeds,0.0,,,,
Patient_840,CTI prepara Encaminhamento,388184.0360045273,start,,0.0,,,,
Patient_840,CTI prepara Encaminhamento,388223.4827397698,complete,,0.0,,,,
Patient_840,Encaminha_para a Clinica Medica,388223.4827397698,complete,,,para a Clinica Medica,388223.4827397698,,
Patient_840,Discharge,388223.4827397698,complete,,,,,,89482.20604548819
Patient_841,Arrival,298832.46552035905,complete,,0.0,,,,
Patient_841,Origem_do Pronto Socorro,298832.46552035905,complete,,,do Pronto Socorro,298832.46552035905,,
Patient_841,CTI (PS),299408.0718178186,start,ctiBeds,0.0,,,,
Patient_841,CTI (PS),303961.8929538675,complete,ctiBeds,0.0,,,,
Patient_841,CTI prepara Encaminhamento,303961.8929538675,start,,0.0,,,,
Patient_841,CTI prepara Encaminhamento,304021.6257927743,complete,,0.0,,,,
Patient_841,Encaminha_para a Clinica Medica,304021.6257927743,complete,,,para a Clinica Medica,304021.6257927743,,
Patient_841,Discharge,304021.6257927743,complete,,,,,,5189.160272415262
Patient_842,Arrival,298953.78176957724,complete,,0.0,,,,
Patient_842,Origem_do Centro Cirurgico,298953.78176957724,complete,,,do Centro Cirurgico,298953.78176957724,,
Patient_842,CTI (CC),299514.4851244115,start,ctiBeds,0.0,,,,
Patient_842,CTI (CC),304922.38067906693,complete,ctiBeds,0.0,,,,
Patient_842,CTI prepara Encaminhamento,304922.38067906693,start,,0.0,,,,
Patient_842,CTI prepara Encaminhamento,304960.38820748276,complete,,0.0,,,,
Patient_842,Encaminha_para a Clinica Cirurgica,304960.38820748276,complete,,,para a Clinica Cirurgica,304960.38820748276,,
Patient_842,Discharge,304960.38820748276,complete,,,,,,6006.606437905517
Patient_843,Arrival,299025.83703541954,complete,,0.0,,,,
Patient_843,Origem_do Pronto Socorro,299025.83703541954,complete,,,do Pronto Socorro,299025.83703541954,,
Patient_843,CTI (PS),299840.55633959075,start,ctiBeds,0.0,,,,
Patient_843,CTI (PS),333824.9163084386,complete,ctiBeds,0.0,,,,
Patient_843,CTI prepara Encaminhamento,333824.9163084386,start,,0.0,,,,
Patient_843,CTI prepara Encaminhamento,333882.7327456378,complete,,0.0,,,,
Patient_843,Encaminha_para a Maternidade,333882.7327456378,complete,,,para a Maternidade,333882.7327456378,,
Patient_843,Discharge,333882.7327456378,complete,,,,,,34856.89571021829
Patient_844,Arrival,299311.851374666,complete,,0.0,,,,
Patient_844,Origem_do Centro Cirurgico,299311.851374666,complete,,,do Centro Cirurgico,299311.851374666,,
Patient_844,CTI (CC),299850.9695490523,start,ctiBeds,0.0,,,,
Patient_844,CTI (CC),305717.4364372299,complete,ctiBeds,0.0,,,,
Patient_844,CTI prepara Encaminhamento,305717.4364372299,start,,0.0,,,,
Patient_844,CTI prepara Encaminhamento,305755.62892529287,complete,,0.0,,,,
Patient_844,Encaminha_Obito,305755.62892529287,complete,,,Obito,305755.62892529287,,
Patient_844,Discharge,305755.62892529287,complete,,,,,,6443.777550626895
Patient_845,Arrival,299383.34250181355,complete,,0.0,,,,
Patient_845,Origem_do Pronto Socorro,299383.34250181355,complete,,,do Pronto Socorro,299383.34250181355,,
Patient_845,CTI (PS),300346.88208331313,start,ctiBeds,0.0,,,,
Patient_845,CTI (PS),308658.0355589936,complete,ctiBeds,0.0,,,,
Patient_845,CTI prepara Encaminhamento,308658.0355589936,start,,0.0,,,,
Patient_845,CTI prepara Encaminhamento,308699.6380115813,complete,,0.0,,,,
Patient_845,Encaminha_Obito,308699.6380115813,complete,,,Obito,308699.6380115813,,
Patient_845,Discharge,308699.6380115813,complete,,,,,,9316.295509767777
Patient_846,Arrival,299914.33447612845,complete,,0.0,,,,
Patient_846,Origem_do Pronto Socorro,299914.33447612845,complete,,,do Pronto Socorro,299914.33447612845,,
Patient_846,CTI (PS),300404.25613754994,start,ctiBeds,0.0,,,,
Patient_846,CTI (PS),325942.8949507933,complete,ctiBeds,0.0,,,,
Patient_846,CTI prepara Encaminhamento,325942.8949507933,start,,0.0,,,,
Patient_846,CTI prepara Encaminhamento,325984.1989079586,complete,,0.0,,,,
Patient_846,Encaminha_para a Clinica Medica,325984.1989079586,complete,,,para a Clinica Medica,325984.1989079586,,
Patient_846,Discharge,325984.1989079586,complete,,,,,,26069.864431830123
Patient_847,Arrival,300208.63728466415,complete,,0.0,,,,
Patient_847,Origem_do Centro Cirurgico,300208.63728466415,complete,,,do Centro Cirurgico,300208.63728466415,,
Patient_847,CTI (CC),300409.6991020223,start,ctiBeds,0.0,,,,
Patient_847,CTI (CC),326773.4292695542,complete,ctiBeds,0.0,,,,
Patient_847,CTI prepara Encaminhamento,326773.4292695542,start,,0.0,,,,
Patient_847,CTI prepara Encaminhamento,326826.3032398805,complete,,0.0,,,,
Patient_847,Encaminha_para a Clinica Cirurgica,326826.3032398805,complete,,,para a Clinica Cirurgica,326826.3032398805,,
Patient_847,Discharge,326826.3032398805,complete,,,,,,26617.665955216333
Patient_848,Arrival,300257.5083056028,complete,,0.0,,,,
Patient_848,Origem_do Centro Cirurgico,300257.5083056028,complete,,,do Centro Cirurgico,300257.5083056028,,
Patient_848,CTI (CC),300575.6296460517,start,ctiBeds,0.0,,,,
Patient_848,CTI (CC),329945.10616904567,complete,ctiBeds,0.0,,,,
Patient_848,CTI prepara Encaminhamento,329945.10616904567,start,,0.0,,,,
Patient_848,CTI prepara Encaminhamento,329975.4255413223,complete,,0.0,,,,
Patient_848,Encaminha_para a Clinica Cirurgica,329975.4255413223,complete,,,para a Clinica Cirurgica,329975.4255413223,,
Patient_848,Discharge,329975.4255413223,complete,,,,,,29717.917235719506
Patient_849,Arrival,300835.01753064524,complete,,0.0,,,,
Patient_849,Origem_da Clinica Medica,300835.01753064524,complete,,,da Clinica Medica,300835.01753064524,,
Patient_849,CTI (CLIM),302131.6451670581,start,ctiBeds,0.0,,,,
Patient_849,CTI (CLIM),318522.8731330004,complete,ctiBeds,0.0,,,,
Patient_849,CTI prepara Encaminhamento,318522.8731330004,start,,0.0,,,,
Patient_849,CTI prepara Encaminhamento,318553.5359557681,complete,,0.0,,,,
Patient_849,Encaminha_para a Clinica Cirurgica,318553.5359557681,complete,,,para a Clinica Cirurgica,318553.5359557681,,
Patient_849,Discharge,318553.5359557681,complete,,,,,,17718.518425122835
Patient_85,Arrival,23462.27902269897,complete,,0.0,,,,
Patient_85,Origem_do Centro Cirurgico,23462.27902269897,complete,,,do Centro Cirurgico,23462.27902269897,,
Patient_85,CTI (CC),23462.27902269897,start,ctiBeds,0.0,,,,
Patient_85,CTI (CC),30947.376338680795,complete,ctiBeds,0.0,,,,
Patient_85,CTI prepara Encaminhamento,30947.376338680795,start,,0.0,,,,
Patient_85,CTI prepara Encaminhamento,31003.685767531115,complete,,0.0,,,,
Patient_85,Encaminha_para a Clinica Cirurgica,31003.685767531115,complete,,,para a Clinica Cirurgica,31003.685767531115,,
Patient_85,Discharge,31003.685767531115,complete,,,,,,7541.406744832144
Patient_850,Arrival,301217.11311109614,complete,,0.0,,,,
Patient_850,Origem_do Centro Cirurgico,301217.11311109614,complete,,,do Centro Cirurgico,301217.11311109614,,
Patient_850,CTI (CC),302603.5002603518,start,ctiBeds,0.0,,,,
Patient_850,CTI (CC),303132.65045724675,complete,ctiBeds,0.0,,,,
Patient_850,CTI prepara Encaminhamento,303132.65045724675,start,,0.0,,,,
Patient_850,CTI prepara Encaminhamento,303183.2992339186,complete,,0.0,,,,
Patient_850,Encaminha_Obito,303183.2992339186,complete,,,Obito,303183.2992339186,,
Patient_850,Discharge,303183.2992339186,complete,,,,,,1966.1861228224589
Patient_851,Arrival,301397.187720538,complete,,0.0,,,,
Patient_851,Origem_do Pronto Socorro,301397.187720538,complete,,,do Pronto Socorro,301397.187720538,,
Patient_851,CTI (PS),302750.1182232246,start,ctiBeds,0.0,,,,
Patient_851,CTI (PS),309731.7209082342,complete,ctiBeds,0.0,,,,
Patient_851,CTI prepara Encaminhamento,309731.7209082342,start,,0.0,,,,
Patient_851,CTI prepara Encaminhamento,309767.95199031837,complete,,0.0,,,,
Patient_851,Encaminha_para a Clinica Medica,309767.95199031837,complete,,,para a Clinica Medica,309767.95199031837,,
Patient_851,Discharge,309767.95199031837,complete,,,,,,8370.764269780368
Patient_852,Arrival,302034.66529857315,complete,,0.0,,,,
Patient_852,Origem_do Centro Cirurgico,302034.66529857315,complete,,,do Centro Cirurgico,302034.66529857315,,
Patient_852,CTI (CC),303132.65045724675,start,ctiBeds,0.0,,,,
Patient_852,CTI (CC),319434.3597382569,complete,ctiBeds,0.0,,,,
Patient_852,CTI prepara Encaminhamento,319434.3597382569,start,,0.0,,,,
Patient_852,CTI prepara Encaminhamento,319475.20998244896,complete,,0.0,,,,
Patient_852,Encaminha_para a Clinica Medica,319475.20998244896,complete,,,para a Clinica Medica,319475.20998244896,,
Patient_852,Discharge,319475.20998244896,complete,,,,,,17440.544683875807
Patient_853,Arrival,302588.0185927024,complete,,0.0,,,,
Patient_853,Origem_do Centro Cirurgico,302588.0185927024,complete,,,do Centro Cirurgico,302588.0185927024,,
Patient_853,CTI (CC),303202.5820221042,start,ctiBeds,0.0,,,,
Patient_853,CTI (CC),310495.19328678586,complete,ctiBeds,0.0,,,,
Patient_853,CTI prepara Encaminhamento,310495.19328678586,start,,0.0,,,,
Patient_853,CTI prepara Encaminhamento,310541.7765231956,complete,,0.0,,,,
Patient_853,Encaminha_para a Clinica Medica,310541.7765231956,complete,,,para a Clinica Medica,310541.7765231956,,
Patient_853,Discharge,310541.7765231956,complete,,,,,,7953.757930493215
Patient_854,Arrival,302748.9490336413,complete,,0.0,,,,
Patient_854,Origem_do Centro Cirurgico,302748.9490336413,complete,,,do Centro Cirurgico,302748.9490336413,,
Patient_854,CTI (CC),303344.15242958843,start,ctiBeds,0.0,,,,
Patient_854,CTI (CC),310534.7012607687,complete,ctiBeds,0.0,,,,
Patient_854,CTI prepara Encaminhamento,310534.7012607687,start,,0.0,,,,
Patient_854,CTI prepara Encaminhamento,310565.76463381015,complete,,0.0,,,,
Patient_854,Encaminha_para a Clinica Cirurgica,310565.76463381015,complete,,,para a Clinica Cirurgica,310565.76463381015,,
Patient_854,Discharge,310565.76463381015,complete,,,,,,7816.815600168833
Patient_855,Arrival,302949.6800267364,complete,,0.0,,,,
Patient_855,Origem_da Clinica Medica,302949.6800267364,complete,,,da Clinica Medica,302949.6800267364,,
Patient_855,CTI (CLIM),303961.8929538675,start,ctiBeds,0.0,,,,
Patient_855,CTI (CLIM),304669.0667045452,complete,ctiBeds,0.0,,,,
Patient_855,CTI prepara Encaminhamento,304669.0667045452,start,,0.0,,,,
Patient_855,CTI prepara Encaminhamento,304705.29043152835,complete,,0.0,,,,
Patient_855,Encaminha_para a Clinica Medica,304705.29043152835,complete,,,para a Clinica Medica,304705.29043152835,,
Patient_855,Discharge,304705.29043152835,complete,,,,,,1755.6104047919507
Patient_856,Arrival,303049.28562849364,complete,,0.0,,,,
Patient_856,Origem_do Pronto Socorro,303049.28562849364,complete,,,do Pronto Socorro,303049.28562849364,,
Patient_856,CTI (PS),304141.47096482443,start,ctiBeds,0.0,,,,
Patient_856,CTI (PS),312254.60450262245,complete,ctiBeds,0.0,,,,
Patient_856,CTI prepara Encaminhamento,312254.60450262245,start,,0.0,,,,
Patient_856,CTI prepara Encaminhamento,312291.0804355929,complete,,0.0,,,,
Patient_856,Encaminha_Obito,312291.0804355929,complete,,,Obito,312291.0804355929,,
Patient_856,Discharge,312291.0804355929,complete,,,,,,9241.794807099272
Patient_857,Arrival,303228.93745522294,complete,,0.0,,,,
Patient_857,Origem_do Centro Cirurgico,303228.93745522294,complete,,,do Centro Cirurgico,303228.93745522294,,
Patient_857,CTI (CC),304669.0667045452,start,ctiBeds,0.0,,,,
Patient_857,CTI (CC),304854.6323561818,complete,ctiBeds,0.0,,,,
Patient_857,CTI prepara Encaminhamento,304854.6323561818,start,,0.0,,,,
Patient_857,CTI prepara Encaminhamento,304893.9783527643,complete,,0.0,,,,
Patient_857,Encaminha_Obito,304893.9783527643,complete,,,Obito,304893.9783527643,,
Patient_857,Discharge,304893.9783527643,complete,,,,,,1665.0408975413302
Patient_858,Arrival,303677.95357524295,complete,,0.0,,,,
Patient_858,Origem_da Maternidade,303677.95357524295,complete,,,da Maternidade,303677.95357524295,,
Patient_858,CTI (MAT),304854.6323561818,start,ctiBeds,0.0,,,,
Patient_858,CTI (MAT),305644.2917871764,complete,ctiBeds,0.0,,,,
Patient_858,CTI prepara Encaminhamento,305644.2917871764,start,,0.0,,,,
Patient_858,CTI prepara Encaminhamento,305680.44710778765,complete,,0.0,,,,
Patient_858,Encaminha_Obito,305680.44710778765,complete,,,Obito,305680.44710778765,,
Patient_858,Discharge,305680.44710778765,complete,,,,,,2002.4935325447004
Patient_859,Arrival,304985.2098127076,complete,,0.0,,,,
Patient_859,Origem_do Pronto Socorro,304985.2098127076,complete,,,do Pronto Socorro,304985.2098127076,,
Patient_859,CTI (PS),304985.2098127076,start,ctiBeds,0.0,,,,
Patient_859,CTI (PS),333976.1892045663,complete,ctiBeds,0.0,,,,
Patient_859,CTI prepara Encaminhamento,333976.1892045663,start,,0.0,,,,
Patient_859,CTI prepara Encaminhamento,334021.586056431,complete,,0.0,,,,
Patient_859,Encaminha_Obito,334021.586056431,complete,,,Obito,334021.586056431,,
Patient_859,Discharge,334021.586056431,complete,,,,,,29036.37624372338
Patient_86,Arrival,23898.986108788096,complete,,0.0,,,,
Patient_86,Origem_do Pronto Socorro,23898.986108788096,complete,,,do Pronto Socorro,23898.986108788096,,
Patient_86,CTI (PS),23898.986108788096,start,ctiBeds,0.0,,,,
Patient_86,CTI (PS),36682.57006251192,complete,ctiBeds,0.0,,,,
Patient_86,CTI prepara Encaminhamento,36682.57006251192,start,,0.0,,,,
Patient_86,CTI prepara Encaminhamento,36732.43191695989,complete,,0.0,,,,
Patient_86,Encaminha_Obito,36732.43191695989,complete,,,Obito,36732.43191695989,,
Patient_86,Discharge,36732.43191695989,complete,,,,,,12833.445808171793
Patient_860,Arrival,305002.9385293904,complete,,0.0,,,,
Patient_860,Origem_do Centro Cirurgico,305002.9385293904,complete,,,do Centro Cirurgico,305002.9385293904,,
Patient_860,CTI (CC),305644.2917871764,start,ctiBeds,0.0,,,,
Patient_860,CTI (CC),310795.25185832387,complete,ctiBeds,0.0,,,,
Patient_860,CTI prepara Encaminhamento,310795.25185832387,start,,0.0,,,,
Patient_860,CTI prepara Encaminhamento,310825.60221697437,complete,,0.0,,,,
Patient_860,Encaminha_para a Clinica Cirurgica,310825.60221697437,complete,,,para a Clinica Cirurgica,310825.60221697437,,
Patient_860,Discharge,310825.60221697437,complete,,,,,,5822.66368758399
Patient_861,Arrival,306960.9767199204,complete,,0.0,,,,
Patient_861,Origem_do Pronto Socorro,306960.9767199204,complete,,,do Pronto Socorro,306960.9767199204,,
Patient_861,CTI (PS),306960.9767199204,start,ctiBeds,0.0,,,,
Patient_861,CTI (PS),340474.25860605115,complete,ctiBeds,0.0,,,,
Patient_861,CTI prepara Encaminhamento,340474.25860605115,start,,0.0,,,,
Patient_861,CTI prepara Encaminhamento,340521.1200567196,complete,,0.0,,,,
Patient_861,Encaminha_para a Clinica Medica,340521.1200567196,complete,,,para a Clinica Medica,340521.1200567196,,
Patient_861,Discharge,340521.1200567196,complete,,,,,,33560.14333679917
Patient_862,Arrival,307288.75955260976,complete,,0.0,,,,
Patient_862,Origem_da Clinica Medica,307288.75955260976,complete,,,da Clinica Medica,307288.75955260976,,
Patient_862,CTI (CLIM),307288.75955260976,start,ctiBeds,0.0,,,,
Patient_862,CTI (CLIM),322570.1990592548,complete,ctiBeds,0.0,,,,
Patient_862,CTI prepara Encaminhamento,322570.1990592548,start,,0.0,,,,
Patient_862,CTI prepara Encaminhamento,322614.6206295478,complete,,0.0,,,,
Patient_862,Encaminha_para a Clinica Cirurgica,322614.6206295478,complete,,,para a Clinica Cirurgica,322614.6206295478,,
Patient_862,Discharge,322614.6206295478,complete,,,,,,15325.861076938047
Patient_863,Arrival,307493.42121465923,complete,,0.0,,,,
Patient_863,Origem_do Pronto Socorro,307493.42121465923,complete,,,do Pronto Socorro,307493.42121465923,,
Patient_863,CTI (PS),307493.42121465923,start,ctiBeds,0.0,,,,
Patient_863,CTI (PS),324716.6749116095,complete,ctiBeds,0.0,,,,
Patient_863,CTI prepara Encaminhamento,324716.6749116095,start,,0.0,,,,
Patient_863,CTI prepara Encaminhamento,324751.5178316079,complete,,0.0,,,,
Patient_863,Encaminha_para a Clinica Medica,324751.5178316079,complete,,,para a Clinica Medica,324751.5178316079,,
Patient_863,Discharge,324751.5178316079,complete,,,,,,17258.096616948664
Patient_864,Arrival,307719.85661442304,complete,,0.0,,,,
Patient_864,Origem_do Pronto Socorro,307719.85661442304,complete,,,do Pronto Socorro,307719.85661442304,,
Patient_864,CTI (PS),307719.85661442304,start,ctiBeds,0.0,,,,
Patient_864,CTI (PS),313375.6886702464,complete,ctiBeds,0.0,,,,
Patient_864,CTI prepara Encaminhamento,313375.6886702464,start,,0.0,,,,
Patient_864,CTI prepara Encaminhamento,313413.80988391535,complete,,0.0,,,,
Patient_864,Encaminha_para a Clinica Cirurgica,313413.80988391535,complete,,,para a Clinica Cirurgica,313413.80988391535,,
Patient_864,Discharge,313413.80988391535,complete,,,,,,5693.953269492311
Patient_865,Arrival,308502.4880677967,complete,,0.0,,,,
Patient_865,Origem_do Centro Cirurgico,308502.4880677967,complete,,,do Centro Cirurgico,308502.4880677967,,
Patient_865,CTI (CC),308502.4880677967,start,ctiBeds,0.0,,,,
Patient_865,CTI (CC),315106.7357674376,complete,ctiBeds,0.0,,,,
Patient_865,CTI prepara Encaminhamento,315106.7357674376,start,,0.0,,,,
Patient_865,CTI prepara Encaminhamento,315144.0052146336,complete,,0.0,,,,
Patient_865,Encaminha_para a Clinica Cirurgica,315144.0052146336,complete,,,para a Clinica Cirurgica,315144.0052146336,,
Patient_865,Discharge,315144.0052146336,complete,,,,,,6641.517146836908
Patient_866,Arrival,308565.6718865184,complete,,0.0,,,,
Patient_866,Origem_da Clinica Medica,308565.6718865184,complete,,,da Clinica Medica,308565.6718865184,,
Patient_866,CTI (CLIM),308565.6718865184,start,ctiBeds,0.0,,,,
Patient_866,CTI (CLIM),319772.07004092186,complete,ctiBeds,0.0,,,,
Patient_866,CTI prepara Encaminhamento,319772.07004092186,start,,0.0,,,,
Patient_866,CTI prepara Encaminhamento,319804.8942905422,complete,,0.0,,,,
Patient_866,Encaminha_para a Clinica Cirurgica,319804.8942905422,complete,,,para a Clinica Cirurgica,319804.8942905422,,
Patient_866,Discharge,319804.8942905422,complete,,,,,,11239.222404023749
Patient_867,Arrival,308644.090595505,complete,,0.0,,,,
Patient_867,Origem_do Centro Cirurgico,308644.090595505,complete,,,do Centro Cirurgico,308644.090595505,,
Patient_867,CTI (CC),308644.090595505,start,ctiBeds,0.0,,,,
Patient_867,CTI (CC),312332.54857170867,complete,ctiBeds,0.0,,,,
Patient_867,CTI prepara Encaminhamento,312332.54857170867,start,,0.0,,,,
Patient_867,CTI prepara Encaminhamento,312385.23696130054,complete,,0.0,,,,
Patient_867,Encaminha_para a Clinica Medica,312385.23696130054,complete,,,para a Clinica Medica,312385.23696130054,,
Patient_867,Discharge,312385.23696130054,complete,,,,,,3741.1463657955173
Patient_868,Arrival,309004.3835170033,complete,,0.0,,,,
Patient_868,Origem_do Pronto Socorro,309004.3835170033,complete,,,do Pronto Socorro,309004.3835170033,,
Patient_868,CTI (PS),309004.3835170033,start,ctiBeds,0.0,,,,
Patient_868,CTI (PS),333619.1036538411,complete,ctiBeds,0.0,,,,
Patient_868,CTI prepara Encaminhamento,333619.1036538411,start,,0.0,,,,
Patient_868,CTI prepara Encaminhamento,333649.3582820534,complete,,0.0,,,,
Patient_868,Encaminha_para a Clinica Cirurgica,333649.3582820534,complete,,,para a Clinica Cirurgica,333649.3582820534,,
Patient_868,Discharge,333649.3582820534,complete,,,,,,24644.97476505005
Patient_869,Arrival,309829.02635566954,complete,,0.0,,,,
Patient_869,Origem_da Clinica Cirurgica,309829.02635566954,complete,,,da Clinica Cirurgica,309829.02635566954,,
Patient_869,CTI (CLIC),309829.02635566954,start,ctiBeds,0.0,,,,
Patient_869,CTI (CLIC),314038.16302926175,complete,ctiBeds,0.0,,,,
Patient_869,CTI prepara Encaminhamento,314038.16302926175,start,,0.0,,,,
Patient_869,CTI prepara Encaminhamento,314072.4138769162,complete,,0.0,,,,
Patient_869,Encaminha_Obito,314072.4138769162,complete,,,Obito,314072.4138769162,,
Patient_869,Discharge,314072.4138769162,complete,,,,,,4243.387521246681
Patient_87,Arrival,23914.874389205375,complete,,0.0,,,,
Patient_87,Origem_do Pronto Socorro,23914.874389205375,complete,,,do Pronto Socorro,23914.874389205375,,
Patient_87,CTI (PS),23914.874389205375,start,ctiBeds,0.0,,,,
Patient_87,CTI (PS),29328.385935611812,complete,ctiBeds,0.0,,,,
Patient_87,CTI prepara Encaminhamento,29328.385935611812,start,,0.0,,,,
Patient_87,CTI prepara Encaminhamento,29384.904524559195,complete,,0.0,,,,
Patient_87,Encaminha_para a Clinica Medica,29384.904524559195,complete,,,para a Clinica Medica,29384.904524559195,,
Patient_87,Discharge,29384.904524559195,complete,,,,,,5470.03013535382
Patient_870,Arrival,310265.9510959054,complete,,0.0,,,,
Patient_870,Origem_do Pronto Socorro,310265.9510959054,complete,,,do Pronto Socorro,310265.9510959054,,
Patient_870,CTI (PS),310265.9510959054,start,ctiBeds,0.0,,,,
Patient_870,CTI (PS),312087.8320750151,complete,ctiBeds,0.0,,,,
Patient_870,CTI prepara Encaminhamento,312087.8320750151,start,,0.0,,,,
Patient_870,CTI prepara Encaminhamento,312124.6339354826,complete,,0.0,,,,
Patient_870,Encaminha_para a Clinica Medica,312124.6339354826,complete,,,para a Clinica Medica,312124.6339354826,,
Patient_870,Discharge,312124.6339354826,complete,,,,,,1858.6828395772027
Patient_871,Arrival,310388.90292003675,complete,,0.0,,,,
Patient_871,Origem_do Pronto Socorro,310388.90292003675,complete,,,do Pronto Socorro,310388.90292003675,,
Patient_871,CTI (PS),310412.0561034217,start,ctiBeds,0.0,,,,
Patient_871,CTI (PS),313193.6841763248,complete,ctiBeds,0.0,,,,
Patient_871,CTI prepara Encaminhamento,313193.6841763248,start,,0.0,,,,
Patient_871,CTI prepara Encaminhamento,313230.7149532049,complete,,0.0,,,,
Patient_871,Encaminha_para a Clinica Cirurgica,313230.7149532049,complete,,,para a Clinica Cirurgica,313230.7149532049,,
Patient_871,Discharge,313230.7149532049,complete,,,,,,2841.8120331681566
Patient_872,Arrival,310874.04381460923,complete,,0.0,,,,
Patient_872,Origem_do Centro Cirurgico,310874.04381460923,complete,,,do Centro Cirurgico,310874.04381460923,,
Patient_872,CTI (CC),310874.04381460923,start,ctiBeds,0.0,,,,
Patient_872,CTI (CC),314493.3391951717,complete,ctiBeds,0.0,,,,
Patient_872,CTI prepara Encaminhamento,314493.3391951717,start,,0.0,,,,
Patient_872,CTI prepara Encaminhamento,314546.1363532907,complete,,0.0,,,,
Patient_872,Encaminha_para a Clinica Cirurgica,314546.1363532907,complete,,,para a Clinica Cirurgica,314546.1363532907,,
Patient_872,Discharge,314546.1363532907,complete,,,,,,3672.0925386814633
Patient_873,Arrival,310909.3674499787,complete,,0.0,,,,
Patient_873,Origem_do Centro Cirurgico,310909.3674499787,complete,,,do Centro Cirurgico,310909.3674499787,,
Patient_873,CTI (CC),310909.3674499787,start,ctiBeds,0.0,,,,
Patient_873,CTI (CC),352211.4782872128,complete,ctiBeds,0.0,,,,
Patient_873,CTI prepara Encaminhamento,352211.4782872128,start,,0.0,,,,
Patient_873,CTI prepara Encaminhamento,352266.5962944705,complete,,0.0,,,,
Patient_873,Encaminha_para a Clinica Cirurgica,352266.5962944705,complete,,,para a Clinica Cirurgica,352266.5962944705,,
Patient_873,Discharge,352266.5962944705,complete,,,,,,41357.228844491765
Patient_874,Arrival,310975.6091543411,complete,,0.0,,,,
Patient_874,Origem_da Clinica Cirurgica,310975.6091543411,complete,,,da Clinica Cirurgica,310975.6091543411,,
Patient_874,CTI (CLIC),310975.6091543411,start,ctiBeds,0.0,,,,
Patient_874,CTI (CLIC),313729.915035005,complete,ctiBeds,0.0,,,,
Patient_874,CTI prepara Encaminhamento,313729.915035005,start,,0.0,,,,
Patient_874,CTI prepara Encaminhamento,313781.2678619998,complete,,0.0,,,,
Patient_874,Encaminha_Transferencia Externa,313781.2678619998,complete,,,Transferencia Externa,313781.2678619998,,
Patient_874,Discharge,313781.2678619998,complete,,,,,,2805.658707658702
Patient_875,Arrival,311272.7422327494,complete,,0.0,,,,
Patient_875,Origem_do Pronto Socorro,311272.7422327494,complete,,,do Pronto Socorro,311272.7422327494,,
Patient_875,CTI (PS),311272.7422327494,start,ctiBeds,0.0,,,,
Patient_875,CTI (PS),317793.0831018159,complete,ctiBeds,0.0,,,,
Patient_875,CTI prepara Encaminhamento,317793.0831018159,start,,0.0,,,,
Patient_875,CTI prepara Encaminhamento,317844.9417008361,complete,,0.0,,,,
Patient_875,Encaminha_para a Clinica Medica,317844.9417008361,complete,,,para a Clinica Medica,317844.9417008361,,
Patient_875,Discharge,317844.9417008361,complete,,,,,,6572.1994680867065
Patient_876,Arrival,311380.02231951593,complete,,0.0,,,,
Patient_876,Origem_do Pronto Socorro,311380.02231951593,complete,,,do Pronto Socorro,311380.02231951593,,
Patient_876,CTI (PS),312087.8320750151,start,ctiBeds,0.0,,,,
Patient_876,CTI (PS),317261.09662150213,complete,ctiBeds,0.0,,,,
Patient_876,CTI prepara Encaminhamento,317261.09662150213,start,,0.0,,,,
Patient_876,CTI prepara Encaminhamento,317320.8982717689,complete,,0.0,,,,
Patient_876,Encaminha_Obito,317320.8982717689,complete,,,Obito,317320.8982717689,,
Patient_876,Discharge,317320.8982717689,complete,,,,,,5940.8759522529435
Patient_877,Arrival,312020.35269665124,complete,,0.0,,,,
Patient_877,Origem_do Pronto Socorro,312020.35269665124,complete,,,do Pronto Socorro,312020.35269665124,,
Patient_877,CTI (PS),312254.60450262245,start,ctiBeds,0.0,,,,
Patient_877,CTI (PS),313784.8031985443,complete,ctiBeds,0.0,,,,
Patient_877,CTI prepara Encaminhamento,313784.8031985443,start,,0.0,,,,
Patient_877,CTI prepara Encaminhamento,313819.99346911436,complete,,0.0,,,,
Patient_877,Encaminha_para a Clinica Cirurgica,313819.99346911436,complete,,,para a Clinica Cirurgica,313819.99346911436,,
Patient_877,Discharge,313819.99346911436,complete,,,,,,1799.6407724631135
Patient_878,Arrival,313370.5515967267,complete,,0.0,,,,
Patient_878,Origem_do Pronto Socorro,313370.5515967267,complete,,,do Pronto Socorro,313370.5515967267,,
Patient_878,CTI (PS),313370.5515967267,start,ctiBeds,0.0,,,,
Patient_878,CTI (PS),325607.04426532844,complete,ctiBeds,0.0,,,,
Patient_878,CTI prepara Encaminhamento,325607.04426532844,start,,0.0,,,,
Patient_878,CTI prepara Encaminhamento,325646.97948747803,complete,,0.0,,,,
Patient_878,Encaminha_Obito,325646.97948747803,complete,,,Obito,325646.97948747803,,
Patient_878,Discharge,325646.97948747803,complete,,,,,,12276.427890751336
Patient_879,Arrival,313399.84215766774,complete,,0.0,,,,
Patient_879,Origem_do Pronto Socorro,313399.84215766774,complete,,,do Pronto Socorro,313399.84215766774,,
Patient_879,CTI (PS),313399.84215766774,start,ctiBeds,0.0,,,,
Patient_879,CTI (PS),336976.33074354223,complete,ctiBeds,0.0,,,,
Patient_879,CTI prepara Encaminhamento,336976.33074354223,start,,0.0,,,,
Patient_879,CTI prepara Encaminhamento,337025.9128930387,complete,,0.0,,,,
Patient_879,Encaminha_para a Clinica Cirurgica,337025.9128930387,complete,,,para a Clinica Cirurgica,337025.9128930387,,
Patient_879,Discharge,337025.9128930387,complete,,,,,,23626.070735370973
Patient_88,Arrival,24775.71400698203,complete,,0.0,,,,
Patient_88,Origem_do Pronto Socorro,24775.71400698203,complete,,,do Pronto Socorro,24775.71400698203,,
Patient_88,CTI (PS),24775.71400698203,start,ctiBeds,0.0,,,,
Patient_88,CTI (PS),47226.32305120467,complete,ctiBeds,0.0,,,,
Patient_88,CTI prepara Encaminhamento,47226.32305120467,start,,0.0,,,,
Patient_88,CTI prepara Encaminhamento,47274.36618070883,complete,,0.0,,,,
Patient_88,Encaminha_para a Clinica Cirurgica,47274.36618070883,complete,,,para a Clinica Cirurgica,47274.36618070883,,
Patient_88,Discharge,47274.36618070883,complete,,,,,,22498.652173726798
Patient_880,Arrival,313651.23763382476,complete,,0.0,,,,
Patient_880,Origem_do Pronto Socorro,313651.23763382476,complete,,,do Pronto Socorro,313651.23763382476,,
Patient_880,CTI (PS),313651.23763382476,start,ctiBeds,0.0,,,,
Patient_880,CTI (PS),351484.0246077236,complete,ctiBeds,0.0,,,,
Patient_880,CTI prepara Encaminhamento,351484.0246077236,start,,0.0,,,,
Patient_880,CTI prepara Encaminhamento,351517.2153849954,complete,,0.0,,,,
Patient_880,Encaminha_Obito,351517.2153849954,complete,,,Obito,351517.2153849954,,
Patient_880,Discharge,351517.2153849954,complete,,,,,,37865.977751170634
Patient_881,Arrival,313667.4018744881,complete,,0.0,,,,
Patient_881,Origem_da Clinica Medica,313667.4018744881,complete,,,da Clinica Medica,313667.4018744881,,
Patient_881,CTI (CLIM),313729.915035005,start,ctiBeds,0.0,,,,
Patient_881,CTI (CLIM),316087.3330067244,complete,ctiBeds,0.0,,,,
Patient_881,CTI prepara Encaminhamento,316087.3330067244,start,,0.0,,,,
Patient_881,CTI prepara Encaminhamento,316139.3591435551,complete,,0.0,,,,
Patient_881,Encaminha_para a Clinica Medica,316139.3591435551,complete,,,para a Clinica Medica,316139.3591435551,,
Patient_881,Discharge,316139.3591435551,complete,,,,,,2471.957269067003
Patient_882,Arrival,313871.15659677814,complete,,0.0,,,,
Patient_882,Origem_da Clinica Cirurgica,313871.15659677814,complete,,,da Clinica Cirurgica,313871.15659677814,,
Patient_882,CTI (CLIC),313871.15659677814,start,ctiBeds,0.0,,,,
Patient_882,CTI (CLIC),317293.4179492379,complete,ctiBeds,0.0,,,,
Patient_882,CTI prepara Encaminhamento,317293.4179492379,start,,0.0,,,,
Patient_882,CTI prepara Encaminhamento,317340.61878569645,complete,,0.0,,,,
Patient_882,Encaminha_Obito,317340.61878569645,complete,,,Obito,317340.61878569645,,
Patient_882,Discharge,317340.61878569645,complete,,,,,,3469.462188918318
Patient_883,Arrival,314103.5120784436,complete,,0.0,,,,
Patient_883,Origem_do Pronto Socorro,314103.5120784436,complete,,,do Pronto Socorro,314103.5120784436,,
Patient_883,CTI (PS),314103.5120784436,start,ctiBeds,0.0,,,,
Patient_883,CTI (PS),318853.94896478864,complete,ctiBeds,0.0,,,,
Patient_883,CTI prepara Encaminhamento,318853.94896478864,start,,0.0,,,,
Patient_883,CTI prepara Encaminhamento,318907.4032878228,complete,,0.0,,,,
Patient_883,Encaminha_para a Clinica Medica,318907.4032878228,complete,,,para a Clinica Medica,318907.4032878228,,
Patient_883,Discharge,318907.4032878228,complete,,,,,,4803.891209379188
Patient_884,Arrival,314588.9161088475,complete,,0.0,,,,
Patient_884,Origem_do Centro Cirurgico,314588.9161088475,complete,,,do Centro Cirurgico,314588.9161088475,,
Patient_884,CTI (CC),314588.9161088475,start,ctiBeds,0.0,,,,
Patient_884,CTI (CC),316489.58803322434,complete,ctiBeds,0.0,,,,
Patient_884,CTI prepara Encaminhamento,316489.58803322434,start,,0.0,,,,
Patient_884,CTI prepara Encaminhamento,316526.95424514124,complete,,0.0,,,,
Patient_884,Encaminha_para a Clinica Cirurgica,316526.95424514124,complete,,,para a Clinica Cirurgica,316526.95424514124,,
Patient_884,Discharge,316526.95424514124,complete,,,,,,1938.0381362937624
Patient_885,Arrival,315274.470656614,complete,,0.0,,,,
Patient_885,Origem_do Pronto Socorro,315274.470656614,complete,,,do Pronto Socorro,315274.470656614,,
Patient_885,CTI (PS),315274.470656614,start,ctiBeds,0.0,,,,
Patient_885,CTI (PS),324827.7155284282,complete,ctiBeds,0.0,,,,
Patient_885,CTI prepara Encaminhamento,324827.7155284282,start,,0.0,,,,
Patient_885,CTI prepara Encaminhamento,324859.2113031919,complete,,0.0,,,,
Patient_885,Encaminha_para a Clinica Cirurgica,324859.2113031919,complete,,,para a Clinica Cirurgica,324859.2113031919,,
Patient_885,Discharge,324859.2113031919,complete,,,,,,9584.740646577906
Patient_886,Arrival,316503.95192566107,complete,,0.0,,,,
Patient_886,Origem_do Pronto Socorro,316503.95192566107,complete,,,do Pronto Socorro,316503.95192566107,,
Patient_886,CTI (PS),316503.95192566107,start,ctiBeds,0.0,,,,
Patient_886,CTI (PS),332816.06176262244,complete,ctiBeds,0.0,,,,
Patient_886,CTI prepara Encaminhamento,332816.06176262244,start,,0.0,,,,
Patient_886,CTI prepara Encaminhamento,332849.0124077768,complete,,0.0,,,,
Patient_886,Encaminha_para a Clinica Medica,332849.0124077768,complete,,,para a Clinica Medica,332849.0124077768,,
Patient_886,Discharge,332849.0124077768,complete,,,,,,16345.060482115718
Patient_887,Arrival,316801.99000514,complete,,0.0,,,,
Patient_887,Origem_do Pronto Socorro,316801.99000514,complete,,,do Pronto Socorro,316801.99000514,,
Patient_887,CTI (PS),316801.99000514,start,ctiBeds,0.0,,,,
Patient_887,CTI (PS),321571.571137085,complete,ctiBeds,0.0,,,,
Patient_887,CTI prepara Encaminhamento,321571.571137085,start,,0.0,,,,
Patient_887,CTI prepara Encaminhamento,321630.40333121474,complete,,0.0,,,,
Patient_887,Encaminha_para a Clinica Medica,321630.40333121474,complete,,,para a Clinica Medica,321630.40333121474,,
Patient_887,Discharge,321630.40333121474,complete,,,,,,4828.4133260747185
Patient_888,Arrival,316880.74980836787,complete,,0.0,,,,
Patient_888,Origem_do Centro Cirurgico,316880.74980836787,complete,,,do Centro Cirurgico,316880.74980836787,,
Patient_888,CTI (CC),317261.09662150213,start,ctiBeds,0.0,,,,
Patient_888,CTI (CC),343467.95497267763,complete,ctiBeds,0.0,,,,
Patient_888,CTI prepara Encaminhamento,343467.95497267763,start,,0.0,,,,
Patient_888,CTI prepara Encaminhamento,343527.71834040066,complete,,0.0,,,,
Patient_888,Encaminha_para a Clinica Cirurgica,343527.71834040066,complete,,,para a Clinica Cirurgica,343527.71834040066,,
Patient_888,Discharge,343527.71834040066,complete,,,,,,26646.9685320328
Patient_889,Arrival,316956.46846683597,complete,,0.0,,,,
Patient_889,Origem_do Pronto Socorro,316956.46846683597,complete,,,do Pronto Socorro,316956.46846683597,,
Patient_889,CTI (PS),317293.4179492379,start,ctiBeds,0.0,,,,
Patient_889,CTI (PS),320691.8708479012,complete,ctiBeds,0.0,,,,
Patient_889,CTI prepara Encaminhamento,320691.8708479012,start,,0.0,,,,
Patient_889,CTI prepara Encaminhamento,320739.3440458257,complete,,0.0,,,,
Patient_889,Encaminha_Obito,320739.3440458257,complete,,,Obito,320739.3440458257,,
Patient_889,Discharge,320739.3440458257,complete,,,,,,3782.8755789897405
Patient_89,Arrival,24846.540360112835,complete,,0.0,,,,
Patient_89,Origem_do Centro Cirurgico,24846.540360112835,complete,,,do Centro Cirurgico,24846.540360112835,,
Patient_89,CTI (CC),24846.540360112835,start,ctiBeds,0.0,,,,
Patient_89,CTI (CC),25907.643517871267,complete,ctiBeds,0.0,,,,
Patient_89,CTI prepara Encaminhamento,25907.643517871267,start,,0.0,,,,
Patient_89,CTI prepara Encaminhamento,25955.526924265294,complete,,0.0,,,,
Patient_89,Encaminha_Obito,25955.526924265294,complete,,,Obito,25955.526924265294,,
Patient_89,Discharge,25955.526924265294,complete,,,,,,1108.9865641524593
Patient_890,Arrival,318085.7335695663,complete,,0.0,,,,
Patient_890,Origem_do Pronto Socorro,318085.7335695663,complete,,,do Pronto Socorro,318085.7335695663,,
Patient_890,CTI (PS),318085.7335695663,start,ctiBeds,0.0,,,,
Patient_890,CTI (PS),326409.7709818577,complete,ctiBeds,0.0,,,,
Patient_890,CTI prepara Encaminhamento,326409.7709818577,start,,0.0,,,,
Patient_890,CTI prepara Encaminhamento,326444.4265183065,complete,,0.0,,,,
Patient_890,Encaminha_para a Clinica Cirurgica,326444.4265183065,complete,,,para a Clinica Cirurgica,326444.4265183065,,
Patient_890,Discharge,326444.4265183065,complete,,,,,,8358.692948740209
Patient_891,Arrival,318706.1764998288,complete,,0.0,,,,
Patient_891,Origem_da Clinica Medica,318706.1764998288,complete,,,da Clinica Medica,318706.1764998288,,
Patient_891,CTI (CLIM),318706.1764998288,start,ctiBeds,0.0,,,,
Patient_891,CTI (CLIM),368090.6255155818,complete,ctiBeds,0.0,,,,
Patient_891,CTI prepara Encaminhamento,368090.6255155818,start,,0.0,,,,
Patient_891,CTI prepara Encaminhamento,368137.47224353533,complete,,0.0,,,,
Patient_891,Encaminha_Transferencia Externa,368137.47224353533,complete,,,Transferencia Externa,368137.47224353533,,
Patient_891,Discharge,368137.47224353533,complete,,,,,,49431.29574370652
Patient_892,Arrival,318895.26332432806,complete,,0.0,,,,
Patient_892,Origem_do Pronto Socorro,318895.26332432806,complete,,,do Pronto Socorro,318895.26332432806,,
Patient_892,CTI (PS),318895.26332432806,start,ctiBeds,0.0,,,,
Patient_892,CTI (PS),319010.82617785514,complete,ctiBeds,0.0,,,,
Patient_892,CTI prepara Encaminhamento,319010.82617785514,start,,0.0,,,,
Patient_892,CTI prepara Encaminhamento,319054.3122020101,complete,,0.0,,,,
Patient_892,Encaminha_Obito,319054.3122020101,complete,,,Obito,319054.3122020101,,
Patient_892,Discharge,319054.3122020101,complete,,,,,,159.04887768201297
Patient_893,Arrival,319490.0408968343,complete,,0.0,,,,
Patient_893,Origem_da Clinica Cirurgica,319490.0408968343,complete,,,da Clinica Cirurgica,319490.0408968343,,
Patient_893,CTI (CLIC),319490.0408968343,start,ctiBeds,0.0,,,,
Patient_893,CTI (CLIC),346066.27783841296,complete,ctiBeds,0.0,,,,
Patient_893,CTI prepara Encaminhamento,346066.27783841296,start,,0.0,,,,
Patient_893,CTI prepara Encaminhamento,346121.12489431293,complete,,0.0,,,,
Patient_893,Encaminha_para a Clinica Cirurgica,346121.12489431293,complete,,,para a Clinica Cirurgica,346121.12489431293,,
Patient_893,Discharge,346121.12489431293,complete,,,,,,26631.08399747865
Patient_894,Arrival,319729.6021109745,complete,,0.0,,,,
Patient_894,Origem_do Centro Cirurgico,319729.6021109745,complete,,,do Centro Cirurgico,319729.6021109745,,
Patient_894,CTI (CC),319729.6021109745,start,ctiBeds,0.0,,,,
Patient_894,CTI (CC),320852.40498371114,complete,ctiBeds,0.0,,,,
Patient_894,CTI prepara Encaminhamento,320852.40498371114,start,,0.0,,,,
Patient_894,CTI prepara Encaminhamento,320882.5757679548,complete,,0.0,,,,
Patient_894,Encaminha_Obito,320882.5757679548,complete,,,Obito,320882.5757679548,,
Patient_894,Discharge,320882.5757679548,complete,,,,,,1152.9736569803208
Patient_895,Arrival,319732.1255424379,complete,,0.0,,,,
Patient_895,Origem_do Pronto Socorro,319732.1255424379,complete,,,do Pronto Socorro,319732.1255424379,,
Patient_895,CTI (PS),319732.1255424379,start,ctiBeds,0.0,,,,
Patient_895,CTI (PS),343576.5679992534,complete,ctiBeds,0.0,,,,
Patient_895,CTI prepara Encaminhamento,343576.5679992534,start,,0.0,,,,
Patient_895,CTI prepara Encaminhamento,343614.6783658954,complete,,0.0,,,,
Patient_895,Encaminha_para a Clinica Medica,343614.6783658954,complete,,,para a Clinica Medica,343614.6783658954,,
Patient_895,Discharge,343614.6783658954,complete,,,,,,23882.552823457518
Patient_896,Arrival,319818.6156578422,complete,,0.0,,,,
Patient_896,Origem_do Pronto Socorro,319818.6156578422,complete,,,do Pronto Socorro,319818.6156578422,,
Patient_896,CTI (PS),319818.6156578422,start,ctiBeds,0.0,,,,
Patient_896,CTI (PS),321944.7190456294,complete,ctiBeds,0.0,,,,
Patient_896,CTI prepara Encaminhamento,321944.7190456294,start,,0.0,,,,
Patient_896,CTI prepara Encaminhamento,321997.9831146883,complete,,0.0,,,,
Patient_896,Encaminha_para a Clinica Cirurgica,321997.9831146883,complete,,,para a Clinica Cirurgica,321997.9831146883,,
Patient_896,Discharge,321997.9831146883,complete,,,,,,2179.367456846114
Patient_897,Arrival,319884.35535992024,complete,,0.0,,,,
Patient_897,Origem_do Pronto Socorro,319884.35535992024,complete,,,do Pronto Socorro,319884.35535992024,,
Patient_897,CTI (PS),319884.35535992024,start,ctiBeds,0.0,,,,
Patient_897,CTI (PS),338812.561078539,complete,ctiBeds,0.0,,,,
Patient_897,CTI prepara Encaminhamento,338812.561078539,start,,0.0,,,,
Patient_897,CTI prepara Encaminhamento,338844.0349537453,complete,,0.0,,,,
Patient_897,Encaminha_para a Clinica Medica,338844.0349537453,complete,,,para a Clinica Medica,338844.0349537453,,
Patient_897,Discharge,338844.0349537453,complete,,,,,,18959.679593825073
Patient_898,Arrival,320196.09570079925,complete,,0.0,,,,
Patient_898,Origem_do Centro Cirurgico,320196.09570079925,complete,,,do Centro Cirurgico,320196.09570079925,,
Patient_898,CTI (CC),320196.09570079925,start,ctiBeds,0.0,,,,
Patient_898,CTI (CC),349319.3783055947,complete,ctiBeds,0.0,,,,
Patient_898,CTI prepara Encaminhamento,349319.3783055947,start,,0.0,,,,
Patient_898,CTI prepara Encaminhamento,349364.16290450294,complete,,0.0,,,,
Patient_898,Encaminha_para a Clinica Medica,349364.16290450294,complete,,,para a Clinica Medica,349364.16290450294,,
Patient_898,Discharge,349364.16290450294,complete,,,,,,29168.067203703686
Patient_899,Arrival,320875.67260067764,complete,,0.0,,,,
Patient_899,Origem_do Pronto Socorro,320875.67260067764,complete,,,do Pronto Socorro,320875.67260067764,,
Patient_899,CTI (PS),320875.67260067764,start,ctiBeds,0.0,,,,
Patient_899,CTI (PS),331429.72743587225,complete,ctiBeds,0.0,,,,
Patient_899,CTI prepara Encaminhamento,331429.72743587225,start,,0.0,,,,
Patient_899,CTI prepara Encaminhamento,331483.81017844356,complete,,0.0,,,,
Patient_899,Encaminha_para a Clinica Medica,331483.81017844356,complete,,,para a Clinica Medica,331483.81017844356,,
Patient_899,Discharge,331483.81017844356,complete,,,,,,10608.137577765912
Patient_9,Arrival,2170.772360392042,complete,,0.0,,,,
Patient_9,Origem_do Pronto Socorro,2170.772360392042,complete,,,do Pronto Socorro,2170.772360392042,,
Patient_9,CTI (PS),2170.772360392042,start,ctiBeds,0.0,,,,
Patient_9,CTI (PS),4993.206953936384,complete,ctiBeds,0.0,,,,
Patient_9,CTI prepara Encaminhamento,4993.206953936384,start,,0.0,,,,
Patient_9,CTI prepara Encaminhamento,5048.084708112127,complete,,0.0,,,,
Patient_9,Encaminha_para a Clinica Cirurgica,5048.084708112127,complete,,,para a Clinica Cirurgica,5048.084708112127,,
Patient_9,Discharge,5048.084708112127,complete,,,,,,2877.312347720085
Patient_90,Arrival,25385.938622612888,complete,,0.0,,,,
Patient_90,Origem_da Clinica Medica,25385.938622612888,complete,,,da Clinica Medica,25385.938622612888,,
Patient_90,CTI (CLIM),25385.938622612888,start,ctiBeds,0.0,,,,
Patient_90,CTI (CLIM),63475.80139654089,complete,ctiBeds,0.0,,,,
Patient_90,CTI prepara Encaminhamento,63475.80139654089,start,,0.0,,,,
Patient_90,CTI prepara Encaminhamento,63528.77056993928,complete,,0.0,,,,
Patient_90,Encaminha_para a Clinica Cirurgica,63528.77056993928,complete,,,para a Clinica Cirurgica,63528.77056993928,,
Patient_90,Discharge,63528.77056993928,complete,,,,,,38142.8319473264
Patient_900,Arrival,321699.1798700617,complete,,0.0,,,,
Patient_900,Origem_do Pronto Socorro,321699.1798700617,complete,,,do Pronto Socorro,321699.1798700617,,
Patient_900,CTI (PS),321699.1798700617,start,ctiBeds,0.0,,,,
Patient_900,CTI (PS),339799.5541651893,complete,ctiBeds,0.0,,,,
Patient_900,CTI prepara Encaminhamento,339799.5541651893,start,,0.0,,,,
Patient_900,CTI prepara Encaminhamento,339857.6103532406,complete,,0.0,,,,
Patient_900,Encaminha_para a Clinica Cirurgica,339857.6103532406,complete,,,para a Clinica Cirurgica,339857.6103532406,,
Patient_900,Discharge,339857.6103532406,complete,,,,,,18158.430483178934
Patient_901,Arrival,321751.96283759386,complete,,0.0,,,,
Patient_901,Origem_do Pronto Socorro,321751.96283759386,complete,,,do Pronto Socorro,321751.96283759386,,
Patient_901,CTI (PS),321751.96283759386,start,ctiBeds,0.0,,,,
Patient_901,CTI (PS),330002.79413005617,complete,ctiBeds,0.0,,,,
Patient_901,CTI prepara Encaminhamento,330002.79413005617,start,,0.0,,,,
Patient_901,CTI prepara Encaminhamento,330039.75488812354,complete,,0.0,,,,
Patient_901,Encaminha_para a Clinica Cirurgica,330039.75488812354,complete,,,para a Clinica Cirurgica,330039.75488812354,,
Patient_901,Discharge,330039.75488812354,complete,,,,,,8287.792050529679
Patient_902,Arrival,322125.0280038644,complete,,0.0,,,,
Patient_902,Origem_da Clinica Medica,322125.0280038644,complete,,,da Clinica Medica,322125.0280038644,,
Patient_902,CTI (CLIM),322125.0280038644,start,ctiBeds,0.0,,,,
Patient_902,CTI (CLIM),335629.35530320863,complete,ctiBeds,0.0,,,,
Patient_902,CTI prepara Encaminhamento,335629.35530320863,start,,0.0,,,,
Patient_902,CTI prepara Encaminhamento,335684.8199845787,complete,,0.0,,,,
Patient_902,Encaminha_Obito,335684.8199845787,complete,,,Obito,335684.8199845787,,
Patient_902,Discharge,335684.8199845787,complete,,,,,,13559.791980714304
Patient_903,Arrival,322411.6605539493,complete,,0.0,,,,
Patient_903,Origem_do Pronto Socorro,322411.6605539493,complete,,,do Pronto Socorro,322411.6605539493,,
Patient_903,CTI (PS),322570.1990592548,start,ctiBeds,0.0,,,,
Patient_903,CTI (PS),348196.8589698904,complete,ctiBeds,0.0,,,,
Patient_903,CTI prepara Encaminhamento,348196.8589698904,start,,0.0,,,,
Patient_903,CTI prepara Encaminhamento,348255.4638835662,complete,,0.0,,,,
Patient_903,Encaminha_para a Clinica Medica,348255.4638835662,complete,,,para a Clinica Medica,348255.4638835662,,
Patient_903,Discharge,348255.4638835662,complete,,,,,,25843.8033296169
Patient_904,Arrival,323529.10611162934,complete,,0.0,,,,
Patient_904,Origem_do Centro Cirurgico,323529.10611162934,complete,,,do Centro Cirurgico,323529.10611162934,,
Patient_904,CTI (CC),323529.10611162934,start,ctiBeds,0.0,,,,
Patient_904,CTI (CC),478402.81715089455,complete,ctiBeds,0.0,,,,
Patient_904,CTI prepara Encaminhamento,478402.81715089455,start,,0.0,,,,
Patient_904,CTI prepara Encaminhamento,478452.97760813765,complete,,0.0,,,,
Patient_904,Encaminha_para a Clinica Medica,478452.97760813765,complete,,,para a Clinica Medica,478452.97760813765,,
Patient_904,Discharge,478452.97760813765,complete,,,,,,154923.8714965083
Patient_905,Arrival,324065.500689696,complete,,0.0,,,,
Patient_905,Origem_da Clinica Cirurgica,324065.500689696,complete,,,da Clinica Cirurgica,324065.500689696,,
Patient_905,CTI (CLIC),324065.500689696,start,ctiBeds,0.0,,,,
Patient_905,CTI (CLIC),324409.41464446526,complete,ctiBeds,0.0,,,,
Patient_905,CTI prepara Encaminhamento,324409.41464446526,start,,0.0,,,,
Patient_905,CTI prepara Encaminhamento,324464.9334248296,complete,,0.0,,,,
Patient_905,Encaminha_para a Clinica Cirurgica,324464.9334248296,complete,,,para a Clinica Cirurgica,324464.9334248296,,
Patient_905,Discharge,324464.9334248296,complete,,,,,,399.4327351336251
Patient_906,Arrival,325004.8760286836,complete,,0.0,,,,
Patient_906,Origem_do Pronto Socorro,325004.8760286836,complete,,,do Pronto Socorro,325004.8760286836,,
Patient_906,CTI (PS),325004.8760286836,start,ctiBeds,0.0,,,,
Patient_906,CTI (PS),328194.0905242604,complete,ctiBeds,0.0,,,,
Patient_906,CTI prepara Encaminhamento,328194.0905242604,start,,0.0,,,,
Patient_906,CTI prepara Encaminhamento,328235.8256946712,complete,,0.0,,,,
Patient_906,Encaminha_Obito,328235.8256946712,complete,,,Obito,328235.8256946712,,
Patient_906,Discharge,328235.8256946712,complete,,,,,,3230.949665987573
Patient_907,Arrival,325115.8112990377,complete,,0.0,,,,
Patient_907,Origem_do Pronto Socorro,325115.8112990377,complete,,,do Pronto Socorro,325115.8112990377,,
Patient_907,CTI (PS),325115.8112990377,start,ctiBeds,0.0,,,,
Patient_907,CTI (PS),334335.31851399876,complete,ctiBeds,0.0,,,,
Patient_907,CTI prepara Encaminhamento,334335.31851399876,start,,0.0,,,,
Patient_907,CTI prepara Encaminhamento,334382.0886229503,complete,,0.0,,,,
Patient_907,Encaminha_Obito,334382.0886229503,complete,,,Obito,334382.0886229503,,
Patient_907,Discharge,334382.0886229503,complete,,,,,,9266.277323912596
Patient_908,Arrival,325889.64062217047,complete,,0.0,,,,
Patient_908,Origem_do Pronto Socorro,325889.64062217047,complete,,,do Pronto Socorro,325889.64062217047,,
Patient_908,CTI (PS),325889.64062217047,start,ctiBeds,0.0,,,,
Patient_908,CTI (PS),332599.077636744,complete,ctiBeds,0.0,,,,
Patient_908,CTI prepara Encaminhamento,332599.077636744,start,,0.0,,,,
Patient_908,CTI prepara Encaminhamento,332655.04135237297,complete,,0.0,,,,
Patient_908,Encaminha_para a Clinica Medica,332655.04135237297,complete,,,para a Clinica Medica,332655.04135237297,,
Patient_908,Discharge,332655.04135237297,complete,,,,,,6765.400730202498
Patient_909,Arrival,326176.5392571111,complete,,0.0,,,,
Patient_909,Origem_do Pronto Socorro,326176.5392571111,complete,,,do Pronto Socorro,326176.5392571111,,
Patient_909,CTI (PS),326176.5392571111,start,ctiBeds,0.0,,,,
Patient_909,CTI (PS),327297.4229606058,complete,ctiBeds,0.0,,,,
Patient_909,CTI prepara Encaminhamento,327297.4229606058,start,,0.0,,,,
Patient_909,CTI prepara Encaminhamento,327353.8092684321,complete,,0.0,,,,
Patient_909,Encaminha_para a Clinica Medica,327353.8092684321,complete,,,para a Clinica Medica,327353.8092684321,,
Patient_909,Discharge,327353.8092684321,complete,,,,,,1177.2700113210012
Patient_91,Arrival,25710.87211505785,complete,,0.0,,,,
Patient_91,Origem_do Pronto Socorro,25710.87211505785,complete,,,do Pronto Socorro,25710.87211505785,,
Patient_91,CTI (PS),25710.87211505785,start,ctiBeds,0.0,,,,
Patient_91,CTI (PS),49160.52777526711,complete,ctiBeds,0.0,,,,
Patient_91,CTI prepara Encaminhamento,49160.52777526711,start,,0.0,,,,
Patient_91,CTI prepara Encaminhamento,49195.92008306122,complete,,0.0,,,,
Patient_91,Encaminha_para a Clinica Cirurgica,49195.92008306122,complete,,,para a Clinica Cirurgica,49195.92008306122,,
Patient_91,Discharge,49195.92008306122,complete,,,,,,23485.047968003368
Patient_910,Arrival,326260.00140173436,complete,,0.0,,,,
Patient_910,Origem_da Clinica Cirurgica,326260.00140173436,complete,,,da Clinica Cirurgica,326260.00140173436,,
Patient_910,CTI (CLIC),326260.00140173436,start,ctiBeds,0.0,,,,
Patient_910,CTI (CLIC),328296.77428622794,complete,ctiBeds,0.0,,,,
Patient_910,CTI prepara Encaminhamento,328296.77428622794,start,,0.0,,,,
Patient_910,CTI prepara Encaminhamento,328340.81391117774,complete,,0.0,,,,
Patient_910,Encaminha_para a Clinica Cirurgica,328340.81391117774,complete,,,para a Clinica Cirurgica,328340.81391117774,,
Patient_910,Discharge,328340.81391117774,complete,,,,,,2080.812509443378
Patient_911,Arrival,326450.6403400251,complete,,0.0,,,,
Patient_911,Origem_do Centro Cirurgico,326450.6403400251,complete,,,do Centro Cirurgico,326450.6403400251,,
Patient_911,CTI (CC),326450.6403400251,start,ctiBeds,0.0,,,,
Patient_911,CTI (CC),330956.4801479562,complete,ctiBeds,0.0,,,,
Patient_911,CTI prepara Encaminhamento,330956.4801479562,start,,0.0,,,,
Patient_911,CTI prepara Encaminhamento,331015.3997538512,complete,,0.0,,,,
Patient_911,Encaminha_para a Clinica Medica,331015.3997538512,complete,,,para a Clinica Medica,331015.3997538512,,
Patient_911,Discharge,331015.3997538512,complete,,,,,,4564.759413826105
Patient_912,Arrival,326500.1289074022,complete,,0.0,,,,
Patient_912,Origem_do Pronto Socorro,326500.1289074022,complete,,,do Pronto Socorro,326500.1289074022,,
Patient_912,CTI (PS),326773.4292695542,start,ctiBeds,0.0,,,,
Patient_912,CTI (PS),353820.3911135553,complete,ctiBeds,0.0,,,,
Patient_912,CTI prepara Encaminhamento,353820.3911135553,start,,0.0,,,,
Patient_912,CTI prepara Encaminhamento,353864.614615126,complete,,0.0,,,,
Patient_912,Encaminha_Obito,353864.614615126,complete,,,Obito,353864.614615126,,
Patient_912,Discharge,353864.614615126,complete,,,,,,27364.48570772377
Patient_913,Arrival,326617.94648620806,complete,,0.0,,,,
Patient_913,Origem_do Pronto Socorro,326617.94648620806,complete,,,do Pronto Socorro,326617.94648620806,,
Patient_913,CTI (PS),327297.4229606058,start,ctiBeds,0.0,,,,
Patient_913,CTI (PS),334606.21219053445,complete,ctiBeds,0.0,,,,
Patient_913,CTI prepara Encaminhamento,334606.21219053445,start,,0.0,,,,
Patient_913,CTI prepara Encaminhamento,334665.8116610022,complete,,0.0,,,,
Patient_913,Encaminha_Obito,334665.8116610022,complete,,,Obito,334665.8116610022,,
Patient_913,Discharge,334665.8116610022,complete,,,,,,8047.865174794162
Patient_914,Arrival,326636.15675863036,complete,,0.0,,,,
Patient_914,Origem_do Pronto Socorro,326636.15675863036,complete,,,do Pronto Socorro,326636.15675863036,,
Patient_914,CTI (PS),328194.0905242604,start,ctiBeds,0.0,,,,
Patient_914,CTI (PS),336502.90660869755,complete,ctiBeds,0.0,,,,
Patient_914,CTI prepara Encaminhamento,336502.90660869755,start,,0.0,,,,
Patient_914,CTI prepara Encaminhamento,336537.13388111093,complete,,0.0,,,,
Patient_914,Encaminha_Obito,336537.13388111093,complete,,,Obito,336537.13388111093,,
Patient_914,Discharge,336537.13388111093,complete,,,,,,9900.977122480574
Patient_915,Arrival,327089.91341325146,complete,,0.0,,,,
Patient_915,Origem_do Pronto Socorro,327089.91341325146,complete,,,do Pronto Socorro,327089.91341325146,,
Patient_915,CTI (PS),328296.77428622794,start,ctiBeds,0.0,,,,
Patient_915,CTI (PS),342624.8357266575,complete,ctiBeds,0.0,,,,
Patient_915,CTI prepara Encaminhamento,342624.8357266575,start,,0.0,,,,
Patient_915,CTI prepara Encaminhamento,342669.13826520205,complete,,0.0,,,,
Patient_915,Encaminha_para a Clinica Medica,342669.13826520205,complete,,,para a Clinica Medica,342669.13826520205,,
Patient_915,Discharge,342669.13826520205,complete,,,,,,15579.224851950596
Patient_916,Arrival,327620.5736307452,complete,,0.0,,,,
Patient_916,Origem_da Clinica Medica,327620.5736307452,complete,,,da Clinica Medica,327620.5736307452,,
Patient_916,CTI (CLIM),329945.10616904567,start,ctiBeds,0.0,,,,
Patient_916,CTI (CLIM),348490.5280144907,complete,ctiBeds,0.0,,,,
Patient_916,CTI prepara Encaminhamento,348490.5280144907,start,,0.0,,,,
Patient_916,CTI prepara Encaminhamento,348543.7561036766,complete,,0.0,,,,
Patient_916,Encaminha_para a Clinica Medica,348543.7561036766,complete,,,para a Clinica Medica,348543.7561036766,,
Patient_916,Discharge,348543.7561036766,complete,,,,,,20923.182472931454
Patient_917,Arrival,327746.5832747158,complete,,0.0,,,,
Patient_917,Origem_do Pronto Socorro,327746.5832747158,complete,,,do Pronto Socorro,327746.5832747158,,
Patient_917,CTI (PS),330002.79413005617,start,ctiBeds,0.0,,,,
Patient_917,CTI (PS),343233.29898803233,complete,ctiBeds,0.0,,,,
Patient_917,CTI prepara Encaminhamento,343233.29898803233,start,,0.0,,,,
Patient_917,CTI prepara Encaminhamento,343290.7439788808,complete,,0.0,,,,
Patient_917,Encaminha_para a Clinica Medica,343290.7439788808,complete,,,para a Clinica Medica,343290.7439788808,,
Patient_917,Discharge,343290.7439788808,complete,,,,,,15544.160704164999
Patient_918,Arrival,327756.05647159327,complete,,0.0,,,,
Patient_918,Origem_do Centro Cirurgico,327756.05647159327,complete,,,do Centro Cirurgico,327756.05647159327,,
Patient_918,CTI (CC),330110.53440745745,start,ctiBeds,0.0,,,,
Patient_918,CTI (CC),331061.48792689154,complete,ctiBeds,0.0,,,,
Patient_918,CTI prepara Encaminhamento,331061.48792689154,start,,0.0,,,,
Patient_918,CTI prepara Encaminhamento,331107.8857079456,complete,,0.0,,,,
Patient_918,Encaminha_para a Clinica Medica,331107.8857079456,complete,,,para a Clinica Medica,331107.8857079456,,
Patient_918,Discharge,331107.8857079456,complete,,,,,,3351.8292363523506
Patient_919,Arrival,327774.8436671764,complete,,0.0,,,,
Patient_919,Origem_do Centro Cirurgico,327774.8436671764,complete,,,do Centro Cirurgico,327774.8436671764,,
Patient_919,CTI (CC),330956.4801479562,start,ctiBeds,0.0,,,,
Patient_919,CTI (CC),337085.0129118506,complete,ctiBeds,0.0,,,,
Patient_919,CTI prepara Encaminhamento,337085.0129118506,start,,0.0,,,,
Patient_919,CTI prepara Encaminhamento,337135.31367054535,complete,,0.0,,,,
Patient_919,Encaminha_para a Clinica Medica,337135.31367054535,complete,,,para a Clinica Medica,337135.31367054535,,
Patient_919,Discharge,337135.31367054535,complete,,,,,,9360.470003368973
Patient_92,Arrival,25949.34962142156,complete,,0.0,,,,
Patient_92,Origem_da Clinica Cirurgica,25949.34962142156,complete,,,da Clinica Cirurgica,25949.34962142156,,
Patient_92,CTI (CLIC),25949.34962142156,start,ctiBeds,0.0,,,,
Patient_92,CTI (CLIC),31747.822894850884,complete,ctiBeds,0.0,,,,
Patient_92,CTI prepara Encaminhamento,31747.822894850884,start,,0.0,,,,
Patient_92,CTI prepara Encaminhamento,31778.457056247742,complete,,0.0,,,,
Patient_92,Encaminha_Obito,31778.457056247742,complete,,,Obito,31778.457056247742,,
Patient_92,Discharge,31778.457056247742,complete,,,,,,5829.107434826183
Patient_920,Arrival,328113.7209060139,complete,,0.0,,,,
Patient_920,Origem_do Centro Cirurgico,328113.7209060139,complete,,,do Centro Cirurgico,328113.7209060139,,
Patient_920,CTI (CC),331061.48792689154,start,ctiBeds,0.0,,,,
Patient_920,CTI (CC),336690.1693680785,complete,ctiBeds,0.0,,,,
Patient_920,CTI prepara Encaminhamento,336690.1693680785,start,,0.0,,,,
Patient_920,CTI prepara Encaminhamento,336724.4978666989,complete,,0.0,,,,
Patient_920,Encaminha_para a Clinica Medica,336724.4978666989,complete,,,para a Clinica Medica,336724.4978666989,,
Patient_920,Discharge,336724.4978666989,complete,,,,,,8610.776960684976
Patient_921,Arrival,328628.831297375,complete,,0.0,,,,
Patient_921,Origem_do Centro Cirurgico,328628.831297375,complete,,,do Centro Cirurgico,328628.831297375,,
Patient_921,CTI (CC),331429.72743587225,start,ctiBeds,0.0,,,,
Patient_921,CTI (CC),331931.37559776613,complete,ctiBeds,0.0,,,,
Patient_921,CTI prepara Encaminhamento,331931.37559776613,start,,0.0,,,,
Patient_921,CTI prepara Encaminhamento,331980.90710599103,complete,,0.0,,,,
Patient_921,Encaminha_para a Clinica Cirurgica,331980.90710599103,complete,,,para a Clinica Cirurgica,331980.90710599103,,
Patient_921,Discharge,331980.90710599103,complete,,,,,,3352.075808616006
Patient_922,Arrival,328927.78766336414,complete,,0.0,,,,
Patient_922,Origem_do Centro Cirurgico,328927.78766336414,complete,,,do Centro Cirurgico,328927.78766336414,,
Patient_922,CTI (CC),331931.37559776613,start,ctiBeds,0.0,,,,
Patient_922,CTI (CC),362499.6882547096,complete,ctiBeds,0.0,,,,
Patient_922,CTI prepara Encaminhamento,362499.6882547096,start,,0.0,,,,
Patient_922,CTI prepara Encaminhamento,362535.7507928364,complete,,0.0,,,,
Patient_922,Encaminha_para a Clinica Medica,362535.7507928364,complete,,,para a Clinica Medica,362535.7507928364,,
Patient_922,Discharge,362535.7507928364,complete,,,,,,33607.96312947228
Patient_923,Arrival,329081.8790079098,complete,,0.0,,,,
Patient_923,Origem_do Centro Cirurgico,329081.8790079098,complete,,,do Centro Cirurgico,329081.8790079098,,
Patient_923,CTI (CC),332599.077636744,start,ctiBeds,0.0,,,,
Patient_923,CTI (CC),333992.02785101015,complete,ctiBeds,0.0,,,,
Patient_923,CTI prepara Encaminhamento,333992.02785101015,start,,0.0,,,,
Patient_923,CTI prepara Encaminhamento,334049.19933113287,complete,,0.0,,,,
Patient_923,Encaminha_para a Clinica Medica,334049.19933113287,complete,,,para a Clinica Medica,334049.19933113287,,
Patient_923,Discharge,334049.19933113287,complete,,,,,,4967.3203232230735
Patient_924,Arrival,329140.10967165744,complete,,0.0,,,,
Patient_924,Origem_do Pronto Socorro,329140.10967165744,complete,,,do Pronto Socorro,329140.10967165744,,
Patient_924,CTI (PS),332816.06176262244,start,ctiBeds,0.0,,,,
Patient_924,CTI (PS),344602.8957263999,complete,ctiBeds,0.0,,,,
Patient_924,CTI prepara Encaminhamento,344602.8957263999,start,,0.0,,,,
Patient_924,CTI prepara Encaminhamento,344657.1324736926,complete,,0.0,,,,
Patient_924,Encaminha_para a Clinica Medica,344657.1324736926,complete,,,para a Clinica Medica,344657.1324736926,,
Patient_924,Discharge,344657.1324736926,complete,,,,,,15517.02280203515
Patient_925,Arrival,329281.0988112798,complete,,0.0,,,,
Patient_925,Origem_do Pronto Socorro,329281.0988112798,complete,,,do Pronto Socorro,329281.0988112798,,
Patient_925,CTI (PS),333619.1036538411,start,ctiBeds,0.0,,,,
Patient_925,CTI (PS),344862.9045289224,complete,ctiBeds,0.0,,,,
Patient_925,CTI prepara Encaminhamento,344862.9045289224,start,,0.0,,,,
Patient_925,CTI prepara Encaminhamento,344922.51353527186,complete,,0.0,,,,
Patient_925,Encaminha_para a Clinica Cirurgica,344922.51353527186,complete,,,para a Clinica Cirurgica,344922.51353527186,,
Patient_925,Discharge,344922.51353527186,complete,,,,,,15641.414723992057
Patient_926,Arrival,329706.8322816826,complete,,0.0,,,,
Patient_926,Origem_do Pronto Socorro,329706.8322816826,complete,,,do Pronto Socorro,329706.8322816826,,
Patient_926,CTI (PS),333824.9163084386,start,ctiBeds,0.0,,,,
Patient_926,CTI (PS),349573.38423170685,complete,ctiBeds,0.0,,,,
Patient_926,CTI prepara Encaminhamento,349573.38423170685,start,,0.0,,,,
Patient_926,CTI prepara Encaminhamento,349617.9666843784,complete,,0.0,,,,
Patient_926,Encaminha_para a Clinica Medica,349617.9666843784,complete,,,para a Clinica Medica,349617.9666843784,,
Patient_926,Discharge,349617.9666843784,complete,,,,,,19911.13440269581
Patient_927,Arrival,329773.8659332844,complete,,0.0,,,,
Patient_927,Origem_do Pronto Socorro,329773.8659332844,complete,,,do Pronto Socorro,329773.8659332844,,
Patient_927,CTI (PS),333976.1892045663,start,ctiBeds,0.0,,,,
Patient_927,CTI (PS),342948.03325892723,complete,ctiBeds,0.0,,,,
Patient_927,CTI prepara Encaminhamento,342948.03325892723,start,,0.0,,,,
Patient_927,CTI prepara Encaminhamento,342991.8558937717,complete,,0.0,,,,
Patient_927,Encaminha_para a Clinica Cirurgica,342991.8558937717,complete,,,para a Clinica Cirurgica,342991.8558937717,,
Patient_927,Discharge,342991.8558937717,complete,,,,,,13217.989960487292
Patient_928,Arrival,330135.41808391147,complete,,0.0,,,,
Patient_928,Origem_do Pronto Socorro,330135.41808391147,complete,,,do Pronto Socorro,330135.41808391147,,
Patient_928,CTI (PS),333992.02785101015,start,ctiBeds,0.0,,,,
Patient_928,CTI (PS),337468.37195200345,complete,ctiBeds,0.0,,,,
Patient_928,CTI prepara Encaminhamento,337468.37195200345,start,,0.0,,,,
Patient_928,CTI prepara Encaminhamento,337514.5995995347,complete,,0.0,,,,
Patient_928,Encaminha_para a Clinica Medica,337514.5995995347,complete,,,para a Clinica Medica,337514.5995995347,,
Patient_928,Discharge,337514.5995995347,complete,,,,,,7379.181515623233
Patient_929,Arrival,330154.9192859355,complete,,0.0,,,,
Patient_929,Origem_do Pronto Socorro,330154.9192859355,complete,,,do Pronto Socorro,330154.9192859355,,
Patient_929,CTI (PS),334206.2403934739,start,ctiBeds,0.0,,,,
Patient_929,CTI (PS),343275.2922904487,complete,ctiBeds,0.0,,,,
Patient_929,CTI prepara Encaminhamento,343275.2922904487,start,,0.0,,,,
Patient_929,CTI prepara Encaminhamento,343309.8394569467,complete,,0.0,,,,
Patient_929,Encaminha_Obito,343309.8394569467,complete,,,Obito,343309.8394569467,,
Patient_929,Discharge,343309.8394569467,complete,,,,,,13154.920171011181
Patient_93,Arrival,26013.5659641363,complete,,0.0,,,,
Patient_93,Origem_do Pronto Socorro,26013.5659641363,complete,,,do Pronto Socorro,26013.5659641363,,
Patient_93,CTI (PS),26013.5659641363,start,ctiBeds,0.0,,,,
Patient_93,CTI (PS),43984.05707342213,complete,ctiBeds,0.0,,,,
Patient_93,CTI prepara Encaminhamento,43984.05707342213,start,,0.0,,,,
Patient_93,CTI prepara Encaminhamento,44018.347577771754,complete,,0.0,,,,
Patient_93,Encaminha_para a Clinica Cirurgica,44018.347577771754,complete,,,para a Clinica Cirurgica,44018.347577771754,,
Patient_93,Discharge,44018.347577771754,complete,,,,,,18004.781613635452
Patient_930,Arrival,330287.29531974747,complete,,0.0,,,,
Patient_930,Origem_do Pronto Socorro,330287.29531974747,complete,,,do Pronto Socorro,330287.29531974747,,
Patient_930,CTI (PS),334335.31851399876,start,ctiBeds,0.0,,,,
Patient_930,CTI (PS),351607.3917164045,complete,ctiBeds,0.0,,,,
Patient_930,CTI prepara Encaminhamento,351607.3917164045,start,,0.0,,,,
Patient_930,CTI prepara Encaminhamento,351640.09647954046,complete,,0.0,,,,
Patient_930,Encaminha_para a Clinica Medica,351640.09647954046,complete,,,para a Clinica Medica,351640.09647954046,,
Patient_930,Discharge,351640.09647954046,complete,,,,,,21352.801159792987
Patient_931,Arrival,330356.9462812899,complete,,0.0,,,,
Patient_931,Origem_do Pronto Socorro,330356.9462812899,complete,,,do Pronto Socorro,330356.9462812899,,
Patient_931,CTI (PS),334606.21219053445,start,ctiBeds,0.0,,,,
Patient_931,CTI (PS),339459.83854172734,complete,ctiBeds,0.0,,,,
Patient_931,CTI prepara Encaminhamento,339459.83854172734,start,,0.0,,,,
Patient_931,CTI prepara Encaminhamento,339508.9819374743,complete,,0.0,,,,
Patient_931,Encaminha_para a Clinica Medica,339508.9819374743,complete,,,para a Clinica Medica,339508.9819374743,,
Patient_931,Discharge,339508.9819374743,complete,,,,,,9152.035656184366
Patient_932,Arrival,330707.56364917255,complete,,0.0,,,,
Patient_932,Origem_da Clinica Cirurgica,330707.56364917255,complete,,,da Clinica Cirurgica,330707.56364917255,,
Patient_932,CTI (CLIC),335629.35530320863,start,ctiBeds,0.0,,,,
Patient_932,CTI (CLIC),356561.25247548067,complete,ctiBeds,0.0,,,,
Patient_932,CTI prepara Encaminhamento,356561.25247548067,start,,0.0,,,,
Patient_932,CTI prepara Encaminhamento,356591.52384592005,complete,,0.0,,,,
Patient_932,Encaminha_Transferencia Externa,356591.52384592005,complete,,,Transferencia Externa,356591.52384592005,,
Patient_932,Discharge,356591.52384592005,complete,,,,,,25883.960196747503
Patient_933,Arrival,331481.06468982605,complete,,0.0,,,,
Patient_933,Origem_do Pronto Socorro,331481.06468982605,complete,,,do Pronto Socorro,331481.06468982605,,
Patient_933,CTI (PS),336502.90660869755,start,ctiBeds,0.0,,,,
Patient_933,CTI (PS),368763.7031967355,complete,ctiBeds,0.0,,,,
Patient_933,CTI prepara Encaminhamento,368763.7031967355,start,,0.0,,,,
Patient_933,CTI prepara Encaminhamento,368812.6272912977,complete,,0.0,,,,
Patient_933,Encaminha_Transferencia Externa,368812.6272912977,complete,,,Transferencia Externa,368812.6272912977,,
Patient_933,Discharge,368812.6272912977,complete,,,,,,37331.56260147167
Patient_934,Arrival,331861.03035434074,complete,,0.0,,,,
Patient_934,Origem_da Clinica Medica,331861.03035434074,complete,,,da Clinica Medica,331861.03035434074,,
Patient_934,CTI (CLIM),336690.1693680785,start,ctiBeds,0.0,,,,
Patient_934,CTI (CLIM),353433.71991170576,complete,ctiBeds,0.0,,,,
Patient_934,CTI prepara Encaminhamento,353433.71991170576,start,,0.0,,,,
Patient_934,CTI prepara Encaminhamento,353488.9604568647,complete,,0.0,,,,
Patient_934,Encaminha_para a Clinica Cirurgica,353488.9604568647,complete,,,para a Clinica Cirurgica,353488.9604568647,,
Patient_934,Discharge,353488.9604568647,complete,,,,,,21627.93010252394
Patient_935,Arrival,332164.0916799608,complete,,0.0,,,,
Patient_935,Origem_do Centro Cirurgico,332164.0916799608,complete,,,do Centro Cirurgico,332164.0916799608,,
Patient_935,CTI (CC),336976.33074354223,start,ctiBeds,0.0,,,,
Patient_935,CTI (CC),346330.87030270824,complete,ctiBeds,0.0,,,,
Patient_935,CTI prepara Encaminhamento,346330.87030270824,start,,0.0,,,,
Patient_935,CTI prepara Encaminhamento,346374.7832737436,complete,,0.0,,,,
Patient_935,Encaminha_para a Clinica Cirurgica,346374.7832737436,complete,,,para a Clinica Cirurgica,346374.7832737436,,
Patient_935,Discharge,346374.7832737436,complete,,,,,,14210.691593782802
Patient_936,Arrival,332383.44800659176,complete,,0.0,,,,
Patient_936,Origem_do Pronto Socorro,332383.44800659176,complete,,,do Pronto Socorro,332383.44800659176,,
Patient_936,CTI (PS),337085.0129118506,start,ctiBeds,0.0,,,,
Patient_936,CTI (PS),354503.7752668704,complete,ctiBeds,0.0,,,,
Patient_936,CTI prepara Encaminhamento,354503.7752668704,start,,0.0,,,,
Patient_936,CTI prepara Encaminhamento,354560.4827640808,complete,,0.0,,,,
Patient_936,Encaminha_para a Clinica Medica,354560.4827640808,complete,,,para a Clinica Medica,354560.4827640808,,
Patient_936,Discharge,354560.4827640808,complete,,,,,,22177.034757489047
Patient_937,Arrival,332511.2435659749,complete,,0.0,,,,
Patient_937,Origem_do Pronto Socorro,332511.2435659749,complete,,,do Pronto Socorro,332511.2435659749,,
Patient_937,CTI (PS),337468.37195200345,start,ctiBeds,0.0,,,,
Patient_937,CTI (PS),362746.29960584827,complete,ctiBeds,0.0,,,,
Patient_937,CTI prepara Encaminhamento,362746.29960584827,start,,0.0,,,,
Patient_937,CTI prepara Encaminhamento,362777.69133102405,complete,,0.0,,,,
Patient_937,Encaminha_para a Clinica Cirurgica,362777.69133102405,complete,,,para a Clinica Cirurgica,362777.69133102405,,
Patient_937,Discharge,362777.69133102405,complete,,,,,,30266.447765049175
Patient_938,Arrival,333646.0726564972,complete,,0.0,,,,
Patient_938,Origem_do Centro Cirurgico,333646.0726564972,complete,,,do Centro Cirurgico,333646.0726564972,,
Patient_938,CTI (CC),338812.561078539,start,ctiBeds,0.0,,,,
Patient_938,CTI (CC),339836.0816031967,complete,ctiBeds,0.0,,,,
Patient_938,CTI prepara Encaminhamento,339836.0816031967,start,,0.0,,,,
Patient_938,CTI prepara Encaminhamento,339880.0822292013,complete,,0.0,,,,
Patient_938,Encaminha_para a Clinica Cirurgica,339880.0822292013,complete,,,para a Clinica Cirurgica,339880.0822292013,,
Patient_938,Discharge,339880.0822292013,complete,,,,,,6234.00957270409
Patient_939,Arrival,334162.899387217,complete,,0.0,,,,
Patient_939,Origem_do Centro Cirurgico,334162.899387217,complete,,,do Centro Cirurgico,334162.899387217,,
Patient_939,CTI (CC),339459.83854172734,start,ctiBeds,0.0,,,,
Patient_939,CTI (CC),347562.63441878126,complete,ctiBeds,0.0,,,,
Patient_939,CTI prepara Encaminhamento,347562.63441878126,start,,0.0,,,,
Patient_939,CTI prepara Encaminhamento,347618.605565368,complete,,0.0,,,,
Patient_939,Encaminha_para a Clinica Cirurgica,347618.605565368,complete,,,para a Clinica Cirurgica,347618.605565368,,
Patient_939,Discharge,347618.605565368,complete,,,,,,13455.706178151013
Patient_94,Arrival,26568.88002951253,complete,,0.0,,,,
Patient_94,Origem_do Centro Cirurgico,26568.88002951253,complete,,,do Centro Cirurgico,26568.88002951253,,
Patient_94,CTI (CC),26568.88002951253,start,ctiBeds,0.0,,,,
Patient_94,CTI (CC),33195.78247995727,complete,ctiBeds,0.0,,,,
Patient_94,CTI prepara Encaminhamento,33195.78247995727,start,,0.0,,,,
Patient_94,CTI prepara Encaminhamento,33249.86593780098,complete,,0.0,,,,
Patient_94,Encaminha_para a Clinica Cirurgica,33249.86593780098,complete,,,para a Clinica Cirurgica,33249.86593780098,,
Patient_94,Discharge,33249.86593780098,complete,,,,,,6680.985908288454
Patient_940,Arrival,334504.2654953262,complete,,0.0,,,,
Patient_940,Origem_do Centro Cirurgico,334504.2654953262,complete,,,do Centro Cirurgico,334504.2654953262,,
Patient_940,CTI (CC),339799.5541651893,start,ctiBeds,0.0,,,,
Patient_940,CTI (CC),340991.2134415353,complete,ctiBeds,0.0,,,,
Patient_940,CTI prepara Encaminhamento,340991.2134415353,start,,0.0,,,,
Patient_940,CTI prepara Encaminhamento,341022.26837885304,complete,,0.0,,,,
Patient_940,Encaminha_para a Clinica Medica,341022.26837885304,complete,,,para a Clinica Medica,341022.26837885304,,
Patient_940,Discharge,341022.26837885304,complete,,,,,,6518.002883526846
Patient_941,Arrival,335189.75322975323,complete,,0.0,,,,
Patient_941,Origem_do Pronto Socorro,335189.75322975323,complete,,,do Pronto Socorro,335189.75322975323,,
Patient_941,CTI (PS),339836.0816031967,start,ctiBeds,0.0,,,,
Patient_941,CTI (PS),377572.18555964396,complete,ctiBeds,0.0,,,,
Patient_941,CTI prepara Encaminhamento,377572.18555964396,start,,0.0,,,,
Patient_941,CTI prepara Encaminhamento,377618.5990556492,complete,,0.0,,,,
Patient_941,Encaminha_Obito,377618.5990556492,complete,,,Obito,377618.5990556492,,
Patient_941,Discharge,377618.5990556492,complete,,,,,,42428.84582589596
Patient_942,Arrival,335419.0479364456,complete,,0.0,,,,
Patient_942,Origem_do Pronto Socorro,335419.0479364456,complete,,,do Pronto Socorro,335419.0479364456,,
Patient_942,CTI (PS),339863.86547413084,start,ctiBeds,0.0,,,,
Patient_942,CTI (PS),356542.0609895481,complete,ctiBeds,0.0,,,,
Patient_942,CTI prepara Encaminhamento,356542.0609895481,start,,0.0,,,,
Patient_942,CTI prepara Encaminhamento,356578.34116874484,complete,,0.0,,,,
Patient_942,Encaminha_para a Clinica Medica,356578.34116874484,complete,,,para a Clinica Medica,356578.34116874484,,
Patient_942,Discharge,356578.34116874484,complete,,,,,,21159.293232299213
Patient_943,Arrival,336085.42629200366,complete,,0.0,,,,
Patient_943,Origem_do Centro Cirurgico,336085.42629200366,complete,,,do Centro Cirurgico,336085.42629200366,,
Patient_943,CTI (CC),340474.25860605115,start,ctiBeds,0.0,,,,
Patient_943,CTI (CC),345630.02667563845,complete,ctiBeds,0.0,,,,
Patient_943,CTI prepara Encaminhamento,345630.02667563845,start,,0.0,,,,
Patient_943,CTI prepara Encaminhamento,345688.77805448713,complete,,0.0,,,,
Patient_943,Encaminha_para a Clinica Cirurgica,345688.77805448713,complete,,,para a Clinica Cirurgica,345688.77805448713,,
Patient_943,Discharge,345688.77805448713,complete,,,,,,9603.351762483479
Patient_944,Arrival,336233.54618699424,complete,,0.0,,,,
Patient_944,Origem_do Centro Cirurgico,336233.54618699424,complete,,,do Centro Cirurgico,336233.54618699424,,
Patient_944,CTI (CC),340991.2134415353,start,ctiBeds,0.0,,,,
Patient_944,CTI (CC),347003.4735368008,complete,ctiBeds,0.0,,,,
Patient_944,CTI prepara Encaminhamento,347003.4735368008,start,,0.0,,,,
Patient_944,CTI prepara Encaminhamento,347057.4432253775,complete,,0.0,,,,
Patient_944,Encaminha_para a Clinica Cirurgica,347057.4432253775,complete,,,para a Clinica Cirurgica,347057.4432253775,,
Patient_944,Discharge,347057.4432253775,complete,,,,,,10823.897038383235
Patient_945,Arrival,336293.7584334226,complete,,0.0,,,,
Patient_945,Origem_do Centro Cirurgico,336293.7584334226,complete,,,do Centro Cirurgico,336293.7584334226,,
Patient_945,CTI (CC),342624.8357266575,start,ctiBeds,0.0,,,,
Patient_945,CTI (CC),344550.5293129964,complete,ctiBeds,0.0,,,,
Patient_945,CTI prepara Encaminhamento,344550.5293129964,start,,0.0,,,,
Patient_945,CTI prepara Encaminhamento,344591.7357732732,complete,,0.0,,,,
Patient_945,Encaminha_Obito,344591.7357732732,complete,,,Obito,344591.7357732732,,
Patient_945,Discharge,344591.7357732732,complete,,,,,,8297.977339850622
Patient_946,Arrival,337395.57850143913,complete,,0.0,,,,
Patient_946,Origem_da Clinica Cirurgica,337395.57850143913,complete,,,da Clinica Cirurgica,337395.57850143913,,
Patient_946,CTI (CLIC),342948.03325892723,start,ctiBeds,0.0,,,,
Patient_946,CTI (CLIC),345134.20322665205,complete,ctiBeds,0.0,,,,
Patient_946,CTI prepara Encaminhamento,345134.20322665205,start,,0.0,,,,
Patient_946,CTI prepara Encaminhamento,345186.1667121734,complete,,0.0,,,,
Patient_946,Encaminha_para a Clinica Medica,345186.1667121734,complete,,,para a Clinica Medica,345186.1667121734,,
Patient_946,Discharge,345186.1667121734,complete,,,,,,7790.588210734248
Patient_947,Arrival,337419.489307571,complete,,0.0,,,,
Patient_947,Origem_do Centro Cirurgico,337419.489307571,complete,,,do Centro Cirurgico,337419.489307571,,
Patient_947,CTI (CC),343233.29898803233,start,ctiBeds,0.0,,,,
Patient_947,CTI (CC),343321.44705578167,complete,ctiBeds,0.0,,,,
Patient_947,CTI prepara Encaminhamento,343321.44705578167,start,,0.0,,,,
Patient_947,CTI prepara Encaminhamento,343381.2455507003,complete,,0.0,,,,
Patient_947,Encaminha_para a Clinica Medica,343381.2455507003,complete,,,para a Clinica Medica,343381.2455507003,,
Patient_947,Discharge,343381.2455507003,complete,,,,,,5961.756243129261
Patient_948,Arrival,337609.3301498515,complete,,0.0,,,,
Patient_948,Origem_da Clinica Cirurgica,337609.3301498515,complete,,,da Clinica Cirurgica,337609.3301498515,,
Patient_948,CTI (CLIC),343275.2922904487,start,ctiBeds,0.0,,,,
Patient_948,CTI (CLIC),343674.9376530185,complete,ctiBeds,0.0,,,,
Patient_948,CTI prepara Encaminhamento,343674.9376530185,start,,0.0,,,,
Patient_948,CTI prepara Encaminhamento,343716.711751937,complete,,0.0,,,,
Patient_948,Encaminha_para a Clinica Cirurgica,343716.711751937,complete,,,para a Clinica Cirurgica,343716.711751937,,
Patient_948,Discharge,343716.711751937,complete,,,,,,6107.3816020854865
Patient_949,Arrival,337932.22967465397,complete,,0.0,,,,
Patient_949,Origem_do Pronto Socorro,337932.22967465397,complete,,,do Pronto Socorro,337932.22967465397,,
Patient_949,CTI (PS),343321.44705578167,start,ctiBeds,0.0,,,,
Patient_949,CTI (PS),361639.5275303813,complete,ctiBeds,0.0,,,,
Patient_949,CTI prepara Encaminhamento,361639.5275303813,start,,0.0,,,,
Patient_949,CTI prepara Encaminhamento,361680.0288301378,complete,,0.0,,,,
Patient_949,Encaminha_para a Clinica Cirurgica,361680.0288301378,complete,,,para a Clinica Cirurgica,361680.0288301378,,
Patient_949,Discharge,361680.0288301378,complete,,,,,,23747.799155483837
Patient_95,Arrival,26810.07844646543,complete,,0.0,,,,
Patient_95,Origem_do Pronto Socorro,26810.07844646543,complete,,,do Pronto Socorro,26810.07844646543,,
Patient_95,CTI (PS),26810.07844646543,start,ctiBeds,0.0,,,,
Patient_95,CTI (PS),27581.296432033945,complete,ctiBeds,0.0,,,,
Patient_95,CTI prepara Encaminhamento,27581.296432033945,start,,0.0,,,,
Patient_95,CTI prepara Encaminhamento,27620.89943066181,complete,,0.0,,,,
Patient_95,Encaminha_para a Clinica Medica,27620.89943066181,complete,,,para a Clinica Medica,27620.89943066181,,
Patient_95,Discharge,27620.89943066181,complete,,,,,,810.8209841963799
Patient_950,Arrival,338036.65900255495,complete,,0.0,,,,
Patient_950,Origem_do Pronto Socorro,338036.65900255495,complete,,,do Pronto Socorro,338036.65900255495,,
Patient_950,CTI (PS),343359.5875344345,start,ctiBeds,0.0,,,,
Patient_950,CTI (PS),365924.79735113826,complete,ctiBeds,0.0,,,,
Patient_950,CTI prepara Encaminhamento,365924.79735113826,start,,0.0,,,,
Patient_950,CTI prepara Encaminhamento,365959.30287838355,complete,,0.0,,,,
Patient_950,Encaminha_para a Clinica Cirurgica,365959.30287838355,complete,,,para a Clinica Cirurgica,365959.30287838355,,
Patient_950,Discharge,365959.30287838355,complete,,,,,,27922.643875828595
Patient_951,Arrival,338289.04898226116,complete,,0.0,,,,
Patient_951,Origem_do Centro Cirurgico,338289.04898226116,complete,,,do Centro Cirurgico,338289.04898226116,,
Patient_951,CTI (CC),343467.95497267763,start,ctiBeds,0.0,,,,
Patient_951,CTI (CC),344669.98184314894,complete,ctiBeds,0.0,,,,
Patient_951,CTI prepara Encaminhamento,344669.98184314894,start,,0.0,,,,
Patient_951,CTI prepara Encaminhamento,344721.0131897975,complete,,0.0,,,,
Patient_951,Encaminha_para a Clinica Medica,344721.0131897975,complete,,,para a Clinica Medica,344721.0131897975,,
Patient_951,Discharge,344721.0131897975,complete,,,,,,6431.964207536366
Patient_952,Arrival,338319.406848194,complete,,0.0,,,,
Patient_952,Origem_do Pronto Socorro,338319.406848194,complete,,,do Pronto Socorro,338319.406848194,,
Patient_952,CTI (PS),343576.5679992534,start,ctiBeds,0.0,,,,
Patient_952,CTI (PS),352455.9721653039,complete,ctiBeds,0.0,,,,
Patient_952,CTI prepara Encaminhamento,352455.9721653039,start,,0.0,,,,
Patient_952,CTI prepara Encaminhamento,352510.46410314186,complete,,0.0,,,,
Patient_952,Encaminha_para a Clinica Cirurgica,352510.46410314186,complete,,,para a Clinica Cirurgica,352510.46410314186,,
Patient_952,Discharge,352510.46410314186,complete,,,,,,14191.057254947838
Patient_953,Arrival,338395.8976115376,complete,,0.0,,,,
Patient_953,Origem_do Centro Cirurgico,338395.8976115376,complete,,,do Centro Cirurgico,338395.8976115376,,
Patient_953,CTI (CC),343674.9376530185,start,ctiBeds,0.0,,,,
Patient_953,CTI (CC),344310.00043317286,complete,ctiBeds,0.0,,,,
Patient_953,CTI prepara Encaminhamento,344310.00043317286,start,,0.0,,,,
Patient_953,CTI prepara Encaminhamento,344356.9104070182,complete,,0.0,,,,
Patient_953,Encaminha_para a Clinica Cirurgica,344356.9104070182,complete,,,para a Clinica Cirurgica,344356.9104070182,,
Patient_953,Discharge,344356.9104070182,complete,,,,,,5961.0127954806085
Patient_954,Arrival,338646.7651022131,complete,,0.0,,,,
Patient_954,Origem_da Clinica Cirurgica,338646.7651022131,complete,,,da Clinica Cirurgica,338646.7651022131,,
Patient_954,CTI (CLIC),344310.00043317286,start,ctiBeds,0.0,,,,
Patient_954,CTI (CLIC),345013.1727590716,complete,ctiBeds,0.0,,,,
Patient_954,CTI prepara Encaminhamento,345013.1727590716,start,,0.0,,,,
Patient_954,CTI prepara Encaminhamento,345044.88188979094,complete,,0.0,,,,
Patient_954,Encaminha_para a Clinica Medica,345044.88188979094,complete,,,para a Clinica Medica,345044.88188979094,,
Patient_954,Discharge,345044.88188979094,complete,,,,,,6398.116787577863
Patient_955,Arrival,338680.69671907974,complete,,0.0,,,,
Patient_955,Origem_do Centro Cirurgico,338680.69671907974,complete,,,do Centro Cirurgico,338680.69671907974,,
Patient_955,CTI (CC),344550.5293129964,start,ctiBeds,0.0,,,,
Patient_955,CTI (CC),345536.86649582494,complete,ctiBeds,0.0,,,,
Patient_955,CTI prepara Encaminhamento,345536.86649582494,start,,0.0,,,,
Patient_955,CTI prepara Encaminhamento,345571.9424765952,complete,,0.0,,,,
Patient_955,Encaminha_para a Clinica Cirurgica,345571.9424765952,complete,,,para a Clinica Cirurgica,345571.9424765952,,
Patient_955,Discharge,345571.9424765952,complete,,,,,,6891.245757515484
Patient_956,Arrival,339230.7335157563,complete,,0.0,,,,
Patient_956,Origem_do Centro Cirurgico,339230.7335157563,complete,,,do Centro Cirurgico,339230.7335157563,,
Patient_956,CTI (CC),344602.8957263999,start,ctiBeds,0.0,,,,
Patient_956,CTI (CC),346973.5099889408,complete,ctiBeds,0.0,,,,
Patient_956,CTI prepara Encaminhamento,346973.5099889408,start,,0.0,,,,
Patient_956,CTI prepara Encaminhamento,347027.69551268185,complete,,0.0,,,,
Patient_956,Encaminha_para a Clinica Medica,347027.69551268185,complete,,,para a Clinica Medica,347027.69551268185,,
Patient_956,Discharge,347027.69551268185,complete,,,,,,7796.961996925529
Patient_957,Arrival,339298.46082983725,complete,,0.0,,,,
Patient_957,Origem_do Pronto Socorro,339298.46082983725,complete,,,do Pronto Socorro,339298.46082983725,,
Patient_957,CTI (PS),344669.98184314894,start,ctiBeds,0.0,,,,
Patient_957,CTI (PS),350550.66250224767,complete,ctiBeds,0.0,,,,
Patient_957,CTI prepara Encaminhamento,350550.66250224767,start,,0.0,,,,
Patient_957,CTI prepara Encaminhamento,350596.5551539386,complete,,0.0,,,,
Patient_957,Encaminha_para a Clinica Cirurgica,350596.5551539386,complete,,,para a Clinica Cirurgica,350596.5551539386,,
Patient_957,Discharge,350596.5551539386,complete,,,,,,11298.094324101345
Patient_958,Arrival,340000.79322556016,complete,,0.0,,,,
Patient_958,Origem_do Centro Cirurgico,340000.79322556016,complete,,,do Centro Cirurgico,340000.79322556016,,
Patient_958,CTI (CC),344862.9045289224,start,ctiBeds,0.0,,,,
Patient_958,CTI (CC),345478.8016419586,complete,ctiBeds,0.0,,,,
Patient_958,CTI prepara Encaminhamento,345478.8016419586,start,,0.0,,,,
Patient_958,CTI prepara Encaminhamento,345538.5141846308,complete,,0.0,,,,
Patient_958,Encaminha_Transferencia Externa,345538.5141846308,complete,,,Transferencia Externa,345538.5141846308,,
Patient_958,Discharge,345538.5141846308,complete,,,,,,5537.7209590706625
Patient_959,Arrival,340533.4837769616,complete,,0.0,,,,
Patient_959,Origem_da Clinica Cirurgica,340533.4837769616,complete,,,da Clinica Cirurgica,340533.4837769616,,
Patient_959,CTI (CLIC),345013.1727590716,start,ctiBeds,0.0,,,,
Patient_959,CTI (CLIC),346966.27305081155,complete,ctiBeds,0.0,,,,
Patient_959,CTI prepara Encaminhamento,346966.27305081155,start,,0.0,,,,
Patient_959,CTI prepara Encaminhamento,346998.02052656154,complete,,0.0,,,,
Patient_959,Encaminha_para a Clinica Medica,346998.02052656154,complete,,,para a Clinica Medica,346998.02052656154,,
Patient_959,Discharge,346998.02052656154,complete,,,,,,6464.536749599909
Patient_96,Arrival,27147.682151266774,complete,,0.0,,,,
Patient_96,Origem_da Clinica Medica,27147.682151266774,complete,,,da Clinica Medica,27147.682151266774,,
Patient_96,CTI (CLIM),27147.682151266774,start,ctiBeds,0.0,,,,
Patient_96,CTI (CLIM),27712.77663013038,complete,ctiBeds,0.0,,,,
Patient_96,CTI prepara Encaminhamento,27712.77663013038,start,,0.0,,,,
Patient_96,CTI prepara Encaminhamento,27767.787038789927,complete,,0.0,,,,
Patient_96,Encaminha_para a Clinica Medica,27767.787038789927,complete,,,para a Clinica Medica,27767.787038789927,,
Patient_96,Discharge,27767.787038789927,complete,,,,,,620.1048875231536
Patient_960,Arrival,340685.8637892827,complete,,0.0,,,,
Patient_960,Origem_do Pronto Socorro,340685.8637892827,complete,,,do Pronto Socorro,340685.8637892827,,
Patient_960,CTI (PS),345134.20322665205,start,ctiBeds,0.0,,,,
Patient_960,CTI (PS),355383.5564126664,complete,ctiBeds,0.0,,,,
Patient_960,CTI prepara Encaminhamento,355383.5564126664,start,,0.0,,,,
Patient_960,CTI prepara Encaminhamento,355422.9777793008,complete,,0.0,,,,
Patient_960,Encaminha_para a Clinica Cirurgica,355422.9777793008,complete,,,para a Clinica Cirurgica,355422.9777793008,,
Patient_960,Discharge,355422.9777793008,complete,,,,,,14737.113990018144
Patient_961,Arrival,341210.06133178325,complete,,0.0,,,,
Patient_961,Origem_do Pronto Socorro,341210.06133178325,complete,,,do Pronto Socorro,341210.06133178325,,
Patient_961,CTI (PS),345478.8016419586,start,ctiBeds,0.0,,,,
Patient_961,CTI (PS),374504.5067353423,complete,ctiBeds,0.0,,,,
Patient_961,CTI prepara Encaminhamento,374504.5067353423,start,,0.0,,,,
Patient_961,CTI prepara Encaminhamento,374546.5496445011,complete,,0.0,,,,
Patient_961,Encaminha_para a Clinica Medica,374546.5496445011,complete,,,para a Clinica Medica,374546.5496445011,,
Patient_961,Discharge,374546.5496445011,complete,,,,,,33336.48831271788
Patient_962,Arrival,341378.88541741576,complete,,0.0,,,,
Patient_962,Origem_do Centro Cirurgico,341378.88541741576,complete,,,do Centro Cirurgico,341378.88541741576,,
Patient_962,CTI (CC),345536.86649582494,start,ctiBeds,0.0,,,,
Patient_962,CTI (CC),353549.62877838867,complete,ctiBeds,0.0,,,,
Patient_962,CTI prepara Encaminhamento,353549.62877838867,start,,0.0,,,,
Patient_962,CTI prepara Encaminhamento,353590.2911939934,complete,,0.0,,,,
Patient_962,Encaminha_para a Clinica Cirurgica,353590.2911939934,complete,,,para a Clinica Cirurgica,353590.2911939934,,
Patient_962,Discharge,353590.2911939934,complete,,,,,,12211.405776577652
Patient_963,Arrival,341587.24764061125,complete,,0.0,,,,
Patient_963,Origem_do Centro Cirurgico,341587.24764061125,complete,,,do Centro Cirurgico,341587.24764061125,,
Patient_963,CTI (CC),345630.02667563845,start,ctiBeds,0.0,,,,
Patient_963,CTI (CC),345994.81636909465,complete,ctiBeds,0.0,,,,
Patient_963,CTI prepara Encaminhamento,345994.81636909465,start,,0.0,,,,
Patient_963,CTI prepara Encaminhamento,346031.67855749594,complete,,0.0,,,,
Patient_963,Encaminha_para a Clinica Cirurgica,346031.67855749594,complete,,,para a Clinica Cirurgica,346031.67855749594,,
Patient_963,Discharge,346031.67855749594,complete,,,,,,4444.430916884681
Patient_964,Arrival,341606.61508619617,complete,,0.0,,,,
Patient_964,Origem_do Pronto Socorro,341606.61508619617,complete,,,do Pronto Socorro,341606.61508619617,,
Patient_964,CTI (PS),345994.81636909465,start,ctiBeds,0.0,,,,
Patient_964,CTI (PS),357788.0421903078,complete,ctiBeds,0.0,,,,
Patient_964,CTI prepara Encaminhamento,357788.0421903078,start,,0.0,,,,
Patient_964,CTI prepara Encaminhamento,357825.3355105092,complete,,0.0,,,,
Patient_964,Encaminha_para a Clinica Cirurgica,357825.3355105092,complete,,,para a Clinica Cirurgica,357825.3355105092,,
Patient_964,Discharge,357825.3355105092,complete,,,,,,16218.72042431304
Patient_965,Arrival,341625.2795073415,complete,,0.0,,,,
Patient_965,Origem_da Clinica Cirurgica,341625.2795073415,complete,,,da Clinica Cirurgica,341625.2795073415,,
Patient_965,CTI (CLIC),346066.27783841296,start,ctiBeds,0.0,,,,
Patient_965,CTI (CLIC),347753.23034160025,complete,ctiBeds,0.0,,,,
Patient_965,CTI prepara Encaminhamento,347753.23034160025,start,,0.0,,,,
Patient_965,CTI prepara Encaminhamento,347786.73178516165,complete,,0.0,,,,
Patient_965,Encaminha_para a Clinica Cirurgica,347786.73178516165,complete,,,para a Clinica Cirurgica,347786.73178516165,,
Patient_965,Discharge,347786.73178516165,complete,,,,,,6161.45227782015
Patient_966,Arrival,341647.2887036544,complete,,0.0,,,,
Patient_966,Origem_da Clinica Cirurgica,341647.2887036544,complete,,,da Clinica Cirurgica,341647.2887036544,,
Patient_966,CTI (CLIC),346330.87030270824,start,ctiBeds,0.0,,,,
Patient_966,CTI (CLIC),347210.13909869676,complete,ctiBeds,0.0,,,,
Patient_966,CTI prepara Encaminhamento,347210.13909869676,start,,0.0,,,,
Patient_966,CTI prepara Encaminhamento,347265.6860475315,complete,,0.0,,,,
Patient_966,Encaminha_para a Clinica Cirurgica,347265.6860475315,complete,,,para a Clinica Cirurgica,347265.6860475315,,
Patient_966,Discharge,347265.6860475315,complete,,,,,,5618.397343877063
Patient_967,Arrival,342979.5975157989,complete,,0.0,,,,
Patient_967,Origem_da Clinica Cirurgica,342979.5975157989,complete,,,da Clinica Cirurgica,342979.5975157989,,
Patient_967,CTI (CLIC),346966.27305081155,start,ctiBeds,0.0,,,,
Patient_967,CTI (CLIC),359963.0856485674,complete,ctiBeds,0.0,,,,
Patient_967,CTI prepara Encaminhamento,359963.0856485674,start,,0.0,,,,
Patient_967,CTI prepara Encaminhamento,360000.4337153271,complete,,0.0,,,,
Patient_967,Encaminha_para a Clinica Medica,360000.4337153271,complete,,,para a Clinica Medica,360000.4337153271,,
Patient_967,Discharge,360000.4337153271,complete,,,,,,17020.836199528247
Patient_968,Arrival,343071.18183747155,complete,,0.0,,,,
Patient_968,Origem_do Pronto Socorro,343071.18183747155,complete,,,do Pronto Socorro,343071.18183747155,,
Patient_968,CTI (PS),346973.5099889408,start,ctiBeds,0.0,,,,
Patient_968,CTI (PS),363908.27668579743,complete,ctiBeds,0.0,,,,
Patient_968,CTI prepara Encaminhamento,363908.27668579743,start,,0.0,,,,
Patient_968,CTI prepara Encaminhamento,363955.9234557647,complete,,0.0,,,,
Patient_968,Encaminha_Obito,363955.9234557647,complete,,,Obito,363955.9234557647,,
Patient_968,Discharge,363955.9234557647,complete,,,,,,20884.741618293163
Patient_969,Arrival,343226.1872632054,complete,,0.0,,,,
Patient_969,Origem_do Pronto Socorro,343226.1872632054,complete,,,do Pronto Socorro,343226.1872632054,,
Patient_969,CTI (PS),347003.4735368008,start,ctiBeds,0.0,,,,
Patient_969,CTI (PS),384418.0961019394,complete,ctiBeds,0.0,,,,
Patient_969,CTI prepara Encaminhamento,384418.0961019394,start,,0.0,,,,
Patient_969,CTI prepara Encaminhamento,384460.1965376047,complete,,0.0,,,,
Patient_969,Encaminha_para a Clinica Medica,384460.1965376047,complete,,,para a Clinica Medica,384460.1965376047,,
Patient_969,Discharge,384460.1965376047,complete,,,,,,41234.00927439926
Patient_97,Arrival,27163.44345659844,complete,,0.0,,,,
Patient_97,Origem_do Pronto Socorro,27163.44345659844,complete,,,do Pronto Socorro,27163.44345659844,,
Patient_97,CTI (PS),27163.44345659844,start,ctiBeds,0.0,,,,
Patient_97,CTI (PS),41347.02287692876,complete,ctiBeds,0.0,,,,
Patient_97,CTI prepara Encaminhamento,41347.02287692876,start,,0.0,,,,
Patient_97,CTI prepara Encaminhamento,41377.14623253416,complete,,0.0,,,,
Patient_97,Encaminha_para a Clinica Cirurgica,41377.14623253416,complete,,,para a Clinica Cirurgica,41377.14623253416,,
Patient_97,Discharge,41377.14623253416,complete,,,,,,14213.702775935722
Patient_970,Arrival,344533.22432381293,complete,,0.0,,,,
Patient_970,Origem_do Pronto Socorro,344533.22432381293,complete,,,do Pronto Socorro,344533.22432381293,,
Patient_970,CTI (PS),347210.13909869676,start,ctiBeds,0.0,,,,
Patient_970,CTI (PS),362179.15287617897,complete,ctiBeds,0.0,,,,
Patient_970,CTI prepara Encaminhamento,362179.15287617897,start,,0.0,,,,
Patient_970,CTI prepara Encaminhamento,362210.5810335055,complete,,0.0,,,,
Patient_970,Encaminha_Obito,362210.5810335055,complete,,,Obito,362210.5810335055,,
Patient_970,Discharge,362210.5810335055,complete,,,,,,17677.35670969257
Patient_971,Arrival,344584.00966619834,complete,,0.0,,,,
Patient_971,Origem_do Pronto Socorro,344584.00966619834,complete,,,do Pronto Socorro,344584.00966619834,,
Patient_971,CTI (PS),347562.63441878126,start,ctiBeds,0.0,,,,
Patient_971,CTI (PS),356299.5238972546,complete,ctiBeds,0.0,,,,
Patient_971,CTI prepara Encaminhamento,356299.5238972546,start,,0.0,,,,
Patient_971,CTI prepara Encaminhamento,356347.593786129,complete,,0.0,,,,
Patient_971,Encaminha_para a Clinica Cirurgica,356347.593786129,complete,,,para a Clinica Cirurgica,356347.593786129,,
Patient_971,Discharge,356347.593786129,complete,,,,,,11763.58411993063
Patient_972,Arrival,344972.9462120362,complete,,0.0,,,,
Patient_972,Origem_do Pronto Socorro,344972.9462120362,complete,,,do Pronto Socorro,344972.9462120362,,
Patient_972,CTI (PS),347753.23034160025,start,ctiBeds,0.0,,,,
Patient_972,CTI (PS),348328.51869782316,complete,ctiBeds,0.0,,,,
Patient_972,CTI prepara Encaminhamento,348328.51869782316,start,,0.0,,,,
Patient_972,CTI prepara Encaminhamento,348364.3276694893,complete,,0.0,,,,
Patient_972,Encaminha_para a Clinica Cirurgica,348364.3276694893,complete,,,para a Clinica Cirurgica,348364.3276694893,,
Patient_972,Discharge,348364.3276694893,complete,,,,,,3391.381457453128
Patient_973,Arrival,345243.8853579877,complete,,0.0,,,,
Patient_973,Origem_do Pronto Socorro,345243.8853579877,complete,,,do Pronto Socorro,345243.8853579877,,
Patient_973,CTI (PS),348196.8589698904,start,ctiBeds,0.0,,,,
Patient_973,CTI (PS),359347.365382324,complete,ctiBeds,0.0,,,,
Patient_973,CTI prepara Encaminhamento,359347.365382324,start,,0.0,,,,
Patient_973,CTI prepara Encaminhamento,359381.4468024565,complete,,0.0,,,,
Patient_973,Encaminha_para a Clinica Cirurgica,359381.4468024565,complete,,,para a Clinica Cirurgica,359381.4468024565,,
Patient_973,Discharge,359381.4468024565,complete,,,,,,14137.561444468796
Patient_974,Arrival,345256.0929071711,complete,,0.0,,,,
Patient_974,Origem_do Pronto Socorro,345256.0929071711,complete,,,do Pronto Socorro,345256.0929071711,,
Patient_974,CTI (PS),348328.51869782316,start,ctiBeds,0.0,,,,
Patient_974,CTI (PS),357684.5438499435,complete,ctiBeds,0.0,,,,
Patient_974,CTI prepara Encaminhamento,357684.5438499435,start,,0.0,,,,
Patient_974,CTI prepara Encaminhamento,357735.9774061125,complete,,0.0,,,,
Patient_974,Encaminha_para a Clinica Medica,357735.9774061125,complete,,,para a Clinica Medica,357735.9774061125,,
Patient_974,Discharge,357735.9774061125,complete,,,,,,12479.884498941363
Patient_975,Arrival,345728.62577666,complete,,0.0,,,,
Patient_975,Origem_do Centro Cirurgico,345728.62577666,complete,,,do Centro Cirurgico,345728.62577666,,
Patient_975,CTI (CC),348490.5280144907,start,ctiBeds,0.0,,,,
Patient_975,CTI (CC),355692.8089689323,complete,ctiBeds,0.0,,,,
Patient_975,CTI prepara Encaminhamento,355692.8089689323,start,,0.0,,,,
Patient_975,CTI prepara Encaminhamento,355723.2589348102,complete,,0.0,,,,
Patient_975,Encaminha_Obito,355723.2589348102,complete,,,Obito,355723.2589348102,,
Patient_975,Discharge,355723.2589348102,complete,,,,,,9994.633158150187
Patient_976,Arrival,345903.9834300366,complete,,0.0,,,,
Patient_976,Origem_do Pronto Socorro,345903.9834300366,complete,,,do Pronto Socorro,345903.9834300366,,
Patient_976,CTI (PS),349319.3783055947,start,ctiBeds,0.0,,,,
Patient_976,CTI (PS),377756.5753509374,complete,ctiBeds,0.0,,,,
Patient_976,CTI prepara Encaminhamento,377756.5753509374,start,,0.0,,,,
Patient_976,CTI prepara Encaminhamento,377815.78465292417,complete,,0.0,,,,
Patient_976,Encaminha_para a Clinica Cirurgica,377815.78465292417,complete,,,para a Clinica Cirurgica,377815.78465292417,,
Patient_976,Discharge,377815.78465292417,complete,,,,,,31911.80122288759
Patient_977,Arrival,346004.1344502345,complete,,0.0,,,,
Patient_977,Origem_do Pronto Socorro,346004.1344502345,complete,,,do Pronto Socorro,346004.1344502345,,
Patient_977,CTI (PS),349573.38423170685,start,ctiBeds,0.0,,,,
Patient_977,CTI (PS),365405.1330231586,complete,ctiBeds,0.0,,,,
Patient_977,CTI prepara Encaminhamento,365405.1330231586,start,,0.0,,,,
Patient_977,CTI prepara Encaminhamento,365451.0364957619,complete,,0.0,,,,
Patient_977,Encaminha_para a Clinica Cirurgica,365451.0364957619,complete,,,para a Clinica Cirurgica,365451.0364957619,,
Patient_977,Discharge,365451.0364957619,complete,,,,,,19446.902045527415
Patient_978,Arrival,346261.1522281619,complete,,0.0,,,,
Patient_978,Origem_da Clinica Medica,346261.1522281619,complete,,,da Clinica Medica,346261.1522281619,,
Patient_978,CTI (CLIM),350550.66250224767,start,ctiBeds,0.0,,,,
Patient_978,CTI (CLIM),351795.43506733904,complete,ctiBeds,0.0,,,,
Patient_978,CTI prepara Encaminhamento,351795.43506733904,start,,0.0,,,,
Patient_978,CTI prepara Encaminhamento,351843.07389452285,complete,,0.0,,,,
Patient_978,Encaminha_para a Clinica Cirurgica,351843.07389452285,complete,,,para a Clinica Cirurgica,351843.07389452285,,
Patient_978,Discharge,351843.07389452285,complete,,,,,,5581.921666360926
Patient_979,Arrival,346979.04309079435,complete,,0.0,,,,
Patient_979,Origem_do Centro Cirurgico,346979.04309079435,complete,,,do Centro Cirurgico,346979.04309079435,,
Patient_979,CTI (CC),351484.0246077236,start,ctiBeds,0.0,,,,
Patient_979,CTI (CC),359111.9839920052,complete,ctiBeds,0.0,,,,
Patient_979,CTI prepara Encaminhamento,359111.9839920052,start,,0.0,,,,
Patient_979,CTI prepara Encaminhamento,359147.4764851478,complete,,0.0,,,,
Patient_979,Encaminha_para a Clinica Medica,359147.4764851478,complete,,,para a Clinica Medica,359147.4764851478,,
Patient_979,Discharge,359147.4764851478,complete,,,,,,12168.43339435343
Patient_98,Arrival,27170.121629329347,complete,,0.0,,,,
Patient_98,Origem_da Clinica Medica,27170.121629329347,complete,,,da Clinica Medica,27170.121629329347,,
Patient_98,CTI (CLIM),27581.296432033945,start,ctiBeds,0.0,,,,
Patient_98,CTI (CLIM),29984.106681264122,complete,ctiBeds,0.0,,,,
Patient_98,CTI prepara Encaminhamento,29984.106681264122,start,,0.0,,,,
Patient_98,CTI prepara Encaminhamento,30018.66167575415,complete,,0.0,,,,
Patient_98,Encaminha_para a Clinica Cirurgica,30018.66167575415,complete,,,para a Clinica Cirurgica,30018.66167575415,,
Patient_98,Discharge,30018.66167575415,complete,,,,,,2848.5400464248014
Patient_980,Arrival,347319.3522259586,complete,,0.0,,,,
Patient_980,Origem_do Centro Cirurgico,347319.3522259586,complete,,,do Centro Cirurgico,347319.3522259586,,
Patient_980,CTI (CC),351607.3917164045,start,ctiBeds,0.0,,,,
Patient_980,CTI (CC),392378.3806247636,complete,ctiBeds,0.0,,,,
Patient_980,CTI prepara Encaminhamento,392378.3806247636,start,,0.0,,,,
Patient_980,CTI prepara Encaminhamento,392412.1828894048,complete,,0.0,,,,
Patient_980,Encaminha_para a Clinica Medica,392412.1828894048,complete,,,para a Clinica Medica,392412.1828894048,,
Patient_980,Discharge,392412.1828894048,complete,,,,,,45092.83066344622
Patient_981,Arrival,347439.08904845093,complete,,0.0,,,,
Patient_981,Origem_do Centro Cirurgico,347439.08904845093,complete,,,do Centro Cirurgico,347439.08904845093,,
Patient_981,CTI (CC),351795.43506733904,start,ctiBeds,0.0,,,,
Patient_981,CTI (CC),352886.87035180384,complete,ctiBeds,0.0,,,,
Patient_981,CTI prepara Encaminhamento,352886.87035180384,start,,0.0,,,,
Patient_981,CTI prepara Encaminhamento,352936.6887088188,complete,,0.0,,,,
Patient_981,Encaminha_para a Clinica Medica,352936.6887088188,complete,,,para a Clinica Medica,352936.6887088188,,
Patient_981,Discharge,352936.6887088188,complete,,,,,,5497.59966036788
Patient_982,Arrival,347806.5422056669,complete,,0.0,,,,
Patient_982,Origem_da Clinica Medica,347806.5422056669,complete,,,da Clinica Medica,347806.5422056669,,
Patient_982,CTI (CLIM),352211.4782872128,start,ctiBeds,0.0,,,,
Patient_982,CTI (CLIM),365706.62361125386,complete,ctiBeds,0.0,,,,
Patient_982,CTI prepara Encaminhamento,365706.62361125386,start,,0.0,,,,
Patient_982,CTI prepara Encaminhamento,365762.4939588415,complete,,0.0,,,,
Patient_982,Encaminha_para a Clinica Medica,365762.4939588415,complete,,,para a Clinica Medica,365762.4939588415,,
Patient_982,Discharge,365762.4939588415,complete,,,,,,17955.951753174595
Patient_983,Arrival,348012.65684894973,complete,,0.0,,,,
Patient_983,Origem_do Centro Cirurgico,348012.65684894973,complete,,,do Centro Cirurgico,348012.65684894973,,
Patient_983,CTI (CC),352455.9721653039,start,ctiBeds,0.0,,,,
Patient_983,CTI (CC),370515.05659221066,complete,ctiBeds,0.0,,,,
Patient_983,CTI prepara Encaminhamento,370515.05659221066,start,,0.0,,,,
Patient_983,CTI prepara Encaminhamento,370559.6022784208,complete,,0.0,,,,
Patient_983,Encaminha_para a Clinica Medica,370559.6022784208,complete,,,para a Clinica Medica,370559.6022784208,,
Patient_983,Discharge,370559.6022784208,complete,,,,,,22546.94542947109
Patient_984,Arrival,348448.59880143584,complete,,0.0,,,,
Patient_984,Origem_do Pronto Socorro,348448.59880143584,complete,,,do Pronto Socorro,348448.59880143584,,
Patient_984,CTI (PS),352886.87035180384,start,ctiBeds,0.0,,,,
Patient_984,CTI (PS),366290.2639208359,complete,ctiBeds,0.0,,,,
Patient_984,CTI prepara Encaminhamento,366290.2639208359,start,,0.0,,,,
Patient_984,CTI prepara Encaminhamento,366345.9743545908,complete,,0.0,,,,
Patient_984,Encaminha_para a Clinica Cirurgica,366345.9743545908,complete,,,para a Clinica Cirurgica,366345.9743545908,,
Patient_984,Discharge,366345.9743545908,complete,,,,,,17897.37555315497
Patient_985,Arrival,348832.4658992624,complete,,0.0,,,,
Patient_985,Origem_da Clinica Medica,348832.4658992624,complete,,,da Clinica Medica,348832.4658992624,,
Patient_985,CTI (CLIM),353433.71991170576,start,ctiBeds,0.0,,,,
Patient_985,CTI (CLIM),364517.7251068822,complete,ctiBeds,0.0,,,,
Patient_985,CTI prepara Encaminhamento,364517.7251068822,start,,0.0,,,,
Patient_985,CTI prepara Encaminhamento,364560.6125280829,complete,,0.0,,,,
Patient_985,Encaminha_Obito,364560.6125280829,complete,,,Obito,364560.6125280829,,
Patient_985,Discharge,364560.6125280829,complete,,,,,,15728.146628820512
Patient_986,Arrival,349237.1458182206,complete,,0.0,,,,
Patient_986,Origem_do Centro Cirurgico,349237.1458182206,complete,,,do Centro Cirurgico,349237.1458182206,,
Patient_986,CTI (CC),353549.62877838867,start,ctiBeds,0.0,,,,
Patient_986,CTI (CC),356897.1958077161,complete,ctiBeds,0.0,,,,
Patient_986,CTI prepara Encaminhamento,356897.1958077161,start,,0.0,,,,
Patient_986,CTI prepara Encaminhamento,356950.3871607151,complete,,0.0,,,,
Patient_986,Encaminha_Obito,356950.3871607151,complete,,,Obito,356950.3871607151,,
Patient_986,Discharge,356950.3871607151,complete,,,,,,7713.241342494497
Patient_987,Arrival,349966.8660516023,complete,,0.0,,,,
Patient_987,Origem_do Centro Cirurgico,349966.8660516023,complete,,,do Centro Cirurgico,349966.8660516023,,
Patient_987,CTI (CC),353820.3911135553,start,ctiBeds,0.0,,,,
Patient_987,CTI (CC),355007.7507463251,complete,ctiBeds,0.0,,,,
Patient_987,CTI prepara Encaminhamento,355007.7507463251,start,,0.0,,,,
Patient_987,CTI prepara Encaminhamento,355048.4148438164,complete,,0.0,,,,
Patient_987,Encaminha_para a Clinica Medica,355048.4148438164,complete,,,para a Clinica Medica,355048.4148438164,,
Patient_987,Discharge,355048.4148438164,complete,,,,,,5081.548792214133
Patient_988,Arrival,350024.9582414602,complete,,0.0,,,,
Patient_988,Origem_do Pronto Socorro,350024.9582414602,complete,,,do Pronto Socorro,350024.9582414602,,
Patient_988,CTI (PS),354503.7752668704,start,ctiBeds,0.0,,,,
Patient_988,CTI (PS),360837.6185366554,complete,ctiBeds,0.0,,,,
Patient_988,CTI prepara Encaminhamento,360837.6185366554,start,,0.0,,,,
Patient_988,CTI prepara Encaminhamento,360878.2413624039,complete,,0.0,,,,
Patient_988,Encaminha_Transferencia Externa,360878.2413624039,complete,,,Transferencia Externa,360878.2413624039,,
Patient_988,Discharge,360878.2413624039,complete,,,,,,10853.283120943699
Patient_989,Arrival,350504.2356863903,complete,,0.0,,,,
Patient_989,Origem_do Pronto Socorro,350504.2356863903,complete,,,do Pronto Socorro,350504.2356863903,,
Patient_989,CTI (PS),355007.7507463251,start,ctiBeds,0.0,,,,
Patient_989,CTI (PS),371023.3840065486,complete,ctiBeds,0.0,,,,
Patient_989,CTI prepara Encaminhamento,371023.3840065486,start,,0.0,,,,
Patient_989,CTI prepara Encaminhamento,371067.42722184904,complete,,0.0,,,,
Patient_989,Encaminha_para a Clinica Medica,371067.42722184904,complete,,,para a Clinica Medica,371067.42722184904,,
Patient_989,Discharge,371067.42722184904,complete,,,,,,20563.191535458725
Patient_99,Arrival,27404.20505592949,complete,,0.0,,,,
Patient_99,Origem_do Pronto Socorro,27404.20505592949,complete,,,do Pronto Socorro,27404.20505592949,,
Patient_99,CTI (PS),27712.77663013038,start,ctiBeds,0.0,,,,
Patient_99,CTI (PS),42652.543719012836,complete,ctiBeds,0.0,,,,
Patient_99,CTI prepara Encaminhamento,42652.543719012836,start,,0.0,,,,
Patient_99,CTI prepara Encaminhamento,42687.429831495494,complete,,0.0,,,,
Patient_99,Encaminha_Transferencia Externa,42687.429831495494,complete,,,Transferencia Externa,42687.429831495494,,
Patient_99,Discharge,42687.429831495494,complete,,,,,,15283.224775566003
Patient_990,Arrival,351144.77885876846,complete,,0.0,,,,
Patient_990,Origem_do Pronto Socorro,351144.77885876846,complete,,,do Pronto Socorro,351144.77885876846,,
Patient_990,CTI (PS),355383.5564126664,start,ctiBeds,0.0,,,,
Patient_990,CTI (PS),369848.27259332594,complete,ctiBeds,0.0,,,,
Patient_990,CTI prepara Encaminhamento,369848.27259332594,start,,0.0,,,,
Patient_990,CTI prepara Encaminhamento,369894.41550025344,complete,,0.0,,,,
Patient_990,Encaminha_para a Clinica Medica,369894.41550025344,complete,,,para a Clinica Medica,369894.41550025344,,
Patient_990,Discharge,369894.41550025344,complete,,,,,,18749.636641484976
Patient_991,Arrival,351435.4489533899,complete,,0.0,,,,
Patient_991,Origem_do Pronto Socorro,351435.4489533899,complete,,,do Pronto Socorro,351435.4489533899,,
Patient_991,CTI (PS),355692.8089689323,start,ctiBeds,0.0,,,,
Patient_991,CTI (PS),369135.5213672016,complete,ctiBeds,0.0,,,,
Patient_991,CTI prepara Encaminhamento,369135.5213672016,start,,0.0,,,,
Patient_991,CTI prepara Encaminhamento,369187.2817339298,complete,,0.0,,,,
Patient_991,Encaminha_para a Clinica Medica,369187.2817339298,complete,,,para a Clinica Medica,369187.2817339298,,
Patient_991,Discharge,369187.2817339298,complete,,,,,,17751.83278053993
Patient_992,Arrival,352086.7967765414,complete,,0.0,,,,
Patient_992,Origem_do Centro Cirurgico,352086.7967765414,complete,,,do Centro Cirurgico,352086.7967765414,,
Patient_992,CTI (CC),356299.5238972546,start,ctiBeds,0.0,,,,
Patient_992,CTI (CC),360717.0451494949,complete,ctiBeds,0.0,,,,
Patient_992,CTI prepara Encaminhamento,360717.0451494949,start,,0.0,,,,
Patient_992,CTI prepara Encaminhamento,360772.7191183073,complete,,0.0,,,,
Patient_992,Encaminha_para a Clinica Medica,360772.7191183073,complete,,,para a Clinica Medica,360772.7191183073,,
Patient_992,Discharge,360772.7191183073,complete,,,,,,8685.922341765894
Patient_993,Arrival,352564.1215102416,complete,,0.0,,,,
Patient_993,Origem_do Pronto Socorro,352564.1215102416,complete,,,do Pronto Socorro,352564.1215102416,,
Patient_993,CTI (PS),356542.0609895481,start,ctiBeds,0.0,,,,
Patient_993,CTI (PS),360547.9264740368,complete,ctiBeds,0.0,,,,
Patient_993,CTI prepara Encaminhamento,360547.9264740368,start,,0.0,,,,
Patient_993,CTI prepara Encaminhamento,360597.90286699904,complete,,0.0,,,,
Patient_993,Encaminha_para a Clinica Cirurgica,360597.90286699904,complete,,,para a Clinica Cirurgica,360597.90286699904,,
Patient_993,Discharge,360597.90286699904,complete,,,,,,8033.7813567574485
Patient_994,Arrival,353204.7982554915,complete,,0.0,,,,
Patient_994,Origem_do Centro Cirurgico,353204.7982554915,complete,,,do Centro Cirurgico,353204.7982554915,,
Patient_994,CTI (CC),356561.25247548067,start,ctiBeds,0.0,,,,
Patient_994,CTI (CC),366970.3129463637,complete,ctiBeds,0.0,,,,
Patient_994,CTI prepara Encaminhamento,366970.3129463637,start,,0.0,,,,
Patient_994,CTI prepara Encaminhamento,367026.39178997744,complete,,0.0,,,,
Patient_994,Encaminha_para a Clinica Medica,367026.39178997744,complete,,,para a Clinica Medica,367026.39178997744,,
Patient_994,Discharge,367026.39178997744,complete,,,,,,13821.59353448596
Patient_995,Arrival,353574.3753476692,complete,,0.0,,,,
Patient_995,Origem_do Pronto Socorro,353574.3753476692,complete,,,do Pronto Socorro,353574.3753476692,,
Patient_995,CTI (PS),356897.1958077161,start,ctiBeds,0.0,,,,
Patient_995,CTI (PS),358129.277642046,complete,ctiBeds,0.0,,,,
Patient_995,CTI prepara Encaminhamento,358129.277642046,start,,0.0,,,,
Patient_995,CTI prepara Encaminhamento,358162.7040795116,complete,,0.0,,,,
Patient_995,Encaminha_para a Clinica Medica,358162.7040795116,complete,,,para a Clinica Medica,358162.7040795116,,
Patient_995,Discharge,358162.7040795116,complete,,,,,,4588.328731842397
Patient_996,Arrival,353648.05339297006,complete,,0.0,,,,
Patient_996,Origem_do Centro Cirurgico,353648.05339297006,complete,,,do Centro Cirurgico,353648.05339297006,,
Patient_996,CTI (CC),357684.5438499435,start,ctiBeds,0.0,,,,
Patient_996,CTI (CC),382495.02759681793,complete,ctiBeds,0.0,,,,
Patient_996,CTI prepara Encaminhamento,382495.02759681793,start,,0.0,,,,
Patient_996,CTI prepara Encaminhamento,382542.74940164614,complete,,0.0,,,,
Patient_996,Encaminha_para a Clinica Medica,382542.74940164614,complete,,,para a Clinica Medica,382542.74940164614,,
Patient_996,Discharge,382542.74940164614,complete,,,,,,28894.69600867608
Patient_997,Arrival,353872.7011624303,complete,,0.0,,,,
Patient_997,Origem_do Centro Cirurgico,353872.7011624303,complete,,,do Centro Cirurgico,353872.7011624303,,
Patient_997,CTI (CC),357788.0421903078,start,ctiBeds,0.0,,,,
Patient_997,CTI (CC),362879.388361593,complete,ctiBeds,0.0,,,,
Patient_997,CTI prepara Encaminhamento,362879.388361593,start,,0.0,,,,
Patient_997,CTI prepara Encaminhamento,362917.46988614195,complete,,0.0,,,,
Patient_997,Encaminha_para a Clinica Medica,362917.46988614195,complete,,,para a Clinica Medica,362917.46988614195,,
Patient_997,Discharge,362917.46988614195,complete,,,,,,9044.768723711662
Patient_998,Arrival,353940.71639588976,complete,,0.0,,,,
Patient_998,Origem_do Pronto Socorro,353940.71639588976,complete,,,do Pronto Socorro,353940.71639588976,,
Patient_998,CTI (PS),358129.277642046,start,ctiBeds,0.0,,,,
Patient_998,CTI (PS),358267.00492388726,complete,ctiBeds,0.0,,,,
Patient_998,CTI prepara Encaminhamento,358267.00492388726,start,,0.0,,,,
Patient_998,CTI prepara Encaminhamento,358309.76173361123,complete,,0.0,,,,
Patient_998,Encaminha_para a Clinica Medica,358309.76173361123,complete,,,para a Clinica Medica,358309.76173361123,,
Patient_998,Discharge,358309.76173361123,complete,,,,,,4369.045337721473
Patient_999,Arrival,355009.51128813473,complete,,0.0,,,,
Patient_999,Origem_do Pronto Socorro,355009.51128813473,complete,,,do Pronto Socorro,355009.51128813473,,
Patient_999,CTI (PS),358224.96749357105,start,ctiBeds,0.0,,,,
Patient_999,CTI (PS),361102.1967203355,complete,ctiBeds,0.0,,,,
Patient_999,CTI prepara Encaminhamento,361102.1967203355,start,,0.0,,,,
Patient_999,CTI prepara Encaminhamento,361158.9421937939,complete,,0.0,,,,
Patient_999,Encaminha_Obito,361158.9421937939,complete,,,Obito,361158.9421937939,,
Patient_999,Discharge,361158.9421937939,complete,,,,,,6149.430905659159
