case_id,activity,timestamp,lifecycle,resource,priority,decision,decision_time,activity_priority,system_time
Patient_1,Arrival,0.0,complete,,0.0,,,,
Patient_1,Origem_da Clinica Cirurgica,0.0,complete,,,da Clinica Cirurgica,0.0,,
Patient_1,CTI (CLIC),0.0,start,ctiBeds,0.0,,,,
Patient_1,CTI (CLIC),14709.835771837552,complete,ctiBeds,0.0,,,,
Patient_1,CTI prepara Encaminhamento,14709.835771837552,start,,0.0,,,,
Patient_1,CTI prepara Encaminhamento,14762.13701494454,complete,,0.0,,,,
Patient_1,Encaminha_para a Clinica Medica,14762.13701494454,complete,,,para a Clinica Medica,14762.13701494454,,
Patient_1,Discharge,14762.13701494454,complete,,,,,,14762.13701494454
Patient_10,Arrival,3381.896628261747,complete,,0.0,,,,
Patient_10,Origem_do Pronto Socorro,3381.896628261747,complete,,,do Pronto Socorro,3381.896628261747,,
Patient_10,CTI (PS),3381.896628261747,start,ctiBeds,0.0,,,,
Patient_10,CTI (PS),28508.712189295962,complete,ctiBeds,0.0,,,,
Patient_10,CTI prepara Encaminhamento,28508.712189295962,start,,0.0,,,,
Patient_10,CTI prepara Encaminhamento,28549.779831074717,complete,,0.0,,,,
Patient_10,Encaminha_para a Clinica Medica,28549.779831074717,complete,,,para a Clinica Medica,28549.779831074717,,
Patient_10,Discharge,28549.779831074717,complete,,,,,,25167.88320281297
Patient_100,Arrival,31651.42824682859,complete,,0.0,,,,
Patient_100,Origem_do Pronto Socorro,31651.42824682859,complete,,,do Pronto Socorro,31651.42824682859,,
Patient_100,CTI (PS),31651.42824682859,start,ctiBeds,0.0,,,,
Patient_100,CTI (PS),48537.8525461792,complete,ctiBeds,0.0,,,,
Patient_100,CTI prepara Encaminhamento,48537.8525461792,start,,0.0,,,,
Patient_100,CTI prepara Encaminhamento,48581.96006960254,complete,,0.0,,,,
Patient_100,Encaminha_Obito,48581.96006960254,complete,,,Obito,48581.96006960254,,
Patient_100,Discharge,48581.96006960254,complete,,,,,,16930.531822773948
Patient_1000,Arrival,371182.72465374105,complete,,0.0,,,,
Patient_1000,Origem_do Centro Cirurgico,371182.72465374105,complete,,,do Centro Cirurgico,371182.72465374105,,
Patient_1000,CTI (CC),372053.4084707971,start,ctiBeds,0.0,,,,
Patient_1000,CTI (CC),375558.7438957521,complete,ctiBeds,0.0,,,,
Patient_1000,CTI prepara Encaminhamento,375558.7438957521,start,,0.0,,,,
Patient_1000,CTI prepara Encaminhamento,375593.52612157,complete,,0.0,,,,
Patient_1000,Encaminha_para a Clinica Cirurgica,375593.52612157,complete,,,para a Clinica Cirurgica,375593.52612157,,
Patient_1000,Discharge,375593.52612157,complete,,,,,,4410.801467828918
Patient_1001,Arrival,371457.87955099193,complete,,0.0,,,,
Patient_1001,Origem_da Clinica Cirurgica,371457.87955099193,complete,,,da Clinica Cirurgica,371457.87955099193,,
Patient_1001,CTI (CLIC),373342.2090873193,start,ctiBeds,0.0,,,,
Patient_1001,CTI (CLIC),396312.0354261742,complete,ctiBeds,0.0,,,,
Patient_1001,CTI prepara Encaminhamento,396312.0354261742,start,,0.0,,,,
Patient_1001,CTI prepara Encaminhamento,396365.94043699803,complete,,0.0,,,,
Patient_1001,Encaminha_para a Clinica Medica,396365.94043699803,complete,,,para a Clinica Medica,396365.94043699803,,
Patient_1001,Discharge,396365.94043699803,complete,,,,,,24908.060886006104
Patient_1002,Arrival,371692.7918263489,complete,,0.0,,,,
Patient_1002,Origem_da Maternidade,371692.7918263489,complete,,,da Maternidade,371692.7918263489,,
Patient_1002,CTI (MAT),373614.0306074812,start,ctiBeds,0.0,,,,
Patient_1002,CTI (MAT),373974.4107850677,complete,ctiBeds,0.0,,,,
Patient_1002,CTI prepara Encaminhamento,373974.4107850677,start,,0.0,,,,
Patient_1002,CTI prepara Encaminhamento,374017.17395897576,complete,,0.0,,,,
Patient_1002,Encaminha_para a Clinica Medica,374017.17395897576,complete,,,para a Clinica Medica,374017.17395897576,,
Patient_1002,Discharge,374017.17395897576,complete,,,,,,2324.382132626837
Patient_1003,Arrival,371774.7401079053,complete,,0.0,,,,
Patient_1003,Origem_do Centro Cirurgico,371774.7401079053,complete,,,do Centro Cirurgico,371774.7401079053,,
Patient_1003,CTI (CC),373732.3291689782,start,ctiBeds,0.0,,,,
Patient_1003,CTI (CC),386492.9883731046,complete,ctiBeds,0.0,,,,
Patient_1003,CTI prepara Encaminhamento,386492.9883731046,start,,0.0,,,,
Patient_1003,CTI prepara Encaminhamento,386524.9594330085,complete,,0.0,,,,
Patient_1003,Encaminha_para a Clinica Cirurgica,386524.9594330085,complete,,,para a Clinica Cirurgica,386524.9594330085,,
Patient_1003,Discharge,386524.9594330085,complete,,,,,,14750.219325103215
Patient_1004,Arrival,371983.5344214349,complete,,0.0,,,,
Patient_1004,Origem_do Pronto Socorro,371983.5344214349,complete,,,do Pronto Socorro,371983.5344214349,,
Patient_1004,CTI (PS),373974.4107850677,start,ctiBeds,0.0,,,,
Patient_1004,CTI (PS),395980.5402400317,complete,ctiBeds,0.0,,,,
Patient_1004,CTI prepara Encaminhamento,395980.5402400317,start,,0.0,,,,
Patient_1004,CTI prepara Encaminhamento,396024.8911747601,complete,,0.0,,,,
Patient_1004,Encaminha_Obito,396024.8911747601,complete,,,Obito,396024.8911747601,,
Patient_1004,Discharge,396024.8911747601,complete,,,,,,24041.356753325206
Patient_1005,Arrival,372155.2085675615,complete,,0.0,,,,
Patient_1005,Origem_do Pronto Socorro,372155.2085675615,complete,,,do Pronto Socorro,372155.2085675615,,
Patient_1005,CTI (PS),374453.82556582417,start,ctiBeds,0.0,,,,
Patient_1005,CTI (PS),383720.6645323886,complete,ctiBeds,0.0,,,,
Patient_1005,CTI prepara Encaminhamento,383720.6645323886,start,,0.0,,,,
Patient_1005,CTI prepara Encaminhamento,383756.6561610751,complete,,0.0,,,,
Patient_1005,Encaminha_para a Clinica Medica,383756.6561610751,complete,,,para a Clinica Medica,383756.6561610751,,
Patient_1005,Discharge,383756.6561610751,complete,,,,,,11601.447593513585
Patient_1006,Arrival,372209.46182240767,complete,,0.0,,,,
Patient_1006,Origem_do Pronto Socorro,372209.46182240767,complete,,,do Pronto Socorro,372209.46182240767,,
Patient_1006,CTI (PS),374710.57526536006,start,ctiBeds,0.0,,,,
Patient_1006,CTI (PS),406011.48089189857,complete,ctiBeds,0.0,,,,
Patient_1006,CTI prepara Encaminhamento,406011.48089189857,start,,0.0,,,,
Patient_1006,CTI prepara Encaminhamento,406050.3934882328,complete,,0.0,,,,
Patient_1006,Encaminha_para a Clinica Medica,406050.3934882328,complete,,,para a Clinica Medica,406050.3934882328,,
Patient_1006,Discharge,406050.3934882328,complete,,,,,,33840.931665825134
Patient_1007,Arrival,372593.9894968086,complete,,0.0,,,,
Patient_1007,Origem_do Centro Cirurgico,372593.9894968086,complete,,,do Centro Cirurgico,372593.9894968086,,
Patient_1007,CTI (CC),375558.7438957521,start,ctiBeds,0.0,,,,
Patient_1007,CTI (CC),389478.7579763694,complete,ctiBeds,0.0,,,,
Patient_1007,CTI prepara Encaminhamento,389478.7579763694,start,,0.0,,,,
Patient_1007,CTI prepara Encaminhamento,389536.0393516486,complete,,0.0,,,,
Patient_1007,Encaminha_para a Clinica Cirurgica,389536.0393516486,complete,,,para a Clinica Cirurgica,389536.0393516486,,
Patient_1007,Discharge,389536.0393516486,complete,,,,,,16942.049854839977
Patient_1008,Arrival,372650.82006405015,complete,,0.0,,,,
Patient_1008,Origem_do Pronto Socorro,372650.82006405015,complete,,,do Pronto Socorro,372650.82006405015,,
Patient_1008,CTI (PS),375665.9232775041,start,ctiBeds,0.0,,,,
Patient_1008,CTI (PS),381436.06150686863,complete,ctiBeds,0.0,,,,
Patient_1008,CTI prepara Encaminhamento,381436.06150686863,start,,0.0,,,,
Patient_1008,CTI prepara Encaminhamento,381476.1425511357,complete,,0.0,,,,
Patient_1008,Encaminha_para a Clinica Cirurgica,381476.1425511357,complete,,,para a Clinica Cirurgica,381476.1425511357,,
Patient_1008,Discharge,381476.1425511357,complete,,,,,,8825.322487085534
Patient_1009,Arrival,372993.05813260394,complete,,0.0,,,,
Patient_1009,Origem_do Centro Cirurgico,372993.05813260394,complete,,,do Centro Cirurgico,372993.05813260394,,
Patient_1009,CTI (CC),376695.4050762441,start,ctiBeds,0.0,,,,
Patient_1009,CTI (CC),378116.1643323395,complete,ctiBeds,0.0,,,,
Patient_1009,CTI prepara Encaminhamento,378116.1643323395,start,,0.0,,,,
Patient_1009,CTI prepara Encaminhamento,378157.1135310089,complete,,0.0,,,,
Patient_1009,Encaminha_para a Clinica Medica,378157.1135310089,complete,,,para a Clinica Medica,378157.1135310089,,
Patient_1009,Discharge,378157.1135310089,complete,,,,,,5164.0553984049475
Patient_101,Arrival,31786.612246208606,complete,,0.0,,,,
Patient_101,Origem_do Centro Cirurgico,31786.612246208606,complete,,,do Centro Cirurgico,31786.612246208606,,
Patient_101,CTI (CC),31786.612246208606,start,ctiBeds,0.0,,,,
Patient_101,CTI (CC),44621.11568947839,complete,ctiBeds,0.0,,,,
Patient_101,CTI prepara Encaminhamento,44621.11568947839,start,,0.0,,,,
Patient_101,CTI prepara Encaminhamento,44670.47475331006,complete,,0.0,,,,
Patient_101,Encaminha_para a Clinica Cirurgica,44670.47475331006,complete,,,para a Clinica Cirurgica,44670.47475331006,,
Patient_101,Discharge,44670.47475331006,complete,,,,,,12883.862507101454
Patient_1010,Arrival,373114.7085325236,complete,,0.0,,,,
Patient_1010,Origem_do Pronto Socorro,373114.7085325236,complete,,,do Pronto Socorro,373114.7085325236,,
Patient_1010,CTI (PS),376702.2585930459,start,ctiBeds,0.0,,,,
Patient_1010,CTI (PS),389360.8157937501,complete,ctiBeds,0.0,,,,
Patient_1010,CTI prepara Encaminhamento,389360.8157937501,start,,0.0,,,,
Patient_1010,CTI prepara Encaminhamento,389393.63945280394,complete,,0.0,,,,
Patient_1010,Encaminha_para a Clinica Cirurgica,389393.63945280394,complete,,,para a Clinica Cirurgica,389393.63945280394,,
Patient_1010,Discharge,389393.63945280394,complete,,,,,,16278.930920280342
Patient_1011,Arrival,373134.822691227,complete,,0.0,,,,
Patient_1011,Origem_do Centro Cirurgico,373134.822691227,complete,,,do Centro Cirurgico,373134.822691227,,
Patient_1011,CTI (CC),377497.1889413211,start,ctiBeds,0.0,,,,
Patient_1011,CTI (CC),382525.6868628188,complete,ctiBeds,0.0,,,,
Patient_1011,CTI prepara Encaminhamento,382525.6868628188,start,,0.0,,,,
Patient_1011,CTI prepara Encaminhamento,382583.5521646112,complete,,0.0,,,,
Patient_1011,Encaminha_para a Clinica Medica,382583.5521646112,complete,,,para a Clinica Medica,382583.5521646112,,
Patient_1011,Discharge,382583.5521646112,complete,,,,,,9448.729473384155
Patient_1012,Arrival,373681.58692483295,complete,,0.0,,,,
Patient_1012,Origem_do Pronto Socorro,373681.58692483295,complete,,,do Pronto Socorro,373681.58692483295,,
Patient_1012,CTI (PS),378116.1643323395,start,ctiBeds,0.0,,,,
Patient_1012,CTI (PS),385292.13556027797,complete,ctiBeds,0.0,,,,
Patient_1012,CTI prepara Encaminhamento,385292.13556027797,start,,0.0,,,,
Patient_1012,CTI prepara Encaminhamento,385348.00132644793,complete,,0.0,,,,
Patient_1012,Encaminha_para a Clinica Medica,385348.00132644793,complete,,,para a Clinica Medica,385348.00132644793,,
Patient_1012,Discharge,385348.00132644793,complete,,,,,,11666.41440161498
Patient_1013,Arrival,373988.4533314844,complete,,0.0,,,,
Patient_1013,Origem_do Centro Cirurgico,373988.4533314844,complete,,,do Centro Cirurgico,373988.4533314844,,
Patient_1013,CTI (CC),379557.18347025744,start,ctiBeds,0.0,,,,
Patient_1013,CTI (CC),380151.8206890929,complete,ctiBeds,0.0,,,,
Patient_1013,CTI prepara Encaminhamento,380151.8206890929,start,,0.0,,,,
Patient_1013,CTI prepara Encaminhamento,380201.7694158339,complete,,0.0,,,,
Patient_1013,Encaminha_para a Clinica Medica,380201.7694158339,complete,,,para a Clinica Medica,380201.7694158339,,
Patient_1013,Discharge,380201.7694158339,complete,,,,,,6213.316084349528
Patient_1014,Arrival,374477.74333981174,complete,,0.0,,,,
Patient_1014,Origem_do Pronto Socorro,374477.74333981174,complete,,,do Pronto Socorro,374477.74333981174,,
Patient_1014,CTI (PS),380151.8206890929,start,ctiBeds,0.0,,,,
Patient_1014,CTI (PS),386907.5677351356,complete,ctiBeds,0.0,,,,
Patient_1014,CTI prepara Encaminhamento,386907.5677351356,start,,0.0,,,,
Patient_1014,CTI prepara Encaminhamento,386941.28885165544,complete,,0.0,,,,
Patient_1014,Encaminha_para a Clinica Cirurgica,386941.28885165544,complete,,,para a Clinica Cirurgica,386941.28885165544,,
Patient_1014,Discharge,386941.28885165544,complete,,,,,,12463.545511843695
Patient_1015,Arrival,374769.82207953726,complete,,0.0,,,,
Patient_1015,Origem_do Pronto Socorro,374769.82207953726,complete,,,do Pronto Socorro,374769.82207953726,,
Patient_1015,CTI (PS),381436.06150686863,start,ctiBeds,0.0,,,,
Patient_1015,CTI (PS),398163.80307045457,complete,ctiBeds,0.0,,,,
Patient_1015,CTI prepara Encaminhamento,398163.80307045457,start,,0.0,,,,
Patient_1015,CTI prepara Encaminhamento,398211.6938735862,complete,,0.0,,,,
Patient_1015,Encaminha_Obito,398211.6938735862,complete,,,Obito,398211.6938735862,,
Patient_1015,Discharge,398211.6938735862,complete,,,,,,23441.87179404893
Patient_1016,Arrival,374855.40177219216,complete,,0.0,,,,
Patient_1016,Origem_do Pronto Socorro,374855.40177219216,complete,,,do Pronto Socorro,374855.40177219216,,
Patient_1016,CTI (PS),381509.0852730911,start,ctiBeds,0.0,,,,
Patient_1016,CTI (PS),394354.98379142757,complete,ctiBeds,0.0,,,,
Patient_1016,CTI prepara Encaminhamento,394354.98379142757,start,,0.0,,,,
Patient_1016,CTI prepara Encaminhamento,394388.80450970813,complete,,0.0,,,,
Patient_1016,Encaminha_Obito,394388.80450970813,complete,,,Obito,394388.80450970813,,
Patient_1016,Discharge,394388.80450970813,complete,,,,,,19533.40273751598
Patient_1017,Arrival,376024.616549797,complete,,0.0,,,,
Patient_1017,Origem_da Clinica Cirurgica,376024.616549797,complete,,,da Clinica Cirurgica,376024.616549797,,
Patient_1017,CTI (CLIC),381935.55776370247,start,ctiBeds,0.0,,,,
Patient_1017,CTI (CLIC),385811.90223248536,complete,ctiBeds,0.0,,,,
Patient_1017,CTI prepara Encaminhamento,385811.90223248536,start,,0.0,,,,
Patient_1017,CTI prepara Encaminhamento,385848.8444548846,complete,,0.0,,,,
Patient_1017,Encaminha_para a Clinica Cirurgica,385848.8444548846,complete,,,para a Clinica Cirurgica,385848.8444548846,,
Patient_1017,Discharge,385848.8444548846,complete,,,,,,9824.22790508758
Patient_1018,Arrival,376804.2450025759,complete,,0.0,,,,
Patient_1018,Origem_do Pronto Socorro,376804.2450025759,complete,,,do Pronto Socorro,376804.2450025759,,
Patient_1018,CTI (PS),381941.3202413592,start,ctiBeds,0.0,,,,
Patient_1018,CTI (PS),401126.48365213216,complete,ctiBeds,0.0,,,,
Patient_1018,CTI prepara Encaminhamento,401126.48365213216,start,,0.0,,,,
Patient_1018,CTI prepara Encaminhamento,401175.50296318077,complete,,0.0,,,,
Patient_1018,Encaminha_Transferencia Externa,401175.50296318077,complete,,,Transferencia Externa,401175.50296318077,,
Patient_1018,Discharge,401175.50296318077,complete,,,,,,24371.257960604853
Patient_1019,Arrival,377333.25731285807,complete,,0.0,,,,
Patient_1019,Origem_do Centro Cirurgico,377333.25731285807,complete,,,do Centro Cirurgico,377333.25731285807,,
Patient_1019,CTI (CC),382525.6868628188,start,ctiBeds,0.0,,,,
Patient_1019,CTI (CC),384709.599288104,complete,ctiBeds,0.0,,,,
Patient_1019,CTI prepara Encaminhamento,384709.599288104,start,,0.0,,,,
Patient_1019,CTI prepara Encaminhamento,384768.4573878605,complete,,0.0,,,,
Patient_1019,Encaminha_para a Clinica Medica,384768.4573878605,complete,,,para a Clinica Medica,384768.4573878605,,
Patient_1019,Discharge,384768.4573878605,complete,,,,,,7435.200075002445
Patient_102,Arrival,32153.80645583539,complete,,0.0,,,,
Patient_102,Origem_do Pronto Socorro,32153.80645583539,complete,,,do Pronto Socorro,32153.80645583539,,
Patient_102,CTI (PS),32153.80645583539,start,ctiBeds,0.0,,,,
Patient_102,CTI (PS),32440.15669884413,complete,ctiBeds,0.0,,,,
Patient_102,CTI prepara Encaminhamento,32440.15669884413,start,,0.0,,,,
Patient_102,CTI prepara Encaminhamento,32486.29234301573,complete,,0.0,,,,
Patient_102,Encaminha_para a Clinica Cirurgica,32486.29234301573,complete,,,para a Clinica Cirurgica,32486.29234301573,,
Patient_102,Discharge,32486.29234301573,complete,,,,,,332.4858871803408
Patient_1020,Arrival,377671.4880254994,complete,,0.0,,,,
Patient_1020,Origem_do Pronto Socorro,377671.4880254994,complete,,,do Pronto Socorro,377671.4880254994,,
Patient_1020,CTI (PS),383215.0814176258,start,ctiBeds,0.0,,,,
Patient_1020,CTI (PS),393217.6195626586,complete,ctiBeds,0.0,,,,
Patient_1020,CTI prepara Encaminhamento,393217.6195626586,start,,0.0,,,,
Patient_1020,CTI prepara Encaminhamento,393253.88824017957,complete,,0.0,,,,
Patient_1020,Encaminha_para a Clinica Medica,393253.88824017957,complete,,,para a Clinica Medica,393253.88824017957,,
Patient_1020,Discharge,393253.88824017957,complete,,,,,,15582.40021468018
Patient_1021,Arrival,377688.0631941293,complete,,0.0,,,,
Patient_1021,Origem_do Centro Cirurgico,377688.0631941293,complete,,,do Centro Cirurgico,377688.0631941293,,
Patient_1021,CTI (CC),383720.6645323886,start,ctiBeds,0.0,,,,
Patient_1021,CTI (CC),389397.4921491103,complete,ctiBeds,0.0,,,,
Patient_1021,CTI prepara Encaminhamento,389397.4921491103,start,,0.0,,,,
Patient_1021,CTI prepara Encaminhamento,389433.91819933825,complete,,0.0,,,,
Patient_1021,Encaminha_para a Clinica Medica,389433.91819933825,complete,,,para a Clinica Medica,389433.91819933825,,
Patient_1021,Discharge,389433.91819933825,complete,,,,,,11745.855005208927
Patient_1022,Arrival,377811.4033003663,complete,,0.0,,,,
Patient_1022,Origem_do Centro Cirurgico,377811.4033003663,complete,,,do Centro Cirurgico,377811.4033003663,,
Patient_1022,CTI (CC),384709.599288104,start,ctiBeds,0.0,,,,
Patient_1022,CTI (CC),388319.33828585787,complete,ctiBeds,0.0,,,,
Patient_1022,CTI prepara Encaminhamento,388319.33828585787,start,,0.0,,,,
Patient_1022,CTI prepara Encaminhamento,388354.73839770135,complete,,0.0,,,,
Patient_1022,Encaminha_para a Clinica Cirurgica,388354.73839770135,complete,,,para a Clinica Cirurgica,388354.73839770135,,
Patient_1022,Discharge,388354.73839770135,complete,,,,,,10543.335097335046
Patient_1023,Arrival,378026.96310321253,complete,,0.0,,,,
Patient_1023,Origem_do Pronto Socorro,378026.96310321253,complete,,,do Pronto Socorro,378026.96310321253,,
Patient_1023,CTI (PS),385292.13556027797,start,ctiBeds,0.0,,,,
Patient_1023,CTI (PS),388873.4306947397,complete,ctiBeds,0.0,,,,
Patient_1023,CTI prepara Encaminhamento,388873.4306947397,start,,0.0,,,,
Patient_1023,CTI prepara Encaminhamento,388921.9944108266,complete,,0.0,,,,
Patient_1023,Encaminha_para a Clinica Medica,388921.9944108266,complete,,,para a Clinica Medica,388921.9944108266,,
Patient_1023,Discharge,388921.9944108266,complete,,,,,,10895.03130761406
Patient_1024,Arrival,378077.4596417353,complete,,0.0,,,,
Patient_1024,Origem_do Pronto Socorro,378077.4596417353,complete,,,do Pronto Socorro,378077.4596417353,,
Patient_1024,CTI (PS),385811.90223248536,start,ctiBeds,0.0,,,,
Patient_1024,CTI (PS),393065.9455792939,complete,ctiBeds,0.0,,,,
Patient_1024,CTI prepara Encaminhamento,393065.9455792939,start,,0.0,,,,
Patient_1024,CTI prepara Encaminhamento,393106.5355087963,complete,,0.0,,,,
Patient_1024,Encaminha_Obito,393106.5355087963,complete,,,Obito,393106.5355087963,,
Patient_1024,Discharge,393106.5355087963,complete,,,,,,15029.07586706098
Patient_1025,Arrival,378123.08504568646,complete,,0.0,,,,
Patient_1025,Origem_da Clinica Cirurgica,378123.08504568646,complete,,,da Clinica Cirurgica,378123.08504568646,,
Patient_1025,CTI (CLIC),386492.9883731046,start,ctiBeds,0.0,,,,
Patient_1025,CTI (CLIC),386908.45066326595,complete,ctiBeds,0.0,,,,
Patient_1025,CTI prepara Encaminhamento,386908.45066326595,start,,0.0,,,,
Patient_1025,CTI prepara Encaminhamento,386957.37961717113,complete,,0.0,,,,
Patient_1025,Encaminha_para a Clinica Medica,386957.37961717113,complete,,,para a Clinica Medica,386957.37961717113,,
Patient_1025,Discharge,386957.37961717113,complete,,,,,,8834.294571484672
Patient_1026,Arrival,378174.89766987774,complete,,0.0,,,,
Patient_1026,Origem_do Pronto Socorro,378174.89766987774,complete,,,do Pronto Socorro,378174.89766987774,,
Patient_1026,CTI (PS),386907.5677351356,start,ctiBeds,0.0,,,,
Patient_1026,CTI (PS),406647.2372918445,complete,ctiBeds,0.0,,,,
Patient_1026,CTI prepara Encaminhamento,406647.2372918445,start,,0.0,,,,
Patient_1026,CTI prepara Encaminhamento,406677.6868230635,complete,,0.0,,,,
Patient_1026,Encaminha_Transferencia Externa,406677.6868230635,complete,,,Transferencia Externa,406677.6868230635,,
Patient_1026,Discharge,406677.6868230635,complete,,,,,,28502.78915318573
Patient_1027,Arrival,378291.77541144454,complete,,0.0,,,,
Patient_1027,Origem_do Centro Cirurgico,378291.77541144454,complete,,,do Centro Cirurgico,378291.77541144454,,
Patient_1027,CTI (CC),386908.45066326595,start,ctiBeds,0.0,,,,
Patient_1027,CTI (CC),387580.05289565324,complete,ctiBeds,0.0,,,,
Patient_1027,CTI prepara Encaminhamento,387580.05289565324,start,,0.0,,,,
Patient_1027,CTI prepara Encaminhamento,387638.6146913794,complete,,0.0,,,,
Patient_1027,Encaminha_para a Clinica Medica,387638.6146913794,complete,,,para a Clinica Medica,387638.6146913794,,
Patient_1027,Discharge,387638.6146913794,complete,,,,,,9346.83927993488
Patient_1028,Arrival,379682.43458073464,complete,,0.0,,,,
Patient_1028,Origem_do Centro Cirurgico,379682.43458073464,complete,,,do Centro Cirurgico,379682.43458073464,,
Patient_1028,CTI (CC),387116.7210700612,start,ctiBeds,0.0,,,,
Patient_1028,CTI (CC),388581.94246495096,complete,ctiBeds,0.0,,,,
Patient_1028,CTI prepara Encaminhamento,388581.94246495096,start,,0.0,,,,
Patient_1028,CTI prepara Encaminhamento,388625.20717822755,complete,,0.0,,,,
Patient_1028,Encaminha_para a Clinica Medica,388625.20717822755,complete,,,para a Clinica Medica,388625.20717822755,,
Patient_1028,Discharge,388625.20717822755,complete,,,,,,8942.772597492905
Patient_1029,Arrival,379923.3401779134,complete,,0.0,,,,
Patient_1029,Origem_do Pronto Socorro,379923.3401779134,complete,,,do Pronto Socorro,379923.3401779134,,
Patient_1029,CTI (PS),387226.13701240806,start,ctiBeds,0.0,,,,
Patient_1029,CTI (PS),396103.0104465917,complete,ctiBeds,0.0,,,,
Patient_1029,CTI prepara Encaminhamento,396103.0104465917,start,,0.0,,,,
Patient_1029,CTI prepara Encaminhamento,396145.00587326597,complete,,0.0,,,,
Patient_1029,Encaminha_para a Maternidade,396145.00587326597,complete,,,para a Maternidade,396145.00587326597,,
Patient_1029,Discharge,396145.00587326597,complete,,,,,,16221.665695352596
Patient_103,Arrival,32279.48706157228,complete,,0.0,,,,
Patient_103,Origem_do Centro Cirurgico,32279.48706157228,complete,,,do Centro Cirurgico,32279.48706157228,,
Patient_103,CTI (CC),32279.48706157228,start,ctiBeds,0.0,,,,
Patient_103,CTI (CC),40599.17382323239,complete,ctiBeds,0.0,,,,
Patient_103,CTI prepara Encaminhamento,40599.17382323239,start,,0.0,,,,
Patient_103,CTI prepara Encaminhamento,40638.865970263345,complete,,0.0,,,,
Patient_103,Encaminha_Obito,40638.865970263345,complete,,,Obito,40638.865970263345,,
Patient_103,Discharge,40638.865970263345,complete,,,,,,8359.378908691066
Patient_1030,Arrival,380596.50522376475,complete,,0.0,,,,
Patient_1030,Origem_do Centro Cirurgico,380596.50522376475,complete,,,do Centro Cirurgico,380596.50522376475,,
Patient_1030,CTI (CC),387391.53319414944,start,ctiBeds,0.0,,,,
Patient_1030,CTI (CC),391618.60876580887,complete,ctiBeds,0.0,,,,
Patient_1030,CTI prepara Encaminhamento,391618.60876580887,start,,0.0,,,,
Patient_1030,CTI prepara Encaminhamento,391668.29072179645,complete,,0.0,,,,
Patient_1030,Encaminha_para a Clinica Medica,391668.29072179645,complete,,,para a Clinica Medica,391668.29072179645,,
Patient_1030,Discharge,391668.29072179645,complete,,,,,,11071.785498031706
Patient_1031,Arrival,381022.5041304683,complete,,0.0,,,,
Patient_1031,Origem_do Centro Cirurgico,381022.5041304683,complete,,,do Centro Cirurgico,381022.5041304683,,
Patient_1031,CTI (CC),387580.05289565324,start,ctiBeds,0.0,,,,
Patient_1031,CTI (CC),391824.73942704673,complete,ctiBeds,0.0,,,,
Patient_1031,CTI prepara Encaminhamento,391824.73942704673,start,,0.0,,,,
Patient_1031,CTI prepara Encaminhamento,391858.638924679,complete,,0.0,,,,
Patient_1031,Encaminha_Obito,391858.638924679,complete,,,Obito,391858.638924679,,
Patient_1031,Discharge,391858.638924679,complete,,,,,,10836.134794210724
Patient_1032,Arrival,381404.3758962525,complete,,0.0,,,,
Patient_1032,Origem_do Centro Cirurgico,381404.3758962525,complete,,,do Centro Cirurgico,381404.3758962525,,
Patient_1032,CTI (CC),387597.6346161044,start,ctiBeds,0.0,,,,
Patient_1032,CTI (CC),391200.96879865957,complete,ctiBeds,0.0,,,,
Patient_1032,CTI prepara Encaminhamento,391200.96879865957,start,,0.0,,,,
Patient_1032,CTI prepara Encaminhamento,391240.2239326152,complete,,0.0,,,,
Patient_1032,Encaminha_para a Clinica Medica,391240.2239326152,complete,,,para a Clinica Medica,391240.2239326152,,
Patient_1032,Discharge,391240.2239326152,complete,,,,,,9835.848036362673
Patient_1033,Arrival,381584.7977797397,complete,,0.0,,,,
Patient_1033,Origem_do Centro Cirurgico,381584.7977797397,complete,,,do Centro Cirurgico,381584.7977797397,,
Patient_1033,CTI (CC),388319.33828585787,start,ctiBeds,0.0,,,,
Patient_1033,CTI (CC),395299.5147539916,complete,ctiBeds,0.0,,,,
Patient_1033,CTI prepara Encaminhamento,395299.5147539916,start,,0.0,,,,
Patient_1033,CTI prepara Encaminhamento,395358.8371675166,complete,,0.0,,,,
Patient_1033,Encaminha_para a Clinica Cirurgica,395358.8371675166,complete,,,para a Clinica Cirurgica,395358.8371675166,,
Patient_1033,Discharge,395358.8371675166,complete,,,,,,13774.039387776866
Patient_1034,Arrival,381792.13406658487,complete,,0.0,,,,
Patient_1034,Origem_do Pronto Socorro,381792.13406658487,complete,,,do Pronto Socorro,381792.13406658487,,
Patient_1034,CTI (PS),388341.807442043,start,ctiBeds,0.0,,,,
Patient_1034,CTI (PS),404611.4183318288,complete,ctiBeds,0.0,,,,
Patient_1034,CTI prepara Encaminhamento,404611.4183318288,start,,0.0,,,,
Patient_1034,CTI prepara Encaminhamento,404669.88174646435,complete,,0.0,,,,
Patient_1034,Encaminha_para a Clinica Cirurgica,404669.88174646435,complete,,,para a Clinica Cirurgica,404669.88174646435,,
Patient_1034,Discharge,404669.88174646435,complete,,,,,,22877.74767987948
Patient_1035,Arrival,382691.69514801196,complete,,0.0,,,,
Patient_1035,Origem_do Pronto Socorro,382691.69514801196,complete,,,do Pronto Socorro,382691.69514801196,,
Patient_1035,CTI (PS),388581.94246495096,start,ctiBeds,0.0,,,,
Patient_1035,CTI (PS),391234.19817068666,complete,ctiBeds,0.0,,,,
Patient_1035,CTI prepara Encaminhamento,391234.19817068666,start,,0.0,,,,
Patient_1035,CTI prepara Encaminhamento,391282.9126840398,complete,,0.0,,,,
Patient_1035,Encaminha_para a Clinica Medica,391282.9126840398,complete,,,para a Clinica Medica,391282.9126840398,,
Patient_1035,Discharge,391282.9126840398,complete,,,,,,8591.217536027834
Patient_1036,Arrival,382844.0502524666,complete,,0.0,,,,
Patient_1036,Origem_da Clinica Medica,382844.0502524666,complete,,,da Clinica Medica,382844.0502524666,,
Patient_1036,CTI (CLIM),388873.4306947397,start,ctiBeds,0.0,,,,
Patient_1036,CTI (CLIM),389741.31007628364,complete,ctiBeds,0.0,,,,
Patient_1036,CTI prepara Encaminhamento,389741.31007628364,start,,0.0,,,,
Patient_1036,CTI prepara Encaminhamento,389799.28183322016,complete,,0.0,,,,
Patient_1036,Encaminha_para a Clinica Medica,389799.28183322016,complete,,,para a Clinica Medica,389799.28183322016,,
Patient_1036,Discharge,389799.28183322016,complete,,,,,,6955.231580753578
Patient_1037,Arrival,382936.5908520726,complete,,0.0,,,,
Patient_1037,Origem_da Clinica Medica,382936.5908520726,complete,,,da Clinica Medica,382936.5908520726,,
Patient_1037,CTI (CLIM),389252.99959182914,start,ctiBeds,0.0,,,,
Patient_1037,CTI (CLIM),390231.1924849691,complete,ctiBeds,0.0,,,,
Patient_1037,CTI prepara Encaminhamento,390231.1924849691,start,,0.0,,,,
Patient_1037,CTI prepara Encaminhamento,390266.0474459816,complete,,0.0,,,,
Patient_1037,Encaminha_para a Clinica Medica,390266.0474459816,complete,,,para a Clinica Medica,390266.0474459816,,
Patient_1037,Discharge,390266.0474459816,complete,,,,,,7329.45659390901
Patient_1038,Arrival,383253.5671119276,complete,,0.0,,,,
Patient_1038,Origem_do Centro Cirurgico,383253.5671119276,complete,,,do Centro Cirurgico,383253.5671119276,,
Patient_1038,CTI (CC),389360.8157937501,start,ctiBeds,0.0,,,,
Patient_1038,CTI (CC),424593.73516396905,complete,ctiBeds,0.0,,,,
Patient_1038,CTI prepara Encaminhamento,424593.73516396905,start,,0.0,,,,
Patient_1038,CTI prepara Encaminhamento,424646.78923832555,complete,,0.0,,,,
Patient_1038,Encaminha_para a Clinica Medica,424646.78923832555,complete,,,para a Clinica Medica,424646.78923832555,,
Patient_1038,Discharge,424646.78923832555,complete,,,,,,41393.222126397945
Patient_1039,Arrival,384563.43138008076,complete,,0.0,,,,
Patient_1039,Origem_do Centro Cirurgico,384563.43138008076,complete,,,do Centro Cirurgico,384563.43138008076,,
Patient_1039,CTI (CC),389397.4921491103,start,ctiBeds,0.0,,,,
Patient_1039,CTI (CC),390013.16964615433,complete,ctiBeds,0.0,,,,
Patient_1039,CTI prepara Encaminhamento,390013.16964615433,start,,0.0,,,,
Patient_1039,CTI prepara Encaminhamento,390064.8408495171,complete,,0.0,,,,
Patient_1039,Encaminha_para a Clinica Cirurgica,390064.8408495171,complete,,,para a Clinica Cirurgica,390064.8408495171,,
Patient_1039,Discharge,390064.8408495171,complete,,,,,,5501.40946943633
Patient_104,Arrival,32307.19120600411,complete,,0.0,,,,
Patient_104,Origem_da Clinica Cirurgica,32307.19120600411,complete,,,da Clinica Cirurgica,32307.19120600411,,
Patient_104,CTI (CLIC),32307.19120600411,start,ctiBeds,0.0,,,,
Patient_104,CTI (CLIC),44521.14992118153,complete,ctiBeds,0.0,,,,
Patient_104,CTI prepara Encaminhamento,44521.14992118153,start,,0.0,,,,
Patient_104,CTI prepara Encaminhamento,44579.27240875967,complete,,0.0,,,,
Patient_104,Encaminha_para a Clinica Cirurgica,44579.27240875967,complete,,,para a Clinica Cirurgica,44579.27240875967,,
Patient_104,Discharge,44579.27240875967,complete,,,,,,12272.081202755562
Patient_1040,Arrival,385197.43804398243,complete,,0.0,,,,
Patient_1040,Origem_do Pronto Socorro,385197.43804398243,complete,,,do Pronto Socorro,385197.43804398243,,
Patient_1040,CTI (PS),389478.7579763694,start,ctiBeds,0.0,,,,
Patient_1040,CTI (PS),389766.3078500021,complete,ctiBeds,0.0,,,,
Patient_1040,CTI prepara Encaminhamento,389766.3078500021,start,,0.0,,,,
Patient_1040,CTI prepara Encaminhamento,389819.330262859,complete,,0.0,,,,
Patient_1040,Encaminha_para a Clinica Medica,389819.330262859,complete,,,para a Clinica Medica,389819.330262859,,
Patient_1040,Discharge,389819.330262859,complete,,,,,,4621.892218876572
Patient_1041,Arrival,385308.7940356178,complete,,0.0,,,,
Patient_1041,Origem_da Clinica Medica,385308.7940356178,complete,,,da Clinica Medica,385308.7940356178,,
Patient_1041,CTI (CLIM),389741.31007628364,start,ctiBeds,0.0,,,,
Patient_1041,CTI (CLIM),392996.032731786,complete,ctiBeds,0.0,,,,
Patient_1041,CTI prepara Encaminhamento,392996.032731786,start,,0.0,,,,
Patient_1041,CTI prepara Encaminhamento,393040.4998806283,complete,,0.0,,,,
Patient_1041,Encaminha_para a Clinica Cirurgica,393040.4998806283,complete,,,para a Clinica Cirurgica,393040.4998806283,,
Patient_1041,Discharge,393040.4998806283,complete,,,,,,7731.705845010525
Patient_1042,Arrival,386023.5097071374,complete,,0.0,,,,
Patient_1042,Origem_do Pronto Socorro,386023.5097071374,complete,,,do Pronto Socorro,386023.5097071374,,
Patient_1042,CTI (PS),389766.3078500021,start,ctiBeds,0.0,,,,
Patient_1042,CTI (PS),405196.655758366,complete,ctiBeds,0.0,,,,
Patient_1042,CTI prepara Encaminhamento,405196.655758366,start,,0.0,,,,
Patient_1042,CTI prepara Encaminhamento,405234.1454195363,complete,,0.0,,,,
Patient_1042,Encaminha_para a Clinica Cirurgica,405234.1454195363,complete,,,para a Clinica Cirurgica,405234.1454195363,,
Patient_1042,Discharge,405234.1454195363,complete,,,,,,19210.635712398856
Patient_1043,Arrival,386512.4023137989,complete,,0.0,,,,
Patient_1043,Origem_do Pronto Socorro,386512.4023137989,complete,,,do Pronto Socorro,386512.4023137989,,
Patient_1043,CTI (PS),390013.16964615433,start,ctiBeds,0.0,,,,
Patient_1043,CTI (PS),397640.6065080969,complete,ctiBeds,0.0,,,,
Patient_1043,CTI prepara Encaminhamento,397640.6065080969,start,,0.0,,,,
Patient_1043,CTI prepara Encaminhamento,397673.75237410935,complete,,0.0,,,,
Patient_1043,Encaminha_para a Clinica Cirurgica,397673.75237410935,complete,,,para a Clinica Cirurgica,397673.75237410935,,
Patient_1043,Discharge,397673.75237410935,complete,,,,,,11161.350060310448
Patient_1044,Arrival,386730.3185042713,complete,,0.0,,,,
Patient_1044,Origem_da Clinica Cirurgica,386730.3185042713,complete,,,da Clinica Cirurgica,386730.3185042713,,
Patient_1044,CTI (CLIC),390231.1924849691,start,ctiBeds,0.0,,,,
Patient_1044,CTI (CLIC),398200.36571078544,complete,ctiBeds,0.0,,,,
Patient_1044,CTI prepara Encaminhamento,398200.36571078544,start,,0.0,,,,
Patient_1044,CTI prepara Encaminhamento,398239.7036556361,complete,,0.0,,,,
Patient_1044,Encaminha_Obito,398239.7036556361,complete,,,Obito,398239.7036556361,,
Patient_1044,Discharge,398239.7036556361,complete,,,,,,11509.38515136484
Patient_1045,Arrival,386948.3295571195,complete,,0.0,,,,
Patient_1045,Origem_do Centro Cirurgico,386948.3295571195,complete,,,do Centro Cirurgico,386948.3295571195,,
Patient_1045,CTI (CC),390520.22280356515,start,ctiBeds,0.0,,,,
Patient_1045,CTI (CC),409279.1342915616,complete,ctiBeds,0.0,,,,
Patient_1045,CTI prepara Encaminhamento,409279.1342915616,start,,0.0,,,,
Patient_1045,CTI prepara Encaminhamento,409333.67190464726,complete,,0.0,,,,
Patient_1045,Encaminha_para a Clinica Cirurgica,409333.67190464726,complete,,,para a Clinica Cirurgica,409333.67190464726,,
Patient_1045,Discharge,409333.67190464726,complete,,,,,,22385.342347527738
Patient_1046,Arrival,387230.34320665075,complete,,0.0,,,,
Patient_1046,Origem_da Clinica Medica,387230.34320665075,complete,,,da Clinica Medica,387230.34320665075,,
Patient_1046,CTI (CLIM),391200.96879865957,start,ctiBeds,0.0,,,,
Patient_1046,CTI (CLIM),400434.4367929178,complete,ctiBeds,0.0,,,,
Patient_1046,CTI prepara Encaminhamento,400434.4367929178,start,,0.0,,,,
Patient_1046,CTI prepara Encaminhamento,400475.9298247168,complete,,0.0,,,,
Patient_1046,Encaminha_para a Clinica Cirurgica,400475.9298247168,complete,,,para a Clinica Cirurgica,400475.9298247168,,
Patient_1046,Discharge,400475.9298247168,complete,,,,,,13245.586618066067
Patient_1047,Arrival,387651.2494335126,complete,,0.0,,,,
Patient_1047,Origem_do Centro Cirurgico,387651.2494335126,complete,,,do Centro Cirurgico,387651.2494335126,,
Patient_1047,CTI (CC),391234.19817068666,start,ctiBeds,0.0,,,,
Patient_1047,CTI (CC),397226.559739613,complete,ctiBeds,0.0,,,,
Patient_1047,CTI prepara Encaminhamento,397226.559739613,start,,0.0,,,,
Patient_1047,CTI prepara Encaminhamento,397274.3498439665,complete,,0.0,,,,
Patient_1047,Encaminha_Obito,397274.3498439665,complete,,,Obito,397274.3498439665,,
Patient_1047,Discharge,397274.3498439665,complete,,,,,,9623.100410453859
Patient_1048,Arrival,387952.2933468371,complete,,0.0,,,,
Patient_1048,Origem_do Pronto Socorro,387952.2933468371,complete,,,do Pronto Socorro,387952.2933468371,,
Patient_1048,CTI (PS),391618.60876580887,start,ctiBeds,0.0,,,,
Patient_1048,CTI (PS),398077.8868568726,complete,ctiBeds,0.0,,,,
Patient_1048,CTI prepara Encaminhamento,398077.8868568726,start,,0.0,,,,
Patient_1048,CTI prepara Encaminhamento,398118.6467122036,complete,,0.0,,,,
Patient_1048,Encaminha_para a Clinica Medica,398118.6467122036,complete,,,para a Clinica Medica,398118.6467122036,,
Patient_1048,Discharge,398118.6467122036,complete,,,,,,10166.353365366522
Patient_1049,Arrival,388112.47588492674,complete,,0.0,,,,
Patient_1049,Origem_do Pronto Socorro,388112.47588492674,complete,,,do Pronto Socorro,388112.47588492674,,
Patient_1049,CTI (PS),391824.73942704673,start,ctiBeds,0.0,,,,
Patient_1049,CTI (PS),409273.8737974438,complete,ctiBeds,0.0,,,,
Patient_1049,CTI prepara Encaminhamento,409273.8737974438,start,,0.0,,,,
Patient_1049,CTI prepara Encaminhamento,409326.43372621713,complete,,0.0,,,,
Patient_1049,Encaminha_Obito,409326.43372621713,complete,,,Obito,409326.43372621713,,
Patient_1049,Discharge,409326.43372621713,complete,,,,,,21213.957841290394
Patient_105,Arrival,32722.722217007933,complete,,0.0,,,,
Patient_105,Origem_do Pronto Socorro,32722.722217007933,complete,,,do Pronto Socorro,32722.722217007933,,
Patient_105,CTI (PS),32722.722217007933,start,ctiBeds,0.0,,,,
Patient_105,CTI (PS),67972.9040776908,complete,ctiBeds,0.0,,,,
Patient_105,CTI prepara Encaminhamento,67972.9040776908,start,,0.0,,,,
Patient_105,CTI prepara Encaminhamento,68018.91415021857,complete,,0.0,,,,
Patient_105,Encaminha_Obito,68018.91415021857,complete,,,Obito,68018.91415021857,,
Patient_105,Discharge,68018.91415021857,complete,,,,,,35296.19193321063
Patient_1050,Arrival,388181.616965443,complete,,0.0,,,,
Patient_1050,Origem_do Centro Cirurgico,388181.616965443,complete,,,do Centro Cirurgico,388181.616965443,,
Patient_1050,CTI (CC),392996.032731786,start,ctiBeds,0.0,,,,
Patient_1050,CTI (CC),393674.67266859696,complete,ctiBeds,0.0,,,,
Patient_1050,CTI prepara Encaminhamento,393674.67266859696,start,,0.0,,,,
Patient_1050,CTI prepara Encaminhamento,393720.1252028392,complete,,0.0,,,,
Patient_1050,Encaminha_para a Clinica Medica,393720.1252028392,complete,,,para a Clinica Medica,393720.1252028392,,
Patient_1050,Discharge,393720.1252028392,complete,,,,,,5538.508237396192
Patient_1051,Arrival,388187.301030149,complete,,0.0,,,,
Patient_1051,Origem_do Centro Cirurgico,388187.301030149,complete,,,do Centro Cirurgico,388187.301030149,,
Patient_1051,CTI (CC),393065.9455792939,start,ctiBeds,0.0,,,,
Patient_1051,CTI (CC),394631.166025576,complete,ctiBeds,0.0,,,,
Patient_1051,CTI prepara Encaminhamento,394631.166025576,start,,0.0,,,,
Patient_1051,CTI prepara Encaminhamento,394670.7166400542,complete,,0.0,,,,
Patient_1051,Encaminha_para a Clinica Medica,394670.7166400542,complete,,,para a Clinica Medica,394670.7166400542,,
Patient_1051,Discharge,394670.7166400542,complete,,,,,,6483.415609905205
Patient_1052,Arrival,388232.4226091619,complete,,0.0,,,,
Patient_1052,Origem_do Pronto Socorro,388232.4226091619,complete,,,do Pronto Socorro,388232.4226091619,,
Patient_1052,CTI (PS),393217.6195626586,start,ctiBeds,0.0,,,,
Patient_1052,CTI (PS),397621.01185633964,complete,ctiBeds,0.0,,,,
Patient_1052,CTI prepara Encaminhamento,397621.01185633964,start,,0.0,,,,
Patient_1052,CTI prepara Encaminhamento,397656.428008075,complete,,0.0,,,,
Patient_1052,Encaminha_para a Clinica Medica,397656.428008075,complete,,,para a Clinica Medica,397656.428008075,,
Patient_1052,Discharge,397656.428008075,complete,,,,,,9424.005398913112
Patient_1053,Arrival,388987.7529621185,complete,,0.0,,,,
Patient_1053,Origem_do Centro Cirurgico,388987.7529621185,complete,,,do Centro Cirurgico,388987.7529621185,,
Patient_1053,CTI (CC),393674.67266859696,start,ctiBeds,0.0,,,,
Patient_1053,CTI (CC),403753.6724773094,complete,ctiBeds,0.0,,,,
Patient_1053,CTI prepara Encaminhamento,403753.6724773094,start,,0.0,,,,
Patient_1053,CTI prepara Encaminhamento,403804.2993032151,complete,,0.0,,,,
Patient_1053,Encaminha_para a Clinica Cirurgica,403804.2993032151,complete,,,para a Clinica Cirurgica,403804.2993032151,,
Patient_1053,Discharge,403804.2993032151,complete,,,,,,14816.546341096633
Patient_1054,Arrival,389074.9729314751,complete,,0.0,,,,
Patient_1054,Origem_do Pronto Socorro,389074.9729314751,complete,,,do Pronto Socorro,389074.9729314751,,
Patient_1054,CTI (PS),394354.98379142757,start,ctiBeds,0.0,,,,
Patient_1054,CTI (PS),395702.91675397195,complete,ctiBeds,0.0,,,,
Patient_1054,CTI prepara Encaminhamento,395702.91675397195,start,,0.0,,,,
Patient_1054,CTI prepara Encaminhamento,395752.12889235397,complete,,0.0,,,,
Patient_1054,Encaminha_para a Clinica Medica,395752.12889235397,complete,,,para a Clinica Medica,395752.12889235397,,
Patient_1054,Discharge,395752.12889235397,complete,,,,,,6677.155960878881
Patient_1055,Arrival,389348.12438454584,complete,,0.0,,,,
Patient_1055,Origem_do Centro Cirurgico,389348.12438454584,complete,,,do Centro Cirurgico,389348.12438454584,,
Patient_1055,CTI (CC),394631.166025576,start,ctiBeds,0.0,,,,
Patient_1055,CTI (CC),404137.1542788422,complete,ctiBeds,0.0,,,,
Patient_1055,CTI prepara Encaminhamento,404137.1542788422,start,,0.0,,,,
Patient_1055,CTI prepara Encaminhamento,404192.56483532314,complete,,0.0,,,,
Patient_1055,Encaminha_para a Clinica Cirurgica,404192.56483532314,complete,,,para a Clinica Cirurgica,404192.56483532314,,
Patient_1055,Discharge,404192.56483532314,complete,,,,,,14844.4404507773
Patient_1056,Arrival,389866.78989688645,complete,,0.0,,,,
Patient_1056,Origem_do Pronto Socorro,389866.78989688645,complete,,,do Pronto Socorro,389866.78989688645,,
Patient_1056,CTI (PS),395299.5147539916,start,ctiBeds,0.0,,,,
Patient_1056,CTI (PS),399225.60604606336,complete,ctiBeds,0.0,,,,
Patient_1056,CTI prepara Encaminhamento,399225.60604606336,start,,0.0,,,,
Patient_1056,CTI prepara Encaminhamento,399275.1757384661,complete,,0.0,,,,
Patient_1056,Encaminha_Obito,399275.1757384661,complete,,,Obito,399275.1757384661,,
Patient_1056,Discharge,399275.1757384661,complete,,,,,,9408.385841579642
Patient_1057,Arrival,390127.3540995927,complete,,0.0,,,,
Patient_1057,Origem_do Centro Cirurgico,390127.3540995927,complete,,,do Centro Cirurgico,390127.3540995927,,
Patient_1057,CTI (CC),395608.5324904091,start,ctiBeds,0.0,,,,
Patient_1057,CTI (CC),403088.1015573098,complete,ctiBeds,0.0,,,,
Patient_1057,CTI prepara Encaminhamento,403088.1015573098,start,,0.0,,,,
Patient_1057,CTI prepara Encaminhamento,403131.73931921885,complete,,0.0,,,,
Patient_1057,Encaminha_Obito,403131.73931921885,complete,,,Obito,403131.73931921885,,
Patient_1057,Discharge,403131.73931921885,complete,,,,,,13004.385219626129
Patient_1058,Arrival,390216.46308590425,complete,,0.0,,,,
Patient_1058,Origem_da Clinica Medica,390216.46308590425,complete,,,da Clinica Medica,390216.46308590425,,
Patient_1058,CTI (CLIM),395702.91675397195,start,ctiBeds,0.0,,,,
Patient_1058,CTI (CLIM),404172.9241739414,complete,ctiBeds,0.0,,,,
Patient_1058,CTI prepara Encaminhamento,404172.9241739414,start,,0.0,,,,
Patient_1058,CTI prepara Encaminhamento,404212.4360144839,complete,,0.0,,,,
Patient_1058,Encaminha_para a Clinica Cirurgica,404212.4360144839,complete,,,para a Clinica Cirurgica,404212.4360144839,,
Patient_1058,Discharge,404212.4360144839,complete,,,,,,13995.972928579664
Patient_1059,Arrival,390387.7383968627,complete,,0.0,,,,
Patient_1059,Origem_do Pronto Socorro,390387.7383968627,complete,,,do Pronto Socorro,390387.7383968627,,
Patient_1059,CTI (PS),395980.5402400317,start,ctiBeds,0.0,,,,
Patient_1059,CTI (PS),421872.8136222503,complete,ctiBeds,0.0,,,,
Patient_1059,CTI prepara Encaminhamento,421872.8136222503,start,,0.0,,,,
Patient_1059,CTI prepara Encaminhamento,421929.1703928548,complete,,0.0,,,,
Patient_1059,Encaminha_para a Clinica Medica,421929.1703928548,complete,,,para a Clinica Medica,421929.1703928548,,
Patient_1059,Discharge,421929.1703928548,complete,,,,,,31541.431995992083
Patient_106,Arrival,33292.66521090738,complete,,0.0,,,,
Patient_106,Origem_do Centro Cirurgico,33292.66521090738,complete,,,do Centro Cirurgico,33292.66521090738,,
Patient_106,CTI (CC),33292.66521090738,start,ctiBeds,0.0,,,,
Patient_106,CTI (CC),39839.81182007356,complete,ctiBeds,0.0,,,,
Patient_106,CTI prepara Encaminhamento,39839.81182007356,start,,0.0,,,,
Patient_106,CTI prepara Encaminhamento,39873.586805128194,complete,,0.0,,,,
Patient_106,Encaminha_para a Clinica Medica,39873.586805128194,complete,,,para a Clinica Medica,39873.586805128194,,
Patient_106,Discharge,39873.586805128194,complete,,,,,,6580.9215942208175
Patient_1060,Arrival,390648.00044849445,complete,,0.0,,,,
Patient_1060,Origem_da Clinica Medica,390648.00044849445,complete,,,da Clinica Medica,390648.00044849445,,
Patient_1060,CTI (CLIM),396103.0104465917,start,ctiBeds,0.0,,,,
Patient_1060,CTI (CLIM),398497.370686372,complete,ctiBeds,0.0,,,,
Patient_1060,CTI prepara Encaminhamento,398497.370686372,start,,0.0,,,,
Patient_1060,CTI prepara Encaminhamento,398548.1574408189,complete,,0.0,,,,
Patient_1060,Encaminha_Obito,398548.1574408189,complete,,,Obito,398548.1574408189,,
Patient_1060,Discharge,398548.1574408189,complete,,,,,,7900.156992324453
Patient_1061,Arrival,390719.2622600235,complete,,0.0,,,,
Patient_1061,Origem_do Pronto Socorro,390719.2622600235,complete,,,do Pronto Socorro,390719.2622600235,,
Patient_1061,CTI (PS),396312.0354261742,start,ctiBeds,0.0,,,,
Patient_1061,CTI (PS),396627.16051631095,complete,ctiBeds,0.0,,,,
Patient_1061,CTI prepara Encaminhamento,396627.16051631095,start,,0.0,,,,
Patient_1061,CTI prepara Encaminhamento,396669.42233232677,complete,,0.0,,,,
Patient_1061,Encaminha_Obito,396669.42233232677,complete,,,Obito,396669.42233232677,,
Patient_1061,Discharge,396669.42233232677,complete,,,,,,5950.160072303261
Patient_1062,Arrival,390984.71136610885,complete,,0.0,,,,
Patient_1062,Origem_da Maternidade,390984.71136610885,complete,,,da Maternidade,390984.71136610885,,
Patient_1062,CTI (MAT),396498.4540836089,start,ctiBeds,0.0,,,,
Patient_1062,CTI (MAT),398399.15835425665,complete,ctiBeds,0.0,,,,
Patient_1062,CTI prepara Encaminhamento,398399.15835425665,start,,0.0,,,,
Patient_1062,CTI prepara Encaminhamento,398437.6309591568,complete,,0.0,,,,
Patient_1062,Encaminha_Obito,398437.6309591568,complete,,,Obito,398437.6309591568,,
Patient_1062,Discharge,398437.6309591568,complete,,,,,,7452.919593047933
Patient_1063,Arrival,391090.630643186,complete,,0.0,,,,
Patient_1063,Origem_do Centro Cirurgico,391090.630643186,complete,,,do Centro Cirurgico,391090.630643186,,
Patient_1063,CTI (CC),396627.16051631095,start,ctiBeds,0.0,,,,
Patient_1063,CTI (CC),397282.18142617936,complete,ctiBeds,0.0,,,,
Patient_1063,CTI prepara Encaminhamento,397282.18142617936,start,,0.0,,,,
Patient_1063,CTI prepara Encaminhamento,397334.5541632191,complete,,0.0,,,,
Patient_1063,Encaminha_Obito,397334.5541632191,complete,,,Obito,397334.5541632191,,
Patient_1063,Discharge,397334.5541632191,complete,,,,,,6243.923520033131
Patient_1064,Arrival,391156.8652959262,complete,,0.0,,,,
Patient_1064,Origem_do Centro Cirurgico,391156.8652959262,complete,,,do Centro Cirurgico,391156.8652959262,,
Patient_1064,CTI (CC),397226.559739613,start,ctiBeds,0.0,,,,
Patient_1064,CTI (CC),398481.10187491303,complete,ctiBeds,0.0,,,,
Patient_1064,CTI prepara Encaminhamento,398481.10187491303,start,,0.0,,,,
Patient_1064,CTI prepara Encaminhamento,398538.26434774214,complete,,0.0,,,,
Patient_1064,Encaminha_para a Clinica Medica,398538.26434774214,complete,,,para a Clinica Medica,398538.26434774214,,
Patient_1064,Discharge,398538.26434774214,complete,,,,,,7381.399051815912
Patient_1065,Arrival,391849.66127873794,complete,,0.0,,,,
Patient_1065,Origem_do Pronto Socorro,391849.66127873794,complete,,,do Pronto Socorro,391849.66127873794,,
Patient_1065,CTI (PS),397282.18142617936,start,ctiBeds,0.0,,,,
Patient_1065,CTI (PS),404681.8133723093,complete,ctiBeds,0.0,,,,
Patient_1065,CTI prepara Encaminhamento,404681.8133723093,start,,0.0,,,,
Patient_1065,CTI prepara Encaminhamento,404732.7547830486,complete,,0.0,,,,
Patient_1065,Encaminha_para a Clinica Cirurgica,404732.7547830486,complete,,,para a Clinica Cirurgica,404732.7547830486,,
Patient_1065,Discharge,404732.7547830486,complete,,,,,,12883.093504310644
Patient_1066,Arrival,393453.70129379473,complete,,0.0,,,,
Patient_1066,Origem_do Centro Cirurgico,393453.70129379473,complete,,,do Centro Cirurgico,393453.70129379473,,
Patient_1066,CTI (CC),397621.01185633964,start,ctiBeds,0.0,,,,
Patient_1066,CTI (CC),402266.42014675116,complete,ctiBeds,0.0,,,,
Patient_1066,CTI prepara Encaminhamento,402266.42014675116,start,,0.0,,,,
Patient_1066,CTI prepara Encaminhamento,402304.08277230937,complete,,0.0,,,,
Patient_1066,Encaminha_para a Clinica Medica,402304.08277230937,complete,,,para a Clinica Medica,402304.08277230937,,
Patient_1066,Discharge,402304.08277230937,complete,,,,,,8850.381478514639
Patient_1067,Arrival,393683.35280991613,complete,,0.0,,,,
Patient_1067,Origem_do Pronto Socorro,393683.35280991613,complete,,,do Pronto Socorro,393683.35280991613,,
Patient_1067,CTI (PS),397640.6065080969,start,ctiBeds,0.0,,,,
Patient_1067,CTI (PS),408527.8429387102,complete,ctiBeds,0.0,,,,
Patient_1067,CTI prepara Encaminhamento,408527.8429387102,start,,0.0,,,,
Patient_1067,CTI prepara Encaminhamento,408584.13320802647,complete,,0.0,,,,
Patient_1067,Encaminha_para a Clinica Medica,408584.13320802647,complete,,,para a Clinica Medica,408584.13320802647,,
Patient_1067,Discharge,408584.13320802647,complete,,,,,,14900.780398110335
Patient_1068,Arrival,394120.5839970131,complete,,0.0,,,,
Patient_1068,Origem_do Pronto Socorro,394120.5839970131,complete,,,do Pronto Socorro,394120.5839970131,,
Patient_1068,CTI (PS),398077.8868568726,start,ctiBeds,0.0,,,,
Patient_1068,CTI (PS),401427.9997003396,complete,ctiBeds,0.0,,,,
Patient_1068,CTI prepara Encaminhamento,401427.9997003396,start,,0.0,,,,
Patient_1068,CTI prepara Encaminhamento,401472.96691136796,complete,,0.0,,,,
Patient_1068,Encaminha_para a Clinica Cirurgica,401472.96691136796,complete,,,para a Clinica Cirurgica,401472.96691136796,,
Patient_1068,Discharge,401472.96691136796,complete,,,,,,7352.38291435485
Patient_1069,Arrival,394163.0156709069,complete,,0.0,,,,
Patient_1069,Origem_do Centro Cirurgico,394163.0156709069,complete,,,do Centro Cirurgico,394163.0156709069,,
Patient_1069,CTI (CC),398163.80307045457,start,ctiBeds,0.0,,,,
Patient_1069,CTI (CC),405487.8850629926,complete,ctiBeds,0.0,,,,
Patient_1069,CTI prepara Encaminhamento,405487.8850629926,start,,0.0,,,,
Patient_1069,CTI prepara Encaminhamento,405531.76953094866,complete,,0.0,,,,
Patient_1069,Encaminha_para a Clinica Medica,405531.76953094866,complete,,,para a Clinica Medica,405531.76953094866,,
Patient_1069,Discharge,405531.76953094866,complete,,,,,,11368.753860041732
Patient_107,Arrival,33833.574255966036,complete,,0.0,,,,
Patient_107,Origem_do Pronto Socorro,33833.574255966036,complete,,,do Pronto Socorro,33833.574255966036,,
Patient_107,CTI (PS),33833.574255966036,start,ctiBeds,0.0,,,,
Patient_107,CTI (PS),52450.39215041024,complete,ctiBeds,0.0,,,,
Patient_107,CTI prepara Encaminhamento,52450.39215041024,start,,0.0,,,,
Patient_107,CTI prepara Encaminhamento,52509.87131137057,complete,,0.0,,,,
Patient_107,Encaminha_para a Clinica Medica,52509.87131137057,complete,,,para a Clinica Medica,52509.87131137057,,
Patient_107,Discharge,52509.87131137057,complete,,,,,,18676.29705540453
Patient_1070,Arrival,394239.5726017856,complete,,0.0,,,,
Patient_1070,Origem_do Pronto Socorro,394239.5726017856,complete,,,do Pronto Socorro,394239.5726017856,,
Patient_1070,CTI (PS),398200.36571078544,start,ctiBeds,0.0,,,,
Patient_1070,CTI (PS),407039.0804177749,complete,ctiBeds,0.0,,,,
Patient_1070,CTI prepara Encaminhamento,407039.0804177749,start,,0.0,,,,
Patient_1070,CTI prepara Encaminhamento,407092.17923718697,complete,,0.0,,,,
Patient_1070,Encaminha_para a Clinica Cirurgica,407092.17923718697,complete,,,para a Clinica Cirurgica,407092.17923718697,,
Patient_1070,Discharge,407092.17923718697,complete,,,,,,12852.606635401375
Patient_1071,Arrival,394331.56502166926,complete,,0.0,,,,
Patient_1071,Origem_do Centro Cirurgico,394331.56502166926,complete,,,do Centro Cirurgico,394331.56502166926,,
Patient_1071,CTI (CC),398399.15835425665,start,ctiBeds,0.0,,,,
Patient_1071,CTI (CC),431512.8798927575,complete,ctiBeds,0.0,,,,
Patient_1071,CTI prepara Encaminhamento,431512.8798927575,start,,0.0,,,,
Patient_1071,CTI prepara Encaminhamento,431547.7031668339,complete,,0.0,,,,
Patient_1071,Encaminha_Obito,431547.7031668339,complete,,,Obito,431547.7031668339,,
Patient_1071,Discharge,431547.7031668339,complete,,,,,,37216.138145164645
Patient_1072,Arrival,394534.10514422867,complete,,0.0,,,,
Patient_1072,Origem_do Pronto Socorro,394534.10514422867,complete,,,do Pronto Socorro,394534.10514422867,,
Patient_1072,CTI (PS),398481.10187491303,start,ctiBeds,0.0,,,,
Patient_1072,CTI (PS),401279.24398284784,complete,ctiBeds,0.0,,,,
Patient_1072,CTI prepara Encaminhamento,401279.24398284784,start,,0.0,,,,
Patient_1072,CTI prepara Encaminhamento,401311.925863369,complete,,0.0,,,,
Patient_1072,Encaminha_para a Clinica Medica,401311.925863369,complete,,,para a Clinica Medica,401311.925863369,,
Patient_1072,Discharge,401311.925863369,complete,,,,,,6777.820719140349
Patient_1073,Arrival,394765.65272117674,complete,,0.0,,,,
Patient_1073,Origem_do Centro Cirurgico,394765.65272117674,complete,,,do Centro Cirurgico,394765.65272117674,,
Patient_1073,CTI (CC),398497.370686372,start,ctiBeds,0.0,,,,
Patient_1073,CTI (CC),399956.04557238746,complete,ctiBeds,0.0,,,,
Patient_1073,CTI prepara Encaminhamento,399956.04557238746,start,,0.0,,,,
Patient_1073,CTI prepara Encaminhamento,400004.46720354847,complete,,0.0,,,,
Patient_1073,Encaminha_para a Clinica Cirurgica,400004.46720354847,complete,,,para a Clinica Cirurgica,400004.46720354847,,
Patient_1073,Discharge,400004.46720354847,complete,,,,,,5238.81448237173
Patient_1074,Arrival,395014.01135025476,complete,,0.0,,,,
Patient_1074,Origem_do Pronto Socorro,395014.01135025476,complete,,,do Pronto Socorro,395014.01135025476,,
Patient_1074,CTI (PS),399225.60604606336,start,ctiBeds,0.0,,,,
Patient_1074,CTI (PS),417750.19368975615,complete,ctiBeds,0.0,,,,
Patient_1074,CTI prepara Encaminhamento,417750.19368975615,start,,0.0,,,,
Patient_1074,CTI prepara Encaminhamento,417785.3160477057,complete,,0.0,,,,
Patient_1074,Encaminha_para a Clinica Medica,417785.3160477057,complete,,,para a Clinica Medica,417785.3160477057,,
Patient_1074,Discharge,417785.3160477057,complete,,,,,,22771.30469745095
Patient_1075,Arrival,395254.5817363856,complete,,0.0,,,,
Patient_1075,Origem_da Clinica Cirurgica,395254.5817363856,complete,,,da Clinica Cirurgica,395254.5817363856,,
Patient_1075,CTI (CLIC),399956.04557238746,start,ctiBeds,0.0,,,,
Patient_1075,CTI (CLIC),402488.997767649,complete,ctiBeds,0.0,,,,
Patient_1075,CTI prepara Encaminhamento,402488.997767649,start,,0.0,,,,
Patient_1075,CTI prepara Encaminhamento,402527.82561263174,complete,,0.0,,,,
Patient_1075,Encaminha_para a Clinica Medica,402527.82561263174,complete,,,para a Clinica Medica,402527.82561263174,,
Patient_1075,Discharge,402527.82561263174,complete,,,,,,7273.243876246153
Patient_1076,Arrival,395954.54198479565,complete,,0.0,,,,
Patient_1076,Origem_do Pronto Socorro,395954.54198479565,complete,,,do Pronto Socorro,395954.54198479565,,
Patient_1076,CTI (PS),400434.4367929178,start,ctiBeds,0.0,,,,
Patient_1076,CTI (PS),401174.8046249291,complete,ctiBeds,0.0,,,,
Patient_1076,CTI prepara Encaminhamento,401174.8046249291,start,,0.0,,,,
Patient_1076,CTI prepara Encaminhamento,401226.7473114959,complete,,0.0,,,,
Patient_1076,Encaminha_Obito,401226.7473114959,complete,,,Obito,401226.7473114959,,
Patient_1076,Discharge,401226.7473114959,complete,,,,,,5272.205326700234
Patient_1077,Arrival,396964.79282995156,complete,,0.0,,,,
Patient_1077,Origem_do Pronto Socorro,396964.79282995156,complete,,,do Pronto Socorro,396964.79282995156,,
Patient_1077,CTI (PS),401126.48365213216,start,ctiBeds,0.0,,,,
Patient_1077,CTI (PS),407877.7369435015,complete,ctiBeds,0.0,,,,
Patient_1077,CTI prepara Encaminhamento,407877.7369435015,start,,0.0,,,,
Patient_1077,CTI prepara Encaminhamento,407930.8238148319,complete,,0.0,,,,
Patient_1077,Encaminha_para a Clinica Medica,407930.8238148319,complete,,,para a Clinica Medica,407930.8238148319,,
Patient_1077,Discharge,407930.8238148319,complete,,,,,,10966.030984880344
Patient_1078,Arrival,398683.0124358417,complete,,0.0,,,,
Patient_1078,Origem_do Pronto Socorro,398683.0124358417,complete,,,do Pronto Socorro,398683.0124358417,,
Patient_1078,CTI (PS),401174.8046249291,start,ctiBeds,0.0,,,,
Patient_1078,CTI (PS),416183.16647468816,complete,ctiBeds,0.0,,,,
Patient_1078,CTI prepara Encaminhamento,416183.16647468816,start,,0.0,,,,
Patient_1078,CTI prepara Encaminhamento,416220.3309824665,complete,,0.0,,,,
Patient_1078,Encaminha_Obito,416220.3309824665,complete,,,Obito,416220.3309824665,,
Patient_1078,Discharge,416220.3309824665,complete,,,,,,17537.318546624796
Patient_1079,Arrival,398887.0309522975,complete,,0.0,,,,
Patient_1079,Origem_do Pronto Socorro,398887.0309522975,complete,,,do Pronto Socorro,398887.0309522975,,
Patient_1079,CTI (PS),401279.24398284784,start,ctiBeds,0.0,,,,
Patient_1079,CTI (PS),412304.66254662705,complete,ctiBeds,0.0,,,,
Patient_1079,CTI prepara Encaminhamento,412304.66254662705,start,,0.0,,,,
Patient_1079,CTI prepara Encaminhamento,412360.8086136993,complete,,0.0,,,,
Patient_1079,Encaminha_para a Clinica Medica,412360.8086136993,complete,,,para a Clinica Medica,412360.8086136993,,
Patient_1079,Discharge,412360.8086136993,complete,,,,,,13473.777661401778
Patient_108,Arrival,33851.87852803072,complete,,0.0,,,,
Patient_108,Origem_do Centro Cirurgico,33851.87852803072,complete,,,do Centro Cirurgico,33851.87852803072,,
Patient_108,CTI (CC),33851.87852803072,start,ctiBeds,0.0,,,,
Patient_108,CTI (CC),37031.01069467611,complete,ctiBeds,0.0,,,,
Patient_108,CTI prepara Encaminhamento,37031.01069467611,start,,0.0,,,,
Patient_108,CTI prepara Encaminhamento,37081.90364423896,complete,,0.0,,,,
Patient_108,Encaminha_Obito,37081.90364423896,complete,,,Obito,37081.90364423896,,
Patient_108,Discharge,37081.90364423896,complete,,,,,,3230.0251162082423
Patient_1080,Arrival,398925.4182135286,complete,,0.0,,,,
Patient_1080,Origem_do Centro Cirurgico,398925.4182135286,complete,,,do Centro Cirurgico,398925.4182135286,,
Patient_1080,CTI (CC),401427.9997003396,start,ctiBeds,0.0,,,,
Patient_1080,CTI (CC),404555.1692638738,complete,ctiBeds,0.0,,,,
Patient_1080,CTI prepara Encaminhamento,404555.1692638738,start,,0.0,,,,
Patient_1080,CTI prepara Encaminhamento,404594.2472571839,complete,,0.0,,,,
Patient_1080,Encaminha_Obito,404594.2472571839,complete,,,Obito,404594.2472571839,,
Patient_1080,Discharge,404594.2472571839,complete,,,,,,5668.829043655307
Patient_1081,Arrival,399344.6487286729,complete,,0.0,,,,
Patient_1081,Origem_do Pronto Socorro,399344.6487286729,complete,,,do Pronto Socorro,399344.6487286729,,
Patient_1081,CTI (PS),401444.8045815728,start,ctiBeds,0.0,,,,
Patient_1081,CTI (PS),421174.16118718794,complete,ctiBeds,0.0,,,,
Patient_1081,CTI prepara Encaminhamento,421174.16118718794,start,,0.0,,,,
Patient_1081,CTI prepara Encaminhamento,421220.8426122997,complete,,0.0,,,,
Patient_1081,Encaminha_para a Clinica Medica,421220.8426122997,complete,,,para a Clinica Medica,421220.8426122997,,
Patient_1081,Discharge,421220.8426122997,complete,,,,,,21876.19388362684
Patient_1082,Arrival,400187.13564295194,complete,,0.0,,,,
Patient_1082,Origem_do Pronto Socorro,400187.13564295194,complete,,,do Pronto Socorro,400187.13564295194,,
Patient_1082,CTI (PS),402266.42014675116,start,ctiBeds,0.0,,,,
Patient_1082,CTI (PS),417387.8922916559,complete,ctiBeds,0.0,,,,
Patient_1082,CTI prepara Encaminhamento,417387.8922916559,start,,0.0,,,,
Patient_1082,CTI prepara Encaminhamento,417440.0496285831,complete,,0.0,,,,
Patient_1082,Encaminha_Obito,417440.0496285831,complete,,,Obito,417440.0496285831,,
Patient_1082,Discharge,417440.0496285831,complete,,,,,,17252.913985631138
Patient_1083,Arrival,400314.01016678644,complete,,0.0,,,,
Patient_1083,Origem_da Clinica Medica,400314.01016678644,complete,,,da Clinica Medica,400314.01016678644,,
Patient_1083,CTI (CLIM),402488.997767649,start,ctiBeds,0.0,,,,
Patient_1083,CTI (CLIM),422288.2945430523,complete,ctiBeds,0.0,,,,
Patient_1083,CTI prepara Encaminhamento,422288.2945430523,start,,0.0,,,,
Patient_1083,CTI prepara Encaminhamento,422340.35146891826,complete,,0.0,,,,
Patient_1083,Encaminha_para a Clinica Medica,422340.35146891826,complete,,,para a Clinica Medica,422340.35146891826,,
Patient_1083,Discharge,422340.35146891826,complete,,,,,,22026.341302131827
Patient_1084,Arrival,401054.03897569,complete,,0.0,,,,
Patient_1084,Origem_da Clinica Medica,401054.03897569,complete,,,da Clinica Medica,401054.03897569,,
Patient_1084,CTI (CLIM),403088.1015573098,start,ctiBeds,0.0,,,,
Patient_1084,CTI (CLIM),408119.27451018395,complete,ctiBeds,0.0,,,,
Patient_1084,CTI prepara Encaminhamento,408119.27451018395,start,,0.0,,,,
Patient_1084,CTI prepara Encaminhamento,408166.0285722219,complete,,0.0,,,,
Patient_1084,Encaminha_para a Clinica Cirurgica,408166.0285722219,complete,,,para a Clinica Cirurgica,408166.0285722219,,
Patient_1084,Discharge,408166.0285722219,complete,,,,,,7111.989596531901
Patient_1085,Arrival,401284.4820697998,complete,,0.0,,,,
Patient_1085,Origem_do Pronto Socorro,401284.4820697998,complete,,,do Pronto Socorro,401284.4820697998,,
Patient_1085,CTI (PS),403753.6724773094,start,ctiBeds,0.0,,,,
Patient_1085,CTI (PS),405636.0881788057,complete,ctiBeds,0.0,,,,
Patient_1085,CTI prepara Encaminhamento,405636.0881788057,start,,0.0,,,,
Patient_1085,CTI prepara Encaminhamento,405677.97484456014,complete,,0.0,,,,
Patient_1085,Encaminha_Obito,405677.97484456014,complete,,,Obito,405677.97484456014,,
Patient_1085,Discharge,405677.97484456014,complete,,,,,,4393.492774760351
Patient_1086,Arrival,401770.7412916449,complete,,0.0,,,,
Patient_1086,Origem_do Centro Cirurgico,401770.7412916449,complete,,,do Centro Cirurgico,401770.7412916449,,
Patient_1086,CTI (CC),404137.1542788422,start,ctiBeds,0.0,,,,
Patient_1086,CTI (CC),404498.43098266196,complete,ctiBeds,0.0,,,,
Patient_1086,CTI prepara Encaminhamento,404498.43098266196,start,,0.0,,,,
Patient_1086,CTI prepara Encaminhamento,404534.02439132513,complete,,0.0,,,,
Patient_1086,Encaminha_para a Clinica Cirurgica,404534.02439132513,complete,,,para a Clinica Cirurgica,404534.02439132513,,
Patient_1086,Discharge,404534.02439132513,complete,,,,,,2763.2830996802077
Patient_1087,Arrival,401917.54549335793,complete,,0.0,,,,
Patient_1087,Origem_do Pronto Socorro,401917.54549335793,complete,,,do Pronto Socorro,401917.54549335793,,
Patient_1087,CTI (PS),404172.9241739414,start,ctiBeds,0.0,,,,
Patient_1087,CTI (PS),408069.84828293987,complete,ctiBeds,0.0,,,,
Patient_1087,CTI prepara Encaminhamento,408069.84828293987,start,,0.0,,,,
Patient_1087,CTI prepara Encaminhamento,408120.0031165531,complete,,0.0,,,,
Patient_1087,Encaminha_para a Clinica Medica,408120.0031165531,complete,,,para a Clinica Medica,408120.0031165531,,
Patient_1087,Discharge,408120.0031165531,complete,,,,,,6202.457623195194
Patient_1088,Arrival,401962.0960816205,complete,,0.0,,,,
Patient_1088,Origem_do Pronto Socorro,401962.0960816205,complete,,,do Pronto Socorro,401962.0960816205,,
Patient_1088,CTI (PS),404498.43098266196,start,ctiBeds,0.0,,,,
Patient_1088,CTI (PS),435859.58932100754,complete,ctiBeds,0.0,,,,
Patient_1088,CTI prepara Encaminhamento,435859.58932100754,start,,0.0,,,,
Patient_1088,CTI prepara Encaminhamento,435915.68224921724,complete,,0.0,,,,
Patient_1088,Encaminha_Obito,435915.68224921724,complete,,,Obito,435915.68224921724,,
Patient_1088,Discharge,435915.68224921724,complete,,,,,,33953.586167596746
Patient_1089,Arrival,402162.1957954647,complete,,0.0,,,,
Patient_1089,Origem_do Centro Cirurgico,402162.1957954647,complete,,,do Centro Cirurgico,402162.1957954647,,
Patient_1089,CTI (CC),404555.1692638738,start,ctiBeds,0.0,,,,
Patient_1089,CTI (CC),405929.5989310724,complete,ctiBeds,0.0,,,,
Patient_1089,CTI prepara Encaminhamento,405929.5989310724,start,,0.0,,,,
Patient_1089,CTI prepara Encaminhamento,405964.7421796665,complete,,0.0,,,,
Patient_1089,Encaminha_para a Clinica Medica,405964.7421796665,complete,,,para a Clinica Medica,405964.7421796665,,
Patient_1089,Discharge,405964.7421796665,complete,,,,,,3802.5463842017925
Patient_109,Arrival,34739.978650226236,complete,,0.0,,,,
Patient_109,Origem_do Pronto Socorro,34739.978650226236,complete,,,do Pronto Socorro,34739.978650226236,,
Patient_109,CTI (PS),34739.978650226236,start,ctiBeds,0.0,,,,
Patient_109,CTI (PS),77340.77612728078,complete,ctiBeds,0.0,,,,
Patient_109,CTI prepara Encaminhamento,77340.77612728078,start,,0.0,,,,
Patient_109,CTI prepara Encaminhamento,77393.707344863,complete,,0.0,,,,
Patient_109,Encaminha_para a Clinica Medica,77393.707344863,complete,,,para a Clinica Medica,77393.707344863,,
Patient_109,Discharge,77393.707344863,complete,,,,,,42653.72869463676
Patient_1090,Arrival,402896.29511973675,complete,,0.0,,,,
Patient_1090,Origem_do Centro Cirurgico,402896.29511973675,complete,,,do Centro Cirurgico,402896.29511973675,,
Patient_1090,CTI (CC),404611.4183318288,start,ctiBeds,0.0,,,,
Patient_1090,CTI (CC),411495.4586674134,complete,ctiBeds,0.0,,,,
Patient_1090,CTI prepara Encaminhamento,411495.4586674134,start,,0.0,,,,
Patient_1090,CTI prepara Encaminhamento,411552.03643794963,complete,,0.0,,,,
Patient_1090,Encaminha_para a Clinica Cirurgica,411552.03643794963,complete,,,para a Clinica Cirurgica,411552.03643794963,,
Patient_1090,Discharge,411552.03643794963,complete,,,,,,8655.74131821288
Patient_1091,Arrival,403749.59027990076,complete,,0.0,,,,
Patient_1091,Origem_do Centro Cirurgico,403749.59027990076,complete,,,do Centro Cirurgico,403749.59027990076,,
Patient_1091,CTI (CC),404681.8133723093,start,ctiBeds,0.0,,,,
Patient_1091,CTI (CC),404898.6817781069,complete,ctiBeds,0.0,,,,
Patient_1091,CTI prepara Encaminhamento,404898.6817781069,start,,0.0,,,,
Patient_1091,CTI prepara Encaminhamento,404951.38551235024,complete,,0.0,,,,
Patient_1091,Encaminha_Obito,404951.38551235024,complete,,,Obito,404951.38551235024,,
Patient_1091,Discharge,404951.38551235024,complete,,,,,,1201.7952324494836
Patient_1092,Arrival,403786.14857801306,complete,,0.0,,,,
Patient_1092,Origem_do Pronto Socorro,403786.14857801306,complete,,,do Pronto Socorro,403786.14857801306,,
Patient_1092,CTI (PS),404898.6817781069,start,ctiBeds,0.0,,,,
Patient_1092,CTI (PS),412806.1268469778,complete,ctiBeds,0.0,,,,
Patient_1092,CTI prepara Encaminhamento,412806.1268469778,start,,0.0,,,,
Patient_1092,CTI prepara Encaminhamento,412845.6778351231,complete,,0.0,,,,
Patient_1092,Encaminha_Obito,412845.6778351231,complete,,,Obito,412845.6778351231,,
Patient_1092,Discharge,412845.6778351231,complete,,,,,,9059.529257110029
Patient_1093,Arrival,404286.822729051,complete,,0.0,,,,
Patient_1093,Origem_do Pronto Socorro,404286.822729051,complete,,,do Pronto Socorro,404286.822729051,,
Patient_1093,CTI (PS),405196.655758366,start,ctiBeds,0.0,,,,
Patient_1093,CTI (PS),411766.05854749144,complete,ctiBeds,0.0,,,,
Patient_1093,CTI prepara Encaminhamento,411766.05854749144,start,,0.0,,,,
Patient_1093,CTI prepara Encaminhamento,411806.98991642444,complete,,0.0,,,,
Patient_1093,Encaminha_para a Clinica Medica,411806.98991642444,complete,,,para a Clinica Medica,411806.98991642444,,
Patient_1093,Discharge,411806.98991642444,complete,,,,,,7520.167187373445
Patient_1094,Arrival,404758.5619436821,complete,,0.0,,,,
Patient_1094,Origem_da Clinica Cirurgica,404758.5619436821,complete,,,da Clinica Cirurgica,404758.5619436821,,
Patient_1094,CTI (CLIC),405487.8850629926,start,ctiBeds,0.0,,,,
Patient_1094,CTI (CLIC),412939.1068411503,complete,ctiBeds,0.0,,,,
Patient_1094,CTI prepara Encaminhamento,412939.1068411503,start,,0.0,,,,
Patient_1094,CTI prepara Encaminhamento,412974.0053704373,complete,,0.0,,,,
Patient_1094,Encaminha_para a Clinica Cirurgica,412974.0053704373,complete,,,para a Clinica Cirurgica,412974.0053704373,,
Patient_1094,Discharge,412974.0053704373,complete,,,,,,8215.443426755199
Patient_1095,Arrival,405124.6438210623,complete,,0.0,,,,
Patient_1095,Origem_do Pronto Socorro,405124.6438210623,complete,,,do Pronto Socorro,405124.6438210623,,
Patient_1095,CTI (PS),405636.0881788057,start,ctiBeds,0.0,,,,
Patient_1095,CTI (PS),408135.75681957183,complete,ctiBeds,0.0,,,,
Patient_1095,CTI prepara Encaminhamento,408135.75681957183,start,,0.0,,,,
Patient_1095,CTI prepara Encaminhamento,408182.63633027044,complete,,0.0,,,,
Patient_1095,Encaminha_para a Clinica Medica,408182.63633027044,complete,,,para a Clinica Medica,408182.63633027044,,
Patient_1095,Discharge,408182.63633027044,complete,,,,,,3057.992509208154
Patient_1096,Arrival,405167.92253877217,complete,,0.0,,,,
Patient_1096,Origem_do Centro Cirurgico,405167.92253877217,complete,,,do Centro Cirurgico,405167.92253877217,,
Patient_1096,CTI (CC),405929.5989310724,start,ctiBeds,0.0,,,,
Patient_1096,CTI (CC),409430.9381635948,complete,ctiBeds,0.0,,,,
Patient_1096,CTI prepara Encaminhamento,409430.9381635948,start,,0.0,,,,
Patient_1096,CTI prepara Encaminhamento,409461.02827900404,complete,,0.0,,,,
Patient_1096,Encaminha_para a Clinica Medica,409461.02827900404,complete,,,para a Clinica Medica,409461.02827900404,,
Patient_1096,Discharge,409461.02827900404,complete,,,,,,4293.105740231869
Patient_1097,Arrival,405255.78564080753,complete,,0.0,,,,
Patient_1097,Origem_do Pronto Socorro,405255.78564080753,complete,,,do Pronto Socorro,405255.78564080753,,
Patient_1097,CTI (PS),406011.48089189857,start,ctiBeds,0.0,,,,
Patient_1097,CTI (PS),409281.9366111648,complete,ctiBeds,0.0,,,,
Patient_1097,CTI prepara Encaminhamento,409281.9366111648,start,,0.0,,,,
Patient_1097,CTI prepara Encaminhamento,409339.7799380581,complete,,0.0,,,,
Patient_1097,Encaminha_para a Clinica Medica,409339.7799380581,complete,,,para a Clinica Medica,409339.7799380581,,
Patient_1097,Discharge,409339.7799380581,complete,,,,,,4083.9942972505814
Patient_1098,Arrival,405415.09358945175,complete,,0.0,,,,
Patient_1098,Origem_do Pronto Socorro,405415.09358945175,complete,,,do Pronto Socorro,405415.09358945175,,
Patient_1098,CTI (PS),406647.2372918445,start,ctiBeds,0.0,,,,
Patient_1098,CTI (PS),421165.97530832805,complete,ctiBeds,0.0,,,,
Patient_1098,CTI prepara Encaminhamento,421165.97530832805,start,,0.0,,,,
Patient_1098,CTI prepara Encaminhamento,421212.2017875222,complete,,0.0,,,,
Patient_1098,Encaminha_para a Clinica Medica,421212.2017875222,complete,,,para a Clinica Medica,421212.2017875222,,
Patient_1098,Discharge,421212.2017875222,complete,,,,,,15797.108198070433
Patient_1099,Arrival,405709.6017683907,complete,,0.0,,,,
Patient_1099,Origem_do Pronto Socorro,405709.6017683907,complete,,,do Pronto Socorro,405709.6017683907,,
Patient_1099,CTI (PS),407039.0804177749,start,ctiBeds,0.0,,,,
Patient_1099,CTI (PS),409600.6489987316,complete,ctiBeds,0.0,,,,
Patient_1099,CTI prepara Encaminhamento,409600.6489987316,start,,0.0,,,,
Patient_1099,CTI prepara Encaminhamento,409632.8395330291,complete,,0.0,,,,
Patient_1099,Encaminha_para a Clinica Medica,409632.8395330291,complete,,,para a Clinica Medica,409632.8395330291,,
Patient_1099,Discharge,409632.8395330291,complete,,,,,,3923.237764638441
Patient_11,Arrival,3747.6137449440444,complete,,0.0,,,,
Patient_11,Origem_do Pronto Socorro,3747.6137449440444,complete,,,do Pronto Socorro,3747.6137449440444,,
Patient_11,CTI (PS),3747.6137449440444,start,ctiBeds,0.0,,,,
Patient_11,CTI (PS),6954.142244145454,complete,ctiBeds,0.0,,,,
Patient_11,CTI prepara Encaminhamento,6954.142244145454,start,,0.0,,,,
Patient_11,CTI prepara Encaminhamento,7011.831219249954,complete,,0.0,,,,
Patient_11,Encaminha_para a Clinica Medica,7011.831219249954,complete,,,para a Clinica Medica,7011.831219249954,,
Patient_11,Discharge,7011.831219249954,complete,,,,,,3264.21747430591
Patient_110,Arrival,34877.76711242199,complete,,0.0,,,,
Patient_110,Origem_do Centro Cirurgico,34877.76711242199,complete,,,do Centro Cirurgico,34877.76711242199,,
Patient_110,CTI (CC),34877.76711242199,start,ctiBeds,0.0,,,,
Patient_110,CTI (CC),37306.00298531969,complete,ctiBeds,0.0,,,,
Patient_110,CTI prepara Encaminhamento,37306.00298531969,start,,0.0,,,,
Patient_110,CTI prepara Encaminhamento,37341.18774108922,complete,,0.0,,,,
Patient_110,Encaminha_para a Clinica Medica,37341.18774108922,complete,,,para a Clinica Medica,37341.18774108922,,
Patient_110,Discharge,37341.18774108922,complete,,,,,,2463.420628667227
Patient_1100,Arrival,405935.30038886215,complete,,0.0,,,,
Patient_1100,Origem_do Centro Cirurgico,405935.30038886215,complete,,,do Centro Cirurgico,405935.30038886215,,
Patient_1100,CTI (CC),407126.0837092467,start,ctiBeds,0.0,,,,
Patient_1100,CTI (CC),411401.49071015697,complete,ctiBeds,0.0,,,,
Patient_1100,CTI prepara Encaminhamento,411401.49071015697,start,,0.0,,,,
Patient_1100,CTI prepara Encaminhamento,411445.7132475191,complete,,0.0,,,,
Patient_1100,Encaminha_para a Maternidade,411445.7132475191,complete,,,para a Maternidade,411445.7132475191,,
Patient_1100,Discharge,411445.7132475191,complete,,,,,,5510.412858656957
Patient_1101,Arrival,406062.32611264667,complete,,0.0,,,,
Patient_1101,Origem_do Pronto Socorro,406062.32611264667,complete,,,do Pronto Socorro,406062.32611264667,,
Patient_1101,CTI (PS),407877.7369435015,start,ctiBeds,0.0,,,,
Patient_1101,CTI (PS),418767.20567346667,complete,ctiBeds,0.0,,,,
Patient_1101,CTI prepara Encaminhamento,418767.20567346667,start,,0.0,,,,
Patient_1101,CTI prepara Encaminhamento,418824.5696692302,complete,,0.0,,,,
Patient_1101,Encaminha_Obito,418824.5696692302,complete,,,Obito,418824.5696692302,,
Patient_1101,Discharge,418824.5696692302,complete,,,,,,12762.243556583533
Patient_1102,Arrival,406154.5328123552,complete,,0.0,,,,
Patient_1102,Origem_do Pronto Socorro,406154.5328123552,complete,,,do Pronto Socorro,406154.5328123552,,
Patient_1102,CTI (PS),408069.84828293987,start,ctiBeds,0.0,,,,
Patient_1102,CTI (PS),422150.3297619403,complete,ctiBeds,0.0,,,,
Patient_1102,CTI prepara Encaminhamento,422150.3297619403,start,,0.0,,,,
Patient_1102,CTI prepara Encaminhamento,422196.87861699937,complete,,0.0,,,,
Patient_1102,Encaminha_para a Clinica Medica,422196.87861699937,complete,,,para a Clinica Medica,422196.87861699937,,
Patient_1102,Discharge,422196.87861699937,complete,,,,,,16042.345804644166
Patient_1103,Arrival,406472.720994144,complete,,0.0,,,,
Patient_1103,Origem_do Pronto Socorro,406472.720994144,complete,,,do Pronto Socorro,406472.720994144,,
Patient_1103,CTI (PS),408119.27451018395,start,ctiBeds,0.0,,,,
Patient_1103,CTI (PS),413290.7878710934,complete,ctiBeds,0.0,,,,
Patient_1103,CTI prepara Encaminhamento,413290.7878710934,start,,0.0,,,,
Patient_1103,CTI prepara Encaminhamento,413333.5418940603,complete,,0.0,,,,
Patient_1103,Encaminha_para a Clinica Medica,413333.5418940603,complete,,,para a Clinica Medica,413333.5418940603,,
Patient_1103,Discharge,413333.5418940603,complete,,,,,,6860.820899916347
Patient_1104,Arrival,406832.7658446058,complete,,0.0,,,,
Patient_1104,Origem_do Pronto Socorro,406832.7658446058,complete,,,do Pronto Socorro,406832.7658446058,,
Patient_1104,CTI (PS),408135.75681957183,start,ctiBeds,0.0,,,,
Patient_1104,CTI (PS),415592.9308407374,complete,ctiBeds,0.0,,,,
Patient_1104,CTI prepara Encaminhamento,415592.9308407374,start,,0.0,,,,
Patient_1104,CTI prepara Encaminhamento,415625.8156513121,complete,,0.0,,,,
Patient_1104,Encaminha_para a Maternidade,415625.8156513121,complete,,,para a Maternidade,415625.8156513121,,
Patient_1104,Discharge,415625.8156513121,complete,,,,,,8793.049806706316
Patient_1105,Arrival,408009.962860834,complete,,0.0,,,,
Patient_1105,Origem_do Pronto Socorro,408009.962860834,complete,,,do Pronto Socorro,408009.962860834,,
Patient_1105,CTI (PS),408527.8429387102,start,ctiBeds,0.0,,,,
Patient_1105,CTI (PS),421511.50281655916,complete,ctiBeds,0.0,,,,
Patient_1105,CTI prepara Encaminhamento,421511.50281655916,start,,0.0,,,,
Patient_1105,CTI prepara Encaminhamento,421567.98324050306,complete,,0.0,,,,
Patient_1105,Encaminha_para a Clinica Medica,421567.98324050306,complete,,,para a Clinica Medica,421567.98324050306,,
Patient_1105,Discharge,421567.98324050306,complete,,,,,,13558.020379669033
Patient_1106,Arrival,408194.0930795003,complete,,0.0,,,,
Patient_1106,Origem_do Pronto Socorro,408194.0930795003,complete,,,do Pronto Socorro,408194.0930795003,,
Patient_1106,CTI (PS),409273.8737974438,start,ctiBeds,0.0,,,,
Patient_1106,CTI (PS),419195.66158319457,complete,ctiBeds,0.0,,,,
Patient_1106,CTI prepara Encaminhamento,419195.66158319457,start,,0.0,,,,
Patient_1106,CTI prepara Encaminhamento,419239.7248227148,complete,,0.0,,,,
Patient_1106,Encaminha_Obito,419239.7248227148,complete,,,Obito,419239.7248227148,,
Patient_1106,Discharge,419239.7248227148,complete,,,,,,11045.6317432145
Patient_1107,Arrival,408195.13941305474,complete,,0.0,,,,
Patient_1107,Origem_do Pronto Socorro,408195.13941305474,complete,,,do Pronto Socorro,408195.13941305474,,
Patient_1107,CTI (PS),409279.1342915616,start,ctiBeds,0.0,,,,
Patient_1107,CTI (PS),444880.9632846642,complete,ctiBeds,0.0,,,,
Patient_1107,CTI prepara Encaminhamento,444880.9632846642,start,,0.0,,,,
Patient_1107,CTI prepara Encaminhamento,444929.8148523075,complete,,0.0,,,,
Patient_1107,Encaminha_para a Clinica Cirurgica,444929.8148523075,complete,,,para a Clinica Cirurgica,444929.8148523075,,
Patient_1107,Discharge,444929.8148523075,complete,,,,,,36734.67543925275
Patient_1108,Arrival,408201.6361198683,complete,,0.0,,,,
Patient_1108,Origem_da Clinica Medica,408201.6361198683,complete,,,da Clinica Medica,408201.6361198683,,
Patient_1108,CTI (CLIM),409281.9366111648,start,ctiBeds,0.0,,,,
Patient_1108,CTI (CLIM),425150.07024815306,complete,ctiBeds,0.0,,,,
Patient_1108,CTI prepara Encaminhamento,425150.07024815306,start,,0.0,,,,
Patient_1108,CTI prepara Encaminhamento,425197.8876048168,complete,,0.0,,,,
Patient_1108,Encaminha_para a Clinica Medica,425197.8876048168,complete,,,para a Clinica Medica,425197.8876048168,,
Patient_1108,Discharge,425197.8876048168,complete,,,,,,16996.2514849485
Patient_1109,Arrival,408518.43517293455,complete,,0.0,,,,
Patient_1109,Origem_do Pronto Socorro,408518.43517293455,complete,,,do Pronto Socorro,408518.43517293455,,
Patient_1109,CTI (PS),409430.9381635948,start,ctiBeds,0.0,,,,
Patient_1109,CTI (PS),424909.52661453653,complete,ctiBeds,0.0,,,,
Patient_1109,CTI prepara Encaminhamento,424909.52661453653,start,,0.0,,,,
Patient_1109,CTI prepara Encaminhamento,424951.39080842,complete,,0.0,,,,
Patient_1109,Encaminha_Transferencia Externa,424951.39080842,complete,,,Transferencia Externa,424951.39080842,,
Patient_1109,Discharge,424951.39080842,complete,,,,,,16432.955635485472
Patient_111,Arrival,35157.363291212496,complete,,0.0,,,,
Patient_111,Origem_do Centro Cirurgico,35157.363291212496,complete,,,do Centro Cirurgico,35157.363291212496,,
Patient_111,CTI (CC),35157.363291212496,start,ctiBeds,0.0,,,,
Patient_111,CTI (CC),44528.87530705087,complete,ctiBeds,0.0,,,,
Patient_111,CTI prepara Encaminhamento,44528.87530705087,start,,0.0,,,,
Patient_111,CTI prepara Encaminhamento,44574.448205947505,complete,,0.0,,,,
Patient_111,Encaminha_para a Clinica Cirurgica,44574.448205947505,complete,,,para a Clinica Cirurgica,44574.448205947505,,
Patient_111,Discharge,44574.448205947505,complete,,,,,,9417.084914735009
Patient_1110,Arrival,408618.19429031527,complete,,0.0,,,,
Patient_1110,Origem_da Clinica Cirurgica,408618.19429031527,complete,,,da Clinica Cirurgica,408618.19429031527,,
Patient_1110,CTI (CLIC),409600.6489987316,start,ctiBeds,0.0,,,,
Patient_1110,CTI (CLIC),420638.8355254276,complete,ctiBeds,0.0,,,,
Patient_1110,CTI prepara Encaminhamento,420638.8355254276,start,,0.0,,,,
Patient_1110,CTI prepara Encaminhamento,420682.5374048784,complete,,0.0,,,,
Patient_1110,Encaminha_para a Clinica Medica,420682.5374048784,complete,,,para a Clinica Medica,420682.5374048784,,
Patient_1110,Discharge,420682.5374048784,complete,,,,,,12064.343114563148
Patient_1111,Arrival,409048.35134057974,complete,,0.0,,,,
Patient_1111,Origem_do Pronto Socorro,409048.35134057974,complete,,,do Pronto Socorro,409048.35134057974,,
Patient_1111,CTI (PS),411401.49071015697,start,ctiBeds,0.0,,,,
Patient_1111,CTI (PS),419080.37968907045,complete,ctiBeds,0.0,,,,
Patient_1111,CTI prepara Encaminhamento,419080.37968907045,start,,0.0,,,,
Patient_1111,CTI prepara Encaminhamento,419114.9646853872,complete,,0.0,,,,
Patient_1111,Encaminha_para a Clinica Cirurgica,419114.9646853872,complete,,,para a Clinica Cirurgica,419114.9646853872,,
Patient_1111,Discharge,419114.9646853872,complete,,,,,,10066.613344807469
Patient_1112,Arrival,409313.3896492295,complete,,0.0,,,,
Patient_1112,Origem_do Centro Cirurgico,409313.3896492295,complete,,,do Centro Cirurgico,409313.3896492295,,
Patient_1112,CTI (CC),411495.4586674134,start,ctiBeds,0.0,,,,
Patient_1112,CTI (CC),447887.5852434179,complete,ctiBeds,0.0,,,,
Patient_1112,CTI prepara Encaminhamento,447887.5852434179,start,,0.0,,,,
Patient_1112,CTI prepara Encaminhamento,447945.2794705902,complete,,0.0,,,,
Patient_1112,Encaminha_para a Clinica Cirurgica,447945.2794705902,complete,,,para a Clinica Cirurgica,447945.2794705902,,
Patient_1112,Discharge,447945.2794705902,complete,,,,,,38631.8898213607
Patient_1113,Arrival,409612.09237791656,complete,,0.0,,,,
Patient_1113,Origem_do Pronto Socorro,409612.09237791656,complete,,,do Pronto Socorro,409612.09237791656,,
Patient_1113,CTI (PS),411766.05854749144,start,ctiBeds,0.0,,,,
Patient_1113,CTI (PS),412299.0963982976,complete,ctiBeds,0.0,,,,
Patient_1113,CTI prepara Encaminhamento,412299.0963982976,start,,0.0,,,,
Patient_1113,CTI prepara Encaminhamento,412346.1339173215,complete,,0.0,,,,
Patient_1113,Encaminha_Obito,412346.1339173215,complete,,,Obito,412346.1339173215,,
Patient_1113,Discharge,412346.1339173215,complete,,,,,,2734.0415394049487
Patient_1114,Arrival,409647.61547739076,complete,,0.0,,,,
Patient_1114,Origem_do Pronto Socorro,409647.61547739076,complete,,,do Pronto Socorro,409647.61547739076,,
Patient_1114,CTI (PS),412299.0963982976,start,ctiBeds,0.0,,,,
Patient_1114,CTI (PS),425459.75310957374,complete,ctiBeds,0.0,,,,
Patient_1114,CTI prepara Encaminhamento,425459.75310957374,start,,0.0,,,,
Patient_1114,CTI prepara Encaminhamento,425519.1823923021,complete,,0.0,,,,
Patient_1114,Encaminha_para a Clinica Medica,425519.1823923021,complete,,,para a Clinica Medica,425519.1823923021,,
Patient_1114,Discharge,425519.1823923021,complete,,,,,,15871.566914911324
Patient_1115,Arrival,409689.68359912356,complete,,0.0,,,,
Patient_1115,Origem_da Clinica Cirurgica,409689.68359912356,complete,,,da Clinica Cirurgica,409689.68359912356,,
Patient_1115,CTI (CLIC),412304.66254662705,start,ctiBeds,0.0,,,,
Patient_1115,CTI (CLIC),412590.0220477781,complete,ctiBeds,0.0,,,,
Patient_1115,CTI prepara Encaminhamento,412590.0220477781,start,,0.0,,,,
Patient_1115,CTI prepara Encaminhamento,412628.7506720808,complete,,0.0,,,,
Patient_1115,Encaminha_para a Clinica Cirurgica,412628.7506720808,complete,,,para a Clinica Cirurgica,412628.7506720808,,
Patient_1115,Discharge,412628.7506720808,complete,,,,,,2939.0670729572303
Patient_1116,Arrival,409698.4915168464,complete,,0.0,,,,
Patient_1116,Origem_da Clinica Medica,409698.4915168464,complete,,,da Clinica Medica,409698.4915168464,,
Patient_1116,CTI (CLIM),412590.0220477781,start,ctiBeds,0.0,,,,
Patient_1116,CTI (CLIM),419067.0733955725,complete,ctiBeds,0.0,,,,
Patient_1116,CTI prepara Encaminhamento,419067.0733955725,start,,0.0,,,,
Patient_1116,CTI prepara Encaminhamento,419103.570953535,complete,,0.0,,,,
Patient_1116,Encaminha_para a Clinica Cirurgica,419103.570953535,complete,,,para a Clinica Cirurgica,419103.570953535,,
Patient_1116,Discharge,419103.570953535,complete,,,,,,9405.079436688568
Patient_1117,Arrival,410258.8468207726,complete,,0.0,,,,
Patient_1117,Origem_do Pronto Socorro,410258.8468207726,complete,,,do Pronto Socorro,410258.8468207726,,
Patient_1117,CTI (PS),412806.1268469778,start,ctiBeds,0.0,,,,
Patient_1117,CTI (PS),413968.33834377414,complete,ctiBeds,0.0,,,,
Patient_1117,CTI prepara Encaminhamento,413968.33834377414,start,,0.0,,,,
Patient_1117,CTI prepara Encaminhamento,414023.8157439909,complete,,0.0,,,,
Patient_1117,Encaminha_para a Clinica Cirurgica,414023.8157439909,complete,,,para a Clinica Cirurgica,414023.8157439909,,
Patient_1117,Discharge,414023.8157439909,complete,,,,,,3764.9689232182573
Patient_1118,Arrival,410522.2167659461,complete,,0.0,,,,
Patient_1118,Origem_do Centro Cirurgico,410522.2167659461,complete,,,do Centro Cirurgico,410522.2167659461,,
Patient_1118,CTI (CC),412939.1068411503,start,ctiBeds,0.0,,,,
Patient_1118,CTI (CC),467165.7924906784,complete,ctiBeds,0.0,,,,
Patient_1118,CTI prepara Encaminhamento,467165.7924906784,start,,0.0,,,,
Patient_1118,CTI prepara Encaminhamento,467215.45120332076,complete,,0.0,,,,
Patient_1118,Encaminha_para a Clinica Medica,467215.45120332076,complete,,,para a Clinica Medica,467215.45120332076,,
Patient_1118,Discharge,467215.45120332076,complete,,,,,,56693.23443737463
Patient_1119,Arrival,411533.8247155167,complete,,0.0,,,,
Patient_1119,Origem_do Pronto Socorro,411533.8247155167,complete,,,do Pronto Socorro,411533.8247155167,,
Patient_1119,CTI (PS),413290.7878710934,start,ctiBeds,0.0,,,,
Patient_1119,CTI (PS),425109.4607768894,complete,ctiBeds,0.0,,,,
Patient_1119,CTI prepara Encaminhamento,425109.4607768894,start,,0.0,,,,
Patient_1119,CTI prepara Encaminhamento,425155.59964070306,complete,,0.0,,,,
Patient_1119,Encaminha_para a Clinica Medica,425155.59964070306,complete,,,para a Clinica Medica,425155.59964070306,,
Patient_1119,Discharge,425155.59964070306,complete,,,,,,13621.774925186357
Patient_112,Arrival,35394.72380607318,complete,,0.0,,,,
Patient_112,Origem_da Clinica Cirurgica,35394.72380607318,complete,,,da Clinica Cirurgica,35394.72380607318,,
Patient_112,CTI (CLIC),35394.72380607318,start,ctiBeds,0.0,,,,
Patient_112,CTI (CLIC),40811.169412476345,complete,ctiBeds,0.0,,,,
Patient_112,CTI prepara Encaminhamento,40811.169412476345,start,,0.0,,,,
Patient_112,CTI prepara Encaminhamento,40868.12916616492,complete,,0.0,,,,
Patient_112,Encaminha_Transferencia Externa,40868.12916616492,complete,,,Transferencia Externa,40868.12916616492,,
Patient_112,Discharge,40868.12916616492,complete,,,,,,5473.40536009174
Patient_1120,Arrival,412355.1750005945,complete,,0.0,,,,
Patient_1120,Origem_do Centro Cirurgico,412355.1750005945,complete,,,do Centro Cirurgico,412355.1750005945,,
Patient_1120,CTI (CC),413968.33834377414,start,ctiBeds,0.0,,,,
Patient_1120,CTI (CC),416069.32219310815,complete,ctiBeds,0.0,,,,
Patient_1120,CTI prepara Encaminhamento,416069.32219310815,start,,0.0,,,,
Patient_1120,CTI prepara Encaminhamento,416128.6029641513,complete,,0.0,,,,
Patient_1120,Encaminha_Obito,416128.6029641513,complete,,,Obito,416128.6029641513,,
Patient_1120,Discharge,416128.6029641513,complete,,,,,,3773.42796355678
Patient_1121,Arrival,412505.74621057906,complete,,0.0,,,,
Patient_1121,Origem_do Pronto Socorro,412505.74621057906,complete,,,do Pronto Socorro,412505.74621057906,,
Patient_1121,CTI (PS),415592.9308407374,start,ctiBeds,0.0,,,,
Patient_1121,CTI (PS),424794.56938125665,complete,ctiBeds,0.0,,,,
Patient_1121,CTI prepara Encaminhamento,424794.56938125665,start,,0.0,,,,
Patient_1121,CTI prepara Encaminhamento,424827.95986230654,complete,,0.0,,,,
Patient_1121,Encaminha_para a Clinica Medica,424827.95986230654,complete,,,para a Clinica Medica,424827.95986230654,,
Patient_1121,Discharge,424827.95986230654,complete,,,,,,12322.213651727478
Patient_1122,Arrival,412530.73868911224,complete,,0.0,,,,
Patient_1122,Origem_do Pronto Socorro,412530.73868911224,complete,,,do Pronto Socorro,412530.73868911224,,
Patient_1122,CTI (PS),416069.32219310815,start,ctiBeds,0.0,,,,
Patient_1122,CTI (PS),431700.1588347962,complete,ctiBeds,0.0,,,,
Patient_1122,CTI prepara Encaminhamento,431700.1588347962,start,,0.0,,,,
Patient_1122,CTI prepara Encaminhamento,431744.5206406279,complete,,0.0,,,,
Patient_1122,Encaminha_para a Clinica Medica,431744.5206406279,complete,,,para a Clinica Medica,431744.5206406279,,
Patient_1122,Discharge,431744.5206406279,complete,,,,,,19213.781951515644
Patient_1123,Arrival,412656.7738814109,complete,,0.0,,,,
Patient_1123,Origem_do Pronto Socorro,412656.7738814109,complete,,,do Pronto Socorro,412656.7738814109,,
Patient_1123,CTI (PS),416183.16647468816,start,ctiBeds,0.0,,,,
Patient_1123,CTI (PS),429114.08593452227,complete,ctiBeds,0.0,,,,
Patient_1123,CTI prepara Encaminhamento,429114.08593452227,start,,0.0,,,,
Patient_1123,CTI prepara Encaminhamento,429157.45612075686,complete,,0.0,,,,
Patient_1123,Encaminha_Obito,429157.45612075686,complete,,,Obito,429157.45612075686,,
Patient_1123,Discharge,429157.45612075686,complete,,,,,,16500.682239345973
Patient_1124,Arrival,412968.8496991446,complete,,0.0,,,,
Patient_1124,Origem_do Pronto Socorro,412968.8496991446,complete,,,do Pronto Socorro,412968.8496991446,,
Patient_1124,CTI (PS),417387.8922916559,start,ctiBeds,0.0,,,,
Patient_1124,CTI (PS),427392.149500823,complete,ctiBeds,0.0,,,,
Patient_1124,CTI prepara Encaminhamento,427392.149500823,start,,0.0,,,,
Patient_1124,CTI prepara Encaminhamento,427431.61834808945,complete,,0.0,,,,
Patient_1124,Encaminha_para a Clinica Cirurgica,427431.61834808945,complete,,,para a Clinica Cirurgica,427431.61834808945,,
Patient_1124,Discharge,427431.61834808945,complete,,,,,,14462.768648944853
Patient_1125,Arrival,414127.8899471841,complete,,0.0,,,,
Patient_1125,Origem_do Centro Cirurgico,414127.8899471841,complete,,,do Centro Cirurgico,414127.8899471841,,
Patient_1125,CTI (CC),417750.19368975615,start,ctiBeds,0.0,,,,
Patient_1125,CTI (CC),430198.0756019356,complete,ctiBeds,0.0,,,,
Patient_1125,CTI prepara Encaminhamento,430198.0756019356,start,,0.0,,,,
Patient_1125,CTI prepara Encaminhamento,430254.61470047897,complete,,0.0,,,,
Patient_1125,Encaminha_para a Clinica Medica,430254.61470047897,complete,,,para a Clinica Medica,430254.61470047897,,
Patient_1125,Discharge,430254.61470047897,complete,,,,,,16126.724753294839
Patient_1126,Arrival,414632.9233797518,complete,,0.0,,,,
Patient_1126,Origem_do Centro Cirurgico,414632.9233797518,complete,,,do Centro Cirurgico,414632.9233797518,,
Patient_1126,CTI (CC),418767.20567346667,start,ctiBeds,0.0,,,,
Patient_1126,CTI (CC),421306.1678985215,complete,ctiBeds,0.0,,,,
Patient_1126,CTI prepara Encaminhamento,421306.1678985215,start,,0.0,,,,
Patient_1126,CTI prepara Encaminhamento,421358.19410740584,complete,,0.0,,,,
Patient_1126,Encaminha_para a Clinica Medica,421358.19410740584,complete,,,para a Clinica Medica,421358.19410740584,,
Patient_1126,Discharge,421358.19410740584,complete,,,,,,6725.270727654046
Patient_1127,Arrival,414921.23469399614,complete,,0.0,,,,
Patient_1127,Origem_do Centro Cirurgico,414921.23469399614,complete,,,do Centro Cirurgico,414921.23469399614,,
Patient_1127,CTI (CC),419067.0733955725,start,ctiBeds,0.0,,,,
Patient_1127,CTI (CC),427755.36459501256,complete,ctiBeds,0.0,,,,
Patient_1127,CTI prepara Encaminhamento,427755.36459501256,start,,0.0,,,,
Patient_1127,CTI prepara Encaminhamento,427806.80051957734,complete,,0.0,,,,
Patient_1127,Encaminha_para a Clinica Cirurgica,427806.80051957734,complete,,,para a Clinica Cirurgica,427806.80051957734,,
Patient_1127,Discharge,427806.80051957734,complete,,,,,,12885.565825581201
Patient_1128,Arrival,415491.07234428305,complete,,0.0,,,,
Patient_1128,Origem_da Clinica Medica,415491.07234428305,complete,,,da Clinica Medica,415491.07234428305,,
Patient_1128,CTI (CLIM),419080.37968907045,start,ctiBeds,0.0,,,,
Patient_1128,CTI (CLIM),420832.9340348599,complete,ctiBeds,0.0,,,,
Patient_1128,CTI prepara Encaminhamento,420832.9340348599,start,,0.0,,,,
Patient_1128,CTI prepara Encaminhamento,420868.67120198417,complete,,0.0,,,,
Patient_1128,Encaminha_Obito,420868.67120198417,complete,,,Obito,420868.67120198417,,
Patient_1128,Discharge,420868.67120198417,complete,,,,,,5377.598857701116
Patient_1129,Arrival,416269.21999553073,complete,,0.0,,,,
Patient_1129,Origem_da Clinica Medica,416269.21999553073,complete,,,da Clinica Medica,416269.21999553073,,
Patient_1129,CTI (CLIM),419195.66158319457,start,ctiBeds,0.0,,,,
Patient_1129,CTI (CLIM),426550.19313795725,complete,ctiBeds,0.0,,,,
Patient_1129,CTI prepara Encaminhamento,426550.19313795725,start,,0.0,,,,
Patient_1129,CTI prepara Encaminhamento,426580.90579284885,complete,,0.0,,,,
Patient_1129,Encaminha_para a Clinica Medica,426580.90579284885,complete,,,para a Clinica Medica,426580.90579284885,,
Patient_1129,Discharge,426580.90579284885,complete,,,,,,10311.685797318118
Patient_113,Arrival,35498.56878213432,complete,,0.0,,,,
Patient_113,Origem_do Pronto Socorro,35498.56878213432,complete,,,do Pronto Socorro,35498.56878213432,,
Patient_113,CTI (PS),35498.56878213432,start,ctiBeds,0.0,,,,
Patient_113,CTI (PS),45419.701356196085,complete,ctiBeds,0.0,,,,
Patient_113,CTI prepara Encaminhamento,45419.701356196085,start,,0.0,,,,
Patient_113,CTI prepara Encaminhamento,45450.66749212695,complete,,0.0,,,,
Patient_113,Encaminha_para a Clinica Cirurgica,45450.66749212695,complete,,,para a Clinica Cirurgica,45450.66749212695,,
Patient_113,Discharge,45450.66749212695,complete,,,,,,9952.098709992628
Patient_1130,Arrival,416371.88655698585,complete,,0.0,,,,
Patient_1130,Origem_do Pronto Socorro,416371.88655698585,complete,,,do Pronto Socorro,416371.88655698585,,
Patient_1130,CTI (PS),420638.8355254276,start,ctiBeds,0.0,,,,
Patient_1130,CTI (PS),436606.0419166927,complete,ctiBeds,0.0,,,,
Patient_1130,CTI prepara Encaminhamento,436606.0419166927,start,,0.0,,,,
Patient_1130,CTI prepara Encaminhamento,436649.43835843744,complete,,0.0,,,,
Patient_1130,Encaminha_para a Clinica Cirurgica,436649.43835843744,complete,,,para a Clinica Cirurgica,436649.43835843744,,
Patient_1130,Discharge,436649.43835843744,complete,,,,,,20277.5518014516
Patient_1131,Arrival,416789.00908988435,complete,,0.0,,,,
Patient_1131,Origem_do Pronto Socorro,416789.00908988435,complete,,,do Pronto Socorro,416789.00908988435,,
Patient_1131,CTI (PS),420832.9340348599,start,ctiBeds,0.0,,,,
Patient_1131,CTI (PS),429273.75274979416,complete,ctiBeds,0.0,,,,
Patient_1131,CTI prepara Encaminhamento,429273.75274979416,start,,0.0,,,,
Patient_1131,CTI prepara Encaminhamento,429315.0376829242,complete,,0.0,,,,
Patient_1131,Encaminha_para a Clinica Cirurgica,429315.0376829242,complete,,,para a Clinica Cirurgica,429315.0376829242,,
Patient_1131,Discharge,429315.0376829242,complete,,,,,,12526.028593039839
Patient_1132,Arrival,416882.0213008176,complete,,0.0,,,,
Patient_1132,Origem_do Centro Cirurgico,416882.0213008176,complete,,,do Centro Cirurgico,416882.0213008176,,
Patient_1132,CTI (CC),421165.97530832805,start,ctiBeds,0.0,,,,
Patient_1132,CTI (CC),422781.26948245143,complete,ctiBeds,0.0,,,,
Patient_1132,CTI prepara Encaminhamento,422781.26948245143,start,,0.0,,,,
Patient_1132,CTI prepara Encaminhamento,422839.45489887835,complete,,0.0,,,,
Patient_1132,Encaminha_para a Clinica Medica,422839.45489887835,complete,,,para a Clinica Medica,422839.45489887835,,
Patient_1132,Discharge,422839.45489887835,complete,,,,,,5957.433598060743
Patient_1133,Arrival,417512.6724952427,complete,,0.0,,,,
Patient_1133,Origem_do Centro Cirurgico,417512.6724952427,complete,,,do Centro Cirurgico,417512.6724952427,,
Patient_1133,CTI (CC),421174.16118718794,start,ctiBeds,0.0,,,,
Patient_1133,CTI (CC),424948.0642429534,complete,ctiBeds,0.0,,,,
Patient_1133,CTI prepara Encaminhamento,424948.0642429534,start,,0.0,,,,
Patient_1133,CTI prepara Encaminhamento,425003.2526544665,complete,,0.0,,,,
Patient_1133,Encaminha_para a Clinica Medica,425003.2526544665,complete,,,para a Clinica Medica,425003.2526544665,,
Patient_1133,Discharge,425003.2526544665,complete,,,,,,7490.580159223813
Patient_1134,Arrival,417848.4155304622,complete,,0.0,,,,
Patient_1134,Origem_do Centro Cirurgico,417848.4155304622,complete,,,do Centro Cirurgico,417848.4155304622,,
Patient_1134,CTI (CC),421306.1678985215,start,ctiBeds,0.0,,,,
Patient_1134,CTI (CC),435947.99082693644,complete,ctiBeds,0.0,,,,
Patient_1134,CTI prepara Encaminhamento,435947.99082693644,start,,0.0,,,,
Patient_1134,CTI prepara Encaminhamento,435986.0998562708,complete,,0.0,,,,
Patient_1134,Encaminha_para o Centro Cirurgico,435986.0998562708,complete,,,para o Centro Cirurgico,435986.0998562708,,
Patient_1134,Discharge,435986.0998562708,complete,,,,,,18137.6843258086
Patient_1135,Arrival,418350.53244979,complete,,0.0,,,,
Patient_1135,Origem_do Pronto Socorro,418350.53244979,complete,,,do Pronto Socorro,418350.53244979,,
Patient_1135,CTI (PS),421511.50281655916,start,ctiBeds,0.0,,,,
Patient_1135,CTI (PS),424752.83383607614,complete,ctiBeds,0.0,,,,
Patient_1135,CTI prepara Encaminhamento,424752.83383607614,start,,0.0,,,,
Patient_1135,CTI prepara Encaminhamento,424786.39842939924,complete,,0.0,,,,
Patient_1135,Encaminha_Obito,424786.39842939924,complete,,,Obito,424786.39842939924,,
Patient_1135,Discharge,424786.39842939924,complete,,,,,,6435.865979609254
Patient_1136,Arrival,418812.95334719075,complete,,0.0,,,,
Patient_1136,Origem_do Centro Cirurgico,418812.95334719075,complete,,,do Centro Cirurgico,418812.95334719075,,
Patient_1136,CTI (CC),421872.8136222503,start,ctiBeds,0.0,,,,
Patient_1136,CTI (CC),425422.2785089644,complete,ctiBeds,0.0,,,,
Patient_1136,CTI prepara Encaminhamento,425422.2785089644,start,,0.0,,,,
Patient_1136,CTI prepara Encaminhamento,425481.4542360277,complete,,0.0,,,,
Patient_1136,Encaminha_para a Clinica Cirurgica,425481.4542360277,complete,,,para a Clinica Cirurgica,425481.4542360277,,
Patient_1136,Discharge,425481.4542360277,complete,,,,,,6668.5008888369775
Patient_1137,Arrival,418950.3001518166,complete,,0.0,,,,
Patient_1137,Origem_do Centro Cirurgico,418950.3001518166,complete,,,do Centro Cirurgico,418950.3001518166,,
Patient_1137,CTI (CC),422150.3297619403,start,ctiBeds,0.0,,,,
Patient_1137,CTI (CC),431992.7933605585,complete,ctiBeds,0.0,,,,
Patient_1137,CTI prepara Encaminhamento,431992.7933605585,start,,0.0,,,,
Patient_1137,CTI prepara Encaminhamento,432045.4634196675,complete,,0.0,,,,
Patient_1137,Encaminha_Obito,432045.4634196675,complete,,,Obito,432045.4634196675,,
Patient_1137,Discharge,432045.4634196675,complete,,,,,,13095.163267850876
Patient_1138,Arrival,419187.92095159605,complete,,0.0,,,,
Patient_1138,Origem_da Clinica Medica,419187.92095159605,complete,,,da Clinica Medica,419187.92095159605,,
Patient_1138,CTI (CLIM),422288.2945430523,start,ctiBeds,0.0,,,,
Patient_1138,CTI (CLIM),436219.30054139165,complete,ctiBeds,0.0,,,,
Patient_1138,CTI prepara Encaminhamento,436219.30054139165,start,,0.0,,,,
Patient_1138,CTI prepara Encaminhamento,436277.09432130214,complete,,0.0,,,,
Patient_1138,Encaminha_para a Clinica Medica,436277.09432130214,complete,,,para a Clinica Medica,436277.09432130214,,
Patient_1138,Discharge,436277.09432130214,complete,,,,,,17089.173369706084
Patient_1139,Arrival,419445.9008926743,complete,,0.0,,,,
Patient_1139,Origem_do Pronto Socorro,419445.9008926743,complete,,,do Pronto Socorro,419445.9008926743,,
Patient_1139,CTI (PS),422781.26948245143,start,ctiBeds,0.0,,,,
Patient_1139,CTI (PS),432441.7804062879,complete,ctiBeds,0.0,,,,
Patient_1139,CTI prepara Encaminhamento,432441.7804062879,start,,0.0,,,,
Patient_1139,CTI prepara Encaminhamento,432475.7846892991,complete,,0.0,,,,
Patient_1139,Encaminha_para a Maternidade,432475.7846892991,complete,,,para a Maternidade,432475.7846892991,,
Patient_1139,Discharge,432475.7846892991,complete,,,,,,13029.88379662484
Patient_114,Arrival,35738.905011502226,complete,,0.0,,,,
Patient_114,Origem_do Centro Cirurgico,35738.905011502226,complete,,,do Centro Cirurgico,35738.905011502226,,
Patient_114,CTI (CC),35738.905011502226,start,ctiBeds,0.0,,,,
Patient_114,CTI (CC),45169.82925330156,complete,ctiBeds,0.0,,,,
Patient_114,CTI prepara Encaminhamento,45169.82925330156,start,,0.0,,,,
Patient_114,CTI prepara Encaminhamento,45217.90235769929,complete,,0.0,,,,
Patient_114,Encaminha_Obito,45217.90235769929,complete,,,Obito,45217.90235769929,,
Patient_114,Discharge,45217.90235769929,complete,,,,,,9478.997346197066
Patient_1140,Arrival,419636.2361519733,complete,,0.0,,,,
Patient_1140,Origem_do Centro Cirurgico,419636.2361519733,complete,,,do Centro Cirurgico,419636.2361519733,,
Patient_1140,CTI (CC),424593.73516396905,start,ctiBeds,0.0,,,,
Patient_1140,CTI (CC),437261.0721656449,complete,ctiBeds,0.0,,,,
Patient_1140,CTI prepara Encaminhamento,437261.0721656449,start,,0.0,,,,
Patient_1140,CTI prepara Encaminhamento,437310.81378598744,complete,,0.0,,,,
Patient_1140,Encaminha_Obito,437310.81378598744,complete,,,Obito,437310.81378598744,,
Patient_1140,Discharge,437310.81378598744,complete,,,,,,17674.57763401413
Patient_1141,Arrival,420489.9270853376,complete,,0.0,,,,
Patient_1141,Origem_do Pronto Socorro,420489.9270853376,complete,,,do Pronto Socorro,420489.9270853376,,
Patient_1141,CTI (PS),424752.83383607614,start,ctiBeds,0.0,,,,
Patient_1141,CTI (PS),446594.74567893794,complete,ctiBeds,0.0,,,,
Patient_1141,CTI prepara Encaminhamento,446594.74567893794,start,,0.0,,,,
Patient_1141,CTI prepara Encaminhamento,446626.1376075619,complete,,0.0,,,,
Patient_1141,Encaminha_para a Clinica Medica,446626.1376075619,complete,,,para a Clinica Medica,446626.1376075619,,
Patient_1141,Discharge,446626.1376075619,complete,,,,,,26136.21052222431
Patient_1142,Arrival,420524.6535350686,complete,,0.0,,,,
Patient_1142,Origem_do Centro Cirurgico,420524.6535350686,complete,,,do Centro Cirurgico,420524.6535350686,,
Patient_1142,CTI (CC),424794.56938125665,start,ctiBeds,0.0,,,,
Patient_1142,CTI (CC),428437.23726017255,complete,ctiBeds,0.0,,,,
Patient_1142,CTI prepara Encaminhamento,428437.23726017255,start,,0.0,,,,
Patient_1142,CTI prepara Encaminhamento,428490.39569295273,complete,,0.0,,,,
Patient_1142,Encaminha_para a Clinica Medica,428490.39569295273,complete,,,para a Clinica Medica,428490.39569295273,,
Patient_1142,Discharge,428490.39569295273,complete,,,,,,7965.742157884117
Patient_1143,Arrival,420526.76634720445,complete,,0.0,,,,
Patient_1143,Origem_do Pronto Socorro,420526.76634720445,complete,,,do Pronto Socorro,420526.76634720445,,
Patient_1143,CTI (PS),424909.52661453653,start,ctiBeds,0.0,,,,
Patient_1143,CTI (PS),429052.0342609276,complete,ctiBeds,0.0,,,,
Patient_1143,CTI prepara Encaminhamento,429052.0342609276,start,,0.0,,,,
Patient_1143,CTI prepara Encaminhamento,429108.7559323292,complete,,0.0,,,,
Patient_1143,Encaminha_Obito,429108.7559323292,complete,,,Obito,429108.7559323292,,
Patient_1143,Discharge,429108.7559323292,complete,,,,,,8581.989585124771
Patient_1144,Arrival,421194.0485676086,complete,,0.0,,,,
Patient_1144,Origem_do Pronto Socorro,421194.0485676086,complete,,,do Pronto Socorro,421194.0485676086,,
Patient_1144,CTI (PS),424948.0642429534,start,ctiBeds,0.0,,,,
Patient_1144,CTI (PS),441258.5994173014,complete,ctiBeds,0.0,,,,
Patient_1144,CTI prepara Encaminhamento,441258.5994173014,start,,0.0,,,,
Patient_1144,CTI prepara Encaminhamento,441300.82375781337,complete,,0.0,,,,
Patient_1144,Encaminha_para a Clinica Medica,441300.82375781337,complete,,,para a Clinica Medica,441300.82375781337,,
Patient_1144,Discharge,441300.82375781337,complete,,,,,,20106.77519020479
Patient_1145,Arrival,421233.40735665784,complete,,0.0,,,,
Patient_1145,Origem_da Clinica Cirurgica,421233.40735665784,complete,,,da Clinica Cirurgica,421233.40735665784,,
Patient_1145,CTI (CLIC),425109.4607768894,start,ctiBeds,0.0,,,,
Patient_1145,CTI (CLIC),426793.2065067968,complete,ctiBeds,0.0,,,,
Patient_1145,CTI prepara Encaminhamento,426793.2065067968,start,,0.0,,,,
Patient_1145,CTI prepara Encaminhamento,426829.71395809314,complete,,0.0,,,,
Patient_1145,Encaminha_para a Clinica Cirurgica,426829.71395809314,complete,,,para a Clinica Cirurgica,426829.71395809314,,
Patient_1145,Discharge,426829.71395809314,complete,,,,,,5596.306601435295
Patient_1146,Arrival,421377.037054299,complete,,0.0,,,,
Patient_1146,Origem_do Pronto Socorro,421377.037054299,complete,,,do Pronto Socorro,421377.037054299,,
Patient_1146,CTI (PS),425150.07024815306,start,ctiBeds,0.0,,,,
Patient_1146,CTI (PS),439299.0775206376,complete,ctiBeds,0.0,,,,
Patient_1146,CTI prepara Encaminhamento,439299.0775206376,start,,0.0,,,,
Patient_1146,CTI prepara Encaminhamento,439340.3622933166,complete,,0.0,,,,
Patient_1146,Encaminha_para a Clinica Medica,439340.3622933166,complete,,,para a Clinica Medica,439340.3622933166,,
Patient_1146,Discharge,439340.3622933166,complete,,,,,,17963.325239017548
Patient_1147,Arrival,421681.49014320393,complete,,0.0,,,,
Patient_1147,Origem_do Centro Cirurgico,421681.49014320393,complete,,,do Centro Cirurgico,421681.49014320393,,
Patient_1147,CTI (CC),425422.2785089644,start,ctiBeds,0.0,,,,
Patient_1147,CTI (CC),427125.5151851757,complete,ctiBeds,0.0,,,,
Patient_1147,CTI prepara Encaminhamento,427125.5151851757,start,,0.0,,,,
Patient_1147,CTI prepara Encaminhamento,427178.8735520853,complete,,0.0,,,,
Patient_1147,Encaminha_para a Clinica Cirurgica,427178.8735520853,complete,,,para a Clinica Cirurgica,427178.8735520853,,
Patient_1147,Discharge,427178.8735520853,complete,,,,,,5497.383408881375
Patient_1148,Arrival,421682.9418033634,complete,,0.0,,,,
Patient_1148,Origem_do Centro Cirurgico,421682.9418033634,complete,,,do Centro Cirurgico,421682.9418033634,,
Patient_1148,CTI (CC),425459.75310957374,start,ctiBeds,0.0,,,,
Patient_1148,CTI (CC),442314.2083587352,complete,ctiBeds,0.0,,,,
Patient_1148,CTI prepara Encaminhamento,442314.2083587352,start,,0.0,,,,
Patient_1148,CTI prepara Encaminhamento,442360.4811438626,complete,,0.0,,,,
Patient_1148,Encaminha_para a Clinica Medica,442360.4811438626,complete,,,para a Clinica Medica,442360.4811438626,,
Patient_1148,Discharge,442360.4811438626,complete,,,,,,20677.539340499206
Patient_1149,Arrival,421870.41452525667,complete,,0.0,,,,
Patient_1149,Origem_do Pronto Socorro,421870.41452525667,complete,,,do Pronto Socorro,421870.41452525667,,
Patient_1149,CTI (PS),426550.19313795725,start,ctiBeds,0.0,,,,
Patient_1149,CTI (PS),447215.7052857,complete,ctiBeds,0.0,,,,
Patient_1149,CTI prepara Encaminhamento,447215.7052857,start,,0.0,,,,
Patient_1149,CTI prepara Encaminhamento,447272.58308327774,complete,,0.0,,,,
Patient_1149,Encaminha_para a Clinica Medica,447272.58308327774,complete,,,para a Clinica Medica,447272.58308327774,,
Patient_1149,Discharge,447272.58308327774,complete,,,,,,25402.168558021076
Patient_115,Arrival,35889.97130708826,complete,,0.0,,,,
Patient_115,Origem_do Pronto Socorro,35889.97130708826,complete,,,do Pronto Socorro,35889.97130708826,,
Patient_115,CTI (PS),35889.97130708826,start,ctiBeds,0.0,,,,
Patient_115,CTI (PS),54812.90449815632,complete,ctiBeds,0.0,,,,
Patient_115,CTI prepara Encaminhamento,54812.90449815632,start,,0.0,,,,
Patient_115,CTI prepara Encaminhamento,54852.05329555712,complete,,0.0,,,,
Patient_115,Encaminha_para a Clinica Cirurgica,54852.05329555712,complete,,,para a Clinica Cirurgica,54852.05329555712,,
Patient_115,Discharge,54852.05329555712,complete,,,,,,18962.08198846886
Patient_1150,Arrival,423884.4556973575,complete,,0.0,,,,
Patient_1150,Origem_do Pronto Socorro,423884.4556973575,complete,,,do Pronto Socorro,423884.4556973575,,
Patient_1150,CTI (PS),426793.2065067968,start,ctiBeds,0.0,,,,
Patient_1150,CTI (PS),435169.968386778,complete,ctiBeds,0.0,,,,
Patient_1150,CTI prepara Encaminhamento,435169.968386778,start,,0.0,,,,
Patient_1150,CTI prepara Encaminhamento,435227.9523450976,complete,,0.0,,,,
Patient_1150,Encaminha_Obito,435227.9523450976,complete,,,Obito,435227.9523450976,,
Patient_1150,Discharge,435227.9523450976,complete,,,,,,11343.496647740132
Patient_1151,Arrival,423985.6723413882,complete,,0.0,,,,
Patient_1151,Origem_da Clinica Medica,423985.6723413882,complete,,,da Clinica Medica,423985.6723413882,,
Patient_1151,CTI (CLIM),427125.5151851757,start,ctiBeds,0.0,,,,
Patient_1151,CTI (CLIM),429367.6708346688,complete,ctiBeds,0.0,,,,
Patient_1151,CTI prepara Encaminhamento,429367.6708346688,start,,0.0,,,,
Patient_1151,CTI prepara Encaminhamento,429425.65348265204,complete,,0.0,,,,
Patient_1151,Encaminha_para a Clinica Cirurgica,429425.65348265204,complete,,,para a Clinica Cirurgica,429425.65348265204,,
Patient_1151,Discharge,429425.65348265204,complete,,,,,,5439.981141263852
Patient_1152,Arrival,424150.22613645735,complete,,0.0,,,,
Patient_1152,Origem_do Centro Cirurgico,424150.22613645735,complete,,,do Centro Cirurgico,424150.22613645735,,
Patient_1152,CTI (CC),427392.149500823,start,ctiBeds,0.0,,,,
Patient_1152,CTI (CC),430865.50237131095,complete,ctiBeds,0.0,,,,
Patient_1152,CTI prepara Encaminhamento,430865.50237131095,start,,0.0,,,,
Patient_1152,CTI prepara Encaminhamento,430895.7632442878,complete,,0.0,,,,
Patient_1152,Encaminha_para a Clinica Medica,430895.7632442878,complete,,,para a Clinica Medica,430895.7632442878,,
Patient_1152,Discharge,430895.7632442878,complete,,,,,,6745.53710783046
Patient_1153,Arrival,424650.64194311114,complete,,0.0,,,,
Patient_1153,Origem_do Centro Cirurgico,424650.64194311114,complete,,,do Centro Cirurgico,424650.64194311114,,
Patient_1153,CTI (CC),427755.36459501256,start,ctiBeds,0.0,,,,
Patient_1153,CTI (CC),429960.5100057962,complete,ctiBeds,0.0,,,,
Patient_1153,CTI prepara Encaminhamento,429960.5100057962,start,,0.0,,,,
Patient_1153,CTI prepara Encaminhamento,430018.81594634126,complete,,0.0,,,,
Patient_1153,Encaminha_para a Clinica Cirurgica,430018.81594634126,complete,,,para a Clinica Cirurgica,430018.81594634126,,
Patient_1153,Discharge,430018.81594634126,complete,,,,,,5368.174003230117
Patient_1154,Arrival,424687.71024857997,complete,,0.0,,,,
Patient_1154,Origem_do Pronto Socorro,424687.71024857997,complete,,,do Pronto Socorro,424687.71024857997,,
Patient_1154,CTI (PS),428437.23726017255,start,ctiBeds,0.0,,,,
Patient_1154,CTI (PS),432809.9888965017,complete,ctiBeds,0.0,,,,
Patient_1154,CTI prepara Encaminhamento,432809.9888965017,start,,0.0,,,,
Patient_1154,CTI prepara Encaminhamento,432869.1413352792,complete,,0.0,,,,
Patient_1154,Encaminha_para a Clinica Medica,432869.1413352792,complete,,,para a Clinica Medica,432869.1413352792,,
Patient_1154,Discharge,432869.1413352792,complete,,,,,,8181.4310866992455
Patient_1155,Arrival,426199.3301031823,complete,,0.0,,,,
Patient_1155,Origem_do Pronto Socorro,426199.3301031823,complete,,,do Pronto Socorro,426199.3301031823,,
Patient_1155,CTI (PS),429052.0342609276,start,ctiBeds,0.0,,,,
Patient_1155,CTI (PS),434502.81383148866,complete,ctiBeds,0.0,,,,
Patient_1155,CTI prepara Encaminhamento,434502.81383148866,start,,0.0,,,,
Patient_1155,CTI prepara Encaminhamento,434558.1835692312,complete,,0.0,,,,
Patient_1155,Encaminha_para a Clinica Medica,434558.1835692312,complete,,,para a Clinica Medica,434558.1835692312,,
Patient_1155,Discharge,434558.1835692312,complete,,,,,,8358.853466048895
Patient_1156,Arrival,427731.7633136761,complete,,0.0,,,,
Patient_1156,Origem_da Clinica Cirurgica,427731.7633136761,complete,,,da Clinica Cirurgica,427731.7633136761,,
Patient_1156,CTI (CLIC),429114.08593452227,start,ctiBeds,0.0,,,,
Patient_1156,CTI (CLIC),436973.03696259635,complete,ctiBeds,0.0,,,,
Patient_1156,CTI prepara Encaminhamento,436973.03696259635,start,,0.0,,,,
Patient_1156,CTI prepara Encaminhamento,437027.70275904535,complete,,0.0,,,,
Patient_1156,Encaminha_para a Clinica Medica,437027.70275904535,complete,,,para a Clinica Medica,437027.70275904535,,
Patient_1156,Discharge,437027.70275904535,complete,,,,,,9295.939445369237
Patient_1157,Arrival,427773.03274623636,complete,,0.0,,,,
Patient_1157,Origem_da Clinica Medica,427773.03274623636,complete,,,da Clinica Medica,427773.03274623636,,
Patient_1157,CTI (CLIM),429273.75274979416,start,ctiBeds,0.0,,,,
Patient_1157,CTI (CLIM),442161.3997814455,complete,ctiBeds,0.0,,,,
Patient_1157,CTI prepara Encaminhamento,442161.3997814455,start,,0.0,,,,
Patient_1157,CTI prepara Encaminhamento,442216.75354184717,complete,,0.0,,,,
Patient_1157,Encaminha_para a Clinica Cirurgica,442216.75354184717,complete,,,para a Clinica Cirurgica,442216.75354184717,,
Patient_1157,Discharge,442216.75354184717,complete,,,,,,14443.720795610803
Patient_1158,Arrival,428096.2923276284,complete,,0.0,,,,
Patient_1158,Origem_da Clinica Medica,428096.2923276284,complete,,,da Clinica Medica,428096.2923276284,,
Patient_1158,CTI (CLIM),429367.6708346688,start,ctiBeds,0.0,,,,
Patient_1158,CTI (CLIM),432494.20100970357,complete,ctiBeds,0.0,,,,
Patient_1158,CTI prepara Encaminhamento,432494.20100970357,start,,0.0,,,,
Patient_1158,CTI prepara Encaminhamento,432542.2135429363,complete,,0.0,,,,
Patient_1158,Encaminha_para a Clinica Medica,432542.2135429363,complete,,,para a Clinica Medica,432542.2135429363,,
Patient_1158,Discharge,432542.2135429363,complete,,,,,,4445.921215307899
Patient_1159,Arrival,428589.1417941647,complete,,0.0,,,,
Patient_1159,Origem_do Centro Cirurgico,428589.1417941647,complete,,,do Centro Cirurgico,428589.1417941647,,
Patient_1159,CTI (CC),429960.5100057962,start,ctiBeds,0.0,,,,
Patient_1159,CTI (CC),431443.0229471043,complete,ctiBeds,0.0,,,,
Patient_1159,CTI prepara Encaminhamento,431443.0229471043,start,,0.0,,,,
Patient_1159,CTI prepara Encaminhamento,431502.595364762,complete,,0.0,,,,
Patient_1159,Encaminha_para a Clinica Medica,431502.595364762,complete,,,para a Clinica Medica,431502.595364762,,
Patient_1159,Discharge,431502.595364762,complete,,,,,,2913.453570597281
Patient_116,Arrival,36062.40004487644,complete,,0.0,,,,
Patient_116,Origem_do Centro Cirurgico,36062.40004487644,complete,,,do Centro Cirurgico,36062.40004487644,,
Patient_116,CTI (CC),36062.40004487644,start,ctiBeds,0.0,,,,
Patient_116,CTI (CC),36788.08812885275,complete,ctiBeds,0.0,,,,
Patient_116,CTI prepara Encaminhamento,36788.08812885275,start,,0.0,,,,
Patient_116,CTI prepara Encaminhamento,36836.67382103048,complete,,0.0,,,,
Patient_116,Encaminha_Obito,36836.67382103048,complete,,,Obito,36836.67382103048,,
Patient_116,Discharge,36836.67382103048,complete,,,,,,774.2737761540411
Patient_1160,Arrival,428757.50017818116,complete,,0.0,,,,
Patient_1160,Origem_da Clinica Medica,428757.50017818116,complete,,,da Clinica Medica,428757.50017818116,,
Patient_1160,CTI (CLIM),430198.0756019356,start,ctiBeds,0.0,,,,
Patient_1160,CTI (CLIM),444908.99580028455,complete,ctiBeds,0.0,,,,
Patient_1160,CTI prepara Encaminhamento,444908.99580028455,start,,0.0,,,,
Patient_1160,CTI prepara Encaminhamento,444953.36693057115,complete,,0.0,,,,
Patient_1160,Encaminha_Transferencia Externa,444953.36693057115,complete,,,Transferencia Externa,444953.36693057115,,
Patient_1160,Discharge,444953.36693057115,complete,,,,,,16195.866752389993
Patient_1161,Arrival,429096.41192037234,complete,,0.0,,,,
Patient_1161,Origem_do Centro Cirurgico,429096.41192037234,complete,,,do Centro Cirurgico,429096.41192037234,,
Patient_1161,CTI (CC),430845.36532513046,start,ctiBeds,0.0,,,,
Patient_1161,CTI (CC),436942.0345129757,complete,ctiBeds,0.0,,,,
Patient_1161,CTI prepara Encaminhamento,436942.0345129757,start,,0.0,,,,
Patient_1161,CTI prepara Encaminhamento,436974.52493425645,complete,,0.0,,,,
Patient_1161,Encaminha_para a Clinica Medica,436974.52493425645,complete,,,para a Clinica Medica,436974.52493425645,,
Patient_1161,Discharge,436974.52493425645,complete,,,,,,7878.113013884111
Patient_1162,Arrival,429309.95318011905,complete,,0.0,,,,
Patient_1162,Origem_da Clinica Cirurgica,429309.95318011905,complete,,,da Clinica Cirurgica,429309.95318011905,,
Patient_1162,CTI (CLIC),430865.50237131095,start,ctiBeds,0.0,,,,
Patient_1162,CTI (CLIC),456358.2696762545,complete,ctiBeds,0.0,,,,
Patient_1162,CTI prepara Encaminhamento,456358.2696762545,start,,0.0,,,,
Patient_1162,CTI prepara Encaminhamento,456395.4307988556,complete,,0.0,,,,
Patient_1162,Encaminha_para a Clinica Medica,456395.4307988556,complete,,,para a Clinica Medica,456395.4307988556,,
Patient_1162,Discharge,456395.4307988556,complete,,,,,,27085.477618736564
Patient_1163,Arrival,429460.21968217246,complete,,0.0,,,,
Patient_1163,Origem_do Pronto Socorro,429460.21968217246,complete,,,do Pronto Socorro,429460.21968217246,,
Patient_1163,CTI (PS),431443.0229471043,start,ctiBeds,0.0,,,,
Patient_1163,CTI (PS),484452.5006049442,complete,ctiBeds,0.0,,,,
Patient_1163,CTI prepara Encaminhamento,484452.5006049442,start,,0.0,,,,
Patient_1163,CTI prepara Encaminhamento,484483.0511618519,complete,,0.0,,,,
Patient_1163,Encaminha_Obito,484483.0511618519,complete,,,Obito,484483.0511618519,,
Patient_1163,Discharge,484483.0511618519,complete,,,,,,55022.831479679444
Patient_1164,Arrival,429728.9165033805,complete,,0.0,,,,
Patient_1164,Origem_do Pronto Socorro,429728.9165033805,complete,,,do Pronto Socorro,429728.9165033805,,
Patient_1164,CTI (PS),431512.8798927575,start,ctiBeds,0.0,,,,
Patient_1164,CTI (PS),436716.7464954154,complete,ctiBeds,0.0,,,,
Patient_1164,CTI prepara Encaminhamento,436716.7464954154,start,,0.0,,,,
Patient_1164,CTI prepara Encaminhamento,436748.66774814046,complete,,0.0,,,,
Patient_1164,Encaminha_para a Clinica Cirurgica,436748.66774814046,complete,,,para a Clinica Cirurgica,436748.66774814046,,
Patient_1164,Discharge,436748.66774814046,complete,,,,,,7019.751244759944
Patient_1165,Arrival,429793.06163231155,complete,,0.0,,,,
Patient_1165,Origem_do Pronto Socorro,429793.06163231155,complete,,,do Pronto Socorro,429793.06163231155,,
Patient_1165,CTI (PS),431700.1588347962,start,ctiBeds,0.0,,,,
Patient_1165,CTI (PS),451404.1820330367,complete,ctiBeds,0.0,,,,
Patient_1165,CTI prepara Encaminhamento,451404.1820330367,start,,0.0,,,,
Patient_1165,CTI prepara Encaminhamento,451451.6542201486,complete,,0.0,,,,
Patient_1165,Encaminha_para a Clinica Medica,451451.6542201486,complete,,,para a Clinica Medica,451451.6542201486,,
Patient_1165,Discharge,451451.6542201486,complete,,,,,,21658.592587837018
Patient_1166,Arrival,430128.12116754294,complete,,0.0,,,,
Patient_1166,Origem_da Clinica Medica,430128.12116754294,complete,,,da Clinica Medica,430128.12116754294,,
Patient_1166,CTI (CLIM),431992.7933605585,start,ctiBeds,0.0,,,,
Patient_1166,CTI (CLIM),467079.89348943526,complete,ctiBeds,0.0,,,,
Patient_1166,CTI prepara Encaminhamento,467079.89348943526,start,,0.0,,,,
Patient_1166,CTI prepara Encaminhamento,467128.7075718057,complete,,0.0,,,,
Patient_1166,Encaminha_para a Clinica Cirurgica,467128.7075718057,complete,,,para a Clinica Cirurgica,467128.7075718057,,
Patient_1166,Discharge,467128.7075718057,complete,,,,,,37000.58640426275
Patient_1167,Arrival,430483.1731904374,complete,,0.0,,,,
Patient_1167,Origem_do Pronto Socorro,430483.1731904374,complete,,,do Pronto Socorro,430483.1731904374,,
Patient_1167,CTI (PS),432441.7804062879,start,ctiBeds,0.0,,,,
Patient_1167,CTI (PS),432709.61386072106,complete,ctiBeds,0.0,,,,
Patient_1167,CTI prepara Encaminhamento,432709.61386072106,start,,0.0,,,,
Patient_1167,CTI prepara Encaminhamento,432760.8491206922,complete,,0.0,,,,
Patient_1167,Encaminha_para a Clinica Cirurgica,432760.8491206922,complete,,,para a Clinica Cirurgica,432760.8491206922,,
Patient_1167,Discharge,432760.8491206922,complete,,,,,,2277.6759302548016
Patient_1168,Arrival,430506.6110192232,complete,,0.0,,,,
Patient_1168,Origem_do Centro Cirurgico,430506.6110192232,complete,,,do Centro Cirurgico,430506.6110192232,,
Patient_1168,CTI (CC),432494.20100970357,start,ctiBeds,0.0,,,,
Patient_1168,CTI (CC),446368.95028178254,complete,ctiBeds,0.0,,,,
Patient_1168,CTI prepara Encaminhamento,446368.95028178254,start,,0.0,,,,
Patient_1168,CTI prepara Encaminhamento,446419.8653460697,complete,,0.0,,,,
Patient_1168,Encaminha_para a Clinica Medica,446419.8653460697,complete,,,para a Clinica Medica,446419.8653460697,,
Patient_1168,Discharge,446419.8653460697,complete,,,,,,15913.254326846509
Patient_1169,Arrival,430711.3727103037,complete,,0.0,,,,
Patient_1169,Origem_do Centro Cirurgico,430711.3727103037,complete,,,do Centro Cirurgico,430711.3727103037,,
Patient_1169,CTI (CC),432709.61386072106,start,ctiBeds,0.0,,,,
Patient_1169,CTI (CC),435316.33616544254,complete,ctiBeds,0.0,,,,
Patient_1169,CTI prepara Encaminhamento,435316.33616544254,start,,0.0,,,,
Patient_1169,CTI prepara Encaminhamento,435357.3471669398,complete,,0.0,,,,
Patient_1169,Encaminha_para a Clinica Cirurgica,435357.3471669398,complete,,,para a Clinica Cirurgica,435357.3471669398,,
Patient_1169,Discharge,435357.3471669398,complete,,,,,,4645.974456636119
Patient_117,Arrival,36241.42010535351,complete,,0.0,,,,
Patient_117,Origem_do Centro Cirurgico,36241.42010535351,complete,,,do Centro Cirurgico,36241.42010535351,,
Patient_117,CTI (CC),36241.42010535351,start,ctiBeds,0.0,,,,
Patient_117,CTI (CC),69962.00605418264,complete,ctiBeds,0.0,,,,
Patient_117,CTI prepara Encaminhamento,69962.00605418264,start,,0.0,,,,
Patient_117,CTI prepara Encaminhamento,70018.58174817135,complete,,0.0,,,,
Patient_117,Encaminha_para a Clinica Medica,70018.58174817135,complete,,,para a Clinica Medica,70018.58174817135,,
Patient_117,Discharge,70018.58174817135,complete,,,,,,33777.16164281784
Patient_1170,Arrival,431014.35547246673,complete,,0.0,,,,
Patient_1170,Origem_da Maternidade,431014.35547246673,complete,,,da Maternidade,431014.35547246673,,
Patient_1170,CTI (MAT),432809.9888965017,start,ctiBeds,0.0,,,,
Patient_1170,CTI (MAT),435669.6605276615,complete,ctiBeds,0.0,,,,
Patient_1170,CTI prepara Encaminhamento,435669.6605276615,start,,0.0,,,,
Patient_1170,CTI prepara Encaminhamento,435714.60909521405,complete,,0.0,,,,
Patient_1170,Encaminha_Obito,435714.60909521405,complete,,,Obito,435714.60909521405,,
Patient_1170,Discharge,435714.60909521405,complete,,,,,,4700.253622747317
Patient_1171,Arrival,431428.6755704543,complete,,0.0,,,,
Patient_1171,Origem_da Clinica Medica,431428.6755704543,complete,,,da Clinica Medica,431428.6755704543,,
Patient_1171,CTI (CLIM),434502.81383148866,start,ctiBeds,0.0,,,,
Patient_1171,CTI (CLIM),465581.41498796386,complete,ctiBeds,0.0,,,,
Patient_1171,CTI prepara Encaminhamento,465581.41498796386,start,,0.0,,,,
Patient_1171,CTI prepara Encaminhamento,465641.1163247832,complete,,0.0,,,,
Patient_1171,Encaminha_para a Clinica Cirurgica,465641.1163247832,complete,,,para a Clinica Cirurgica,465641.1163247832,,
Patient_1171,Discharge,465641.1163247832,complete,,,,,,34212.44075432891
Patient_1172,Arrival,431786.22316794243,complete,,0.0,,,,
Patient_1172,Origem_do Pronto Socorro,431786.22316794243,complete,,,do Pronto Socorro,431786.22316794243,,
Patient_1172,CTI (PS),434713.2451481533,start,ctiBeds,0.0,,,,
Patient_1172,CTI (PS),444414.5151419692,complete,ctiBeds,0.0,,,,
Patient_1172,CTI prepara Encaminhamento,444414.5151419692,start,,0.0,,,,
Patient_1172,CTI prepara Encaminhamento,444471.18996865046,complete,,0.0,,,,
Patient_1172,Encaminha_para a Clinica Cirurgica,444471.18996865046,complete,,,para a Clinica Cirurgica,444471.18996865046,,
Patient_1172,Discharge,444471.18996865046,complete,,,,,,12684.966800708033
Patient_1173,Arrival,431830.51622870704,complete,,0.0,,,,
Patient_1173,Origem_do Pronto Socorro,431830.51622870704,complete,,,do Pronto Socorro,431830.51622870704,,
Patient_1173,CTI (PS),435169.968386778,start,ctiBeds,0.0,,,,
Patient_1173,CTI (PS),444640.7087692837,complete,ctiBeds,0.0,,,,
Patient_1173,CTI prepara Encaminhamento,444640.7087692837,start,,0.0,,,,
Patient_1173,CTI prepara Encaminhamento,444685.80438757635,complete,,0.0,,,,
Patient_1173,Encaminha_Obito,444685.80438757635,complete,,,Obito,444685.80438757635,,
Patient_1173,Discharge,444685.80438757635,complete,,,,,,12855.288158869313
Patient_1174,Arrival,433828.89836606383,complete,,0.0,,,,
Patient_1174,Origem_do Pronto Socorro,433828.89836606383,complete,,,do Pronto Socorro,433828.89836606383,,
Patient_1174,CTI (PS),435316.33616544254,start,ctiBeds,0.0,,,,
Patient_1174,CTI (PS),435734.2993015124,complete,ctiBeds,0.0,,,,
Patient_1174,CTI prepara Encaminhamento,435734.2993015124,start,,0.0,,,,
Patient_1174,CTI prepara Encaminhamento,435788.3614379341,complete,,0.0,,,,
Patient_1174,Encaminha_para a Clinica Cirurgica,435788.3614379341,complete,,,para a Clinica Cirurgica,435788.3614379341,,
Patient_1174,Discharge,435788.3614379341,complete,,,,,,1959.4630718702683
Patient_1175,Arrival,434290.09472974984,complete,,0.0,,,,
Patient_1175,Origem_do Pronto Socorro,434290.09472974984,complete,,,do Pronto Socorro,434290.09472974984,,
Patient_1175,CTI (PS),435669.6605276615,start,ctiBeds,0.0,,,,
Patient_1175,CTI (PS),448358.914256684,complete,ctiBeds,0.0,,,,
Patient_1175,CTI prepara Encaminhamento,448358.914256684,start,,0.0,,,,
Patient_1175,CTI prepara Encaminhamento,448405.23161961813,complete,,0.0,,,,
Patient_1175,Encaminha_Obito,448405.23161961813,complete,,,Obito,448405.23161961813,,
Patient_1175,Discharge,448405.23161961813,complete,,,,,,14115.1368898683
Patient_1176,Arrival,434824.633981917,complete,,0.0,,,,
Patient_1176,Origem_da Clinica Cirurgica,434824.633981917,complete,,,da Clinica Cirurgica,434824.633981917,,
Patient_1176,CTI (CLIC),435734.2993015124,start,ctiBeds,0.0,,,,
Patient_1176,CTI (CLIC),445959.8514291456,complete,ctiBeds,0.0,,,,
Patient_1176,CTI prepara Encaminhamento,445959.8514291456,start,,0.0,,,,
Patient_1176,CTI prepara Encaminhamento,446013.1241557324,complete,,0.0,,,,
Patient_1176,Encaminha_para a Clinica Medica,446013.1241557324,complete,,,para a Clinica Medica,446013.1241557324,,
Patient_1176,Discharge,446013.1241557324,complete,,,,,,11188.4901738154
Patient_1177,Arrival,435145.0580061539,complete,,0.0,,,,
Patient_1177,Origem_do Pronto Socorro,435145.0580061539,complete,,,do Pronto Socorro,435145.0580061539,,
Patient_1177,CTI (PS),435859.58932100754,start,ctiBeds,0.0,,,,
Patient_1177,CTI (PS),441214.42288242147,complete,ctiBeds,0.0,,,,
Patient_1177,CTI prepara Encaminhamento,441214.42288242147,start,,0.0,,,,
Patient_1177,CTI prepara Encaminhamento,441248.1454793338,complete,,0.0,,,,
Patient_1177,Encaminha_para a Clinica Cirurgica,441248.1454793338,complete,,,para a Clinica Cirurgica,441248.1454793338,,
Patient_1177,Discharge,441248.1454793338,complete,,,,,,6103.087473179912
Patient_1178,Arrival,435197.15521527966,complete,,0.0,,,,
Patient_1178,Origem_do Centro Cirurgico,435197.15521527966,complete,,,do Centro Cirurgico,435197.15521527966,,
Patient_1178,CTI (CC),435947.99082693644,start,ctiBeds,0.0,,,,
Patient_1178,CTI (CC),439555.02192294167,complete,ctiBeds,0.0,,,,
Patient_1178,CTI prepara Encaminhamento,439555.02192294167,start,,0.0,,,,
Patient_1178,CTI prepara Encaminhamento,439611.65215844504,complete,,0.0,,,,
Patient_1178,Encaminha_para a Clinica Medica,439611.65215844504,complete,,,para a Clinica Medica,439611.65215844504,,
Patient_1178,Discharge,439611.65215844504,complete,,,,,,4414.4969431653735
Patient_1179,Arrival,437184.1383417169,complete,,0.0,,,,
Patient_1179,Origem_do Pronto Socorro,437184.1383417169,complete,,,do Pronto Socorro,437184.1383417169,,
Patient_1179,CTI (PS),437184.1383417169,start,ctiBeds,0.0,,,,
Patient_1179,CTI (PS),469150.10256059765,complete,ctiBeds,0.0,,,,
Patient_1179,CTI prepara Encaminhamento,469150.10256059765,start,,0.0,,,,
Patient_1179,CTI prepara Encaminhamento,469194.6282060834,complete,,0.0,,,,
Patient_1179,Encaminha_para a Clinica Cirurgica,469194.6282060834,complete,,,para a Clinica Cirurgica,469194.6282060834,,
Patient_1179,Discharge,469194.6282060834,complete,,,,,,32010.48986436648
Patient_118,Arrival,36362.00621111158,complete,,0.0,,,,
Patient_118,Origem_do Pronto Socorro,36362.00621111158,complete,,,do Pronto Socorro,36362.00621111158,,
Patient_118,CTI (PS),36362.00621111158,start,ctiBeds,0.0,,,,
Patient_118,CTI (PS),41087.57623543182,complete,ctiBeds,0.0,,,,
Patient_118,CTI prepara Encaminhamento,41087.57623543182,start,,0.0,,,,
Patient_118,CTI prepara Encaminhamento,41132.70206502933,complete,,0.0,,,,
Patient_118,Encaminha_Obito,41132.70206502933,complete,,,Obito,41132.70206502933,,
Patient_118,Discharge,41132.70206502933,complete,,,,,,4770.69585391775
Patient_1180,Arrival,437620.4659533131,complete,,0.0,,,,
Patient_1180,Origem_do Pronto Socorro,437620.4659533131,complete,,,do Pronto Socorro,437620.4659533131,,
Patient_1180,CTI (PS),437620.4659533131,start,ctiBeds,0.0,,,,
Patient_1180,CTI (PS),454665.1872816133,complete,ctiBeds,0.0,,,,
Patient_1180,CTI prepara Encaminhamento,454665.1872816133,start,,0.0,,,,
Patient_1180,CTI prepara Encaminhamento,454697.0356243304,complete,,0.0,,,,
Patient_1180,Encaminha_para a Clinica Cirurgica,454697.0356243304,complete,,,para a Clinica Cirurgica,454697.0356243304,,
Patient_1180,Discharge,454697.0356243304,complete,,,,,,17076.569671017292
Patient_1181,Arrival,439382.22823947226,complete,,0.0,,,,
Patient_1181,Origem_da Clinica Medica,439382.22823947226,complete,,,da Clinica Medica,439382.22823947226,,
Patient_1181,CTI (CLIM),439382.22823947226,start,ctiBeds,0.0,,,,
Patient_1181,CTI (CLIM),446806.1796893998,complete,ctiBeds,0.0,,,,
Patient_1181,CTI prepara Encaminhamento,446806.1796893998,start,,0.0,,,,
Patient_1181,CTI prepara Encaminhamento,446838.83101397444,complete,,0.0,,,,
Patient_1181,Encaminha_para a Clinica Cirurgica,446838.83101397444,complete,,,para a Clinica Cirurgica,446838.83101397444,,
Patient_1181,Discharge,446838.83101397444,complete,,,,,,7456.602774502186
Patient_1182,Arrival,439633.066476898,complete,,0.0,,,,
Patient_1182,Origem_do Centro Cirurgico,439633.066476898,complete,,,do Centro Cirurgico,439633.066476898,,
Patient_1182,CTI (CC),439633.066476898,start,ctiBeds,0.0,,,,
Patient_1182,CTI (CC),446080.84104166576,complete,ctiBeds,0.0,,,,
Patient_1182,CTI prepara Encaminhamento,446080.84104166576,start,,0.0,,,,
Patient_1182,CTI prepara Encaminhamento,446114.8423016763,complete,,0.0,,,,
Patient_1182,Encaminha_para a Clinica Cirurgica,446114.8423016763,complete,,,para a Clinica Cirurgica,446114.8423016763,,
Patient_1182,Discharge,446114.8423016763,complete,,,,,,6481.775824778306
Patient_1183,Arrival,440440.9379060789,complete,,0.0,,,,
Patient_1183,Origem_do Pronto Socorro,440440.9379060789,complete,,,do Pronto Socorro,440440.9379060789,,
Patient_1183,CTI (PS),440440.9379060789,start,ctiBeds,0.0,,,,
Patient_1183,CTI (PS),443700.80619733833,complete,ctiBeds,0.0,,,,
Patient_1183,CTI prepara Encaminhamento,443700.80619733833,start,,0.0,,,,
Patient_1183,CTI prepara Encaminhamento,443741.2952982197,complete,,0.0,,,,
Patient_1183,Encaminha_para a Clinica Medica,443741.2952982197,complete,,,para a Clinica Medica,443741.2952982197,,
Patient_1183,Discharge,443741.2952982197,complete,,,,,,3300.357392140839
Patient_1184,Arrival,440610.6407129614,complete,,0.0,,,,
Patient_1184,Origem_da Clinica Cirurgica,440610.6407129614,complete,,,da Clinica Cirurgica,440610.6407129614,,
Patient_1184,CTI (CLIC),440610.6407129614,start,ctiBeds,0.0,,,,
Patient_1184,CTI (CLIC),465749.4658667898,complete,ctiBeds,0.0,,,,
Patient_1184,CTI prepara Encaminhamento,465749.4658667898,start,,0.0,,,,
Patient_1184,CTI prepara Encaminhamento,465783.13367086486,complete,,0.0,,,,
Patient_1184,Encaminha_Obito,465783.13367086486,complete,,,Obito,465783.13367086486,,
Patient_1184,Discharge,465783.13367086486,complete,,,,,,25172.49295790348
Patient_1185,Arrival,440686.52492268156,complete,,0.0,,,,
Patient_1185,Origem_do Centro Cirurgico,440686.52492268156,complete,,,do Centro Cirurgico,440686.52492268156,,
Patient_1185,CTI (CC),440686.52492268156,start,ctiBeds,0.0,,,,
Patient_1185,CTI (CC),445106.0511022175,complete,ctiBeds,0.0,,,,
Patient_1185,CTI prepara Encaminhamento,445106.0511022175,start,,0.0,,,,
Patient_1185,CTI prepara Encaminhamento,445145.96110955643,complete,,0.0,,,,
Patient_1185,Encaminha_para a Clinica Cirurgica,445145.96110955643,complete,,,para a Clinica Cirurgica,445145.96110955643,,
Patient_1185,Discharge,445145.96110955643,complete,,,,,,4459.436186874867
Patient_1186,Arrival,440945.6917024441,complete,,0.0,,,,
Patient_1186,Origem_do Pronto Socorro,440945.6917024441,complete,,,do Pronto Socorro,440945.6917024441,,
Patient_1186,CTI (PS),440945.6917024441,start,ctiBeds,0.0,,,,
Patient_1186,CTI (PS),475491.63858227566,complete,ctiBeds,0.0,,,,
Patient_1186,CTI prepara Encaminhamento,475491.63858227566,start,,0.0,,,,
Patient_1186,CTI prepara Encaminhamento,475526.470421616,complete,,0.0,,,,
Patient_1186,Encaminha_para a Clinica Medica,475526.470421616,complete,,,para a Clinica Medica,475526.470421616,,
Patient_1186,Discharge,475526.470421616,complete,,,,,,34580.77871917188
Patient_1187,Arrival,441169.36695015844,complete,,0.0,,,,
Patient_1187,Origem_do Centro Cirurgico,441169.36695015844,complete,,,do Centro Cirurgico,441169.36695015844,,
Patient_1187,CTI (CC),441214.42288242147,start,ctiBeds,0.0,,,,
Patient_1187,CTI (CC),443829.2387123874,complete,ctiBeds,0.0,,,,
Patient_1187,CTI prepara Encaminhamento,443829.2387123874,start,,0.0,,,,
Patient_1187,CTI prepara Encaminhamento,443861.9953689979,complete,,0.0,,,,
Patient_1187,Encaminha_para a Clinica Medica,443861.9953689979,complete,,,para a Clinica Medica,443861.9953689979,,
Patient_1187,Discharge,443861.9953689979,complete,,,,,,2692.6284188394784
Patient_1188,Arrival,441354.1851002299,complete,,0.0,,,,
Patient_1188,Origem_da Clinica Cirurgica,441354.1851002299,complete,,,da Clinica Cirurgica,441354.1851002299,,
Patient_1188,CTI (CLIC),441354.1851002299,start,ctiBeds,0.0,,,,
Patient_1188,CTI (CLIC),443845.9201612789,complete,ctiBeds,0.0,,,,
Patient_1188,CTI prepara Encaminhamento,443845.9201612789,start,,0.0,,,,
Patient_1188,CTI prepara Encaminhamento,443894.53585755534,complete,,0.0,,,,
Patient_1188,Encaminha_para a Clinica Cirurgica,443894.53585755534,complete,,,para a Clinica Cirurgica,443894.53585755534,,
Patient_1188,Discharge,443894.53585755534,complete,,,,,,2540.3507573254174
Patient_1189,Arrival,441393.86936776136,complete,,0.0,,,,
Patient_1189,Origem_do Centro Cirurgico,441393.86936776136,complete,,,do Centro Cirurgico,441393.86936776136,,
Patient_1189,CTI (CC),442161.3997814455,start,ctiBeds,0.0,,,,
Patient_1189,CTI (CC),442528.9003117582,complete,ctiBeds,0.0,,,,
Patient_1189,CTI prepara Encaminhamento,442528.9003117582,start,,0.0,,,,
Patient_1189,CTI prepara Encaminhamento,442578.4803135225,complete,,0.0,,,,
Patient_1189,Encaminha_para a Clinica Cirurgica,442578.4803135225,complete,,,para a Clinica Cirurgica,442578.4803135225,,
Patient_1189,Discharge,442578.4803135225,complete,,,,,,1184.6109457611456
Patient_119,Arrival,36630.76850596765,complete,,0.0,,,,
Patient_119,Origem_do Pronto Socorro,36630.76850596765,complete,,,do Pronto Socorro,36630.76850596765,,
Patient_119,CTI (PS),36630.76850596765,start,ctiBeds,0.0,,,,
Patient_119,CTI (PS),67944.18127099477,complete,ctiBeds,0.0,,,,
Patient_119,CTI prepara Encaminhamento,67944.18127099477,start,,0.0,,,,
Patient_119,CTI prepara Encaminhamento,67988.29667123339,complete,,0.0,,,,
Patient_119,Encaminha_para a Clinica Medica,67988.29667123339,complete,,,para a Clinica Medica,67988.29667123339,,
Patient_119,Discharge,67988.29667123339,complete,,,,,,31357.528165265736
Patient_1190,Arrival,442097.39953259745,complete,,0.0,,,,
Patient_1190,Origem_do Centro Cirurgico,442097.39953259745,complete,,,do Centro Cirurgico,442097.39953259745,,
Patient_1190,CTI (CC),442314.2083587352,start,ctiBeds,0.0,,,,
Patient_1190,CTI (CC),444053.34426678723,complete,ctiBeds,0.0,,,,
Patient_1190,CTI prepara Encaminhamento,444053.34426678723,start,,0.0,,,,
Patient_1190,CTI prepara Encaminhamento,444106.9883526509,complete,,0.0,,,,
Patient_1190,Encaminha_para a Clinica Cirurgica,444106.9883526509,complete,,,para a Clinica Cirurgica,444106.9883526509,,
Patient_1190,Discharge,444106.9883526509,complete,,,,,,2009.5888200534391
Patient_1191,Arrival,443063.69673125877,complete,,0.0,,,,
Patient_1191,Origem_do Pronto Socorro,443063.69673125877,complete,,,do Pronto Socorro,443063.69673125877,,
Patient_1191,CTI (PS),443063.69673125877,start,ctiBeds,0.0,,,,
Patient_1191,CTI (PS),446466.11172895256,complete,ctiBeds,0.0,,,,
Patient_1191,CTI prepara Encaminhamento,446466.11172895256,start,,0.0,,,,
Patient_1191,CTI prepara Encaminhamento,446517.6166632682,complete,,0.0,,,,
Patient_1191,Encaminha_para a Clinica Medica,446517.6166632682,complete,,,para a Clinica Medica,446517.6166632682,,
Patient_1191,Discharge,446517.6166632682,complete,,,,,,3453.9199320094194
Patient_1192,Arrival,443090.07337951363,complete,,0.0,,,,
Patient_1192,Origem_da Clinica Cirurgica,443090.07337951363,complete,,,da Clinica Cirurgica,443090.07337951363,,
Patient_1192,CTI (CLIC),443700.80619733833,start,ctiBeds,0.0,,,,
Patient_1192,CTI (CLIC),444484.3507012452,complete,ctiBeds,0.0,,,,
Patient_1192,CTI prepara Encaminhamento,444484.3507012452,start,,0.0,,,,
Patient_1192,CTI prepara Encaminhamento,444535.71419726044,complete,,0.0,,,,
Patient_1192,Encaminha_Obito,444535.71419726044,complete,,,Obito,444535.71419726044,,
Patient_1192,Discharge,444535.71419726044,complete,,,,,,1445.640817746811
Patient_1193,Arrival,444587.43503104127,complete,,0.0,,,,
Patient_1193,Origem_do Pronto Socorro,444587.43503104127,complete,,,do Pronto Socorro,444587.43503104127,,
Patient_1193,CTI (PS),444587.43503104127,start,ctiBeds,0.0,,,,
Patient_1193,CTI (PS),455389.85039756785,complete,ctiBeds,0.0,,,,
Patient_1193,CTI prepara Encaminhamento,455389.85039756785,start,,0.0,,,,
Patient_1193,CTI prepara Encaminhamento,455435.4494334556,complete,,0.0,,,,
Patient_1193,Encaminha_para a Clinica Medica,455435.4494334556,complete,,,para a Clinica Medica,455435.4494334556,,
Patient_1193,Discharge,455435.4494334556,complete,,,,,,10848.014402414323
Patient_1194,Arrival,444666.7799948359,complete,,0.0,,,,
Patient_1194,Origem_do Centro Cirurgico,444666.7799948359,complete,,,do Centro Cirurgico,444666.7799948359,,
Patient_1194,CTI (CC),444666.7799948359,start,ctiBeds,0.0,,,,
Patient_1194,CTI (CC),445915.798143576,complete,ctiBeds,0.0,,,,
Patient_1194,CTI prepara Encaminhamento,445915.798143576,start,,0.0,,,,
Patient_1194,CTI prepara Encaminhamento,445958.5947560148,complete,,0.0,,,,
Patient_1194,Encaminha_Obito,445958.5947560148,complete,,,Obito,445958.5947560148,,
Patient_1194,Discharge,445958.5947560148,complete,,,,,,1291.8147611789173
Patient_1195,Arrival,445274.29922890157,complete,,0.0,,,,
Patient_1195,Origem_do Pronto Socorro,445274.29922890157,complete,,,do Pronto Socorro,445274.29922890157,,
Patient_1195,CTI (PS),445274.29922890157,start,ctiBeds,0.0,,,,
Patient_1195,CTI (PS),456944.559684711,complete,ctiBeds,0.0,,,,
Patient_1195,CTI prepara Encaminhamento,456944.559684711,start,,0.0,,,,
Patient_1195,CTI prepara Encaminhamento,456977.50598416507,complete,,0.0,,,,
Patient_1195,Encaminha_Obito,456977.50598416507,complete,,,Obito,456977.50598416507,,
Patient_1195,Discharge,456977.50598416507,complete,,,,,,11703.206755263498
Patient_1196,Arrival,446171.39151416573,complete,,0.0,,,,
Patient_1196,Origem_da Clinica Cirurgica,446171.39151416573,complete,,,da Clinica Cirurgica,446171.39151416573,,
Patient_1196,CTI (CLIC),446171.39151416573,start,ctiBeds,0.0,,,,
Patient_1196,CTI (CLIC),450866.8656111591,complete,ctiBeds,0.0,,,,
Patient_1196,CTI prepara Encaminhamento,450866.8656111591,start,,0.0,,,,
Patient_1196,CTI prepara Encaminhamento,450912.3557619323,complete,,0.0,,,,
Patient_1196,Encaminha_Transferencia Externa,450912.3557619323,complete,,,Transferencia Externa,450912.3557619323,,
Patient_1196,Discharge,450912.3557619323,complete,,,,,,4740.964247766591
Patient_1197,Arrival,446254.1948229714,complete,,0.0,,,,
Patient_1197,Origem_do Pronto Socorro,446254.1948229714,complete,,,do Pronto Socorro,446254.1948229714,,
Patient_1197,CTI (PS),446254.1948229714,start,ctiBeds,0.0,,,,
Patient_1197,CTI (PS),447782.1577717708,complete,ctiBeds,0.0,,,,
Patient_1197,CTI prepara Encaminhamento,447782.1577717708,start,,0.0,,,,
Patient_1197,CTI prepara Encaminhamento,447830.832775968,complete,,0.0,,,,
Patient_1197,Encaminha_para a Clinica Cirurgica,447830.832775968,complete,,,para a Clinica Cirurgica,447830.832775968,,
Patient_1197,Discharge,447830.832775968,complete,,,,,,1576.6379529965925
Patient_1198,Arrival,446418.9483308414,complete,,0.0,,,,
Patient_1198,Origem_do Pronto Socorro,446418.9483308414,complete,,,do Pronto Socorro,446418.9483308414,,
Patient_1198,CTI (PS),446418.9483308414,start,ctiBeds,0.0,,,,
Patient_1198,CTI (PS),451427.48196390964,complete,ctiBeds,0.0,,,,
Patient_1198,CTI prepara Encaminhamento,451427.48196390964,start,,0.0,,,,
Patient_1198,CTI prepara Encaminhamento,451458.9097416592,complete,,0.0,,,,
Patient_1198,Encaminha_para a Clinica Medica,451458.9097416592,complete,,,para a Clinica Medica,451458.9097416592,,
Patient_1198,Discharge,451458.9097416592,complete,,,,,,5039.961410817807
Patient_1199,Arrival,447249.02555897064,complete,,0.0,,,,
Patient_1199,Origem_do Pronto Socorro,447249.02555897064,complete,,,do Pronto Socorro,447249.02555897064,,
Patient_1199,CTI (PS),447249.02555897064,start,ctiBeds,0.0,,,,
Patient_1199,CTI (PS),449259.44780071225,complete,ctiBeds,0.0,,,,
Patient_1199,CTI prepara Encaminhamento,449259.44780071225,start,,0.0,,,,
Patient_1199,CTI prepara Encaminhamento,449307.370535094,complete,,0.0,,,,
Patient_1199,Encaminha_Transferencia Externa,449307.370535094,complete,,,Transferencia Externa,449307.370535094,,
Patient_1199,Discharge,449307.370535094,complete,,,,,,2058.344976123364
Patient_12,Arrival,3896.120702367698,complete,,0.0,,,,
Patient_12,Origem_da Clinica Medica,3896.120702367698,complete,,,da Clinica Medica,3896.120702367698,,
Patient_12,CTI (CLIM),3896.120702367698,start,ctiBeds,0.0,,,,
Patient_12,CTI (CLIM),24390.878347479942,complete,ctiBeds,0.0,,,,
Patient_12,CTI prepara Encaminhamento,24390.878347479942,start,,0.0,,,,
Patient_12,CTI prepara Encaminhamento,24449.761811436307,complete,,0.0,,,,
Patient_12,Encaminha_Obito,24449.761811436307,complete,,,Obito,24449.761811436307,,
Patient_12,Discharge,24449.761811436307,complete,,,,,,20553.64110906861
Patient_120,Arrival,36712.70336540203,complete,,0.0,,,,
Patient_120,Origem_da Clinica Cirurgica,36712.70336540203,complete,,,da Clinica Cirurgica,36712.70336540203,,
Patient_120,CTI (CLIC),36788.08812885275,start,ctiBeds,0.0,,,,
Patient_120,CTI (CLIC),48166.68083914665,complete,ctiBeds,0.0,,,,
Patient_120,CTI prepara Encaminhamento,48166.68083914665,start,,0.0,,,,
Patient_120,CTI prepara Encaminhamento,48214.723968650804,complete,,0.0,,,,
Patient_120,Encaminha_Obito,48214.723968650804,complete,,,Obito,48214.723968650804,,
Patient_120,Discharge,48214.723968650804,complete,,,,,,11502.020603248777
Patient_1200,Arrival,447628.13412115833,complete,,0.0,,,,
Patient_1200,Origem_do Centro Cirurgico,447628.13412115833,complete,,,do Centro Cirurgico,447628.13412115833,,
Patient_1200,CTI (CC),447628.13412115833,start,ctiBeds,0.0,,,,
Patient_1200,CTI (CC),458716.14914382994,complete,ctiBeds,0.0,,,,
Patient_1200,CTI prepara Encaminhamento,458716.14914382994,start,,0.0,,,,
Patient_1200,CTI prepara Encaminhamento,458753.764233003,complete,,0.0,,,,
Patient_1200,Encaminha_para a Clinica Medica,458753.764233003,complete,,,para a Clinica Medica,458753.764233003,,
Patient_1200,Discharge,458753.764233003,complete,,,,,,11125.630111844686
Patient_1201,Arrival,448369.63910439616,complete,,0.0,,,,
Patient_1201,Origem_do Centro Cirurgico,448369.63910439616,complete,,,do Centro Cirurgico,448369.63910439616,,
Patient_1201,CTI (CC),448369.63910439616,start,ctiBeds,0.0,,,,
Patient_1201,CTI (CC),450600.47636463755,complete,ctiBeds,0.0,,,,
Patient_1201,CTI prepara Encaminhamento,450600.47636463755,start,,0.0,,,,
Patient_1201,CTI prepara Encaminhamento,450631.0721964828,complete,,0.0,,,,
Patient_1201,Encaminha_para a Clinica Medica,450631.0721964828,complete,,,para a Clinica Medica,450631.0721964828,,
Patient_1201,Discharge,450631.0721964828,complete,,,,,,2261.433092086634
Patient_1202,Arrival,448739.97454209725,complete,,0.0,,,,
Patient_1202,Origem_do Centro Cirurgico,448739.97454209725,complete,,,do Centro Cirurgico,448739.97454209725,,
Patient_1202,CTI (CC),448739.97454209725,start,ctiBeds,0.0,,,,
Patient_1202,CTI (CC),449042.08430244785,complete,ctiBeds,0.0,,,,
Patient_1202,CTI prepara Encaminhamento,449042.08430244785,start,,0.0,,,,
Patient_1202,CTI prepara Encaminhamento,449084.08706339396,complete,,0.0,,,,
Patient_1202,Encaminha_para a Clinica Cirurgica,449084.08706339396,complete,,,para a Clinica Cirurgica,449084.08706339396,,
Patient_1202,Discharge,449084.08706339396,complete,,,,,,344.1125212967163
Patient_1203,Arrival,450015.8971157008,complete,,0.0,,,,
Patient_1203,Origem_do Centro Cirurgico,450015.8971157008,complete,,,do Centro Cirurgico,450015.8971157008,,
Patient_1203,CTI (CC),450015.8971157008,start,ctiBeds,0.0,,,,
Patient_1203,CTI (CC),453823.7608532388,complete,ctiBeds,0.0,,,,
Patient_1203,CTI prepara Encaminhamento,453823.7608532388,start,,0.0,,,,
Patient_1203,CTI prepara Encaminhamento,453882.525506687,complete,,0.0,,,,
Patient_1203,Encaminha_para a Clinica Medica,453882.525506687,complete,,,para a Clinica Medica,453882.525506687,,
Patient_1203,Discharge,453882.525506687,complete,,,,,,3866.6283909861813
Patient_1204,Arrival,450094.14021331863,complete,,0.0,,,,
Patient_1204,Origem_da Clinica Medica,450094.14021331863,complete,,,da Clinica Medica,450094.14021331863,,
Patient_1204,CTI (CLIM),450094.14021331863,start,ctiBeds,0.0,,,,
Patient_1204,CTI (CLIM),452967.0169501466,complete,ctiBeds,0.0,,,,
Patient_1204,CTI prepara Encaminhamento,452967.0169501466,start,,0.0,,,,
Patient_1204,CTI prepara Encaminhamento,453019.68194840674,complete,,0.0,,,,
Patient_1204,Encaminha_para a Clinica Cirurgica,453019.68194840674,complete,,,para a Clinica Cirurgica,453019.68194840674,,
Patient_1204,Discharge,453019.68194840674,complete,,,,,,2925.5417350881035
Patient_1205,Arrival,450221.51249994984,complete,,0.0,,,,
Patient_1205,Origem_da Clinica Cirurgica,450221.51249994984,complete,,,da Clinica Cirurgica,450221.51249994984,,
Patient_1205,CTI (CLIC),450221.51249994984,start,ctiBeds,0.0,,,,
Patient_1205,CTI (CLIC),450247.44274630316,complete,ctiBeds,0.0,,,,
Patient_1205,CTI prepara Encaminhamento,450247.44274630316,start,,0.0,,,,
Patient_1205,CTI prepara Encaminhamento,450284.4489277214,complete,,0.0,,,,
Patient_1205,Encaminha_para a Clinica Cirurgica,450284.4489277214,complete,,,para a Clinica Cirurgica,450284.4489277214,,
Patient_1205,Discharge,450284.4489277214,complete,,,,,,62.936427771579474
Patient_1206,Arrival,450244.1818096476,complete,,0.0,,,,
Patient_1206,Origem_do Centro Cirurgico,450244.1818096476,complete,,,do Centro Cirurgico,450244.1818096476,,
Patient_1206,CTI (CC),450244.1818096476,start,ctiBeds,0.0,,,,
Patient_1206,CTI (CC),450954.6435201047,complete,ctiBeds,0.0,,,,
Patient_1206,CTI prepara Encaminhamento,450954.6435201047,start,,0.0,,,,
Patient_1206,CTI prepara Encaminhamento,451012.8619021033,complete,,0.0,,,,
Patient_1206,Encaminha_para a Clinica Cirurgica,451012.8619021033,complete,,,para a Clinica Cirurgica,451012.8619021033,,
Patient_1206,Discharge,451012.8619021033,complete,,,,,,768.6800924557028
Patient_1207,Arrival,450435.0786964923,complete,,0.0,,,,
Patient_1207,Origem_do Centro Cirurgico,450435.0786964923,complete,,,do Centro Cirurgico,450435.0786964923,,
Patient_1207,CTI (CC),450435.0786964923,start,ctiBeds,0.0,,,,
Patient_1207,CTI (CC),450858.1596990264,complete,ctiBeds,0.0,,,,
Patient_1207,CTI prepara Encaminhamento,450858.1596990264,start,,0.0,,,,
Patient_1207,CTI prepara Encaminhamento,450912.6693451284,complete,,0.0,,,,
Patient_1207,Encaminha_Transferencia Externa,450912.6693451284,complete,,,Transferencia Externa,450912.6693451284,,
Patient_1207,Discharge,450912.6693451284,complete,,,,,,477.59064863610547
Patient_1208,Arrival,450926.4484072168,complete,,0.0,,,,
Patient_1208,Origem_do Centro Cirurgico,450926.4484072168,complete,,,do Centro Cirurgico,450926.4484072168,,
Patient_1208,CTI (CC),450926.4484072168,start,ctiBeds,0.0,,,,
Patient_1208,CTI (CC),454153.2572299217,complete,ctiBeds,0.0,,,,
Patient_1208,CTI prepara Encaminhamento,454153.2572299217,start,,0.0,,,,
Patient_1208,CTI prepara Encaminhamento,454195.54586560733,complete,,0.0,,,,
Patient_1208,Encaminha_para a Clinica Cirurgica,454195.54586560733,complete,,,para a Clinica Cirurgica,454195.54586560733,,
Patient_1208,Discharge,454195.54586560733,complete,,,,,,3269.097458390519
Patient_1209,Arrival,451058.3306322125,complete,,0.0,,,,
Patient_1209,Origem_da Clinica Medica,451058.3306322125,complete,,,da Clinica Medica,451058.3306322125,,
Patient_1209,CTI (CLIM),451058.3306322125,start,ctiBeds,0.0,,,,
Patient_1209,CTI (CLIM),455362.0311199686,complete,ctiBeds,0.0,,,,
Patient_1209,CTI prepara Encaminhamento,455362.0311199686,start,,0.0,,,,
Patient_1209,CTI prepara Encaminhamento,455405.26521692326,complete,,0.0,,,,
Patient_1209,Encaminha_Obito,455405.26521692326,complete,,,Obito,455405.26521692326,,
Patient_1209,Discharge,455405.26521692326,complete,,,,,,4346.934584710747
Patient_121,Arrival,36782.369024044114,complete,,0.0,,,,
Patient_121,Origem_do Pronto Socorro,36782.369024044114,complete,,,do Pronto Socorro,36782.369024044114,,
Patient_121,CTI (PS),37031.01069467611,start,ctiBeds,0.0,,,,
Patient_121,CTI (PS),39223.87076248456,complete,ctiBeds,0.0,,,,
Patient_121,CTI prepara Encaminhamento,39223.87076248456,start,,0.0,,,,
Patient_121,CTI prepara Encaminhamento,39282.73074439441,complete,,0.0,,,,
Patient_121,Encaminha_para a Clinica Medica,39282.73074439441,complete,,,para a Clinica Medica,39282.73074439441,,
Patient_121,Discharge,39282.73074439441,complete,,,,,,2500.3617203502945
Patient_1210,Arrival,451140.0816888645,complete,,0.0,,,,
Patient_1210,Origem_do Pronto Socorro,451140.0816888645,complete,,,do Pronto Socorro,451140.0816888645,,
Patient_1210,CTI (PS),451140.0816888645,start,ctiBeds,0.0,,,,
Patient_1210,CTI (PS),491702.7513314902,complete,ctiBeds,0.0,,,,
Patient_1210,CTI prepara Encaminhamento,491702.7513314902,start,,0.0,,,,
Patient_1210,CTI prepara Encaminhamento,491749.4561496141,complete,,0.0,,,,
Patient_1210,Encaminha_para a Clinica Cirurgica,491749.4561496141,complete,,,para a Clinica Cirurgica,491749.4561496141,,
Patient_1210,Discharge,491749.4561496141,complete,,,,,,40609.37446074962
Patient_1211,Arrival,451275.0242136826,complete,,0.0,,,,
Patient_1211,Origem_do Pronto Socorro,451275.0242136826,complete,,,do Pronto Socorro,451275.0242136826,,
Patient_1211,CTI (PS),451275.0242136826,start,ctiBeds,0.0,,,,
Patient_1211,CTI (PS),456928.2250590884,complete,ctiBeds,0.0,,,,
Patient_1211,CTI prepara Encaminhamento,456928.2250590884,start,,0.0,,,,
Patient_1211,CTI prepara Encaminhamento,456988.11271182634,complete,,0.0,,,,
Patient_1211,Encaminha_para a Clinica Cirurgica,456988.11271182634,complete,,,para a Clinica Cirurgica,456988.11271182634,,
Patient_1211,Discharge,456988.11271182634,complete,,,,,,5713.088498143712
Patient_1212,Arrival,451390.4753385376,complete,,0.0,,,,
Patient_1212,Origem_do Pronto Socorro,451390.4753385376,complete,,,do Pronto Socorro,451390.4753385376,,
Patient_1212,CTI (PS),451390.4753385376,start,ctiBeds,0.0,,,,
Patient_1212,CTI (PS),468899.92344960175,complete,ctiBeds,0.0,,,,
Patient_1212,CTI prepara Encaminhamento,468899.92344960175,start,,0.0,,,,
Patient_1212,CTI prepara Encaminhamento,468958.72523751896,complete,,0.0,,,,
Patient_1212,Encaminha_para a Clinica Cirurgica,468958.72523751896,complete,,,para a Clinica Cirurgica,468958.72523751896,,
Patient_1212,Discharge,468958.72523751896,complete,,,,,,17568.24989898136
Patient_1213,Arrival,452077.9433059497,complete,,0.0,,,,
Patient_1213,Origem_do Pronto Socorro,452077.9433059497,complete,,,do Pronto Socorro,452077.9433059497,,
Patient_1213,CTI (PS),452077.9433059497,start,ctiBeds,0.0,,,,
Patient_1213,CTI (PS),454964.765302711,complete,ctiBeds,0.0,,,,
Patient_1213,CTI prepara Encaminhamento,454964.765302711,start,,0.0,,,,
Patient_1213,CTI prepara Encaminhamento,455017.7381238067,complete,,0.0,,,,
Patient_1213,Encaminha_para a Clinica Medica,455017.7381238067,complete,,,para a Clinica Medica,455017.7381238067,,
Patient_1213,Discharge,455017.7381238067,complete,,,,,,2939.794817857037
Patient_1214,Arrival,452276.3115181183,complete,,0.0,,,,
Patient_1214,Origem_do Pronto Socorro,452276.3115181183,complete,,,do Pronto Socorro,452276.3115181183,,
Patient_1214,CTI (PS),452276.3115181183,start,ctiBeds,0.0,,,,
Patient_1214,CTI (PS),487256.31035107723,complete,ctiBeds,0.0,,,,
Patient_1214,CTI prepara Encaminhamento,487256.31035107723,start,,0.0,,,,
Patient_1214,CTI prepara Encaminhamento,487308.72603493975,complete,,0.0,,,,
Patient_1214,Encaminha_para a Clinica Medica,487308.72603493975,complete,,,para a Clinica Medica,487308.72603493975,,
Patient_1214,Discharge,487308.72603493975,complete,,,,,,35032.414516821445
Patient_1215,Arrival,452396.69462378114,complete,,0.0,,,,
Patient_1215,Origem_da Clinica Cirurgica,452396.69462378114,complete,,,da Clinica Cirurgica,452396.69462378114,,
Patient_1215,CTI (CLIC),452396.69462378114,start,ctiBeds,0.0,,,,
Patient_1215,CTI (CLIC),457132.61473574967,complete,ctiBeds,0.0,,,,
Patient_1215,CTI prepara Encaminhamento,457132.61473574967,start,,0.0,,,,
Patient_1215,CTI prepara Encaminhamento,457172.77836259763,complete,,0.0,,,,
Patient_1215,Encaminha_para a Clinica Cirurgica,457172.77836259763,complete,,,para a Clinica Cirurgica,457172.77836259763,,
Patient_1215,Discharge,457172.77836259763,complete,,,,,,4776.083738816495
Patient_1216,Arrival,452480.6093747191,complete,,0.0,,,,
Patient_1216,Origem_do Pronto Socorro,452480.6093747191,complete,,,do Pronto Socorro,452480.6093747191,,
Patient_1216,CTI (PS),452480.6093747191,start,ctiBeds,0.0,,,,
Patient_1216,CTI (PS),455969.3866779189,complete,ctiBeds,0.0,,,,
Patient_1216,CTI prepara Encaminhamento,455969.3866779189,start,,0.0,,,,
Patient_1216,CTI prepara Encaminhamento,456019.3469254329,complete,,0.0,,,,
Patient_1216,Encaminha_para a Clinica Cirurgica,456019.3469254329,complete,,,para a Clinica Cirurgica,456019.3469254329,,
Patient_1216,Discharge,456019.3469254329,complete,,,,,,3538.7375507138204
Patient_1217,Arrival,452532.6419952446,complete,,0.0,,,,
Patient_1217,Origem_do Centro Cirurgico,452532.6419952446,complete,,,do Centro Cirurgico,452532.6419952446,,
Patient_1217,CTI (CC),452532.6419952446,start,ctiBeds,0.0,,,,
Patient_1217,CTI (CC),452994.9916305912,complete,ctiBeds,0.0,,,,
Patient_1217,CTI prepara Encaminhamento,452994.9916305912,start,,0.0,,,,
Patient_1217,CTI prepara Encaminhamento,453052.0079715019,complete,,0.0,,,,
Patient_1217,Encaminha_para a Clinica Cirurgica,453052.0079715019,complete,,,para a Clinica Cirurgica,453052.0079715019,,
Patient_1217,Discharge,453052.0079715019,complete,,,,,,519.3659762573079
Patient_1218,Arrival,452954.29392303654,complete,,0.0,,,,
Patient_1218,Origem_do Centro Cirurgico,452954.29392303654,complete,,,do Centro Cirurgico,452954.29392303654,,
Patient_1218,CTI (CC),452954.29392303654,start,ctiBeds,0.0,,,,
Patient_1218,CTI (CC),475222.1081996802,complete,ctiBeds,0.0,,,,
Patient_1218,CTI prepara Encaminhamento,475222.1081996802,start,,0.0,,,,
Patient_1218,CTI prepara Encaminhamento,475261.59629666427,complete,,0.0,,,,
Patient_1218,Encaminha_para a Clinica Cirurgica,475261.59629666427,complete,,,para a Clinica Cirurgica,475261.59629666427,,
Patient_1218,Discharge,475261.59629666427,complete,,,,,,22307.302373627725
Patient_1219,Arrival,453248.0301627263,complete,,0.0,,,,
Patient_1219,Origem_do Pronto Socorro,453248.0301627263,complete,,,do Pronto Socorro,453248.0301627263,,
Patient_1219,CTI (PS),453248.0301627263,start,ctiBeds,0.0,,,,
Patient_1219,CTI (PS),458309.9305632678,complete,ctiBeds,0.0,,,,
Patient_1219,CTI prepara Encaminhamento,458309.9305632678,start,,0.0,,,,
Patient_1219,CTI prepara Encaminhamento,458353.7979708693,complete,,0.0,,,,
Patient_1219,Encaminha_para a Clinica Cirurgica,458353.7979708693,complete,,,para a Clinica Cirurgica,458353.7979708693,,
Patient_1219,Discharge,458353.7979708693,complete,,,,,,5105.767808142991
Patient_122,Arrival,37037.16442092512,complete,,0.0,,,,
Patient_122,Origem_do Centro Cirurgico,37037.16442092512,complete,,,do Centro Cirurgico,37037.16442092512,,
Patient_122,CTI (CC),37306.00298531969,start,ctiBeds,0.0,,,,
Patient_122,CTI (CC),42575.32427522994,complete,ctiBeds,0.0,,,,
Patient_122,CTI prepara Encaminhamento,42575.32427522994,start,,0.0,,,,
Patient_122,CTI prepara Encaminhamento,42606.89512503808,complete,,0.0,,,,
Patient_122,Encaminha_para a Clinica Medica,42606.89512503808,complete,,,para a Clinica Medica,42606.89512503808,,
Patient_122,Discharge,42606.89512503808,complete,,,,,,5569.730704112961
Patient_1220,Arrival,453293.87447640946,complete,,0.0,,,,
Patient_1220,Origem_do Pronto Socorro,453293.87447640946,complete,,,do Pronto Socorro,453293.87447640946,,
Patient_1220,CTI (PS),453293.87447640946,start,ctiBeds,0.0,,,,
Patient_1220,CTI (PS),479796.46764233994,complete,ctiBeds,0.0,,,,
Patient_1220,CTI prepara Encaminhamento,479796.46764233994,start,,0.0,,,,
Patient_1220,CTI prepara Encaminhamento,479838.0206460146,complete,,0.0,,,,
Patient_1220,Encaminha_para a Clinica Medica,479838.0206460146,complete,,,para a Clinica Medica,479838.0206460146,,
Patient_1220,Discharge,479838.0206460146,complete,,,,,,26544.14616960514
Patient_1221,Arrival,453520.49404852215,complete,,0.0,,,,
Patient_1221,Origem_do Centro Cirurgico,453520.49404852215,complete,,,do Centro Cirurgico,453520.49404852215,,
Patient_1221,CTI (CC),453520.49404852215,start,ctiBeds,0.0,,,,
Patient_1221,CTI (CC),458994.87702887726,complete,ctiBeds,0.0,,,,
Patient_1221,CTI prepara Encaminhamento,458994.87702887726,start,,0.0,,,,
Patient_1221,CTI prepara Encaminhamento,459030.10169128585,complete,,0.0,,,,
Patient_1221,Encaminha_para a Clinica Cirurgica,459030.10169128585,complete,,,para a Clinica Cirurgica,459030.10169128585,,
Patient_1221,Discharge,459030.10169128585,complete,,,,,,5509.607642763702
Patient_1222,Arrival,453605.371986751,complete,,0.0,,,,
Patient_1222,Origem_do Pronto Socorro,453605.371986751,complete,,,do Pronto Socorro,453605.371986751,,
Patient_1222,CTI (PS),453605.371986751,start,ctiBeds,0.0,,,,
Patient_1222,CTI (PS),462879.51080730517,complete,ctiBeds,0.0,,,,
Patient_1222,CTI prepara Encaminhamento,462879.51080730517,start,,0.0,,,,
Patient_1222,CTI prepara Encaminhamento,462926.3376572173,complete,,0.0,,,,
Patient_1222,Encaminha_para a Clinica Cirurgica,462926.3376572173,complete,,,para a Clinica Cirurgica,462926.3376572173,,
Patient_1222,Discharge,462926.3376572173,complete,,,,,,9320.965670466307
Patient_1223,Arrival,454890.56440653483,complete,,0.0,,,,
Patient_1223,Origem_do Pronto Socorro,454890.56440653483,complete,,,do Pronto Socorro,454890.56440653483,,
Patient_1223,CTI (PS),454890.56440653483,start,ctiBeds,0.0,,,,
Patient_1223,CTI (PS),466216.0869271443,complete,ctiBeds,0.0,,,,
Patient_1223,CTI prepara Encaminhamento,466216.0869271443,start,,0.0,,,,
Patient_1223,CTI prepara Encaminhamento,466254.7106778639,complete,,0.0,,,,
Patient_1223,Encaminha_Obito,466254.7106778639,complete,,,Obito,466254.7106778639,,
Patient_1223,Discharge,466254.7106778639,complete,,,,,,11364.146271329082
Patient_1224,Arrival,456218.5955764303,complete,,0.0,,,,
Patient_1224,Origem_do Centro Cirurgico,456218.5955764303,complete,,,do Centro Cirurgico,456218.5955764303,,
Patient_1224,CTI (CC),456218.5955764303,start,ctiBeds,0.0,,,,
Patient_1224,CTI (CC),468238.8483841206,complete,ctiBeds,0.0,,,,
Patient_1224,CTI prepara Encaminhamento,468238.8483841206,start,,0.0,,,,
Patient_1224,CTI prepara Encaminhamento,468280.40996337595,complete,,0.0,,,,
Patient_1224,Encaminha_Obito,468280.40996337595,complete,,,Obito,468280.40996337595,,
Patient_1224,Discharge,468280.40996337595,complete,,,,,,12061.814386945625
Patient_1225,Arrival,456480.1475938879,complete,,0.0,,,,
Patient_1225,Origem_do Pronto Socorro,456480.1475938879,complete,,,do Pronto Socorro,456480.1475938879,,
Patient_1225,CTI (PS),456480.1475938879,start,ctiBeds,0.0,,,,
Patient_1225,CTI (PS),467888.6823825822,complete,ctiBeds,0.0,,,,
Patient_1225,CTI prepara Encaminhamento,467888.6823825822,start,,0.0,,,,
Patient_1225,CTI prepara Encaminhamento,467934.03128254274,complete,,0.0,,,,
Patient_1225,Encaminha_para a Clinica Medica,467934.03128254274,complete,,,para a Clinica Medica,467934.03128254274,,
Patient_1225,Discharge,467934.03128254274,complete,,,,,,11453.883688654867
Patient_1226,Arrival,456491.169371882,complete,,0.0,,,,
Patient_1226,Origem_do Centro Cirurgico,456491.169371882,complete,,,do Centro Cirurgico,456491.169371882,,
Patient_1226,CTI (CC),456491.169371882,start,ctiBeds,0.0,,,,
Patient_1226,CTI (CC),505080.4685198862,complete,ctiBeds,0.0,,,,
Patient_1226,CTI prepara Encaminhamento,505080.4685198862,start,,0.0,,,,
Patient_1226,CTI prepara Encaminhamento,505135.4840551009,complete,,0.0,,,,
Patient_1226,Encaminha_Obito,505135.4840551009,complete,,,Obito,505135.4840551009,,
Patient_1226,Discharge,505135.4840551009,complete,,,,,,48644.314683218894
Patient_1227,Arrival,456693.6100819449,complete,,0.0,,,,
Patient_1227,Origem_do Centro Cirurgico,456693.6100819449,complete,,,do Centro Cirurgico,456693.6100819449,,
Patient_1227,CTI (CC),456693.6100819449,start,ctiBeds,0.0,,,,
Patient_1227,CTI (CC),457661.1323298369,complete,ctiBeds,0.0,,,,
Patient_1227,CTI prepara Encaminhamento,457661.1323298369,start,,0.0,,,,
Patient_1227,CTI prepara Encaminhamento,457719.88467684365,complete,,0.0,,,,
Patient_1227,Encaminha_para a Clinica Cirurgica,457719.88467684365,complete,,,para a Clinica Cirurgica,457719.88467684365,,
Patient_1227,Discharge,457719.88467684365,complete,,,,,,1026.274594898743
Patient_1228,Arrival,456750.4782380387,complete,,0.0,,,,
Patient_1228,Origem_do Centro Cirurgico,456750.4782380387,complete,,,do Centro Cirurgico,456750.4782380387,,
Patient_1228,CTI (CC),456750.4782380387,start,ctiBeds,0.0,,,,
Patient_1228,CTI (CC),472261.27334270254,complete,ctiBeds,0.0,,,,
Patient_1228,CTI prepara Encaminhamento,472261.27334270254,start,,0.0,,,,
Patient_1228,CTI prepara Encaminhamento,472295.6019601852,complete,,0.0,,,,
Patient_1228,Encaminha_para a Clinica Cirurgica,472295.6019601852,complete,,,para a Clinica Cirurgica,472295.6019601852,,
Patient_1228,Discharge,472295.6019601852,complete,,,,,,15545.123722146498
Patient_1229,Arrival,457286.3307542131,complete,,0.0,,,,
Patient_1229,Origem_do Centro Cirurgico,457286.3307542131,complete,,,do Centro Cirurgico,457286.3307542131,,
Patient_1229,CTI (CC),457286.3307542131,start,ctiBeds,0.0,,,,
Patient_1229,CTI (CC),459292.79867442325,complete,ctiBeds,0.0,,,,
Patient_1229,CTI prepara Encaminhamento,459292.79867442325,start,,0.0,,,,
Patient_1229,CTI prepara Encaminhamento,459350.33864512836,complete,,0.0,,,,
Patient_1229,Encaminha_para a Clinica Medica,459350.33864512836,complete,,,para a Clinica Medica,459350.33864512836,,
Patient_1229,Discharge,459350.33864512836,complete,,,,,,2064.0078909152653
Patient_123,Arrival,37139.47915309976,complete,,0.0,,,,
Patient_123,Origem_do Centro Cirurgico,37139.47915309976,complete,,,do Centro Cirurgico,37139.47915309976,,
Patient_123,CTI (CC),38271.816908181754,start,ctiBeds,0.0,,,,
Patient_123,CTI (CC),47702.76315878897,complete,ctiBeds,0.0,,,,
Patient_123,CTI prepara Encaminhamento,47702.76315878897,start,,0.0,,,,
Patient_123,CTI prepara Encaminhamento,47744.82878701975,complete,,0.0,,,,
Patient_123,Encaminha_Obito,47744.82878701975,complete,,,Obito,47744.82878701975,,
Patient_123,Discharge,47744.82878701975,complete,,,,,,10605.349633919992
Patient_1230,Arrival,457354.77270136157,complete,,0.0,,,,
Patient_1230,Origem_do Centro Cirurgico,457354.77270136157,complete,,,do Centro Cirurgico,457354.77270136157,,
Patient_1230,CTI (CC),457354.77270136157,start,ctiBeds,0.0,,,,
Patient_1230,CTI (CC),459907.3581095582,complete,ctiBeds,0.0,,,,
Patient_1230,CTI prepara Encaminhamento,459907.3581095582,start,,0.0,,,,
Patient_1230,CTI prepara Encaminhamento,459966.72030318546,complete,,0.0,,,,
Patient_1230,Encaminha_para a Clinica Medica,459966.72030318546,complete,,,para a Clinica Medica,459966.72030318546,,
Patient_1230,Discharge,459966.72030318546,complete,,,,,,2611.947601823893
Patient_1231,Arrival,457634.5617230924,complete,,0.0,,,,
Patient_1231,Origem_do Centro Cirurgico,457634.5617230924,complete,,,do Centro Cirurgico,457634.5617230924,,
Patient_1231,CTI (CC),457634.5617230924,start,ctiBeds,0.0,,,,
Patient_1231,CTI (CC),461118.66116698546,complete,ctiBeds,0.0,,,,
Patient_1231,CTI prepara Encaminhamento,461118.66116698546,start,,0.0,,,,
Patient_1231,CTI prepara Encaminhamento,461166.5630880976,complete,,0.0,,,,
Patient_1231,Encaminha_Obito,461166.5630880976,complete,,,Obito,461166.5630880976,,
Patient_1231,Discharge,461166.5630880976,complete,,,,,,3532.0013650052133
Patient_1232,Arrival,457743.27856437967,complete,,0.0,,,,
Patient_1232,Origem_do Pronto Socorro,457743.27856437967,complete,,,do Pronto Socorro,457743.27856437967,,
Patient_1232,CTI (PS),457743.27856437967,start,ctiBeds,0.0,,,,
Patient_1232,CTI (PS),477094.48703123024,complete,ctiBeds,0.0,,,,
Patient_1232,CTI prepara Encaminhamento,477094.48703123024,start,,0.0,,,,
Patient_1232,CTI prepara Encaminhamento,477124.7472118513,complete,,0.0,,,,
Patient_1232,Encaminha_Obito,477124.7472118513,complete,,,Obito,477124.7472118513,,
Patient_1232,Discharge,477124.7472118513,complete,,,,,,19381.46864747163
Patient_1233,Arrival,457897.90003946924,complete,,0.0,,,,
Patient_1233,Origem_do Pronto Socorro,457897.90003946924,complete,,,do Pronto Socorro,457897.90003946924,,
Patient_1233,CTI (PS),457897.90003946924,start,ctiBeds,0.0,,,,
Patient_1233,CTI (PS),478065.0213116247,complete,ctiBeds,0.0,,,,
Patient_1233,CTI prepara Encaminhamento,478065.0213116247,start,,0.0,,,,
Patient_1233,CTI prepara Encaminhamento,478104.14621101896,complete,,0.0,,,,
Patient_1233,Encaminha_para a Clinica Cirurgica,478104.14621101896,complete,,,para a Clinica Cirurgica,478104.14621101896,,
Patient_1233,Discharge,478104.14621101896,complete,,,,,,20206.24617154972
Patient_1234,Arrival,459713.27333004755,complete,,0.0,,,,
Patient_1234,Origem_do Centro Cirurgico,459713.27333004755,complete,,,do Centro Cirurgico,459713.27333004755,,
Patient_1234,CTI (CC),459713.27333004755,start,ctiBeds,0.0,,,,
Patient_1234,CTI (CC),460108.1658370281,complete,ctiBeds,0.0,,,,
Patient_1234,CTI prepara Encaminhamento,460108.1658370281,start,,0.0,,,,
Patient_1234,CTI prepara Encaminhamento,460140.819380336,complete,,0.0,,,,
Patient_1234,Encaminha_Obito,460140.819380336,complete,,,Obito,460140.819380336,,
Patient_1234,Discharge,460140.819380336,complete,,,,,,427.54605028842343
Patient_1235,Arrival,459893.789137147,complete,,0.0,,,,
Patient_1235,Origem_da Clinica Medica,459893.789137147,complete,,,da Clinica Medica,459893.789137147,,
Patient_1235,CTI (CLIM),459893.789137147,start,ctiBeds,0.0,,,,
Patient_1235,CTI (CLIM),487037.10806869273,complete,ctiBeds,0.0,,,,
Patient_1235,CTI prepara Encaminhamento,487037.10806869273,start,,0.0,,,,
Patient_1235,CTI prepara Encaminhamento,487077.3766390256,complete,,0.0,,,,
Patient_1235,Encaminha_Obito,487077.3766390256,complete,,,Obito,487077.3766390256,,
Patient_1235,Discharge,487077.3766390256,complete,,,,,,27183.58750187856
Patient_1236,Arrival,460381.2096827845,complete,,0.0,,,,
Patient_1236,Origem_do Pronto Socorro,460381.2096827845,complete,,,do Pronto Socorro,460381.2096827845,,
Patient_1236,CTI (PS),460381.2096827845,start,ctiBeds,0.0,,,,
Patient_1236,CTI (PS),467337.27074906067,complete,ctiBeds,0.0,,,,
Patient_1236,CTI prepara Encaminhamento,467337.27074906067,start,,0.0,,,,
Patient_1236,CTI prepara Encaminhamento,467381.597377854,complete,,0.0,,,,
Patient_1236,Encaminha_Obito,467381.597377854,complete,,,Obito,467381.597377854,,
Patient_1236,Discharge,467381.597377854,complete,,,,,,7000.387695069483
Patient_1237,Arrival,460529.55312533665,complete,,0.0,,,,
Patient_1237,Origem_do Pronto Socorro,460529.55312533665,complete,,,do Pronto Socorro,460529.55312533665,,
Patient_1237,CTI (PS),460529.55312533665,start,ctiBeds,0.0,,,,
Patient_1237,CTI (PS),499816.697578982,complete,ctiBeds,0.0,,,,
Patient_1237,CTI prepara Encaminhamento,499816.697578982,start,,0.0,,,,
Patient_1237,CTI prepara Encaminhamento,499854.87439830904,complete,,0.0,,,,
Patient_1237,Encaminha_para a Clinica Medica,499854.87439830904,complete,,,para a Clinica Medica,499854.87439830904,,
Patient_1237,Discharge,499854.87439830904,complete,,,,,,39325.32127297239
Patient_1238,Arrival,460620.84181689,complete,,0.0,,,,
Patient_1238,Origem_da Clinica Medica,460620.84181689,complete,,,da Clinica Medica,460620.84181689,,
Patient_1238,CTI (CLIM),460620.84181689,start,ctiBeds,0.0,,,,
Patient_1238,CTI (CLIM),465793.812217065,complete,ctiBeds,0.0,,,,
Patient_1238,CTI prepara Encaminhamento,465793.812217065,start,,0.0,,,,
Patient_1238,CTI prepara Encaminhamento,465833.10493110755,complete,,0.0,,,,
Patient_1238,Encaminha_Transferencia Externa,465833.10493110755,complete,,,Transferencia Externa,465833.10493110755,,
Patient_1238,Discharge,465833.10493110755,complete,,,,,,5212.263114217552
Patient_1239,Arrival,461510.3885335427,complete,,0.0,,,,
Patient_1239,Origem_do Pronto Socorro,461510.3885335427,complete,,,do Pronto Socorro,461510.3885335427,,
Patient_1239,CTI (PS),461510.3885335427,start,ctiBeds,0.0,,,,
Patient_1239,CTI (PS),498933.3579660357,complete,ctiBeds,0.0,,,,
Patient_1239,CTI prepara Encaminhamento,498933.3579660357,start,,0.0,,,,
Patient_1239,CTI prepara Encaminhamento,498991.20638305496,complete,,0.0,,,,
Patient_1239,Encaminha_para a Clinica Medica,498991.20638305496,complete,,,para a Clinica Medica,498991.20638305496,,
Patient_1239,Discharge,498991.20638305496,complete,,,,,,37480.81784951227
Patient_124,Arrival,37350.56559602167,complete,,0.0,,,,
Patient_124,Origem_do Centro Cirurgico,37350.56559602167,complete,,,do Centro Cirurgico,37350.56559602167,,
Patient_124,CTI (CC),38816.646797775815,start,ctiBeds,0.0,,,,
Patient_124,CTI (CC),46377.58638809792,complete,ctiBeds,0.0,,,,
Patient_124,CTI prepara Encaminhamento,46377.58638809792,start,,0.0,,,,
Patient_124,CTI prepara Encaminhamento,46435.15727470505,complete,,0.0,,,,
Patient_124,Encaminha_para a Clinica Cirurgica,46435.15727470505,complete,,,para a Clinica Cirurgica,46435.15727470505,,
Patient_124,Discharge,46435.15727470505,complete,,,,,,9084.591678683384
Patient_1240,Arrival,461834.8615476513,complete,,0.0,,,,
Patient_1240,Origem_do Centro Cirurgico,461834.8615476513,complete,,,do Centro Cirurgico,461834.8615476513,,
Patient_1240,CTI (CC),461834.8615476513,start,ctiBeds,0.0,,,,
Patient_1240,CTI (CC),463808.3670016769,complete,ctiBeds,0.0,,,,
Patient_1240,CTI prepara Encaminhamento,463808.3670016769,start,,0.0,,,,
Patient_1240,CTI prepara Encaminhamento,463842.5301836562,complete,,0.0,,,,
Patient_1240,Encaminha_Transferencia Externa,463842.5301836562,complete,,,Transferencia Externa,463842.5301836562,,
Patient_1240,Discharge,463842.5301836562,complete,,,,,,2007.6686360049061
Patient_1241,Arrival,462371.69174743467,complete,,0.0,,,,
Patient_1241,Origem_da Clinica Medica,462371.69174743467,complete,,,da Clinica Medica,462371.69174743467,,
Patient_1241,CTI (CLIM),462371.69174743467,start,ctiBeds,0.0,,,,
Patient_1241,CTI (CLIM),476858.16450498975,complete,ctiBeds,0.0,,,,
Patient_1241,CTI prepara Encaminhamento,476858.16450498975,start,,0.0,,,,
Patient_1241,CTI prepara Encaminhamento,476899.23734893464,complete,,0.0,,,,
Patient_1241,Encaminha_para a Clinica Medica,476899.23734893464,complete,,,para a Clinica Medica,476899.23734893464,,
Patient_1241,Discharge,476899.23734893464,complete,,,,,,14527.545601499965
Patient_1242,Arrival,462757.1353100059,complete,,0.0,,,,
Patient_1242,Origem_do Centro Cirurgico,462757.1353100059,complete,,,do Centro Cirurgico,462757.1353100059,,
Patient_1242,CTI (CC),462757.1353100059,start,ctiBeds,0.0,,,,
Patient_1242,CTI (CC),471002.61799560534,complete,ctiBeds,0.0,,,,
Patient_1242,CTI prepara Encaminhamento,471002.61799560534,start,,0.0,,,,
Patient_1242,CTI prepara Encaminhamento,471058.84654269106,complete,,0.0,,,,
Patient_1242,Encaminha_para a Clinica Cirurgica,471058.84654269106,complete,,,para a Clinica Cirurgica,471058.84654269106,,
Patient_1242,Discharge,471058.84654269106,complete,,,,,,8301.711232685135
Patient_1243,Arrival,462841.39399579534,complete,,0.0,,,,
Patient_1243,Origem_do Pronto Socorro,462841.39399579534,complete,,,do Pronto Socorro,462841.39399579534,,
Patient_1243,CTI (PS),462841.39399579534,start,ctiBeds,0.0,,,,
Patient_1243,CTI (PS),479129.64899628673,complete,ctiBeds,0.0,,,,
Patient_1243,CTI prepara Encaminhamento,479129.64899628673,start,,0.0,,,,
Patient_1243,CTI prepara Encaminhamento,479163.5621494415,complete,,0.0,,,,
Patient_1243,Encaminha_Obito,479163.5621494415,complete,,,Obito,479163.5621494415,,
Patient_1243,Discharge,479163.5621494415,complete,,,,,,16322.16815364617
Patient_1244,Arrival,463242.8113906498,complete,,0.0,,,,
Patient_1244,Origem_do Centro Cirurgico,463242.8113906498,complete,,,do Centro Cirurgico,463242.8113906498,,
Patient_1244,CTI (CC),463242.8113906498,start,ctiBeds,0.0,,,,
Patient_1244,CTI (CC),464699.1606853178,complete,ctiBeds,0.0,,,,
Patient_1244,CTI prepara Encaminhamento,464699.1606853178,start,,0.0,,,,
Patient_1244,CTI prepara Encaminhamento,464730.77536486025,complete,,0.0,,,,
Patient_1244,Encaminha_Obito,464730.77536486025,complete,,,Obito,464730.77536486025,,
Patient_1244,Discharge,464730.77536486025,complete,,,,,,1487.9639742104337
Patient_1245,Arrival,464298.57284505613,complete,,0.0,,,,
Patient_1245,Origem_do Pronto Socorro,464298.57284505613,complete,,,do Pronto Socorro,464298.57284505613,,
Patient_1245,CTI (PS),464298.57284505613,start,ctiBeds,0.0,,,,
Patient_1245,CTI (PS),466898.3482365864,complete,ctiBeds,0.0,,,,
Patient_1245,CTI prepara Encaminhamento,466898.3482365864,start,,0.0,,,,
Patient_1245,CTI prepara Encaminhamento,466940.37130529794,complete,,0.0,,,,
Patient_1245,Encaminha_para a Clinica Medica,466940.37130529794,complete,,,para a Clinica Medica,466940.37130529794,,
Patient_1245,Discharge,466940.37130529794,complete,,,,,,2641.7984602418146
Patient_1246,Arrival,464391.53551081655,complete,,0.0,,,,
Patient_1246,Origem_do Pronto Socorro,464391.53551081655,complete,,,do Pronto Socorro,464391.53551081655,,
Patient_1246,CTI (PS),464699.1606853178,start,ctiBeds,0.0,,,,
Patient_1246,CTI (PS),506661.4337390773,complete,ctiBeds,0.0,,,,
Patient_1246,CTI prepara Encaminhamento,506661.4337390773,start,,0.0,,,,
Patient_1246,CTI prepara Encaminhamento,506697.9444818524,complete,,0.0,,,,
Patient_1246,Encaminha_para a Clinica Cirurgica,506697.9444818524,complete,,,para a Clinica Cirurgica,506697.9444818524,,
Patient_1246,Discharge,506697.9444818524,complete,,,,,,42306.40897103585
Patient_1247,Arrival,464956.0102656684,complete,,0.0,,,,
Patient_1247,Origem_do Pronto Socorro,464956.0102656684,complete,,,do Pronto Socorro,464956.0102656684,,
Patient_1247,CTI (PS),465581.41498796386,start,ctiBeds,0.0,,,,
Patient_1247,CTI (PS),474747.7587955628,complete,ctiBeds,0.0,,,,
Patient_1247,CTI prepara Encaminhamento,474747.7587955628,start,,0.0,,,,
Patient_1247,CTI prepara Encaminhamento,474798.69500078564,complete,,0.0,,,,
Patient_1247,Encaminha_para a Clinica Medica,474798.69500078564,complete,,,para a Clinica Medica,474798.69500078564,,
Patient_1247,Discharge,474798.69500078564,complete,,,,,,9842.684735117247
Patient_1248,Arrival,464978.2714728372,complete,,0.0,,,,
Patient_1248,Origem_da Clinica Cirurgica,464978.2714728372,complete,,,da Clinica Cirurgica,464978.2714728372,,
Patient_1248,CTI (CLIC),465749.4658667898,start,ctiBeds,0.0,,,,
Patient_1248,CTI (CLIC),487239.979092226,complete,ctiBeds,0.0,,,,
Patient_1248,CTI prepara Encaminhamento,487239.979092226,start,,0.0,,,,
Patient_1248,CTI prepara Encaminhamento,487277.9057404582,complete,,0.0,,,,
Patient_1248,Encaminha_para a Clinica Cirurgica,487277.9057404582,complete,,,para a Clinica Cirurgica,487277.9057404582,,
Patient_1248,Discharge,487277.9057404582,complete,,,,,,22299.634267621033
Patient_1249,Arrival,464981.7850778513,complete,,0.0,,,,
Patient_1249,Origem_do Pronto Socorro,464981.7850778513,complete,,,do Pronto Socorro,464981.7850778513,,
Patient_1249,CTI (PS),465793.812217065,start,ctiBeds,0.0,,,,
Patient_1249,CTI (PS),468153.89753769996,complete,ctiBeds,0.0,,,,
Patient_1249,CTI prepara Encaminhamento,468153.89753769996,start,,0.0,,,,
Patient_1249,CTI prepara Encaminhamento,468191.1898322672,complete,,0.0,,,,
Patient_1249,Encaminha_para a Clinica Medica,468191.1898322672,complete,,,para a Clinica Medica,468191.1898322672,,
Patient_1249,Discharge,468191.1898322672,complete,,,,,,3209.404754415853
Patient_125,Arrival,37528.14659806502,complete,,0.0,,,,
Patient_125,Origem_do Centro Cirurgico,37528.14659806502,complete,,,do Centro Cirurgico,37528.14659806502,,
Patient_125,CTI (CC),39077.51113438566,start,ctiBeds,0.0,,,,
Patient_125,CTI (CC),61072.663244725,complete,ctiBeds,0.0,,,,
Patient_125,CTI prepara Encaminhamento,61072.663244725,start,,0.0,,,,
Patient_125,CTI prepara Encaminhamento,61119.053085201595,complete,,0.0,,,,
Patient_125,Encaminha_para a Clinica Medica,61119.053085201595,complete,,,para a Clinica Medica,61119.053085201595,,
Patient_125,Discharge,61119.053085201595,complete,,,,,,23590.906487136577
Patient_1250,Arrival,465512.2614922519,complete,,0.0,,,,
Patient_1250,Origem_do Centro Cirurgico,465512.2614922519,complete,,,do Centro Cirurgico,465512.2614922519,,
Patient_1250,CTI (CC),466216.0869271443,start,ctiBeds,0.0,,,,
Patient_1250,CTI (CC),469740.09367486904,complete,ctiBeds,0.0,,,,
Patient_1250,CTI prepara Encaminhamento,469740.09367486904,start,,0.0,,,,
Patient_1250,CTI prepara Encaminhamento,469785.0355452947,complete,,0.0,,,,
Patient_1250,Encaminha_para a Clinica Cirurgica,469785.0355452947,complete,,,para a Clinica Cirurgica,469785.0355452947,,
Patient_1250,Discharge,469785.0355452947,complete,,,,,,4272.774053042813
Patient_1251,Arrival,465995.2028912809,complete,,0.0,,,,
Patient_1251,Origem_do Centro Cirurgico,465995.2028912809,complete,,,do Centro Cirurgico,465995.2028912809,,
Patient_1251,CTI (CC),466898.3482365864,start,ctiBeds,0.0,,,,
Patient_1251,CTI (CC),470502.17279284477,complete,ctiBeds,0.0,,,,
Patient_1251,CTI prepara Encaminhamento,470502.17279284477,start,,0.0,,,,
Patient_1251,CTI prepara Encaminhamento,470543.8547061982,complete,,0.0,,,,
Patient_1251,Encaminha_para a Clinica Cirurgica,470543.8547061982,complete,,,para a Clinica Cirurgica,470543.8547061982,,
Patient_1251,Discharge,470543.8547061982,complete,,,,,,4548.651814917335
Patient_1252,Arrival,466239.49309681397,complete,,0.0,,,,
Patient_1252,Origem_da Clinica Cirurgica,466239.49309681397,complete,,,da Clinica Cirurgica,466239.49309681397,,
Patient_1252,CTI (CLIC),467079.89348943526,start,ctiBeds,0.0,,,,
Patient_1252,CTI (CLIC),470973.83703666244,complete,ctiBeds,0.0,,,,
Patient_1252,CTI prepara Encaminhamento,470973.83703666244,start,,0.0,,,,
Patient_1252,CTI prepara Encaminhamento,471007.4602645786,complete,,0.0,,,,
Patient_1252,Encaminha_para a Clinica Cirurgica,471007.4602645786,complete,,,para a Clinica Cirurgica,471007.4602645786,,
Patient_1252,Discharge,471007.4602645786,complete,,,,,,4767.967167764611
Patient_1253,Arrival,466242.06531350565,complete,,0.0,,,,
Patient_1253,Origem_do Pronto Socorro,466242.06531350565,complete,,,do Pronto Socorro,466242.06531350565,,
Patient_1253,CTI (PS),467165.7924906784,start,ctiBeds,0.0,,,,
Patient_1253,CTI (PS),479786.086181123,complete,ctiBeds,0.0,,,,
Patient_1253,CTI prepara Encaminhamento,479786.086181123,start,,0.0,,,,
Patient_1253,CTI prepara Encaminhamento,479842.2731880622,complete,,0.0,,,,
Patient_1253,Encaminha_para a Clinica Medica,479842.2731880622,complete,,,para a Clinica Medica,479842.2731880622,,
Patient_1253,Discharge,479842.2731880622,complete,,,,,,13600.207874556538
Patient_1254,Arrival,466308.5025420457,complete,,0.0,,,,
Patient_1254,Origem_da Clinica Cirurgica,466308.5025420457,complete,,,da Clinica Cirurgica,466308.5025420457,,
Patient_1254,CTI (CLIC),467337.27074906067,start,ctiBeds,0.0,,,,
Patient_1254,CTI (CLIC),467725.7829136957,complete,ctiBeds,0.0,,,,
Patient_1254,CTI prepara Encaminhamento,467725.7829136957,start,,0.0,,,,
Patient_1254,CTI prepara Encaminhamento,467760.3827918009,complete,,0.0,,,,
Patient_1254,Encaminha_para a Clinica Medica,467760.3827918009,complete,,,para a Clinica Medica,467760.3827918009,,
Patient_1254,Discharge,467760.3827918009,complete,,,,,,1451.880249755166
Patient_1255,Arrival,467004.78915124957,complete,,0.0,,,,
Patient_1255,Origem_do Centro Cirurgico,467004.78915124957,complete,,,do Centro Cirurgico,467004.78915124957,,
Patient_1255,CTI (CC),467725.7829136957,start,ctiBeds,0.0,,,,
Patient_1255,CTI (CC),473092.65237981506,complete,ctiBeds,0.0,,,,
Patient_1255,CTI prepara Encaminhamento,473092.65237981506,start,,0.0,,,,
Patient_1255,CTI prepara Encaminhamento,473128.77985381597,complete,,0.0,,,,
Patient_1255,Encaminha_para a Clinica Cirurgica,473128.77985381597,complete,,,para a Clinica Cirurgica,473128.77985381597,,
Patient_1255,Discharge,473128.77985381597,complete,,,,,,6123.9907025664
Patient_1256,Arrival,467746.2754987944,complete,,0.0,,,,
Patient_1256,Origem_do Centro Cirurgico,467746.2754987944,complete,,,do Centro Cirurgico,467746.2754987944,,
Patient_1256,CTI (CC),467888.6823825822,start,ctiBeds,0.0,,,,
Patient_1256,CTI (CC),470047.63384790684,complete,ctiBeds,0.0,,,,
Patient_1256,CTI prepara Encaminhamento,470047.63384790684,start,,0.0,,,,
Patient_1256,CTI prepara Encaminhamento,470084.8107252883,complete,,0.0,,,,
Patient_1256,Encaminha_para a Clinica Cirurgica,470084.8107252883,complete,,,para a Clinica Cirurgica,470084.8107252883,,
Patient_1256,Discharge,470084.8107252883,complete,,,,,,2338.5352264938992
Patient_1257,Arrival,468828.9926910043,complete,,0.0,,,,
Patient_1257,Origem_do Pronto Socorro,468828.9926910043,complete,,,do Pronto Socorro,468828.9926910043,,
Patient_1257,CTI (PS),468828.9926910043,start,ctiBeds,0.0,,,,
Patient_1257,CTI (PS),472814.67137298966,complete,ctiBeds,0.0,,,,
Patient_1257,CTI prepara Encaminhamento,472814.67137298966,start,,0.0,,,,
Patient_1257,CTI prepara Encaminhamento,472870.8302047256,complete,,0.0,,,,
Patient_1257,Encaminha_para a Clinica Medica,472870.8302047256,complete,,,para a Clinica Medica,472870.8302047256,,
Patient_1257,Discharge,472870.8302047256,complete,,,,,,4041.837513721315
Patient_1258,Arrival,469144.1648346939,complete,,0.0,,,,
Patient_1258,Origem_do Pronto Socorro,469144.1648346939,complete,,,do Pronto Socorro,469144.1648346939,,
Patient_1258,CTI (PS),469144.1648346939,start,ctiBeds,0.0,,,,
Patient_1258,CTI (PS),472466.2057368743,complete,ctiBeds,0.0,,,,
Patient_1258,CTI prepara Encaminhamento,472466.2057368743,start,,0.0,,,,
Patient_1258,CTI prepara Encaminhamento,472520.9303190452,complete,,0.0,,,,
Patient_1258,Encaminha_para a Clinica Medica,472520.9303190452,complete,,,para a Clinica Medica,472520.9303190452,,
Patient_1258,Discharge,472520.9303190452,complete,,,,,,3376.7654843513155
Patient_1259,Arrival,470023.8730390412,complete,,0.0,,,,
Patient_1259,Origem_do Centro Cirurgico,470023.8730390412,complete,,,do Centro Cirurgico,470023.8730390412,,
Patient_1259,CTI (CC),470023.8730390412,start,ctiBeds,0.0,,,,
Patient_1259,CTI (CC),472144.9831989419,complete,ctiBeds,0.0,,,,
Patient_1259,CTI prepara Encaminhamento,472144.9831989419,start,,0.0,,,,
Patient_1259,CTI prepara Encaminhamento,472192.44616814627,complete,,0.0,,,,
Patient_1259,Encaminha_Transferencia Externa,472192.44616814627,complete,,,Transferencia Externa,472192.44616814627,,
Patient_1259,Discharge,472192.44616814627,complete,,,,,,2168.5731291050906
Patient_126,Arrival,37575.19597340537,complete,,0.0,,,,
Patient_126,Origem_do Pronto Socorro,37575.19597340537,complete,,,do Pronto Socorro,37575.19597340537,,
Patient_126,CTI (PS),39223.87076248456,start,ctiBeds,0.0,,,,
Patient_126,CTI (PS),39613.59185282889,complete,ctiBeds,0.0,,,,
Patient_126,CTI prepara Encaminhamento,39613.59185282889,start,,0.0,,,,
Patient_126,CTI prepara Encaminhamento,39666.71720330909,complete,,0.0,,,,
Patient_126,Encaminha_Transferencia Externa,39666.71720330909,complete,,,Transferencia Externa,39666.71720330909,,
Patient_126,Discharge,39666.71720330909,complete,,,,,,2091.521229903723
Patient_1260,Arrival,470663.7053806506,complete,,0.0,,,,
Patient_1260,Origem_do Pronto Socorro,470663.7053806506,complete,,,do Pronto Socorro,470663.7053806506,,
Patient_1260,CTI (PS),470663.7053806506,start,ctiBeds,0.0,,,,
Patient_1260,CTI (PS),490647.2433319514,complete,ctiBeds,0.0,,,,
Patient_1260,CTI prepara Encaminhamento,490647.2433319514,start,,0.0,,,,
Patient_1260,CTI prepara Encaminhamento,490706.9692187708,complete,,0.0,,,,
Patient_1260,Encaminha_Obito,490706.9692187708,complete,,,Obito,490706.9692187708,,
Patient_1260,Discharge,490706.9692187708,complete,,,,,,20043.263838120212
Patient_1261,Arrival,470687.52828313183,complete,,0.0,,,,
Patient_1261,Origem_do Pronto Socorro,470687.52828313183,complete,,,do Pronto Socorro,470687.52828313183,,
Patient_1261,CTI (PS),470687.52828313183,start,ctiBeds,0.0,,,,
Patient_1261,CTI (PS),476028.7286312724,complete,ctiBeds,0.0,,,,
Patient_1261,CTI prepara Encaminhamento,476028.7286312724,start,,0.0,,,,
Patient_1261,CTI prepara Encaminhamento,476062.04801818385,complete,,0.0,,,,
Patient_1261,Encaminha_para a Clinica Medica,476062.04801818385,complete,,,para a Clinica Medica,476062.04801818385,,
Patient_1261,Discharge,476062.04801818385,complete,,,,,,5374.5197350520175
Patient_1262,Arrival,470689.68196265044,complete,,0.0,,,,
Patient_1262,Origem_do Centro Cirurgico,470689.68196265044,complete,,,do Centro Cirurgico,470689.68196265044,,
Patient_1262,CTI (CC),470689.68196265044,start,ctiBeds,0.0,,,,
Patient_1262,CTI (CC),472485.7155100024,complete,ctiBeds,0.0,,,,
Patient_1262,CTI prepara Encaminhamento,472485.7155100024,start,,0.0,,,,
Patient_1262,CTI prepara Encaminhamento,472518.8876927782,complete,,0.0,,,,
Patient_1262,Encaminha_para a Clinica Medica,472518.8876927782,complete,,,para a Clinica Medica,472518.8876927782,,
Patient_1262,Discharge,472518.8876927782,complete,,,,,,1829.2057301277528
Patient_1263,Arrival,471155.9962890355,complete,,0.0,,,,
Patient_1263,Origem_do Centro Cirurgico,471155.9962890355,complete,,,do Centro Cirurgico,471155.9962890355,,
Patient_1263,CTI (CC),471155.9962890355,start,ctiBeds,0.0,,,,
Patient_1263,CTI (CC),471675.2490565208,complete,ctiBeds,0.0,,,,
Patient_1263,CTI prepara Encaminhamento,471675.2490565208,start,,0.0,,,,
Patient_1263,CTI prepara Encaminhamento,471722.7124733689,complete,,0.0,,,,
Patient_1263,Encaminha_para a Clinica Medica,471722.7124733689,complete,,,para a Clinica Medica,471722.7124733689,,
Patient_1263,Discharge,471722.7124733689,complete,,,,,,566.7161843334325
Patient_1264,Arrival,471483.9820908996,complete,,0.0,,,,
Patient_1264,Origem_do Centro Cirurgico,471483.9820908996,complete,,,do Centro Cirurgico,471483.9820908996,,
Patient_1264,CTI (CC),471483.9820908996,start,ctiBeds,0.0,,,,
Patient_1264,CTI (CC),476076.36419037957,complete,ctiBeds,0.0,,,,
Patient_1264,CTI prepara Encaminhamento,476076.36419037957,start,,0.0,,,,
Patient_1264,CTI prepara Encaminhamento,476119.2341518886,complete,,0.0,,,,
Patient_1264,Encaminha_para a Clinica Medica,476119.2341518886,complete,,,para a Clinica Medica,476119.2341518886,,
Patient_1264,Discharge,476119.2341518886,complete,,,,,,4635.252060988976
Patient_1265,Arrival,471509.9163557505,complete,,0.0,,,,
Patient_1265,Origem_do Centro Cirurgico,471509.9163557505,complete,,,do Centro Cirurgico,471509.9163557505,,
Patient_1265,CTI (CC),471509.9163557505,start,ctiBeds,0.0,,,,
Patient_1265,CTI (CC),474804.3435917026,complete,ctiBeds,0.0,,,,
Patient_1265,CTI prepara Encaminhamento,474804.3435917026,start,,0.0,,,,
Patient_1265,CTI prepara Encaminhamento,474860.371955916,complete,,0.0,,,,
Patient_1265,Encaminha_para a Clinica Medica,474860.371955916,complete,,,para a Clinica Medica,474860.371955916,,
Patient_1265,Discharge,474860.371955916,complete,,,,,,3350.455600165471
Patient_1266,Arrival,471752.9303915228,complete,,0.0,,,,
Patient_1266,Origem_do Pronto Socorro,471752.9303915228,complete,,,do Pronto Socorro,471752.9303915228,,
Patient_1266,CTI (PS),471752.9303915228,start,ctiBeds,0.0,,,,
Patient_1266,CTI (PS),477680.7646220759,complete,ctiBeds,0.0,,,,
Patient_1266,CTI prepara Encaminhamento,477680.7646220759,start,,0.0,,,,
Patient_1266,CTI prepara Encaminhamento,477716.20286172425,complete,,0.0,,,,
Patient_1266,Encaminha_para a Clinica Cirurgica,477716.20286172425,complete,,,para a Clinica Cirurgica,477716.20286172425,,
Patient_1266,Discharge,477716.20286172425,complete,,,,,,5963.272470201424
Patient_1267,Arrival,471945.3744609577,complete,,0.0,,,,
Patient_1267,Origem_do Centro Cirurgico,471945.3744609577,complete,,,do Centro Cirurgico,471945.3744609577,,
Patient_1267,CTI (CC),472144.9831989419,start,ctiBeds,0.0,,,,
Patient_1267,CTI (CC),520669.61230623774,complete,ctiBeds,0.0,,,,
Patient_1267,CTI prepara Encaminhamento,520669.61230623774,start,,0.0,,,,
Patient_1267,CTI prepara Encaminhamento,520724.96935472917,complete,,0.0,,,,
Patient_1267,Encaminha_para a Clinica Medica,520724.96935472917,complete,,,para a Clinica Medica,520724.96935472917,,
Patient_1267,Discharge,520724.96935472917,complete,,,,,,48779.59489377146
Patient_1268,Arrival,472233.13727218675,complete,,0.0,,,,
Patient_1268,Origem_do Pronto Socorro,472233.13727218675,complete,,,do Pronto Socorro,472233.13727218675,,
Patient_1268,CTI (PS),472261.27334270254,start,ctiBeds,0.0,,,,
Patient_1268,CTI (PS),493919.7255076101,complete,ctiBeds,0.0,,,,
Patient_1268,CTI prepara Encaminhamento,493919.7255076101,start,,0.0,,,,
Patient_1268,CTI prepara Encaminhamento,493968.1400597473,complete,,0.0,,,,
Patient_1268,Encaminha_Obito,493968.1400597473,complete,,,Obito,493968.1400597473,,
Patient_1268,Discharge,493968.1400597473,complete,,,,,,21735.002787560574
Patient_1269,Arrival,472810.9797801882,complete,,0.0,,,,
Patient_1269,Origem_do Pronto Socorro,472810.9797801882,complete,,,do Pronto Socorro,472810.9797801882,,
Patient_1269,CTI (PS),472810.9797801882,start,ctiBeds,0.0,,,,
Patient_1269,CTI (PS),483578.36711787153,complete,ctiBeds,0.0,,,,
Patient_1269,CTI prepara Encaminhamento,483578.36711787153,start,,0.0,,,,
Patient_1269,CTI prepara Encaminhamento,483630.67793622677,complete,,0.0,,,,
Patient_1269,Encaminha_Obito,483630.67793622677,complete,,,Obito,483630.67793622677,,
Patient_1269,Discharge,483630.67793622677,complete,,,,,,10819.69815603859
Patient_127,Arrival,37794.095694342155,complete,,0.0,,,,
Patient_127,Origem_do Pronto Socorro,37794.095694342155,complete,,,do Pronto Socorro,37794.095694342155,,
Patient_127,CTI (PS),39613.59185282889,start,ctiBeds,0.0,,,,
Patient_127,CTI (PS),44738.56116170804,complete,ctiBeds,0.0,,,,
Patient_127,CTI prepara Encaminhamento,44738.56116170804,start,,0.0,,,,
Patient_127,CTI prepara Encaminhamento,44778.87447663926,complete,,0.0,,,,
Patient_127,Encaminha_para a Clinica Cirurgica,44778.87447663926,complete,,,para a Clinica Cirurgica,44778.87447663926,,
Patient_127,Discharge,44778.87447663926,complete,,,,,,6984.778782297108
Patient_1270,Arrival,472940.14517672075,complete,,0.0,,,,
Patient_1270,Origem_do Pronto Socorro,472940.14517672075,complete,,,do Pronto Socorro,472940.14517672075,,
Patient_1270,CTI (PS),472940.14517672075,start,ctiBeds,0.0,,,,
Patient_1270,CTI (PS),483235.8639693228,complete,ctiBeds,0.0,,,,
Patient_1270,CTI prepara Encaminhamento,483235.8639693228,start,,0.0,,,,
Patient_1270,CTI prepara Encaminhamento,483285.54020699847,complete,,0.0,,,,
Patient_1270,Encaminha_Obito,483285.54020699847,complete,,,Obito,483285.54020699847,,
Patient_1270,Discharge,483285.54020699847,complete,,,,,,10345.395030277723
Patient_1271,Arrival,473588.4692109846,complete,,0.0,,,,
Patient_1271,Origem_da Clinica Medica,473588.4692109846,complete,,,da Clinica Medica,473588.4692109846,,
Patient_1271,CTI (CLIM),473588.4692109846,start,ctiBeds,0.0,,,,
Patient_1271,CTI (CLIM),481555.018508854,complete,ctiBeds,0.0,,,,
Patient_1271,CTI prepara Encaminhamento,481555.018508854,start,,0.0,,,,
Patient_1271,CTI prepara Encaminhamento,481605.7566642476,complete,,0.0,,,,
Patient_1271,Encaminha_para a Clinica Cirurgica,481605.7566642476,complete,,,para a Clinica Cirurgica,481605.7566642476,,
Patient_1271,Discharge,481605.7566642476,complete,,,,,,8017.2874532630085
Patient_1272,Arrival,473694.08072204026,complete,,0.0,,,,
Patient_1272,Origem_do Centro Cirurgico,473694.08072204026,complete,,,do Centro Cirurgico,473694.08072204026,,
Patient_1272,CTI (CC),473694.08072204026,start,ctiBeds,0.0,,,,
Patient_1273,Arrival,473813.1990111732,complete,,0.0,,,,
Patient_1273,Origem_do Centro Cirurgico,473813.1990111732,complete,,,do Centro Cirurgico,473813.1990111732,,
Patient_1273,CTI (CC),474747.7587955628,start,ctiBeds,0.0,,,,
Patient_1273,CTI (CC),477611.98415685067,complete,ctiBeds,0.0,,,,
Patient_1273,CTI prepara Encaminhamento,477611.98415685067,start,,0.0,,,,
Patient_1273,CTI prepara Encaminhamento,477646.8863440247,complete,,0.0,,,,
Patient_1273,Encaminha_para a Clinica Medica,477646.8863440247,complete,,,para a Clinica Medica,477646.8863440247,,
Patient_1273,Discharge,477646.8863440247,complete,,,,,,3833.687332851463
Patient_1274,Arrival,473823.8805105281,complete,,0.0,,,,
Patient_1274,Origem_do Pronto Socorro,473823.8805105281,complete,,,do Pronto Socorro,473823.8805105281,,
Patient_1274,CTI (PS),474804.3435917026,start,ctiBeds,0.0,,,,
Patient_1274,CTI (PS),486653.0011381217,complete,ctiBeds,0.0,,,,
Patient_1274,CTI prepara Encaminhamento,486653.0011381217,start,,0.0,,,,
Patient_1274,CTI prepara Encaminhamento,486699.5611124486,complete,,0.0,,,,
Patient_1274,Encaminha_para a Clinica Medica,486699.5611124486,complete,,,para a Clinica Medica,486699.5611124486,,
Patient_1274,Discharge,486699.5611124486,complete,,,,,,12875.680601920467
Patient_1275,Arrival,474143.6555559222,complete,,0.0,,,,
Patient_1275,Origem_da Clinica Medica,474143.6555559222,complete,,,da Clinica Medica,474143.6555559222,,
Patient_1275,CTI (CLIM),475222.1081996802,start,ctiBeds,0.0,,,,
Patient_1275,CTI (CLIM),483241.5591166585,complete,ctiBeds,0.0,,,,
Patient_1275,CTI prepara Encaminhamento,483241.5591166585,start,,0.0,,,,
Patient_1275,CTI prepara Encaminhamento,483299.5159537705,complete,,0.0,,,,
Patient_1275,Encaminha_para a Clinica Cirurgica,483299.5159537705,complete,,,para a Clinica Cirurgica,483299.5159537705,,
Patient_1275,Discharge,483299.5159537705,complete,,,,,,9155.8603978483
Patient_1276,Arrival,474373.2784035319,complete,,0.0,,,,
Patient_1276,Origem_do Pronto Socorro,474373.2784035319,complete,,,do Pronto Socorro,474373.2784035319,,
Patient_1276,CTI (PS),475491.63858227566,start,ctiBeds,0.0,,,,
Patient_1276,CTI (PS),480629.7035011594,complete,ctiBeds,0.0,,,,
Patient_1276,CTI prepara Encaminhamento,480629.7035011594,start,,0.0,,,,
Patient_1276,CTI prepara Encaminhamento,480689.226716818,complete,,0.0,,,,
Patient_1276,Encaminha_para a Clinica Medica,480689.226716818,complete,,,para a Clinica Medica,480689.226716818,,
Patient_1276,Discharge,480689.226716818,complete,,,,,,6315.9483132861205
Patient_1277,Arrival,474447.41290801356,complete,,0.0,,,,
Patient_1277,Origem_do Pronto Socorro,474447.41290801356,complete,,,do Pronto Socorro,474447.41290801356,,
Patient_1277,CTI (PS),476028.7286312724,start,ctiBeds,0.0,,,,
Patient_1277,CTI (PS),510010.1957356981,complete,ctiBeds,0.0,,,,
Patient_1277,CTI prepara Encaminhamento,510010.1957356981,start,,0.0,,,,
Patient_1277,CTI prepara Encaminhamento,510053.5612891321,complete,,0.0,,,,
Patient_1277,Encaminha_para a Clinica Cirurgica,510053.5612891321,complete,,,para a Clinica Cirurgica,510053.5612891321,,
Patient_1277,Discharge,510053.5612891321,complete,,,,,,35606.148381118546
Patient_1278,Arrival,474955.2858978928,complete,,0.0,,,,
Patient_1278,Origem_do Pronto Socorro,474955.2858978928,complete,,,do Pronto Socorro,474955.2858978928,,
Patient_1278,CTI (PS),476076.36419037957,start,ctiBeds,0.0,,,,
Patient_1278,CTI (PS),485114.77379265236,complete,ctiBeds,0.0,,,,
Patient_1278,CTI prepara Encaminhamento,485114.77379265236,start,,0.0,,,,
Patient_1278,CTI prepara Encaminhamento,485145.3434592522,complete,,0.0,,,,
Patient_1278,Encaminha_Transferencia Externa,485145.3434592522,complete,,,Transferencia Externa,485145.3434592522,,
Patient_1278,Discharge,485145.3434592522,complete,,,,,,10190.057561359426
Patient_1279,Arrival,474980.8967399329,complete,,0.0,,,,
Patient_1279,Origem_do Centro Cirurgico,474980.8967399329,complete,,,do Centro Cirurgico,474980.8967399329,,
Patient_1279,CTI (CC),476858.16450498975,start,ctiBeds,0.0,,,,
Patient_1279,CTI (CC),479545.8199799362,complete,ctiBeds,0.0,,,,
Patient_1279,CTI prepara Encaminhamento,479545.8199799362,start,,0.0,,,,
Patient_1279,CTI prepara Encaminhamento,479588.7923123846,complete,,0.0,,,,
Patient_1279,Encaminha_para a Clinica Cirurgica,479588.7923123846,complete,,,para a Clinica Cirurgica,479588.7923123846,,
Patient_1279,Discharge,479588.7923123846,complete,,,,,,4607.8955724517
Patient_128,Arrival,38954.46480415526,complete,,0.0,,,,
Patient_128,Origem_do Pronto Socorro,38954.46480415526,complete,,,do Pronto Socorro,38954.46480415526,,
Patient_128,CTI (PS),39839.81182007356,start,ctiBeds,0.0,,,,
Patient_128,CTI (PS),42438.24313991633,complete,ctiBeds,0.0,,,,
Patient_128,CTI prepara Encaminhamento,42438.24313991633,start,,0.0,,,,
Patient_128,CTI prepara Encaminhamento,42495.96150682458,complete,,0.0,,,,
Patient_128,Encaminha_para a Clinica Cirurgica,42495.96150682458,complete,,,para a Clinica Cirurgica,42495.96150682458,,
Patient_128,Discharge,42495.96150682458,complete,,,,,,3541.4967026693193
Patient_1280,Arrival,475371.1072061762,complete,,0.0,,,,
Patient_1280,Origem_do Pronto Socorro,475371.1072061762,complete,,,do Pronto Socorro,475371.1072061762,,
Patient_1280,CTI (PS),477094.48703123024,start,ctiBeds,0.0,,,,
Patient_1280,CTI (PS),498981.73847615183,complete,ctiBeds,0.0,,,,
Patient_1280,CTI prepara Encaminhamento,498981.73847615183,start,,0.0,,,,
Patient_1280,CTI prepara Encaminhamento,499019.8052715826,complete,,0.0,,,,
Patient_1280,Encaminha_para a Clinica Cirurgica,499019.8052715826,complete,,,para a Clinica Cirurgica,499019.8052715826,,
Patient_1280,Discharge,499019.8052715826,complete,,,,,,23648.69806540641
Patient_1281,Arrival,475418.87105696544,complete,,0.0,,,,
Patient_1281,Origem_do Pronto Socorro,475418.87105696544,complete,,,do Pronto Socorro,475418.87105696544,,
Patient_1281,CTI (PS),477611.98415685067,start,ctiBeds,0.0,,,,
Patient_1281,CTI (PS),489517.4086949293,complete,ctiBeds,0.0,,,,
Patient_1281,CTI prepara Encaminhamento,489517.4086949293,start,,0.0,,,,
Patient_1281,CTI prepara Encaminhamento,489571.3400141889,complete,,0.0,,,,
Patient_1281,Encaminha_para a Clinica Medica,489571.3400141889,complete,,,para a Clinica Medica,489571.3400141889,,
Patient_1281,Discharge,489571.3400141889,complete,,,,,,14152.468957223464
Patient_1282,Arrival,475629.64593413187,complete,,0.0,,,,
Patient_1282,Origem_do Centro Cirurgico,475629.64593413187,complete,,,do Centro Cirurgico,475629.64593413187,,
Patient_1282,CTI (CC),477680.7646220759,start,ctiBeds,0.0,,,,
Patient_1282,CTI (CC),479246.8624237717,complete,ctiBeds,0.0,,,,
Patient_1282,CTI prepara Encaminhamento,479246.8624237717,start,,0.0,,,,
Patient_1282,CTI prepara Encaminhamento,479279.39271804085,complete,,0.0,,,,
Patient_1282,Encaminha_para a Clinica Cirurgica,479279.39271804085,complete,,,para a Clinica Cirurgica,479279.39271804085,,
Patient_1282,Discharge,479279.39271804085,complete,,,,,,3649.7467839089804
Patient_1283,Arrival,475708.76508018706,complete,,0.0,,,,
Patient_1283,Origem_do Centro Cirurgico,475708.76508018706,complete,,,do Centro Cirurgico,475708.76508018706,,
Patient_1283,CTI (CC),478065.0213116247,start,ctiBeds,0.0,,,,
Patient_1283,CTI (CC),489260.1722551602,complete,ctiBeds,0.0,,,,
Patient_1283,CTI prepara Encaminhamento,489260.1722551602,start,,0.0,,,,
Patient_1283,CTI prepara Encaminhamento,489295.73119262216,complete,,0.0,,,,
Patient_1283,Encaminha_Transferencia Externa,489295.73119262216,complete,,,Transferencia Externa,489295.73119262216,,
Patient_1283,Discharge,489295.73119262216,complete,,,,,,13586.966112435097
Patient_1284,Arrival,475989.8424853779,complete,,0.0,,,,
Patient_1284,Origem_do Pronto Socorro,475989.8424853779,complete,,,do Pronto Socorro,475989.8424853779,,
Patient_1284,CTI (PS),479129.64899628673,start,ctiBeds,0.0,,,,
Patient_1284,CTI (PS),495550.3295126913,complete,ctiBeds,0.0,,,,
Patient_1284,CTI prepara Encaminhamento,495550.3295126913,start,,0.0,,,,
Patient_1284,CTI prepara Encaminhamento,495601.7751827007,complete,,0.0,,,,
Patient_1284,Encaminha_para a Clinica Cirurgica,495601.7751827007,complete,,,para a Clinica Cirurgica,495601.7751827007,,
Patient_1284,Discharge,495601.7751827007,complete,,,,,,19611.9326973228
Patient_1285,Arrival,476120.4980173651,complete,,0.0,,,,
Patient_1285,Origem_do Pronto Socorro,476120.4980173651,complete,,,do Pronto Socorro,476120.4980173651,,
Patient_1285,CTI (PS),479246.8624237717,start,ctiBeds,0.0,,,,
Patient_1285,CTI (PS),480688.49631696695,complete,ctiBeds,0.0,,,,
Patient_1285,CTI prepara Encaminhamento,480688.49631696695,start,,0.0,,,,
Patient_1285,CTI prepara Encaminhamento,480737.6854603409,complete,,0.0,,,,
Patient_1285,Encaminha_para a Clinica Cirurgica,480737.6854603409,complete,,,para a Clinica Cirurgica,480737.6854603409,,
Patient_1285,Discharge,480737.6854603409,complete,,,,,,4617.187442975759
Patient_1286,Arrival,477084.8625941971,complete,,0.0,,,,
Patient_1286,Origem_do Pronto Socorro,477084.8625941971,complete,,,do Pronto Socorro,477084.8625941971,,
Patient_1286,CTI (PS),479545.8199799362,start,ctiBeds,0.0,,,,
Patient_1286,CTI (PS),485492.0671045636,complete,ctiBeds,0.0,,,,
Patient_1286,CTI prepara Encaminhamento,485492.0671045636,start,,0.0,,,,
Patient_1286,CTI prepara Encaminhamento,485538.02855353826,complete,,0.0,,,,
Patient_1286,Encaminha_para a Clinica Cirurgica,485538.02855353826,complete,,,para a Clinica Cirurgica,485538.02855353826,,
Patient_1286,Discharge,485538.02855353826,complete,,,,,,8453.16595934116
Patient_1287,Arrival,477592.052339798,complete,,0.0,,,,
Patient_1287,Origem_do Pronto Socorro,477592.052339798,complete,,,do Pronto Socorro,477592.052339798,,
Patient_1287,CTI (PS),479786.086181123,start,ctiBeds,0.0,,,,
Patient_1287,CTI (PS),492654.8417514999,complete,ctiBeds,0.0,,,,
Patient_1287,CTI prepara Encaminhamento,492654.8417514999,start,,0.0,,,,
Patient_1287,CTI prepara Encaminhamento,492706.7586769305,complete,,0.0,,,,
Patient_1287,Encaminha_para a Clinica Medica,492706.7586769305,complete,,,para a Clinica Medica,492706.7586769305,,
Patient_1287,Discharge,492706.7586769305,complete,,,,,,15114.706337132491
Patient_1288,Arrival,478048.1423116537,complete,,0.0,,,,
Patient_1288,Origem_do Centro Cirurgico,478048.1423116537,complete,,,do Centro Cirurgico,478048.1423116537,,
Patient_1288,CTI (CC),479796.46764233994,start,ctiBeds,0.0,,,,
Patient_1288,CTI (CC),481727.2550290773,complete,ctiBeds,0.0,,,,
Patient_1288,CTI prepara Encaminhamento,481727.2550290773,start,,0.0,,,,
Patient_1288,CTI prepara Encaminhamento,481760.4555376383,complete,,0.0,,,,
Patient_1288,Encaminha_para a Clinica Medica,481760.4555376383,complete,,,para a Clinica Medica,481760.4555376383,,
Patient_1288,Discharge,481760.4555376383,complete,,,,,,3712.3132259845734
Patient_1289,Arrival,478838.71702756075,complete,,0.0,,,,
Patient_1289,Origem_do Pronto Socorro,478838.71702756075,complete,,,do Pronto Socorro,478838.71702756075,,
Patient_1289,CTI (PS),480629.7035011594,start,ctiBeds,0.0,,,,
Patient_1289,CTI (PS),492876.28475047636,complete,ctiBeds,0.0,,,,
Patient_1289,CTI prepara Encaminhamento,492876.28475047636,start,,0.0,,,,
Patient_1289,CTI prepara Encaminhamento,492928.0902338804,complete,,0.0,,,,
Patient_1289,Encaminha_para a Clinica Cirurgica,492928.0902338804,complete,,,para a Clinica Cirurgica,492928.0902338804,,
Patient_1289,Discharge,492928.0902338804,complete,,,,,,14089.373206319637
Patient_129,Arrival,39631.254441436715,complete,,0.0,,,,
Patient_129,Origem_do Pronto Socorro,39631.254441436715,complete,,,do Pronto Socorro,39631.254441436715,,
Patient_129,CTI (PS),40036.80820823895,start,ctiBeds,0.0,,,,
Patient_129,CTI (PS),52726.30686726048,complete,ctiBeds,0.0,,,,
Patient_129,CTI prepara Encaminhamento,52726.30686726048,start,,0.0,,,,
Patient_129,CTI prepara Encaminhamento,52762.589349137656,complete,,0.0,,,,
Patient_129,Encaminha_Obito,52762.589349137656,complete,,,Obito,52762.589349137656,,
Patient_129,Discharge,52762.589349137656,complete,,,,,,13131.33490770094
Patient_1290,Arrival,479515.63136089686,complete,,0.0,,,,
Patient_1290,Origem_da Clinica Cirurgica,479515.63136089686,complete,,,da Clinica Cirurgica,479515.63136089686,,
Patient_1290,CTI (CLIC),480688.49631696695,start,ctiBeds,0.0,,,,
Patient_1290,CTI (CLIC),486177.86689476843,complete,ctiBeds,0.0,,,,
Patient_1290,CTI prepara Encaminhamento,486177.86689476843,start,,0.0,,,,
Patient_1290,CTI prepara Encaminhamento,486219.9565410088,complete,,0.0,,,,
Patient_1290,Encaminha_para a Clinica Medica,486219.9565410088,complete,,,para a Clinica Medica,486219.9565410088,,
Patient_1290,Discharge,486219.9565410088,complete,,,,,,6704.325180111919
Patient_1291,Arrival,480438.9466119269,complete,,0.0,,,,
Patient_1291,Origem_do Centro Cirurgico,480438.9466119269,complete,,,do Centro Cirurgico,480438.9466119269,,
Patient_1291,CTI (CC),481555.018508854,start,ctiBeds,0.0,,,,
Patient_1291,CTI (CC),500122.47655274154,complete,ctiBeds,0.0,,,,
Patient_1291,CTI prepara Encaminhamento,500122.47655274154,start,,0.0,,,,
Patient_1291,CTI prepara Encaminhamento,500157.1971435951,complete,,0.0,,,,
Patient_1291,Encaminha_Obito,500157.1971435951,complete,,,Obito,500157.1971435951,,
Patient_1291,Discharge,500157.1971435951,complete,,,,,,19718.250531668193
Patient_1292,Arrival,480903.43869533495,complete,,0.0,,,,
Patient_1292,Origem_da Clinica Medica,480903.43869533495,complete,,,da Clinica Medica,480903.43869533495,,
Patient_1292,CTI (CLIM),481727.2550290773,start,ctiBeds,0.0,,,,
Patient_1292,CTI (CLIM),492536.49695990566,complete,ctiBeds,0.0,,,,
Patient_1292,CTI prepara Encaminhamento,492536.49695990566,start,,0.0,,,,
Patient_1292,CTI prepara Encaminhamento,492585.2689450756,complete,,0.0,,,,
Patient_1292,Encaminha_para a Clinica Cirurgica,492585.2689450756,complete,,,para a Clinica Cirurgica,492585.2689450756,,
Patient_1292,Discharge,492585.2689450756,complete,,,,,,11681.830249740626
Patient_1293,Arrival,480912.688630932,complete,,0.0,,,,
Patient_1293,Origem_do Pronto Socorro,480912.688630932,complete,,,do Pronto Socorro,480912.688630932,,
Patient_1293,CTI (PS),483235.8639693228,start,ctiBeds,0.0,,,,
Patient_1293,CTI (PS),489285.2872163506,complete,ctiBeds,0.0,,,,
Patient_1293,CTI prepara Encaminhamento,489285.2872163506,start,,0.0,,,,
Patient_1293,CTI prepara Encaminhamento,489324.3217212874,complete,,0.0,,,,
Patient_1293,Encaminha_Obito,489324.3217212874,complete,,,Obito,489324.3217212874,,
Patient_1293,Discharge,489324.3217212874,complete,,,,,,8411.633090355375
Patient_1294,Arrival,481381.8386297476,complete,,0.0,,,,
Patient_1294,Origem_do Centro Cirurgico,481381.8386297476,complete,,,do Centro Cirurgico,481381.8386297476,,
Patient_1294,CTI (CC),483241.5591166585,start,ctiBeds,0.0,,,,
Patient_1294,CTI (CC),488100.4734116922,complete,ctiBeds,0.0,,,,
Patient_1294,CTI prepara Encaminhamento,488100.4734116922,start,,0.0,,,,
Patient_1294,CTI prepara Encaminhamento,488135.0539923743,complete,,0.0,,,,
Patient_1294,Encaminha_Obito,488135.0539923743,complete,,,Obito,488135.0539923743,,
Patient_1294,Discharge,488135.0539923743,complete,,,,,,6753.215362626652
Patient_1295,Arrival,481421.02349180833,complete,,0.0,,,,
Patient_1295,Origem_do Centro Cirurgico,481421.02349180833,complete,,,do Centro Cirurgico,481421.02349180833,,
Patient_1295,CTI (CC),483578.36711787153,start,ctiBeds,0.0,,,,
Patient_1295,CTI (CC),485995.2507761846,complete,ctiBeds,0.0,,,,
Patient_1295,CTI prepara Encaminhamento,485995.2507761846,start,,0.0,,,,
Patient_1295,CTI prepara Encaminhamento,486044.21326887584,complete,,0.0,,,,
Patient_1295,Encaminha_Obito,486044.21326887584,complete,,,Obito,486044.21326887584,,
Patient_1295,Discharge,486044.21326887584,complete,,,,,,4623.189777067513
Patient_1296,Arrival,481596.31901860173,complete,,0.0,,,,
Patient_1296,Origem_do Pronto Socorro,481596.31901860173,complete,,,do Pronto Socorro,481596.31901860173,,
Patient_1296,CTI (PS),484452.5006049442,start,ctiBeds,0.0,,,,
Patient_1296,CTI (PS),493085.51382526243,complete,ctiBeds,0.0,,,,
Patient_1296,CTI prepara Encaminhamento,493085.51382526243,start,,0.0,,,,
Patient_1296,CTI prepara Encaminhamento,493131.4171339576,complete,,0.0,,,,
Patient_1296,Encaminha_para a Clinica Medica,493131.4171339576,complete,,,para a Clinica Medica,493131.4171339576,,
Patient_1296,Discharge,493131.4171339576,complete,,,,,,11535.098115355882
Patient_1297,Arrival,481659.7455127052,complete,,0.0,,,,
Patient_1297,Origem_do Centro Cirurgico,481659.7455127052,complete,,,do Centro Cirurgico,481659.7455127052,,
Patient_1297,CTI (CC),485114.77379265236,start,ctiBeds,0.0,,,,
Patient_1297,CTI (CC),512987.63875038445,complete,ctiBeds,0.0,,,,
Patient_1297,CTI prepara Encaminhamento,512987.63875038445,start,,0.0,,,,
Patient_1297,CTI prepara Encaminhamento,513043.18147423706,complete,,0.0,,,,
Patient_1297,Encaminha_Transferencia Externa,513043.18147423706,complete,,,Transferencia Externa,513043.18147423706,,
Patient_1297,Discharge,513043.18147423706,complete,,,,,,31383.435961531883
Patient_1298,Arrival,482109.7734914493,complete,,0.0,,,,
Patient_1298,Origem_do Centro Cirurgico,482109.7734914493,complete,,,do Centro Cirurgico,482109.7734914493,,
Patient_1298,CTI (CC),485492.0671045636,start,ctiBeds,0.0,,,,
Patient_1298,CTI (CC),489516.4736011774,complete,ctiBeds,0.0,,,,
Patient_1298,CTI prepara Encaminhamento,489516.4736011774,start,,0.0,,,,
Patient_1298,CTI prepara Encaminhamento,489558.6902153479,complete,,0.0,,,,
Patient_1298,Encaminha_para a Clinica Medica,489558.6902153479,complete,,,para a Clinica Medica,489558.6902153479,,
Patient_1298,Discharge,489558.6902153479,complete,,,,,,7448.916723898612
Patient_1299,Arrival,482190.47620543634,complete,,0.0,,,,
Patient_1299,Origem_do Pronto Socorro,482190.47620543634,complete,,,do Pronto Socorro,482190.47620543634,,
Patient_1299,CTI (PS),485995.2507761846,start,ctiBeds,0.0,,,,
Patient_1299,CTI (PS),491209.0044021382,complete,ctiBeds,0.0,,,,
Patient_1299,CTI prepara Encaminhamento,491209.0044021382,start,,0.0,,,,
Patient_1299,CTI prepara Encaminhamento,491254.93679156544,complete,,0.0,,,,
Patient_1299,Encaminha_Obito,491254.93679156544,complete,,,Obito,491254.93679156544,,
Patient_1299,Discharge,491254.93679156544,complete,,,,,,9064.460586129106
Patient_13,Arrival,4301.470781104197,complete,,0.0,,,,
Patient_13,Origem_do Centro Cirurgico,4301.470781104197,complete,,,do Centro Cirurgico,4301.470781104197,,
Patient_13,CTI (CC),4301.470781104197,start,ctiBeds,0.0,,,,
Patient_13,CTI (CC),52041.066396150374,complete,ctiBeds,0.0,,,,
Patient_13,CTI prepara Encaminhamento,52041.066396150374,start,,0.0,,,,
Patient_13,CTI prepara Encaminhamento,52076.83028838034,complete,,0.0,,,,
Patient_13,Encaminha_Obito,52076.83028838034,complete,,,Obito,52076.83028838034,,
Patient_13,Discharge,52076.83028838034,complete,,,,,,47775.359507276145
Patient_130,Arrival,40229.7083829952,complete,,0.0,,,,
Patient_130,Origem_do Pronto Socorro,40229.7083829952,complete,,,do Pronto Socorro,40229.7083829952,,
Patient_130,CTI (PS),40599.17382323239,start,ctiBeds,0.0,,,,
Patient_130,CTI (PS),67310.41408658598,complete,ctiBeds,0.0,,,,
Patient_130,CTI prepara Encaminhamento,67310.41408658598,start,,0.0,,,,
Patient_130,CTI prepara Encaminhamento,67367.55759591135,complete,,0.0,,,,
Patient_130,Encaminha_para a Clinica Medica,67367.55759591135,complete,,,para a Clinica Medica,67367.55759591135,,
Patient_130,Discharge,67367.55759591135,complete,,,,,,27137.849212916146
Patient_1300,Arrival,482233.4547621618,complete,,0.0,,,,
Patient_1300,Origem_do Centro Cirurgico,482233.4547621618,complete,,,do Centro Cirurgico,482233.4547621618,,
Patient_1300,CTI (CC),486177.86689476843,start,ctiBeds,0.0,,,,
Patient_1300,CTI (CC),495900.29713323724,complete,ctiBeds,0.0,,,,
Patient_1300,CTI prepara Encaminhamento,495900.29713323724,start,,0.0,,,,
Patient_1300,CTI prepara Encaminhamento,495952.554239634,complete,,0.0,,,,
Patient_1300,Encaminha_para a Clinica Medica,495952.554239634,complete,,,para a Clinica Medica,495952.554239634,,
Patient_1300,Discharge,495952.554239634,complete,,,,,,13719.099477472191
Patient_1301,Arrival,483594.1573132524,complete,,0.0,,,,
Patient_1301,Origem_do Pronto Socorro,483594.1573132524,complete,,,do Pronto Socorro,483594.1573132524,,
Patient_1301,CTI (PS),486653.0011381217,start,ctiBeds,0.0,,,,
Patient_1301,CTI (PS),491131.5032443642,complete,ctiBeds,0.0,,,,
Patient_1301,CTI prepara Encaminhamento,491131.5032443642,start,,0.0,,,,
Patient_1301,CTI prepara Encaminhamento,491181.5581828589,complete,,0.0,,,,
Patient_1301,Encaminha_para a Clinica Medica,491181.5581828589,complete,,,para a Clinica Medica,491181.5581828589,,
Patient_1301,Discharge,491181.5581828589,complete,,,,,,7587.400869606528
Patient_1302,Arrival,483638.9401943788,complete,,0.0,,,,
Patient_1302,Origem_do Centro Cirurgico,483638.9401943788,complete,,,do Centro Cirurgico,483638.9401943788,,
Patient_1302,CTI (CC),486808.6206742435,start,ctiBeds,0.0,,,,
Patient_1302,CTI (CC),493308.1441494998,complete,ctiBeds,0.0,,,,
Patient_1302,CTI prepara Encaminhamento,493308.1441494998,start,,0.0,,,,
Patient_1302,CTI prepara Encaminhamento,493341.1861582845,complete,,0.0,,,,
Patient_1302,Encaminha_Transferencia Externa,493341.1861582845,complete,,,Transferencia Externa,493341.1861582845,,
Patient_1302,Discharge,493341.1861582845,complete,,,,,,9702.245963905705
Patient_1303,Arrival,483711.6525921565,complete,,0.0,,,,
Patient_1303,Origem_do Pronto Socorro,483711.6525921565,complete,,,do Pronto Socorro,483711.6525921565,,
Patient_1303,CTI (PS),487037.10806869273,start,ctiBeds,0.0,,,,
Patient_1303,CTI (PS),489189.5236373113,complete,ctiBeds,0.0,,,,
Patient_1303,CTI prepara Encaminhamento,489189.5236373113,start,,0.0,,,,
Patient_1303,CTI prepara Encaminhamento,489219.6042377253,complete,,0.0,,,,
Patient_1303,Encaminha_para a Clinica Cirurgica,489219.6042377253,complete,,,para a Clinica Cirurgica,489219.6042377253,,
Patient_1303,Discharge,489219.6042377253,complete,,,,,,5507.951645568828
Patient_1304,Arrival,484867.30358195823,complete,,0.0,,,,
Patient_1304,Origem_do Centro Cirurgico,484867.30358195823,complete,,,do Centro Cirurgico,484867.30358195823,,
Patient_1304,CTI (CC),487239.979092226,start,ctiBeds,0.0,,,,
Patient_1304,CTI (CC),499443.2808597544,complete,ctiBeds,0.0,,,,
Patient_1304,CTI prepara Encaminhamento,499443.2808597544,start,,0.0,,,,
Patient_1304,CTI prepara Encaminhamento,499500.54765567544,complete,,0.0,,,,
Patient_1304,Encaminha_para a Clinica Cirurgica,499500.54765567544,complete,,,para a Clinica Cirurgica,499500.54765567544,,
Patient_1304,Discharge,499500.54765567544,complete,,,,,,14633.244073717215
Patient_1305,Arrival,484940.8735949274,complete,,0.0,,,,
Patient_1305,Origem_da Clinica Medica,484940.8735949274,complete,,,da Clinica Medica,484940.8735949274,,
Patient_1305,CTI (CLIM),487256.31035107723,start,ctiBeds,0.0,,,,
Patient_1305,CTI (CLIM),493577.8120621962,complete,ctiBeds,0.0,,,,
Patient_1305,CTI prepara Encaminhamento,493577.8120621962,start,,0.0,,,,
Patient_1305,CTI prepara Encaminhamento,493609.4076903262,complete,,0.0,,,,
Patient_1305,Encaminha_para a Clinica Cirurgica,493609.4076903262,complete,,,para a Clinica Cirurgica,493609.4076903262,,
Patient_1305,Discharge,493609.4076903262,complete,,,,,,8668.53409539879
Patient_1306,Arrival,485577.2595870119,complete,,0.0,,,,
Patient_1306,Origem_do Centro Cirurgico,485577.2595870119,complete,,,do Centro Cirurgico,485577.2595870119,,
Patient_1306,CTI (CC),488100.4734116922,start,ctiBeds,0.0,,,,
Patient_1306,CTI (CC),490298.1956632736,complete,ctiBeds,0.0,,,,
Patient_1306,CTI prepara Encaminhamento,490298.1956632736,start,,0.0,,,,
Patient_1306,CTI prepara Encaminhamento,490328.92929606116,complete,,0.0,,,,
Patient_1306,Encaminha_Obito,490328.92929606116,complete,,,Obito,490328.92929606116,,
Patient_1306,Discharge,490328.92929606116,complete,,,,,,4751.669709049282
Patient_1307,Arrival,485799.90524908574,complete,,0.0,,,,
Patient_1307,Origem_do Centro Cirurgico,485799.90524908574,complete,,,do Centro Cirurgico,485799.90524908574,,
Patient_1307,CTI (CC),489189.5236373113,start,ctiBeds,0.0,,,,
Patient_1307,CTI (CC),495232.9644117915,complete,ctiBeds,0.0,,,,
Patient_1307,CTI prepara Encaminhamento,495232.9644117915,start,,0.0,,,,
Patient_1307,CTI prepara Encaminhamento,495269.3734740769,complete,,0.0,,,,
Patient_1307,Encaminha_para a Clinica Medica,495269.3734740769,complete,,,para a Clinica Medica,495269.3734740769,,
Patient_1307,Discharge,495269.3734740769,complete,,,,,,9469.468224991171
Patient_1308,Arrival,485935.3154281191,complete,,0.0,,,,
Patient_1308,Origem_do Pronto Socorro,485935.3154281191,complete,,,do Pronto Socorro,485935.3154281191,,
Patient_1308,CTI (PS),489260.1722551602,start,ctiBeds,0.0,,,,
Patient_1308,CTI (PS),497708.7353958242,complete,ctiBeds,0.0,,,,
Patient_1308,CTI prepara Encaminhamento,497708.7353958242,start,,0.0,,,,
Patient_1308,CTI prepara Encaminhamento,497749.0862644694,complete,,0.0,,,,
Patient_1308,Encaminha_Obito,497749.0862644694,complete,,,Obito,497749.0862644694,,
Patient_1308,Discharge,497749.0862644694,complete,,,,,,11813.770836350333
Patient_1309,Arrival,486256.07465486677,complete,,0.0,,,,
Patient_1309,Origem_do Centro Cirurgico,486256.07465486677,complete,,,do Centro Cirurgico,486256.07465486677,,
Patient_1309,CTI (CC),489285.2872163506,start,ctiBeds,0.0,,,,
Patient_1309,CTI (CC),494231.5622863923,complete,ctiBeds,0.0,,,,
Patient_1309,CTI prepara Encaminhamento,494231.5622863923,start,,0.0,,,,
Patient_1309,CTI prepara Encaminhamento,494264.2555127014,complete,,0.0,,,,
Patient_1309,Encaminha_para a Clinica Cirurgica,494264.2555127014,complete,,,para a Clinica Cirurgica,494264.2555127014,,
Patient_1309,Discharge,494264.2555127014,complete,,,,,,8008.180857834639
Patient_131,Arrival,40665.04981841375,complete,,0.0,,,,
Patient_131,Origem_do Pronto Socorro,40665.04981841375,complete,,,do Pronto Socorro,40665.04981841375,,
Patient_131,CTI (PS),40811.169412476345,start,ctiBeds,0.0,,,,
Patient_131,CTI (PS),41458.9429463745,complete,ctiBeds,0.0,,,,
Patient_131,CTI prepara Encaminhamento,41458.9429463745,start,,0.0,,,,
Patient_131,CTI prepara Encaminhamento,41510.43742094757,complete,,0.0,,,,
Patient_131,Encaminha_Obito,41510.43742094757,complete,,,Obito,41510.43742094757,,
Patient_131,Discharge,41510.43742094757,complete,,,,,,845.387602533825
Patient_1310,Arrival,486337.87321143073,complete,,0.0,,,,
Patient_1310,Origem_do Centro Cirurgico,486337.87321143073,complete,,,do Centro Cirurgico,486337.87321143073,,
Patient_1310,CTI (CC),489516.4736011774,start,ctiBeds,0.0,,,,
Patient_1310,CTI (CC),498202.39509092155,complete,ctiBeds,0.0,,,,
Patient_1310,CTI prepara Encaminhamento,498202.39509092155,start,,0.0,,,,
Patient_1310,CTI prepara Encaminhamento,498244.41674840066,complete,,0.0,,,,
Patient_1310,Encaminha_para a Clinica Medica,498244.41674840066,complete,,,para a Clinica Medica,498244.41674840066,,
Patient_1310,Discharge,498244.41674840066,complete,,,,,,11906.543536969926
Patient_1311,Arrival,486406.8002328585,complete,,0.0,,,,
Patient_1311,Origem_do Pronto Socorro,486406.8002328585,complete,,,do Pronto Socorro,486406.8002328585,,
Patient_1311,CTI (PS),489517.4086949293,start,ctiBeds,0.0,,,,
Patient_1311,CTI (PS),497788.93319317093,complete,ctiBeds,0.0,,,,
Patient_1311,CTI prepara Encaminhamento,497788.93319317093,start,,0.0,,,,
Patient_1311,CTI prepara Encaminhamento,497839.73586641223,complete,,0.0,,,,
Patient_1311,Encaminha_para a Clinica Cirurgica,497839.73586641223,complete,,,para a Clinica Cirurgica,497839.73586641223,,
Patient_1311,Discharge,497839.73586641223,complete,,,,,,11432.935633553716
Patient_1312,Arrival,486806.57884776243,complete,,0.0,,,,
Patient_1312,Origem_do Pronto Socorro,486806.57884776243,complete,,,do Pronto Socorro,486806.57884776243,,
Patient_1312,CTI (PS),490298.1956632736,start,ctiBeds,0.0,,,,
Patient_1312,CTI (PS),500303.2799799879,complete,ctiBeds,0.0,,,,
Patient_1312,CTI prepara Encaminhamento,500303.2799799879,start,,0.0,,,,
Patient_1312,CTI prepara Encaminhamento,500360.85466843634,complete,,0.0,,,,
Patient_1312,Encaminha_Obito,500360.85466843634,complete,,,Obito,500360.85466843634,,
Patient_1312,Discharge,500360.85466843634,complete,,,,,,13554.275820673909
Patient_1313,Arrival,486818.5310100645,complete,,0.0,,,,
Patient_1313,Origem_do Pronto Socorro,486818.5310100645,complete,,,do Pronto Socorro,486818.5310100645,,
Patient_1313,CTI (PS),490647.2433319514,start,ctiBeds,0.0,,,,
Patient_1313,CTI (PS),504524.138193685,complete,ctiBeds,0.0,,,,
Patient_1313,CTI prepara Encaminhamento,504524.138193685,start,,0.0,,,,
Patient_1313,CTI prepara Encaminhamento,504557.61820950423,complete,,0.0,,,,
Patient_1313,Encaminha_para a Clinica Medica,504557.61820950423,complete,,,para a Clinica Medica,504557.61820950423,,
Patient_1313,Discharge,504557.61820950423,complete,,,,,,17739.08719943976
Patient_1314,Arrival,487089.02115789,complete,,0.0,,,,
Patient_1314,Origem_do Centro Cirurgico,487089.02115789,complete,,,do Centro Cirurgico,487089.02115789,,
Patient_1314,CTI (CC),491131.5032443642,start,ctiBeds,0.0,,,,
Patient_1314,CTI (CC),500527.95683908975,complete,ctiBeds,0.0,,,,
Patient_1314,CTI prepara Encaminhamento,500527.95683908975,start,,0.0,,,,
Patient_1314,CTI prepara Encaminhamento,500572.4000418876,complete,,0.0,,,,
Patient_1314,Encaminha_para a Clinica Cirurgica,500572.4000418876,complete,,,para a Clinica Cirurgica,500572.4000418876,,
Patient_1314,Discharge,500572.4000418876,complete,,,,,,13483.378883997619
Patient_1315,Arrival,487190.246085546,complete,,0.0,,,,
Patient_1315,Origem_do Centro Cirurgico,487190.246085546,complete,,,do Centro Cirurgico,487190.246085546,,
Patient_1315,CTI (CC),491209.0044021382,start,ctiBeds,0.0,,,,
Patient_1315,CTI (CC),492293.8584769338,complete,ctiBeds,0.0,,,,
Patient_1315,CTI prepara Encaminhamento,492293.8584769338,start,,0.0,,,,
Patient_1315,CTI prepara Encaminhamento,492327.82205197425,complete,,0.0,,,,
Patient_1315,Encaminha_para a Clinica Cirurgica,492327.82205197425,complete,,,para a Clinica Cirurgica,492327.82205197425,,
Patient_1315,Discharge,492327.82205197425,complete,,,,,,5137.575966428267
Patient_1316,Arrival,487610.86018898245,complete,,0.0,,,,
Patient_1316,Origem_do Pronto Socorro,487610.86018898245,complete,,,do Pronto Socorro,487610.86018898245,,
Patient_1316,CTI (PS),491702.7513314902,start,ctiBeds,0.0,,,,
Patient_1316,CTI (PS),492099.57287223166,complete,ctiBeds,0.0,,,,
Patient_1316,CTI prepara Encaminhamento,492099.57287223166,start,,0.0,,,,
Patient_1316,CTI prepara Encaminhamento,492153.056261071,complete,,0.0,,,,
Patient_1316,Encaminha_para a Clinica Medica,492153.056261071,complete,,,para a Clinica Medica,492153.056261071,,
Patient_1316,Discharge,492153.056261071,complete,,,,,,4542.1960720885545
Patient_1317,Arrival,488429.3226942348,complete,,0.0,,,,
Patient_1317,Origem_do Centro Cirurgico,488429.3226942348,complete,,,do Centro Cirurgico,488429.3226942348,,
Patient_1317,CTI (CC),492099.57287223166,start,ctiBeds,0.0,,,,
Patient_1317,CTI (CC),492489.7032276689,complete,ctiBeds,0.0,,,,
Patient_1317,CTI prepara Encaminhamento,492489.7032276689,start,,0.0,,,,
Patient_1317,CTI prepara Encaminhamento,492523.3488819455,complete,,0.0,,,,
Patient_1317,Encaminha_para a Clinica Cirurgica,492523.3488819455,complete,,,para a Clinica Cirurgica,492523.3488819455,,
Patient_1317,Discharge,492523.3488819455,complete,,,,,,4094.026187710697
Patient_1318,Arrival,488481.3091045687,complete,,0.0,,,,
Patient_1318,Origem_do Pronto Socorro,488481.3091045687,complete,,,do Pronto Socorro,488481.3091045687,,
Patient_1318,CTI (PS),492293.8584769338,start,ctiBeds,0.0,,,,
Patient_1318,CTI (PS),518413.222843816,complete,ctiBeds,0.0,,,,
Patient_1318,CTI prepara Encaminhamento,518413.222843816,start,,0.0,,,,
Patient_1318,CTI prepara Encaminhamento,518451.54822069046,complete,,0.0,,,,
Patient_1318,Encaminha_para a Clinica Medica,518451.54822069046,complete,,,para a Clinica Medica,518451.54822069046,,
Patient_1318,Discharge,518451.54822069046,complete,,,,,,29970.239116121782
Patient_1319,Arrival,488929.1159657808,complete,,0.0,,,,
Patient_1319,Origem_do Centro Cirurgico,488929.1159657808,complete,,,do Centro Cirurgico,488929.1159657808,,
Patient_1319,CTI (CC),492489.7032276689,start,ctiBeds,0.0,,,,
Patient_1319,CTI (CC),497074.862697636,complete,ctiBeds,0.0,,,,
Patient_1319,CTI prepara Encaminhamento,497074.862697636,start,,0.0,,,,
Patient_1319,CTI prepara Encaminhamento,497114.84489253035,complete,,0.0,,,,
Patient_1319,Encaminha_para a Clinica Medica,497114.84489253035,complete,,,para a Clinica Medica,497114.84489253035,,
Patient_1319,Discharge,497114.84489253035,complete,,,,,,8185.728926749551
Patient_132,Arrival,41195.47989803873,complete,,0.0,,,,
Patient_132,Origem_da Clinica Medica,41195.47989803873,complete,,,da Clinica Medica,41195.47989803873,,
Patient_132,CTI (CLIM),41195.47989803873,start,ctiBeds,0.0,,,,
Patient_132,CTI (CLIM),54315.17102423018,complete,ctiBeds,0.0,,,,
Patient_132,CTI prepara Encaminhamento,54315.17102423018,start,,0.0,,,,
Patient_132,CTI prepara Encaminhamento,54352.47627949466,complete,,0.0,,,,
Patient_132,Encaminha_para a Clinica Medica,54352.47627949466,complete,,,para a Clinica Medica,54352.47627949466,,
Patient_132,Discharge,54352.47627949466,complete,,,,,,13156.99638145593
Patient_1320,Arrival,489239.8260180683,complete,,0.0,,,,
Patient_1320,Origem_do Pronto Socorro,489239.8260180683,complete,,,do Pronto Socorro,489239.8260180683,,
Patient_1320,CTI (PS),492536.49695990566,start,ctiBeds,0.0,,,,
Patient_1320,CTI (PS),497429.1308176072,complete,ctiBeds,0.0,,,,
Patient_1320,CTI prepara Encaminhamento,497429.1308176072,start,,0.0,,,,
Patient_1320,CTI prepara Encaminhamento,497459.6982413239,complete,,0.0,,,,
Patient_1320,Encaminha_para a Clinica Cirurgica,497459.6982413239,complete,,,para a Clinica Cirurgica,497459.6982413239,,
Patient_1320,Discharge,497459.6982413239,complete,,,,,,8219.872223255574
Patient_1321,Arrival,489329.0480509297,complete,,0.0,,,,
Patient_1321,Origem_do Pronto Socorro,489329.0480509297,complete,,,do Pronto Socorro,489329.0480509297,,
Patient_1321,CTI (PS),492654.8417514999,start,ctiBeds,0.0,,,,
Patient_1321,CTI (PS),511534.9320884684,complete,ctiBeds,0.0,,,,
Patient_1321,CTI prepara Encaminhamento,511534.9320884684,start,,0.0,,,,
Patient_1321,CTI prepara Encaminhamento,511581.4625757507,complete,,0.0,,,,
Patient_1321,Encaminha_Obito,511581.4625757507,complete,,,Obito,511581.4625757507,,
Patient_1321,Discharge,511581.4625757507,complete,,,,,,22252.41452482104
Patient_1322,Arrival,489572.83468886703,complete,,0.0,,,,
Patient_1322,Origem_do Centro Cirurgico,489572.83468886703,complete,,,do Centro Cirurgico,489572.83468886703,,
Patient_1322,CTI (CC),492876.28475047636,start,ctiBeds,0.0,,,,
Patient_1322,CTI (CC),495835.4421349058,complete,ctiBeds,0.0,,,,
Patient_1322,CTI prepara Encaminhamento,495835.4421349058,start,,0.0,,,,
Patient_1322,CTI prepara Encaminhamento,495885.1131901932,complete,,0.0,,,,
Patient_1322,Encaminha_para a Clinica Medica,495885.1131901932,complete,,,para a Clinica Medica,495885.1131901932,,
Patient_1322,Discharge,495885.1131901932,complete,,,,,,6312.27850132616
Patient_1323,Arrival,490101.6020207612,complete,,0.0,,,,
Patient_1323,Origem_do Pronto Socorro,490101.6020207612,complete,,,do Pronto Socorro,490101.6020207612,,
Patient_1323,CTI (PS),493085.51382526243,start,ctiBeds,0.0,,,,
Patient_1323,CTI (PS),498191.1967163527,complete,ctiBeds,0.0,,,,
Patient_1323,CTI prepara Encaminhamento,498191.1967163527,start,,0.0,,,,
Patient_1323,CTI prepara Encaminhamento,498228.05705800286,complete,,0.0,,,,
Patient_1323,Encaminha_para a Clinica Cirurgica,498228.05705800286,complete,,,para a Clinica Cirurgica,498228.05705800286,,
Patient_1323,Discharge,498228.05705800286,complete,,,,,,8126.455037241685
Patient_1324,Arrival,490307.70549586194,complete,,0.0,,,,
Patient_1324,Origem_do Centro Cirurgico,490307.70549586194,complete,,,do Centro Cirurgico,490307.70549586194,,
Patient_1324,CTI (CC),493308.1441494998,start,ctiBeds,0.0,,,,
Patient_1324,CTI (CC),497108.38808496273,complete,ctiBeds,0.0,,,,
Patient_1324,CTI prepara Encaminhamento,497108.38808496273,start,,0.0,,,,
Patient_1324,CTI prepara Encaminhamento,497145.1891694444,complete,,0.0,,,,
Patient_1324,Encaminha_para a Clinica Cirurgica,497145.1891694444,complete,,,para a Clinica Cirurgica,497145.1891694444,,
Patient_1324,Discharge,497145.1891694444,complete,,,,,,6837.483673582436
Patient_1325,Arrival,490431.28798828303,complete,,0.0,,,,
Patient_1325,Origem_da Clinica Cirurgica,490431.28798828303,complete,,,da Clinica Cirurgica,490431.28798828303,,
Patient_1325,CTI (CLIC),493577.8120621962,start,ctiBeds,0.0,,,,
Patient_1325,CTI (CLIC),494609.12420307426,complete,ctiBeds,0.0,,,,
Patient_1325,CTI prepara Encaminhamento,494609.12420307426,start,,0.0,,,,
Patient_1325,CTI prepara Encaminhamento,494659.5005532251,complete,,0.0,,,,
Patient_1325,Encaminha_para a Clinica Cirurgica,494659.5005532251,complete,,,para a Clinica Cirurgica,494659.5005532251,,
Patient_1325,Discharge,494659.5005532251,complete,,,,,,4228.212564942078
Patient_1326,Arrival,490484.98711573257,complete,,0.0,,,,
Patient_1326,Origem_do Centro Cirurgico,490484.98711573257,complete,,,do Centro Cirurgico,490484.98711573257,,
Patient_1326,CTI (CC),493919.7255076101,start,ctiBeds,0.0,,,,
Patient_1327,Arrival,490601.53321329586,complete,,0.0,,,,
Patient_1327,Origem_do Pronto Socorro,490601.53321329586,complete,,,do Pronto Socorro,490601.53321329586,,
Patient_1327,CTI (PS),494231.5622863923,start,ctiBeds,0.0,,,,
Patient_1327,CTI (PS),501005.93742321944,complete,ctiBeds,0.0,,,,
Patient_1327,CTI prepara Encaminhamento,501005.93742321944,start,,0.0,,,,
Patient_1327,CTI prepara Encaminhamento,501058.26949280064,complete,,0.0,,,,
Patient_1327,Encaminha_para a Clinica Medica,501058.26949280064,complete,,,para a Clinica Medica,501058.26949280064,,
Patient_1327,Discharge,501058.26949280064,complete,,,,,,10456.736279504781
Patient_1328,Arrival,490916.07526464516,complete,,0.0,,,,
Patient_1328,Origem_do Pronto Socorro,490916.07526464516,complete,,,do Pronto Socorro,490916.07526464516,,
Patient_1328,CTI (PS),494609.12420307426,start,ctiBeds,0.0,,,,
Patient_1328,CTI (PS),517716.79385385563,complete,ctiBeds,0.0,,,,
Patient_1328,CTI prepara Encaminhamento,517716.79385385563,start,,0.0,,,,
Patient_1328,CTI prepara Encaminhamento,517751.19489638926,complete,,0.0,,,,
Patient_1328,Encaminha_Obito,517751.19489638926,complete,,,Obito,517751.19489638926,,
Patient_1328,Discharge,517751.19489638926,complete,,,,,,26835.119631744106
Patient_1329,Arrival,491861.5655485782,complete,,0.0,,,,
Patient_1329,Origem_da Maternidade,491861.5655485782,complete,,,da Maternidade,491861.5655485782,,
Patient_1329,CTI (MAT),495232.9644117915,start,ctiBeds,0.0,,,,
Patient_1329,CTI (MAT),496604.4640942104,complete,ctiBeds,0.0,,,,
Patient_1329,CTI prepara Encaminhamento,496604.4640942104,start,,0.0,,,,
Patient_1329,CTI prepara Encaminhamento,496661.6359126779,complete,,0.0,,,,
Patient_1329,Encaminha_Transferencia Externa,496661.6359126779,complete,,,Transferencia Externa,496661.6359126779,,
Patient_1329,Discharge,496661.6359126779,complete,,,,,,4800.070364099694
Patient_133,Arrival,41489.07828403734,complete,,0.0,,,,
Patient_133,Origem_do Centro Cirurgico,41489.07828403734,complete,,,do Centro Cirurgico,41489.07828403734,,
Patient_133,CTI (CC),41489.07828403734,start,ctiBeds,0.0,,,,
Patient_133,CTI (CC),52465.8636955329,complete,ctiBeds,0.0,,,,
Patient_133,CTI prepara Encaminhamento,52465.8636955329,start,,0.0,,,,
Patient_133,CTI prepara Encaminhamento,52511.426926516535,complete,,0.0,,,,
Patient_133,Encaminha_para a Clinica Cirurgica,52511.426926516535,complete,,,para a Clinica Cirurgica,52511.426926516535,,
Patient_133,Discharge,52511.426926516535,complete,,,,,,11022.348642479192
Patient_1330,Arrival,492033.0930936861,complete,,0.0,,,,
Patient_1330,Origem_do Pronto Socorro,492033.0930936861,complete,,,do Pronto Socorro,492033.0930936861,,
Patient_1330,CTI (PS),495550.3295126913,start,ctiBeds,0.0,,,,
Patient_1330,CTI (PS),511466.9703586465,complete,ctiBeds,0.0,,,,
Patient_1330,CTI prepara Encaminhamento,511466.9703586465,start,,0.0,,,,
Patient_1330,CTI prepara Encaminhamento,511506.0824754117,complete,,0.0,,,,
Patient_1330,Encaminha_Obito,511506.0824754117,complete,,,Obito,511506.0824754117,,
Patient_1330,Discharge,511506.0824754117,complete,,,,,,19472.98938172561
Patient_1331,Arrival,492140.84953322826,complete,,0.0,,,,
Patient_1331,Origem_do Pronto Socorro,492140.84953322826,complete,,,do Pronto Socorro,492140.84953322826,,
Patient_1331,CTI (PS),495835.4421349058,start,ctiBeds,0.0,,,,
Patient_1331,CTI (PS),509008.5940154005,complete,ctiBeds,0.0,,,,
Patient_1331,CTI prepara Encaminhamento,509008.5940154005,start,,0.0,,,,
Patient_1331,CTI prepara Encaminhamento,509056.3013212915,complete,,0.0,,,,
Patient_1331,Encaminha_para a Clinica Medica,509056.3013212915,complete,,,para a Clinica Medica,509056.3013212915,,
Patient_1331,Discharge,509056.3013212915,complete,,,,,,16915.45178806322
Patient_1332,Arrival,492278.3563191803,complete,,0.0,,,,
Patient_1332,Origem_do Centro Cirurgico,492278.3563191803,complete,,,do Centro Cirurgico,492278.3563191803,,
Patient_1332,CTI (CC),495900.29713323724,start,ctiBeds,0.0,,,,
Patient_1332,CTI (CC),501466.93766235333,complete,ctiBeds,0.0,,,,
Patient_1332,CTI prepara Encaminhamento,501466.93766235333,start,,0.0,,,,
Patient_1332,CTI prepara Encaminhamento,501502.2550822671,complete,,0.0,,,,
Patient_1332,Encaminha_para a Clinica Cirurgica,501502.2550822671,complete,,,para a Clinica Cirurgica,501502.2550822671,,
Patient_1332,Discharge,501502.2550822671,complete,,,,,,9223.898763086821
Patient_1333,Arrival,492443.6709580033,complete,,0.0,,,,
Patient_1333,Origem_do Centro Cirurgico,492443.6709580033,complete,,,do Centro Cirurgico,492443.6709580033,,
Patient_1333,CTI (CC),496604.4640942104,start,ctiBeds,0.0,,,,
Patient_1333,CTI (CC),515550.4351298414,complete,ctiBeds,0.0,,,,
Patient_1333,CTI prepara Encaminhamento,515550.4351298414,start,,0.0,,,,
Patient_1333,CTI prepara Encaminhamento,515609.08853480546,complete,,0.0,,,,
Patient_1333,Encaminha_Transferencia Externa,515609.08853480546,complete,,,Transferencia Externa,515609.08853480546,,
Patient_1333,Discharge,515609.08853480546,complete,,,,,,23165.417576802138
Patient_1334,Arrival,492658.5894478398,complete,,0.0,,,,
Patient_1334,Origem_do Pronto Socorro,492658.5894478398,complete,,,do Pronto Socorro,492658.5894478398,,
Patient_1334,CTI (PS),497074.862697636,start,ctiBeds,0.0,,,,
Patient_1334,CTI (PS),506759.4386602481,complete,ctiBeds,0.0,,,,
Patient_1334,CTI prepara Encaminhamento,506759.4386602481,start,,0.0,,,,
Patient_1334,CTI prepara Encaminhamento,506790.66446426156,complete,,0.0,,,,
Patient_1334,Encaminha_para a Clinica Medica,506790.66446426156,complete,,,para a Clinica Medica,506790.66446426156,,
Patient_1334,Discharge,506790.66446426156,complete,,,,,,14132.075016421732
Patient_1335,Arrival,493085.483288815,complete,,0.0,,,,
Patient_1335,Origem_do Pronto Socorro,493085.483288815,complete,,,do Pronto Socorro,493085.483288815,,
Patient_1335,CTI (PS),497108.38808496273,start,ctiBeds,0.0,,,,
Patient_1335,CTI (PS),499210.01834817353,complete,ctiBeds,0.0,,,,
Patient_1335,CTI prepara Encaminhamento,499210.01834817353,start,,0.0,,,,
Patient_1335,CTI prepara Encaminhamento,499242.3485055633,complete,,0.0,,,,
Patient_1335,Encaminha_para a Clinica Medica,499242.3485055633,complete,,,para a Clinica Medica,499242.3485055633,,
Patient_1335,Discharge,499242.3485055633,complete,,,,,,6156.865216748265
Patient_1336,Arrival,493311.1416306055,complete,,0.0,,,,
Patient_1336,Origem_do Pronto Socorro,493311.1416306055,complete,,,do Pronto Socorro,493311.1416306055,,
Patient_1336,CTI (PS),497429.1308176072,start,ctiBeds,0.0,,,,
Patient_1336,CTI (PS),498343.3047177575,complete,ctiBeds,0.0,,,,
Patient_1336,CTI prepara Encaminhamento,498343.3047177575,start,,0.0,,,,
Patient_1336,CTI prepara Encaminhamento,498396.91603397904,complete,,0.0,,,,
Patient_1336,Encaminha_para a Clinica Cirurgica,498396.91603397904,complete,,,para a Clinica Cirurgica,498396.91603397904,,
Patient_1336,Discharge,498396.91603397904,complete,,,,,,5085.774403373536
Patient_1337,Arrival,493873.6920223374,complete,,0.0,,,,
Patient_1337,Origem_do Pronto Socorro,493873.6920223374,complete,,,do Pronto Socorro,493873.6920223374,,
Patient_1337,CTI (PS),497708.7353958242,start,ctiBeds,0.0,,,,
Patient_1337,CTI (PS),498861.894106208,complete,ctiBeds,0.0,,,,
Patient_1337,CTI prepara Encaminhamento,498861.894106208,start,,0.0,,,,
Patient_1337,CTI prepara Encaminhamento,498916.6947177907,complete,,0.0,,,,
Patient_1337,Encaminha_para a Clinica Medica,498916.6947177907,complete,,,para a Clinica Medica,498916.6947177907,,
Patient_1337,Discharge,498916.6947177907,complete,,,,,,5043.002695453295
Patient_1338,Arrival,494114.9388316279,complete,,0.0,,,,
Patient_1338,Origem_do Pronto Socorro,494114.9388316279,complete,,,do Pronto Socorro,494114.9388316279,,
Patient_1338,CTI (PS),497788.93319317093,start,ctiBeds,0.0,,,,
Patient_1338,CTI (PS),521879.65661891055,complete,ctiBeds,0.0,,,,
Patient_1338,CTI prepara Encaminhamento,521879.65661891055,start,,0.0,,,,
Patient_1338,CTI prepara Encaminhamento,521933.24541371,complete,,0.0,,,,
Patient_1338,Encaminha_para a Clinica Medica,521933.24541371,complete,,,para a Clinica Medica,521933.24541371,,
Patient_1338,Discharge,521933.24541371,complete,,,,,,27818.30658208212
Patient_1339,Arrival,494253.31071464886,complete,,0.0,,,,
Patient_1339,Origem_da Clinica Cirurgica,494253.31071464886,complete,,,da Clinica Cirurgica,494253.31071464886,,
Patient_1339,CTI (CLIC),498191.1967163527,start,ctiBeds,0.0,,,,
Patient_1339,CTI (CLIC),503054.0043080224,complete,ctiBeds,0.0,,,,
Patient_1339,CTI prepara Encaminhamento,503054.0043080224,start,,0.0,,,,
Patient_1339,CTI prepara Encaminhamento,503103.88100735715,complete,,0.0,,,,
Patient_1339,Encaminha_para a Clinica Cirurgica,503103.88100735715,complete,,,para a Clinica Cirurgica,503103.88100735715,,
Patient_1339,Discharge,503103.88100735715,complete,,,,,,8850.57029270829
Patient_134,Arrival,41514.88755815204,complete,,0.0,,,,
Patient_134,Origem_do Pronto Socorro,41514.88755815204,complete,,,do Pronto Socorro,41514.88755815204,,
Patient_134,CTI (PS),41854.73943365365,start,ctiBeds,0.0,,,,
Patient_134,CTI (PS),53508.223509412586,complete,ctiBeds,0.0,,,,
Patient_134,CTI prepara Encaminhamento,53508.223509412586,start,,0.0,,,,
Patient_134,CTI prepara Encaminhamento,53558.62131662237,complete,,0.0,,,,
Patient_134,Encaminha_Obito,53558.62131662237,complete,,,Obito,53558.62131662237,,
Patient_134,Discharge,53558.62131662237,complete,,,,,,12043.733758470327
Patient_1340,Arrival,494316.1008688575,complete,,0.0,,,,
Patient_1340,Origem_do Centro Cirurgico,494316.1008688575,complete,,,do Centro Cirurgico,494316.1008688575,,
Patient_1340,CTI (CC),498202.39509092155,start,ctiBeds,0.0,,,,
Patient_1340,CTI (CC),501135.48384276155,complete,ctiBeds,0.0,,,,
Patient_1340,CTI prepara Encaminhamento,501135.48384276155,start,,0.0,,,,
Patient_1340,CTI prepara Encaminhamento,501171.37126657565,complete,,0.0,,,,
Patient_1340,Encaminha_para a Clinica Medica,501171.37126657565,complete,,,para a Clinica Medica,501171.37126657565,,
Patient_1340,Discharge,501171.37126657565,complete,,,,,,6855.270397718123
Patient_1341,Arrival,494820.8357701855,complete,,0.0,,,,
Patient_1341,Origem_do Centro Cirurgico,494820.8357701855,complete,,,do Centro Cirurgico,494820.8357701855,,
Patient_1341,CTI (CC),498343.3047177575,start,ctiBeds,0.0,,,,
Patient_1341,CTI (CC),500685.2877124576,complete,ctiBeds,0.0,,,,
Patient_1341,CTI prepara Encaminhamento,500685.2877124576,start,,0.0,,,,
Patient_1341,CTI prepara Encaminhamento,500720.2416513133,complete,,0.0,,,,
Patient_1341,Encaminha_para a Clinica Cirurgica,500720.2416513133,complete,,,para a Clinica Cirurgica,500720.2416513133,,
Patient_1341,Discharge,500720.2416513133,complete,,,,,,5899.405881127808
Patient_1342,Arrival,494956.0224566392,complete,,0.0,,,,
Patient_1342,Origem_do Pronto Socorro,494956.0224566392,complete,,,do Pronto Socorro,494956.0224566392,,
Patient_1342,CTI (PS),498861.894106208,start,ctiBeds,0.0,,,,
Patient_1342,CTI (PS),501960.0523488472,complete,ctiBeds,0.0,,,,
Patient_1342,CTI prepara Encaminhamento,501960.0523488472,start,,0.0,,,,
Patient_1342,CTI prepara Encaminhamento,502012.42025826796,complete,,0.0,,,,
Patient_1342,Encaminha_para a Clinica Medica,502012.42025826796,complete,,,para a Clinica Medica,502012.42025826796,,
Patient_1342,Discharge,502012.42025826796,complete,,,,,,7056.397801628744
Patient_1343,Arrival,495512.71868429455,complete,,0.0,,,,
Patient_1343,Origem_do Centro Cirurgico,495512.71868429455,complete,,,do Centro Cirurgico,495512.71868429455,,
Patient_1343,CTI (CC),498933.3579660357,start,ctiBeds,0.0,,,,
Patient_1343,CTI (CC),500536.5558998472,complete,ctiBeds,0.0,,,,
Patient_1343,CTI prepara Encaminhamento,500536.5558998472,start,,0.0,,,,
Patient_1343,CTI prepara Encaminhamento,500581.234731677,complete,,0.0,,,,
Patient_1343,Encaminha_para o Centro Cirurgico,500581.234731677,complete,,,para o Centro Cirurgico,500581.234731677,,
Patient_1343,Discharge,500581.234731677,complete,,,,,,5068.516047382436
Patient_1344,Arrival,496530.3463696415,complete,,0.0,,,,
Patient_1344,Origem_do Centro Cirurgico,496530.3463696415,complete,,,do Centro Cirurgico,496530.3463696415,,
Patient_1344,CTI (CC),498981.73847615183,start,ctiBeds,0.0,,,,
Patient_1344,CTI (CC),499692.78339313006,complete,ctiBeds,0.0,,,,
Patient_1344,CTI prepara Encaminhamento,499692.78339313006,start,,0.0,,,,
Patient_1344,CTI prepara Encaminhamento,499744.6061721392,complete,,0.0,,,,
Patient_1344,Encaminha_para a Clinica Medica,499744.6061721392,complete,,,para a Clinica Medica,499744.6061721392,,
Patient_1344,Discharge,499744.6061721392,complete,,,,,,3214.2598024976905
Patient_1345,Arrival,496660.1395802703,complete,,0.0,,,,
Patient_1345,Origem_do Pronto Socorro,496660.1395802703,complete,,,do Pronto Socorro,496660.1395802703,,
Patient_1345,CTI (PS),499210.01834817353,start,ctiBeds,0.0,,,,
Patient_1345,CTI (PS),501370.2325210162,complete,ctiBeds,0.0,,,,
Patient_1345,CTI prepara Encaminhamento,501370.2325210162,start,,0.0,,,,
Patient_1345,CTI prepara Encaminhamento,501417.2582143063,complete,,0.0,,,,
Patient_1345,Encaminha_para a Clinica Cirurgica,501417.2582143063,complete,,,para a Clinica Cirurgica,501417.2582143063,,
Patient_1345,Discharge,501417.2582143063,complete,,,,,,4757.118634036044
Patient_1346,Arrival,497531.7059534286,complete,,0.0,,,,
Patient_1346,Origem_do Centro Cirurgico,497531.7059534286,complete,,,do Centro Cirurgico,497531.7059534286,,
Patient_1346,CTI (CC),499443.2808597544,start,ctiBeds,0.0,,,,
Patient_1346,CTI (CC),499672.4333157222,complete,ctiBeds,0.0,,,,
Patient_1346,CTI prepara Encaminhamento,499672.4333157222,start,,0.0,,,,
Patient_1346,CTI prepara Encaminhamento,499711.79901432106,complete,,0.0,,,,
Patient_1346,Encaminha_para a Clinica Medica,499711.79901432106,complete,,,para a Clinica Medica,499711.79901432106,,
Patient_1346,Discharge,499711.79901432106,complete,,,,,,2180.0930608924828
Patient_1347,Arrival,497844.7355150188,complete,,0.0,,,,
Patient_1347,Origem_do Centro Cirurgico,497844.7355150188,complete,,,do Centro Cirurgico,497844.7355150188,,
Patient_1347,CTI (CC),499672.4333157222,start,ctiBeds,0.0,,,,
Patient_1347,CTI (CC),505009.0583075095,complete,ctiBeds,0.0,,,,
Patient_1347,CTI prepara Encaminhamento,505009.0583075095,start,,0.0,,,,
Patient_1347,CTI prepara Encaminhamento,505051.2361295766,complete,,0.0,,,,
Patient_1347,Encaminha_para a Clinica Cirurgica,505051.2361295766,complete,,,para a Clinica Cirurgica,505051.2361295766,,
Patient_1347,Discharge,505051.2361295766,complete,,,,,,7206.5006145577645
Patient_1348,Arrival,498136.02063152345,complete,,0.0,,,,
Patient_1348,Origem_do Pronto Socorro,498136.02063152345,complete,,,do Pronto Socorro,498136.02063152345,,
Patient_1348,CTI (PS),499692.78339313006,start,ctiBeds,0.0,,,,
Patient_1348,CTI (PS),504150.989364338,complete,ctiBeds,0.0,,,,
Patient_1348,CTI prepara Encaminhamento,504150.989364338,start,,0.0,,,,
Patient_1348,CTI prepara Encaminhamento,504207.57883887755,complete,,0.0,,,,
Patient_1348,Encaminha_para a Clinica Medica,504207.57883887755,complete,,,para a Clinica Medica,504207.57883887755,,
Patient_1348,Discharge,504207.57883887755,complete,,,,,,6071.558207354101
Patient_1349,Arrival,498448.38752676663,complete,,0.0,,,,
Patient_1349,Origem_do Pronto Socorro,498448.38752676663,complete,,,do Pronto Socorro,498448.38752676663,,
Patient_1349,CTI (PS),499816.697578982,start,ctiBeds,0.0,,,,
Patient_1349,CTI (PS),502810.9530342225,complete,ctiBeds,0.0,,,,
Patient_1349,CTI prepara Encaminhamento,502810.9530342225,start,,0.0,,,,
Patient_1349,CTI prepara Encaminhamento,502857.00813724037,complete,,0.0,,,,
Patient_1349,Encaminha_para a Clinica Medica,502857.00813724037,complete,,,para a Clinica Medica,502857.00813724037,,
Patient_1349,Discharge,502857.00813724037,complete,,,,,,4408.620610473736
Patient_135,Arrival,42199.82713319637,complete,,0.0,,,,
Patient_135,Origem_do Pronto Socorro,42199.82713319637,complete,,,do Pronto Socorro,42199.82713319637,,
Patient_135,CTI (PS),42369.280899155325,start,ctiBeds,0.0,,,,
Patient_135,CTI (PS),55094.623506436496,complete,ctiBeds,0.0,,,,
Patient_135,CTI prepara Encaminhamento,55094.623506436496,start,,0.0,,,,
Patient_135,CTI prepara Encaminhamento,55136.69109972437,complete,,0.0,,,,
Patient_135,Encaminha_para a Clinica Cirurgica,55136.69109972437,complete,,,para a Clinica Cirurgica,55136.69109972437,,
Patient_135,Discharge,55136.69109972437,complete,,,,,,12936.863966527999
Patient_1350,Arrival,498812.90811266925,complete,,0.0,,,,
Patient_1350,Origem_do Centro Cirurgico,498812.90811266925,complete,,,do Centro Cirurgico,498812.90811266925,,
Patient_1350,CTI (CC),500122.47655274154,start,ctiBeds,0.0,,,,
Patient_1351,Arrival,499032.95333467465,complete,,0.0,,,,
Patient_1351,Origem_do Centro Cirurgico,499032.95333467465,complete,,,do Centro Cirurgico,499032.95333467465,,
Patient_1351,CTI (CC),500303.2799799879,start,ctiBeds,0.0,,,,
Patient_1351,CTI (CC),502088.99543720117,complete,ctiBeds,0.0,,,,
Patient_1351,CTI prepara Encaminhamento,502088.99543720117,start,,0.0,,,,
Patient_1351,CTI prepara Encaminhamento,502123.7561554371,complete,,0.0,,,,
Patient_1351,Encaminha_Transferencia Externa,502123.7561554371,complete,,,Transferencia Externa,502123.7561554371,,
Patient_1351,Discharge,502123.7561554371,complete,,,,,,3090.8028207624448
Patient_1352,Arrival,499747.13053731085,complete,,0.0,,,,
Patient_1352,Origem_do Pronto Socorro,499747.13053731085,complete,,,do Pronto Socorro,499747.13053731085,,
Patient_1352,CTI (PS),500527.95683908975,start,ctiBeds,0.0,,,,
Patient_1352,CTI (PS),501892.32950946037,complete,ctiBeds,0.0,,,,
Patient_1352,CTI prepara Encaminhamento,501892.32950946037,start,,0.0,,,,
Patient_1352,CTI prepara Encaminhamento,501934.9493688846,complete,,0.0,,,,
Patient_1352,Encaminha_para a Clinica Medica,501934.9493688846,complete,,,para a Clinica Medica,501934.9493688846,,
Patient_1352,Discharge,501934.9493688846,complete,,,,,,2187.8188315737643
Patient_1353,Arrival,500203.241195304,complete,,0.0,,,,
Patient_1353,Origem_da Clinica Cirurgica,500203.241195304,complete,,,da Clinica Cirurgica,500203.241195304,,
Patient_1353,CTI (CLIC),500536.5558998472,start,ctiBeds,0.0,,,,
Patient_1353,CTI (CLIC),501567.41126567713,complete,ctiBeds,0.0,,,,
Patient_1353,CTI prepara Encaminhamento,501567.41126567713,start,,0.0,,,,
Patient_1353,CTI prepara Encaminhamento,501611.1551374126,complete,,0.0,,,,
Patient_1353,Encaminha_Obito,501611.1551374126,complete,,,Obito,501611.1551374126,,
Patient_1353,Discharge,501611.1551374126,complete,,,,,,1407.913942108571
Patient_1354,Arrival,500820.65726163855,complete,,0.0,,,,
Patient_1354,Origem_do Pronto Socorro,500820.65726163855,complete,,,do Pronto Socorro,500820.65726163855,,
Patient_1354,CTI (PS),500820.65726163855,start,ctiBeds,0.0,,,,
Patient_1354,CTI (PS),509268.5840053594,complete,ctiBeds,0.0,,,,
Patient_1354,CTI prepara Encaminhamento,509268.5840053594,start,,0.0,,,,
Patient_1354,CTI prepara Encaminhamento,509321.1088969002,complete,,0.0,,,,
Patient_1354,Encaminha_para a Clinica Cirurgica,509321.1088969002,complete,,,para a Clinica Cirurgica,509321.1088969002,,
Patient_1354,Discharge,509321.1088969002,complete,,,,,,8500.451635261648
Patient_1355,Arrival,500884.9707514333,complete,,0.0,,,,
Patient_1355,Origem_do Pronto Socorro,500884.9707514333,complete,,,do Pronto Socorro,500884.9707514333,,
Patient_1355,CTI (PS),501005.93742321944,start,ctiBeds,0.0,,,,
Patient_1355,CTI (PS),505539.9440489112,complete,ctiBeds,0.0,,,,
Patient_1355,CTI prepara Encaminhamento,505539.9440489112,start,,0.0,,,,
Patient_1355,CTI prepara Encaminhamento,505572.56906283874,complete,,0.0,,,,
Patient_1355,Encaminha_para a Clinica Cirurgica,505572.56906283874,complete,,,para a Clinica Cirurgica,505572.56906283874,,
Patient_1355,Discharge,505572.56906283874,complete,,,,,,4687.598311405454
Patient_1356,Arrival,500948.4525171414,complete,,0.0,,,,
Patient_1356,Origem_do Pronto Socorro,500948.4525171414,complete,,,do Pronto Socorro,500948.4525171414,,
Patient_1356,CTI (PS),501135.48384276155,start,ctiBeds,0.0,,,,
Patient_1356,CTI (PS),503698.85382399557,complete,ctiBeds,0.0,,,,
Patient_1356,CTI prepara Encaminhamento,503698.85382399557,start,,0.0,,,,
Patient_1356,CTI prepara Encaminhamento,503756.7808837378,complete,,0.0,,,,
Patient_1356,Encaminha_para a Clinica Cirurgica,503756.7808837378,complete,,,para a Clinica Cirurgica,503756.7808837378,,
Patient_1356,Discharge,503756.7808837378,complete,,,,,,2808.328366596368
Patient_1357,Arrival,501703.62406138756,complete,,0.0,,,,
Patient_1357,Origem_do Centro Cirurgico,501703.62406138756,complete,,,do Centro Cirurgico,501703.62406138756,,
Patient_1357,CTI (CC),501703.62406138756,start,ctiBeds,0.0,,,,
Patient_1357,CTI (CC),509270.3943051807,complete,ctiBeds,0.0,,,,
Patient_1357,CTI prepara Encaminhamento,509270.3943051807,start,,0.0,,,,
Patient_1357,CTI prepara Encaminhamento,509327.43370187574,complete,,0.0,,,,
Patient_1357,Encaminha_para a Clinica Cirurgica,509327.43370187574,complete,,,para a Clinica Cirurgica,509327.43370187574,,
Patient_1357,Discharge,509327.43370187574,complete,,,,,,7623.80964048818
Patient_1358,Arrival,502105.2284584684,complete,,0.0,,,,
Patient_1358,Origem_do Pronto Socorro,502105.2284584684,complete,,,do Pronto Socorro,502105.2284584684,,
Patient_1358,CTI (PS),502105.2284584684,start,ctiBeds,0.0,,,,
Patient_1358,CTI (PS),508329.35894579295,complete,ctiBeds,0.0,,,,
Patient_1358,CTI prepara Encaminhamento,508329.35894579295,start,,0.0,,,,
Patient_1358,CTI prepara Encaminhamento,508382.5005354342,complete,,0.0,,,,
Patient_1358,Encaminha_para a Clinica Cirurgica,508382.5005354342,complete,,,para a Clinica Cirurgica,508382.5005354342,,
Patient_1358,Discharge,508382.5005354342,complete,,,,,,6277.272076965834
Patient_1359,Arrival,502293.36125690857,complete,,0.0,,,,
Patient_1359,Origem_do Pronto Socorro,502293.36125690857,complete,,,do Pronto Socorro,502293.36125690857,,
Patient_1359,CTI (PS),502293.36125690857,start,ctiBeds,0.0,,,,
Patient_136,Arrival,42875.741921529385,complete,,0.0,,,,
Patient_136,Origem_do Pronto Socorro,42875.741921529385,complete,,,do Pronto Socorro,42875.741921529385,,
Patient_136,CTI (PS),42875.741921529385,start,ctiBeds,0.0,,,,
Patient_136,CTI (PS),45467.35440922413,complete,ctiBeds,0.0,,,,
Patient_136,CTI prepara Encaminhamento,45467.35440922413,start,,0.0,,,,
Patient_136,CTI prepara Encaminhamento,45505.82521932865,complete,,0.0,,,,
Patient_136,Encaminha_para a Clinica Medica,45505.82521932865,complete,,,para a Clinica Medica,45505.82521932865,,
Patient_136,Discharge,45505.82521932865,complete,,,,,,2630.0832977992686
Patient_1360,Arrival,502768.71972695366,complete,,0.0,,,,
Patient_1360,Origem_da Clinica Medica,502768.71972695366,complete,,,da Clinica Medica,502768.71972695366,,
Patient_1360,CTI (CLIM),502768.71972695366,start,ctiBeds,0.0,,,,
Patient_1360,CTI (CLIM),512059.0044339185,complete,ctiBeds,0.0,,,,
Patient_1360,CTI prepara Encaminhamento,512059.0044339185,start,,0.0,,,,
Patient_1360,CTI prepara Encaminhamento,512118.48337538773,complete,,0.0,,,,
Patient_1360,Encaminha_para a Clinica Cirurgica,512118.48337538773,complete,,,para a Clinica Cirurgica,512118.48337538773,,
Patient_1360,Discharge,512118.48337538773,complete,,,,,,9349.763648434076
Patient_1361,Arrival,504397.1044635348,complete,,0.0,,,,
Patient_1361,Origem_do Centro Cirurgico,504397.1044635348,complete,,,do Centro Cirurgico,504397.1044635348,,
Patient_1361,CTI (CC),504397.1044635348,start,ctiBeds,0.0,,,,
Patient_1361,CTI (CC),507596.0918763923,complete,ctiBeds,0.0,,,,
Patient_1361,CTI prepara Encaminhamento,507596.0918763923,start,,0.0,,,,
Patient_1361,CTI prepara Encaminhamento,507633.0133131789,complete,,0.0,,,,
Patient_1361,Encaminha_Obito,507633.0133131789,complete,,,Obito,507633.0133131789,,
Patient_1361,Discharge,507633.0133131789,complete,,,,,,3235.9088496441254
Patient_1362,Arrival,504977.8773003293,complete,,0.0,,,,
Patient_1362,Origem_do Centro Cirurgico,504977.8773003293,complete,,,do Centro Cirurgico,504977.8773003293,,
Patient_1362,CTI (CC),504977.8773003293,start,ctiBeds,0.0,,,,
Patient_1362,CTI (CC),505472.1752446052,complete,ctiBeds,0.0,,,,
Patient_1362,CTI prepara Encaminhamento,505472.1752446052,start,,0.0,,,,
Patient_1362,CTI prepara Encaminhamento,505529.0085489481,complete,,0.0,,,,
Patient_1362,Encaminha_para a Clinica Medica,505529.0085489481,complete,,,para a Clinica Medica,505529.0085489481,,
Patient_1362,Discharge,505529.0085489481,complete,,,,,,551.1312486188253
Patient_1363,Arrival,504984.465156243,complete,,0.0,,,,
Patient_1363,Origem_do Pronto Socorro,504984.465156243,complete,,,do Pronto Socorro,504984.465156243,,
Patient_1363,CTI (PS),504984.465156243,start,ctiBeds,0.0,,,,
Patient_1363,CTI (PS),506579.27320611605,complete,ctiBeds,0.0,,,,
Patient_1363,CTI prepara Encaminhamento,506579.27320611605,start,,0.0,,,,
Patient_1363,CTI prepara Encaminhamento,506620.35802516114,complete,,0.0,,,,
Patient_1363,Encaminha_Obito,506620.35802516114,complete,,,Obito,506620.35802516114,,
Patient_1363,Discharge,506620.35802516114,complete,,,,,,1635.892868918134
Patient_1364,Arrival,505395.9821321203,complete,,0.0,,,,
Patient_1364,Origem_do Centro Cirurgico,505395.9821321203,complete,,,do Centro Cirurgico,505395.9821321203,,
Patient_1364,CTI (CC),505395.9821321203,start,ctiBeds,0.0,,,,
Patient_1364,CTI (CC),507357.12290932826,complete,ctiBeds,0.0,,,,
Patient_1364,CTI prepara Encaminhamento,507357.12290932826,start,,0.0,,,,
Patient_1364,CTI prepara Encaminhamento,507391.0142840715,complete,,0.0,,,,
Patient_1364,Encaminha_para a Clinica Cirurgica,507391.0142840715,complete,,,para a Clinica Cirurgica,507391.0142840715,,
Patient_1364,Discharge,507391.0142840715,complete,,,,,,1995.0321519512217
Patient_1365,Arrival,505524.93377304793,complete,,0.0,,,,
Patient_1365,Origem_da Clinica Medica,505524.93377304793,complete,,,da Clinica Medica,505524.93377304793,,
Patient_1365,CTI (CLIM),505524.93377304793,start,ctiBeds,0.0,,,,
Patient_1366,Arrival,505610.0948670756,complete,,0.0,,,,
Patient_1366,Origem_do Pronto Socorro,505610.0948670756,complete,,,do Pronto Socorro,505610.0948670756,,
Patient_1366,CTI (PS),505610.0948670756,start,ctiBeds,0.0,,,,
Patient_1366,CTI (PS),511604.12090886745,complete,ctiBeds,0.0,,,,
Patient_1366,CTI prepara Encaminhamento,511604.12090886745,start,,0.0,,,,
Patient_1366,CTI prepara Encaminhamento,511643.3164267578,complete,,0.0,,,,
Patient_1366,Encaminha_para a Clinica Cirurgica,511643.3164267578,complete,,,para a Clinica Cirurgica,511643.3164267578,,
Patient_1366,Discharge,511643.3164267578,complete,,,,,,6033.2215596821625
Patient_1367,Arrival,506057.40527335444,complete,,0.0,,,,
Patient_1367,Origem_do Centro Cirurgico,506057.40527335444,complete,,,do Centro Cirurgico,506057.40527335444,,
Patient_1367,CTI (CC),506057.40527335444,start,ctiBeds,0.0,,,,
Patient_1368,Arrival,506155.86780041043,complete,,0.0,,,,
Patient_1368,Origem_do Centro Cirurgico,506155.86780041043,complete,,,do Centro Cirurgico,506155.86780041043,,
Patient_1368,CTI (CC),506155.86780041043,start,ctiBeds,0.0,,,,
Patient_1368,CTI (CC),509361.3174149752,complete,ctiBeds,0.0,,,,
Patient_1368,CTI prepara Encaminhamento,509361.3174149752,start,,0.0,,,,
Patient_1368,CTI prepara Encaminhamento,509408.5092612997,complete,,0.0,,,,
Patient_1368,Encaminha_para o Pronto Socorro,509408.5092612997,complete,,,para o Pronto Socorro,509408.5092612997,,
Patient_1368,Discharge,509408.5092612997,complete,,,,,,3252.641460889252
Patient_1369,Arrival,506646.17920626875,complete,,0.0,,,,
Patient_1369,Origem_do Pronto Socorro,506646.17920626875,complete,,,do Pronto Socorro,506646.17920626875,,
Patient_1369,CTI (PS),506646.17920626875,start,ctiBeds,0.0,,,,
Patient_137,Arrival,43381.862481212804,complete,,0.0,,,,
Patient_137,Origem_do Pronto Socorro,43381.862481212804,complete,,,do Pronto Socorro,43381.862481212804,,
Patient_137,CTI (PS),43381.862481212804,start,ctiBeds,0.0,,,,
Patient_137,CTI (PS),63439.140695319045,complete,ctiBeds,0.0,,,,
Patient_137,CTI prepara Encaminhamento,63439.140695319045,start,,0.0,,,,
Patient_137,CTI prepara Encaminhamento,63475.32303428964,complete,,0.0,,,,
Patient_137,Encaminha_Obito,63475.32303428964,complete,,,Obito,63475.32303428964,,
Patient_137,Discharge,63475.32303428964,complete,,,,,,20093.46055307684
Patient_1370,Arrival,506825.8635561263,complete,,0.0,,,,
Patient_1370,Origem_da Clinica Cirurgica,506825.8635561263,complete,,,da Clinica Cirurgica,506825.8635561263,,
Patient_1370,CTI (CLIC),506825.8635561263,start,ctiBeds,0.0,,,,
Patient_1370,CTI (CLIC),507465.88938740897,complete,ctiBeds,0.0,,,,
Patient_1370,CTI prepara Encaminhamento,507465.88938740897,start,,0.0,,,,
Patient_1370,CTI prepara Encaminhamento,507509.4761609691,complete,,0.0,,,,
Patient_1370,Encaminha_para a Clinica Medica,507509.4761609691,complete,,,para a Clinica Medica,507509.4761609691,,
Patient_1370,Discharge,507509.4761609691,complete,,,,,,683.6126048428123
Patient_1371,Arrival,506991.8484082115,complete,,0.0,,,,
Patient_1371,Origem_do Pronto Socorro,506991.8484082115,complete,,,do Pronto Socorro,506991.8484082115,,
Patient_1371,CTI (PS),506991.8484082115,start,ctiBeds,0.0,,,,
Patient_1371,CTI (PS),516081.30655388586,complete,ctiBeds,0.0,,,,
Patient_1371,CTI prepara Encaminhamento,516081.30655388586,start,,0.0,,,,
Patient_1371,CTI prepara Encaminhamento,516137.00570944155,complete,,0.0,,,,
Patient_1371,Encaminha_para a Clinica Cirurgica,516137.00570944155,complete,,,para a Clinica Cirurgica,516137.00570944155,,
Patient_1371,Discharge,516137.00570944155,complete,,,,,,9145.157301230065
Patient_1372,Arrival,507357.36337591516,complete,,0.0,,,,
Patient_1372,Origem_do Centro Cirurgico,507357.36337591516,complete,,,do Centro Cirurgico,507357.36337591516,,
Patient_1372,CTI (CC),507357.36337591516,start,ctiBeds,0.0,,,,
Patient_1372,CTI (CC),513475.3603336549,complete,ctiBeds,0.0,,,,
Patient_1372,CTI prepara Encaminhamento,513475.3603336549,start,,0.0,,,,
Patient_1372,CTI prepara Encaminhamento,513529.10022092744,complete,,0.0,,,,
Patient_1372,Encaminha_Obito,513529.10022092744,complete,,,Obito,513529.10022092744,,
Patient_1372,Discharge,513529.10022092744,complete,,,,,,6171.7368450122885
Patient_1373,Arrival,508426.98800105485,complete,,0.0,,,,
Patient_1373,Origem_do Pronto Socorro,508426.98800105485,complete,,,do Pronto Socorro,508426.98800105485,,
Patient_1373,CTI (PS),508426.98800105485,start,ctiBeds,0.0,,,,
Patient_1373,CTI (PS),520347.1158011371,complete,ctiBeds,0.0,,,,
Patient_1373,CTI prepara Encaminhamento,520347.1158011371,start,,0.0,,,,
Patient_1373,CTI prepara Encaminhamento,520392.6288353573,complete,,0.0,,,,
Patient_1373,Encaminha_para a Clinica Cirurgica,520392.6288353573,complete,,,para a Clinica Cirurgica,520392.6288353573,,
Patient_1373,Discharge,520392.6288353573,complete,,,,,,11965.640834302467
Patient_1374,Arrival,509005.2771392756,complete,,0.0,,,,
Patient_1374,Origem_do Centro Cirurgico,509005.2771392756,complete,,,do Centro Cirurgico,509005.2771392756,,
Patient_1374,CTI (CC),509005.2771392756,start,ctiBeds,0.0,,,,
Patient_1374,CTI (CC),510512.0829572147,complete,ctiBeds,0.0,,,,
Patient_1374,CTI prepara Encaminhamento,510512.0829572147,start,,0.0,,,,
Patient_1374,CTI prepara Encaminhamento,510546.87743131205,complete,,0.0,,,,
Patient_1374,Encaminha_para a Clinica Medica,510546.87743131205,complete,,,para a Clinica Medica,510546.87743131205,,
Patient_1374,Discharge,510546.87743131205,complete,,,,,,1541.6002920364263
Patient_1375,Arrival,509656.6656666025,complete,,0.0,,,,
Patient_1375,Origem_do Centro Cirurgico,509656.6656666025,complete,,,do Centro Cirurgico,509656.6656666025,,
Patient_1375,CTI (CC),509656.6656666025,start,ctiBeds,0.0,,,,
Patient_1375,CTI (CC),516029.61456936144,complete,ctiBeds,0.0,,,,
Patient_1375,CTI prepara Encaminhamento,516029.61456936144,start,,0.0,,,,
Patient_1375,CTI prepara Encaminhamento,516074.753876775,complete,,0.0,,,,
Patient_1375,Encaminha_para a Clinica Medica,516074.753876775,complete,,,para a Clinica Medica,516074.753876775,,
Patient_1375,Discharge,516074.753876775,complete,,,,,,6418.088210172486
Patient_1376,Arrival,509674.9722146834,complete,,0.0,,,,
Patient_1376,Origem_do Pronto Socorro,509674.9722146834,complete,,,do Pronto Socorro,509674.9722146834,,
Patient_1376,CTI (PS),509674.9722146834,start,ctiBeds,0.0,,,,
Patient_1376,CTI (PS),524339.1350849891,complete,ctiBeds,0.0,,,,
Patient_1376,CTI prepara Encaminhamento,524339.1350849891,start,,0.0,,,,
Patient_1376,CTI prepara Encaminhamento,524395.8241585192,complete,,0.0,,,,
Patient_1376,Encaminha_para a Clinica Medica,524395.8241585192,complete,,,para a Clinica Medica,524395.8241585192,,
Patient_1376,Discharge,524395.8241585192,complete,,,,,,14720.851943835733
Patient_1377,Arrival,511014.4263490934,complete,,0.0,,,,
Patient_1377,Origem_do Centro Cirurgico,511014.4263490934,complete,,,do Centro Cirurgico,511014.4263490934,,
Patient_1377,CTI (CC),511014.4263490934,start,ctiBeds,0.0,,,,
Patient_1377,CTI (CC),512347.4999126563,complete,ctiBeds,0.0,,,,
Patient_1377,CTI prepara Encaminhamento,512347.4999126563,start,,0.0,,,,
Patient_1377,CTI prepara Encaminhamento,512402.016169524,complete,,0.0,,,,
Patient_1377,Encaminha_para a Clinica Medica,512402.016169524,complete,,,para a Clinica Medica,512402.016169524,,
Patient_1377,Discharge,512402.016169524,complete,,,,,,1387.589820430614
Patient_1378,Arrival,511452.80002896476,complete,,0.0,,,,
Patient_1378,Origem_do Pronto Socorro,511452.80002896476,complete,,,do Pronto Socorro,511452.80002896476,,
Patient_1378,CTI (PS),511452.80002896476,start,ctiBeds,0.0,,,,
Patient_1379,Arrival,511821.4652988326,complete,,0.0,,,,
Patient_1379,Origem_do Pronto Socorro,511821.4652988326,complete,,,do Pronto Socorro,511821.4652988326,,
Patient_1379,CTI (PS),511821.4652988326,start,ctiBeds,0.0,,,,
Patient_138,Arrival,43407.969748757605,complete,,0.0,,,,
Patient_138,Origem_do Centro Cirurgico,43407.969748757605,complete,,,do Centro Cirurgico,43407.969748757605,,
Patient_138,CTI (CC),44521.14992118153,start,ctiBeds,0.0,,,,
Patient_138,CTI (CC),45004.50436650259,complete,ctiBeds,0.0,,,,
Patient_138,CTI prepara Encaminhamento,45004.50436650259,start,,0.0,,,,
Patient_138,CTI prepara Encaminhamento,45059.833991139494,complete,,0.0,,,,
Patient_138,Encaminha_para a Clinica Medica,45059.833991139494,complete,,,para a Clinica Medica,45059.833991139494,,
Patient_138,Discharge,45059.833991139494,complete,,,,,,1651.8642423818892
Patient_1380,Arrival,512419.93118549726,complete,,0.0,,,,
Patient_1380,Origem_do Pronto Socorro,512419.93118549726,complete,,,do Pronto Socorro,512419.93118549726,,
Patient_1380,CTI (PS),512419.93118549726,start,ctiBeds,0.0,,,,
Patient_1380,CTI (PS),516172.9754757261,complete,ctiBeds,0.0,,,,
Patient_1380,CTI prepara Encaminhamento,516172.9754757261,start,,0.0,,,,
Patient_1380,CTI prepara Encaminhamento,516215.75456079707,complete,,0.0,,,,
Patient_1380,Encaminha_para a Clinica Cirurgica,516215.75456079707,complete,,,para a Clinica Cirurgica,516215.75456079707,,
Patient_1380,Discharge,516215.75456079707,complete,,,,,,3795.823375299806
Patient_1381,Arrival,512903.45964574453,complete,,0.0,,,,
Patient_1381,Origem_do Centro Cirurgico,512903.45964574453,complete,,,do Centro Cirurgico,512903.45964574453,,
Patient_1381,CTI (CC),512903.45964574453,start,ctiBeds,0.0,,,,
Patient_1382,Arrival,513190.8912831084,complete,,0.0,,,,
Patient_1382,Origem_do Centro Cirurgico,513190.8912831084,complete,,,do Centro Cirurgico,513190.8912831084,,
Patient_1382,CTI (CC),513190.8912831084,start,ctiBeds,0.0,,,,
Patient_1382,CTI (CC),513397.3271505941,complete,ctiBeds,0.0,,,,
Patient_1382,CTI prepara Encaminhamento,513397.3271505941,start,,0.0,,,,
Patient_1382,CTI prepara Encaminhamento,513448.36335240793,complete,,0.0,,,,
Patient_1382,Encaminha_para a Clinica Medica,513448.36335240793,complete,,,para a Clinica Medica,513448.36335240793,,
Patient_1382,Discharge,513448.36335240793,complete,,,,,,257.472069299547
Patient_1383,Arrival,513230.6712166192,complete,,0.0,,,,
Patient_1383,Origem_do Pronto Socorro,513230.6712166192,complete,,,do Pronto Socorro,513230.6712166192,,
Patient_1383,CTI (PS),513230.6712166192,start,ctiBeds,0.0,,,,
Patient_1384,Arrival,513415.39332191955,complete,,0.0,,,,
Patient_1384,Origem_da Clinica Cirurgica,513415.39332191955,complete,,,da Clinica Cirurgica,513415.39332191955,,
Patient_1384,CTI (CLIC),513415.39332191955,start,ctiBeds,0.0,,,,
Patient_1384,CTI (CLIC),524492.207899969,complete,ctiBeds,0.0,,,,
Patient_1384,CTI prepara Encaminhamento,524492.207899969,start,,0.0,,,,
Patient_1384,CTI prepara Encaminhamento,524543.5208544856,complete,,0.0,,,,
Patient_1384,Encaminha_Transferencia Externa,524543.5208544856,complete,,,Transferencia Externa,524543.5208544856,,
Patient_1384,Discharge,524543.5208544856,complete,,,,,,11128.127532566024
Patient_1385,Arrival,513842.4492056349,complete,,0.0,,,,
Patient_1385,Origem_do Centro Cirurgico,513842.4492056349,complete,,,do Centro Cirurgico,513842.4492056349,,
Patient_1385,CTI (CC),513842.4492056349,start,ctiBeds,0.0,,,,
Patient_1385,CTI (CC),514318.65622875816,complete,ctiBeds,0.0,,,,
Patient_1385,CTI prepara Encaminhamento,514318.65622875816,start,,0.0,,,,
Patient_1385,CTI prepara Encaminhamento,514376.9556936483,complete,,0.0,,,,
Patient_1385,Encaminha_para a Clinica Cirurgica,514376.9556936483,complete,,,para a Clinica Cirurgica,514376.9556936483,,
Patient_1385,Discharge,514376.9556936483,complete,,,,,,534.5064880134305
Patient_1386,Arrival,513911.71998442366,complete,,0.0,,,,
Patient_1386,Origem_do Pronto Socorro,513911.71998442366,complete,,,do Pronto Socorro,513911.71998442366,,
Patient_1386,CTI (PS),513911.71998442366,start,ctiBeds,0.0,,,,
Patient_1386,CTI (PS),519533.9702679842,complete,ctiBeds,0.0,,,,
Patient_1386,CTI prepara Encaminhamento,519533.9702679842,start,,0.0,,,,
Patient_1386,CTI prepara Encaminhamento,519591.8916041107,complete,,0.0,,,,
Patient_1386,Encaminha_para a Clinica Cirurgica,519591.8916041107,complete,,,para a Clinica Cirurgica,519591.8916041107,,
Patient_1386,Discharge,519591.8916041107,complete,,,,,,5680.171619687055
Patient_1387,Arrival,513944.59847359086,complete,,0.0,,,,
Patient_1387,Origem_do Centro Cirurgico,513944.59847359086,complete,,,do Centro Cirurgico,513944.59847359086,,
Patient_1387,CTI (CC),513944.59847359086,start,ctiBeds,0.0,,,,
Patient_1388,Arrival,513966.3549087337,complete,,0.0,,,,
Patient_1388,Origem_do Centro Cirurgico,513966.3549087337,complete,,,do Centro Cirurgico,513966.3549087337,,
Patient_1388,CTI (CC),513966.3549087337,start,ctiBeds,0.0,,,,
Patient_1388,CTI (CC),514186.4773731674,complete,ctiBeds,0.0,,,,
Patient_1388,CTI prepara Encaminhamento,514186.4773731674,start,,0.0,,,,
Patient_1388,CTI prepara Encaminhamento,514224.55654917733,complete,,0.0,,,,
Patient_1388,Encaminha_Obito,514224.55654917733,complete,,,Obito,514224.55654917733,,
Patient_1388,Discharge,514224.55654917733,complete,,,,,,258.20164044364356
Patient_1389,Arrival,514185.4494862851,complete,,0.0,,,,
Patient_1389,Origem_do Pronto Socorro,514185.4494862851,complete,,,do Pronto Socorro,514185.4494862851,,
Patient_1389,CTI (PS),514185.4494862851,start,ctiBeds,0.0,,,,
Patient_1389,CTI (PS),514649.01504104916,complete,ctiBeds,0.0,,,,
Patient_1389,CTI prepara Encaminhamento,514649.01504104916,start,,0.0,,,,
Patient_1389,CTI prepara Encaminhamento,514685.64776684996,complete,,0.0,,,,
Patient_1389,Encaminha_para a Clinica Cirurgica,514685.64776684996,complete,,,para a Clinica Cirurgica,514685.64776684996,,
Patient_1389,Discharge,514685.64776684996,complete,,,,,,500.1982805648586
Patient_139,Arrival,44333.050803168044,complete,,0.0,,,,
Patient_139,Origem_do Pronto Socorro,44333.050803168044,complete,,,do Pronto Socorro,44333.050803168044,,
Patient_139,CTI (PS),44528.87530705087,start,ctiBeds,0.0,,,,
Patient_139,CTI (PS),55857.945937599914,complete,ctiBeds,0.0,,,,
Patient_139,CTI prepara Encaminhamento,55857.945937599914,start,,0.0,,,,
Patient_139,CTI prepara Encaminhamento,55916.782239672364,complete,,0.0,,,,
Patient_139,Encaminha_Transferencia Externa,55916.782239672364,complete,,,Transferencia Externa,55916.782239672364,,
Patient_139,Discharge,55916.782239672364,complete,,,,,,11583.73143650432
Patient_1390,Arrival,514190.66787797515,complete,,0.0,,,,
Patient_1390,Origem_do Centro Cirurgico,514190.66787797515,complete,,,do Centro Cirurgico,514190.66787797515,,
Patient_1390,CTI (CC),514190.66787797515,start,ctiBeds,0.0,,,,
Patient_1390,CTI (CC),519220.55242582876,complete,ctiBeds,0.0,,,,
Patient_1390,CTI prepara Encaminhamento,519220.55242582876,start,,0.0,,,,
Patient_1390,CTI prepara Encaminhamento,519271.4685482598,complete,,0.0,,,,
Patient_1390,Encaminha_Obito,519271.4685482598,complete,,,Obito,519271.4685482598,,
Patient_1390,Discharge,519271.4685482598,complete,,,,,,5080.8006702846615
Patient_1391,Arrival,514349.9699504847,complete,,0.0,,,,
Patient_1391,Origem_do Centro Cirurgico,514349.9699504847,complete,,,do Centro Cirurgico,514349.9699504847,,
Patient_1391,CTI (CC),514349.9699504847,start,ctiBeds,0.0,,,,
Patient_1392,Arrival,514674.4164194215,complete,,0.0,,,,
Patient_1392,Origem_do Pronto Socorro,514674.4164194215,complete,,,do Pronto Socorro,514674.4164194215,,
Patient_1392,CTI (PS),514674.4164194215,start,ctiBeds,0.0,,,,
Patient_1393,Arrival,514789.7653388296,complete,,0.0,,,,
Patient_1393,Origem_do Pronto Socorro,514789.7653388296,complete,,,do Pronto Socorro,514789.7653388296,,
Patient_1393,CTI (PS),514789.7653388296,start,ctiBeds,0.0,,,,
Patient_1394,Arrival,514916.41733420646,complete,,0.0,,,,
Patient_1394,Origem_do Centro Cirurgico,514916.41733420646,complete,,,do Centro Cirurgico,514916.41733420646,,
Patient_1394,CTI (CC),514916.41733420646,start,ctiBeds,0.0,,,,
Patient_1394,CTI (CC),523075.9262372814,complete,ctiBeds,0.0,,,,
Patient_1394,CTI prepara Encaminhamento,523075.9262372814,start,,0.0,,,,
Patient_1394,CTI prepara Encaminhamento,523106.37331642635,complete,,0.0,,,,
Patient_1394,Encaminha_para a Clinica Cirurgica,523106.37331642635,complete,,,para a Clinica Cirurgica,523106.37331642635,,
Patient_1394,Discharge,523106.37331642635,complete,,,,,,8189.9559822198935
Patient_1395,Arrival,515144.7463908583,complete,,0.0,,,,
Patient_1395,Origem_do Centro Cirurgico,515144.7463908583,complete,,,do Centro Cirurgico,515144.7463908583,,
Patient_1395,CTI (CC),515144.7463908583,start,ctiBeds,0.0,,,,
Patient_1396,Arrival,515848.98599387106,complete,,0.0,,,,
Patient_1396,Origem_do Pronto Socorro,515848.98599387106,complete,,,do Pronto Socorro,515848.98599387106,,
Patient_1396,CTI (PS),515848.98599387106,start,ctiBeds,0.0,,,,
Patient_1396,CTI (PS),517985.06321605755,complete,ctiBeds,0.0,,,,
Patient_1396,CTI prepara Encaminhamento,517985.06321605755,start,,0.0,,,,
Patient_1396,CTI prepara Encaminhamento,518029.58076600207,complete,,0.0,,,,
Patient_1396,Encaminha_Transferencia Externa,518029.58076600207,complete,,,Transferencia Externa,518029.58076600207,,
Patient_1396,Discharge,518029.58076600207,complete,,,,,,2180.5947721310076
Patient_1397,Arrival,515915.4791074507,complete,,0.0,,,,
Patient_1397,Origem_da Clinica Medica,515915.4791074507,complete,,,da Clinica Medica,515915.4791074507,,
Patient_1397,CTI (CLIM),516029.61456936144,start,ctiBeds,0.0,,,,
Patient_1397,CTI (CLIM),518528.48743753246,complete,ctiBeds,0.0,,,,
Patient_1397,CTI prepara Encaminhamento,518528.48743753246,start,,0.0,,,,
Patient_1397,CTI prepara Encaminhamento,518586.57211545727,complete,,0.0,,,,
Patient_1397,Encaminha_para a Clinica Medica,518586.57211545727,complete,,,para a Clinica Medica,518586.57211545727,,
Patient_1397,Discharge,518586.57211545727,complete,,,,,,2671.0930080065737
Patient_1398,Arrival,516205.6576944975,complete,,0.0,,,,
Patient_1398,Origem_do Pronto Socorro,516205.6576944975,complete,,,do Pronto Socorro,516205.6576944975,,
Patient_1398,CTI (PS),516205.6576944975,start,ctiBeds,0.0,,,,
Patient_1398,CTI (PS),521855.40557385236,complete,ctiBeds,0.0,,,,
Patient_1398,CTI prepara Encaminhamento,521855.40557385236,start,,0.0,,,,
Patient_1398,CTI prepara Encaminhamento,521894.7132062241,complete,,0.0,,,,
Patient_1398,Encaminha_para a Clinica Cirurgica,521894.7132062241,complete,,,para a Clinica Cirurgica,521894.7132062241,,
Patient_1398,Discharge,521894.7132062241,complete,,,,,,5689.05551172659
Patient_1399,Arrival,516460.0057039443,complete,,0.0,,,,
Patient_1399,Origem_do Pronto Socorro,516460.0057039443,complete,,,do Pronto Socorro,516460.0057039443,,
Patient_1399,CTI (PS),516460.0057039443,start,ctiBeds,0.0,,,,
Patient_1399,CTI (PS),520268.37682745524,complete,ctiBeds,0.0,,,,
Patient_1399,CTI prepara Encaminhamento,520268.37682745524,start,,0.0,,,,
Patient_1399,CTI prepara Encaminhamento,520311.360936585,complete,,0.0,,,,
Patient_1399,Encaminha_para a Clinica Cirurgica,520311.360936585,complete,,,para a Clinica Cirurgica,520311.360936585,,
Patient_1399,Discharge,520311.360936585,complete,,,,,,3851.3552326406934
Patient_14,Arrival,4357.951025256185,complete,,0.0,,,,
Patient_14,Origem_do Centro Cirurgico,4357.951025256185,complete,,,do Centro Cirurgico,4357.951025256185,,
Patient_14,CTI (CC),4357.951025256185,start,ctiBeds,0.0,,,,
Patient_14,CTI (CC),7682.785847475319,complete,ctiBeds,0.0,,,,
Patient_14,CTI prepara Encaminhamento,7682.785847475319,start,,0.0,,,,
Patient_14,CTI prepara Encaminhamento,7724.517560540602,complete,,0.0,,,,
Patient_14,Encaminha_para a Clinica Cirurgica,7724.517560540602,complete,,,para a Clinica Cirurgica,7724.517560540602,,
Patient_14,Discharge,7724.517560540602,complete,,,,,,3366.566535284417
Patient_140,Arrival,44704.52453651401,complete,,0.0,,,,
Patient_140,Origem_da Maternidade,44704.52453651401,complete,,,da Maternidade,44704.52453651401,,
Patient_140,CTI (MAT),44704.52453651401,start,ctiBeds,0.0,,,,
Patient_140,CTI (MAT),45986.47042031227,complete,ctiBeds,0.0,,,,
Patient_140,CTI prepara Encaminhamento,45986.47042031227,start,,0.0,,,,
Patient_140,CTI prepara Encaminhamento,46043.97518634324,complete,,0.0,,,,
Patient_140,Encaminha_Obito,46043.97518634324,complete,,,Obito,46043.97518634324,,
Patient_140,Discharge,46043.97518634324,complete,,,,,,1339.4506498292321
Patient_1400,Arrival,516675.9158411877,complete,,0.0,,,,
Patient_1400,Origem_do Pronto Socorro,516675.9158411877,complete,,,do Pronto Socorro,516675.9158411877,,
Patient_1400,CTI (PS),517716.79385385563,start,ctiBeds,0.0,,,,
Patient_1401,Arrival,516678.2126046873,complete,,0.0,,,,
Patient_1401,Origem_do Centro Cirurgico,516678.2126046873,complete,,,do Centro Cirurgico,516678.2126046873,,
Patient_1401,CTI (CC),517985.06321605755,start,ctiBeds,0.0,,,,
Patient_1401,CTI (CC),519679.9571132352,complete,ctiBeds,0.0,,,,
Patient_1401,CTI prepara Encaminhamento,519679.9571132352,start,,0.0,,,,
Patient_1401,CTI prepara Encaminhamento,519724.29923958547,complete,,0.0,,,,
Patient_1401,Encaminha_para a Clinica Cirurgica,519724.29923958547,complete,,,para a Clinica Cirurgica,519724.29923958547,,
Patient_1401,Discharge,519724.29923958547,complete,,,,,,3046.086634898151
Patient_1402,Arrival,517892.92850845784,complete,,0.0,,,,
Patient_1402,Origem_do Centro Cirurgico,517892.92850845784,complete,,,do Centro Cirurgico,517892.92850845784,,
Patient_1402,CTI (CC),518413.222843816,start,ctiBeds,0.0,,,,
Patient_1402,CTI (CC),523836.65267011535,complete,ctiBeds,0.0,,,,
Patient_1402,CTI prepara Encaminhamento,523836.65267011535,start,,0.0,,,,
Patient_1402,CTI prepara Encaminhamento,523878.3290636269,complete,,0.0,,,,
Patient_1402,Encaminha_para a Clinica Cirurgica,523878.3290636269,complete,,,para a Clinica Cirurgica,523878.3290636269,,
Patient_1402,Discharge,523878.3290636269,complete,,,,,,5985.400555169035
Patient_1403,Arrival,518154.52841306344,complete,,0.0,,,,
Patient_1403,Origem_do Pronto Socorro,518154.52841306344,complete,,,do Pronto Socorro,518154.52841306344,,
Patient_1403,CTI (PS),518528.48743753246,start,ctiBeds,0.0,,,,
Patient_1404,Arrival,518489.9124046249,complete,,0.0,,,,
Patient_1404,Origem_do Pronto Socorro,518489.9124046249,complete,,,do Pronto Socorro,518489.9124046249,,
Patient_1404,CTI (PS),519220.55242582876,start,ctiBeds,0.0,,,,
Patient_1405,Arrival,518593.69058465754,complete,,0.0,,,,
Patient_1405,Origem_do Centro Cirurgico,518593.69058465754,complete,,,do Centro Cirurgico,518593.69058465754,,
Patient_1405,CTI (CC),519533.9702679842,start,ctiBeds,0.0,,,,
Patient_1405,CTI (CC),521753.5368941851,complete,ctiBeds,0.0,,,,
Patient_1405,CTI prepara Encaminhamento,521753.5368941851,start,,0.0,,,,
Patient_1405,CTI prepara Encaminhamento,521809.7304291347,complete,,0.0,,,,
Patient_1405,Encaminha_para a Clinica Cirurgica,521809.7304291347,complete,,,para a Clinica Cirurgica,521809.7304291347,,
Patient_1405,Discharge,521809.7304291347,complete,,,,,,3216.0398444771417
Patient_1406,Arrival,518829.4292346396,complete,,0.0,,,,
Patient_1406,Origem_do Centro Cirurgico,518829.4292346396,complete,,,do Centro Cirurgico,518829.4292346396,,
Patient_1406,CTI (CC),519679.9571132352,start,ctiBeds,0.0,,,,
Patient_1406,CTI (CC),522547.16184087837,complete,ctiBeds,0.0,,,,
Patient_1406,CTI prepara Encaminhamento,522547.16184087837,start,,0.0,,,,
Patient_1406,CTI prepara Encaminhamento,522598.48291853635,complete,,0.0,,,,
Patient_1406,Encaminha_para a Clinica Medica,522598.48291853635,complete,,,para a Clinica Medica,522598.48291853635,,
Patient_1406,Discharge,522598.48291853635,complete,,,,,,3769.0536838967237
Patient_1407,Arrival,518919.6014105737,complete,,0.0,,,,
Patient_1407,Origem_do Pronto Socorro,518919.6014105737,complete,,,do Pronto Socorro,518919.6014105737,,
Patient_1407,CTI (PS),520268.37682745524,start,ctiBeds,0.0,,,,
Patient_1408,Arrival,519221.11334979336,complete,,0.0,,,,
Patient_1408,Origem_do Pronto Socorro,519221.11334979336,complete,,,do Pronto Socorro,519221.11334979336,,
Patient_1408,CTI (PS),520347.1158011371,start,ctiBeds,0.0,,,,
Patient_1409,Arrival,519551.5407950897,complete,,0.0,,,,
Patient_1409,Origem_do Pronto Socorro,519551.5407950897,complete,,,do Pronto Socorro,519551.5407950897,,
Patient_1409,CTI (PS),520669.61230623774,start,ctiBeds,0.0,,,,
Patient_1409,CTI (PS),523733.72766895406,complete,ctiBeds,0.0,,,,
Patient_1409,CTI prepara Encaminhamento,523733.72766895406,start,,0.0,,,,
Patient_1409,CTI prepara Encaminhamento,523783.83039151423,complete,,0.0,,,,
Patient_1409,Encaminha_para a Clinica Medica,523783.83039151423,complete,,,para a Clinica Medica,523783.83039151423,,
Patient_1409,Discharge,523783.83039151423,complete,,,,,,4232.2895964245545
Patient_141,Arrival,45235.33161729287,complete,,0.0,,,,
Patient_141,Origem_do Centro Cirurgico,45235.33161729287,complete,,,do Centro Cirurgico,45235.33161729287,,
Patient_141,CTI (CC),45235.33161729287,start,ctiBeds,0.0,,,,
Patient_141,CTI (CC),54173.7687211139,complete,ctiBeds,0.0,,,,
Patient_141,CTI prepara Encaminhamento,54173.7687211139,start,,0.0,,,,
Patient_141,CTI prepara Encaminhamento,54224.789881876066,complete,,0.0,,,,
Patient_141,Encaminha_para a Clinica Cirurgica,54224.789881876066,complete,,,para a Clinica Cirurgica,54224.789881876066,,
Patient_141,Discharge,54224.789881876066,complete,,,,,,8989.458264583198
Patient_1410,Arrival,519558.4508226553,complete,,0.0,,,,
Patient_1410,Origem_do Centro Cirurgico,519558.4508226553,complete,,,do Centro Cirurgico,519558.4508226553,,
Patient_1410,CTI (CC),521753.5368941851,start,ctiBeds,0.0,,,,
Patient_1411,Arrival,519684.50327998865,complete,,0.0,,,,
Patient_1411,Origem_do Centro Cirurgico,519684.50327998865,complete,,,do Centro Cirurgico,519684.50327998865,,
Patient_1411,CTI (CC),521855.40557385236,start,ctiBeds,0.0,,,,
Patient_1411,CTI (CC),523243.7303114237,complete,ctiBeds,0.0,,,,
Patient_1411,CTI prepara Encaminhamento,523243.7303114237,start,,0.0,,,,
Patient_1411,CTI prepara Encaminhamento,523285.27504134056,complete,,0.0,,,,
Patient_1411,Encaminha_para a Clinica Cirurgica,523285.27504134056,complete,,,para a Clinica Cirurgica,523285.27504134056,,
Patient_1411,Discharge,523285.27504134056,complete,,,,,,3600.7717613519053
Patient_1412,Arrival,519793.30626915855,complete,,0.0,,,,
Patient_1412,Origem_da Clinica Cirurgica,519793.30626915855,complete,,,da Clinica Cirurgica,519793.30626915855,,
Patient_1412,CTI (CLIC),521879.65661891055,start,ctiBeds,0.0,,,,
Patient_1413,Arrival,520009.76082359767,complete,,0.0,,,,
Patient_1413,Origem_do Pronto Socorro,520009.76082359767,complete,,,do Pronto Socorro,520009.76082359767,,
Patient_1413,CTI (PS),522547.16184087837,start,ctiBeds,0.0,,,,
Patient_1413,CTI (PS),525375.2555630942,complete,ctiBeds,0.0,,,,
Patient_1413,CTI prepara Encaminhamento,525375.2555630942,start,,0.0,,,,
Patient_1413,CTI prepara Encaminhamento,525433.9575247947,complete,,0.0,,,,
Patient_1413,Encaminha_Obito,525433.9575247947,complete,,,Obito,525433.9575247947,,
Patient_1413,Discharge,525433.9575247947,complete,,,,,,5424.19670119707
Patient_1414,Arrival,520039.98907440586,complete,,0.0,,,,
Patient_1414,Origem_do Centro Cirurgico,520039.98907440586,complete,,,do Centro Cirurgico,520039.98907440586,,
Patient_1414,CTI (CC),523075.9262372814,start,ctiBeds,0.0,,,,
Patient_1414,CTI (CC),524111.27634441893,complete,ctiBeds,0.0,,,,
Patient_1414,CTI prepara Encaminhamento,524111.27634441893,start,,0.0,,,,
Patient_1414,CTI prepara Encaminhamento,524149.6476490079,complete,,0.0,,,,
Patient_1414,Encaminha_para a Clinica Cirurgica,524149.6476490079,complete,,,para a Clinica Cirurgica,524149.6476490079,,
Patient_1414,Discharge,524149.6476490079,complete,,,,,,4109.658574602043
Patient_1415,Arrival,521309.8659341404,complete,,0.0,,,,
Patient_1415,Origem_do Pronto Socorro,521309.8659341404,complete,,,do Pronto Socorro,521309.8659341404,,
Patient_1415,CTI (PS),523243.7303114237,start,ctiBeds,0.0,,,,
Patient_1416,Arrival,521395.41669982066,complete,,0.0,,,,
Patient_1416,Origem_do Centro Cirurgico,521395.41669982066,complete,,,do Centro Cirurgico,521395.41669982066,,
Patient_1416,CTI (CC),523733.72766895406,start,ctiBeds,0.0,,,,
Patient_1416,CTI (CC),524743.5298688089,complete,ctiBeds,0.0,,,,
Patient_1416,CTI prepara Encaminhamento,524743.5298688089,start,,0.0,,,,
Patient_1416,CTI prepara Encaminhamento,524788.428015683,complete,,0.0,,,,
Patient_1416,Encaminha_para a Clinica Cirurgica,524788.428015683,complete,,,para a Clinica Cirurgica,524788.428015683,,
Patient_1416,Discharge,524788.428015683,complete,,,,,,3393.011315862299
Patient_1417,Arrival,521493.5900410395,complete,,0.0,,,,
Patient_1417,Origem_do Pronto Socorro,521493.5900410395,complete,,,do Pronto Socorro,521493.5900410395,,
Patient_1417,CTI (PS),523836.65267011535,start,ctiBeds,0.0,,,,
Patient_1418,Arrival,521657.8830853186,complete,,0.0,,,,
Patient_1418,Origem_da Clinica Cirurgica,521657.8830853186,complete,,,da Clinica Cirurgica,521657.8830853186,,
Patient_1418,CTI (CLIC),524111.27634441893,start,ctiBeds,0.0,,,,
Patient_1419,Arrival,522443.89330235845,complete,,0.0,,,,
Patient_1419,Origem_do Pronto Socorro,522443.89330235845,complete,,,do Pronto Socorro,522443.89330235845,,
Patient_1419,CTI (PS),524339.1350849891,start,ctiBeds,0.0,,,,
Patient_142,Arrival,45437.38034427596,complete,,0.0,,,,
Patient_142,Origem_do Pronto Socorro,45437.38034427596,complete,,,do Pronto Socorro,45437.38034427596,,
Patient_142,CTI (PS),45437.38034427596,start,ctiBeds,0.0,,,,
Patient_142,CTI (PS),55978.08833733781,complete,ctiBeds,0.0,,,,
Patient_142,CTI prepara Encaminhamento,55978.08833733781,start,,0.0,,,,
Patient_142,CTI prepara Encaminhamento,56024.805400241356,complete,,0.0,,,,
Patient_142,Encaminha_para a Clinica Medica,56024.805400241356,complete,,,para a Clinica Medica,56024.805400241356,,
Patient_142,Discharge,56024.805400241356,complete,,,,,,10587.425055965396
Patient_1420,Arrival,522552.7685471615,complete,,0.0,,,,
Patient_1420,Origem_do Centro Cirurgico,522552.7685471615,complete,,,do Centro Cirurgico,522552.7685471615,,
Patient_1420,CTI (CC),524492.207899969,start,ctiBeds,0.0,,,,
Patient_1421,Arrival,522688.4521858932,complete,,0.0,,,,
Patient_1421,Origem_do Centro Cirurgico,522688.4521858932,complete,,,do Centro Cirurgico,522688.4521858932,,
Patient_1421,CTI (CC),524743.5298688089,start,ctiBeds,0.0,,,,
Patient_1422,Arrival,522724.5621091193,complete,,0.0,,,,
Patient_1422,Origem_do Pronto Socorro,522724.5621091193,complete,,,do Pronto Socorro,522724.5621091193,,
Patient_1422,CTI (PS),525375.2555630942,start,ctiBeds,0.0,,,,
Patient_1423,Arrival,522870.34881541133,complete,,0.0,,,,
Patient_1423,Origem_do Centro Cirurgico,522870.34881541133,complete,,,do Centro Cirurgico,522870.34881541133,,
Patient_1424,Arrival,523333.89500046434,complete,,0.0,,,,
Patient_1424,Origem_da Clinica Cirurgica,523333.89500046434,complete,,,da Clinica Cirurgica,523333.89500046434,,
Patient_1425,Arrival,523428.1912245589,complete,,0.0,,,,
Patient_1425,Origem_do Pronto Socorro,523428.1912245589,complete,,,do Pronto Socorro,523428.1912245589,,
Patient_1426,Arrival,524856.2680213798,complete,,0.0,,,,
Patient_1426,Origem_do Pronto Socorro,524856.2680213798,complete,,,do Pronto Socorro,524856.2680213798,,
Patient_1427,Arrival,524922.6508740408,complete,,0.0,,,,
Patient_1427,Origem_do Centro Cirurgico,524922.6508740408,complete,,,do Centro Cirurgico,524922.6508740408,,
Patient_1428,Arrival,525309.0996884882,complete,,0.0,,,,
Patient_1428,Origem_da Clinica Medica,525309.0996884882,complete,,,da Clinica Medica,525309.0996884882,,
Patient_1429,Arrival,525504.5452393413,complete,,0.0,,,,
Patient_1429,Origem_do Pronto Socorro,525504.5452393413,complete,,,do Pronto Socorro,525504.5452393413,,
Patient_143,Arrival,45464.15713226318,complete,,0.0,,,,
Patient_143,Origem_do Centro Cirurgico,45464.15713226318,complete,,,do Centro Cirurgico,45464.15713226318,,
Patient_143,CTI (CC),45464.15713226318,start,ctiBeds,0.0,,,,
Patient_143,CTI (CC),49255.00504692286,complete,ctiBeds,0.0,,,,
Patient_143,CTI prepara Encaminhamento,49255.00504692286,start,,0.0,,,,
Patient_143,CTI prepara Encaminhamento,49292.23932069106,complete,,0.0,,,,
Patient_143,Encaminha_para a Clinica Cirurgica,49292.23932069106,complete,,,para a Clinica Cirurgica,49292.23932069106,,
Patient_143,Discharge,49292.23932069106,complete,,,,,,3828.0821884278776
Patient_144,Arrival,46464.34424700536,complete,,0.0,,,,
Patient_144,Origem_do Centro Cirurgico,46464.34424700536,complete,,,do Centro Cirurgico,46464.34424700536,,
Patient_144,CTI (CC),46464.34424700536,start,ctiBeds,0.0,,,,
Patient_144,CTI (CC),53928.791668096055,complete,ctiBeds,0.0,,,,
Patient_144,CTI prepara Encaminhamento,53928.791668096055,start,,0.0,,,,
Patient_144,CTI prepara Encaminhamento,53971.12086786943,complete,,0.0,,,,
Patient_144,Encaminha_para a Clinica Cirurgica,53971.12086786943,complete,,,para a Clinica Cirurgica,53971.12086786943,,
Patient_144,Discharge,53971.12086786943,complete,,,,,,7506.776620864068
Patient_145,Arrival,46640.717706492316,complete,,0.0,,,,
Patient_145,Origem_do Centro Cirurgico,46640.717706492316,complete,,,do Centro Cirurgico,46640.717706492316,,
Patient_145,CTI (CC),46640.717706492316,start,ctiBeds,0.0,,,,
Patient_145,CTI (CC),55403.37154194238,complete,ctiBeds,0.0,,,,
Patient_145,CTI prepara Encaminhamento,55403.37154194238,start,,0.0,,,,
Patient_145,CTI prepara Encaminhamento,55439.59225119518,complete,,0.0,,,,
Patient_145,Encaminha_para a Clinica Cirurgica,55439.59225119518,complete,,,para a Clinica Cirurgica,55439.59225119518,,
Patient_145,Discharge,55439.59225119518,complete,,,,,,8798.874544702863
Patient_146,Arrival,46797.58465895317,complete,,0.0,,,,
Patient_146,Origem_do Pronto Socorro,46797.58465895317,complete,,,do Pronto Socorro,46797.58465895317,,
Patient_146,CTI (PS),46797.58465895317,start,ctiBeds,0.0,,,,
Patient_146,CTI (PS),67718.08471235348,complete,ctiBeds,0.0,,,,
Patient_146,CTI prepara Encaminhamento,67718.08471235348,start,,0.0,,,,
Patient_146,CTI prepara Encaminhamento,67773.20430814757,complete,,0.0,,,,
Patient_146,Encaminha_para a Clinica Cirurgica,67773.20430814757,complete,,,para a Clinica Cirurgica,67773.20430814757,,
Patient_146,Discharge,67773.20430814757,complete,,,,,,20975.6196491944
Patient_147,Arrival,47077.389169465634,complete,,0.0,,,,
Patient_147,Origem_do Centro Cirurgico,47077.389169465634,complete,,,do Centro Cirurgico,47077.389169465634,,
Patient_147,CTI (CC),47077.389169465634,start,ctiBeds,0.0,,,,
Patient_147,CTI (CC),65218.150984353844,complete,ctiBeds,0.0,,,,
Patient_147,CTI prepara Encaminhamento,65218.150984353844,start,,0.0,,,,
Patient_147,CTI prepara Encaminhamento,65254.05801723957,complete,,0.0,,,,
Patient_147,Encaminha_para a Clinica Medica,65254.05801723957,complete,,,para a Clinica Medica,65254.05801723957,,
Patient_147,Discharge,65254.05801723957,complete,,,,,,18176.668847773937
Patient_148,Arrival,47412.74898861638,complete,,0.0,,,,
Patient_148,Origem_do Pronto Socorro,47412.74898861638,complete,,,do Pronto Socorro,47412.74898861638,,
Patient_148,CTI (PS),47412.74898861638,start,ctiBeds,0.0,,,,
Patient_148,CTI (PS),48346.363838539604,complete,ctiBeds,0.0,,,,
Patient_148,CTI prepara Encaminhamento,48346.363838539604,start,,0.0,,,,
Patient_148,CTI prepara Encaminhamento,48400.32391545674,complete,,0.0,,,,
Patient_148,Encaminha_para a Clinica Medica,48400.32391545674,complete,,,para a Clinica Medica,48400.32391545674,,
Patient_148,Discharge,48400.32391545674,complete,,,,,,987.5749268403597
Patient_149,Arrival,47428.265324431144,complete,,0.0,,,,
Patient_149,Origem_do Centro Cirurgico,47428.265324431144,complete,,,do Centro Cirurgico,47428.265324431144,,
Patient_149,CTI (CC),47428.265324431144,start,ctiBeds,0.0,,,,
Patient_149,CTI (CC),77688.04412943163,complete,ctiBeds,0.0,,,,
Patient_149,CTI prepara Encaminhamento,77688.04412943163,start,,0.0,,,,
Patient_149,CTI prepara Encaminhamento,77736.4389838401,complete,,0.0,,,,
Patient_149,Encaminha_para a Maternidade,77736.4389838401,complete,,,para a Maternidade,77736.4389838401,,
Patient_149,Discharge,77736.4389838401,complete,,,,,,30308.173659408953
Patient_15,Arrival,4639.440739107101,complete,,0.0,,,,
Patient_15,Origem_da Clinica Cirurgica,4639.440739107101,complete,,,da Clinica Cirurgica,4639.440739107101,,
Patient_15,CTI (CLIC),4639.440739107101,start,ctiBeds,0.0,,,,
Patient_15,CTI (CLIC),8387.384112670927,complete,ctiBeds,0.0,,,,
Patient_15,CTI prepara Encaminhamento,8387.384112670927,start,,0.0,,,,
Patient_15,CTI prepara Encaminhamento,8419.752803491487,complete,,0.0,,,,
Patient_15,Encaminha_para a Clinica Medica,8419.752803491487,complete,,,para a Clinica Medica,8419.752803491487,,
Patient_15,Discharge,8419.752803491487,complete,,,,,,3780.312064384386
Patient_150,Arrival,48012.489019981964,complete,,0.0,,,,
Patient_150,Origem_do Pronto Socorro,48012.489019981964,complete,,,do Pronto Socorro,48012.489019981964,,
Patient_150,CTI (PS),48012.489019981964,start,ctiBeds,0.0,,,,
Patient_150,CTI (PS),54704.12649220871,complete,ctiBeds,0.0,,,,
Patient_150,CTI prepara Encaminhamento,54704.12649220871,start,,0.0,,,,
Patient_150,CTI prepara Encaminhamento,54741.37855990738,complete,,0.0,,,,
Patient_150,Encaminha_para a Clinica Cirurgica,54741.37855990738,complete,,,para a Clinica Cirurgica,54741.37855990738,,
Patient_150,Discharge,54741.37855990738,complete,,,,,,6728.889539925418
Patient_151,Arrival,48051.60117530358,complete,,0.0,,,,
Patient_151,Origem_do Centro Cirurgico,48051.60117530358,complete,,,do Centro Cirurgico,48051.60117530358,,
Patient_151,CTI (CC),48051.60117530358,start,ctiBeds,0.0,,,,
Patient_151,CTI (CC),50814.02340228925,complete,ctiBeds,0.0,,,,
Patient_151,CTI prepara Encaminhamento,50814.02340228925,start,,0.0,,,,
Patient_151,CTI prepara Encaminhamento,50854.80414150688,complete,,0.0,,,,
Patient_151,Encaminha_para o Centro Cirurgico,50854.80414150688,complete,,,para o Centro Cirurgico,50854.80414150688,,
Patient_151,Discharge,50854.80414150688,complete,,,,,,2803.202966203302
Patient_152,Arrival,48056.021680708945,complete,,0.0,,,,
Patient_152,Origem_do Centro Cirurgico,48056.021680708945,complete,,,do Centro Cirurgico,48056.021680708945,,
Patient_152,CTI (CC),48056.021680708945,start,ctiBeds,0.0,,,,
Patient_152,CTI (CC),148672.65977659755,complete,ctiBeds,0.0,,,,
Patient_152,CTI prepara Encaminhamento,148672.65977659755,start,,0.0,,,,
Patient_152,CTI prepara Encaminhamento,148720.359221058,complete,,0.0,,,,
Patient_152,Encaminha_Obito,148720.359221058,complete,,,Obito,148720.359221058,,
Patient_152,Discharge,148720.359221058,complete,,,,,,100664.33754034905
Patient_153,Arrival,48559.68760707299,complete,,0.0,,,,
Patient_153,Origem_do Pronto Socorro,48559.68760707299,complete,,,do Pronto Socorro,48559.68760707299,,
Patient_153,CTI (PS),48559.68760707299,start,ctiBeds,0.0,,,,
Patient_153,CTI (PS),52658.680949512556,complete,ctiBeds,0.0,,,,
Patient_153,CTI prepara Encaminhamento,52658.680949512556,start,,0.0,,,,
Patient_153,CTI prepara Encaminhamento,52708.53765640752,complete,,0.0,,,,
Patient_153,Encaminha_para a Clinica Cirurgica,52708.53765640752,complete,,,para a Clinica Cirurgica,52708.53765640752,,
Patient_153,Discharge,52708.53765640752,complete,,,,,,4148.850049334527
Patient_154,Arrival,49400.00385676768,complete,,0.0,,,,
Patient_154,Origem_do Centro Cirurgico,49400.00385676768,complete,,,do Centro Cirurgico,49400.00385676768,,
Patient_154,CTI (CC),49400.00385676768,start,ctiBeds,0.0,,,,
Patient_154,CTI (CC),50149.25624457895,complete,ctiBeds,0.0,,,,
Patient_154,CTI prepara Encaminhamento,50149.25624457895,start,,0.0,,,,
Patient_154,CTI prepara Encaminhamento,50199.507861576894,complete,,0.0,,,,
Patient_154,Encaminha_para a Clinica Cirurgica,50199.507861576894,complete,,,para a Clinica Cirurgica,50199.507861576894,,
Patient_154,Discharge,50199.507861576894,complete,,,,,,799.5040048092123
Patient_155,Arrival,49600.8910412138,complete,,0.0,,,,
Patient_155,Origem_do Centro Cirurgico,49600.8910412138,complete,,,do Centro Cirurgico,49600.8910412138,,
Patient_155,CTI (CC),49600.8910412138,start,ctiBeds,0.0,,,,
Patient_155,CTI (CC),51684.798785743136,complete,ctiBeds,0.0,,,,
Patient_155,CTI prepara Encaminhamento,51684.798785743136,start,,0.0,,,,
Patient_155,CTI prepara Encaminhamento,51718.956530266165,complete,,0.0,,,,
Patient_155,Encaminha_para a Clinica Medica,51718.956530266165,complete,,,para a Clinica Medica,51718.956530266165,,
Patient_155,Discharge,51718.956530266165,complete,,,,,,2118.0654890523656
Patient_156,Arrival,49725.95429666808,complete,,0.0,,,,
Patient_156,Origem_da Clinica Medica,49725.95429666808,complete,,,da Clinica Medica,49725.95429666808,,
Patient_156,CTI (CLIM),49725.95429666808,start,ctiBeds,0.0,,,,
Patient_156,CTI (CLIM),54064.32792545908,complete,ctiBeds,0.0,,,,
Patient_156,CTI prepara Encaminhamento,54064.32792545908,start,,0.0,,,,
Patient_156,CTI prepara Encaminhamento,54122.82223097307,complete,,0.0,,,,
Patient_156,Encaminha_Transferencia Externa,54122.82223097307,complete,,,Transferencia Externa,54122.82223097307,,
Patient_156,Discharge,54122.82223097307,complete,,,,,,4396.867934304988
Patient_157,Arrival,50070.880892224384,complete,,0.0,,,,
Patient_157,Origem_do Centro Cirurgico,50070.880892224384,complete,,,do Centro Cirurgico,50070.880892224384,,
Patient_157,CTI (CC),50149.25624457895,start,ctiBeds,0.0,,,,
Patient_157,CTI (CC),54048.36181343003,complete,ctiBeds,0.0,,,,
Patient_157,CTI prepara Encaminhamento,54048.36181343003,start,,0.0,,,,
Patient_157,CTI prepara Encaminhamento,54086.19512756241,complete,,0.0,,,,
Patient_157,Encaminha_Obito,54086.19512756241,complete,,,Obito,54086.19512756241,,
Patient_157,Discharge,54086.19512756241,complete,,,,,,4015.3142353380244
Patient_158,Arrival,50112.84132560575,complete,,0.0,,,,
Patient_158,Origem_do Centro Cirurgico,50112.84132560575,complete,,,do Centro Cirurgico,50112.84132560575,,
Patient_158,CTI (CC),50646.92110632807,start,ctiBeds,0.0,,,,
Patient_158,CTI (CC),57991.83280089507,complete,ctiBeds,0.0,,,,
Patient_158,CTI prepara Encaminhamento,57991.83280089507,start,,0.0,,,,
Patient_158,CTI prepara Encaminhamento,58046.043558272024,complete,,0.0,,,,
Patient_158,Encaminha_para a Clinica Cirurgica,58046.043558272024,complete,,,para a Clinica Cirurgica,58046.043558272024,,
Patient_158,Discharge,58046.043558272024,complete,,,,,,7933.202232666277
Patient_159,Arrival,51263.01118237062,complete,,0.0,,,,
Patient_159,Origem_do Centro Cirurgico,51263.01118237062,complete,,,do Centro Cirurgico,51263.01118237062,,
Patient_159,CTI (CC),51263.01118237062,start,ctiBeds,0.0,,,,
Patient_159,CTI (CC),57443.6249958689,complete,ctiBeds,0.0,,,,
Patient_159,CTI prepara Encaminhamento,57443.6249958689,start,,0.0,,,,
Patient_159,CTI prepara Encaminhamento,57478.08693261705,complete,,0.0,,,,
Patient_159,Encaminha_para a Clinica Cirurgica,57478.08693261705,complete,,,para a Clinica Cirurgica,57478.08693261705,,
Patient_159,Discharge,57478.08693261705,complete,,,,,,6215.075750246433
Patient_16,Arrival,4830.1022592132795,complete,,0.0,,,,
Patient_16,Origem_do Pronto Socorro,4830.1022592132795,complete,,,do Pronto Socorro,4830.1022592132795,,
Patient_16,CTI (PS),4830.1022592132795,start,ctiBeds,0.0,,,,
Patient_16,CTI (PS),24510.232247449887,complete,ctiBeds,0.0,,,,
Patient_16,CTI prepara Encaminhamento,24510.232247449887,start,,0.0,,,,
Patient_16,CTI prepara Encaminhamento,24556.123514585834,complete,,0.0,,,,
Patient_16,Encaminha_Transferencia Externa,24556.123514585834,complete,,,Transferencia Externa,24556.123514585834,,
Patient_16,Discharge,24556.123514585834,complete,,,,,,19726.021255372554
Patient_160,Arrival,51526.63313079682,complete,,0.0,,,,
Patient_160,Origem_da Clinica Cirurgica,51526.63313079682,complete,,,da Clinica Cirurgica,51526.63313079682,,
Patient_160,CTI (CLIC),51684.798785743136,start,ctiBeds,0.0,,,,
Patient_160,CTI (CLIC),69662.87112157984,complete,ctiBeds,0.0,,,,
Patient_160,CTI prepara Encaminhamento,69662.87112157984,start,,0.0,,,,
Patient_160,CTI prepara Encaminhamento,69714.11432915248,complete,,0.0,,,,
Patient_160,Encaminha_para a Clinica Cirurgica,69714.11432915248,complete,,,para a Clinica Cirurgica,69714.11432915248,,
Patient_160,Discharge,69714.11432915248,complete,,,,,,18187.481198355657
Patient_161,Arrival,51728.99198606196,complete,,0.0,,,,
Patient_161,Origem_do Centro Cirurgico,51728.99198606196,complete,,,do Centro Cirurgico,51728.99198606196,,
Patient_161,CTI (CC),52041.066396150374,start,ctiBeds,0.0,,,,
Patient_161,CTI (CC),54347.36469334675,complete,ctiBeds,0.0,,,,
Patient_161,CTI prepara Encaminhamento,54347.36469334675,start,,0.0,,,,
Patient_161,CTI prepara Encaminhamento,54388.12701459921,complete,,0.0,,,,
Patient_161,Encaminha_para a Clinica Cirurgica,54388.12701459921,complete,,,para a Clinica Cirurgica,54388.12701459921,,
Patient_161,Discharge,54388.12701459921,complete,,,,,,2659.1350285372464
Patient_162,Arrival,52200.33458417142,complete,,0.0,,,,
Patient_162,Origem_do Pronto Socorro,52200.33458417142,complete,,,do Pronto Socorro,52200.33458417142,,
Patient_162,CTI (PS),52450.39215041024,start,ctiBeds,0.0,,,,
Patient_162,CTI (PS),71682.82139756935,complete,ctiBeds,0.0,,,,
Patient_162,CTI prepara Encaminhamento,71682.82139756935,start,,0.0,,,,
Patient_162,CTI prepara Encaminhamento,71742.28761046278,complete,,0.0,,,,
Patient_162,Encaminha_para a Clinica Medica,71742.28761046278,complete,,,para a Clinica Medica,71742.28761046278,,
Patient_162,Discharge,71742.28761046278,complete,,,,,,19541.95302629136
Patient_163,Arrival,52378.070702018704,complete,,0.0,,,,
Patient_163,Origem_do Pronto Socorro,52378.070702018704,complete,,,do Pronto Socorro,52378.070702018704,,
Patient_163,CTI (PS),52465.8636955329,start,ctiBeds,0.0,,,,
Patient_163,CTI (PS),74555.99882880568,complete,ctiBeds,0.0,,,,
Patient_163,CTI prepara Encaminhamento,74555.99882880568,start,,0.0,,,,
Patient_163,CTI prepara Encaminhamento,74586.4302124732,complete,,0.0,,,,
Patient_163,Encaminha_para a Clinica Cirurgica,74586.4302124732,complete,,,para a Clinica Cirurgica,74586.4302124732,,
Patient_163,Discharge,74586.4302124732,complete,,,,,,22208.359510454502
Patient_164,Arrival,52531.211161219166,complete,,0.0,,,,
Patient_164,Origem_do Centro Cirurgico,52531.211161219166,complete,,,do Centro Cirurgico,52531.211161219166,,
Patient_164,CTI (CC),52658.680949512556,start,ctiBeds,0.0,,,,
Patient_164,CTI (CC),64912.82975585907,complete,ctiBeds,0.0,,,,
Patient_164,CTI prepara Encaminhamento,64912.82975585907,start,,0.0,,,,
Patient_164,CTI prepara Encaminhamento,64952.899756467734,complete,,0.0,,,,
Patient_164,Encaminha_para a Clinica Cirurgica,64952.899756467734,complete,,,para a Clinica Cirurgica,64952.899756467734,,
Patient_164,Discharge,64952.899756467734,complete,,,,,,12421.688595248568
Patient_165,Arrival,52701.44392371214,complete,,0.0,,,,
Patient_165,Origem_do Pronto Socorro,52701.44392371214,complete,,,do Pronto Socorro,52701.44392371214,,
Patient_165,CTI (PS),52726.30686726048,start,ctiBeds,0.0,,,,
Patient_165,CTI (PS),64778.30238676831,complete,ctiBeds,0.0,,,,
Patient_165,CTI prepara Encaminhamento,64778.30238676831,start,,0.0,,,,
Patient_165,CTI prepara Encaminhamento,64814.478223714235,complete,,0.0,,,,
Patient_165,Encaminha_para a Clinica Medica,64814.478223714235,complete,,,para a Clinica Medica,64814.478223714235,,
Patient_165,Discharge,64814.478223714235,complete,,,,,,12113.034300002095
Patient_166,Arrival,52955.791953528525,complete,,0.0,,,,
Patient_166,Origem_do Pronto Socorro,52955.791953528525,complete,,,do Pronto Socorro,52955.791953528525,,
Patient_166,CTI (PS),53508.223509412586,start,ctiBeds,0.0,,,,
Patient_166,CTI (PS),84133.55575273783,complete,ctiBeds,0.0,,,,
Patient_166,CTI prepara Encaminhamento,84133.55575273783,start,,0.0,,,,
Patient_166,CTI prepara Encaminhamento,84177.20201096013,complete,,0.0,,,,
Patient_166,Encaminha_Obito,84177.20201096013,complete,,,Obito,84177.20201096013,,
Patient_166,Discharge,84177.20201096013,complete,,,,,,31221.410057431603
Patient_167,Arrival,53172.56517848405,complete,,0.0,,,,
Patient_167,Origem_do Pronto Socorro,53172.56517848405,complete,,,do Pronto Socorro,53172.56517848405,,
Patient_167,CTI (PS),53928.791668096055,start,ctiBeds,0.0,,,,
Patient_167,CTI (PS),55715.93603436539,complete,ctiBeds,0.0,,,,
Patient_167,CTI prepara Encaminhamento,55715.93603436539,start,,0.0,,,,
Patient_167,CTI prepara Encaminhamento,55765.595884982504,complete,,0.0,,,,
Patient_167,Encaminha_para a Clinica Cirurgica,55765.595884982504,complete,,,para a Clinica Cirurgica,55765.595884982504,,
Patient_167,Discharge,55765.595884982504,complete,,,,,,2593.0307064984518
Patient_168,Arrival,53246.99809352398,complete,,0.0,,,,
Patient_168,Origem_da Clinica Cirurgica,53246.99809352398,complete,,,da Clinica Cirurgica,53246.99809352398,,
Patient_168,CTI (CLIC),54048.36181343003,start,ctiBeds,0.0,,,,
Patient_168,CTI (CLIC),58120.16451377516,complete,ctiBeds,0.0,,,,
Patient_168,CTI prepara Encaminhamento,58120.16451377516,start,,0.0,,,,
Patient_168,CTI prepara Encaminhamento,58157.514184802494,complete,,0.0,,,,
Patient_168,Encaminha_para a Clinica Medica,58157.514184802494,complete,,,para a Clinica Medica,58157.514184802494,,
Patient_168,Discharge,58157.514184802494,complete,,,,,,4910.516091278514
Patient_169,Arrival,53269.95272467068,complete,,0.0,,,,
Patient_169,Origem_do Centro Cirurgico,53269.95272467068,complete,,,do Centro Cirurgico,53269.95272467068,,
Patient_169,CTI (CC),54064.32792545908,start,ctiBeds,0.0,,,,
Patient_169,CTI (CC),58674.01949454185,complete,ctiBeds,0.0,,,,
Patient_169,CTI prepara Encaminhamento,58674.01949454185,start,,0.0,,,,
Patient_169,CTI prepara Encaminhamento,58719.28194627492,complete,,0.0,,,,
Patient_169,Encaminha_para a Clinica Medica,58719.28194627492,complete,,,para a Clinica Medica,58719.28194627492,,
Patient_169,Discharge,58719.28194627492,complete,,,,,,5449.329221604239
Patient_17,Arrival,4983.849957683406,complete,,0.0,,,,
Patient_17,Origem_do Centro Cirurgico,4983.849957683406,complete,,,do Centro Cirurgico,4983.849957683406,,
Patient_17,CTI (CC),4983.849957683406,start,ctiBeds,0.0,,,,
Patient_17,CTI (CC),6595.432888111056,complete,ctiBeds,0.0,,,,
Patient_17,CTI prepara Encaminhamento,6595.432888111056,start,,0.0,,,,
Patient_17,CTI prepara Encaminhamento,6651.392318550759,complete,,0.0,,,,
Patient_17,Encaminha_para a Clinica Cirurgica,6651.392318550759,complete,,,para a Clinica Cirurgica,6651.392318550759,,
Patient_17,Discharge,6651.392318550759,complete,,,,,,1667.5423608673536
Patient_170,Arrival,54339.14953935433,complete,,0.0,,,,
Patient_170,Origem_do Centro Cirurgico,54339.14953935433,complete,,,do Centro Cirurgico,54339.14953935433,,
Patient_170,CTI (CC),54339.14953935433,start,ctiBeds,0.0,,,,
Patient_170,CTI (CC),54721.98810250635,complete,ctiBeds,0.0,,,,
Patient_170,CTI prepara Encaminhamento,54721.98810250635,start,,0.0,,,,
Patient_170,CTI prepara Encaminhamento,54760.833580401006,complete,,0.0,,,,
Patient_170,Encaminha_para a Clinica Medica,54760.833580401006,complete,,,para a Clinica Medica,54760.833580401006,,
Patient_170,Discharge,54760.833580401006,complete,,,,,,421.6840410466757
Patient_171,Arrival,55370.57960309386,complete,,0.0,,,,
Patient_171,Origem_da Clinica Cirurgica,55370.57960309386,complete,,,da Clinica Cirurgica,55370.57960309386,,
Patient_171,CTI (CLIC),55370.57960309386,start,ctiBeds,0.0,,,,
Patient_171,CTI (CLIC),70120.1488241556,complete,ctiBeds,0.0,,,,
Patient_171,CTI prepara Encaminhamento,70120.1488241556,start,,0.0,,,,
Patient_171,CTI prepara Encaminhamento,70158.23884771566,complete,,0.0,,,,
Patient_171,Encaminha_Obito,70158.23884771566,complete,,,Obito,70158.23884771566,,
Patient_171,Discharge,70158.23884771566,complete,,,,,,14787.659244621806
Patient_172,Arrival,55399.87951445126,complete,,0.0,,,,
Patient_172,Origem_do Pronto Socorro,55399.87951445126,complete,,,do Pronto Socorro,55399.87951445126,,
Patient_172,CTI (PS),55399.87951445126,start,ctiBeds,0.0,,,,
Patient_172,CTI (PS),89082.53114221162,complete,ctiBeds,0.0,,,,
Patient_172,CTI prepara Encaminhamento,89082.53114221162,start,,0.0,,,,
Patient_172,CTI prepara Encaminhamento,89130.78789536704,complete,,0.0,,,,
Patient_172,Encaminha_para a Clinica Medica,89130.78789536704,complete,,,para a Clinica Medica,89130.78789536704,,
Patient_172,Discharge,89130.78789536704,complete,,,,,,33730.90838091578
Patient_173,Arrival,55632.377437450996,complete,,0.0,,,,
Patient_173,Origem_do Centro Cirurgico,55632.377437450996,complete,,,do Centro Cirurgico,55632.377437450996,,
Patient_173,CTI (CC),55632.377437450996,start,ctiBeds,0.0,,,,
Patient_173,CTI (CC),57931.11854078252,complete,ctiBeds,0.0,,,,
Patient_173,CTI prepara Encaminhamento,57931.11854078252,start,,0.0,,,,
Patient_173,CTI prepara Encaminhamento,57970.58484918015,complete,,0.0,,,,
Patient_173,Encaminha_para a Clinica Cirurgica,57970.58484918015,complete,,,para a Clinica Cirurgica,57970.58484918015,,
Patient_173,Discharge,57970.58484918015,complete,,,,,,2338.207411729156
Patient_174,Arrival,55776.75216834844,complete,,0.0,,,,
Patient_174,Origem_do Centro Cirurgico,55776.75216834844,complete,,,do Centro Cirurgico,55776.75216834844,,
Patient_174,CTI (CC),55776.75216834844,start,ctiBeds,0.0,,,,
Patient_174,CTI (CC),110134.03997994882,complete,ctiBeds,0.0,,,,
Patient_174,CTI prepara Encaminhamento,110134.03997994882,start,,0.0,,,,
Patient_174,CTI prepara Encaminhamento,110166.90432670702,complete,,0.0,,,,
Patient_174,Encaminha_para a Clinica Medica,110166.90432670702,complete,,,para a Clinica Medica,110166.90432670702,,
Patient_174,Discharge,110166.90432670702,complete,,,,,,54390.152158358585
Patient_175,Arrival,55791.15989410005,complete,,0.0,,,,
Patient_175,Origem_do Centro Cirurgico,55791.15989410005,complete,,,do Centro Cirurgico,55791.15989410005,,
Patient_175,CTI (CC),55791.15989410005,start,ctiBeds,0.0,,,,
Patient_175,CTI (CC),58348.11582936739,complete,ctiBeds,0.0,,,,
Patient_175,CTI prepara Encaminhamento,58348.11582936739,start,,0.0,,,,
Patient_175,CTI prepara Encaminhamento,58404.04915708122,complete,,0.0,,,,
Patient_175,Encaminha_Obito,58404.04915708122,complete,,,Obito,58404.04915708122,,
Patient_175,Discharge,58404.04915708122,complete,,,,,,2612.8892629811744
Patient_176,Arrival,55818.797757321016,complete,,0.0,,,,
Patient_176,Origem_do Centro Cirurgico,55818.797757321016,complete,,,do Centro Cirurgico,55818.797757321016,,
Patient_176,CTI (CC),55818.797757321016,start,ctiBeds,0.0,,,,
Patient_176,CTI (CC),59339.34469641472,complete,ctiBeds,0.0,,,,
Patient_176,CTI prepara Encaminhamento,59339.34469641472,start,,0.0,,,,
Patient_176,CTI prepara Encaminhamento,59375.396835920335,complete,,0.0,,,,
Patient_176,Encaminha_Obito,59375.396835920335,complete,,,Obito,59375.396835920335,,
Patient_176,Discharge,59375.396835920335,complete,,,,,,3556.59907859932
Patient_177,Arrival,57178.738620599535,complete,,0.0,,,,
Patient_177,Origem_do Pronto Socorro,57178.738620599535,complete,,,do Pronto Socorro,57178.738620599535,,
Patient_177,CTI (PS),57178.738620599535,start,ctiBeds,0.0,,,,
Patient_177,CTI (PS),58958.98771233387,complete,ctiBeds,0.0,,,,
Patient_177,CTI prepara Encaminhamento,58958.98771233387,start,,0.0,,,,
Patient_177,CTI prepara Encaminhamento,58996.42637982232,complete,,0.0,,,,
Patient_177,Encaminha_para a Clinica Medica,58996.42637982232,complete,,,para a Clinica Medica,58996.42637982232,,
Patient_177,Discharge,58996.42637982232,complete,,,,,,1817.687759222783
Patient_178,Arrival,57293.75558767171,complete,,0.0,,,,
Patient_178,Origem_da Clinica Cirurgica,57293.75558767171,complete,,,da Clinica Cirurgica,57293.75558767171,,
Patient_178,CTI (CLIC),57293.75558767171,start,ctiBeds,0.0,,,,
Patient_178,CTI (CLIC),65125.18084367188,complete,ctiBeds,0.0,,,,
Patient_178,CTI prepara Encaminhamento,65125.18084367188,start,,0.0,,,,
Patient_178,CTI prepara Encaminhamento,65161.17124697953,complete,,0.0,,,,
Patient_178,Encaminha_para a Clinica Medica,65161.17124697953,complete,,,para a Clinica Medica,65161.17124697953,,
Patient_178,Discharge,65161.17124697953,complete,,,,,,7867.415659307822
Patient_179,Arrival,57998.59169782764,complete,,0.0,,,,
Patient_179,Origem_da Clinica Medica,57998.59169782764,complete,,,da Clinica Medica,57998.59169782764,,
Patient_179,CTI (CLIM),57998.59169782764,start,ctiBeds,0.0,,,,
Patient_179,CTI (CLIM),89540.36684586483,complete,ctiBeds,0.0,,,,
Patient_179,CTI prepara Encaminhamento,89540.36684586483,start,,0.0,,,,
Patient_179,CTI prepara Encaminhamento,89594.82048844859,complete,,0.0,,,,
Patient_179,Encaminha_Obito,89594.82048844859,complete,,,Obito,89594.82048844859,,
Patient_179,Discharge,89594.82048844859,complete,,,,,,31596.228790620953
Patient_18,Arrival,5201.679184940225,complete,,0.0,,,,
Patient_18,Origem_do Pronto Socorro,5201.679184940225,complete,,,do Pronto Socorro,5201.679184940225,,
Patient_18,CTI (PS),5201.679184940225,start,ctiBeds,0.0,,,,
Patient_18,CTI (PS),7618.258086899123,complete,ctiBeds,0.0,,,,
Patient_18,CTI prepara Encaminhamento,7618.258086899123,start,,0.0,,,,
Patient_18,CTI prepara Encaminhamento,7676.510914016634,complete,,0.0,,,,
Patient_18,Encaminha_Obito,7676.510914016634,complete,,,Obito,7676.510914016634,,
Patient_18,Discharge,7676.510914016634,complete,,,,,,2474.831729076409
Patient_180,Arrival,58143.930356786615,complete,,0.0,,,,
Patient_180,Origem_do Centro Cirurgico,58143.930356786615,complete,,,do Centro Cirurgico,58143.930356786615,,
Patient_180,CTI (CC),58143.930356786615,start,ctiBeds,0.0,,,,
Patient_180,CTI (CC),58661.450290497174,complete,ctiBeds,0.0,,,,
Patient_180,CTI prepara Encaminhamento,58661.450290497174,start,,0.0,,,,
Patient_180,CTI prepara Encaminhamento,58717.04724412802,complete,,0.0,,,,
Patient_180,Encaminha_para a Clinica Cirurgica,58717.04724412802,complete,,,para a Clinica Cirurgica,58717.04724412802,,
Patient_180,Discharge,58717.04724412802,complete,,,,,,573.1168873414063
Patient_181,Arrival,58410.01948477395,complete,,0.0,,,,
Patient_181,Origem_do Centro Cirurgico,58410.01948477395,complete,,,do Centro Cirurgico,58410.01948477395,,
Patient_181,CTI (CC),58410.01948477395,start,ctiBeds,0.0,,,,
Patient_181,CTI (CC),67919.14126354406,complete,ctiBeds,0.0,,,,
Patient_181,CTI prepara Encaminhamento,67919.14126354406,start,,0.0,,,,
Patient_181,CTI prepara Encaminhamento,67953.90771959984,complete,,0.0,,,,
Patient_181,Encaminha_para a Clinica Cirurgica,67953.90771959984,complete,,,para a Clinica Cirurgica,67953.90771959984,,
Patient_181,Discharge,67953.90771959984,complete,,,,,,9543.888234825892
Patient_182,Arrival,58634.757815659505,complete,,0.0,,,,
Patient_182,Origem_do Centro Cirurgico,58634.757815659505,complete,,,do Centro Cirurgico,58634.757815659505,,
Patient_182,CTI (CC),58634.757815659505,start,ctiBeds,0.0,,,,
Patient_182,CTI (CC),59144.057206962905,complete,ctiBeds,0.0,,,,
Patient_182,CTI prepara Encaminhamento,59144.057206962905,start,,0.0,,,,
Patient_182,CTI prepara Encaminhamento,59191.1856010591,complete,,0.0,,,,
Patient_182,Encaminha_para a Clinica Cirurgica,59191.1856010591,complete,,,para a Clinica Cirurgica,59191.1856010591,,
Patient_182,Discharge,59191.1856010591,complete,,,,,,556.4277853995955
Patient_183,Arrival,58748.95204997798,complete,,0.0,,,,
Patient_183,Origem_do Pronto Socorro,58748.95204997798,complete,,,do Pronto Socorro,58748.95204997798,,
Patient_183,CTI (PS),58748.95204997798,start,ctiBeds,0.0,,,,
Patient_183,CTI (PS),62564.999871661115,complete,ctiBeds,0.0,,,,
Patient_183,CTI prepara Encaminhamento,62564.999871661115,start,,0.0,,,,
Patient_183,CTI prepara Encaminhamento,62618.04543662647,complete,,0.0,,,,
Patient_183,Encaminha_para o Pronto Socorro,62618.04543662647,complete,,,para o Pronto Socorro,62618.04543662647,,
Patient_183,Discharge,62618.04543662647,complete,,,,,,3869.0933866484847
Patient_184,Arrival,58894.026094018125,complete,,0.0,,,,
Patient_184,Origem_da Clinica Medica,58894.026094018125,complete,,,da Clinica Medica,58894.026094018125,,
Patient_184,CTI (CLIM),58894.026094018125,start,ctiBeds,0.0,,,,
Patient_184,CTI (CLIM),76004.72563313716,complete,ctiBeds,0.0,,,,
Patient_184,CTI prepara Encaminhamento,76004.72563313716,start,,0.0,,,,
Patient_184,CTI prepara Encaminhamento,76041.84645393456,complete,,0.0,,,,
Patient_184,Encaminha_Obito,76041.84645393456,complete,,,Obito,76041.84645393456,,
Patient_184,Discharge,76041.84645393456,complete,,,,,,17147.820359916434
Patient_185,Arrival,59128.080654181584,complete,,0.0,,,,
Patient_185,Origem_do Pronto Socorro,59128.080654181584,complete,,,do Pronto Socorro,59128.080654181584,,
Patient_185,CTI (PS),59128.080654181584,start,ctiBeds,0.0,,,,
Patient_185,CTI (PS),67655.50572318016,complete,ctiBeds,0.0,,,,
Patient_185,CTI prepara Encaminhamento,67655.50572318016,start,,0.0,,,,
Patient_185,CTI prepara Encaminhamento,67708.73935653006,complete,,0.0,,,,
Patient_185,Encaminha_para a Clinica Medica,67708.73935653006,complete,,,para a Clinica Medica,67708.73935653006,,
Patient_185,Discharge,67708.73935653006,complete,,,,,,8580.658702348475
Patient_186,Arrival,59341.65558461877,complete,,0.0,,,,
Patient_186,Origem_do Pronto Socorro,59341.65558461877,complete,,,do Pronto Socorro,59341.65558461877,,
Patient_186,CTI (PS),59341.65558461877,start,ctiBeds,0.0,,,,
Patient_186,CTI (PS),67285.22266837709,complete,ctiBeds,0.0,,,,
Patient_186,CTI prepara Encaminhamento,67285.22266837709,start,,0.0,,,,
Patient_186,CTI prepara Encaminhamento,67341.21653643694,complete,,0.0,,,,
Patient_186,Encaminha_para a Clinica Medica,67341.21653643694,complete,,,para a Clinica Medica,67341.21653643694,,
Patient_186,Discharge,67341.21653643694,complete,,,,,,7999.560951818174
Patient_187,Arrival,60685.592981123606,complete,,0.0,,,,
Patient_187,Origem_do Pronto Socorro,60685.592981123606,complete,,,do Pronto Socorro,60685.592981123606,,
Patient_187,CTI (PS),60685.592981123606,start,ctiBeds,0.0,,,,
Patient_187,CTI (PS),79355.66129632632,complete,ctiBeds,0.0,,,,
Patient_187,CTI prepara Encaminhamento,79355.66129632632,start,,0.0,,,,
Patient_187,CTI prepara Encaminhamento,79392.4222929511,complete,,0.0,,,,
Patient_187,Encaminha_para a Clinica Medica,79392.4222929511,complete,,,para a Clinica Medica,79392.4222929511,,
Patient_187,Discharge,79392.4222929511,complete,,,,,,18706.829311827496
Patient_188,Arrival,60934.6566789051,complete,,0.0,,,,
Patient_188,Origem_da Clinica Cirurgica,60934.6566789051,complete,,,da Clinica Cirurgica,60934.6566789051,,
Patient_188,CTI (CLIC),60934.6566789051,start,ctiBeds,0.0,,,,
Patient_188,CTI (CLIC),64623.31691330654,complete,ctiBeds,0.0,,,,
Patient_188,CTI prepara Encaminhamento,64623.31691330654,start,,0.0,,,,
Patient_188,CTI prepara Encaminhamento,64671.478494180796,complete,,0.0,,,,
Patient_188,Encaminha_para a Clinica Medica,64671.478494180796,complete,,,para a Clinica Medica,64671.478494180796,,
Patient_188,Discharge,64671.478494180796,complete,,,,,,3736.8218152756963
Patient_189,Arrival,61566.12954887713,complete,,0.0,,,,
Patient_189,Origem_do Pronto Socorro,61566.12954887713,complete,,,do Pronto Socorro,61566.12954887713,,
Patient_189,CTI (PS),61566.12954887713,start,ctiBeds,0.0,,,,
Patient_189,CTI (PS),63753.01719592802,complete,ctiBeds,0.0,,,,
Patient_189,CTI prepara Encaminhamento,63753.01719592802,start,,0.0,,,,
Patient_189,CTI prepara Encaminhamento,63798.041802537264,complete,,0.0,,,,
Patient_189,Encaminha_para a Clinica Cirurgica,63798.041802537264,complete,,,para a Clinica Cirurgica,63798.041802537264,,
Patient_189,Discharge,63798.041802537264,complete,,,,,,2231.9122536601353
Patient_19,Arrival,5261.610770291128,complete,,0.0,,,,
Patient_19,Origem_do Pronto Socorro,5261.610770291128,complete,,,do Pronto Socorro,5261.610770291128,,
Patient_19,CTI (PS),5261.610770291128,start,ctiBeds,0.0,,,,
Patient_19,CTI (PS),6011.087887557531,complete,ctiBeds,0.0,,,,
Patient_19,CTI prepara Encaminhamento,6011.087887557531,start,,0.0,,,,
Patient_19,CTI prepara Encaminhamento,6045.623591611752,complete,,0.0,,,,
Patient_19,Encaminha_para a Clinica Cirurgica,6045.623591611752,complete,,,para a Clinica Cirurgica,6045.623591611752,,
Patient_19,Discharge,6045.623591611752,complete,,,,,,784.0128213206244
Patient_190,Arrival,62059.3658485163,complete,,0.0,,,,
Patient_190,Origem_do Centro Cirurgico,62059.3658485163,complete,,,do Centro Cirurgico,62059.3658485163,,
Patient_190,CTI (CC),62059.3658485163,start,ctiBeds,0.0,,,,
Patient_190,CTI (CC),63182.88000169344,complete,ctiBeds,0.0,,,,
Patient_190,CTI prepara Encaminhamento,63182.88000169344,start,,0.0,,,,
Patient_190,CTI prepara Encaminhamento,63242.84945009136,complete,,0.0,,,,
Patient_190,Encaminha_para a Clinica Medica,63242.84945009136,complete,,,para a Clinica Medica,63242.84945009136,,
Patient_190,Discharge,63242.84945009136,complete,,,,,,1183.4836015750552
Patient_191,Arrival,62410.918073482695,complete,,0.0,,,,
Patient_191,Origem_do Pronto Socorro,62410.918073482695,complete,,,do Pronto Socorro,62410.918073482695,,
Patient_191,CTI (PS),62410.918073482695,start,ctiBeds,0.0,,,,
Patient_191,CTI (PS),82374.49327586236,complete,ctiBeds,0.0,,,,
Patient_191,CTI prepara Encaminhamento,82374.49327586236,start,,0.0,,,,
Patient_191,CTI prepara Encaminhamento,82415.48012071404,complete,,0.0,,,,
Patient_191,Encaminha_para a Clinica Medica,82415.48012071404,complete,,,para a Clinica Medica,82415.48012071404,,
Patient_191,Discharge,82415.48012071404,complete,,,,,,20004.562047231346
Patient_192,Arrival,62895.613997144006,complete,,0.0,,,,
Patient_192,Origem_do Pronto Socorro,62895.613997144006,complete,,,do Pronto Socorro,62895.613997144006,,
Patient_192,CTI (PS),62895.613997144006,start,ctiBeds,0.0,,,,
Patient_192,CTI (PS),72210.41244322027,complete,ctiBeds,0.0,,,,
Patient_192,CTI prepara Encaminhamento,72210.41244322027,start,,0.0,,,,
Patient_192,CTI prepara Encaminhamento,72263.8372605471,complete,,0.0,,,,
Patient_192,Encaminha_para a Clinica Cirurgica,72263.8372605471,complete,,,para a Clinica Cirurgica,72263.8372605471,,
Patient_192,Discharge,72263.8372605471,complete,,,,,,9368.223263403088
Patient_193,Arrival,63113.59639901136,complete,,0.0,,,,
Patient_193,Origem_do Centro Cirurgico,63113.59639901136,complete,,,do Centro Cirurgico,63113.59639901136,,
Patient_193,CTI (CC),63182.88000169344,start,ctiBeds,0.0,,,,
Patient_193,CTI (CC),64327.45910973218,complete,ctiBeds,0.0,,,,
Patient_193,CTI prepara Encaminhamento,64327.45910973218,start,,0.0,,,,
Patient_193,CTI prepara Encaminhamento,64376.38047860433,complete,,0.0,,,,
Patient_193,Encaminha_Transferencia Externa,64376.38047860433,complete,,,Transferencia Externa,64376.38047860433,,
Patient_193,Discharge,64376.38047860433,complete,,,,,,1262.7840795929733
Patient_194,Arrival,63365.167289015226,complete,,0.0,,,,
Patient_194,Origem_do Centro Cirurgico,63365.167289015226,complete,,,do Centro Cirurgico,63365.167289015226,,
Patient_194,CTI (CC),63439.140695319045,start,ctiBeds,0.0,,,,
Patient_194,CTI (CC),66387.19482732784,complete,ctiBeds,0.0,,,,
Patient_194,CTI prepara Encaminhamento,66387.19482732784,start,,0.0,,,,
Patient_194,CTI prepara Encaminhamento,66440.328046113,complete,,0.0,,,,
Patient_194,Encaminha_Transferencia Externa,66440.328046113,complete,,,Transferencia Externa,66440.328046113,,
Patient_194,Discharge,66440.328046113,complete,,,,,,3075.1607570977794
Patient_195,Arrival,63614.5404631334,complete,,0.0,,,,
Patient_195,Origem_do Centro Cirurgico,63614.5404631334,complete,,,do Centro Cirurgico,63614.5404631334,,
Patient_195,CTI (CC),63753.01719592802,start,ctiBeds,0.0,,,,
Patient_195,CTI (CC),77999.52139180579,complete,ctiBeds,0.0,,,,
Patient_195,CTI prepara Encaminhamento,77999.52139180579,start,,0.0,,,,
Patient_195,CTI prepara Encaminhamento,78039.131785076,complete,,0.0,,,,
Patient_195,Encaminha_Obito,78039.131785076,complete,,,Obito,78039.131785076,,
Patient_195,Discharge,78039.131785076,complete,,,,,,14424.591321942593
Patient_196,Arrival,65573.96991552891,complete,,0.0,,,,
Patient_196,Origem_do Centro Cirurgico,65573.96991552891,complete,,,do Centro Cirurgico,65573.96991552891,,
Patient_196,CTI (CC),65573.96991552891,start,ctiBeds,0.0,,,,
Patient_196,CTI (CC),67722.43790339645,complete,ctiBeds,0.0,,,,
Patient_196,CTI prepara Encaminhamento,67722.43790339645,start,,0.0,,,,
Patient_196,CTI prepara Encaminhamento,67769.7987197263,complete,,0.0,,,,
Patient_196,Encaminha_para a Clinica Cirurgica,67769.7987197263,complete,,,para a Clinica Cirurgica,67769.7987197263,,
Patient_196,Discharge,67769.7987197263,complete,,,,,,2195.8288041973865
Patient_197,Arrival,65897.86317502435,complete,,0.0,,,,
Patient_197,Origem_do Pronto Socorro,65897.86317502435,complete,,,do Pronto Socorro,65897.86317502435,,
Patient_197,CTI (PS),65897.86317502435,start,ctiBeds,0.0,,,,
Patient_197,CTI (PS),102765.092817903,complete,ctiBeds,0.0,,,,
Patient_197,CTI prepara Encaminhamento,102765.092817903,start,,0.0,,,,
Patient_197,CTI prepara Encaminhamento,102808.82803651475,complete,,0.0,,,,
Patient_197,Encaminha_para a Clinica Medica,102808.82803651475,complete,,,para a Clinica Medica,102808.82803651475,,
Patient_197,Discharge,102808.82803651475,complete,,,,,,36910.9648614904
Patient_198,Arrival,66267.68065412111,complete,,0.0,,,,
Patient_198,Origem_do Pronto Socorro,66267.68065412111,complete,,,do Pronto Socorro,66267.68065412111,,
Patient_198,CTI (PS),66267.68065412111,start,ctiBeds,0.0,,,,
Patient_198,CTI (PS),76931.51586264791,complete,ctiBeds,0.0,,,,
Patient_198,CTI prepara Encaminhamento,76931.51586264791,start,,0.0,,,,
Patient_198,CTI prepara Encaminhamento,76967.77001544445,complete,,0.0,,,,
Patient_198,Encaminha_para a Clinica Medica,76967.77001544445,complete,,,para a Clinica Medica,76967.77001544445,,
Patient_198,Discharge,76967.77001544445,complete,,,,,,10700.089361323335
Patient_199,Arrival,66459.24009563387,complete,,0.0,,,,
Patient_199,Origem_do Centro Cirurgico,66459.24009563387,complete,,,do Centro Cirurgico,66459.24009563387,,
Patient_199,CTI (CC),66459.24009563387,start,ctiBeds,0.0,,,,
Patient_199,CTI (CC),78221.06290903225,complete,ctiBeds,0.0,,,,
Patient_199,CTI prepara Encaminhamento,78221.06290903225,start,,0.0,,,,
Patient_199,CTI prepara Encaminhamento,78276.16668002192,complete,,0.0,,,,
Patient_199,Encaminha_Obito,78276.16668002192,complete,,,Obito,78276.16668002192,,
Patient_199,Discharge,78276.16668002192,complete,,,,,,11816.926584388057
Patient_2,Arrival,49.55080306834018,complete,,0.0,,,,
Patient_2,Origem_do Centro Cirurgico,49.55080306834018,complete,,,do Centro Cirurgico,49.55080306834018,,
Patient_2,CTI (CC),49.55080306834018,start,ctiBeds,0.0,,,,
Patient_2,CTI (CC),3457.2175779995864,complete,ctiBeds,0.0,,,,
Patient_2,CTI prepara Encaminhamento,3457.2175779995864,start,,0.0,,,,
Patient_2,CTI prepara Encaminhamento,3501.47605710101,complete,,0.0,,,,
Patient_2,Encaminha_para a Clinica Medica,3501.47605710101,complete,,,para a Clinica Medica,3501.47605710101,,
Patient_2,Discharge,3501.47605710101,complete,,,,,,3451.92525403267
Patient_20,Arrival,6367.23651045075,complete,,0.0,,,,
Patient_20,Origem_do Pronto Socorro,6367.23651045075,complete,,,do Pronto Socorro,6367.23651045075,,
Patient_20,CTI (PS),6367.23651045075,start,ctiBeds,0.0,,,,
Patient_20,CTI (PS),7980.8331603738225,complete,ctiBeds,0.0,,,,
Patient_20,CTI prepara Encaminhamento,7980.8331603738225,start,,0.0,,,,
Patient_20,CTI prepara Encaminhamento,8031.238838477762,complete,,0.0,,,,
Patient_20,Encaminha_para a Clinica Medica,8031.238838477762,complete,,,para a Clinica Medica,8031.238838477762,,
Patient_20,Discharge,8031.238838477762,complete,,,,,,1664.0023280270125
Patient_200,Arrival,66864.02954389543,complete,,0.0,,,,
Patient_200,Origem_do Centro Cirurgico,66864.02954389543,complete,,,do Centro Cirurgico,66864.02954389543,,
Patient_200,CTI (CC),66864.02954389543,start,ctiBeds,0.0,,,,
Patient_200,CTI (CC),67004.6846641586,complete,ctiBeds,0.0,,,,
Patient_200,CTI prepara Encaminhamento,67004.6846641586,start,,0.0,,,,
Patient_200,CTI prepara Encaminhamento,67058.69228477572,complete,,0.0,,,,
Patient_200,Encaminha_para a Clinica Cirurgica,67058.69228477572,complete,,,para a Clinica Cirurgica,67058.69228477572,,
Patient_200,Discharge,67058.69228477572,complete,,,,,,194.66274088028877
Patient_201,Arrival,67081.18883071619,complete,,0.0,,,,
Patient_201,Origem_do Centro Cirurgico,67081.18883071619,complete,,,do Centro Cirurgico,67081.18883071619,,
Patient_201,CTI (CC),67081.18883071619,start,ctiBeds,0.0,,,,
Patient_201,CTI (CC),67376.95959812653,complete,ctiBeds,0.0,,,,
Patient_201,CTI prepara Encaminhamento,67376.95959812653,start,,0.0,,,,
Patient_201,CTI prepara Encaminhamento,67410.22122932854,complete,,0.0,,,,
Patient_201,Encaminha_para a Clinica Cirurgica,67410.22122932854,complete,,,para a Clinica Cirurgica,67410.22122932854,,
Patient_201,Discharge,67410.22122932854,complete,,,,,,329.0323986123549
Patient_202,Arrival,67212.20638655075,complete,,0.0,,,,
Patient_202,Origem_do Pronto Socorro,67212.20638655075,complete,,,do Pronto Socorro,67212.20638655075,,
Patient_202,CTI (PS),67212.20638655075,start,ctiBeds,0.0,,,,
Patient_202,CTI (PS),80020.98195857488,complete,ctiBeds,0.0,,,,
Patient_202,CTI prepara Encaminhamento,80020.98195857488,start,,0.0,,,,
Patient_202,CTI prepara Encaminhamento,80079.67263485728,complete,,0.0,,,,
Patient_202,Encaminha_para a Clinica Cirurgica,80079.67263485728,complete,,,para a Clinica Cirurgica,80079.67263485728,,
Patient_202,Discharge,80079.67263485728,complete,,,,,,12867.466248306533
Patient_203,Arrival,67370.37643909082,complete,,0.0,,,,
Patient_203,Origem_do Centro Cirurgico,67370.37643909082,complete,,,do Centro Cirurgico,67370.37643909082,,
Patient_203,CTI (CC),67370.37643909082,start,ctiBeds,0.0,,,,
Patient_203,CTI (CC),68635.73614305787,complete,ctiBeds,0.0,,,,
Patient_203,CTI prepara Encaminhamento,68635.73614305787,start,,0.0,,,,
Patient_203,CTI prepara Encaminhamento,68685.62157466258,complete,,0.0,,,,
Patient_203,Encaminha_para a Clinica Medica,68685.62157466258,complete,,,para a Clinica Medica,68685.62157466258,,
Patient_203,Discharge,68685.62157466258,complete,,,,,,1315.245135571764
Patient_204,Arrival,67374.06564955927,complete,,0.0,,,,
Patient_204,Origem_do Pronto Socorro,67374.06564955927,complete,,,do Pronto Socorro,67374.06564955927,,
Patient_204,CTI (PS),67374.06564955927,start,ctiBeds,0.0,,,,
Patient_204,CTI (PS),68447.49739071907,complete,ctiBeds,0.0,,,,
Patient_204,CTI prepara Encaminhamento,68447.49739071907,start,,0.0,,,,
Patient_204,CTI prepara Encaminhamento,68482.58596722582,complete,,0.0,,,,
Patient_204,Encaminha_para a Clinica Medica,68482.58596722582,complete,,,para a Clinica Medica,68482.58596722582,,
Patient_204,Discharge,68482.58596722582,complete,,,,,,1108.5203176665527
Patient_205,Arrival,67525.54053892089,complete,,0.0,,,,
Patient_205,Origem_do Pronto Socorro,67525.54053892089,complete,,,do Pronto Socorro,67525.54053892089,,
Patient_205,CTI (PS),67525.54053892089,start,ctiBeds,0.0,,,,
Patient_205,CTI (PS),85597.59229452221,complete,ctiBeds,0.0,,,,
Patient_205,CTI prepara Encaminhamento,85597.59229452221,start,,0.0,,,,
Patient_205,CTI prepara Encaminhamento,85632.54796222433,complete,,0.0,,,,
Patient_205,Encaminha_para a Clinica Medica,85632.54796222433,complete,,,para a Clinica Medica,85632.54796222433,,
Patient_205,Discharge,85632.54796222433,complete,,,,,,18107.00742330344
Patient_206,Arrival,67578.64012570509,complete,,0.0,,,,
Patient_206,Origem_do Pronto Socorro,67578.64012570509,complete,,,do Pronto Socorro,67578.64012570509,,
Patient_206,CTI (PS),67578.64012570509,start,ctiBeds,0.0,,,,
Patient_206,CTI (PS),76171.36734937009,complete,ctiBeds,0.0,,,,
Patient_206,CTI prepara Encaminhamento,76171.36734937009,start,,0.0,,,,
Patient_206,CTI prepara Encaminhamento,76207.4353854587,complete,,0.0,,,,
Patient_206,Encaminha_para a Clinica Cirurgica,76207.4353854587,complete,,,para a Clinica Cirurgica,76207.4353854587,,
Patient_206,Discharge,76207.4353854587,complete,,,,,,8628.795259753606
Patient_207,Arrival,67602.23891104644,complete,,0.0,,,,
Patient_207,Origem_do Centro Cirurgico,67602.23891104644,complete,,,do Centro Cirurgico,67602.23891104644,,
Patient_207,CTI (CC),67655.50572318016,start,ctiBeds,0.0,,,,
Patient_207,CTI (CC),71686.01479729949,complete,ctiBeds,0.0,,,,
Patient_207,CTI prepara Encaminhamento,71686.01479729949,start,,0.0,,,,
Patient_207,CTI prepara Encaminhamento,71718.85720708604,complete,,0.0,,,,
Patient_207,Encaminha_para a Clinica Medica,71718.85720708604,complete,,,para a Clinica Medica,71718.85720708604,,
Patient_207,Discharge,71718.85720708604,complete,,,,,,4116.618296039596
Patient_208,Arrival,67858.4011031878,complete,,0.0,,,,
Patient_208,Origem_do Centro Cirurgico,67858.4011031878,complete,,,do Centro Cirurgico,67858.4011031878,,
Patient_208,CTI (CC),67858.4011031878,start,ctiBeds,0.0,,,,
Patient_208,CTI (CC),68285.62721961233,complete,ctiBeds,0.0,,,,
Patient_208,CTI prepara Encaminhamento,68285.62721961233,start,,0.0,,,,
Patient_208,CTI prepara Encaminhamento,68315.90034866084,complete,,0.0,,,,
Patient_208,Encaminha_para a Clinica Medica,68315.90034866084,complete,,,para a Clinica Medica,68315.90034866084,,
Patient_208,Discharge,68315.90034866084,complete,,,,,,457.4992454730382
Patient_209,Arrival,68685.12036115865,complete,,0.0,,,,
Patient_209,Origem_do Pronto Socorro,68685.12036115865,complete,,,do Pronto Socorro,68685.12036115865,,
Patient_209,CTI (PS),68685.12036115865,start,ctiBeds,0.0,,,,
Patient_209,CTI (PS),114416.0641571469,complete,ctiBeds,0.0,,,,
Patient_209,CTI prepara Encaminhamento,114416.0641571469,start,,0.0,,,,
Patient_209,CTI prepara Encaminhamento,114458.79539846104,complete,,0.0,,,,
Patient_209,Encaminha_para o Centro Cirurgico,114458.79539846104,complete,,,para o Centro Cirurgico,114458.79539846104,,
Patient_209,Discharge,114458.79539846104,complete,,,,,,45773.67503730238
Patient_21,Arrival,6477.321637145224,complete,,0.0,,,,
Patient_21,Origem_do Pronto Socorro,6477.321637145224,complete,,,do Pronto Socorro,6477.321637145224,,
Patient_21,CTI (PS),6477.321637145224,start,ctiBeds,0.0,,,,
Patient_21,CTI (PS),11952.020750807726,complete,ctiBeds,0.0,,,,
Patient_21,CTI prepara Encaminhamento,11952.020750807726,start,,0.0,,,,
Patient_21,CTI prepara Encaminhamento,12004.293626310126,complete,,0.0,,,,
Patient_21,Encaminha_Obito,12004.293626310126,complete,,,Obito,12004.293626310126,,
Patient_21,Discharge,12004.293626310126,complete,,,,,,5526.971989164902
Patient_210,Arrival,69659.79279732612,complete,,0.0,,,,
Patient_210,Origem_da Clinica Medica,69659.79279732612,complete,,,da Clinica Medica,69659.79279732612,,
Patient_210,CTI (CLIM),69659.79279732612,start,ctiBeds,0.0,,,,
Patient_210,CTI (CLIM),72017.78808620686,complete,ctiBeds,0.0,,,,
Patient_210,CTI prepara Encaminhamento,72017.78808620686,start,,0.0,,,,
Patient_210,CTI prepara Encaminhamento,72051.91974964294,complete,,0.0,,,,
Patient_210,Encaminha_para a Clinica Cirurgica,72051.91974964294,complete,,,para a Clinica Cirurgica,72051.91974964294,,
Patient_210,Discharge,72051.91974964294,complete,,,,,,2392.1269523168157
Patient_211,Arrival,69848.3249900257,complete,,0.0,,,,
Patient_211,Origem_do Pronto Socorro,69848.3249900257,complete,,,do Pronto Socorro,69848.3249900257,,
Patient_211,CTI (PS),69848.3249900257,start,ctiBeds,0.0,,,,
Patient_211,CTI (PS),87015.59247726716,complete,ctiBeds,0.0,,,,
Patient_211,CTI prepara Encaminhamento,87015.59247726716,start,,0.0,,,,
Patient_211,CTI prepara Encaminhamento,87047.6110781484,complete,,0.0,,,,
Patient_211,Encaminha_para a Clinica Cirurgica,87047.6110781484,complete,,,para a Clinica Cirurgica,87047.6110781484,,
Patient_211,Discharge,87047.6110781484,complete,,,,,,17199.286088122695
Patient_212,Arrival,70100.82042118705,complete,,0.0,,,,
Patient_212,Origem_do Pronto Socorro,70100.82042118705,complete,,,do Pronto Socorro,70100.82042118705,,
Patient_212,CTI (PS),70100.82042118705,start,ctiBeds,0.0,,,,
Patient_212,CTI (PS),74960.87508848193,complete,ctiBeds,0.0,,,,
Patient_212,CTI prepara Encaminhamento,74960.87508848193,start,,0.0,,,,
Patient_212,CTI prepara Encaminhamento,74995.06345568123,complete,,0.0,,,,
Patient_212,Encaminha_para a Clinica Cirurgica,74995.06345568123,complete,,,para a Clinica Cirurgica,74995.06345568123,,
Patient_212,Discharge,74995.06345568123,complete,,,,,,4894.243034494182
Patient_213,Arrival,70470.78621118155,complete,,0.0,,,,
Patient_213,Origem_do Centro Cirurgico,70470.78621118155,complete,,,do Centro Cirurgico,70470.78621118155,,
Patient_213,CTI (CC),70470.78621118155,start,ctiBeds,0.0,,,,
Patient_213,CTI (CC),76283.3228075209,complete,ctiBeds,0.0,,,,
Patient_213,CTI prepara Encaminhamento,76283.3228075209,start,,0.0,,,,
Patient_213,CTI prepara Encaminhamento,76335.11171187731,complete,,0.0,,,,
Patient_213,Encaminha_para a Clinica Cirurgica,76335.11171187731,complete,,,para a Clinica Cirurgica,76335.11171187731,,
Patient_213,Discharge,76335.11171187731,complete,,,,,,5864.3255006957625
Patient_214,Arrival,70875.84380726457,complete,,0.0,,,,
Patient_214,Origem_do Centro Cirurgico,70875.84380726457,complete,,,do Centro Cirurgico,70875.84380726457,,
Patient_214,CTI (CC),70875.84380726457,start,ctiBeds,0.0,,,,
Patient_214,CTI (CC),77406.34990075818,complete,ctiBeds,0.0,,,,
Patient_214,CTI prepara Encaminhamento,77406.34990075818,start,,0.0,,,,
Patient_214,CTI prepara Encaminhamento,77461.06786722208,complete,,0.0,,,,
Patient_214,Encaminha_para a Clinica Medica,77461.06786722208,complete,,,para a Clinica Medica,77461.06786722208,,
Patient_214,Discharge,77461.06786722208,complete,,,,,,6585.224059957516
Patient_215,Arrival,70877.75640082978,complete,,0.0,,,,
Patient_215,Origem_do Centro Cirurgico,70877.75640082978,complete,,,do Centro Cirurgico,70877.75640082978,,
Patient_215,CTI (CC),70877.75640082978,start,ctiBeds,0.0,,,,
Patient_215,CTI (CC),71593.826136657,complete,ctiBeds,0.0,,,,
Patient_215,CTI prepara Encaminhamento,71593.826136657,start,,0.0,,,,
Patient_215,CTI prepara Encaminhamento,71637.0018237033,complete,,0.0,,,,
Patient_215,Encaminha_para a Clinica Cirurgica,71637.0018237033,complete,,,para a Clinica Cirurgica,71637.0018237033,,
Patient_215,Discharge,71637.0018237033,complete,,,,,,759.245422873515
Patient_216,Arrival,71311.395107222,complete,,0.0,,,,
Patient_216,Origem_da Clinica Medica,71311.395107222,complete,,,da Clinica Medica,71311.395107222,,
Patient_216,CTI (CLIM),71311.395107222,start,ctiBeds,0.0,,,,
Patient_216,CTI (CLIM),80841.9284274831,complete,ctiBeds,0.0,,,,
Patient_216,CTI prepara Encaminhamento,80841.9284274831,start,,0.0,,,,
Patient_216,CTI prepara Encaminhamento,80881.11498295532,complete,,0.0,,,,
Patient_216,Encaminha_para a Clinica Medica,80881.11498295532,complete,,,para a Clinica Medica,80881.11498295532,,
Patient_216,Discharge,80881.11498295532,complete,,,,,,9569.719875733324
Patient_217,Arrival,71510.7722777103,complete,,0.0,,,,
Patient_217,Origem_da Clinica Cirurgica,71510.7722777103,complete,,,da Clinica Cirurgica,71510.7722777103,,
Patient_217,CTI (CLIC),71510.7722777103,start,ctiBeds,0.0,,,,
Patient_217,CTI (CLIC),78527.2927925133,complete,ctiBeds,0.0,,,,
Patient_217,CTI prepara Encaminhamento,78527.2927925133,start,,0.0,,,,
Patient_217,CTI prepara Encaminhamento,78569.33945141827,complete,,0.0,,,,
Patient_217,Encaminha_Transferencia Externa,78569.33945141827,complete,,,Transferencia Externa,78569.33945141827,,
Patient_217,Discharge,78569.33945141827,complete,,,,,,7058.567173707968
Patient_218,Arrival,71543.35505442497,complete,,0.0,,,,
Patient_218,Origem_do Centro Cirurgico,71543.35505442497,complete,,,do Centro Cirurgico,71543.35505442497,,
Patient_218,CTI (CC),71543.35505442497,start,ctiBeds,0.0,,,,
Patient_218,CTI (CC),79455.3792113176,complete,ctiBeds,0.0,,,,
Patient_218,CTI prepara Encaminhamento,79455.3792113176,start,,0.0,,,,
Patient_218,CTI prepara Encaminhamento,79513.60314348649,complete,,0.0,,,,
Patient_218,Encaminha_para a Clinica Cirurgica,79513.60314348649,complete,,,para a Clinica Cirurgica,79513.60314348649,,
Patient_218,Discharge,79513.60314348649,complete,,,,,,7970.248089061512
Patient_219,Arrival,71786.45347728868,complete,,0.0,,,,
Patient_219,Origem_do Centro Cirurgico,71786.45347728868,complete,,,do Centro Cirurgico,71786.45347728868,,
Patient_219,CTI (CC),71786.45347728868,start,ctiBeds,0.0,,,,
Patient_219,CTI (CC),73353.51916839251,complete,ctiBeds,0.0,,,,
Patient_219,CTI prepara Encaminhamento,73353.51916839251,start,,0.0,,,,
Patient_219,CTI prepara Encaminhamento,73399.58985855886,complete,,0.0,,,,
Patient_219,Encaminha_para a Clinica Cirurgica,73399.58985855886,complete,,,para a Clinica Cirurgica,73399.58985855886,,
Patient_219,Discharge,73399.58985855886,complete,,,,,,1613.1363812701748
Patient_22,Arrival,6486.647796663464,complete,,0.0,,,,
Patient_22,Origem_do Pronto Socorro,6486.647796663464,complete,,,do Pronto Socorro,6486.647796663464,,
Patient_22,CTI (PS),6486.647796663464,start,ctiBeds,0.0,,,,
Patient_22,CTI (PS),10105.49958934092,complete,ctiBeds,0.0,,,,
Patient_22,CTI prepara Encaminhamento,10105.49958934092,start,,0.0,,,,
Patient_22,CTI prepara Encaminhamento,10138.932624754307,complete,,0.0,,,,
Patient_22,Encaminha_para a Clinica Cirurgica,10138.932624754307,complete,,,para a Clinica Cirurgica,10138.932624754307,,
Patient_22,Discharge,10138.932624754307,complete,,,,,,3652.284828090843
Patient_220,Arrival,72030.50271675737,complete,,0.0,,,,
Patient_220,Origem_do Centro Cirurgico,72030.50271675737,complete,,,do Centro Cirurgico,72030.50271675737,,
Patient_220,CTI (CC),72030.50271675737,start,ctiBeds,0.0,,,,
Patient_220,CTI (CC),76803.67047956733,complete,ctiBeds,0.0,,,,
Patient_220,CTI prepara Encaminhamento,76803.67047956733,start,,0.0,,,,
Patient_220,CTI prepara Encaminhamento,76836.78786557284,complete,,0.0,,,,
Patient_220,Encaminha_para a Clinica Medica,76836.78786557284,complete,,,para a Clinica Medica,76836.78786557284,,
Patient_220,Discharge,76836.78786557284,complete,,,,,,4806.28514881547
Patient_221,Arrival,72764.67351337301,complete,,0.0,,,,
Patient_221,Origem_do Pronto Socorro,72764.67351337301,complete,,,do Pronto Socorro,72764.67351337301,,
Patient_221,CTI (PS),72764.67351337301,start,ctiBeds,0.0,,,,
Patient_221,CTI (PS),95601.36731196675,complete,ctiBeds,0.0,,,,
Patient_221,CTI prepara Encaminhamento,95601.36731196675,start,,0.0,,,,
Patient_221,CTI prepara Encaminhamento,95640.85362461036,complete,,0.0,,,,
Patient_221,Encaminha_para a Clinica Medica,95640.85362461036,complete,,,para a Clinica Medica,95640.85362461036,,
Patient_221,Discharge,95640.85362461036,complete,,,,,,22876.18011123735
Patient_222,Arrival,72812.55702806964,complete,,0.0,,,,
Patient_222,Origem_da Clinica Cirurgica,72812.55702806964,complete,,,da Clinica Cirurgica,72812.55702806964,,
Patient_222,CTI (CLIC),72812.55702806964,start,ctiBeds,0.0,,,,
Patient_222,CTI (CLIC),83834.23030128177,complete,ctiBeds,0.0,,,,
Patient_222,CTI prepara Encaminhamento,83834.23030128177,start,,0.0,,,,
Patient_222,CTI prepara Encaminhamento,83881.39685864579,complete,,0.0,,,,
Patient_222,Encaminha_para a Clinica Medica,83881.39685864579,complete,,,para a Clinica Medica,83881.39685864579,,
Patient_222,Discharge,83881.39685864579,complete,,,,,,11068.839830576151
Patient_223,Arrival,73527.25481605908,complete,,0.0,,,,
Patient_223,Origem_do Centro Cirurgico,73527.25481605908,complete,,,do Centro Cirurgico,73527.25481605908,,
Patient_223,CTI (CC),73527.25481605908,start,ctiBeds,0.0,,,,
Patient_223,CTI (CC),107819.79284927832,complete,ctiBeds,0.0,,,,
Patient_223,CTI prepara Encaminhamento,107819.79284927832,start,,0.0,,,,
Patient_223,CTI prepara Encaminhamento,107870.2753156165,complete,,0.0,,,,
Patient_223,Encaminha_Obito,107870.2753156165,complete,,,Obito,107870.2753156165,,
Patient_223,Discharge,107870.2753156165,complete,,,,,,34343.02049955742
Patient_224,Arrival,73573.81290211887,complete,,0.0,,,,
Patient_224,Origem_da Maternidade,73573.81290211887,complete,,,da Maternidade,73573.81290211887,,
Patient_224,CTI (MAT),73573.81290211887,start,ctiBeds,0.0,,,,
Patient_224,CTI (MAT),77101.58254614112,complete,ctiBeds,0.0,,,,
Patient_224,CTI prepara Encaminhamento,77101.58254614112,start,,0.0,,,,
Patient_224,CTI prepara Encaminhamento,77152.24866058282,complete,,0.0,,,,
Patient_224,Encaminha_para a Clinica Medica,77152.24866058282,complete,,,para a Clinica Medica,77152.24866058282,,
Patient_224,Discharge,77152.24866058282,complete,,,,,,3578.435758463951
Patient_225,Arrival,73685.40957066299,complete,,0.0,,,,
Patient_225,Origem_do Centro Cirurgico,73685.40957066299,complete,,,do Centro Cirurgico,73685.40957066299,,
Patient_225,CTI (CC),74555.99882880568,start,ctiBeds,0.0,,,,
Patient_225,CTI (CC),81969.57662998402,complete,ctiBeds,0.0,,,,
Patient_225,CTI prepara Encaminhamento,81969.57662998402,start,,0.0,,,,
Patient_225,CTI prepara Encaminhamento,82020.60525419028,complete,,0.0,,,,
Patient_225,Encaminha_para a Clinica Medica,82020.60525419028,complete,,,para a Clinica Medica,82020.60525419028,,
Patient_225,Discharge,82020.60525419028,complete,,,,,,8335.195683527287
Patient_226,Arrival,74918.54409932616,complete,,0.0,,,,
Patient_226,Origem_do Pronto Socorro,74918.54409932616,complete,,,do Pronto Socorro,74918.54409932616,,
Patient_226,CTI (PS),74960.87508848193,start,ctiBeds,0.0,,,,
Patient_226,CTI (PS),87208.81566400456,complete,ctiBeds,0.0,,,,
Patient_226,CTI prepara Encaminhamento,87208.81566400456,start,,0.0,,,,
Patient_226,CTI prepara Encaminhamento,87265.24743637956,complete,,0.0,,,,
Patient_226,Encaminha_para a Clinica Medica,87265.24743637956,complete,,,para a Clinica Medica,87265.24743637956,,
Patient_226,Discharge,87265.24743637956,complete,,,,,,12346.703337053405
Patient_227,Arrival,75854.76236696982,complete,,0.0,,,,
Patient_227,Origem_da Clinica Cirurgica,75854.76236696982,complete,,,da Clinica Cirurgica,75854.76236696982,,
Patient_227,CTI (CLIC),76004.72563313716,start,ctiBeds,0.0,,,,
Patient_227,CTI (CLIC),78443.04046842374,complete,ctiBeds,0.0,,,,
Patient_227,CTI prepara Encaminhamento,78443.04046842374,start,,0.0,,,,
Patient_227,CTI prepara Encaminhamento,78479.64267923267,complete,,0.0,,,,
Patient_227,Encaminha_para a Clinica Cirurgica,78479.64267923267,complete,,,para a Clinica Cirurgica,78479.64267923267,,
Patient_227,Discharge,78479.64267923267,complete,,,,,,2624.880312262845
Patient_228,Arrival,75908.7642794195,complete,,0.0,,,,
Patient_228,Origem_do Pronto Socorro,75908.7642794195,complete,,,do Pronto Socorro,75908.7642794195,,
Patient_228,CTI (PS),76171.36734937009,start,ctiBeds,0.0,,,,
Patient_228,CTI (PS),82999.89241755944,complete,ctiBeds,0.0,,,,
Patient_228,CTI prepara Encaminhamento,82999.89241755944,start,,0.0,,,,
Patient_228,CTI prepara Encaminhamento,83055.72326000671,complete,,0.0,,,,
Patient_228,Encaminha_para a Clinica Medica,83055.72326000671,complete,,,para a Clinica Medica,83055.72326000671,,
Patient_228,Discharge,83055.72326000671,complete,,,,,,7146.958980587209
Patient_229,Arrival,76218.0536668559,complete,,0.0,,,,
Patient_229,Origem_do Pronto Socorro,76218.0536668559,complete,,,do Pronto Socorro,76218.0536668559,,
Patient_229,CTI (PS),76283.3228075209,start,ctiBeds,0.0,,,,
Patient_229,CTI (PS),95759.7996390439,complete,ctiBeds,0.0,,,,
Patient_229,CTI prepara Encaminhamento,95759.7996390439,start,,0.0,,,,
Patient_229,CTI prepara Encaminhamento,95798.35005747594,complete,,0.0,,,,
Patient_229,Encaminha_para a Clinica Cirurgica,95798.35005747594,complete,,,para a Clinica Cirurgica,95798.35005747594,,
Patient_229,Discharge,95798.35005747594,complete,,,,,,19580.29639062003
Patient_23,Arrival,6495.013426223605,complete,,0.0,,,,
Patient_23,Origem_da Clinica Medica,6495.013426223605,complete,,,da Clinica Medica,6495.013426223605,,
Patient_23,CTI (CLIM),6495.013426223605,start,ctiBeds,0.0,,,,
Patient_23,CTI (CLIM),7860.594932005656,complete,ctiBeds,0.0,,,,
Patient_23,CTI prepara Encaminhamento,7860.594932005656,start,,0.0,,,,
Patient_23,CTI prepara Encaminhamento,7911.999149111135,complete,,0.0,,,,
Patient_23,Encaminha_para a Clinica Medica,7911.999149111135,complete,,,para a Clinica Medica,7911.999149111135,,
Patient_23,Discharge,7911.999149111135,complete,,,,,,1416.9857228875298
Patient_230,Arrival,76601.05501107503,complete,,0.0,,,,
Patient_230,Origem_do Centro Cirurgico,76601.05501107503,complete,,,do Centro Cirurgico,76601.05501107503,,
Patient_230,CTI (CC),76803.67047956733,start,ctiBeds,0.0,,,,
Patient_230,CTI (CC),80720.04559346817,complete,ctiBeds,0.0,,,,
Patient_230,CTI prepara Encaminhamento,80720.04559346817,start,,0.0,,,,
Patient_230,CTI prepara Encaminhamento,80753.45492943667,complete,,0.0,,,,
Patient_230,Encaminha_Obito,80753.45492943667,complete,,,Obito,80753.45492943667,,
Patient_230,Discharge,80753.45492943667,complete,,,,,,4152.39991836164
Patient_231,Arrival,76688.51862952285,complete,,0.0,,,,
Patient_231,Origem_do Centro Cirurgico,76688.51862952285,complete,,,do Centro Cirurgico,76688.51862952285,,
Patient_231,CTI (CC),76931.51586264791,start,ctiBeds,0.0,,,,
Patient_231,CTI (CC),93215.27019965077,complete,ctiBeds,0.0,,,,
Patient_231,CTI prepara Encaminhamento,93215.27019965077,start,,0.0,,,,
Patient_231,CTI prepara Encaminhamento,93268.78214322841,complete,,0.0,,,,
Patient_231,Encaminha_Obito,93268.78214322841,complete,,,Obito,93268.78214322841,,
Patient_231,Discharge,93268.78214322841,complete,,,,,,16580.263513705562
Patient_232,Arrival,76865.67489994019,complete,,0.0,,,,
Patient_232,Origem_do Centro Cirurgico,76865.67489994019,complete,,,do Centro Cirurgico,76865.67489994019,,
Patient_232,CTI (CC),77101.58254614112,start,ctiBeds,0.0,,,,
Patient_232,CTI (CC),91809.5844078714,complete,ctiBeds,0.0,,,,
Patient_232,CTI prepara Encaminhamento,91809.5844078714,start,,0.0,,,,
Patient_232,CTI prepara Encaminhamento,91855.95865304861,complete,,0.0,,,,
Patient_232,Encaminha_para a Clinica Medica,91855.95865304861,complete,,,para a Clinica Medica,91855.95865304861,,
Patient_232,Discharge,91855.95865304861,complete,,,,,,14990.283753108422
Patient_233,Arrival,77299.60456631059,complete,,0.0,,,,
Patient_233,Origem_do Centro Cirurgico,77299.60456631059,complete,,,do Centro Cirurgico,77299.60456631059,,
Patient_233,CTI (CC),77340.77612728078,start,ctiBeds,0.0,,,,
Patient_233,CTI (CC),93536.18901120732,complete,ctiBeds,0.0,,,,
Patient_233,CTI prepara Encaminhamento,93536.18901120732,start,,0.0,,,,
Patient_233,CTI prepara Encaminhamento,93584.57006255416,complete,,0.0,,,,
Patient_233,Encaminha_para a Clinica Cirurgica,93584.57006255416,complete,,,para a Clinica Cirurgica,93584.57006255416,,
Patient_233,Discharge,93584.57006255416,complete,,,,,,16284.965496243574
Patient_234,Arrival,77507.96377889099,complete,,0.0,,,,
Patient_234,Origem_do Pronto Socorro,77507.96377889099,complete,,,do Pronto Socorro,77507.96377889099,,
Patient_234,CTI (PS),77507.96377889099,start,ctiBeds,0.0,,,,
Patient_234,CTI (PS),79140.04506990395,complete,ctiBeds,0.0,,,,
Patient_234,CTI prepara Encaminhamento,79140.04506990395,start,,0.0,,,,
Patient_234,CTI prepara Encaminhamento,79185.08766119165,complete,,0.0,,,,
Patient_234,Encaminha_para a Clinica Medica,79185.08766119165,complete,,,para a Clinica Medica,79185.08766119165,,
Patient_234,Discharge,79185.08766119165,complete,,,,,,1677.123882300657
Patient_235,Arrival,77610.09144035038,complete,,0.0,,,,
Patient_235,Origem_da Clinica Cirurgica,77610.09144035038,complete,,,da Clinica Cirurgica,77610.09144035038,,
Patient_235,CTI (CLIC),77688.04412943163,start,ctiBeds,0.0,,,,
Patient_235,CTI (CLIC),83772.98502941553,complete,ctiBeds,0.0,,,,
Patient_235,CTI prepara Encaminhamento,83772.98502941553,start,,0.0,,,,
Patient_235,CTI prepara Encaminhamento,83807.63382285878,complete,,0.0,,,,
Patient_235,Encaminha_Obito,83807.63382285878,complete,,,Obito,83807.63382285878,,
Patient_235,Discharge,83807.63382285878,complete,,,,,,6197.5423825084
Patient_236,Arrival,77692.6900193214,complete,,0.0,,,,
Patient_236,Origem_do Pronto Socorro,77692.6900193214,complete,,,do Pronto Socorro,77692.6900193214,,
Patient_236,CTI (PS),77999.52139180579,start,ctiBeds,0.0,,,,
Patient_236,CTI (PS),81881.99837868742,complete,ctiBeds,0.0,,,,
Patient_236,CTI prepara Encaminhamento,81881.99837868742,start,,0.0,,,,
Patient_236,CTI prepara Encaminhamento,81913.42400332971,complete,,0.0,,,,
Patient_236,Encaminha_para a Clinica Medica,81913.42400332971,complete,,,para a Clinica Medica,81913.42400332971,,
Patient_236,Discharge,81913.42400332971,complete,,,,,,4220.733984008315
Patient_237,Arrival,77797.49674802882,complete,,0.0,,,,
Patient_237,Origem_do Pronto Socorro,77797.49674802882,complete,,,do Pronto Socorro,77797.49674802882,,
Patient_237,CTI (PS),78221.06290903225,start,ctiBeds,0.0,,,,
Patient_237,CTI (PS),83606.8744796613,complete,ctiBeds,0.0,,,,
Patient_237,CTI prepara Encaminhamento,83606.8744796613,start,,0.0,,,,
Patient_237,CTI prepara Encaminhamento,83662.8817248529,complete,,0.0,,,,
Patient_237,Encaminha_Obito,83662.8817248529,complete,,,Obito,83662.8817248529,,
Patient_237,Discharge,83662.8817248529,complete,,,,,,5865.384976824076
Patient_238,Arrival,77928.24696107744,complete,,0.0,,,,
Patient_238,Origem_do Centro Cirurgico,77928.24696107744,complete,,,do Centro Cirurgico,77928.24696107744,,
Patient_238,CTI (CC),78443.04046842374,start,ctiBeds,0.0,,,,
Patient_238,CTI (CC),79590.40644943534,complete,ctiBeds,0.0,,,,
Patient_238,CTI prepara Encaminhamento,79590.40644943534,start,,0.0,,,,
Patient_238,CTI prepara Encaminhamento,79625.86932453915,complete,,0.0,,,,
Patient_238,Encaminha_para a Maternidade,79625.86932453915,complete,,,para a Maternidade,79625.86932453915,,
Patient_238,Discharge,79625.86932453915,complete,,,,,,1697.6223634617054
Patient_239,Arrival,78153.18094935453,complete,,0.0,,,,
Patient_239,Origem_do Pronto Socorro,78153.18094935453,complete,,,do Pronto Socorro,78153.18094935453,,
Patient_239,CTI (PS),78527.2927925133,start,ctiBeds,0.0,,,,
Patient_239,CTI (PS),96275.32448595922,complete,ctiBeds,0.0,,,,
Patient_239,CTI prepara Encaminhamento,96275.32448595922,start,,0.0,,,,
Patient_239,CTI prepara Encaminhamento,96310.98557218847,complete,,0.0,,,,
Patient_239,Encaminha_para a Clinica Medica,96310.98557218847,complete,,,para a Clinica Medica,96310.98557218847,,
Patient_239,Discharge,96310.98557218847,complete,,,,,,18157.804622833937
Patient_24,Arrival,6617.633498864534,complete,,0.0,,,,
Patient_24,Origem_do Pronto Socorro,6617.633498864534,complete,,,do Pronto Socorro,6617.633498864534,,
Patient_24,CTI (PS),6617.633498864534,start,ctiBeds,0.0,,,,
Patient_24,CTI (PS),7285.222297267175,complete,ctiBeds,0.0,,,,
Patient_24,CTI prepara Encaminhamento,7285.222297267175,start,,0.0,,,,
Patient_24,CTI prepara Encaminhamento,7324.61262892243,complete,,0.0,,,,
Patient_24,Encaminha_para a Clinica Medica,7324.61262892243,complete,,,para a Clinica Medica,7324.61262892243,,
Patient_24,Discharge,7324.61262892243,complete,,,,,,706.9791300578963
Patient_240,Arrival,78198.31840922993,complete,,0.0,,,,
Patient_240,Origem_do Pronto Socorro,78198.31840922993,complete,,,do Pronto Socorro,78198.31840922993,,
Patient_240,CTI (PS),79140.04506990395,start,ctiBeds,0.0,,,,
Patient_240,CTI (PS),84495.81846485494,complete,ctiBeds,0.0,,,,
Patient_240,CTI prepara Encaminhamento,84495.81846485494,start,,0.0,,,,
Patient_240,CTI prepara Encaminhamento,84548.67294640403,complete,,0.0,,,,
Patient_240,Encaminha_para a Clinica Medica,84548.67294640403,complete,,,para a Clinica Medica,84548.67294640403,,
Patient_240,Discharge,84548.67294640403,complete,,,,,,6350.354537174091
Patient_241,Arrival,79241.62897148702,complete,,0.0,,,,
Patient_241,Origem_do Pronto Socorro,79241.62897148702,complete,,,do Pronto Socorro,79241.62897148702,,
Patient_241,CTI (PS),79355.66129632632,start,ctiBeds,0.0,,,,
Patient_241,CTI (PS),94754.91612428727,complete,ctiBeds,0.0,,,,
Patient_241,CTI prepara Encaminhamento,94754.91612428727,start,,0.0,,,,
Patient_241,CTI prepara Encaminhamento,94800.07097267873,complete,,0.0,,,,
Patient_241,Encaminha_Obito,94800.07097267873,complete,,,Obito,94800.07097267873,,
Patient_241,Discharge,94800.07097267873,complete,,,,,,15558.44200119171
Patient_242,Arrival,79602.23706128832,complete,,0.0,,,,
Patient_242,Origem_do Centro Cirurgico,79602.23706128832,complete,,,do Centro Cirurgico,79602.23706128832,,
Patient_242,CTI (CC),79602.23706128832,start,ctiBeds,0.0,,,,
Patient_242,CTI (CC),275901.5406720281,complete,ctiBeds,0.0,,,,
Patient_242,CTI prepara Encaminhamento,275901.5406720281,start,,0.0,,,,
Patient_242,CTI prepara Encaminhamento,275933.9773739075,complete,,0.0,,,,
Patient_242,Encaminha_para a Clinica Cirurgica,275933.9773739075,complete,,,para a Clinica Cirurgica,275933.9773739075,,
Patient_242,Discharge,275933.9773739075,complete,,,,,,196331.7403126192
Patient_243,Arrival,80431.41948836167,complete,,0.0,,,,
Patient_243,Origem_do Pronto Socorro,80431.41948836167,complete,,,do Pronto Socorro,80431.41948836167,,
Patient_243,CTI (PS),80431.41948836167,start,ctiBeds,0.0,,,,
Patient_243,CTI (PS),86855.17346358653,complete,ctiBeds,0.0,,,,
Patient_243,CTI prepara Encaminhamento,86855.17346358653,start,,0.0,,,,
Patient_243,CTI prepara Encaminhamento,86893.44844455294,complete,,0.0,,,,
Patient_243,Encaminha_para a Clinica Medica,86893.44844455294,complete,,,para a Clinica Medica,86893.44844455294,,
Patient_243,Discharge,86893.44844455294,complete,,,,,,6462.028956191265
Patient_244,Arrival,81921.16010416002,complete,,0.0,,,,
Patient_244,Origem_da Clinica Cirurgica,81921.16010416002,complete,,,da Clinica Cirurgica,81921.16010416002,,
Patient_244,CTI (CLIC),81921.16010416002,start,ctiBeds,0.0,,,,
Patient_244,CTI (CLIC),82241.42917001626,complete,ctiBeds,0.0,,,,
Patient_244,CTI prepara Encaminhamento,82241.42917001626,start,,0.0,,,,
Patient_244,CTI prepara Encaminhamento,82275.23136837498,complete,,0.0,,,,
Patient_244,Encaminha_Obito,82275.23136837498,complete,,,Obito,82275.23136837498,,
Patient_244,Discharge,82275.23136837498,complete,,,,,,354.0712642149592
Patient_245,Arrival,82200.2185942352,complete,,0.0,,,,
Patient_245,Origem_do Pronto Socorro,82200.2185942352,complete,,,do Pronto Socorro,82200.2185942352,,
Patient_245,CTI (PS),82200.2185942352,start,ctiBeds,0.0,,,,
Patient_245,CTI (PS),92141.03470933448,complete,ctiBeds,0.0,,,,
Patient_245,CTI prepara Encaminhamento,92141.03470933448,start,,0.0,,,,
Patient_245,CTI prepara Encaminhamento,92186.17870364091,complete,,0.0,,,,
Patient_245,Encaminha_para a Clinica Cirurgica,92186.17870364091,complete,,,para a Clinica Cirurgica,92186.17870364091,,
Patient_245,Discharge,92186.17870364091,complete,,,,,,9985.960109405714
Patient_246,Arrival,82849.95127504153,complete,,0.0,,,,
Patient_246,Origem_do Pronto Socorro,82849.95127504153,complete,,,do Pronto Socorro,82849.95127504153,,
Patient_246,CTI (PS),82849.95127504153,start,ctiBeds,0.0,,,,
Patient_246,CTI (PS),108021.74990814144,complete,ctiBeds,0.0,,,,
Patient_246,CTI prepara Encaminhamento,108021.74990814144,start,,0.0,,,,
Patient_246,CTI prepara Encaminhamento,108054.6042962889,complete,,0.0,,,,
Patient_246,Encaminha_para a Clinica Cirurgica,108054.6042962889,complete,,,para a Clinica Cirurgica,108054.6042962889,,
Patient_246,Discharge,108054.6042962889,complete,,,,,,25204.653021247374
Patient_247,Arrival,83690.97675882222,complete,,0.0,,,,
Patient_247,Origem_do Pronto Socorro,83690.97675882222,complete,,,do Pronto Socorro,83690.97675882222,,
Patient_247,CTI (PS),83690.97675882222,start,ctiBeds,0.0,,,,
Patient_247,CTI (PS),94146.49498900786,complete,ctiBeds,0.0,,,,
Patient_247,CTI prepara Encaminhamento,94146.49498900786,start,,0.0,,,,
Patient_247,CTI prepara Encaminhamento,94183.12452092799,complete,,0.0,,,,
Patient_247,Encaminha_para a Clinica Cirurgica,94183.12452092799,complete,,,para a Clinica Cirurgica,94183.12452092799,,
Patient_247,Discharge,94183.12452092799,complete,,,,,,10492.147762105771
Patient_248,Arrival,83708.57966173254,complete,,0.0,,,,
Patient_248,Origem_do Pronto Socorro,83708.57966173254,complete,,,do Pronto Socorro,83708.57966173254,,
Patient_248,CTI (PS),83708.57966173254,start,ctiBeds,0.0,,,,
Patient_248,CTI (PS),105143.46432092633,complete,ctiBeds,0.0,,,,
Patient_248,CTI prepara Encaminhamento,105143.46432092633,start,,0.0,,,,
Patient_248,CTI prepara Encaminhamento,105184.89895656328,complete,,0.0,,,,
Patient_248,Encaminha_para a Clinica Cirurgica,105184.89895656328,complete,,,para a Clinica Cirurgica,105184.89895656328,,
Patient_248,Discharge,105184.89895656328,complete,,,,,,21476.31929483074
Patient_249,Arrival,83813.75253475484,complete,,0.0,,,,
Patient_249,Origem_do Pronto Socorro,83813.75253475484,complete,,,do Pronto Socorro,83813.75253475484,,
Patient_249,CTI (PS),83813.75253475484,start,ctiBeds,0.0,,,,
Patient_249,CTI (PS),97963.35803972592,complete,ctiBeds,0.0,,,,
Patient_249,CTI prepara Encaminhamento,97963.35803972592,start,,0.0,,,,
Patient_249,CTI prepara Encaminhamento,98021.79472434227,complete,,0.0,,,,
Patient_249,Encaminha_para a Clinica Cirurgica,98021.79472434227,complete,,,para a Clinica Cirurgica,98021.79472434227,,
Patient_249,Discharge,98021.79472434227,complete,,,,,,14208.042189587431
Patient_25,Arrival,6636.5393200509225,complete,,0.0,,,,
Patient_25,Origem_da Clinica Cirurgica,6636.5393200509225,complete,,,da Clinica Cirurgica,6636.5393200509225,,
Patient_25,CTI (CLIC),6636.5393200509225,start,ctiBeds,0.0,,,,
Patient_25,CTI (CLIC),13009.403801122851,complete,ctiBeds,0.0,,,,
Patient_25,CTI prepara Encaminhamento,13009.403801122851,start,,0.0,,,,
Patient_25,CTI prepara Encaminhamento,13056.043614480668,complete,,0.0,,,,
Patient_25,Encaminha_Obito,13056.043614480668,complete,,,Obito,13056.043614480668,,
Patient_25,Discharge,13056.043614480668,complete,,,,,,6419.504294429746
Patient_250,Arrival,83974.46782814845,complete,,0.0,,,,
Patient_250,Origem_do Centro Cirurgico,83974.46782814845,complete,,,do Centro Cirurgico,83974.46782814845,,
Patient_250,CTI (CC),83974.46782814845,start,ctiBeds,0.0,,,,
Patient_250,CTI (CC),85582.01130188255,complete,ctiBeds,0.0,,,,
Patient_250,CTI prepara Encaminhamento,85582.01130188255,start,,0.0,,,,
Patient_250,CTI prepara Encaminhamento,85617.31944492855,complete,,0.0,,,,
Patient_250,Encaminha_para a Clinica Cirurgica,85617.31944492855,complete,,,para a Clinica Cirurgica,85617.31944492855,,
Patient_250,Discharge,85617.31944492855,complete,,,,,,1642.851616780099
Patient_251,Arrival,84064.6101853173,complete,,0.0,,,,
Patient_251,Origem_do Centro Cirurgico,84064.6101853173,complete,,,do Centro Cirurgico,84064.6101853173,,
Patient_251,CTI (CC),84064.6101853173,start,ctiBeds,0.0,,,,
Patient_251,CTI (CC),86728.14474365354,complete,ctiBeds,0.0,,,,
Patient_251,CTI prepara Encaminhamento,86728.14474365354,start,,0.0,,,,
Patient_251,CTI prepara Encaminhamento,86768.50229494988,complete,,0.0,,,,
Patient_251,Encaminha_para a Clinica Cirurgica,86768.50229494988,complete,,,para a Clinica Cirurgica,86768.50229494988,,
Patient_251,Discharge,86768.50229494988,complete,,,,,,2703.8921096325794
Patient_252,Arrival,84081.04349722262,complete,,0.0,,,,
Patient_252,Origem_do Centro Cirurgico,84081.04349722262,complete,,,do Centro Cirurgico,84081.04349722262,,
Patient_252,CTI (CC),84081.04349722262,start,ctiBeds,0.0,,,,
Patient_252,CTI (CC),84993.23694417725,complete,ctiBeds,0.0,,,,
Patient_252,CTI prepara Encaminhamento,84993.23694417725,start,,0.0,,,,
Patient_252,CTI prepara Encaminhamento,85032.80392691203,complete,,0.0,,,,
Patient_252,Encaminha_para a Clinica Medica,85032.80392691203,complete,,,para a Clinica Medica,85032.80392691203,,
Patient_252,Discharge,85032.80392691203,complete,,,,,,951.7604296894133
Patient_253,Arrival,84165.58884977576,complete,,0.0,,,,
Patient_253,Origem_do Pronto Socorro,84165.58884977576,complete,,,do Pronto Socorro,84165.58884977576,,
Patient_253,CTI (PS),84165.58884977576,start,ctiBeds,0.0,,,,
Patient_253,CTI (PS),94971.84914555609,complete,ctiBeds,0.0,,,,
Patient_253,CTI prepara Encaminhamento,94971.84914555609,start,,0.0,,,,
Patient_253,CTI prepara Encaminhamento,95012.01869772347,complete,,0.0,,,,
Patient_253,Encaminha_para a Clinica Cirurgica,95012.01869772347,complete,,,para a Clinica Cirurgica,95012.01869772347,,
Patient_253,Discharge,95012.01869772347,complete,,,,,,10846.429847947715
Patient_254,Arrival,84730.39110391706,complete,,0.0,,,,
Patient_254,Origem_da Clinica Medica,84730.39110391706,complete,,,da Clinica Medica,84730.39110391706,,
Patient_254,CTI (CLIM),84730.39110391706,start,ctiBeds,0.0,,,,
Patient_254,CTI (CLIM),91573.8016019279,complete,ctiBeds,0.0,,,,
Patient_254,CTI prepara Encaminhamento,91573.8016019279,start,,0.0,,,,
Patient_254,CTI prepara Encaminhamento,91626.61153252251,complete,,0.0,,,,
Patient_254,Encaminha_para a Clinica Cirurgica,91626.61153252251,complete,,,para a Clinica Cirurgica,91626.61153252251,,
Patient_254,Discharge,91626.61153252251,complete,,,,,,6896.2204286054475
Patient_255,Arrival,84801.12824855419,complete,,0.0,,,,
Patient_255,Origem_do Pronto Socorro,84801.12824855419,complete,,,do Pronto Socorro,84801.12824855419,,
Patient_255,CTI (PS),84801.12824855419,start,ctiBeds,0.0,,,,
Patient_255,CTI (PS),100835.31966382687,complete,ctiBeds,0.0,,,,
Patient_255,CTI prepara Encaminhamento,100835.31966382687,start,,0.0,,,,
Patient_255,CTI prepara Encaminhamento,100893.79148631208,complete,,0.0,,,,
Patient_255,Encaminha_Obito,100893.79148631208,complete,,,Obito,100893.79148631208,,
Patient_255,Discharge,100893.79148631208,complete,,,,,,16092.663237757894
Patient_256,Arrival,85532.77811045977,complete,,0.0,,,,
Patient_256,Origem_da Maternidade,85532.77811045977,complete,,,da Maternidade,85532.77811045977,,
Patient_256,CTI (MAT),85532.77811045977,start,ctiBeds,0.0,,,,
Patient_256,CTI (MAT),87423.15129681109,complete,ctiBeds,0.0,,,,
Patient_256,CTI prepara Encaminhamento,87423.15129681109,start,,0.0,,,,
Patient_256,CTI prepara Encaminhamento,87477.71199071374,complete,,0.0,,,,
Patient_256,Encaminha_para o Centro Cirurgico,87477.71199071374,complete,,,para o Centro Cirurgico,87477.71199071374,,
Patient_256,Discharge,87477.71199071374,complete,,,,,,1944.9338802539714
Patient_257,Arrival,85835.95527645196,complete,,0.0,,,,
Patient_257,Origem_do Pronto Socorro,85835.95527645196,complete,,,do Pronto Socorro,85835.95527645196,,
Patient_257,CTI (PS),85835.95527645196,start,ctiBeds,0.0,,,,
Patient_257,CTI (PS),95324.38662187092,complete,ctiBeds,0.0,,,,
Patient_257,CTI prepara Encaminhamento,95324.38662187092,start,,0.0,,,,
Patient_257,CTI prepara Encaminhamento,95359.29113675616,complete,,0.0,,,,
Patient_257,Encaminha_Transferencia Externa,95359.29113675616,complete,,,Transferencia Externa,95359.29113675616,,
Patient_257,Discharge,95359.29113675616,complete,,,,,,9523.3358603042
Patient_258,Arrival,86409.69539599468,complete,,0.0,,,,
Patient_258,Origem_do Centro Cirurgico,86409.69539599468,complete,,,do Centro Cirurgico,86409.69539599468,,
Patient_258,CTI (CC),86409.69539599468,start,ctiBeds,0.0,,,,
Patient_258,CTI (CC),91018.47237278483,complete,ctiBeds,0.0,,,,
Patient_258,CTI prepara Encaminhamento,91018.47237278483,start,,0.0,,,,
Patient_258,CTI prepara Encaminhamento,91074.95765028325,complete,,0.0,,,,
Patient_258,Encaminha_para a Clinica Medica,91074.95765028325,complete,,,para a Clinica Medica,91074.95765028325,,
Patient_258,Discharge,91074.95765028325,complete,,,,,,4665.262254288566
Patient_259,Arrival,86475.59564006265,complete,,0.0,,,,
Patient_259,Origem_da Clinica Medica,86475.59564006265,complete,,,da Clinica Medica,86475.59564006265,,
Patient_259,CTI (CLIM),86475.59564006265,start,ctiBeds,0.0,,,,
Patient_259,CTI (CLIM),89038.11321068005,complete,ctiBeds,0.0,,,,
Patient_259,CTI prepara Encaminhamento,89038.11321068005,start,,0.0,,,,
Patient_259,CTI prepara Encaminhamento,89088.35816580552,complete,,0.0,,,,
Patient_259,Encaminha_para a Clinica Cirurgica,89088.35816580552,complete,,,para a Clinica Cirurgica,89088.35816580552,,
Patient_259,Discharge,89088.35816580552,complete,,,,,,2612.7625257428735
Patient_26,Arrival,6667.990625647887,complete,,0.0,,,,
Patient_26,Origem_do Centro Cirurgico,6667.990625647887,complete,,,do Centro Cirurgico,6667.990625647887,,
Patient_26,CTI (CC),6667.990625647887,start,ctiBeds,0.0,,,,
Patient_26,CTI (CC),13491.164544700747,complete,ctiBeds,0.0,,,,
Patient_26,CTI prepara Encaminhamento,13491.164544700747,start,,0.0,,,,
Patient_26,CTI prepara Encaminhamento,13546.368017533012,complete,,0.0,,,,
Patient_26,Encaminha_para a Clinica Medica,13546.368017533012,complete,,,para a Clinica Medica,13546.368017533012,,
Patient_26,Discharge,13546.368017533012,complete,,,,,,6878.377391885125
Patient_260,Arrival,86945.2432516901,complete,,0.0,,,,
Patient_260,Origem_do Pronto Socorro,86945.2432516901,complete,,,do Pronto Socorro,86945.2432516901,,
Patient_260,CTI (PS),86945.2432516901,start,ctiBeds,0.0,,,,
Patient_260,CTI (PS),98877.51350979503,complete,ctiBeds,0.0,,,,
Patient_260,CTI prepara Encaminhamento,98877.51350979503,start,,0.0,,,,
Patient_260,CTI prepara Encaminhamento,98912.12780961659,complete,,0.0,,,,
Patient_260,Encaminha_Transferencia Externa,98912.12780961659,complete,,,Transferencia Externa,98912.12780961659,,
Patient_260,Discharge,98912.12780961659,complete,,,,,,11966.884557926489
Patient_261,Arrival,87468.8835332173,complete,,0.0,,,,
Patient_261,Origem_do Centro Cirurgico,87468.8835332173,complete,,,do Centro Cirurgico,87468.8835332173,,
Patient_261,CTI (CC),87468.8835332173,start,ctiBeds,0.0,,,,
Patient_261,CTI (CC),117787.56946555222,complete,ctiBeds,0.0,,,,
Patient_261,CTI prepara Encaminhamento,117787.56946555222,start,,0.0,,,,
Patient_261,CTI prepara Encaminhamento,117820.89065001177,complete,,0.0,,,,
Patient_261,Encaminha_para a Clinica Cirurgica,117820.89065001177,complete,,,para a Clinica Cirurgica,117820.89065001177,,
Patient_261,Discharge,117820.89065001177,complete,,,,,,30352.00711679447
Patient_262,Arrival,87567.59917774796,complete,,0.0,,,,
Patient_262,Origem_do Pronto Socorro,87567.59917774796,complete,,,do Pronto Socorro,87567.59917774796,,
Patient_262,CTI (PS),87567.59917774796,start,ctiBeds,0.0,,,,
Patient_262,CTI (PS),96523.58824587546,complete,ctiBeds,0.0,,,,
Patient_262,CTI prepara Encaminhamento,96523.58824587546,start,,0.0,,,,
Patient_262,CTI prepara Encaminhamento,96568.60700710838,complete,,0.0,,,,
Patient_262,Encaminha_Obito,96568.60700710838,complete,,,Obito,96568.60700710838,,
Patient_262,Discharge,96568.60700710838,complete,,,,,,9001.007829360417
Patient_263,Arrival,87731.85309105608,complete,,0.0,,,,
Patient_263,Origem_do Pronto Socorro,87731.85309105608,complete,,,do Pronto Socorro,87731.85309105608,,
Patient_263,CTI (PS),87731.85309105608,start,ctiBeds,0.0,,,,
Patient_263,CTI (PS),95159.54632955363,complete,ctiBeds,0.0,,,,
Patient_263,CTI prepara Encaminhamento,95159.54632955363,start,,0.0,,,,
Patient_263,CTI prepara Encaminhamento,95196.69139333679,complete,,0.0,,,,
Patient_263,Encaminha_para a Clinica Medica,95196.69139333679,complete,,,para a Clinica Medica,95196.69139333679,,
Patient_263,Discharge,95196.69139333679,complete,,,,,,7464.83830228071
Patient_264,Arrival,88002.32383192575,complete,,0.0,,,,
Patient_264,Origem_do Pronto Socorro,88002.32383192575,complete,,,do Pronto Socorro,88002.32383192575,,
Patient_264,CTI (PS),88002.32383192575,start,ctiBeds,0.0,,,,
Patient_264,CTI (PS),96267.2829178624,complete,ctiBeds,0.0,,,,
Patient_264,CTI prepara Encaminhamento,96267.2829178624,start,,0.0,,,,
Patient_264,CTI prepara Encaminhamento,96310.67536829201,complete,,0.0,,,,
Patient_264,Encaminha_para a Clinica Medica,96310.67536829201,complete,,,para a Clinica Medica,96310.67536829201,,
Patient_264,Discharge,96310.67536829201,complete,,,,,,8308.35153636626
Patient_265,Arrival,88037.31309769944,complete,,0.0,,,,
Patient_265,Origem_do Pronto Socorro,88037.31309769944,complete,,,do Pronto Socorro,88037.31309769944,,
Patient_265,CTI (PS),89038.11321068005,start,ctiBeds,0.0,,,,
Patient_265,CTI (PS),92548.45229147264,complete,ctiBeds,0.0,,,,
Patient_265,CTI prepara Encaminhamento,92548.45229147264,start,,0.0,,,,
Patient_265,CTI prepara Encaminhamento,92596.09625472603,complete,,0.0,,,,
Patient_265,Encaminha_para a Clinica Medica,92596.09625472603,complete,,,para a Clinica Medica,92596.09625472603,,
Patient_265,Discharge,92596.09625472603,complete,,,,,,4558.783157026584
Patient_266,Arrival,88705.21114677501,complete,,0.0,,,,
Patient_266,Origem_do Centro Cirurgico,88705.21114677501,complete,,,do Centro Cirurgico,88705.21114677501,,
Patient_266,CTI (CC),89082.53114221162,start,ctiBeds,0.0,,,,
Patient_266,CTI (CC),110920.82529921799,complete,ctiBeds,0.0,,,,
Patient_266,CTI prepara Encaminhamento,110920.82529921799,start,,0.0,,,,
Patient_266,CTI prepara Encaminhamento,110980.31468953623,complete,,0.0,,,,
Patient_266,Encaminha_Obito,110980.31468953623,complete,,,Obito,110980.31468953623,,
Patient_266,Discharge,110980.31468953623,complete,,,,,,22275.103542761222
Patient_267,Arrival,88739.74404246222,complete,,0.0,,,,
Patient_267,Origem_do Centro Cirurgico,88739.74404246222,complete,,,do Centro Cirurgico,88739.74404246222,,
Patient_267,CTI (CC),89540.36684586483,start,ctiBeds,0.0,,,,
Patient_267,CTI (CC),93838.26592779584,complete,ctiBeds,0.0,,,,
Patient_267,CTI prepara Encaminhamento,93838.26592779584,start,,0.0,,,,
Patient_267,CTI prepara Encaminhamento,93871.54107720504,complete,,0.0,,,,
Patient_267,Encaminha_para a Clinica Cirurgica,93871.54107720504,complete,,,para a Clinica Cirurgica,93871.54107720504,,
Patient_267,Discharge,93871.54107720504,complete,,,,,,5131.79703474282
Patient_268,Arrival,88860.73911157617,complete,,0.0,,,,
Patient_268,Origem_do Pronto Socorro,88860.73911157617,complete,,,do Pronto Socorro,88860.73911157617,,
Patient_268,CTI (PS),91018.47237278483,start,ctiBeds,0.0,,,,
Patient_268,CTI (PS),97420.94803479948,complete,ctiBeds,0.0,,,,
Patient_268,CTI prepara Encaminhamento,97420.94803479948,start,,0.0,,,,
Patient_268,CTI prepara Encaminhamento,97468.84160054983,complete,,0.0,,,,
Patient_268,Encaminha_Obito,97468.84160054983,complete,,,Obito,97468.84160054983,,
Patient_268,Discharge,97468.84160054983,complete,,,,,,8608.102488973658
Patient_269,Arrival,89091.99436070208,complete,,0.0,,,,
Patient_269,Origem_da Clinica Medica,89091.99436070208,complete,,,da Clinica Medica,89091.99436070208,,
Patient_269,CTI (CLIM),91573.8016019279,start,ctiBeds,0.0,,,,
Patient_269,CTI (CLIM),92829.9161648605,complete,ctiBeds,0.0,,,,
Patient_269,CTI prepara Encaminhamento,92829.9161648605,start,,0.0,,,,
Patient_269,CTI prepara Encaminhamento,92861.45113215505,complete,,0.0,,,,
Patient_269,Encaminha_para a Clinica Cirurgica,92861.45113215505,complete,,,para a Clinica Cirurgica,92861.45113215505,,
Patient_269,Discharge,92861.45113215505,complete,,,,,,3769.4567714529694
Patient_27,Arrival,6849.984830992254,complete,,0.0,,,,
Patient_27,Origem_do Pronto Socorro,6849.984830992254,complete,,,do Pronto Socorro,6849.984830992254,,
Patient_27,CTI (PS),6849.984830992254,start,ctiBeds,0.0,,,,
Patient_27,CTI (PS),9060.650814727602,complete,ctiBeds,0.0,,,,
Patient_27,CTI prepara Encaminhamento,9060.650814727602,start,,0.0,,,,
Patient_27,CTI prepara Encaminhamento,9103.69873259426,complete,,0.0,,,,
Patient_27,Encaminha_para a Clinica Cirurgica,9103.69873259426,complete,,,para a Clinica Cirurgica,9103.69873259426,,
Patient_27,Discharge,9103.69873259426,complete,,,,,,2253.7139016020055
Patient_270,Arrival,89261.59657866869,complete,,0.0,,,,
Patient_270,Origem_do Pronto Socorro,89261.59657866869,complete,,,do Pronto Socorro,89261.59657866869,,
Patient_270,CTI (PS),91809.5844078714,start,ctiBeds,0.0,,,,
Patient_270,CTI (PS),109988.90188428186,complete,ctiBeds,0.0,,,,
Patient_270,CTI prepara Encaminhamento,109988.90188428186,start,,0.0,,,,
Patient_270,CTI prepara Encaminhamento,110027.39684371973,complete,,0.0,,,,
Patient_270,Encaminha_para a Clinica Medica,110027.39684371973,complete,,,para a Clinica Medica,110027.39684371973,,
Patient_270,Discharge,110027.39684371973,complete,,,,,,20765.800265051046
Patient_271,Arrival,89571.34745622695,complete,,0.0,,,,
Patient_271,Origem_do Pronto Socorro,89571.34745622695,complete,,,do Pronto Socorro,89571.34745622695,,
Patient_271,CTI (PS),92141.03470933448,start,ctiBeds,0.0,,,,
Patient_271,CTI (PS),109404.9847155175,complete,ctiBeds,0.0,,,,
Patient_271,CTI prepara Encaminhamento,109404.9847155175,start,,0.0,,,,
Patient_271,CTI prepara Encaminhamento,109456.51289381617,complete,,0.0,,,,
Patient_271,Encaminha_para a Clinica Cirurgica,109456.51289381617,complete,,,para a Clinica Cirurgica,109456.51289381617,,
Patient_271,Discharge,109456.51289381617,complete,,,,,,19885.16543758921
Patient_272,Arrival,89630.94408431748,complete,,0.0,,,,
Patient_272,Origem_do Centro Cirurgico,89630.94408431748,complete,,,do Centro Cirurgico,89630.94408431748,,
Patient_272,CTI (CC),92548.45229147264,start,ctiBeds,0.0,,,,
Patient_272,CTI (CC),128044.70571362342,complete,ctiBeds,0.0,,,,
Patient_272,CTI prepara Encaminhamento,128044.70571362342,start,,0.0,,,,
Patient_272,CTI prepara Encaminhamento,128093.0241947463,complete,,0.0,,,,
Patient_272,Encaminha_para a Clinica Cirurgica,128093.0241947463,complete,,,para a Clinica Cirurgica,128093.0241947463,,
Patient_272,Discharge,128093.0241947463,complete,,,,,,38462.08011042881
Patient_273,Arrival,89931.30276659445,complete,,0.0,,,,
Patient_273,Origem_do Centro Cirurgico,89931.30276659445,complete,,,do Centro Cirurgico,89931.30276659445,,
Patient_273,CTI (CC),92829.9161648605,start,ctiBeds,0.0,,,,
Patient_273,CTI (CC),93708.98076900287,complete,ctiBeds,0.0,,,,
Patient_273,CTI prepara Encaminhamento,93708.98076900287,start,,0.0,,,,
Patient_273,CTI prepara Encaminhamento,93743.53361444514,complete,,0.0,,,,
Patient_273,Encaminha_para a Clinica Cirurgica,93743.53361444514,complete,,,para a Clinica Cirurgica,93743.53361444514,,
Patient_273,Discharge,93743.53361444514,complete,,,,,,3812.2308478506893
Patient_274,Arrival,90144.60628397224,complete,,0.0,,,,
Patient_274,Origem_da Clinica Medica,90144.60628397224,complete,,,da Clinica Medica,90144.60628397224,,
Patient_274,CTI (CLIM),93215.27019965077,start,ctiBeds,0.0,,,,
Patient_274,CTI (CLIM),113642.72119890293,complete,ctiBeds,0.0,,,,
Patient_274,CTI prepara Encaminhamento,113642.72119890293,start,,0.0,,,,
Patient_274,CTI prepara Encaminhamento,113685.03552773378,complete,,0.0,,,,
Patient_274,Encaminha_para a Clinica Cirurgica,113685.03552773378,complete,,,para a Clinica Cirurgica,113685.03552773378,,
Patient_274,Discharge,113685.03552773378,complete,,,,,,23540.429243761537
Patient_275,Arrival,90426.35192716673,complete,,0.0,,,,
Patient_275,Origem_do Pronto Socorro,90426.35192716673,complete,,,do Pronto Socorro,90426.35192716673,,
Patient_275,CTI (PS),93536.18901120732,start,ctiBeds,0.0,,,,
Patient_275,CTI (PS),121316.44536638306,complete,ctiBeds,0.0,,,,
Patient_275,CTI prepara Encaminhamento,121316.44536638306,start,,0.0,,,,
Patient_275,CTI prepara Encaminhamento,121351.19774370987,complete,,0.0,,,,
Patient_275,Encaminha_para a Clinica Medica,121351.19774370987,complete,,,para a Clinica Medica,121351.19774370987,,
Patient_275,Discharge,121351.19774370987,complete,,,,,,30924.845816543137
Patient_276,Arrival,90910.42494426008,complete,,0.0,,,,
Patient_276,Origem_da Clinica Medica,90910.42494426008,complete,,,da Clinica Medica,90910.42494426008,,
Patient_276,CTI (CLIM),93708.98076900287,start,ctiBeds,0.0,,,,
Patient_276,CTI (CLIM),97912.89112909335,complete,ctiBeds,0.0,,,,
Patient_276,CTI prepara Encaminhamento,97912.89112909335,start,,0.0,,,,
Patient_276,CTI prepara Encaminhamento,97962.48566284036,complete,,0.0,,,,
Patient_276,Encaminha_para a Clinica Cirurgica,97962.48566284036,complete,,,para a Clinica Cirurgica,97962.48566284036,,
Patient_276,Discharge,97962.48566284036,complete,,,,,,7052.06071858028
Patient_277,Arrival,90911.92493199595,complete,,0.0,,,,
Patient_277,Origem_do Pronto Socorro,90911.92493199595,complete,,,do Pronto Socorro,90911.92493199595,,
Patient_277,CTI (PS),93838.26592779584,start,ctiBeds,0.0,,,,
Patient_277,CTI (PS),98826.90007411482,complete,ctiBeds,0.0,,,,
Patient_277,CTI prepara Encaminhamento,98826.90007411482,start,,0.0,,,,
Patient_277,CTI prepara Encaminhamento,98877.99818633852,complete,,0.0,,,,
Patient_277,Encaminha_para a Clinica Medica,98877.99818633852,complete,,,para a Clinica Medica,98877.99818633852,,
Patient_277,Discharge,98877.99818633852,complete,,,,,,7966.073254342569
Patient_278,Arrival,91138.23671593568,complete,,0.0,,,,
Patient_278,Origem_do Pronto Socorro,91138.23671593568,complete,,,do Pronto Socorro,91138.23671593568,,
Patient_278,CTI (PS),94146.49498900786,start,ctiBeds,0.0,,,,
Patient_278,CTI (PS),106288.98994250974,complete,ctiBeds,0.0,,,,
Patient_278,CTI prepara Encaminhamento,106288.98994250974,start,,0.0,,,,
Patient_278,CTI prepara Encaminhamento,106348.24907319697,complete,,0.0,,,,
Patient_278,Encaminha_Transferencia Externa,106348.24907319697,complete,,,Transferencia Externa,106348.24907319697,,
Patient_278,Discharge,106348.24907319697,complete,,,,,,15210.012357261294
Patient_279,Arrival,91184.28697580824,complete,,0.0,,,,
Patient_279,Origem_do Centro Cirurgico,91184.28697580824,complete,,,do Centro Cirurgico,91184.28697580824,,
Patient_279,CTI (CC),94754.91612428727,start,ctiBeds,0.0,,,,
Patient_279,CTI (CC),97477.75559714432,complete,ctiBeds,0.0,,,,
Patient_279,CTI prepara Encaminhamento,97477.75559714432,start,,0.0,,,,
Patient_279,CTI prepara Encaminhamento,97522.21839490549,complete,,0.0,,,,
Patient_279,Encaminha_para a Clinica Cirurgica,97522.21839490549,complete,,,para a Clinica Cirurgica,97522.21839490549,,
Patient_279,Discharge,97522.21839490549,complete,,,,,,6337.931419097251
Patient_28,Arrival,7818.004008230038,complete,,0.0,,,,
Patient_28,Origem_do Pronto Socorro,7818.004008230038,complete,,,do Pronto Socorro,7818.004008230038,,
Patient_28,CTI (PS),7818.004008230038,start,ctiBeds,0.0,,,,
Patient_28,CTI (PS),9069.170481595887,complete,ctiBeds,0.0,,,,
Patient_28,CTI prepara Encaminhamento,9069.170481595887,start,,0.0,,,,
Patient_28,CTI prepara Encaminhamento,9111.961842371727,complete,,0.0,,,,
Patient_28,Encaminha_para a Clinica Medica,9111.961842371727,complete,,,para a Clinica Medica,9111.961842371727,,
Patient_28,Discharge,9111.961842371727,complete,,,,,,1293.957834141689
Patient_280,Arrival,91217.06839925086,complete,,0.0,,,,
Patient_280,Origem_do Centro Cirurgico,91217.06839925086,complete,,,do Centro Cirurgico,91217.06839925086,,
Patient_280,CTI (CC),94971.84914555609,start,ctiBeds,0.0,,,,
Patient_280,CTI (CC),95729.21035782906,complete,ctiBeds,0.0,,,,
Patient_280,CTI prepara Encaminhamento,95729.21035782906,start,,0.0,,,,
Patient_280,CTI prepara Encaminhamento,95784.16274436876,complete,,0.0,,,,
Patient_280,Encaminha_Transferencia Externa,95784.16274436876,complete,,,Transferencia Externa,95784.16274436876,,
Patient_280,Discharge,95784.16274436876,complete,,,,,,4567.094345117905
Patient_281,Arrival,91322.64869517084,complete,,0.0,,,,
Patient_281,Origem_do Pronto Socorro,91322.64869517084,complete,,,do Pronto Socorro,91322.64869517084,,
Patient_281,CTI (PS),95159.54632955363,start,ctiBeds,0.0,,,,
Patient_281,CTI (PS),97610.49079390657,complete,ctiBeds,0.0,,,,
Patient_281,CTI prepara Encaminhamento,97610.49079390657,start,,0.0,,,,
Patient_281,CTI prepara Encaminhamento,97662.2818586,complete,,0.0,,,,
Patient_281,Encaminha_para a Clinica Medica,97662.2818586,complete,,,para a Clinica Medica,97662.2818586,,
Patient_281,Discharge,97662.2818586,complete,,,,,,6339.633163429171
Patient_282,Arrival,91636.84300361079,complete,,0.0,,,,
Patient_282,Origem_do Centro Cirurgico,91636.84300361079,complete,,,do Centro Cirurgico,91636.84300361079,,
Patient_282,CTI (CC),95324.38662187092,start,ctiBeds,0.0,,,,
Patient_282,CTI (CC),96324.56932719446,complete,ctiBeds,0.0,,,,
Patient_282,CTI prepara Encaminhamento,96324.56932719446,start,,0.0,,,,
Patient_282,CTI prepara Encaminhamento,96372.98507536064,complete,,0.0,,,,
Patient_282,Encaminha_para a Clinica Cirurgica,96372.98507536064,complete,,,para a Clinica Cirurgica,96372.98507536064,,
Patient_282,Discharge,96372.98507536064,complete,,,,,,4736.142071749855
Patient_283,Arrival,91804.20102262704,complete,,0.0,,,,
Patient_283,Origem_do Centro Cirurgico,91804.20102262704,complete,,,do Centro Cirurgico,91804.20102262704,,
Patient_283,CTI (CC),95601.36731196675,start,ctiBeds,0.0,,,,
Patient_283,CTI (CC),97887.01052457474,complete,ctiBeds,0.0,,,,
Patient_283,CTI prepara Encaminhamento,97887.01052457474,start,,0.0,,,,
Patient_283,CTI prepara Encaminhamento,97929.69099317219,complete,,0.0,,,,
Patient_283,Encaminha_Obito,97929.69099317219,complete,,,Obito,97929.69099317219,,
Patient_283,Discharge,97929.69099317219,complete,,,,,,6125.4899705451535
Patient_284,Arrival,92494.71314510654,complete,,0.0,,,,
Patient_284,Origem_do Centro Cirurgico,92494.71314510654,complete,,,do Centro Cirurgico,92494.71314510654,,
Patient_284,CTI (CC),95729.21035782906,start,ctiBeds,0.0,,,,
Patient_284,CTI (CC),101547.45216008271,complete,ctiBeds,0.0,,,,
Patient_284,CTI prepara Encaminhamento,101547.45216008271,start,,0.0,,,,
Patient_284,CTI prepara Encaminhamento,101603.63397105628,complete,,0.0,,,,
Patient_284,Encaminha_para a Clinica Cirurgica,101603.63397105628,complete,,,para a Clinica Cirurgica,101603.63397105628,,
Patient_284,Discharge,101603.63397105628,complete,,,,,,9108.920825949739
Patient_285,Arrival,93202.58760297963,complete,,0.0,,,,
Patient_285,Origem_do Pronto Socorro,93202.58760297963,complete,,,do Pronto Socorro,93202.58760297963,,
Patient_285,CTI (PS),95759.7996390439,start,ctiBeds,0.0,,,,
Patient_285,CTI (PS),97109.62294622054,complete,ctiBeds,0.0,,,,
Patient_285,CTI prepara Encaminhamento,97109.62294622054,start,,0.0,,,,
Patient_285,CTI prepara Encaminhamento,97148.67005904272,complete,,0.0,,,,
Patient_285,Encaminha_para a Clinica Cirurgica,97148.67005904272,complete,,,para a Clinica Cirurgica,97148.67005904272,,
Patient_285,Discharge,97148.67005904272,complete,,,,,,3946.0824560630863
Patient_286,Arrival,93357.6778444473,complete,,0.0,,,,
Patient_286,Origem_do Centro Cirurgico,93357.6778444473,complete,,,do Centro Cirurgico,93357.6778444473,,
Patient_286,CTI (CC),96267.2829178624,start,ctiBeds,0.0,,,,
Patient_286,CTI (CC),96704.11412701626,complete,ctiBeds,0.0,,,,
Patient_286,CTI prepara Encaminhamento,96704.11412701626,start,,0.0,,,,
Patient_286,CTI prepara Encaminhamento,96755.53633761972,complete,,0.0,,,,
Patient_286,Encaminha_para a Clinica Cirurgica,96755.53633761972,complete,,,para a Clinica Cirurgica,96755.53633761972,,
Patient_286,Discharge,96755.53633761972,complete,,,,,,3397.858493172418
Patient_287,Arrival,93360.18146956795,complete,,0.0,,,,
Patient_287,Origem_do Centro Cirurgico,93360.18146956795,complete,,,do Centro Cirurgico,93360.18146956795,,
Patient_287,CTI (CC),96275.32448595922,start,ctiBeds,0.0,,,,
Patient_287,CTI (CC),96564.84299585382,complete,ctiBeds,0.0,,,,
Patient_287,CTI prepara Encaminhamento,96564.84299585382,start,,0.0,,,,
Patient_287,CTI prepara Encaminhamento,96619.8198989284,complete,,0.0,,,,
Patient_287,Encaminha_Obito,96619.8198989284,complete,,,Obito,96619.8198989284,,
Patient_287,Discharge,96619.8198989284,complete,,,,,,3259.6384293604497
Patient_288,Arrival,93421.72620194207,complete,,0.0,,,,
Patient_288,Origem_da Clinica Medica,93421.72620194207,complete,,,da Clinica Medica,93421.72620194207,,
Patient_288,CTI (CLIM),96324.56932719446,start,ctiBeds,0.0,,,,
Patient_288,CTI (CLIM),97643.36089816835,complete,ctiBeds,0.0,,,,
Patient_288,CTI prepara Encaminhamento,97643.36089816835,start,,0.0,,,,
Patient_288,CTI prepara Encaminhamento,97674.06210904806,complete,,0.0,,,,
Patient_288,Encaminha_para a Clinica Medica,97674.06210904806,complete,,,para a Clinica Medica,97674.06210904806,,
Patient_288,Discharge,97674.06210904806,complete,,,,,,4252.335907105982
Patient_289,Arrival,94313.55830647988,complete,,0.0,,,,
Patient_289,Origem_do Centro Cirurgico,94313.55830647988,complete,,,do Centro Cirurgico,94313.55830647988,,
Patient_289,CTI (CC),96523.58824587546,start,ctiBeds,0.0,,,,
Patient_289,CTI (CC),114743.2348940549,complete,ctiBeds,0.0,,,,
Patient_289,CTI prepara Encaminhamento,114743.2348940549,start,,0.0,,,,
Patient_289,CTI prepara Encaminhamento,114800.18224825543,complete,,0.0,,,,
Patient_289,Encaminha_para a Clinica Medica,114800.18224825543,complete,,,para a Clinica Medica,114800.18224825543,,
Patient_289,Discharge,114800.18224825543,complete,,,,,,20486.623941775542
Patient_29,Arrival,8084.997470469187,complete,,0.0,,,,
Patient_29,Origem_do Centro Cirurgico,8084.997470469187,complete,,,do Centro Cirurgico,8084.997470469187,,
Patient_29,CTI (CC),8084.997470469187,start,ctiBeds,0.0,,,,
Patient_29,CTI (CC),16512.16450783311,complete,ctiBeds,0.0,,,,
Patient_29,CTI prepara Encaminhamento,16512.16450783311,start,,0.0,,,,
Patient_29,CTI prepara Encaminhamento,16550.763517793876,complete,,0.0,,,,
Patient_29,Encaminha_para a Clinica Medica,16550.763517793876,complete,,,para a Clinica Medica,16550.763517793876,,
Patient_29,Discharge,16550.763517793876,complete,,,,,,8465.766047324689
Patient_290,Arrival,95423.82791319505,complete,,0.0,,,,
Patient_290,Origem_da Clinica Medica,95423.82791319505,complete,,,da Clinica Medica,95423.82791319505,,
Patient_290,CTI (CLIM),96564.84299585382,start,ctiBeds,0.0,,,,
Patient_290,CTI (CLIM),119199.9706959138,complete,ctiBeds,0.0,,,,
Patient_290,CTI prepara Encaminhamento,119199.9706959138,start,,0.0,,,,
Patient_290,CTI prepara Encaminhamento,119231.89091245511,complete,,0.0,,,,
Patient_290,Encaminha_para a Clinica Cirurgica,119231.89091245511,complete,,,para a Clinica Cirurgica,119231.89091245511,,
Patient_290,Discharge,119231.89091245511,complete,,,,,,23808.06299926006
Patient_291,Arrival,95487.76902684638,complete,,0.0,,,,
Patient_291,Origem_da Clinica Medica,95487.76902684638,complete,,,da Clinica Medica,95487.76902684638,,
Patient_291,CTI (CLIM),96704.11412701626,start,ctiBeds,0.0,,,,
Patient_291,CTI (CLIM),112074.00236959769,complete,ctiBeds,0.0,,,,
Patient_291,CTI prepara Encaminhamento,112074.00236959769,start,,0.0,,,,
Patient_291,CTI prepara Encaminhamento,112104.24184415153,complete,,0.0,,,,
Patient_291,Encaminha_para a Clinica Cirurgica,112104.24184415153,complete,,,para a Clinica Cirurgica,112104.24184415153,,
Patient_291,Discharge,112104.24184415153,complete,,,,,,16616.472817305155
Patient_292,Arrival,95532.12594124112,complete,,0.0,,,,
Patient_292,Origem_do Centro Cirurgico,95532.12594124112,complete,,,do Centro Cirurgico,95532.12594124112,,
Patient_292,CTI (CC),97109.62294622054,start,ctiBeds,0.0,,,,
Patient_292,CTI (CC),104575.31185279517,complete,ctiBeds,0.0,,,,
Patient_292,CTI prepara Encaminhamento,104575.31185279517,start,,0.0,,,,
Patient_292,CTI prepara Encaminhamento,104634.98343301486,complete,,0.0,,,,
Patient_292,Encaminha_para a Clinica Medica,104634.98343301486,complete,,,para a Clinica Medica,104634.98343301486,,
Patient_292,Discharge,104634.98343301486,complete,,,,,,9102.857491773742
Patient_293,Arrival,95565.80572460715,complete,,0.0,,,,
Patient_293,Origem_do Pronto Socorro,95565.80572460715,complete,,,do Pronto Socorro,95565.80572460715,,
Patient_293,CTI (PS),97420.94803479948,start,ctiBeds,0.0,,,,
Patient_293,CTI (PS),101766.60318689731,complete,ctiBeds,0.0,,,,
Patient_293,CTI prepara Encaminhamento,101766.60318689731,start,,0.0,,,,
Patient_293,CTI prepara Encaminhamento,101825.81918775993,complete,,0.0,,,,
Patient_293,Encaminha_para a Clinica Medica,101825.81918775993,complete,,,para a Clinica Medica,101825.81918775993,,
Patient_293,Discharge,101825.81918775993,complete,,,,,,6260.013463152776
Patient_294,Arrival,95774.4708518634,complete,,0.0,,,,
Patient_294,Origem_do Centro Cirurgico,95774.4708518634,complete,,,do Centro Cirurgico,95774.4708518634,,
Patient_294,CTI (CC),97477.75559714432,start,ctiBeds,0.0,,,,
Patient_294,CTI (CC),101588.48460143863,complete,ctiBeds,0.0,,,,
Patient_294,CTI prepara Encaminhamento,101588.48460143863,start,,0.0,,,,
Patient_294,CTI prepara Encaminhamento,101629.50562935912,complete,,0.0,,,,
Patient_294,Encaminha_Obito,101629.50562935912,complete,,,Obito,101629.50562935912,,
Patient_294,Discharge,101629.50562935912,complete,,,,,,5855.034777495719
Patient_295,Arrival,96291.3832816301,complete,,0.0,,,,
Patient_295,Origem_do Pronto Socorro,96291.3832816301,complete,,,do Pronto Socorro,96291.3832816301,,
Patient_295,CTI (PS),97610.49079390657,start,ctiBeds,0.0,,,,
Patient_295,CTI (PS),108593.93963666199,complete,ctiBeds,0.0,,,,
Patient_295,CTI prepara Encaminhamento,108593.93963666199,start,,0.0,,,,
Patient_295,CTI prepara Encaminhamento,108641.29528632731,complete,,0.0,,,,
Patient_295,Encaminha_para a Clinica Medica,108641.29528632731,complete,,,para a Clinica Medica,108641.29528632731,,
Patient_295,Discharge,108641.29528632731,complete,,,,,,12349.91200469721
Patient_296,Arrival,96458.19065263623,complete,,0.0,,,,
Patient_296,Origem_do Centro Cirurgico,96458.19065263623,complete,,,do Centro Cirurgico,96458.19065263623,,
Patient_296,CTI (CC),97643.36089816835,start,ctiBeds,0.0,,,,
Patient_296,CTI (CC),99850.75746258492,complete,ctiBeds,0.0,,,,
Patient_296,CTI prepara Encaminhamento,99850.75746258492,start,,0.0,,,,
Patient_296,CTI prepara Encaminhamento,99896.72313745592,complete,,0.0,,,,
Patient_296,Encaminha_para a Clinica Medica,99896.72313745592,complete,,,para a Clinica Medica,99896.72313745592,,
Patient_296,Discharge,99896.72313745592,complete,,,,,,3438.5324848196906
Patient_297,Arrival,96790.39462427763,complete,,0.0,,,,
Patient_297,Origem_do Centro Cirurgico,96790.39462427763,complete,,,do Centro Cirurgico,96790.39462427763,,
Patient_297,CTI (CC),97887.01052457474,start,ctiBeds,0.0,,,,
Patient_297,CTI (CC),102279.7413151909,complete,ctiBeds,0.0,,,,
Patient_297,CTI prepara Encaminhamento,102279.7413151909,start,,0.0,,,,
Patient_297,CTI prepara Encaminhamento,102332.32818254211,complete,,0.0,,,,
Patient_297,Encaminha_para a Clinica Cirurgica,102332.32818254211,complete,,,para a Clinica Cirurgica,102332.32818254211,,
Patient_297,Discharge,102332.32818254211,complete,,,,,,5541.933558264485
Patient_298,Arrival,96970.34179899904,complete,,0.0,,,,
Patient_298,Origem_do Centro Cirurgico,96970.34179899904,complete,,,do Centro Cirurgico,96970.34179899904,,
Patient_298,CTI (CC),97912.89112909335,start,ctiBeds,0.0,,,,
Patient_298,CTI (CC),117036.21517507319,complete,ctiBeds,0.0,,,,
Patient_298,CTI prepara Encaminhamento,117036.21517507319,start,,0.0,,,,
Patient_298,CTI prepara Encaminhamento,117094.81639820874,complete,,0.0,,,,
Patient_298,Encaminha_para a Clinica Cirurgica,117094.81639820874,complete,,,para a Clinica Cirurgica,117094.81639820874,,
Patient_298,Discharge,117094.81639820874,complete,,,,,,20124.4745992097
Patient_299,Arrival,97407.96348748854,complete,,0.0,,,,
Patient_299,Origem_da Clinica Medica,97407.96348748854,complete,,,da Clinica Medica,97407.96348748854,,
Patient_299,CTI (CLIM),97963.35803972592,start,ctiBeds,0.0,,,,
Patient_299,CTI (CLIM),99774.15376042578,complete,ctiBeds,0.0,,,,
Patient_299,CTI prepara Encaminhamento,99774.15376042578,start,,0.0,,,,
Patient_299,CTI prepara Encaminhamento,99826.1612720792,complete,,0.0,,,,
Patient_299,Encaminha_para a Clinica Cirurgica,99826.1612720792,complete,,,para a Clinica Cirurgica,99826.1612720792,,
Patient_299,Discharge,99826.1612720792,complete,,,,,,2418.197784590666
Patient_3,Arrival,170.66249734041133,complete,,0.0,,,,
Patient_3,Origem_do Pronto Socorro,170.66249734041133,complete,,,do Pronto Socorro,170.66249734041133,,
Patient_3,CTI (PS),170.66249734041133,start,ctiBeds,0.0,,,,
Patient_3,CTI (PS),7092.050160745545,complete,ctiBeds,0.0,,,,
Patient_3,CTI prepara Encaminhamento,7092.050160745545,start,,0.0,,,,
Patient_3,CTI prepara Encaminhamento,7130.052597293885,complete,,0.0,,,,
Patient_3,Encaminha_para a Clinica Medica,7130.052597293885,complete,,,para a Clinica Medica,7130.052597293885,,
Patient_3,Discharge,7130.052597293885,complete,,,,,,6959.3900999534735
Patient_30,Arrival,8122.073242375033,complete,,0.0,,,,
Patient_30,Origem_do Pronto Socorro,8122.073242375033,complete,,,do Pronto Socorro,8122.073242375033,,
Patient_30,CTI (PS),8122.073242375033,start,ctiBeds,0.0,,,,
Patient_30,CTI (PS),42369.280899155325,complete,ctiBeds,0.0,,,,
Patient_30,CTI prepara Encaminhamento,42369.280899155325,start,,0.0,,,,
Patient_30,CTI prepara Encaminhamento,42426.69478568785,complete,,0.0,,,,
Patient_30,Encaminha_para a Clinica Cirurgica,42426.69478568785,complete,,,para a Clinica Cirurgica,42426.69478568785,,
Patient_30,Discharge,42426.69478568785,complete,,,,,,34304.621543312816
Patient_300,Arrival,97432.66060978804,complete,,0.0,,,,
Patient_300,Origem_do Pronto Socorro,97432.66060978804,complete,,,do Pronto Socorro,97432.66060978804,,
Patient_300,CTI (PS),98826.90007411482,start,ctiBeds,0.0,,,,
Patient_300,CTI (PS),112183.73109510461,complete,ctiBeds,0.0,,,,
Patient_300,CTI prepara Encaminhamento,112183.73109510461,start,,0.0,,,,
Patient_300,CTI prepara Encaminhamento,112240.12028746141,complete,,0.0,,,,
Patient_300,Encaminha_Obito,112240.12028746141,complete,,,Obito,112240.12028746141,,
Patient_300,Discharge,112240.12028746141,complete,,,,,,14807.459677673367
Patient_301,Arrival,97632.57312222544,complete,,0.0,,,,
Patient_301,Origem_do Pronto Socorro,97632.57312222544,complete,,,do Pronto Socorro,97632.57312222544,,
Patient_301,CTI (PS),98877.51350979503,start,ctiBeds,0.0,,,,
Patient_301,CTI (PS),104114.5788347595,complete,ctiBeds,0.0,,,,
Patient_301,CTI prepara Encaminhamento,104114.5788347595,start,,0.0,,,,
Patient_301,CTI prepara Encaminhamento,104149.51619778229,complete,,0.0,,,,
Patient_301,Encaminha_para a Clinica Cirurgica,104149.51619778229,complete,,,para a Clinica Cirurgica,104149.51619778229,,
Patient_301,Discharge,104149.51619778229,complete,,,,,,6516.943075556846
Patient_302,Arrival,98041.1497599669,complete,,0.0,,,,
Patient_302,Origem_do Centro Cirurgico,98041.1497599669,complete,,,do Centro Cirurgico,98041.1497599669,,
Patient_302,CTI (CC),99774.15376042578,start,ctiBeds,0.0,,,,
Patient_302,CTI (CC),106198.36220610267,complete,ctiBeds,0.0,,,,
Patient_302,CTI prepara Encaminhamento,106198.36220610267,start,,0.0,,,,
Patient_302,CTI prepara Encaminhamento,106240.66100236941,complete,,0.0,,,,
Patient_302,Encaminha_Obito,106240.66100236941,complete,,,Obito,106240.66100236941,,
Patient_302,Discharge,106240.66100236941,complete,,,,,,8199.511242402514
Patient_303,Arrival,98338.36011660157,complete,,0.0,,,,
Patient_303,Origem_da Clinica Medica,98338.36011660157,complete,,,da Clinica Medica,98338.36011660157,,
Patient_303,CTI (CLIM),99850.75746258492,start,ctiBeds,0.0,,,,
Patient_303,CTI (CLIM),104973.59190685624,complete,ctiBeds,0.0,,,,
Patient_303,CTI prepara Encaminhamento,104973.59190685624,start,,0.0,,,,
Patient_303,CTI prepara Encaminhamento,105017.3784704692,complete,,0.0,,,,
Patient_303,Encaminha_para a Clinica Medica,105017.3784704692,complete,,,para a Clinica Medica,105017.3784704692,,
Patient_303,Discharge,105017.3784704692,complete,,,,,,6679.018353867621
Patient_304,Arrival,98799.0714461358,complete,,0.0,,,,
Patient_304,Origem_do Pronto Socorro,98799.0714461358,complete,,,do Pronto Socorro,98799.0714461358,,
Patient_304,CTI (PS),100835.31966382687,start,ctiBeds,0.0,,,,
Patient_304,CTI (PS),138673.4564008335,complete,ctiBeds,0.0,,,,
Patient_304,CTI prepara Encaminhamento,138673.4564008335,start,,0.0,,,,
Patient_304,CTI prepara Encaminhamento,138732.23462924903,complete,,0.0,,,,
Patient_304,Encaminha_para a Clinica Cirurgica,138732.23462924903,complete,,,para a Clinica Cirurgica,138732.23462924903,,
Patient_304,Discharge,138732.23462924903,complete,,,,,,39933.163183113225
Patient_305,Arrival,99013.72934722656,complete,,0.0,,,,
Patient_305,Origem_do Pronto Socorro,99013.72934722656,complete,,,do Pronto Socorro,99013.72934722656,,
Patient_305,CTI (PS),101547.45216008271,start,ctiBeds,0.0,,,,
Patient_305,CTI (PS),110816.4175635829,complete,ctiBeds,0.0,,,,
Patient_305,CTI prepara Encaminhamento,110816.4175635829,start,,0.0,,,,
Patient_305,CTI prepara Encaminhamento,110857.63683672731,complete,,0.0,,,,
Patient_305,Encaminha_para a Clinica Cirurgica,110857.63683672731,complete,,,para a Clinica Cirurgica,110857.63683672731,,
Patient_305,Discharge,110857.63683672731,complete,,,,,,11843.90748950075
Patient_306,Arrival,99598.86898715749,complete,,0.0,,,,
Patient_306,Origem_do Pronto Socorro,99598.86898715749,complete,,,do Pronto Socorro,99598.86898715749,,
Patient_306,CTI (PS),101588.48460143863,start,ctiBeds,0.0,,,,
Patient_306,CTI (PS),112564.66791514792,complete,ctiBeds,0.0,,,,
Patient_306,CTI prepara Encaminhamento,112564.66791514792,start,,0.0,,,,
Patient_306,CTI prepara Encaminhamento,112617.06509495943,complete,,0.0,,,,
Patient_306,Encaminha_para a Clinica Medica,112617.06509495943,complete,,,para a Clinica Medica,112617.06509495943,,
Patient_306,Discharge,112617.06509495943,complete,,,,,,13018.196107801938
Patient_307,Arrival,99957.45453500387,complete,,0.0,,,,
Patient_307,Origem_do Centro Cirurgico,99957.45453500387,complete,,,do Centro Cirurgico,99957.45453500387,,
Patient_307,CTI (CC),101766.60318689731,start,ctiBeds,0.0,,,,
Patient_307,CTI (CC),102268.95060448913,complete,ctiBeds,0.0,,,,
Patient_307,CTI prepara Encaminhamento,102268.95060448913,start,,0.0,,,,
Patient_307,CTI prepara Encaminhamento,102298.996606181,complete,,0.0,,,,
Patient_307,Encaminha_Transferencia Externa,102298.996606181,complete,,,Transferencia Externa,102298.996606181,,
Patient_307,Discharge,102298.996606181,complete,,,,,,2341.5420711771294
Patient_308,Arrival,100060.90364320794,complete,,0.0,,,,
Patient_308,Origem_da Clinica Cirurgica,100060.90364320794,complete,,,da Clinica Cirurgica,100060.90364320794,,
Patient_308,CTI (CLIC),102268.95060448913,start,ctiBeds,0.0,,,,
Patient_308,CTI (CLIC),153554.3049407404,complete,ctiBeds,0.0,,,,
Patient_308,CTI prepara Encaminhamento,153554.3049407404,start,,0.0,,,,
Patient_308,CTI prepara Encaminhamento,153598.89923272477,complete,,0.0,,,,
Patient_308,Encaminha_para a Clinica Cirurgica,153598.89923272477,complete,,,para a Clinica Cirurgica,153598.89923272477,,
Patient_308,Discharge,153598.89923272477,complete,,,,,,53537.995589516824
Patient_309,Arrival,101824.85994502266,complete,,0.0,,,,
Patient_309,Origem_do Pronto Socorro,101824.85994502266,complete,,,do Pronto Socorro,101824.85994502266,,
Patient_309,CTI (PS),102279.7413151909,start,ctiBeds,0.0,,,,
Patient_309,CTI (PS),117325.46199024502,complete,ctiBeds,0.0,,,,
Patient_309,CTI prepara Encaminhamento,117325.46199024502,start,,0.0,,,,
Patient_309,CTI prepara Encaminhamento,117365.8383703121,complete,,0.0,,,,
Patient_309,Encaminha_Obito,117365.8383703121,complete,,,Obito,117365.8383703121,,
Patient_309,Discharge,117365.8383703121,complete,,,,,,15540.978425289446
Patient_31,Arrival,8318.640733535723,complete,,0.0,,,,
Patient_31,Origem_do Pronto Socorro,8318.640733535723,complete,,,do Pronto Socorro,8318.640733535723,,
Patient_31,CTI (PS),8318.640733535723,start,ctiBeds,0.0,,,,
Patient_31,CTI (PS),32339.800603372285,complete,ctiBeds,0.0,,,,
Patient_31,CTI prepara Encaminhamento,32339.800603372285,start,,0.0,,,,
Patient_31,CTI prepara Encaminhamento,32391.73647341509,complete,,0.0,,,,
Patient_31,Encaminha_para a Clinica Medica,32391.73647341509,complete,,,para a Clinica Medica,32391.73647341509,,
Patient_31,Discharge,32391.73647341509,complete,,,,,,24073.09573987937
Patient_310,Arrival,101910.67154742042,complete,,0.0,,,,
Patient_310,Origem_do Pronto Socorro,101910.67154742042,complete,,,do Pronto Socorro,101910.67154742042,,
Patient_310,CTI (PS),102765.092817903,start,ctiBeds,0.0,,,,
Patient_310,CTI (PS),109603.29271014138,complete,ctiBeds,0.0,,,,
Patient_310,CTI prepara Encaminhamento,109603.29271014138,start,,0.0,,,,
Patient_310,CTI prepara Encaminhamento,109647.7774836319,complete,,0.0,,,,
Patient_310,Encaminha_para a Clinica Medica,109647.7774836319,complete,,,para a Clinica Medica,109647.7774836319,,
Patient_310,Discharge,109647.7774836319,complete,,,,,,7737.105936211476
Patient_311,Arrival,102068.70446989225,complete,,0.0,,,,
Patient_311,Origem_do Pronto Socorro,102068.70446989225,complete,,,do Pronto Socorro,102068.70446989225,,
Patient_311,CTI (PS),104114.5788347595,start,ctiBeds,0.0,,,,
Patient_311,CTI (PS),107855.18826339534,complete,ctiBeds,0.0,,,,
Patient_311,CTI prepara Encaminhamento,107855.18826339534,start,,0.0,,,,
Patient_311,CTI prepara Encaminhamento,107912.72737905187,complete,,0.0,,,,
Patient_311,Encaminha_Obito,107912.72737905187,complete,,,Obito,107912.72737905187,,
Patient_311,Discharge,107912.72737905187,complete,,,,,,5844.022909159612
Patient_312,Arrival,102209.18318871043,complete,,0.0,,,,
Patient_312,Origem_da Clinica Cirurgica,102209.18318871043,complete,,,da Clinica Cirurgica,102209.18318871043,,
Patient_312,CTI (CLIC),104575.31185279517,start,ctiBeds,0.0,,,,
Patient_312,CTI (CLIC),107049.22459063328,complete,ctiBeds,0.0,,,,
Patient_312,CTI prepara Encaminhamento,107049.22459063328,start,,0.0,,,,
Patient_312,CTI prepara Encaminhamento,107095.69824534,complete,,0.0,,,,
Patient_312,Encaminha_para a Clinica Medica,107095.69824534,complete,,,para a Clinica Medica,107095.69824534,,
Patient_312,Discharge,107095.69824534,complete,,,,,,4886.515056629563
Patient_313,Arrival,103603.30846008538,complete,,0.0,,,,
Patient_313,Origem_do Centro Cirurgico,103603.30846008538,complete,,,do Centro Cirurgico,103603.30846008538,,
Patient_313,CTI (CC),104973.59190685624,start,ctiBeds,0.0,,,,
Patient_313,CTI (CC),106456.60285337387,complete,ctiBeds,0.0,,,,
Patient_313,CTI prepara Encaminhamento,106456.60285337387,start,,0.0,,,,
Patient_313,CTI prepara Encaminhamento,106510.88475042109,complete,,0.0,,,,
Patient_313,Encaminha_para o Centro Cirurgico,106510.88475042109,complete,,,para o Centro Cirurgico,106510.88475042109,,
Patient_313,Discharge,106510.88475042109,complete,,,,,,2907.57629033571
Patient_314,Arrival,103648.2874925555,complete,,0.0,,,,
Patient_314,Origem_do Centro Cirurgico,103648.2874925555,complete,,,do Centro Cirurgico,103648.2874925555,,
Patient_314,CTI (CC),105143.46432092633,start,ctiBeds,0.0,,,,
Patient_314,CTI (CC),115109.49334033558,complete,ctiBeds,0.0,,,,
Patient_314,CTI prepara Encaminhamento,115109.49334033558,start,,0.0,,,,
Patient_314,CTI prepara Encaminhamento,115147.37972040963,complete,,0.0,,,,
Patient_314,Encaminha_para a Clinica Medica,115147.37972040963,complete,,,para a Clinica Medica,115147.37972040963,,
Patient_314,Discharge,115147.37972040963,complete,,,,,,11499.09222785414
Patient_315,Arrival,103792.35820176644,complete,,0.0,,,,
Patient_315,Origem_do Centro Cirurgico,103792.35820176644,complete,,,do Centro Cirurgico,103792.35820176644,,
Patient_315,CTI (CC),106198.36220610267,start,ctiBeds,0.0,,,,
Patient_315,CTI (CC),109378.28598254357,complete,ctiBeds,0.0,,,,
Patient_315,CTI prepara Encaminhamento,109378.28598254357,start,,0.0,,,,
Patient_315,CTI prepara Encaminhamento,109421.27234498794,complete,,0.0,,,,
Patient_315,Encaminha_Obito,109421.27234498794,complete,,,Obito,109421.27234498794,,
Patient_315,Discharge,109421.27234498794,complete,,,,,,5628.9141432214965
Patient_316,Arrival,103831.6306415666,complete,,0.0,,,,
Patient_316,Origem_do Pronto Socorro,103831.6306415666,complete,,,do Pronto Socorro,103831.6306415666,,
Patient_316,CTI (PS),106288.98994250974,start,ctiBeds,0.0,,,,
Patient_316,CTI (PS),114365.16333882314,complete,ctiBeds,0.0,,,,
Patient_316,CTI prepara Encaminhamento,114365.16333882314,start,,0.0,,,,
Patient_316,CTI prepara Encaminhamento,114399.38558581297,complete,,0.0,,,,
Patient_316,Encaminha_para a Clinica Cirurgica,114399.38558581297,complete,,,para a Clinica Cirurgica,114399.38558581297,,
Patient_316,Discharge,114399.38558581297,complete,,,,,,10567.754944246364
Patient_317,Arrival,104183.18968864168,complete,,0.0,,,,
Patient_317,Origem_do Centro Cirurgico,104183.18968864168,complete,,,do Centro Cirurgico,104183.18968864168,,
Patient_317,CTI (CC),106456.60285337387,start,ctiBeds,0.0,,,,
Patient_317,CTI (CC),115430.6945545285,complete,ctiBeds,0.0,,,,
Patient_317,CTI prepara Encaminhamento,115430.6945545285,start,,0.0,,,,
Patient_317,CTI prepara Encaminhamento,115461.38872396374,complete,,0.0,,,,
Patient_317,Encaminha_Transferencia Externa,115461.38872396374,complete,,,Transferencia Externa,115461.38872396374,,
Patient_317,Discharge,115461.38872396374,complete,,,,,,11278.19903532206
Patient_318,Arrival,104287.87045598852,complete,,0.0,,,,
Patient_318,Origem_do Centro Cirurgico,104287.87045598852,complete,,,do Centro Cirurgico,104287.87045598852,,
Patient_318,CTI (CC),107049.22459063328,start,ctiBeds,0.0,,,,
Patient_318,CTI (CC),120455.44126185196,complete,ctiBeds,0.0,,,,
Patient_318,CTI prepara Encaminhamento,120455.44126185196,start,,0.0,,,,
Patient_318,CTI prepara Encaminhamento,120507.9648894862,complete,,0.0,,,,
Patient_318,Encaminha_para a Clinica Cirurgica,120507.9648894862,complete,,,para a Clinica Cirurgica,120507.9648894862,,
Patient_318,Discharge,120507.9648894862,complete,,,,,,16220.094433497681
Patient_319,Arrival,104545.54383117477,complete,,0.0,,,,
Patient_319,Origem_do Pronto Socorro,104545.54383117477,complete,,,do Pronto Socorro,104545.54383117477,,
Patient_319,CTI (PS),107819.79284927832,start,ctiBeds,0.0,,,,
Patient_319,CTI (PS),108447.14511016807,complete,ctiBeds,0.0,,,,
Patient_319,CTI prepara Encaminhamento,108447.14511016807,start,,0.0,,,,
Patient_319,CTI prepara Encaminhamento,108500.49711004013,complete,,0.0,,,,
Patient_319,Encaminha_para a Clinica Medica,108500.49711004013,complete,,,para a Clinica Medica,108500.49711004013,,
Patient_319,Discharge,108500.49711004013,complete,,,,,,3954.9532788653596
Patient_32,Arrival,8457.897150366123,complete,,0.0,,,,
Patient_32,Origem_do Pronto Socorro,8457.897150366123,complete,,,do Pronto Socorro,8457.897150366123,,
Patient_32,CTI (PS),8457.897150366123,start,ctiBeds,0.0,,,,
Patient_32,CTI (PS),26531.87545756283,complete,ctiBeds,0.0,,,,
Patient_32,CTI prepara Encaminhamento,26531.87545756283,start,,0.0,,,,
Patient_32,CTI prepara Encaminhamento,26582.383578046414,complete,,0.0,,,,
Patient_32,Encaminha_Obito,26582.383578046414,complete,,,Obito,26582.383578046414,,
Patient_32,Discharge,26582.383578046414,complete,,,,,,18124.48642768029
Patient_320,Arrival,104968.1573555434,complete,,0.0,,,,
Patient_320,Origem_do Pronto Socorro,104968.1573555434,complete,,,do Pronto Socorro,104968.1573555434,,
Patient_320,CTI (PS),107855.18826339534,start,ctiBeds,0.0,,,,
Patient_320,CTI (PS),122186.71822714311,complete,ctiBeds,0.0,,,,
Patient_320,CTI prepara Encaminhamento,122186.71822714311,start,,0.0,,,,
Patient_320,CTI prepara Encaminhamento,122237.25659834324,complete,,0.0,,,,
Patient_320,Encaminha_Obito,122237.25659834324,complete,,,Obito,122237.25659834324,,
Patient_320,Discharge,122237.25659834324,complete,,,,,,17269.099242799843
Patient_321,Arrival,105027.47931738695,complete,,0.0,,,,
Patient_321,Origem_do Pronto Socorro,105027.47931738695,complete,,,do Pronto Socorro,105027.47931738695,,
Patient_321,CTI (PS),108021.74990814144,start,ctiBeds,0.0,,,,
Patient_321,CTI (PS),110989.41151858869,complete,ctiBeds,0.0,,,,
Patient_321,CTI prepara Encaminhamento,110989.41151858869,start,,0.0,,,,
Patient_321,CTI prepara Encaminhamento,111030.58152587319,complete,,0.0,,,,
Patient_321,Encaminha_Obito,111030.58152587319,complete,,,Obito,111030.58152587319,,
Patient_321,Discharge,111030.58152587319,complete,,,,,,6003.102208486234
Patient_322,Arrival,105388.77034340994,complete,,0.0,,,,
Patient_322,Origem_do Pronto Socorro,105388.77034340994,complete,,,do Pronto Socorro,105388.77034340994,,
Patient_322,CTI (PS),108447.14511016807,start,ctiBeds,0.0,,,,
Patient_322,CTI (PS),110455.15652879751,complete,ctiBeds,0.0,,,,
Patient_322,CTI prepara Encaminhamento,110455.15652879751,start,,0.0,,,,
Patient_322,CTI prepara Encaminhamento,110497.7096445769,complete,,0.0,,,,
Patient_322,Encaminha_Obito,110497.7096445769,complete,,,Obito,110497.7096445769,,
Patient_322,Discharge,110497.7096445769,complete,,,,,,5108.93930116696
Patient_323,Arrival,105599.81625041418,complete,,0.0,,,,
Patient_323,Origem_do Pronto Socorro,105599.81625041418,complete,,,do Pronto Socorro,105599.81625041418,,
Patient_323,CTI (PS),108593.93963666199,start,ctiBeds,0.0,,,,
Patient_323,CTI (PS),111023.83629306473,complete,ctiBeds,0.0,,,,
Patient_323,CTI prepara Encaminhamento,111023.83629306473,start,,0.0,,,,
Patient_323,CTI prepara Encaminhamento,111060.96357579995,complete,,0.0,,,,
Patient_323,Encaminha_para a Clinica Medica,111060.96357579995,complete,,,para a Clinica Medica,111060.96357579995,,
Patient_323,Discharge,111060.96357579995,complete,,,,,,5461.147325385769
Patient_324,Arrival,105677.50838927638,complete,,0.0,,,,
Patient_324,Origem_do Centro Cirurgico,105677.50838927638,complete,,,do Centro Cirurgico,105677.50838927638,,
Patient_324,CTI (CC),109378.28598254357,start,ctiBeds,0.0,,,,
Patient_324,CTI (CC),111409.5368624556,complete,ctiBeds,0.0,,,,
Patient_324,CTI prepara Encaminhamento,111409.5368624556,start,,0.0,,,,
Patient_324,CTI prepara Encaminhamento,111452.3767431514,complete,,0.0,,,,
Patient_324,Encaminha_para a Clinica Medica,111452.3767431514,complete,,,para a Clinica Medica,111452.3767431514,,
Patient_324,Discharge,111452.3767431514,complete,,,,,,5774.868353875019
Patient_325,Arrival,105768.4009916362,complete,,0.0,,,,
Patient_325,Origem_do Pronto Socorro,105768.4009916362,complete,,,do Pronto Socorro,105768.4009916362,,
Patient_325,CTI (PS),109404.9847155175,start,ctiBeds,0.0,,,,
Patient_325,CTI (PS),125432.50093957846,complete,ctiBeds,0.0,,,,
Patient_325,CTI prepara Encaminhamento,125432.50093957846,start,,0.0,,,,
Patient_325,CTI prepara Encaminhamento,125472.63263090276,complete,,0.0,,,,
Patient_325,Encaminha_para a Clinica Cirurgica,125472.63263090276,complete,,,para a Clinica Cirurgica,125472.63263090276,,
Patient_325,Discharge,125472.63263090276,complete,,,,,,19704.231639266567
Patient_326,Arrival,105829.91580433764,complete,,0.0,,,,
Patient_326,Origem_do Pronto Socorro,105829.91580433764,complete,,,do Pronto Socorro,105829.91580433764,,
Patient_326,CTI (PS),109603.29271014138,start,ctiBeds,0.0,,,,
Patient_326,CTI (PS),131190.41987457426,complete,ctiBeds,0.0,,,,
Patient_326,CTI prepara Encaminhamento,131190.41987457426,start,,0.0,,,,
Patient_326,CTI prepara Encaminhamento,131230.30313370776,complete,,0.0,,,,
Patient_326,Encaminha_para a Clinica Medica,131230.30313370776,complete,,,para a Clinica Medica,131230.30313370776,,
Patient_326,Discharge,131230.30313370776,complete,,,,,,25400.387329370118
Patient_327,Arrival,106111.61282238156,complete,,0.0,,,,
Patient_327,Origem_da Clinica Medica,106111.61282238156,complete,,,da Clinica Medica,106111.61282238156,,
Patient_327,CTI (CLIM),109988.90188428186,start,ctiBeds,0.0,,,,
Patient_327,CTI (CLIM),116294.48318303743,complete,ctiBeds,0.0,,,,
Patient_327,CTI prepara Encaminhamento,116294.48318303743,start,,0.0,,,,
Patient_327,CTI prepara Encaminhamento,116331.5342007016,complete,,0.0,,,,
Patient_327,Encaminha_Obito,116331.5342007016,complete,,,Obito,116331.5342007016,,
Patient_327,Discharge,116331.5342007016,complete,,,,,,10219.92137832004
Patient_328,Arrival,106358.98531203816,complete,,0.0,,,,
Patient_328,Origem_do Centro Cirurgico,106358.98531203816,complete,,,do Centro Cirurgico,106358.98531203816,,
Patient_328,CTI (CC),110134.03997994882,start,ctiBeds,0.0,,,,
Patient_328,CTI (CC),110254.14394587319,complete,ctiBeds,0.0,,,,
Patient_328,CTI prepara Encaminhamento,110254.14394587319,start,,0.0,,,,
Patient_328,CTI prepara Encaminhamento,110289.19480635265,complete,,0.0,,,,
Patient_328,Encaminha_para a Clinica Cirurgica,110289.19480635265,complete,,,para a Clinica Cirurgica,110289.19480635265,,
Patient_328,Discharge,110289.19480635265,complete,,,,,,3930.209494314491
Patient_329,Arrival,106757.00349243943,complete,,0.0,,,,
Patient_329,Origem_do Centro Cirurgico,106757.00349243943,complete,,,do Centro Cirurgico,106757.00349243943,,
Patient_329,CTI (CC),110254.14394587319,start,ctiBeds,0.0,,,,
Patient_329,CTI (CC),126119.97226804518,complete,ctiBeds,0.0,,,,
Patient_329,CTI prepara Encaminhamento,126119.97226804518,start,,0.0,,,,
Patient_329,CTI prepara Encaminhamento,126156.21454456494,complete,,0.0,,,,
Patient_329,Encaminha_Obito,126156.21454456494,complete,,,Obito,126156.21454456494,,
Patient_329,Discharge,126156.21454456494,complete,,,,,,19399.21105212551
Patient_33,Arrival,8708.88094918494,complete,,0.0,,,,
Patient_33,Origem_da Clinica Medica,8708.88094918494,complete,,,da Clinica Medica,8708.88094918494,,
Patient_33,CTI (CLIM),8708.88094918494,start,ctiBeds,0.0,,,,
Patient_33,CTI (CLIM),34304.87115760462,complete,ctiBeds,0.0,,,,
Patient_33,CTI prepara Encaminhamento,34304.87115760462,start,,0.0,,,,
Patient_33,CTI prepara Encaminhamento,34335.89601208864,complete,,0.0,,,,
Patient_33,Encaminha_Obito,34335.89601208864,complete,,,Obito,34335.89601208864,,
Patient_33,Discharge,34335.89601208864,complete,,,,,,25627.0150629037
Patient_330,Arrival,106878.24875425179,complete,,0.0,,,,
Patient_330,Origem_do Pronto Socorro,106878.24875425179,complete,,,do Pronto Socorro,106878.24875425179,,
Patient_330,CTI (PS),110455.15652879751,start,ctiBeds,0.0,,,,
Patient_330,CTI (PS),138711.1042975589,complete,ctiBeds,0.0,,,,
Patient_330,CTI prepara Encaminhamento,138711.1042975589,start,,0.0,,,,
Patient_330,CTI prepara Encaminhamento,138742.43184990878,complete,,0.0,,,,
Patient_330,Encaminha_para a Clinica Medica,138742.43184990878,complete,,,para a Clinica Medica,138742.43184990878,,
Patient_330,Discharge,138742.43184990878,complete,,,,,,31864.18309565699
Patient_331,Arrival,106966.75849437791,complete,,0.0,,,,
Patient_331,Origem_do Pronto Socorro,106966.75849437791,complete,,,do Pronto Socorro,106966.75849437791,,
Patient_331,CTI (PS),110816.4175635829,start,ctiBeds,0.0,,,,
Patient_331,CTI (PS),124420.08071355219,complete,ctiBeds,0.0,,,,
Patient_331,CTI prepara Encaminhamento,124420.08071355219,start,,0.0,,,,
Patient_331,CTI prepara Encaminhamento,124468.51735519245,complete,,0.0,,,,
Patient_331,Encaminha_para a Clinica Medica,124468.51735519245,complete,,,para a Clinica Medica,124468.51735519245,,
Patient_331,Discharge,124468.51735519245,complete,,,,,,17501.758860814545
Patient_332,Arrival,107458.59410707552,complete,,0.0,,,,
Patient_332,Origem_do Pronto Socorro,107458.59410707552,complete,,,do Pronto Socorro,107458.59410707552,,
Patient_332,CTI (PS),110920.82529921799,start,ctiBeds,0.0,,,,
Patient_332,CTI (PS),126857.96689119952,complete,ctiBeds,0.0,,,,
Patient_332,CTI prepara Encaminhamento,126857.96689119952,start,,0.0,,,,
Patient_332,CTI prepara Encaminhamento,126890.93979682129,complete,,0.0,,,,
Patient_332,Encaminha_para a Clinica Medica,126890.93979682129,complete,,,para a Clinica Medica,126890.93979682129,,
Patient_332,Discharge,126890.93979682129,complete,,,,,,19432.345689745765
Patient_333,Arrival,107549.48079781338,complete,,0.0,,,,
Patient_333,Origem_do Pronto Socorro,107549.48079781338,complete,,,do Pronto Socorro,107549.48079781338,,
Patient_333,CTI (PS),110989.41151858869,start,ctiBeds,0.0,,,,
Patient_333,CTI (PS),113223.36706054311,complete,ctiBeds,0.0,,,,
Patient_333,CTI prepara Encaminhamento,113223.36706054311,start,,0.0,,,,
Patient_333,CTI prepara Encaminhamento,113266.1091718936,complete,,0.0,,,,
Patient_333,Encaminha_para a Clinica Cirurgica,113266.1091718936,complete,,,para a Clinica Cirurgica,113266.1091718936,,
Patient_333,Discharge,113266.1091718936,complete,,,,,,5716.628374080217
Patient_334,Arrival,107830.47480405199,complete,,0.0,,,,
Patient_334,Origem_do Pronto Socorro,107830.47480405199,complete,,,do Pronto Socorro,107830.47480405199,,
Patient_334,CTI (PS),111023.83629306473,start,ctiBeds,0.0,,,,
Patient_334,CTI (PS),132272.3397035905,complete,ctiBeds,0.0,,,,
Patient_334,CTI prepara Encaminhamento,132272.3397035905,start,,0.0,,,,
Patient_334,CTI prepara Encaminhamento,132303.22599664354,complete,,0.0,,,,
Patient_334,Encaminha_Obito,132303.22599664354,complete,,,Obito,132303.22599664354,,
Patient_334,Discharge,132303.22599664354,complete,,,,,,24472.751192591546
Patient_335,Arrival,108837.30375317877,complete,,0.0,,,,
Patient_335,Origem_do Centro Cirurgico,108837.30375317877,complete,,,do Centro Cirurgico,108837.30375317877,,
Patient_335,CTI (CC),111409.5368624556,start,ctiBeds,0.0,,,,
Patient_335,CTI (CC),124095.80187014736,complete,ctiBeds,0.0,,,,
Patient_335,CTI prepara Encaminhamento,124095.80187014736,start,,0.0,,,,
Patient_335,CTI prepara Encaminhamento,124151.77878963338,complete,,0.0,,,,
Patient_335,Encaminha_para a Clinica Cirurgica,124151.77878963338,complete,,,para a Clinica Cirurgica,124151.77878963338,,
Patient_335,Discharge,124151.77878963338,complete,,,,,,15314.475036454605
Patient_336,Arrival,108846.9762340802,complete,,0.0,,,,
Patient_336,Origem_do Centro Cirurgico,108846.9762340802,complete,,,do Centro Cirurgico,108846.9762340802,,
Patient_336,CTI (CC),112074.00236959769,start,ctiBeds,0.0,,,,
Patient_336,CTI (CC),166044.52414847596,complete,ctiBeds,0.0,,,,
Patient_336,CTI prepara Encaminhamento,166044.52414847596,start,,0.0,,,,
Patient_336,CTI prepara Encaminhamento,166095.94782095443,complete,,0.0,,,,
Patient_336,Encaminha_para a Clinica Medica,166095.94782095443,complete,,,para a Clinica Medica,166095.94782095443,,
Patient_336,Discharge,166095.94782095443,complete,,,,,,57248.971586874235
Patient_337,Arrival,109013.56175166364,complete,,0.0,,,,
Patient_337,Origem_do Pronto Socorro,109013.56175166364,complete,,,do Pronto Socorro,109013.56175166364,,
Patient_337,CTI (PS),112183.73109510461,start,ctiBeds,0.0,,,,
Patient_337,CTI (PS),120091.35744846199,complete,ctiBeds,0.0,,,,
Patient_337,CTI prepara Encaminhamento,120091.35744846199,start,,0.0,,,,
Patient_337,CTI prepara Encaminhamento,120129.9881777082,complete,,0.0,,,,
Patient_337,Encaminha_para a Clinica Cirurgica,120129.9881777082,complete,,,para a Clinica Cirurgica,120129.9881777082,,
Patient_337,Discharge,120129.9881777082,complete,,,,,,11116.426426044563
Patient_338,Arrival,109808.1842120866,complete,,0.0,,,,
Patient_338,Origem_do Centro Cirurgico,109808.1842120866,complete,,,do Centro Cirurgico,109808.1842120866,,
Patient_338,CTI (CC),112564.66791514792,start,ctiBeds,0.0,,,,
Patient_338,CTI (CC),119516.5802109788,complete,ctiBeds,0.0,,,,
Patient_338,CTI prepara Encaminhamento,119516.5802109788,start,,0.0,,,,
Patient_338,CTI prepara Encaminhamento,119576.1683270064,complete,,0.0,,,,
Patient_338,Encaminha_para a Clinica Medica,119576.1683270064,complete,,,para a Clinica Medica,119576.1683270064,,
Patient_338,Discharge,119576.1683270064,complete,,,,,,9767.98411491979
Patient_339,Arrival,111323.52846078116,complete,,0.0,,,,
Patient_339,Origem_do Centro Cirurgico,111323.52846078116,complete,,,do Centro Cirurgico,111323.52846078116,,
Patient_339,CTI (CC),113223.36706054311,start,ctiBeds,0.0,,,,
Patient_339,CTI (CC),118780.74458761966,complete,ctiBeds,0.0,,,,
Patient_339,CTI prepara Encaminhamento,118780.74458761966,start,,0.0,,,,
Patient_339,CTI prepara Encaminhamento,118817.37117568999,complete,,0.0,,,,
Patient_339,Encaminha_para a Clinica Medica,118817.37117568999,complete,,,para a Clinica Medica,118817.37117568999,,
Patient_339,Discharge,118817.37117568999,complete,,,,,,7493.842714908824
Patient_34,Arrival,8767.027509035544,complete,,0.0,,,,
Patient_34,Origem_do Pronto Socorro,8767.027509035544,complete,,,do Pronto Socorro,8767.027509035544,,
Patient_34,CTI (PS),8767.027509035544,start,ctiBeds,0.0,,,,
Patient_34,CTI (PS),16436.403112531414,complete,ctiBeds,0.0,,,,
Patient_34,CTI prepara Encaminhamento,16436.403112531414,start,,0.0,,,,
Patient_34,CTI prepara Encaminhamento,16482.918999033292,complete,,0.0,,,,
Patient_34,Encaminha_Obito,16482.918999033292,complete,,,Obito,16482.918999033292,,
Patient_34,Discharge,16482.918999033292,complete,,,,,,7715.891489997748
Patient_340,Arrival,111491.60555666963,complete,,0.0,,,,
Patient_340,Origem_do Centro Cirurgico,111491.60555666963,complete,,,do Centro Cirurgico,111491.60555666963,,
Patient_340,CTI (CC),113642.72119890293,start,ctiBeds,0.0,,,,
Patient_340,CTI (CC),113760.61688841956,complete,ctiBeds,0.0,,,,
Patient_340,CTI prepara Encaminhamento,113760.61688841956,start,,0.0,,,,
Patient_340,CTI prepara Encaminhamento,113794.42272513644,complete,,0.0,,,,
Patient_340,Encaminha_para a Clinica Medica,113794.42272513644,complete,,,para a Clinica Medica,113794.42272513644,,
Patient_340,Discharge,113794.42272513644,complete,,,,,,2302.817168466805
Patient_341,Arrival,111769.29941844009,complete,,0.0,,,,
Patient_341,Origem_do Centro Cirurgico,111769.29941844009,complete,,,do Centro Cirurgico,111769.29941844009,,
Patient_341,CTI (CC),113760.61688841956,start,ctiBeds,0.0,,,,
Patient_341,CTI (CC),127164.01893167067,complete,ctiBeds,0.0,,,,
Patient_341,CTI prepara Encaminhamento,127164.01893167067,start,,0.0,,,,
Patient_341,CTI prepara Encaminhamento,127218.22488372799,complete,,0.0,,,,
Patient_341,Encaminha_Obito,127218.22488372799,complete,,,Obito,127218.22488372799,,
Patient_341,Discharge,127218.22488372799,complete,,,,,,15448.925465287903
Patient_342,Arrival,112086.39094322639,complete,,0.0,,,,
Patient_342,Origem_do Pronto Socorro,112086.39094322639,complete,,,do Pronto Socorro,112086.39094322639,,
Patient_342,CTI (PS),114365.16333882314,start,ctiBeds,0.0,,,,
Patient_342,CTI (PS),117638.11840283955,complete,ctiBeds,0.0,,,,
Patient_342,CTI prepara Encaminhamento,117638.11840283955,start,,0.0,,,,
Patient_342,CTI prepara Encaminhamento,117674.74469973915,complete,,0.0,,,,
Patient_342,Encaminha_para a Clinica Cirurgica,117674.74469973915,complete,,,para a Clinica Cirurgica,117674.74469973915,,
Patient_342,Discharge,117674.74469973915,complete,,,,,,5588.353756512763
Patient_343,Arrival,112703.81050179647,complete,,0.0,,,,
Patient_343,Origem_do Centro Cirurgico,112703.81050179647,complete,,,do Centro Cirurgico,112703.81050179647,,
Patient_343,CTI (CC),114416.0641571469,start,ctiBeds,0.0,,,,
Patient_343,CTI (CC),141265.9158470553,complete,ctiBeds,0.0,,,,
Patient_343,CTI prepara Encaminhamento,141265.9158470553,start,,0.0,,,,
Patient_343,CTI prepara Encaminhamento,141304.8875613934,complete,,0.0,,,,
Patient_343,Encaminha_para a Clinica Cirurgica,141304.8875613934,complete,,,para a Clinica Cirurgica,141304.8875613934,,
Patient_343,Discharge,141304.8875613934,complete,,,,,,28601.077059596937
Patient_344,Arrival,113122.97584542743,complete,,0.0,,,,
Patient_344,Origem_do Pronto Socorro,113122.97584542743,complete,,,do Pronto Socorro,113122.97584542743,,
Patient_344,CTI (PS),114743.2348940549,start,ctiBeds,0.0,,,,
Patient_344,CTI (PS),130484.81859106531,complete,ctiBeds,0.0,,,,
Patient_344,CTI prepara Encaminhamento,130484.81859106531,start,,0.0,,,,
Patient_344,CTI prepara Encaminhamento,130532.74985412862,complete,,0.0,,,,
Patient_344,Encaminha_para a Clinica Cirurgica,130532.74985412862,complete,,,para a Clinica Cirurgica,130532.74985412862,,
Patient_344,Discharge,130532.74985412862,complete,,,,,,17409.77400870119
Patient_345,Arrival,114018.53000392826,complete,,0.0,,,,
Patient_345,Origem_do Centro Cirurgico,114018.53000392826,complete,,,do Centro Cirurgico,114018.53000392826,,
Patient_345,CTI (CC),115109.49334033558,start,ctiBeds,0.0,,,,
Patient_345,CTI (CC),119295.58537599578,complete,ctiBeds,0.0,,,,
Patient_345,CTI prepara Encaminhamento,119295.58537599578,start,,0.0,,,,
Patient_345,CTI prepara Encaminhamento,119337.8932590823,complete,,0.0,,,,
Patient_345,Encaminha_para a Clinica Medica,119337.8932590823,complete,,,para a Clinica Medica,119337.8932590823,,
Patient_345,Discharge,119337.8932590823,complete,,,,,,5319.363255154036
Patient_346,Arrival,114710.97056444379,complete,,0.0,,,,
Patient_346,Origem_da Clinica Medica,114710.97056444379,complete,,,da Clinica Medica,114710.97056444379,,
Patient_346,CTI (CLIM),115430.6945545285,start,ctiBeds,0.0,,,,
Patient_346,CTI (CLIM),115722.29185705495,complete,ctiBeds,0.0,,,,
Patient_346,CTI prepara Encaminhamento,115722.29185705495,start,,0.0,,,,
Patient_346,CTI prepara Encaminhamento,115771.21879732078,complete,,0.0,,,,
Patient_346,Encaminha_para a Clinica Cirurgica,115771.21879732078,complete,,,para a Clinica Cirurgica,115771.21879732078,,
Patient_346,Discharge,115771.21879732078,complete,,,,,,1060.2482328769838
Patient_347,Arrival,114839.40010533085,complete,,0.0,,,,
Patient_347,Origem_do Pronto Socorro,114839.40010533085,complete,,,do Pronto Socorro,114839.40010533085,,
Patient_347,CTI (PS),115722.29185705495,start,ctiBeds,0.0,,,,
Patient_347,CTI (PS),122914.22042767747,complete,ctiBeds,0.0,,,,
Patient_347,CTI prepara Encaminhamento,122914.22042767747,start,,0.0,,,,
Patient_347,CTI prepara Encaminhamento,122951.89979114187,complete,,0.0,,,,
Patient_347,Encaminha_para a Clinica Medica,122951.89979114187,complete,,,para a Clinica Medica,122951.89979114187,,
Patient_347,Discharge,122951.89979114187,complete,,,,,,8112.499685811024
Patient_348,Arrival,115024.40219451457,complete,,0.0,,,,
Patient_348,Origem_do Centro Cirurgico,115024.40219451457,complete,,,do Centro Cirurgico,115024.40219451457,,
Patient_348,CTI (CC),116294.48318303743,start,ctiBeds,0.0,,,,
Patient_348,CTI (CC),119201.86751351554,complete,ctiBeds,0.0,,,,
Patient_348,CTI prepara Encaminhamento,119201.86751351554,start,,0.0,,,,
Patient_348,CTI prepara Encaminhamento,119233.43034872145,complete,,0.0,,,,
Patient_348,Encaminha_para a Clinica Medica,119233.43034872145,complete,,,para a Clinica Medica,119233.43034872145,,
Patient_348,Discharge,119233.43034872145,complete,,,,,,4209.028154206884
Patient_349,Arrival,115348.48147909781,complete,,0.0,,,,
Patient_349,Origem_do Pronto Socorro,115348.48147909781,complete,,,do Pronto Socorro,115348.48147909781,,
Patient_349,CTI (PS),117036.21517507319,start,ctiBeds,0.0,,,,
Patient_349,CTI (PS),123758.12814475188,complete,ctiBeds,0.0,,,,
Patient_349,CTI prepara Encaminhamento,123758.12814475188,start,,0.0,,,,
Patient_349,CTI prepara Encaminhamento,123791.93951360669,complete,,0.0,,,,
Patient_349,Encaminha_Obito,123791.93951360669,complete,,,Obito,123791.93951360669,,
Patient_349,Discharge,123791.93951360669,complete,,,,,,8443.458034508876
Patient_35,Arrival,9155.115583082279,complete,,0.0,,,,
Patient_35,Origem_do Centro Cirurgico,9155.115583082279,complete,,,do Centro Cirurgico,9155.115583082279,,
Patient_35,CTI (CC),9155.115583082279,start,ctiBeds,0.0,,,,
Patient_35,CTI (CC),16175.0934202807,complete,ctiBeds,0.0,,,,
Patient_35,CTI prepara Encaminhamento,16175.0934202807,start,,0.0,,,,
Patient_35,CTI prepara Encaminhamento,16228.826325518163,complete,,0.0,,,,
Patient_35,Encaminha_para a Clinica Cirurgica,16228.826325518163,complete,,,para a Clinica Cirurgica,16228.826325518163,,
Patient_35,Discharge,16228.826325518163,complete,,,,,,7073.710742435884
Patient_350,Arrival,115921.47892378339,complete,,0.0,,,,
Patient_350,Origem_do Pronto Socorro,115921.47892378339,complete,,,do Pronto Socorro,115921.47892378339,,
Patient_350,CTI (PS),117325.46199024502,start,ctiBeds,0.0,,,,
Patient_350,CTI (PS),129791.50798198288,complete,ctiBeds,0.0,,,,
Patient_350,CTI prepara Encaminhamento,129791.50798198288,start,,0.0,,,,
Patient_350,CTI prepara Encaminhamento,129825.21922887562,complete,,0.0,,,,
Patient_350,Encaminha_Obito,129825.21922887562,complete,,,Obito,129825.21922887562,,
Patient_350,Discharge,129825.21922887562,complete,,,,,,13903.74030509223
Patient_351,Arrival,116212.58843797071,complete,,0.0,,,,
Patient_351,Origem_do Centro Cirurgico,116212.58843797071,complete,,,do Centro Cirurgico,116212.58843797071,,
Patient_351,CTI (CC),117638.11840283955,start,ctiBeds,0.0,,,,
Patient_351,CTI (CC),120261.32532695186,complete,ctiBeds,0.0,,,,
Patient_351,CTI prepara Encaminhamento,120261.32532695186,start,,0.0,,,,
Patient_351,CTI prepara Encaminhamento,120310.46133820304,complete,,0.0,,,,
Patient_351,Encaminha_para a Clinica Medica,120310.46133820304,complete,,,para a Clinica Medica,120310.46133820304,,
Patient_351,Discharge,120310.46133820304,complete,,,,,,4097.872900232323
Patient_352,Arrival,116266.38143032926,complete,,0.0,,,,
Patient_352,Origem_da Clinica Cirurgica,116266.38143032926,complete,,,da Clinica Cirurgica,116266.38143032926,,
Patient_352,CTI (CLIC),117787.56946555222,start,ctiBeds,0.0,,,,
Patient_352,CTI (CLIC),126399.39991345904,complete,ctiBeds,0.0,,,,
Patient_352,CTI prepara Encaminhamento,126399.39991345904,start,,0.0,,,,
Patient_352,CTI prepara Encaminhamento,126447.39177935253,complete,,0.0,,,,
Patient_352,Encaminha_para a Clinica Cirurgica,126447.39177935253,complete,,,para a Clinica Cirurgica,126447.39177935253,,
Patient_352,Discharge,126447.39177935253,complete,,,,,,10181.010349023272
Patient_353,Arrival,116409.75812871174,complete,,0.0,,,,
Patient_353,Origem_do Centro Cirurgico,116409.75812871174,complete,,,do Centro Cirurgico,116409.75812871174,,
Patient_353,CTI (CC),118780.74458761966,start,ctiBeds,0.0,,,,
Patient_353,CTI (CC),120148.71981691422,complete,ctiBeds,0.0,,,,
Patient_353,CTI prepara Encaminhamento,120148.71981691422,start,,0.0,,,,
Patient_353,CTI prepara Encaminhamento,120205.9757580149,complete,,0.0,,,,
Patient_353,Encaminha_para a Clinica Cirurgica,120205.9757580149,complete,,,para a Clinica Cirurgica,120205.9757580149,,
Patient_353,Discharge,120205.9757580149,complete,,,,,,3796.217629303166
Patient_354,Arrival,117469.69551012418,complete,,0.0,,,,
Patient_354,Origem_da Clinica Cirurgica,117469.69551012418,complete,,,da Clinica Cirurgica,117469.69551012418,,
Patient_354,CTI (CLIC),119199.9706959138,start,ctiBeds,0.0,,,,
Patient_354,CTI (CLIC),136274.17106660444,complete,ctiBeds,0.0,,,,
Patient_354,CTI prepara Encaminhamento,136274.17106660444,start,,0.0,,,,
Patient_354,CTI prepara Encaminhamento,136323.6304867735,complete,,0.0,,,,
Patient_354,Encaminha_para a Clinica Medica,136323.6304867735,complete,,,para a Clinica Medica,136323.6304867735,,
Patient_354,Discharge,136323.6304867735,complete,,,,,,18853.934976649325
Patient_355,Arrival,117683.07595362011,complete,,0.0,,,,
Patient_355,Origem_da Clinica Medica,117683.07595362011,complete,,,da Clinica Medica,117683.07595362011,,
Patient_355,CTI (CLIM),119201.86751351554,start,ctiBeds,0.0,,,,
Patient_355,CTI (CLIM),129891.97773406515,complete,ctiBeds,0.0,,,,
Patient_355,CTI prepara Encaminhamento,129891.97773406515,start,,0.0,,,,
Patient_355,CTI prepara Encaminhamento,129946.40491912018,complete,,0.0,,,,
Patient_355,Encaminha_para a Clinica Medica,129946.40491912018,complete,,,para a Clinica Medica,129946.40491912018,,
Patient_355,Discharge,129946.40491912018,complete,,,,,,12263.32896550007
Patient_356,Arrival,117927.4474043189,complete,,0.0,,,,
Patient_356,Origem_do Pronto Socorro,117927.4474043189,complete,,,do Pronto Socorro,117927.4474043189,,
Patient_356,CTI (PS),119295.58537599578,start,ctiBeds,0.0,,,,
Patient_356,CTI (PS),129939.97638315381,complete,ctiBeds,0.0,,,,
Patient_356,CTI prepara Encaminhamento,129939.97638315381,start,,0.0,,,,
Patient_356,CTI prepara Encaminhamento,129999.96048780443,complete,,0.0,,,,
Patient_356,Encaminha_Obito,129999.96048780443,complete,,,Obito,129999.96048780443,,
Patient_356,Discharge,129999.96048780443,complete,,,,,,12072.513083485537
Patient_357,Arrival,118651.51998458673,complete,,0.0,,,,
Patient_357,Origem_do Pronto Socorro,118651.51998458673,complete,,,do Pronto Socorro,118651.51998458673,,
Patient_357,CTI (PS),119516.5802109788,start,ctiBeds,0.0,,,,
Patient_357,CTI (PS),144919.51366657385,complete,ctiBeds,0.0,,,,
Patient_357,CTI prepara Encaminhamento,144919.51366657385,start,,0.0,,,,
Patient_357,CTI prepara Encaminhamento,144964.49223964434,complete,,0.0,,,,
Patient_357,Encaminha_para a Clinica Cirurgica,144964.49223964434,complete,,,para a Clinica Cirurgica,144964.49223964434,,
Patient_357,Discharge,144964.49223964434,complete,,,,,,26312.97225505761
Patient_358,Arrival,118735.36897671477,complete,,0.0,,,,
Patient_358,Origem_do Centro Cirurgico,118735.36897671477,complete,,,do Centro Cirurgico,118735.36897671477,,
Patient_358,CTI (CC),120091.35744846199,start,ctiBeds,0.0,,,,
Patient_358,CTI (CC),121377.82718514782,complete,ctiBeds,0.0,,,,
Patient_358,CTI prepara Encaminhamento,121377.82718514782,start,,0.0,,,,
Patient_358,CTI prepara Encaminhamento,121437.59053470193,complete,,0.0,,,,
Patient_358,Encaminha_para a Clinica Medica,121437.59053470193,complete,,,para a Clinica Medica,121437.59053470193,,
Patient_358,Discharge,121437.59053470193,complete,,,,,,2702.2215579871554
Patient_359,Arrival,119716.241816815,complete,,0.0,,,,
Patient_359,Origem_da Clinica Cirurgica,119716.241816815,complete,,,da Clinica Cirurgica,119716.241816815,,
Patient_359,CTI (CLIC),120148.71981691422,start,ctiBeds,0.0,,,,
Patient_359,CTI (CLIC),123170.37678585296,complete,ctiBeds,0.0,,,,
Patient_359,CTI prepara Encaminhamento,123170.37678585296,start,,0.0,,,,
Patient_359,CTI prepara Encaminhamento,123213.21173203079,complete,,0.0,,,,
Patient_359,Encaminha_para a Clinica Cirurgica,123213.21173203079,complete,,,para a Clinica Cirurgica,123213.21173203079,,
Patient_359,Discharge,123213.21173203079,complete,,,,,,3496.9699152157846
Patient_36,Arrival,9281.045519931065,complete,,0.0,,,,
Patient_36,Origem_do Pronto Socorro,9281.045519931065,complete,,,do Pronto Socorro,9281.045519931065,,
Patient_36,CTI (PS),9281.045519931065,start,ctiBeds,0.0,,,,
Patient_36,CTI (PS),9566.640975777236,complete,ctiBeds,0.0,,,,
Patient_36,CTI prepara Encaminhamento,9566.640975777236,start,,0.0,,,,
Patient_36,CTI prepara Encaminhamento,9600.750915163617,complete,,0.0,,,,
Patient_36,Encaminha_para a Clinica Medica,9600.750915163617,complete,,,para a Clinica Medica,9600.750915163617,,
Patient_36,Discharge,9600.750915163617,complete,,,,,,319.7053952325514
Patient_360,Arrival,120645.80520774721,complete,,0.0,,,,
Patient_360,Origem_do Pronto Socorro,120645.80520774721,complete,,,do Pronto Socorro,120645.80520774721,,
Patient_360,CTI (PS),120645.80520774721,start,ctiBeds,0.0,,,,
Patient_360,CTI (PS),123092.10175155588,complete,ctiBeds,0.0,,,,
Patient_360,CTI prepara Encaminhamento,123092.10175155588,start,,0.0,,,,
Patient_360,CTI prepara Encaminhamento,123125.23961084736,complete,,0.0,,,,
Patient_360,Encaminha_Transferencia Externa,123125.23961084736,complete,,,Transferencia Externa,123125.23961084736,,
Patient_360,Discharge,123125.23961084736,complete,,,,,,2479.434403100153
Patient_361,Arrival,120787.94205966465,complete,,0.0,,,,
Patient_361,Origem_da Clinica Cirurgica,120787.94205966465,complete,,,da Clinica Cirurgica,120787.94205966465,,
Patient_361,CTI (CLIC),120787.94205966465,start,ctiBeds,0.0,,,,
Patient_361,CTI (CLIC),124186.29489846942,complete,ctiBeds,0.0,,,,
Patient_361,CTI prepara Encaminhamento,124186.29489846942,start,,0.0,,,,
Patient_361,CTI prepara Encaminhamento,124222.55431337835,complete,,0.0,,,,
Patient_361,Encaminha_para a Clinica Cirurgica,124222.55431337835,complete,,,para a Clinica Cirurgica,124222.55431337835,,
Patient_361,Discharge,124222.55431337835,complete,,,,,,3434.612253713698
Patient_362,Arrival,120990.76106849062,complete,,0.0,,,,
Patient_362,Origem_do Pronto Socorro,120990.76106849062,complete,,,do Pronto Socorro,120990.76106849062,,
Patient_362,CTI (PS),121316.44536638306,start,ctiBeds,0.0,,,,
Patient_362,CTI (PS),132461.02564599182,complete,ctiBeds,0.0,,,,
Patient_362,CTI prepara Encaminhamento,132461.02564599182,start,,0.0,,,,
Patient_362,CTI prepara Encaminhamento,132492.0210305357,complete,,0.0,,,,
Patient_362,Encaminha_para a Clinica Medica,132492.0210305357,complete,,,para a Clinica Medica,132492.0210305357,,
Patient_362,Discharge,132492.0210305357,complete,,,,,,11501.259962045064
Patient_363,Arrival,121047.86032033723,complete,,0.0,,,,
Patient_363,Origem_do Centro Cirurgico,121047.86032033723,complete,,,do Centro Cirurgico,121047.86032033723,,
Patient_363,CTI (CC),121377.82718514782,start,ctiBeds,0.0,,,,
Patient_363,CTI (CC),122680.67507052945,complete,ctiBeds,0.0,,,,
Patient_363,CTI prepara Encaminhamento,122680.67507052945,start,,0.0,,,,
Patient_363,CTI prepara Encaminhamento,122715.6221021511,complete,,0.0,,,,
Patient_363,Encaminha_para a Clinica Medica,122715.6221021511,complete,,,para a Clinica Medica,122715.6221021511,,
Patient_363,Discharge,122715.6221021511,complete,,,,,,1667.7617818138679
Patient_364,Arrival,121199.6533309616,complete,,0.0,,,,
Patient_364,Origem_da Clinica Cirurgica,121199.6533309616,complete,,,da Clinica Cirurgica,121199.6533309616,,
Patient_364,CTI (CLIC),122186.71822714311,start,ctiBeds,0.0,,,,
Patient_364,CTI (CLIC),128872.49870594747,complete,ctiBeds,0.0,,,,
Patient_364,CTI prepara Encaminhamento,128872.49870594747,start,,0.0,,,,
Patient_364,CTI prepara Encaminhamento,128908.76978294527,complete,,0.0,,,,
Patient_364,Encaminha_para a Clinica Medica,128908.76978294527,complete,,,para a Clinica Medica,128908.76978294527,,
Patient_364,Discharge,128908.76978294527,complete,,,,,,7709.11645198366
Patient_365,Arrival,121473.47518105511,complete,,0.0,,,,
Patient_365,Origem_do Pronto Socorro,121473.47518105511,complete,,,do Pronto Socorro,121473.47518105511,,
Patient_365,CTI (PS),122680.67507052945,start,ctiBeds,0.0,,,,
Patient_365,CTI (PS),130313.02525210087,complete,ctiBeds,0.0,,,,
Patient_365,CTI prepara Encaminhamento,130313.02525210087,start,,0.0,,,,
Patient_365,CTI prepara Encaminhamento,130361.33696946996,complete,,0.0,,,,
Patient_365,Encaminha_para a Clinica Cirurgica,130361.33696946996,complete,,,para a Clinica Cirurgica,130361.33696946996,,
Patient_365,Discharge,130361.33696946996,complete,,,,,,8887.861788414855
Patient_366,Arrival,122454.87152040511,complete,,0.0,,,,
Patient_366,Origem_do Pronto Socorro,122454.87152040511,complete,,,do Pronto Socorro,122454.87152040511,,
Patient_366,CTI (PS),122914.22042767747,start,ctiBeds,0.0,,,,
Patient_366,CTI (PS),126383.4025327802,complete,ctiBeds,0.0,,,,
Patient_366,CTI prepara Encaminhamento,126383.4025327802,start,,0.0,,,,
Patient_366,CTI prepara Encaminhamento,126434.96832475226,complete,,0.0,,,,
Patient_366,Encaminha_para a Clinica Cirurgica,126434.96832475226,complete,,,para a Clinica Cirurgica,126434.96832475226,,
Patient_366,Discharge,126434.96832475226,complete,,,,,,3980.096804347151
Patient_367,Arrival,124020.94194692512,complete,,0.0,,,,
Patient_367,Origem_da Clinica Cirurgica,124020.94194692512,complete,,,da Clinica Cirurgica,124020.94194692512,,
Patient_367,CTI (CLIC),124020.94194692512,start,ctiBeds,0.0,,,,
Patient_367,CTI (CLIC),157604.21404313695,complete,ctiBeds,0.0,,,,
Patient_367,CTI prepara Encaminhamento,157604.21404313695,start,,0.0,,,,
Patient_367,CTI prepara Encaminhamento,157637.6045555893,complete,,0.0,,,,
Patient_367,Encaminha_para a Clinica Cirurgica,157637.6045555893,complete,,,para a Clinica Cirurgica,157637.6045555893,,
Patient_367,Discharge,157637.6045555893,complete,,,,,,33616.66260866418
Patient_368,Arrival,124086.94172209676,complete,,0.0,,,,
Patient_368,Origem_do Centro Cirurgico,124086.94172209676,complete,,,do Centro Cirurgico,124086.94172209676,,
Patient_368,CTI (CC),124086.94172209676,start,ctiBeds,0.0,,,,
Patient_368,CTI (CC),137619.2221337441,complete,ctiBeds,0.0,,,,
Patient_368,CTI prepara Encaminhamento,137619.2221337441,start,,0.0,,,,
Patient_368,CTI prepara Encaminhamento,137673.88093676572,complete,,0.0,,,,
Patient_368,Encaminha_para a Clinica Cirurgica,137673.88093676572,complete,,,para a Clinica Cirurgica,137673.88093676572,,
Patient_368,Discharge,137673.88093676572,complete,,,,,,13586.939214668964
Patient_369,Arrival,124342.21393094356,complete,,0.0,,,,
Patient_369,Origem_do Centro Cirurgico,124342.21393094356,complete,,,do Centro Cirurgico,124342.21393094356,,
Patient_369,CTI (CC),124342.21393094356,start,ctiBeds,0.0,,,,
Patient_369,CTI (CC),148871.7039942025,complete,ctiBeds,0.0,,,,
Patient_369,CTI prepara Encaminhamento,148871.7039942025,start,,0.0,,,,
Patient_369,CTI prepara Encaminhamento,148920.58884509862,complete,,0.0,,,,
Patient_369,Encaminha_Obito,148920.58884509862,complete,,,Obito,148920.58884509862,,
Patient_369,Discharge,148920.58884509862,complete,,,,,,24578.374914155065
Patient_37,Arrival,9365.48775848322,complete,,0.0,,,,
Patient_37,Origem_do Centro Cirurgico,9365.48775848322,complete,,,do Centro Cirurgico,9365.48775848322,,
Patient_37,CTI (CC),9365.48775848322,start,ctiBeds,0.0,,,,
Patient_37,CTI (CC),38271.816908181754,complete,ctiBeds,0.0,,,,
Patient_37,CTI prepara Encaminhamento,38271.816908181754,start,,0.0,,,,
Patient_37,CTI prepara Encaminhamento,38306.12895216896,complete,,0.0,,,,
Patient_37,Encaminha_Obito,38306.12895216896,complete,,,Obito,38306.12895216896,,
Patient_37,Discharge,38306.12895216896,complete,,,,,,28940.64119368574
Patient_370,Arrival,124453.70263316786,complete,,0.0,,,,
Patient_370,Origem_do Pronto Socorro,124453.70263316786,complete,,,do Pronto Socorro,124453.70263316786,,
Patient_370,CTI (PS),124453.70263316786,start,ctiBeds,0.0,,,,
Patient_370,CTI (PS),162259.8361069699,complete,ctiBeds,0.0,,,,
Patient_370,CTI prepara Encaminhamento,162259.8361069699,start,,0.0,,,,
Patient_370,CTI prepara Encaminhamento,162309.96082200907,complete,,0.0,,,,
Patient_370,Encaminha_para a Clinica Cirurgica,162309.96082200907,complete,,,para a Clinica Cirurgica,162309.96082200907,,
Patient_370,Discharge,162309.96082200907,complete,,,,,,37856.25818884121
Patient_371,Arrival,124609.5425089151,complete,,0.0,,,,
Patient_371,Origem_do Centro Cirurgico,124609.5425089151,complete,,,do Centro Cirurgico,124609.5425089151,,
Patient_371,CTI (CC),124609.5425089151,start,ctiBeds,0.0,,,,
Patient_371,CTI (CC),151659.66192921856,complete,ctiBeds,0.0,,,,
Patient_371,CTI prepara Encaminhamento,151659.66192921856,start,,0.0,,,,
Patient_371,CTI prepara Encaminhamento,151693.40020710914,complete,,0.0,,,,
Patient_371,Encaminha_Obito,151693.40020710914,complete,,,Obito,151693.40020710914,,
Patient_371,Discharge,151693.40020710914,complete,,,,,,27083.857698194042
Patient_372,Arrival,124794.45794171125,complete,,0.0,,,,
Patient_372,Origem_do Centro Cirurgico,124794.45794171125,complete,,,do Centro Cirurgico,124794.45794171125,,
Patient_372,CTI (CC),124794.45794171125,start,ctiBeds,0.0,,,,
Patient_372,CTI (CC),139083.50274186625,complete,ctiBeds,0.0,,,,
Patient_372,CTI prepara Encaminhamento,139083.50274186625,start,,0.0,,,,
Patient_372,CTI prepara Encaminhamento,139127.4658577209,complete,,0.0,,,,
Patient_372,Encaminha_para a Clinica Cirurgica,139127.4658577209,complete,,,para a Clinica Cirurgica,139127.4658577209,,
Patient_372,Discharge,139127.4658577209,complete,,,,,,14333.00791600965
Patient_373,Arrival,125590.73642578558,complete,,0.0,,,,
Patient_373,Origem_do Pronto Socorro,125590.73642578558,complete,,,do Pronto Socorro,125590.73642578558,,
Patient_373,CTI (PS),125590.73642578558,start,ctiBeds,0.0,,,,
Patient_373,CTI (PS),139599.77007326236,complete,ctiBeds,0.0,,,,
Patient_373,CTI prepara Encaminhamento,139599.77007326236,start,,0.0,,,,
Patient_373,CTI prepara Encaminhamento,139653.36210533459,complete,,0.0,,,,
Patient_373,Encaminha_para a Clinica Medica,139653.36210533459,complete,,,para a Clinica Medica,139653.36210533459,,
Patient_373,Discharge,139653.36210533459,complete,,,,,,14062.625679549004
Patient_374,Arrival,125630.65664356283,complete,,0.0,,,,
Patient_374,Origem_do Pronto Socorro,125630.65664356283,complete,,,do Pronto Socorro,125630.65664356283,,
Patient_374,CTI (PS),126119.97226804518,start,ctiBeds,0.0,,,,
Patient_374,CTI (PS),138309.7692636068,complete,ctiBeds,0.0,,,,
Patient_374,CTI prepara Encaminhamento,138309.7692636068,start,,0.0,,,,
Patient_374,CTI prepara Encaminhamento,138360.4039463849,complete,,0.0,,,,
Patient_374,Encaminha_para a Clinica Cirurgica,138360.4039463849,complete,,,para a Clinica Cirurgica,138360.4039463849,,
Patient_374,Discharge,138360.4039463849,complete,,,,,,12729.74730282207
Patient_375,Arrival,126318.17542162946,complete,,0.0,,,,
Patient_375,Origem_do Pronto Socorro,126318.17542162946,complete,,,do Pronto Socorro,126318.17542162946,,
Patient_375,CTI (PS),126383.4025327802,start,ctiBeds,0.0,,,,
Patient_375,CTI (PS),153489.53384056807,complete,ctiBeds,0.0,,,,
Patient_375,CTI prepara Encaminhamento,153489.53384056807,start,,0.0,,,,
Patient_375,CTI prepara Encaminhamento,153539.33547907195,complete,,0.0,,,,
Patient_375,Encaminha_para a Clinica Cirurgica,153539.33547907195,complete,,,para a Clinica Cirurgica,153539.33547907195,,
Patient_375,Discharge,153539.33547907195,complete,,,,,,27221.16005744248
Patient_376,Arrival,126366.39637448579,complete,,0.0,,,,
Patient_376,Origem_do Pronto Socorro,126366.39637448579,complete,,,do Pronto Socorro,126366.39637448579,,
Patient_376,CTI (PS),126399.39991345904,start,ctiBeds,0.0,,,,
Patient_376,CTI (PS),127295.58355479868,complete,ctiBeds,0.0,,,,
Patient_376,CTI prepara Encaminhamento,127295.58355479868,start,,0.0,,,,
Patient_376,CTI prepara Encaminhamento,127338.04207310255,complete,,0.0,,,,
Patient_376,Encaminha_Obito,127338.04207310255,complete,,,Obito,127338.04207310255,,
Patient_376,Discharge,127338.04207310255,complete,,,,,,971.6456986167614
Patient_377,Arrival,126447.95602331283,complete,,0.0,,,,
Patient_377,Origem_do Pronto Socorro,126447.95602331283,complete,,,do Pronto Socorro,126447.95602331283,,
Patient_377,CTI (PS),126857.96689119952,start,ctiBeds,0.0,,,,
Patient_377,CTI (PS),136940.04252802118,complete,ctiBeds,0.0,,,,
Patient_377,CTI prepara Encaminhamento,136940.04252802118,start,,0.0,,,,
Patient_377,CTI prepara Encaminhamento,136974.7992120796,complete,,0.0,,,,
Patient_377,Encaminha_para a Clinica Medica,136974.7992120796,complete,,,para a Clinica Medica,136974.7992120796,,
Patient_377,Discharge,136974.7992120796,complete,,,,,,10526.843188766783
Patient_378,Arrival,126752.908289562,complete,,0.0,,,,
Patient_378,Origem_do Centro Cirurgico,126752.908289562,complete,,,do Centro Cirurgico,126752.908289562,,
Patient_378,CTI (CC),127164.01893167067,start,ctiBeds,0.0,,,,
Patient_378,CTI (CC),242053.37248734222,complete,ctiBeds,0.0,,,,
Patient_378,CTI prepara Encaminhamento,242053.37248734222,start,,0.0,,,,
Patient_378,CTI prepara Encaminhamento,242086.97695832187,complete,,0.0,,,,
Patient_378,Encaminha_para a Clinica Cirurgica,242086.97695832187,complete,,,para a Clinica Cirurgica,242086.97695832187,,
Patient_378,Discharge,242086.97695832187,complete,,,,,,115334.06866875988
Patient_379,Arrival,127443.8448542342,complete,,0.0,,,,
Patient_379,Origem_do Pronto Socorro,127443.8448542342,complete,,,do Pronto Socorro,127443.8448542342,,
Patient_379,CTI (PS),127443.8448542342,start,ctiBeds,0.0,,,,
Patient_379,CTI (PS),138014.09466316956,complete,ctiBeds,0.0,,,,
Patient_379,CTI prepara Encaminhamento,138014.09466316956,start,,0.0,,,,
Patient_379,CTI prepara Encaminhamento,138060.87040124185,complete,,0.0,,,,
Patient_379,Encaminha_para a Clinica Medica,138060.87040124185,complete,,,para a Clinica Medica,138060.87040124185,,
Patient_379,Discharge,138060.87040124185,complete,,,,,,10617.025547007652
Patient_38,Arrival,9675.577833384004,complete,,0.0,,,,
Patient_38,Origem_do Centro Cirurgico,9675.577833384004,complete,,,do Centro Cirurgico,9675.577833384004,,
Patient_38,CTI (CC),9675.577833384004,start,ctiBeds,0.0,,,,
Patient_38,CTI (CC),11411.052861069127,complete,ctiBeds,0.0,,,,
Patient_38,CTI prepara Encaminhamento,11411.052861069127,start,,0.0,,,,
Patient_38,CTI prepara Encaminhamento,11454.5937410255,complete,,0.0,,,,
Patient_38,Encaminha_Transferencia Externa,11454.5937410255,complete,,,Transferencia Externa,11454.5937410255,,
Patient_38,Discharge,11454.5937410255,complete,,,,,,1779.0159076414948
Patient_380,Arrival,127589.14720511774,complete,,0.0,,,,
Patient_380,Origem_do Centro Cirurgico,127589.14720511774,complete,,,do Centro Cirurgico,127589.14720511774,,
Patient_380,CTI (CC),128044.70571362342,start,ctiBeds,0.0,,,,
Patient_380,CTI (CC),138592.31325869082,complete,ctiBeds,0.0,,,,
Patient_380,CTI prepara Encaminhamento,138592.31325869082,start,,0.0,,,,
Patient_380,CTI prepara Encaminhamento,138640.4773389983,complete,,0.0,,,,
Patient_380,Encaminha_Obito,138640.4773389983,complete,,,Obito,138640.4773389983,,
Patient_380,Discharge,138640.4773389983,complete,,,,,,11051.330133880547
Patient_381,Arrival,128334.24726629241,complete,,0.0,,,,
Patient_381,Origem_do Pronto Socorro,128334.24726629241,complete,,,do Pronto Socorro,128334.24726629241,,
Patient_381,CTI (PS),128872.49870594747,start,ctiBeds,0.0,,,,
Patient_381,CTI (PS),170257.75937244226,complete,ctiBeds,0.0,,,,
Patient_381,CTI prepara Encaminhamento,170257.75937244226,start,,0.0,,,,
Patient_381,CTI prepara Encaminhamento,170297.43804371904,complete,,0.0,,,,
Patient_381,Encaminha_para a Clinica Cirurgica,170297.43804371904,complete,,,para a Clinica Cirurgica,170297.43804371904,,
Patient_381,Discharge,170297.43804371904,complete,,,,,,41963.19077742663
Patient_382,Arrival,129136.83382457675,complete,,0.0,,,,
Patient_382,Origem_do Centro Cirurgico,129136.83382457675,complete,,,do Centro Cirurgico,129136.83382457675,,
Patient_382,CTI (CC),129791.50798198288,start,ctiBeds,0.0,,,,
Patient_382,CTI (CC),132847.95053914076,complete,ctiBeds,0.0,,,,
Patient_382,CTI prepara Encaminhamento,132847.95053914076,start,,0.0,,,,
Patient_382,CTI prepara Encaminhamento,132878.37469129643,complete,,0.0,,,,
Patient_382,Encaminha_para a Clinica Medica,132878.37469129643,complete,,,para a Clinica Medica,132878.37469129643,,
Patient_382,Discharge,132878.37469129643,complete,,,,,,3741.5408667196753
Patient_383,Arrival,129577.09436932763,complete,,0.0,,,,
Patient_383,Origem_do Centro Cirurgico,129577.09436932763,complete,,,do Centro Cirurgico,129577.09436932763,,
Patient_383,CTI (CC),129891.97773406515,start,ctiBeds,0.0,,,,
Patient_383,CTI (CC),134008.5873486354,complete,ctiBeds,0.0,,,,
Patient_383,CTI prepara Encaminhamento,134008.5873486354,start,,0.0,,,,
Patient_383,CTI prepara Encaminhamento,134044.24270794386,complete,,0.0,,,,
Patient_383,Encaminha_Obito,134044.24270794386,complete,,,Obito,134044.24270794386,,
Patient_383,Discharge,134044.24270794386,complete,,,,,,4467.148338616229
Patient_384,Arrival,130034.24432960445,complete,,0.0,,,,
Patient_384,Origem_do Pronto Socorro,130034.24432960445,complete,,,do Pronto Socorro,130034.24432960445,,
Patient_384,CTI (PS),130034.24432960445,start,ctiBeds,0.0,,,,
Patient_384,CTI (PS),131547.28728214855,complete,ctiBeds,0.0,,,,
Patient_384,CTI prepara Encaminhamento,131547.28728214855,start,,0.0,,,,
Patient_384,CTI prepara Encaminhamento,131583.12345496812,complete,,0.0,,,,
Patient_384,Encaminha_para a Clinica Medica,131583.12345496812,complete,,,para a Clinica Medica,131583.12345496812,,
Patient_384,Discharge,131583.12345496812,complete,,,,,,1548.8791253636737
Patient_385,Arrival,130260.98953741192,complete,,0.0,,,,
Patient_385,Origem_do Pronto Socorro,130260.98953741192,complete,,,do Pronto Socorro,130260.98953741192,,
Patient_385,CTI (PS),130313.02525210087,start,ctiBeds,0.0,,,,
Patient_385,CTI (PS),146747.77383729644,complete,ctiBeds,0.0,,,,
Patient_385,CTI prepara Encaminhamento,146747.77383729644,start,,0.0,,,,
Patient_385,CTI prepara Encaminhamento,146803.32361397584,complete,,0.0,,,,
Patient_385,Encaminha_para a Clinica Cirurgica,146803.32361397584,complete,,,para a Clinica Cirurgica,146803.32361397584,,
Patient_385,Discharge,146803.32361397584,complete,,,,,,16542.334076563915
Patient_386,Arrival,130965.65885731333,complete,,0.0,,,,
Patient_386,Origem_do Centro Cirurgico,130965.65885731333,complete,,,do Centro Cirurgico,130965.65885731333,,
Patient_386,CTI (CC),130965.65885731333,start,ctiBeds,0.0,,,,
Patient_386,CTI (CC),145612.21816564823,complete,ctiBeds,0.0,,,,
Patient_386,CTI prepara Encaminhamento,145612.21816564823,start,,0.0,,,,
Patient_386,CTI prepara Encaminhamento,145660.16335655792,complete,,0.0,,,,
Patient_386,Encaminha_para a Clinica Medica,145660.16335655792,complete,,,para a Clinica Medica,145660.16335655792,,
Patient_386,Discharge,145660.16335655792,complete,,,,,,14694.504499244591
Patient_387,Arrival,131139.0641451049,complete,,0.0,,,,
Patient_387,Origem_do Pronto Socorro,131139.0641451049,complete,,,do Pronto Socorro,131139.0641451049,,
Patient_387,CTI (PS),131190.41987457426,start,ctiBeds,0.0,,,,
Patient_387,CTI (PS),150621.75903072994,complete,ctiBeds,0.0,,,,
Patient_387,CTI prepara Encaminhamento,150621.75903072994,start,,0.0,,,,
Patient_387,CTI prepara Encaminhamento,150666.74691089612,complete,,0.0,,,,
Patient_387,Encaminha_para a Clinica Cirurgica,150666.74691089612,complete,,,para a Clinica Cirurgica,150666.74691089612,,
Patient_387,Discharge,150666.74691089612,complete,,,,,,19527.68276579122
Patient_388,Arrival,131704.03601270262,complete,,0.0,,,,
Patient_388,Origem_do Pronto Socorro,131704.03601270262,complete,,,do Pronto Socorro,131704.03601270262,,
Patient_388,CTI (PS),131704.03601270262,start,ctiBeds,0.0,,,,
Patient_388,CTI (PS),151577.50889866136,complete,ctiBeds,0.0,,,,
Patient_388,CTI prepara Encaminhamento,151577.50889866136,start,,0.0,,,,
Patient_388,CTI prepara Encaminhamento,151635.58671914635,complete,,0.0,,,,
Patient_388,Encaminha_para a Clinica Medica,151635.58671914635,complete,,,para a Clinica Medica,151635.58671914635,,
Patient_388,Discharge,151635.58671914635,complete,,,,,,19931.550706443726
Patient_389,Arrival,132470.1384233969,complete,,0.0,,,,
Patient_389,Origem_do Pronto Socorro,132470.1384233969,complete,,,do Pronto Socorro,132470.1384233969,,
Patient_389,CTI (PS),132470.1384233969,start,ctiBeds,0.0,,,,
Patient_389,CTI (PS),152962.20236685744,complete,ctiBeds,0.0,,,,
Patient_389,CTI prepara Encaminhamento,152962.20236685744,start,,0.0,,,,
Patient_389,CTI prepara Encaminhamento,152997.60181903717,complete,,0.0,,,,
Patient_389,Encaminha_para a Clinica Medica,152997.60181903717,complete,,,para a Clinica Medica,152997.60181903717,,
Patient_389,Discharge,152997.60181903717,complete,,,,,,20527.463395640283
Patient_39,Arrival,9843.176824546836,complete,,0.0,,,,
Patient_39,Origem_do Centro Cirurgico,9843.176824546836,complete,,,do Centro Cirurgico,9843.176824546836,,
Patient_39,CTI (CC),9843.176824546836,start,ctiBeds,0.0,,,,
Patient_39,CTI (CC),12446.368001394316,complete,ctiBeds,0.0,,,,
Patient_39,CTI prepara Encaminhamento,12446.368001394316,start,,0.0,,,,
Patient_39,CTI prepara Encaminhamento,12496.3947005955,complete,,0.0,,,,
Patient_39,Encaminha_Transferencia Externa,12496.3947005955,complete,,,Transferencia Externa,12496.3947005955,,
Patient_39,Discharge,12496.3947005955,complete,,,,,,2653.217876048664
Patient_390,Arrival,133456.13241507486,complete,,0.0,,,,
Patient_390,Origem_da Maternidade,133456.13241507486,complete,,,da Maternidade,133456.13241507486,,
Patient_390,CTI (MAT),133456.13241507486,start,ctiBeds,0.0,,,,
Patient_390,CTI (MAT),138171.0324059349,complete,ctiBeds,0.0,,,,
Patient_390,CTI prepara Encaminhamento,138171.0324059349,start,,0.0,,,,
Patient_390,CTI prepara Encaminhamento,138210.95750098774,complete,,0.0,,,,
Patient_390,Encaminha_para o Centro Cirurgico,138210.95750098774,complete,,,para o Centro Cirurgico,138210.95750098774,,
Patient_390,Discharge,138210.95750098774,complete,,,,,,4754.825085912889
Patient_391,Arrival,134407.32838846016,complete,,0.0,,,,
Patient_391,Origem_do Centro Cirurgico,134407.32838846016,complete,,,do Centro Cirurgico,134407.32838846016,,
Patient_391,CTI (CC),134407.32838846016,start,ctiBeds,0.0,,,,
Patient_391,CTI (CC),273169.5036178001,complete,ctiBeds,0.0,,,,
Patient_391,CTI prepara Encaminhamento,273169.5036178001,start,,0.0,,,,
Patient_391,CTI prepara Encaminhamento,273227.24574349733,complete,,0.0,,,,
Patient_391,Encaminha_para a Clinica Medica,273227.24574349733,complete,,,para a Clinica Medica,273227.24574349733,,
Patient_391,Discharge,273227.24574349733,complete,,,,,,138819.91735503718
Patient_392,Arrival,134517.6574019534,complete,,0.0,,,,
Patient_392,Origem_do Centro Cirurgico,134517.6574019534,complete,,,do Centro Cirurgico,134517.6574019534,,
Patient_392,CTI (CC),134517.6574019534,start,ctiBeds,0.0,,,,
Patient_392,CTI (CC),136023.99492822285,complete,ctiBeds,0.0,,,,
Patient_392,CTI prepara Encaminhamento,136023.99492822285,start,,0.0,,,,
Patient_392,CTI prepara Encaminhamento,136062.79306345398,complete,,0.0,,,,
Patient_392,Encaminha_para a Clinica Cirurgica,136062.79306345398,complete,,,para a Clinica Cirurgica,136062.79306345398,,
Patient_392,Discharge,136062.79306345398,complete,,,,,,1545.1356615005934
Patient_393,Arrival,134629.13912633137,complete,,0.0,,,,
Patient_393,Origem_da Clinica Medica,134629.13912633137,complete,,,da Clinica Medica,134629.13912633137,,
Patient_393,CTI (CLIM),136023.99492822285,start,ctiBeds,0.0,,,,
Patient_393,CTI (CLIM),140893.6094317963,complete,ctiBeds,0.0,,,,
Patient_393,CTI prepara Encaminhamento,140893.6094317963,start,,0.0,,,,
Patient_393,CTI prepara Encaminhamento,140943.42843950278,complete,,0.0,,,,
Patient_393,Encaminha_para a Clinica Cirurgica,140943.42843950278,complete,,,para a Clinica Cirurgica,140943.42843950278,,
Patient_393,Discharge,140943.42843950278,complete,,,,,,6314.289313171408
Patient_394,Arrival,135009.44866032494,complete,,0.0,,,,
Patient_394,Origem_do Pronto Socorro,135009.44866032494,complete,,,do Pronto Socorro,135009.44866032494,,
Patient_394,CTI (PS),136274.17106660444,start,ctiBeds,0.0,,,,
Patient_394,CTI (PS),138267.73864974664,complete,ctiBeds,0.0,,,,
Patient_394,CTI prepara Encaminhamento,138267.73864974664,start,,0.0,,,,
Patient_394,CTI prepara Encaminhamento,138315.86391620676,complete,,0.0,,,,
Patient_394,Encaminha_para a Clinica Cirurgica,138315.86391620676,complete,,,para a Clinica Cirurgica,138315.86391620676,,
Patient_394,Discharge,138315.86391620676,complete,,,,,,3306.415255881817
Patient_395,Arrival,135524.1704798869,complete,,0.0,,,,
Patient_395,Origem_do Centro Cirurgico,135524.1704798869,complete,,,do Centro Cirurgico,135524.1704798869,,
Patient_395,CTI (CC),136940.04252802118,start,ctiBeds,0.0,,,,
Patient_395,CTI (CC),138284.00731575736,complete,ctiBeds,0.0,,,,
Patient_395,CTI prepara Encaminhamento,138284.00731575736,start,,0.0,,,,
Patient_395,CTI prepara Encaminhamento,138324.09065950144,complete,,0.0,,,,
Patient_395,Encaminha_para a Clinica Cirurgica,138324.09065950144,complete,,,para a Clinica Cirurgica,138324.09065950144,,
Patient_395,Discharge,138324.09065950144,complete,,,,,,2799.9201796145353
Patient_396,Arrival,136263.54687892526,complete,,0.0,,,,
Patient_396,Origem_da Clinica Cirurgica,136263.54687892526,complete,,,da Clinica Cirurgica,136263.54687892526,,
Patient_396,CTI (CLIC),137619.2221337441,start,ctiBeds,0.0,,,,
Patient_396,CTI (CLIC),155755.06842648386,complete,ctiBeds,0.0,,,,
Patient_396,CTI prepara Encaminhamento,155755.06842648386,start,,0.0,,,,
Patient_396,CTI prepara Encaminhamento,155786.34500958034,complete,,0.0,,,,
Patient_396,Encaminha_Obito,155786.34500958034,complete,,,Obito,155786.34500958034,,
Patient_396,Discharge,155786.34500958034,complete,,,,,,19522.79813065508
Patient_397,Arrival,137000.06767249154,complete,,0.0,,,,
Patient_397,Origem_do Pronto Socorro,137000.06767249154,complete,,,do Pronto Socorro,137000.06767249154,,
Patient_397,CTI (PS),138014.09466316956,start,ctiBeds,0.0,,,,
Patient_397,CTI (PS),143363.66397985368,complete,ctiBeds,0.0,,,,
Patient_397,CTI prepara Encaminhamento,143363.66397985368,start,,0.0,,,,
Patient_397,CTI prepara Encaminhamento,143399.80137183817,complete,,0.0,,,,
Patient_397,Encaminha_para a Clinica Medica,143399.80137183817,complete,,,para a Clinica Medica,143399.80137183817,,
Patient_397,Discharge,143399.80137183817,complete,,,,,,6399.733699346631
Patient_398,Arrival,137421.38535100291,complete,,0.0,,,,
Patient_398,Origem_do Pronto Socorro,137421.38535100291,complete,,,do Pronto Socorro,137421.38535100291,,
Patient_398,CTI (PS),138171.0324059349,start,ctiBeds,0.0,,,,
Patient_398,CTI (PS),161505.16852910563,complete,ctiBeds,0.0,,,,
Patient_398,CTI prepara Encaminhamento,161505.16852910563,start,,0.0,,,,
Patient_398,CTI prepara Encaminhamento,161561.61049941412,complete,,0.0,,,,
Patient_398,Encaminha_Obito,161561.61049941412,complete,,,Obito,161561.61049941412,,
Patient_398,Discharge,161561.61049941412,complete,,,,,,24140.225148411206
Patient_399,Arrival,137504.36068894237,complete,,0.0,,,,
Patient_399,Origem_do Pronto Socorro,137504.36068894237,complete,,,do Pronto Socorro,137504.36068894237,,
Patient_399,CTI (PS),138267.73864974664,start,ctiBeds,0.0,,,,
Patient_399,CTI (PS),141696.9100180635,complete,ctiBeds,0.0,,,,
Patient_399,CTI prepara Encaminhamento,141696.9100180635,start,,0.0,,,,
Patient_399,CTI prepara Encaminhamento,141735.63106134738,complete,,0.0,,,,
Patient_399,Encaminha_para a Clinica Cirurgica,141735.63106134738,complete,,,para a Clinica Cirurgica,141735.63106134738,,
Patient_399,Discharge,141735.63106134738,complete,,,,,,4231.270372405008
Patient_4,Arrival,456.1531913313369,complete,,0.0,,,,
Patient_4,Origem_do Centro Cirurgico,456.1531913313369,complete,,,do Centro Cirurgico,456.1531913313369,,
Patient_4,CTI (CC),456.1531913313369,start,ctiBeds,0.0,,,,
Patient_4,CTI (CC),3309.2734726313065,complete,ctiBeds,0.0,,,,
Patient_4,CTI prepara Encaminhamento,3309.2734726313065,start,,0.0,,,,
Patient_4,CTI prepara Encaminhamento,3364.6400453287583,complete,,0.0,,,,
Patient_4,Encaminha_para a Clinica Medica,3364.6400453287583,complete,,,para a Clinica Medica,3364.6400453287583,,
Patient_4,Discharge,3364.6400453287583,complete,,,,,,2908.4868539974213
Patient_40,Arrival,10368.590809347457,complete,,0.0,,,,
Patient_40,Origem_do Centro Cirurgico,10368.590809347457,complete,,,do Centro Cirurgico,10368.590809347457,,
Patient_40,CTI (CC),10368.590809347457,start,ctiBeds,0.0,,,,
Patient_40,CTI (CC),12471.236104349822,complete,ctiBeds,0.0,,,,
Patient_40,CTI prepara Encaminhamento,12471.236104349822,start,,0.0,,,,
Patient_40,CTI prepara Encaminhamento,12505.405721324765,complete,,0.0,,,,
Patient_40,Encaminha_para a Clinica Medica,12505.405721324765,complete,,,para a Clinica Medica,12505.405721324765,,
Patient_40,Discharge,12505.405721324765,complete,,,,,,2136.814911977308
Patient_400,Arrival,138378.42166585056,complete,,0.0,,,,
Patient_400,Origem_da Clinica Cirurgica,138378.42166585056,complete,,,da Clinica Cirurgica,138378.42166585056,,
Patient_400,CTI (CLIC),138378.42166585056,start,ctiBeds,0.0,,,,
Patient_400,CTI (CLIC),153914.71953235468,complete,ctiBeds,0.0,,,,
Patient_400,CTI prepara Encaminhamento,153914.71953235468,start,,0.0,,,,
Patient_400,CTI prepara Encaminhamento,153966.61538304828,complete,,0.0,,,,
Patient_400,Encaminha_para a Clinica Cirurgica,153966.61538304828,complete,,,para a Clinica Cirurgica,153966.61538304828,,
Patient_400,Discharge,153966.61538304828,complete,,,,,,15588.193717197719
Patient_401,Arrival,138458.79388355615,complete,,0.0,,,,
Patient_401,Origem_do Pronto Socorro,138458.79388355615,complete,,,do Pronto Socorro,138458.79388355615,,
Patient_401,CTI (PS),138458.79388355615,start,ctiBeds,0.0,,,,
Patient_401,CTI (PS),158429.54165392838,complete,ctiBeds,0.0,,,,
Patient_401,CTI prepara Encaminhamento,158429.54165392838,start,,0.0,,,,
Patient_401,CTI prepara Encaminhamento,158460.9895089438,complete,,0.0,,,,
Patient_401,Encaminha_para a Clinica Cirurgica,158460.9895089438,complete,,,para a Clinica Cirurgica,158460.9895089438,,
Patient_401,Discharge,158460.9895089438,complete,,,,,,20002.195625387656
Patient_402,Arrival,138510.88948348974,complete,,0.0,,,,
Patient_402,Origem_do Pronto Socorro,138510.88948348974,complete,,,do Pronto Socorro,138510.88948348974,,
Patient_402,CTI (PS),138592.31325869082,start,ctiBeds,0.0,,,,
Patient_402,CTI (PS),146239.07038293255,complete,ctiBeds,0.0,,,,
Patient_402,CTI prepara Encaminhamento,146239.07038293255,start,,0.0,,,,
Patient_402,CTI prepara Encaminhamento,146277.5391223965,complete,,0.0,,,,
Patient_402,Encaminha_para a Clinica Medica,146277.5391223965,complete,,,para a Clinica Medica,146277.5391223965,,
Patient_402,Discharge,146277.5391223965,complete,,,,,,7766.6496389067615
Patient_403,Arrival,138775.00578252587,complete,,0.0,,,,
Patient_403,Origem_do Pronto Socorro,138775.00578252587,complete,,,do Pronto Socorro,138775.00578252587,,
Patient_403,CTI (PS),138775.00578252587,start,ctiBeds,0.0,,,,
Patient_403,CTI (PS),144409.55659919363,complete,ctiBeds,0.0,,,,
Patient_403,CTI prepara Encaminhamento,144409.55659919363,start,,0.0,,,,
Patient_403,CTI prepara Encaminhamento,144459.98983957808,complete,,0.0,,,,
Patient_403,Encaminha_Obito,144459.98983957808,complete,,,Obito,144459.98983957808,,
Patient_403,Discharge,144459.98983957808,complete,,,,,,5684.9840570522065
Patient_404,Arrival,139155.88937916319,complete,,0.0,,,,
Patient_404,Origem_do Pronto Socorro,139155.88937916319,complete,,,do Pronto Socorro,139155.88937916319,,
Patient_404,CTI (PS),139155.88937916319,start,ctiBeds,0.0,,,,
Patient_404,CTI (PS),172437.383202362,complete,ctiBeds,0.0,,,,
Patient_404,CTI prepara Encaminhamento,172437.383202362,start,,0.0,,,,
Patient_404,CTI prepara Encaminhamento,172475.75778617983,complete,,0.0,,,,
Patient_404,Encaminha_para a Clinica Cirurgica,172475.75778617983,complete,,,para a Clinica Cirurgica,172475.75778617983,,
Patient_404,Discharge,172475.75778617983,complete,,,,,,33319.86840701665
Patient_405,Arrival,139302.3955979141,complete,,0.0,,,,
Patient_405,Origem_do Pronto Socorro,139302.3955979141,complete,,,do Pronto Socorro,139302.3955979141,,
Patient_405,CTI (PS),139302.3955979141,start,ctiBeds,0.0,,,,
Patient_405,CTI (PS),152765.14188373592,complete,ctiBeds,0.0,,,,
Patient_405,CTI prepara Encaminhamento,152765.14188373592,start,,0.0,,,,
Patient_405,CTI prepara Encaminhamento,152802.42853267657,complete,,0.0,,,,
Patient_405,Encaminha_para a Clinica Medica,152802.42853267657,complete,,,para a Clinica Medica,152802.42853267657,,
Patient_405,Discharge,152802.42853267657,complete,,,,,,13500.03293476248
Patient_406,Arrival,139600.17306527897,complete,,0.0,,,,
Patient_406,Origem_da Clinica Medica,139600.17306527897,complete,,,da Clinica Medica,139600.17306527897,,
Patient_406,CTI (CLIM),139600.17306527897,start,ctiBeds,0.0,,,,
Patient_406,CTI (CLIM),156833.07267514334,complete,ctiBeds,0.0,,,,
Patient_406,CTI prepara Encaminhamento,156833.07267514334,start,,0.0,,,,
Patient_406,CTI prepara Encaminhamento,156887.80975536114,complete,,0.0,,,,
Patient_406,Encaminha_para o Centro Cirurgico,156887.80975536114,complete,,,para o Centro Cirurgico,156887.80975536114,,
Patient_406,Discharge,156887.80975536114,complete,,,,,,17287.636690082174
Patient_407,Arrival,140545.7052580698,complete,,0.0,,,,
Patient_407,Origem_do Pronto Socorro,140545.7052580698,complete,,,do Pronto Socorro,140545.7052580698,,
Patient_407,CTI (PS),140893.6094317963,start,ctiBeds,0.0,,,,
Patient_407,CTI (PS),146046.505431014,complete,ctiBeds,0.0,,,,
Patient_407,CTI prepara Encaminhamento,146046.505431014,start,,0.0,,,,
Patient_407,CTI prepara Encaminhamento,146099.498173565,complete,,0.0,,,,
Patient_407,Encaminha_para a Clinica Medica,146099.498173565,complete,,,para a Clinica Medica,146099.498173565,,
Patient_407,Discharge,146099.498173565,complete,,,,,,5553.7929154952
Patient_408,Arrival,140628.65223081817,complete,,0.0,,,,
Patient_408,Origem_do Pronto Socorro,140628.65223081817,complete,,,do Pronto Socorro,140628.65223081817,,
Patient_408,CTI (PS),141265.9158470553,start,ctiBeds,0.0,,,,
Patient_408,CTI (PS),141651.58368554275,complete,ctiBeds,0.0,,,,
Patient_408,CTI prepara Encaminhamento,141651.58368554275,start,,0.0,,,,
Patient_408,CTI prepara Encaminhamento,141690.26427267198,complete,,0.0,,,,
Patient_408,Encaminha_para a Clinica Medica,141690.26427267198,complete,,,para a Clinica Medica,141690.26427267198,,
Patient_408,Discharge,141690.26427267198,complete,,,,,,1061.6120418538048
Patient_409,Arrival,140685.8180557484,complete,,0.0,,,,
Patient_409,Origem_do Centro Cirurgico,140685.8180557484,complete,,,do Centro Cirurgico,140685.8180557484,,
Patient_409,CTI (CC),141651.58368554275,start,ctiBeds,0.0,,,,
Patient_409,CTI (CC),199812.98177846608,complete,ctiBeds,0.0,,,,
Patient_409,CTI prepara Encaminhamento,199812.98177846608,start,,0.0,,,,
Patient_409,CTI prepara Encaminhamento,199846.1537136987,complete,,0.0,,,,
Patient_409,Encaminha_Obito,199846.1537136987,complete,,,Obito,199846.1537136987,,
Patient_409,Discharge,199846.1537136987,complete,,,,,,59160.335657950316
Patient_41,Arrival,10671.146297603533,complete,,0.0,,,,
Patient_41,Origem_da Clinica Cirurgica,10671.146297603533,complete,,,da Clinica Cirurgica,10671.146297603533,,
Patient_41,CTI (CLIC),10671.146297603533,start,ctiBeds,0.0,,,,
Patient_41,CTI (CLIC),11782.940028992565,complete,ctiBeds,0.0,,,,
Patient_41,CTI prepara Encaminhamento,11782.940028992565,start,,0.0,,,,
Patient_41,CTI prepara Encaminhamento,11825.2586734147,complete,,0.0,,,,
Patient_41,Encaminha_para a Clinica Cirurgica,11825.2586734147,complete,,,para a Clinica Cirurgica,11825.2586734147,,
Patient_41,Discharge,11825.2586734147,complete,,,,,,1154.112375811168
Patient_410,Arrival,140745.0005809637,complete,,0.0,,,,
Patient_410,Origem_do Centro Cirurgico,140745.0005809637,complete,,,do Centro Cirurgico,140745.0005809637,,
Patient_410,CTI (CC),141696.9100180635,start,ctiBeds,0.0,,,,
Patient_410,CTI (CC),147671.766935517,complete,ctiBeds,0.0,,,,
Patient_410,CTI prepara Encaminhamento,147671.766935517,start,,0.0,,,,
Patient_410,CTI prepara Encaminhamento,147721.4615657457,complete,,0.0,,,,
Patient_410,Encaminha_para a Clinica Medica,147721.4615657457,complete,,,para a Clinica Medica,147721.4615657457,,
Patient_410,Discharge,147721.4615657457,complete,,,,,,6976.460984781996
Patient_411,Arrival,140830.46455628937,complete,,0.0,,,,
Patient_411,Origem_do Centro Cirurgico,140830.46455628937,complete,,,do Centro Cirurgico,140830.46455628937,,
Patient_411,CTI (CC),143363.66397985368,start,ctiBeds,0.0,,,,
Patient_411,CTI (CC),163668.29842592223,complete,ctiBeds,0.0,,,,
Patient_411,CTI prepara Encaminhamento,163668.29842592223,start,,0.0,,,,
Patient_411,CTI prepara Encaminhamento,163703.51298331606,complete,,0.0,,,,
Patient_411,Encaminha_para a Clinica Cirurgica,163703.51298331606,complete,,,para a Clinica Cirurgica,163703.51298331606,,
Patient_411,Discharge,163703.51298331606,complete,,,,,,22873.04842702669
Patient_412,Arrival,141117.63615379494,complete,,0.0,,,,
Patient_412,Origem_do Centro Cirurgico,141117.63615379494,complete,,,do Centro Cirurgico,141117.63615379494,,
Patient_412,CTI (CC),144409.55659919363,start,ctiBeds,0.0,,,,
Patient_412,CTI (CC),148267.52650664482,complete,ctiBeds,0.0,,,,
Patient_412,CTI prepara Encaminhamento,148267.52650664482,start,,0.0,,,,
Patient_412,CTI prepara Encaminhamento,148306.47163861184,complete,,0.0,,,,
Patient_412,Encaminha_Obito,148306.47163861184,complete,,,Obito,148306.47163861184,,
Patient_412,Discharge,148306.47163861184,complete,,,,,,7188.8354848168965
Patient_413,Arrival,141889.3098344673,complete,,0.0,,,,
Patient_413,Origem_do Centro Cirurgico,141889.3098344673,complete,,,do Centro Cirurgico,141889.3098344673,,
Patient_413,CTI (CC),144919.51366657385,start,ctiBeds,0.0,,,,
Patient_413,CTI (CC),165051.82289955943,complete,ctiBeds,0.0,,,,
Patient_413,CTI prepara Encaminhamento,165051.82289955943,start,,0.0,,,,
Patient_413,CTI prepara Encaminhamento,165102.2050328104,complete,,0.0,,,,
Patient_413,Encaminha_para a Clinica Cirurgica,165102.2050328104,complete,,,para a Clinica Cirurgica,165102.2050328104,,
Patient_413,Discharge,165102.2050328104,complete,,,,,,23212.89519834309
Patient_414,Arrival,142470.83937180557,complete,,0.0,,,,
Patient_414,Origem_do Pronto Socorro,142470.83937180557,complete,,,do Pronto Socorro,142470.83937180557,,
Patient_414,CTI (PS),145612.21816564823,start,ctiBeds,0.0,,,,
Patient_414,CTI (PS),171743.40480214532,complete,ctiBeds,0.0,,,,
Patient_414,CTI prepara Encaminhamento,171743.40480214532,start,,0.0,,,,
Patient_414,CTI prepara Encaminhamento,171792.94006720802,complete,,0.0,,,,
Patient_414,Encaminha_para a Clinica Cirurgica,171792.94006720802,complete,,,para a Clinica Cirurgica,171792.94006720802,,
Patient_414,Discharge,171792.94006720802,complete,,,,,,29322.10069540245
Patient_415,Arrival,142698.72368054336,complete,,0.0,,,,
Patient_415,Origem_do Pronto Socorro,142698.72368054336,complete,,,do Pronto Socorro,142698.72368054336,,
Patient_415,CTI (PS),146046.505431014,start,ctiBeds,0.0,,,,
Patient_415,CTI (PS),175476.68652256357,complete,ctiBeds,0.0,,,,
Patient_415,CTI prepara Encaminhamento,175476.68652256357,start,,0.0,,,,
Patient_415,CTI prepara Encaminhamento,175512.58022443642,complete,,0.0,,,,
Patient_415,Encaminha_Obito,175512.58022443642,complete,,,Obito,175512.58022443642,,
Patient_415,Discharge,175512.58022443642,complete,,,,,,32813.85654389305
Patient_416,Arrival,142721.2962683167,complete,,0.0,,,,
Patient_416,Origem_do Pronto Socorro,142721.2962683167,complete,,,do Pronto Socorro,142721.2962683167,,
Patient_416,CTI (PS),146239.07038293255,start,ctiBeds,0.0,,,,
Patient_416,CTI (PS),151780.7160945901,complete,ctiBeds,0.0,,,,
Patient_416,CTI prepara Encaminhamento,151780.7160945901,start,,0.0,,,,
Patient_416,CTI prepara Encaminhamento,151825.48041384414,complete,,0.0,,,,
Patient_416,Encaminha_para a Clinica Medica,151825.48041384414,complete,,,para a Clinica Medica,151825.48041384414,,
Patient_416,Discharge,151825.48041384414,complete,,,,,,9104.184145527426
Patient_417,Arrival,143383.49693148548,complete,,0.0,,,,
Patient_417,Origem_do Centro Cirurgico,143383.49693148548,complete,,,do Centro Cirurgico,143383.49693148548,,
Patient_417,CTI (CC),146747.77383729644,start,ctiBeds,0.0,,,,
Patient_417,CTI (CC),153611.25424012658,complete,ctiBeds,0.0,,,,
Patient_417,CTI prepara Encaminhamento,153611.25424012658,start,,0.0,,,,
Patient_417,CTI prepara Encaminhamento,153648.73401694497,complete,,0.0,,,,
Patient_417,Encaminha_para a Clinica Medica,153648.73401694497,complete,,,para a Clinica Medica,153648.73401694497,,
Patient_417,Discharge,153648.73401694497,complete,,,,,,10265.237085459492
Patient_418,Arrival,144060.30586697426,complete,,0.0,,,,
Patient_418,Origem_do Centro Cirurgico,144060.30586697426,complete,,,do Centro Cirurgico,144060.30586697426,,
Patient_418,CTI (CC),147671.766935517,start,ctiBeds,0.0,,,,
Patient_418,CTI (CC),149617.08164897808,complete,ctiBeds,0.0,,,,
Patient_418,CTI prepara Encaminhamento,149617.08164897808,start,,0.0,,,,
Patient_418,CTI prepara Encaminhamento,149661.74335313408,complete,,0.0,,,,
Patient_418,Encaminha_para a Clinica Cirurgica,149661.74335313408,complete,,,para a Clinica Cirurgica,149661.74335313408,,
Patient_418,Discharge,149661.74335313408,complete,,,,,,5601.437486159819
Patient_419,Arrival,147462.31856393995,complete,,0.0,,,,
Patient_419,Origem_do Centro Cirurgico,147462.31856393995,complete,,,do Centro Cirurgico,147462.31856393995,,
Patient_419,CTI (CC),148267.52650664482,start,ctiBeds,0.0,,,,
Patient_419,CTI (CC),157825.02629190416,complete,ctiBeds,0.0,,,,
Patient_419,CTI prepara Encaminhamento,157825.02629190416,start,,0.0,,,,
Patient_419,CTI prepara Encaminhamento,157877.3355142626,complete,,0.0,,,,
Patient_419,Encaminha_para a Clinica Medica,157877.3355142626,complete,,,para a Clinica Medica,157877.3355142626,,
Patient_419,Discharge,157877.3355142626,complete,,,,,,10415.016950322664
Patient_42,Arrival,10718.553043007447,complete,,0.0,,,,
Patient_42,Origem_do Pronto Socorro,10718.553043007447,complete,,,do Pronto Socorro,10718.553043007447,,
Patient_42,CTI (PS),10718.553043007447,start,ctiBeds,0.0,,,,
Patient_42,CTI (PS),23270.544110887768,complete,ctiBeds,0.0,,,,
Patient_42,CTI prepara Encaminhamento,23270.544110887768,start,,0.0,,,,
Patient_42,CTI prepara Encaminhamento,23322.362980275433,complete,,0.0,,,,
Patient_42,Encaminha_Transferencia Externa,23322.362980275433,complete,,,Transferencia Externa,23322.362980275433,,
Patient_42,Discharge,23322.362980275433,complete,,,,,,12603.809937267986
Patient_420,Arrival,148172.882619058,complete,,0.0,,,,
Patient_420,Origem_da Maternidade,148172.882619058,complete,,,da Maternidade,148172.882619058,,
Patient_420,CTI (MAT),148672.65977659755,start,ctiBeds,0.0,,,,
Patient_420,CTI (MAT),150888.07664772245,complete,ctiBeds,0.0,,,,
Patient_420,CTI prepara Encaminhamento,150888.07664772245,start,,0.0,,,,
Patient_420,CTI prepara Encaminhamento,150922.16131121796,complete,,0.0,,,,
Patient_420,Encaminha_para a Clinica Cirurgica,150922.16131121796,complete,,,para a Clinica Cirurgica,150922.16131121796,,
Patient_420,Discharge,150922.16131121796,complete,,,,,,2749.2786921599763
Patient_421,Arrival,148803.2354497461,complete,,0.0,,,,
Patient_421,Origem_da Clinica Medica,148803.2354497461,complete,,,da Clinica Medica,148803.2354497461,,
Patient_421,CTI (CLIM),148871.7039942025,start,ctiBeds,0.0,,,,
Patient_421,CTI (CLIM),154176.61555972244,complete,ctiBeds,0.0,,,,
Patient_421,CTI prepara Encaminhamento,154176.61555972244,start,,0.0,,,,
Patient_421,CTI prepara Encaminhamento,154210.5333178519,complete,,0.0,,,,
Patient_421,Encaminha_para a Clinica Cirurgica,154210.5333178519,complete,,,para a Clinica Cirurgica,154210.5333178519,,
Patient_421,Discharge,154210.5333178519,complete,,,,,,5407.297868105787
Patient_422,Arrival,149279.85349772536,complete,,0.0,,,,
Patient_422,Origem_do Pronto Socorro,149279.85349772536,complete,,,do Pronto Socorro,149279.85349772536,,
Patient_422,CTI (PS),149617.08164897808,start,ctiBeds,0.0,,,,
Patient_422,CTI (PS),152731.18663207177,complete,ctiBeds,0.0,,,,
Patient_422,CTI prepara Encaminhamento,152731.18663207177,start,,0.0,,,,
Patient_422,CTI prepara Encaminhamento,152782.50595542544,complete,,0.0,,,,
Patient_422,Encaminha_para a Clinica Cirurgica,152782.50595542544,complete,,,para a Clinica Cirurgica,152782.50595542544,,
Patient_422,Discharge,152782.50595542544,complete,,,,,,3502.652457700082
Patient_423,Arrival,149288.7113794676,complete,,0.0,,,,
Patient_423,Origem_da Clinica Cirurgica,149288.7113794676,complete,,,da Clinica Cirurgica,149288.7113794676,,
Patient_423,CTI (CLIC),150621.75903072994,start,ctiBeds,0.0,,,,
Patient_423,CTI (CLIC),167815.03807587488,complete,ctiBeds,0.0,,,,
Patient_423,CTI prepara Encaminhamento,167815.03807587488,start,,0.0,,,,
Patient_423,CTI prepara Encaminhamento,167861.0808054851,complete,,0.0,,,,
Patient_423,Encaminha_para a Clinica Medica,167861.0808054851,complete,,,para a Clinica Medica,167861.0808054851,,
Patient_423,Discharge,167861.0808054851,complete,,,,,,18572.36942601751
Patient_424,Arrival,150288.38267996028,complete,,0.0,,,,
Patient_424,Origem_do Centro Cirurgico,150288.38267996028,complete,,,do Centro Cirurgico,150288.38267996028,,
Patient_424,CTI (CC),150888.07664772245,start,ctiBeds,0.0,,,,
Patient_424,CTI (CC),156473.21705343935,complete,ctiBeds,0.0,,,,
Patient_424,CTI prepara Encaminhamento,156473.21705343935,start,,0.0,,,,
Patient_424,CTI prepara Encaminhamento,156511.48636742227,complete,,0.0,,,,
Patient_424,Encaminha_para o Centro Cirurgico,156511.48636742227,complete,,,para o Centro Cirurgico,156511.48636742227,,
Patient_424,Discharge,156511.48636742227,complete,,,,,,6223.1036874619895
Patient_425,Arrival,150614.77879517313,complete,,0.0,,,,
Patient_425,Origem_do Centro Cirurgico,150614.77879517313,complete,,,do Centro Cirurgico,150614.77879517313,,
Patient_425,CTI (CC),151577.50889866136,start,ctiBeds,0.0,,,,
Patient_425,CTI (CC),155134.66466963352,complete,ctiBeds,0.0,,,,
Patient_425,CTI prepara Encaminhamento,155134.66466963352,start,,0.0,,,,
Patient_425,CTI prepara Encaminhamento,155184.04200489304,complete,,0.0,,,,
Patient_425,Encaminha_Obito,155184.04200489304,complete,,,Obito,155184.04200489304,,
Patient_425,Discharge,155184.04200489304,complete,,,,,,4569.263209719909
Patient_426,Arrival,150659.5893409061,complete,,0.0,,,,
Patient_426,Origem_do Centro Cirurgico,150659.5893409061,complete,,,do Centro Cirurgico,150659.5893409061,,
Patient_426,CTI (CC),151659.66192921856,start,ctiBeds,0.0,,,,
Patient_426,CTI (CC),152586.04879617566,complete,ctiBeds,0.0,,,,
Patient_426,CTI prepara Encaminhamento,152586.04879617566,start,,0.0,,,,
Patient_426,CTI prepara Encaminhamento,152622.5778687717,complete,,0.0,,,,
Patient_426,Encaminha_Obito,152622.5778687717,complete,,,Obito,152622.5778687717,,
Patient_426,Discharge,152622.5778687717,complete,,,,,,1962.9885278656147
Patient_427,Arrival,150681.86955256946,complete,,0.0,,,,
Patient_427,Origem_da Clinica Cirurgica,150681.86955256946,complete,,,da Clinica Cirurgica,150681.86955256946,,
Patient_427,CTI (CLIC),151780.7160945901,start,ctiBeds,0.0,,,,
Patient_427,CTI (CLIC),151797.448810453,complete,ctiBeds,0.0,,,,
Patient_427,CTI prepara Encaminhamento,151797.448810453,start,,0.0,,,,
Patient_427,CTI prepara Encaminhamento,151842.71209534843,complete,,0.0,,,,
Patient_427,Encaminha_para a Clinica Medica,151842.71209534843,complete,,,para a Clinica Medica,151842.71209534843,,
Patient_427,Discharge,151842.71209534843,complete,,,,,,1160.8425427789625
Patient_428,Arrival,151402.0486346511,complete,,0.0,,,,
Patient_428,Origem_do Pronto Socorro,151402.0486346511,complete,,,do Pronto Socorro,151402.0486346511,,
Patient_428,CTI (PS),151797.448810453,start,ctiBeds,0.0,,,,
Patient_428,CTI (PS),169481.37452616694,complete,ctiBeds,0.0,,,,
Patient_428,CTI prepara Encaminhamento,169481.37452616694,start,,0.0,,,,
Patient_428,CTI prepara Encaminhamento,169515.56686282865,complete,,0.0,,,,
Patient_428,Encaminha_Obito,169515.56686282865,complete,,,Obito,169515.56686282865,,
Patient_428,Discharge,169515.56686282865,complete,,,,,,18113.518228177563
Patient_429,Arrival,151581.20971359877,complete,,0.0,,,,
Patient_429,Origem_do Centro Cirurgico,151581.20971359877,complete,,,do Centro Cirurgico,151581.20971359877,,
Patient_429,CTI (CC),152586.04879617566,start,ctiBeds,0.0,,,,
Patient_429,CTI (CC),163238.36823981997,complete,ctiBeds,0.0,,,,
Patient_429,CTI prepara Encaminhamento,163238.36823981997,start,,0.0,,,,
Patient_429,CTI prepara Encaminhamento,163276.50664660704,complete,,0.0,,,,
Patient_429,Encaminha_para a Clinica Medica,163276.50664660704,complete,,,para a Clinica Medica,163276.50664660704,,
Patient_429,Discharge,163276.50664660704,complete,,,,,,11695.29693300827
Patient_43,Arrival,10759.592231569837,complete,,0.0,,,,
Patient_43,Origem_do Pronto Socorro,10759.592231569837,complete,,,do Pronto Socorro,10759.592231569837,,
Patient_43,CTI (PS),10759.592231569837,start,ctiBeds,0.0,,,,
Patient_43,CTI (PS),45633.778690384366,complete,ctiBeds,0.0,,,,
Patient_43,CTI prepara Encaminhamento,45633.778690384366,start,,0.0,,,,
Patient_43,CTI prepara Encaminhamento,45687.36028354499,complete,,0.0,,,,
Patient_43,Encaminha_para a Clinica Cirurgica,45687.36028354499,complete,,,para a Clinica Cirurgica,45687.36028354499,,
Patient_43,Discharge,45687.36028354499,complete,,,,,,34927.76805197516
Patient_430,Arrival,151634.07267078295,complete,,0.0,,,,
Patient_430,Origem_do Pronto Socorro,151634.07267078295,complete,,,do Pronto Socorro,151634.07267078295,,
Patient_430,CTI (PS),152731.18663207177,start,ctiBeds,0.0,,,,
Patient_430,CTI (PS),162596.4234118859,complete,ctiBeds,0.0,,,,
Patient_430,CTI prepara Encaminhamento,162596.4234118859,start,,0.0,,,,
Patient_430,CTI prepara Encaminhamento,162633.4828928549,complete,,0.0,,,,
Patient_430,Encaminha_para a Clinica Cirurgica,162633.4828928549,complete,,,para a Clinica Cirurgica,162633.4828928549,,
Patient_430,Discharge,162633.4828928549,complete,,,,,,10999.41022207195
Patient_431,Arrival,151812.631245288,complete,,0.0,,,,
Patient_431,Origem_do Pronto Socorro,151812.631245288,complete,,,do Pronto Socorro,151812.631245288,,
Patient_431,CTI (PS),152765.14188373592,start,ctiBeds,0.0,,,,
Patient_431,CTI (PS),156872.21954112838,complete,ctiBeds,0.0,,,,
Patient_431,CTI prepara Encaminhamento,156872.21954112838,start,,0.0,,,,
Patient_431,CTI prepara Encaminhamento,156922.9495123712,complete,,0.0,,,,
Patient_431,Encaminha_Transferencia Externa,156922.9495123712,complete,,,Transferencia Externa,156922.9495123712,,
Patient_431,Discharge,156922.9495123712,complete,,,,,,5110.318267083203
Patient_432,Arrival,152349.9942211067,complete,,0.0,,,,
Patient_432,Origem_do Centro Cirurgico,152349.9942211067,complete,,,do Centro Cirurgico,152349.9942211067,,
Patient_432,CTI (CC),152962.20236685744,start,ctiBeds,0.0,,,,
Patient_432,CTI (CC),162500.34811409528,complete,ctiBeds,0.0,,,,
Patient_432,CTI prepara Encaminhamento,162500.34811409528,start,,0.0,,,,
Patient_432,CTI prepara Encaminhamento,162544.82634189236,complete,,0.0,,,,
Patient_432,Encaminha_para a Clinica Cirurgica,162544.82634189236,complete,,,para a Clinica Cirurgica,162544.82634189236,,
Patient_432,Discharge,162544.82634189236,complete,,,,,,10194.832120785664
Patient_433,Arrival,152975.63767168715,complete,,0.0,,,,
Patient_433,Origem_do Pronto Socorro,152975.63767168715,complete,,,do Pronto Socorro,152975.63767168715,,
Patient_433,CTI (PS),153489.53384056807,start,ctiBeds,0.0,,,,
Patient_433,CTI (PS),158031.12604465056,complete,ctiBeds,0.0,,,,
Patient_433,CTI prepara Encaminhamento,158031.12604465056,start,,0.0,,,,
Patient_433,CTI prepara Encaminhamento,158086.23919265292,complete,,0.0,,,,
Patient_433,Encaminha_Transferencia Externa,158086.23919265292,complete,,,Transferencia Externa,158086.23919265292,,
Patient_433,Discharge,158086.23919265292,complete,,,,,,5110.601520965778
Patient_434,Arrival,153231.5791647804,complete,,0.0,,,,
Patient_434,Origem_do Centro Cirurgico,153231.5791647804,complete,,,do Centro Cirurgico,153231.5791647804,,
Patient_434,CTI (CC),153554.3049407404,start,ctiBeds,0.0,,,,
Patient_434,CTI (CC),179532.657520256,complete,ctiBeds,0.0,,,,
Patient_434,CTI prepara Encaminhamento,179532.657520256,start,,0.0,,,,
Patient_434,CTI prepara Encaminhamento,179575.80757919894,complete,,0.0,,,,
Patient_434,Encaminha_para a Clinica Cirurgica,179575.80757919894,complete,,,para a Clinica Cirurgica,179575.80757919894,,
Patient_434,Discharge,179575.80757919894,complete,,,,,,26344.228414418525
Patient_435,Arrival,154175.11817039998,complete,,0.0,,,,
Patient_435,Origem_do Centro Cirurgico,154175.11817039998,complete,,,do Centro Cirurgico,154175.11817039998,,
Patient_435,CTI (CC),154175.11817039998,start,ctiBeds,0.0,,,,
Patient_435,CTI (CC),157783.28847026822,complete,ctiBeds,0.0,,,,
Patient_435,CTI prepara Encaminhamento,157783.28847026822,start,,0.0,,,,
Patient_435,CTI prepara Encaminhamento,157840.4664220325,complete,,0.0,,,,
Patient_435,Encaminha_para a Clinica Medica,157840.4664220325,complete,,,para a Clinica Medica,157840.4664220325,,
Patient_435,Discharge,157840.4664220325,complete,,,,,,3665.348251632531
Patient_436,Arrival,155472.45437441443,complete,,0.0,,,,
Patient_436,Origem_do Centro Cirurgico,155472.45437441443,complete,,,do Centro Cirurgico,155472.45437441443,,
Patient_436,CTI (CC),155472.45437441443,start,ctiBeds,0.0,,,,
Patient_436,CTI (CC),162068.97026654403,complete,ctiBeds,0.0,,,,
Patient_436,CTI prepara Encaminhamento,162068.97026654403,start,,0.0,,,,
Patient_436,CTI prepara Encaminhamento,162126.7544768488,complete,,0.0,,,,
Patient_436,Encaminha_para a Clinica Medica,162126.7544768488,complete,,,para a Clinica Medica,162126.7544768488,,
Patient_436,Discharge,162126.7544768488,complete,,,,,,6654.300102434354
Patient_437,Arrival,156061.4908913544,complete,,0.0,,,,
Patient_437,Origem_da Clinica Cirurgica,156061.4908913544,complete,,,da Clinica Cirurgica,156061.4908913544,,
Patient_437,CTI (CLIC),156061.4908913544,start,ctiBeds,0.0,,,,
Patient_437,CTI (CLIC),165428.2958306178,complete,ctiBeds,0.0,,,,
Patient_437,CTI prepara Encaminhamento,165428.2958306178,start,,0.0,,,,
Patient_437,CTI prepara Encaminhamento,165483.6537150068,complete,,0.0,,,,
Patient_437,Encaminha_para a Clinica Cirurgica,165483.6537150068,complete,,,para a Clinica Cirurgica,165483.6537150068,,
Patient_437,Discharge,165483.6537150068,complete,,,,,,9422.162823652412
Patient_438,Arrival,156125.0567831873,complete,,0.0,,,,
Patient_438,Origem_do Pronto Socorro,156125.0567831873,complete,,,do Pronto Socorro,156125.0567831873,,
Patient_438,CTI (PS),156125.0567831873,start,ctiBeds,0.0,,,,
Patient_438,CTI (PS),175890.26786880338,complete,ctiBeds,0.0,,,,
Patient_438,CTI prepara Encaminhamento,175890.26786880338,start,,0.0,,,,
Patient_438,CTI prepara Encaminhamento,175947.70986336685,complete,,0.0,,,,
Patient_438,Encaminha_para a Clinica Medica,175947.70986336685,complete,,,para a Clinica Medica,175947.70986336685,,
Patient_438,Discharge,175947.70986336685,complete,,,,,,19822.65308017956
Patient_439,Arrival,156147.98835956256,complete,,0.0,,,,
Patient_439,Origem_do Centro Cirurgico,156147.98835956256,complete,,,do Centro Cirurgico,156147.98835956256,,
Patient_439,CTI (CC),156147.98835956256,start,ctiBeds,0.0,,,,
Patient_439,CTI (CC),293224.21667339734,complete,ctiBeds,0.0,,,,
Patient_439,CTI prepara Encaminhamento,293224.21667339734,start,,0.0,,,,
Patient_439,CTI prepara Encaminhamento,293261.1344451821,complete,,0.0,,,,
Patient_439,Encaminha_para a Clinica Cirurgica,293261.1344451821,complete,,,para a Clinica Cirurgica,293261.1344451821,,
Patient_439,Discharge,293261.1344451821,complete,,,,,,137113.14608561955
Patient_44,Arrival,11078.250562947023,complete,,0.0,,,,
Patient_44,Origem_do Pronto Socorro,11078.250562947023,complete,,,do Pronto Socorro,11078.250562947023,,
Patient_44,CTI (PS),11078.250562947023,start,ctiBeds,0.0,,,,
Patient_44,CTI (PS),24327.373498944515,complete,ctiBeds,0.0,,,,
Patient_44,CTI prepara Encaminhamento,24327.373498944515,start,,0.0,,,,
Patient_44,CTI prepara Encaminhamento,24382.06771401807,complete,,0.0,,,,
Patient_44,Encaminha_Obito,24382.06771401807,complete,,,Obito,24382.06771401807,,
Patient_44,Discharge,24382.06771401807,complete,,,,,,13303.817151071047
Patient_440,Arrival,156150.3499300645,complete,,0.0,,,,
Patient_440,Origem_do Pronto Socorro,156150.3499300645,complete,,,do Pronto Socorro,156150.3499300645,,
Patient_440,CTI (PS),156473.21705343935,start,ctiBeds,0.0,,,,
Patient_440,CTI (PS),161706.17571314494,complete,ctiBeds,0.0,,,,
Patient_440,CTI prepara Encaminhamento,161706.17571314494,start,,0.0,,,,
Patient_440,CTI prepara Encaminhamento,161750.79924314618,complete,,0.0,,,,
Patient_440,Encaminha_Transferencia Externa,161750.79924314618,complete,,,Transferencia Externa,161750.79924314618,,
Patient_440,Discharge,161750.79924314618,complete,,,,,,5600.4493130816845
Patient_441,Arrival,156199.91842807108,complete,,0.0,,,,
Patient_441,Origem_da Clinica Cirurgica,156199.91842807108,complete,,,da Clinica Cirurgica,156199.91842807108,,
Patient_441,CTI (CLIC),156833.07267514334,start,ctiBeds,0.0,,,,
Patient_441,CTI (CLIC),162283.59552427958,complete,ctiBeds,0.0,,,,
Patient_441,CTI prepara Encaminhamento,162283.59552427958,start,,0.0,,,,
Patient_441,CTI prepara Encaminhamento,162317.25386510027,complete,,0.0,,,,
Patient_441,Encaminha_Obito,162317.25386510027,complete,,,Obito,162317.25386510027,,
Patient_441,Discharge,162317.25386510027,complete,,,,,,6117.335437029193
Patient_442,Arrival,156771.01261882915,complete,,0.0,,,,
Patient_442,Origem_do Centro Cirurgico,156771.01261882915,complete,,,do Centro Cirurgico,156771.01261882915,,
Patient_442,CTI (CC),156872.21954112838,start,ctiBeds,0.0,,,,
Patient_442,CTI (CC),217786.56712509837,complete,ctiBeds,0.0,,,,
Patient_442,CTI prepara Encaminhamento,217786.56712509837,start,,0.0,,,,
Patient_442,CTI prepara Encaminhamento,217820.29274051872,complete,,0.0,,,,
Patient_442,Encaminha_Obito,217820.29274051872,complete,,,Obito,217820.29274051872,,
Patient_442,Discharge,217820.29274051872,complete,,,,,,61049.280121689575
Patient_443,Arrival,156945.06339304827,complete,,0.0,,,,
Patient_443,Origem_da Maternidade,156945.06339304827,complete,,,da Maternidade,156945.06339304827,,
Patient_443,CTI (MAT),157604.21404313695,start,ctiBeds,0.0,,,,
Patient_443,CTI (MAT),163512.87021931607,complete,ctiBeds,0.0,,,,
Patient_443,CTI prepara Encaminhamento,163512.87021931607,start,,0.0,,,,
Patient_443,CTI prepara Encaminhamento,163566.52097716802,complete,,0.0,,,,
Patient_443,Encaminha_para a Clinica Medica,163566.52097716802,complete,,,para a Clinica Medica,163566.52097716802,,
Patient_443,Discharge,163566.52097716802,complete,,,,,,6621.457584119751
Patient_444,Arrival,157095.72198820926,complete,,0.0,,,,
Patient_444,Origem_do Pronto Socorro,157095.72198820926,complete,,,do Pronto Socorro,157095.72198820926,,
Patient_444,CTI (PS),157783.28847026822,start,ctiBeds,0.0,,,,
Patient_444,CTI (PS),162792.94411693775,complete,ctiBeds,0.0,,,,
Patient_444,CTI prepara Encaminhamento,162792.94411693775,start,,0.0,,,,
Patient_444,CTI prepara Encaminhamento,162842.53393582292,complete,,0.0,,,,
Patient_444,Encaminha_Obito,162842.53393582292,complete,,,Obito,162842.53393582292,,
Patient_444,Discharge,162842.53393582292,complete,,,,,,5746.8119476136635
Patient_445,Arrival,157629.51852097944,complete,,0.0,,,,
Patient_445,Origem_do Pronto Socorro,157629.51852097944,complete,,,do Pronto Socorro,157629.51852097944,,
Patient_445,CTI (PS),157825.02629190416,start,ctiBeds,0.0,,,,
Patient_445,CTI (PS),168340.66266981434,complete,ctiBeds,0.0,,,,
Patient_445,CTI prepara Encaminhamento,168340.66266981434,start,,0.0,,,,
Patient_445,CTI prepara Encaminhamento,168379.45696293702,complete,,0.0,,,,
Patient_445,Encaminha_Transferencia Externa,168379.45696293702,complete,,,Transferencia Externa,168379.45696293702,,
Patient_445,Discharge,168379.45696293702,complete,,,,,,10749.93844195758
Patient_446,Arrival,157779.89501737055,complete,,0.0,,,,
Patient_446,Origem_do Centro Cirurgico,157779.89501737055,complete,,,do Centro Cirurgico,157779.89501737055,,
Patient_446,CTI (CC),158031.12604465056,start,ctiBeds,0.0,,,,
Patient_446,CTI (CC),165229.67346565556,complete,ctiBeds,0.0,,,,
Patient_446,CTI prepara Encaminhamento,165229.67346565556,start,,0.0,,,,
Patient_446,CTI prepara Encaminhamento,165259.71064601888,complete,,0.0,,,,
Patient_446,Encaminha_Obito,165259.71064601888,complete,,,Obito,165259.71064601888,,
Patient_446,Discharge,165259.71064601888,complete,,,,,,7479.815628648328
Patient_447,Arrival,158352.22009331314,complete,,0.0,,,,
Patient_447,Origem_do Centro Cirurgico,158352.22009331314,complete,,,do Centro Cirurgico,158352.22009331314,,
Patient_447,CTI (CC),158429.54165392838,start,ctiBeds,0.0,,,,
Patient_447,CTI (CC),159561.78170954576,complete,ctiBeds,0.0,,,,
Patient_447,CTI prepara Encaminhamento,159561.78170954576,start,,0.0,,,,
Patient_447,CTI prepara Encaminhamento,159593.80171889492,complete,,0.0,,,,
Patient_447,Encaminha_para a Clinica Medica,159593.80171889492,complete,,,para a Clinica Medica,159593.80171889492,,
Patient_447,Discharge,159593.80171889492,complete,,,,,,1241.5816255817772
Patient_448,Arrival,158493.67739496616,complete,,0.0,,,,
Patient_448,Origem_do Pronto Socorro,158493.67739496616,complete,,,do Pronto Socorro,158493.67739496616,,
Patient_448,CTI (PS),159561.78170954576,start,ctiBeds,0.0,,,,
Patient_448,CTI (PS),200992.78665069176,complete,ctiBeds,0.0,,,,
Patient_448,CTI prepara Encaminhamento,200992.78665069176,start,,0.0,,,,
Patient_448,CTI prepara Encaminhamento,201045.7936946813,complete,,0.0,,,,
Patient_448,Encaminha_para a Clinica Cirurgica,201045.7936946813,complete,,,para a Clinica Cirurgica,201045.7936946813,,
Patient_448,Discharge,201045.7936946813,complete,,,,,,42552.116299715155
Patient_449,Arrival,158652.46970028107,complete,,0.0,,,,
Patient_449,Origem_do Centro Cirurgico,158652.46970028107,complete,,,do Centro Cirurgico,158652.46970028107,,
Patient_449,CTI (CC),161505.16852910563,start,ctiBeds,0.0,,,,
Patient_449,CTI (CC),173785.55906088455,complete,ctiBeds,0.0,,,,
Patient_449,CTI prepara Encaminhamento,173785.55906088455,start,,0.0,,,,
Patient_449,CTI prepara Encaminhamento,173818.27118554013,complete,,0.0,,,,
Patient_449,Encaminha_para a Clinica Medica,173818.27118554013,complete,,,para a Clinica Medica,173818.27118554013,,
Patient_449,Discharge,173818.27118554013,complete,,,,,,15165.801485259057
Patient_45,Arrival,11084.575518922853,complete,,0.0,,,,
Patient_45,Origem_do Centro Cirurgico,11084.575518922853,complete,,,do Centro Cirurgico,11084.575518922853,,
Patient_45,CTI (CC),11084.575518922853,start,ctiBeds,0.0,,,,
Patient_45,CTI (CC),13270.604424746418,complete,ctiBeds,0.0,,,,
Patient_45,CTI prepara Encaminhamento,13270.604424746418,start,,0.0,,,,
Patient_45,CTI prepara Encaminhamento,13325.00755470422,complete,,0.0,,,,
Patient_45,Encaminha_para a Clinica Cirurgica,13325.00755470422,complete,,,para a Clinica Cirurgica,13325.00755470422,,
Patient_45,Discharge,13325.00755470422,complete,,,,,,2240.4320357813667
Patient_450,Arrival,158757.10861120353,complete,,0.0,,,,
Patient_450,Origem_do Pronto Socorro,158757.10861120353,complete,,,do Pronto Socorro,158757.10861120353,,
Patient_450,CTI (PS),161706.17571314494,start,ctiBeds,0.0,,,,
Patient_450,CTI (PS),170411.43895268388,complete,ctiBeds,0.0,,,,
Patient_450,CTI prepara Encaminhamento,170411.43895268388,start,,0.0,,,,
Patient_450,CTI prepara Encaminhamento,170453.9520477642,complete,,0.0,,,,
Patient_450,Encaminha_para a Clinica Cirurgica,170453.9520477642,complete,,,para a Clinica Cirurgica,170453.9520477642,,
Patient_450,Discharge,170453.9520477642,complete,,,,,,11696.84343656068
Patient_451,Arrival,158852.16900082488,complete,,0.0,,,,
Patient_451,Origem_do Centro Cirurgico,158852.16900082488,complete,,,do Centro Cirurgico,158852.16900082488,,
Patient_451,CTI (CC),162068.97026654403,start,ctiBeds,0.0,,,,
Patient_451,CTI (CC),170541.28427548934,complete,ctiBeds,0.0,,,,
Patient_451,CTI prepara Encaminhamento,170541.28427548934,start,,0.0,,,,
Patient_451,CTI prepara Encaminhamento,170592.93908984127,complete,,0.0,,,,
Patient_451,Encaminha_para a Clinica Cirurgica,170592.93908984127,complete,,,para a Clinica Cirurgica,170592.93908984127,,
Patient_451,Discharge,170592.93908984127,complete,,,,,,11740.770089016383
Patient_452,Arrival,158893.84298271945,complete,,0.0,,,,
Patient_452,Origem_do Pronto Socorro,158893.84298271945,complete,,,do Pronto Socorro,158893.84298271945,,
Patient_452,CTI (PS),162259.8361069699,start,ctiBeds,0.0,,,,
Patient_452,CTI (PS),168611.4901603361,complete,ctiBeds,0.0,,,,
Patient_452,CTI prepara Encaminhamento,168611.4901603361,start,,0.0,,,,
Patient_452,CTI prepara Encaminhamento,168655.46945151855,complete,,0.0,,,,
Patient_452,Encaminha_para a Clinica Medica,168655.46945151855,complete,,,para a Clinica Medica,168655.46945151855,,
Patient_452,Discharge,168655.46945151855,complete,,,,,,9761.626468799106
Patient_453,Arrival,159248.1932129014,complete,,0.0,,,,
Patient_453,Origem_do Centro Cirurgico,159248.1932129014,complete,,,do Centro Cirurgico,159248.1932129014,,
Patient_453,CTI (CC),162283.59552427958,start,ctiBeds,0.0,,,,
Patient_453,CTI (CC),170365.44018705536,complete,ctiBeds,0.0,,,,
Patient_453,CTI prepara Encaminhamento,170365.44018705536,start,,0.0,,,,
Patient_453,CTI prepara Encaminhamento,170415.51549065407,complete,,0.0,,,,
Patient_453,Encaminha_para a Clinica Medica,170415.51549065407,complete,,,para a Clinica Medica,170415.51549065407,,
Patient_453,Discharge,170415.51549065407,complete,,,,,,11167.322277752683
Patient_454,Arrival,159394.86355435642,complete,,0.0,,,,
Patient_454,Origem_do Pronto Socorro,159394.86355435642,complete,,,do Pronto Socorro,159394.86355435642,,
Patient_454,CTI (PS),162500.34811409528,start,ctiBeds,0.0,,,,
Patient_454,CTI (PS),168551.88982035892,complete,ctiBeds,0.0,,,,
Patient_454,CTI prepara Encaminhamento,168551.88982035892,start,,0.0,,,,
Patient_454,CTI prepara Encaminhamento,168588.42304460582,complete,,0.0,,,,
Patient_454,Encaminha_para a Clinica Cirurgica,168588.42304460582,complete,,,para a Clinica Cirurgica,168588.42304460582,,
Patient_454,Discharge,168588.42304460582,complete,,,,,,9193.559490249405
Patient_455,Arrival,159776.31445242953,complete,,0.0,,,,
Patient_455,Origem_da Clinica Medica,159776.31445242953,complete,,,da Clinica Medica,159776.31445242953,,
Patient_455,CTI (CLIM),162596.4234118859,start,ctiBeds,0.0,,,,
Patient_455,CTI (CLIM),164210.35385556764,complete,ctiBeds,0.0,,,,
Patient_455,CTI prepara Encaminhamento,164210.35385556764,start,,0.0,,,,
Patient_455,CTI prepara Encaminhamento,164243.43591200426,complete,,0.0,,,,
Patient_455,Encaminha_para a Clinica Cirurgica,164243.43591200426,complete,,,para a Clinica Cirurgica,164243.43591200426,,
Patient_455,Discharge,164243.43591200426,complete,,,,,,4467.12145957473
Patient_456,Arrival,159963.99621854138,complete,,0.0,,,,
Patient_456,Origem_do Pronto Socorro,159963.99621854138,complete,,,do Pronto Socorro,159963.99621854138,,
Patient_456,CTI (PS),162792.94411693775,start,ctiBeds,0.0,,,,
Patient_456,CTI (PS),165076.59795261375,complete,ctiBeds,0.0,,,,
Patient_456,CTI prepara Encaminhamento,165076.59795261375,start,,0.0,,,,
Patient_456,CTI prepara Encaminhamento,165119.4632034956,complete,,0.0,,,,
Patient_456,Encaminha_para a Clinica Medica,165119.4632034956,complete,,,para a Clinica Medica,165119.4632034956,,
Patient_456,Discharge,165119.4632034956,complete,,,,,,5155.466984954226
Patient_457,Arrival,160408.62219675808,complete,,0.0,,,,
Patient_457,Origem_do Pronto Socorro,160408.62219675808,complete,,,do Pronto Socorro,160408.62219675808,,
Patient_457,CTI (PS),163238.36823981997,start,ctiBeds,0.0,,,,
Patient_457,CTI (PS),165899.9298566054,complete,ctiBeds,0.0,,,,
Patient_457,CTI prepara Encaminhamento,165899.9298566054,start,,0.0,,,,
Patient_457,CTI prepara Encaminhamento,165948.31888023778,complete,,0.0,,,,
Patient_457,Encaminha_para a Clinica Cirurgica,165948.31888023778,complete,,,para a Clinica Cirurgica,165948.31888023778,,
Patient_457,Discharge,165948.31888023778,complete,,,,,,5539.696683479706
Patient_458,Arrival,160467.41574441994,complete,,0.0,,,,
Patient_458,Origem_do Pronto Socorro,160467.41574441994,complete,,,do Pronto Socorro,160467.41574441994,,
Patient_458,CTI (PS),163512.87021931607,start,ctiBeds,0.0,,,,
Patient_458,CTI (PS),169008.46892292693,complete,ctiBeds,0.0,,,,
Patient_458,CTI prepara Encaminhamento,169008.46892292693,start,,0.0,,,,
Patient_458,CTI prepara Encaminhamento,169047.6665551282,complete,,0.0,,,,
Patient_458,Encaminha_para a Clinica Medica,169047.6665551282,complete,,,para a Clinica Medica,169047.6665551282,,
Patient_458,Discharge,169047.6665551282,complete,,,,,,8580.250810708269
Patient_459,Arrival,160645.58705817768,complete,,0.0,,,,
Patient_459,Origem_do Centro Cirurgico,160645.58705817768,complete,,,do Centro Cirurgico,160645.58705817768,,
Patient_459,CTI (CC),163668.29842592223,start,ctiBeds,0.0,,,,
Patient_459,CTI (CC),199803.67563914825,complete,ctiBeds,0.0,,,,
Patient_459,CTI prepara Encaminhamento,199803.67563914825,start,,0.0,,,,
Patient_459,CTI prepara Encaminhamento,199852.96715393887,complete,,0.0,,,,
Patient_459,Encaminha_para a Clinica Cirurgica,199852.96715393887,complete,,,para a Clinica Cirurgica,199852.96715393887,,
Patient_459,Discharge,199852.96715393887,complete,,,,,,39207.38009576118
Patient_46,Arrival,12245.065691333388,complete,,0.0,,,,
Patient_46,Origem_do Centro Cirurgico,12245.065691333388,complete,,,do Centro Cirurgico,12245.065691333388,,
Patient_46,CTI (CC),12245.065691333388,start,ctiBeds,0.0,,,,
Patient_46,CTI (CC),12806.402870040047,complete,ctiBeds,0.0,,,,
Patient_46,CTI prepara Encaminhamento,12806.402870040047,start,,0.0,,,,
Patient_46,CTI prepara Encaminhamento,12864.144811050239,complete,,0.0,,,,
Patient_46,Encaminha_para a Clinica Medica,12864.144811050239,complete,,,para a Clinica Medica,12864.144811050239,,
Patient_46,Discharge,12864.144811050239,complete,,,,,,619.079119716851
Patient_460,Arrival,161553.18654833562,complete,,0.0,,,,
Patient_460,Origem_do Pronto Socorro,161553.18654833562,complete,,,do Pronto Socorro,161553.18654833562,,
Patient_460,CTI (PS),164210.35385556764,start,ctiBeds,0.0,,,,
Patient_460,CTI (PS),174246.01451457074,complete,ctiBeds,0.0,,,,
Patient_460,CTI prepara Encaminhamento,174246.01451457074,start,,0.0,,,,
Patient_460,CTI prepara Encaminhamento,174281.47654304293,complete,,0.0,,,,
Patient_460,Encaminha_para a Clinica Medica,174281.47654304293,complete,,,para a Clinica Medica,174281.47654304293,,
Patient_460,Discharge,174281.47654304293,complete,,,,,,12728.289994707302
Patient_461,Arrival,161870.86024772597,complete,,0.0,,,,
Patient_461,Origem_do Pronto Socorro,161870.86024772597,complete,,,do Pronto Socorro,161870.86024772597,,
Patient_461,CTI (PS),165051.82289955943,start,ctiBeds,0.0,,,,
Patient_461,CTI (PS),169246.65677562257,complete,ctiBeds,0.0,,,,
Patient_461,CTI prepara Encaminhamento,169246.65677562257,start,,0.0,,,,
Patient_461,CTI prepara Encaminhamento,169297.1015344547,complete,,0.0,,,,
Patient_461,Encaminha_para a Clinica Cirurgica,169297.1015344547,complete,,,para a Clinica Cirurgica,169297.1015344547,,
Patient_461,Discharge,169297.1015344547,complete,,,,,,7426.241286728735
Patient_462,Arrival,162346.03599156716,complete,,0.0,,,,
Patient_462,Origem_do Pronto Socorro,162346.03599156716,complete,,,do Pronto Socorro,162346.03599156716,,
Patient_462,CTI (PS),165076.59795261375,start,ctiBeds,0.0,,,,
Patient_462,CTI (PS),166086.4756499206,complete,ctiBeds,0.0,,,,
Patient_462,CTI prepara Encaminhamento,166086.4756499206,start,,0.0,,,,
Patient_462,CTI prepara Encaminhamento,166127.26617266965,complete,,0.0,,,,
Patient_462,Encaminha_para a Clinica Cirurgica,166127.26617266965,complete,,,para a Clinica Cirurgica,166127.26617266965,,
Patient_462,Discharge,166127.26617266965,complete,,,,,,3781.2301811024954
Patient_463,Arrival,162441.72295203,complete,,0.0,,,,
Patient_463,Origem_do Centro Cirurgico,162441.72295203,complete,,,do Centro Cirurgico,162441.72295203,,
Patient_463,CTI (CC),165229.67346565556,start,ctiBeds,0.0,,,,
Patient_463,CTI (CC),166307.22531544953,complete,ctiBeds,0.0,,,,
Patient_463,CTI prepara Encaminhamento,166307.22531544953,start,,0.0,,,,
Patient_463,CTI prepara Encaminhamento,166342.61553912697,complete,,0.0,,,,
Patient_463,Encaminha_para a Clinica Medica,166342.61553912697,complete,,,para a Clinica Medica,166342.61553912697,,
Patient_463,Discharge,166342.61553912697,complete,,,,,,3900.8925870969833
Patient_464,Arrival,163510.79351873015,complete,,0.0,,,,
Patient_464,Origem_da Clinica Medica,163510.79351873015,complete,,,da Clinica Medica,163510.79351873015,,
Patient_464,CTI (CLIM),165428.2958306178,start,ctiBeds,0.0,,,,
Patient_464,CTI (CLIM),180159.97169081497,complete,ctiBeds,0.0,,,,
Patient_464,CTI prepara Encaminhamento,180159.97169081497,start,,0.0,,,,
Patient_464,CTI prepara Encaminhamento,180196.94146575802,complete,,0.0,,,,
Patient_464,Encaminha_para a Clinica Medica,180196.94146575802,complete,,,para a Clinica Medica,180196.94146575802,,
Patient_464,Discharge,180196.94146575802,complete,,,,,,16686.147947027872
Patient_465,Arrival,163793.09896262005,complete,,0.0,,,,
Patient_465,Origem_do Pronto Socorro,163793.09896262005,complete,,,do Pronto Socorro,163793.09896262005,,
Patient_465,CTI (PS),165899.9298566054,start,ctiBeds,0.0,,,,
Patient_465,CTI (PS),178560.4218474309,complete,ctiBeds,0.0,,,,
Patient_465,CTI prepara Encaminhamento,178560.4218474309,start,,0.0,,,,
Patient_465,CTI prepara Encaminhamento,178616.661192382,complete,,0.0,,,,
Patient_465,Encaminha_para a Clinica Medica,178616.661192382,complete,,,para a Clinica Medica,178616.661192382,,
Patient_465,Discharge,178616.661192382,complete,,,,,,14823.562229761941
Patient_466,Arrival,163887.88242748045,complete,,0.0,,,,
Patient_466,Origem_do Pronto Socorro,163887.88242748045,complete,,,do Pronto Socorro,163887.88242748045,,
Patient_466,CTI (PS),166044.52414847596,start,ctiBeds,0.0,,,,
Patient_466,CTI (PS),167634.26091882295,complete,ctiBeds,0.0,,,,
Patient_466,CTI prepara Encaminhamento,167634.26091882295,start,,0.0,,,,
Patient_466,CTI prepara Encaminhamento,167679.03798972498,complete,,0.0,,,,
Patient_466,Encaminha_para a Clinica Cirurgica,167679.03798972498,complete,,,para a Clinica Cirurgica,167679.03798972498,,
Patient_466,Discharge,167679.03798972498,complete,,,,,,3791.1555622445303
Patient_467,Arrival,164073.63099493715,complete,,0.0,,,,
Patient_467,Origem_do Pronto Socorro,164073.63099493715,complete,,,do Pronto Socorro,164073.63099493715,,
Patient_467,CTI (PS),166086.4756499206,start,ctiBeds,0.0,,,,
Patient_467,CTI (PS),194551.28719814215,complete,ctiBeds,0.0,,,,
Patient_467,CTI prepara Encaminhamento,194551.28719814215,start,,0.0,,,,
Patient_467,CTI prepara Encaminhamento,194600.17040994662,complete,,0.0,,,,
Patient_467,Encaminha_para a Clinica Cirurgica,194600.17040994662,complete,,,para a Clinica Cirurgica,194600.17040994662,,
Patient_467,Discharge,194600.17040994662,complete,,,,,,30526.539415009465
Patient_468,Arrival,164227.77274425904,complete,,0.0,,,,
Patient_468,Origem_do Pronto Socorro,164227.77274425904,complete,,,do Pronto Socorro,164227.77274425904,,
Patient_468,CTI (PS),166307.22531544953,start,ctiBeds,0.0,,,,
Patient_468,CTI (PS),179728.40620528755,complete,ctiBeds,0.0,,,,
Patient_468,CTI prepara Encaminhamento,179728.40620528755,start,,0.0,,,,
Patient_468,CTI prepara Encaminhamento,179771.20340761272,complete,,0.0,,,,
Patient_468,Encaminha_Obito,179771.20340761272,complete,,,Obito,179771.20340761272,,
Patient_468,Discharge,179771.20340761272,complete,,,,,,15543.430663353676
Patient_469,Arrival,164316.50887984596,complete,,0.0,,,,
Patient_469,Origem_do Pronto Socorro,164316.50887984596,complete,,,do Pronto Socorro,164316.50887984596,,
Patient_469,CTI (PS),167634.26091882295,start,ctiBeds,0.0,,,,
Patient_469,CTI (PS),170421.8328932944,complete,ctiBeds,0.0,,,,
Patient_469,CTI prepara Encaminhamento,170421.8328932944,start,,0.0,,,,
Patient_469,CTI prepara Encaminhamento,170470.7136335713,complete,,0.0,,,,
Patient_469,Encaminha_Obito,170470.7136335713,complete,,,Obito,170470.7136335713,,
Patient_469,Discharge,170470.7136335713,complete,,,,,,6154.204753725324
Patient_47,Arrival,12332.255145095107,complete,,0.0,,,,
Patient_47,Origem_da Clinica Medica,12332.255145095107,complete,,,da Clinica Medica,12332.255145095107,,
Patient_47,CTI (CLIM),12332.255145095107,start,ctiBeds,0.0,,,,
Patient_47,CTI (CLIM),33740.23366584491,complete,ctiBeds,0.0,,,,
Patient_47,CTI prepara Encaminhamento,33740.23366584491,start,,0.0,,,,
Patient_47,CTI prepara Encaminhamento,33776.894882145156,complete,,0.0,,,,
Patient_47,Encaminha_Obito,33776.894882145156,complete,,,Obito,33776.894882145156,,
Patient_47,Discharge,33776.894882145156,complete,,,,,,21444.63973705005
Patient_470,Arrival,164573.07960409278,complete,,0.0,,,,
Patient_470,Origem_do Pronto Socorro,164573.07960409278,complete,,,do Pronto Socorro,164573.07960409278,,
Patient_470,CTI (PS),167815.03807587488,start,ctiBeds,0.0,,,,
Patient_470,CTI (PS),182748.48164935753,complete,ctiBeds,0.0,,,,
Patient_470,CTI prepara Encaminhamento,182748.48164935753,start,,0.0,,,,
Patient_470,CTI prepara Encaminhamento,182787.99491803665,complete,,0.0,,,,
Patient_470,Encaminha_para a Clinica Medica,182787.99491803665,complete,,,para a Clinica Medica,182787.99491803665,,
Patient_470,Discharge,182787.99491803665,complete,,,,,,18214.91531394387
Patient_471,Arrival,165041.56061657795,complete,,0.0,,,,
Patient_471,Origem_do Pronto Socorro,165041.56061657795,complete,,,do Pronto Socorro,165041.56061657795,,
Patient_471,CTI (PS),168340.66266981434,start,ctiBeds,0.0,,,,
Patient_471,CTI (PS),169257.3869544794,complete,ctiBeds,0.0,,,,
Patient_471,CTI prepara Encaminhamento,169257.3869544794,start,,0.0,,,,
Patient_471,CTI prepara Encaminhamento,169298.88795134018,complete,,0.0,,,,
Patient_471,Encaminha_para o Centro Cirurgico,169298.88795134018,complete,,,para o Centro Cirurgico,169298.88795134018,,
Patient_471,Discharge,169298.88795134018,complete,,,,,,4257.327334762231
Patient_472,Arrival,165423.33094823273,complete,,0.0,,,,
Patient_472,Origem_do Centro Cirurgico,165423.33094823273,complete,,,do Centro Cirurgico,165423.33094823273,,
Patient_472,CTI (CC),168551.88982035892,start,ctiBeds,0.0,,,,
Patient_472,CTI (CC),179810.68099675162,complete,ctiBeds,0.0,,,,
Patient_472,CTI prepara Encaminhamento,179810.68099675162,start,,0.0,,,,
Patient_472,CTI prepara Encaminhamento,179858.88249846458,complete,,0.0,,,,
Patient_472,Encaminha_para a Clinica Medica,179858.88249846458,complete,,,para a Clinica Medica,179858.88249846458,,
Patient_472,Discharge,179858.88249846458,complete,,,,,,14435.551550231845
Patient_473,Arrival,165703.28610747718,complete,,0.0,,,,
Patient_473,Origem_do Centro Cirurgico,165703.28610747718,complete,,,do Centro Cirurgico,165703.28610747718,,
Patient_473,CTI (CC),168611.4901603361,start,ctiBeds,0.0,,,,
Patient_473,CTI (CC),189016.76444800853,complete,ctiBeds,0.0,,,,
Patient_473,CTI prepara Encaminhamento,189016.76444800853,start,,0.0,,,,
Patient_473,CTI prepara Encaminhamento,189063.6805387137,complete,,0.0,,,,
Patient_473,Encaminha_para a Clinica Cirurgica,189063.6805387137,complete,,,para a Clinica Cirurgica,189063.6805387137,,
Patient_473,Discharge,189063.6805387137,complete,,,,,,23360.39443123652
Patient_474,Arrival,165728.65048778072,complete,,0.0,,,,
Patient_474,Origem_do Pronto Socorro,165728.65048778072,complete,,,do Pronto Socorro,165728.65048778072,,
Patient_474,CTI (PS),169008.46892292693,start,ctiBeds,0.0,,,,
Patient_474,CTI (PS),192412.71487058283,complete,ctiBeds,0.0,,,,
Patient_474,CTI prepara Encaminhamento,192412.71487058283,start,,0.0,,,,
Patient_474,CTI prepara Encaminhamento,192471.4664704031,complete,,0.0,,,,
Patient_474,Encaminha_para a Clinica Cirurgica,192471.4664704031,complete,,,para a Clinica Cirurgica,192471.4664704031,,
Patient_474,Discharge,192471.4664704031,complete,,,,,,26742.815982622385
Patient_475,Arrival,166331.47414501337,complete,,0.0,,,,
Patient_475,Origem_do Pronto Socorro,166331.47414501337,complete,,,do Pronto Socorro,166331.47414501337,,
Patient_475,CTI (PS),169246.65677562257,start,ctiBeds,0.0,,,,
Patient_475,CTI (PS),170037.1401019134,complete,ctiBeds,0.0,,,,
Patient_475,CTI prepara Encaminhamento,170037.1401019134,start,,0.0,,,,
Patient_475,CTI prepara Encaminhamento,170071.64174928176,complete,,0.0,,,,
Patient_475,Encaminha_Obito,170071.64174928176,complete,,,Obito,170071.64174928176,,
Patient_475,Discharge,170071.64174928176,complete,,,,,,3740.167604268383
Patient_476,Arrival,166610.4487815712,complete,,0.0,,,,
Patient_476,Origem_do Pronto Socorro,166610.4487815712,complete,,,do Pronto Socorro,166610.4487815712,,
Patient_476,CTI (PS),169257.3869544794,start,ctiBeds,0.0,,,,
Patient_476,CTI (PS),173375.0567277068,complete,ctiBeds,0.0,,,,
Patient_476,CTI prepara Encaminhamento,173375.0567277068,start,,0.0,,,,
Patient_476,CTI prepara Encaminhamento,173427.22445642535,complete,,0.0,,,,
Patient_476,Encaminha_para a Clinica Cirurgica,173427.22445642535,complete,,,para a Clinica Cirurgica,173427.22445642535,,
Patient_476,Discharge,173427.22445642535,complete,,,,,,6816.775674854143
Patient_477,Arrival,166869.67663276714,complete,,0.0,,,,
Patient_477,Origem_da Clinica Cirurgica,166869.67663276714,complete,,,da Clinica Cirurgica,166869.67663276714,,
Patient_477,CTI (CLIC),169481.37452616694,start,ctiBeds,0.0,,,,
Patient_477,CTI (CLIC),171443.3950259041,complete,ctiBeds,0.0,,,,
Patient_477,CTI prepara Encaminhamento,171443.3950259041,start,,0.0,,,,
Patient_477,CTI prepara Encaminhamento,171500.42877264484,complete,,0.0,,,,
Patient_477,Encaminha_Obito,171500.42877264484,complete,,,Obito,171500.42877264484,,
Patient_477,Discharge,171500.42877264484,complete,,,,,,4630.752139877703
Patient_478,Arrival,167355.02677961226,complete,,0.0,,,,
Patient_478,Origem_do Centro Cirurgico,167355.02677961226,complete,,,do Centro Cirurgico,167355.02677961226,,
Patient_478,CTI (CC),170037.1401019134,start,ctiBeds,0.0,,,,
Patient_478,CTI (CC),171516.5473311409,complete,ctiBeds,0.0,,,,
Patient_478,CTI prepara Encaminhamento,171516.5473311409,start,,0.0,,,,
Patient_478,CTI prepara Encaminhamento,171547.66876310203,complete,,0.0,,,,
Patient_478,Encaminha_para a Clinica Cirurgica,171547.66876310203,complete,,,para a Clinica Cirurgica,171547.66876310203,,
Patient_478,Discharge,171547.66876310203,complete,,,,,,4192.641983489768
Patient_479,Arrival,167593.895314493,complete,,0.0,,,,
Patient_479,Origem_do Pronto Socorro,167593.895314493,complete,,,do Pronto Socorro,167593.895314493,,
Patient_479,CTI (PS),170257.75937244226,start,ctiBeds,0.0,,,,
Patient_479,CTI (PS),179524.67006558974,complete,ctiBeds,0.0,,,,
Patient_479,CTI prepara Encaminhamento,179524.67006558974,start,,0.0,,,,
Patient_479,CTI prepara Encaminhamento,179567.16558079916,complete,,0.0,,,,
Patient_479,Encaminha_Obito,179567.16558079916,complete,,,Obito,179567.16558079916,,
Patient_479,Discharge,179567.16558079916,complete,,,,,,11973.27026630615
Patient_48,Arrival,12413.322163367347,complete,,0.0,,,,
Patient_48,Origem_do Centro Cirurgico,12413.322163367347,complete,,,do Centro Cirurgico,12413.322163367347,,
Patient_48,CTI (CC),12413.322163367347,start,ctiBeds,0.0,,,,
Patient_48,CTI (CC),15260.024001431131,complete,ctiBeds,0.0,,,,
Patient_48,CTI prepara Encaminhamento,15260.024001431131,start,,0.0,,,,
Patient_48,CTI prepara Encaminhamento,15316.35907809456,complete,,0.0,,,,
Patient_48,Encaminha_para a Clinica Cirurgica,15316.35907809456,complete,,,para a Clinica Cirurgica,15316.35907809456,,
Patient_48,Discharge,15316.35907809456,complete,,,,,,2903.036914727212
Patient_480,Arrival,167630.91980576332,complete,,0.0,,,,
Patient_480,Origem_do Centro Cirurgico,167630.91980576332,complete,,,do Centro Cirurgico,167630.91980576332,,
Patient_480,CTI (CC),170365.44018705536,start,ctiBeds,0.0,,,,
Patient_480,CTI (CC),171077.95326035307,complete,ctiBeds,0.0,,,,
Patient_480,CTI prepara Encaminhamento,171077.95326035307,start,,0.0,,,,
Patient_480,CTI prepara Encaminhamento,171116.64625215344,complete,,0.0,,,,
Patient_480,Encaminha_para a Clinica Medica,171116.64625215344,complete,,,para a Clinica Medica,171116.64625215344,,
Patient_480,Discharge,171116.64625215344,complete,,,,,,3485.726446390123
Patient_481,Arrival,167839.81156257188,complete,,0.0,,,,
Patient_481,Origem_do Pronto Socorro,167839.81156257188,complete,,,do Pronto Socorro,167839.81156257188,,
Patient_481,CTI (PS),170411.43895268388,start,ctiBeds,0.0,,,,
Patient_481,CTI (PS),176702.020365216,complete,ctiBeds,0.0,,,,
Patient_481,CTI prepara Encaminhamento,176702.020365216,start,,0.0,,,,
Patient_481,CTI prepara Encaminhamento,176741.89184549355,complete,,0.0,,,,
Patient_481,Encaminha_para a Clinica Medica,176741.89184549355,complete,,,para a Clinica Medica,176741.89184549355,,
Patient_481,Discharge,176741.89184549355,complete,,,,,,8902.08028292167
Patient_482,Arrival,167924.35105525187,complete,,0.0,,,,
Patient_482,Origem_do Pronto Socorro,167924.35105525187,complete,,,do Pronto Socorro,167924.35105525187,,
Patient_482,CTI (PS),170421.8328932944,start,ctiBeds,0.0,,,,
Patient_482,CTI (PS),182237.14668224048,complete,ctiBeds,0.0,,,,
Patient_482,CTI prepara Encaminhamento,182237.14668224048,start,,0.0,,,,
Patient_482,CTI prepara Encaminhamento,182270.47350790098,complete,,0.0,,,,
Patient_482,Encaminha_para a Clinica Cirurgica,182270.47350790098,complete,,,para a Clinica Cirurgica,182270.47350790098,,
Patient_482,Discharge,182270.47350790098,complete,,,,,,14346.122452649113
Patient_483,Arrival,168414.46220823124,complete,,0.0,,,,
Patient_483,Origem_do Centro Cirurgico,168414.46220823124,complete,,,do Centro Cirurgico,168414.46220823124,,
Patient_483,CTI (CC),170541.28427548934,start,ctiBeds,0.0,,,,
Patient_483,CTI (CC),173454.19963912494,complete,ctiBeds,0.0,,,,
Patient_483,CTI prepara Encaminhamento,173454.19963912494,start,,0.0,,,,
Patient_483,CTI prepara Encaminhamento,173500.603414406,complete,,0.0,,,,
Patient_483,Encaminha_Obito,173500.603414406,complete,,,Obito,173500.603414406,,
Patient_483,Discharge,173500.603414406,complete,,,,,,5086.141206174769
Patient_484,Arrival,168430.2181966062,complete,,0.0,,,,
Patient_484,Origem_do Centro Cirurgico,168430.2181966062,complete,,,do Centro Cirurgico,168430.2181966062,,
Patient_484,CTI (CC),171077.95326035307,start,ctiBeds,0.0,,,,
Patient_484,CTI (CC),201548.7281944157,complete,ctiBeds,0.0,,,,
Patient_484,CTI prepara Encaminhamento,201548.7281944157,start,,0.0,,,,
Patient_484,CTI prepara Encaminhamento,201589.50837416798,complete,,0.0,,,,
Patient_484,Encaminha_para a Clinica Cirurgica,201589.50837416798,complete,,,para a Clinica Cirurgica,201589.50837416798,,
Patient_484,Discharge,201589.50837416798,complete,,,,,,33159.29017756178
Patient_485,Arrival,168505.17983212802,complete,,0.0,,,,
Patient_485,Origem_da Clinica Cirurgica,168505.17983212802,complete,,,da Clinica Cirurgica,168505.17983212802,,
Patient_485,CTI (CLIC),171443.3950259041,start,ctiBeds,0.0,,,,
Patient_485,CTI (CLIC),171624.3010299483,complete,ctiBeds,0.0,,,,
Patient_485,CTI prepara Encaminhamento,171624.3010299483,start,,0.0,,,,
Patient_485,CTI prepara Encaminhamento,171682.87500505263,complete,,0.0,,,,
Patient_485,Encaminha_Obito,171682.87500505263,complete,,,Obito,171682.87500505263,,
Patient_485,Discharge,171682.87500505263,complete,,,,,,3177.6951729246066
Patient_486,Arrival,169031.45709838095,complete,,0.0,,,,
Patient_486,Origem_do Pronto Socorro,169031.45709838095,complete,,,do Pronto Socorro,169031.45709838095,,
Patient_486,CTI (PS),171516.5473311409,start,ctiBeds,0.0,,,,
Patient_486,CTI (PS),180630.08985855928,complete,ctiBeds,0.0,,,,
Patient_486,CTI prepara Encaminhamento,180630.08985855928,start,,0.0,,,,
Patient_486,CTI prepara Encaminhamento,180685.48214370318,complete,,0.0,,,,
Patient_486,Encaminha_para a Clinica Cirurgica,180685.48214370318,complete,,,para a Clinica Cirurgica,180685.48214370318,,
Patient_486,Discharge,180685.48214370318,complete,,,,,,11654.025045322225
Patient_487,Arrival,170049.3140431626,complete,,0.0,,,,
Patient_487,Origem_da Clinica Medica,170049.3140431626,complete,,,da Clinica Medica,170049.3140431626,,
Patient_487,CTI (CLIM),171624.3010299483,start,ctiBeds,0.0,,,,
Patient_487,CTI (CLIM),181817.09630459602,complete,ctiBeds,0.0,,,,
Patient_487,CTI prepara Encaminhamento,181817.09630459602,start,,0.0,,,,
Patient_487,CTI prepara Encaminhamento,181857.57071939998,complete,,0.0,,,,
Patient_487,Encaminha_para a Clinica Medica,181857.57071939998,complete,,,para a Clinica Medica,181857.57071939998,,
Patient_487,Discharge,181857.57071939998,complete,,,,,,11808.25667623739
Patient_488,Arrival,170208.1842382565,complete,,0.0,,,,
Patient_488,Origem_do Centro Cirurgico,170208.1842382565,complete,,,do Centro Cirurgico,170208.1842382565,,
Patient_488,CTI (CC),171743.40480214532,start,ctiBeds,0.0,,,,
Patient_488,CTI (CC),374710.57526536006,complete,ctiBeds,0.0,,,,
Patient_488,CTI prepara Encaminhamento,374710.57526536006,start,,0.0,,,,
Patient_488,CTI prepara Encaminhamento,374770.4322799284,complete,,0.0,,,,
Patient_488,Encaminha_para a Clinica Medica,374770.4322799284,complete,,,para a Clinica Medica,374770.4322799284,,
Patient_488,Discharge,374770.4322799284,complete,,,,,,204562.2480416719
Patient_489,Arrival,171503.87743021097,complete,,0.0,,,,
Patient_489,Origem_do Centro Cirurgico,171503.87743021097,complete,,,do Centro Cirurgico,171503.87743021097,,
Patient_489,CTI (CC),172437.383202362,start,ctiBeds,0.0,,,,
Patient_489,CTI (CC),175420.56747508474,complete,ctiBeds,0.0,,,,
Patient_489,CTI prepara Encaminhamento,175420.56747508474,start,,0.0,,,,
Patient_489,CTI prepara Encaminhamento,175450.5837860533,complete,,0.0,,,,
Patient_489,Encaminha_para a Clinica Medica,175450.5837860533,complete,,,para a Clinica Medica,175450.5837860533,,
Patient_489,Discharge,175450.5837860533,complete,,,,,,3946.706355842325
Patient_49,Arrival,12497.673277534357,complete,,0.0,,,,
Patient_49,Origem_do Pronto Socorro,12497.673277534357,complete,,,do Pronto Socorro,12497.673277534357,,
Patient_49,CTI (PS),12497.673277534357,start,ctiBeds,0.0,,,,
Patient_49,CTI (PS),17546.911452251457,complete,ctiBeds,0.0,,,,
Patient_49,CTI prepara Encaminhamento,17546.911452251457,start,,0.0,,,,
Patient_49,CTI prepara Encaminhamento,17583.037798865193,complete,,0.0,,,,
Patient_49,Encaminha_para a Clinica Medica,17583.037798865193,complete,,,para a Clinica Medica,17583.037798865193,,
Patient_49,Discharge,17583.037798865193,complete,,,,,,5085.3645213308355
Patient_490,Arrival,172132.13918024968,complete,,0.0,,,,
Patient_490,Origem_da Clinica Medica,172132.13918024968,complete,,,da Clinica Medica,172132.13918024968,,
Patient_490,CTI (CLIM),173375.0567277068,start,ctiBeds,0.0,,,,
Patient_490,CTI (CLIM),179051.55414405436,complete,ctiBeds,0.0,,,,
Patient_490,CTI prepara Encaminhamento,179051.55414405436,start,,0.0,,,,
Patient_490,CTI prepara Encaminhamento,179093.12159800652,complete,,0.0,,,,
Patient_490,Encaminha_para a Clinica Cirurgica,179093.12159800652,complete,,,para a Clinica Cirurgica,179093.12159800652,,
Patient_490,Discharge,179093.12159800652,complete,,,,,,6960.982417756837
Patient_491,Arrival,172900.4196917682,complete,,0.0,,,,
Patient_491,Origem_da Maternidade,172900.4196917682,complete,,,da Maternidade,172900.4196917682,,
Patient_491,CTI (MAT),173454.19963912494,start,ctiBeds,0.0,,,,
Patient_491,CTI (MAT),174195.80015752235,complete,ctiBeds,0.0,,,,
Patient_491,CTI prepara Encaminhamento,174195.80015752235,start,,0.0,,,,
Patient_491,CTI prepara Encaminhamento,174254.91960225033,complete,,0.0,,,,
Patient_491,Encaminha_Transferencia Externa,174254.91960225033,complete,,,Transferencia Externa,174254.91960225033,,
Patient_491,Discharge,174254.91960225033,complete,,,,,,1354.4999104821181
Patient_492,Arrival,173193.01108802075,complete,,0.0,,,,
Patient_492,Origem_do Centro Cirurgico,173193.01108802075,complete,,,do Centro Cirurgico,173193.01108802075,,
Patient_492,CTI (CC),173785.55906088455,start,ctiBeds,0.0,,,,
Patient_492,CTI (CC),175441.71156860722,complete,ctiBeds,0.0,,,,
Patient_492,CTI prepara Encaminhamento,175441.71156860722,start,,0.0,,,,
Patient_492,CTI prepara Encaminhamento,175497.62188845544,complete,,0.0,,,,
Patient_492,Encaminha_para a Clinica Cirurgica,175497.62188845544,complete,,,para a Clinica Cirurgica,175497.62188845544,,
Patient_492,Discharge,175497.62188845544,complete,,,,,,2304.6108004346897
Patient_493,Arrival,173349.75692216508,complete,,0.0,,,,
Patient_493,Origem_do Centro Cirurgico,173349.75692216508,complete,,,do Centro Cirurgico,173349.75692216508,,
Patient_493,CTI (CC),174195.80015752235,start,ctiBeds,0.0,,,,
Patient_493,CTI (CC),178137.27137572182,complete,ctiBeds,0.0,,,,
Patient_493,CTI prepara Encaminhamento,178137.27137572182,start,,0.0,,,,
Patient_493,CTI prepara Encaminhamento,178196.80326161176,complete,,0.0,,,,
Patient_493,Encaminha_para a Clinica Medica,178196.80326161176,complete,,,para a Clinica Medica,178196.80326161176,,
Patient_493,Discharge,178196.80326161176,complete,,,,,,4847.046339446679
Patient_494,Arrival,173901.63578037606,complete,,0.0,,,,
Patient_494,Origem_do Centro Cirurgico,173901.63578037606,complete,,,do Centro Cirurgico,173901.63578037606,,
Patient_494,CTI (CC),174246.01451457074,start,ctiBeds,0.0,,,,
Patient_494,CTI (CC),177622.06600526173,complete,ctiBeds,0.0,,,,
Patient_494,CTI prepara Encaminhamento,177622.06600526173,start,,0.0,,,,
Patient_494,CTI prepara Encaminhamento,177665.9193839987,complete,,0.0,,,,
Patient_494,Encaminha_para a Clinica Cirurgica,177665.9193839987,complete,,,para a Clinica Cirurgica,177665.9193839987,,
Patient_494,Discharge,177665.9193839987,complete,,,,,,3764.2836036226363
Patient_495,Arrival,174071.6479020528,complete,,0.0,,,,
Patient_495,Origem_do Pronto Socorro,174071.6479020528,complete,,,do Pronto Socorro,174071.6479020528,,
Patient_495,CTI (PS),175420.56747508474,start,ctiBeds,0.0,,,,
Patient_495,CTI (PS),178562.75587037974,complete,ctiBeds,0.0,,,,
Patient_495,CTI prepara Encaminhamento,178562.75587037974,start,,0.0,,,,
Patient_495,CTI prepara Encaminhamento,178595.55206834938,complete,,0.0,,,,
Patient_495,Encaminha_para a Clinica Medica,178595.55206834938,complete,,,para a Clinica Medica,178595.55206834938,,
Patient_495,Discharge,178595.55206834938,complete,,,,,,4523.90416629659
Patient_496,Arrival,175185.6316233031,complete,,0.0,,,,
Patient_496,Origem_do Centro Cirurgico,175185.6316233031,complete,,,do Centro Cirurgico,175185.6316233031,,
Patient_496,CTI (CC),175441.71156860722,start,ctiBeds,0.0,,,,
Patient_496,CTI (CC),209829.89857883324,complete,ctiBeds,0.0,,,,
Patient_496,CTI prepara Encaminhamento,209829.89857883324,start,,0.0,,,,
Patient_496,CTI prepara Encaminhamento,209873.99300303924,complete,,0.0,,,,
Patient_496,Encaminha_para a Clinica Medica,209873.99300303924,complete,,,para a Clinica Medica,209873.99300303924,,
Patient_496,Discharge,209873.99300303924,complete,,,,,,34688.36137973613
Patient_497,Arrival,175361.76218063396,complete,,0.0,,,,
Patient_497,Origem_da Clinica Medica,175361.76218063396,complete,,,da Clinica Medica,175361.76218063396,,
Patient_497,CTI (CLIM),175476.68652256357,start,ctiBeds,0.0,,,,
Patient_497,CTI (CLIM),183570.867092468,complete,ctiBeds,0.0,,,,
Patient_497,CTI prepara Encaminhamento,183570.867092468,start,,0.0,,,,
Patient_497,CTI prepara Encaminhamento,183607.12444383945,complete,,0.0,,,,
Patient_497,Encaminha_Transferencia Externa,183607.12444383945,complete,,,Transferencia Externa,183607.12444383945,,
Patient_497,Discharge,183607.12444383945,complete,,,,,,8245.36226320549
Patient_498,Arrival,175657.5932379009,complete,,0.0,,,,
Patient_498,Origem_do Centro Cirurgico,175657.5932379009,complete,,,do Centro Cirurgico,175657.5932379009,,
Patient_498,CTI (CC),175890.26786880338,start,ctiBeds,0.0,,,,
Patient_498,CTI (CC),178463.0708460284,complete,ctiBeds,0.0,,,,
Patient_498,CTI prepara Encaminhamento,178463.0708460284,start,,0.0,,,,
Patient_498,CTI prepara Encaminhamento,178499.66246006917,complete,,0.0,,,,
Patient_498,Encaminha_para a Clinica Medica,178499.66246006917,complete,,,para a Clinica Medica,178499.66246006917,,
Patient_498,Discharge,178499.66246006917,complete,,,,,,2842.0692221682693
Patient_499,Arrival,176474.93506072642,complete,,0.0,,,,
Patient_499,Origem_do Centro Cirurgico,176474.93506072642,complete,,,do Centro Cirurgico,176474.93506072642,,
Patient_499,CTI (CC),176702.020365216,start,ctiBeds,0.0,,,,
Patient_499,CTI (CC),200913.9006104291,complete,ctiBeds,0.0,,,,
Patient_499,CTI prepara Encaminhamento,200913.9006104291,start,,0.0,,,,
Patient_499,CTI prepara Encaminhamento,200971.97788237137,complete,,0.0,,,,
Patient_499,Encaminha_para a Clinica Medica,200971.97788237137,complete,,,para a Clinica Medica,200971.97788237137,,
Patient_499,Discharge,200971.97788237137,complete,,,,,,24497.04282164495
Patient_5,Arrival,1146.1433375059519,complete,,0.0,,,,
Patient_5,Origem_do Pronto Socorro,1146.1433375059519,complete,,,do Pronto Socorro,1146.1433375059519,,
Patient_5,CTI (PS),1146.1433375059519,start,ctiBeds,0.0,,,,
Patient_5,CTI (PS),19549.59253004287,complete,ctiBeds,0.0,,,,
Patient_5,CTI prepara Encaminhamento,19549.59253004287,start,,0.0,,,,
Patient_5,CTI prepara Encaminhamento,19587.183420393194,complete,,0.0,,,,
Patient_5,Encaminha_para a Clinica Cirurgica,19587.183420393194,complete,,,para a Clinica Cirurgica,19587.183420393194,,
Patient_5,Discharge,19587.183420393194,complete,,,,,,18441.04008288724
Patient_50,Arrival,13253.92721940879,complete,,0.0,,,,
Patient_50,Origem_do Centro Cirurgico,13253.92721940879,complete,,,do Centro Cirurgico,13253.92721940879,,
Patient_50,CTI (CC),13253.92721940879,start,ctiBeds,0.0,,,,
Patient_50,CTI (CC),19038.95859142731,complete,ctiBeds,0.0,,,,
Patient_50,CTI prepara Encaminhamento,19038.95859142731,start,,0.0,,,,
Patient_50,CTI prepara Encaminhamento,19070.449036614245,complete,,0.0,,,,
Patient_50,Encaminha_para a Clinica Cirurgica,19070.449036614245,complete,,,para a Clinica Cirurgica,19070.449036614245,,
Patient_50,Discharge,19070.449036614245,complete,,,,,,5816.521817205456
Patient_500,Arrival,176686.9567537901,complete,,0.0,,,,
Patient_500,Origem_do Pronto Socorro,176686.9567537901,complete,,,do Pronto Socorro,176686.9567537901,,
Patient_500,CTI (PS),177622.06600526173,start,ctiBeds,0.0,,,,
Patient_500,CTI (PS),187828.56711299074,complete,ctiBeds,0.0,,,,
Patient_500,CTI prepara Encaminhamento,187828.56711299074,start,,0.0,,,,
Patient_500,CTI prepara Encaminhamento,187871.65600490198,complete,,0.0,,,,
Patient_500,Encaminha_para a Clinica Medica,187871.65600490198,complete,,,para a Clinica Medica,187871.65600490198,,
Patient_500,Discharge,187871.65600490198,complete,,,,,,11184.699251111888
Patient_501,Arrival,177075.19303104933,complete,,0.0,,,,
Patient_501,Origem_do Pronto Socorro,177075.19303104933,complete,,,do Pronto Socorro,177075.19303104933,,
Patient_501,CTI (PS),178137.27137572182,start,ctiBeds,0.0,,,,
Patient_501,CTI (PS),187907.956080751,complete,ctiBeds,0.0,,,,
Patient_501,CTI prepara Encaminhamento,187907.956080751,start,,0.0,,,,
Patient_501,CTI prepara Encaminhamento,187950.33676739977,complete,,0.0,,,,
Patient_501,Encaminha_para a Clinica Medica,187950.33676739977,complete,,,para a Clinica Medica,187950.33676739977,,
Patient_501,Discharge,187950.33676739977,complete,,,,,,10875.143736350437
Patient_502,Arrival,177333.96734863214,complete,,0.0,,,,
Patient_502,Origem_do Centro Cirurgico,177333.96734863214,complete,,,do Centro Cirurgico,177333.96734863214,,
Patient_502,CTI (CC),178463.0708460284,start,ctiBeds,0.0,,,,
Patient_502,CTI (CC),182135.1626124334,complete,ctiBeds,0.0,,,,
Patient_502,CTI prepara Encaminhamento,182135.1626124334,start,,0.0,,,,
Patient_502,CTI prepara Encaminhamento,182176.71001450345,complete,,0.0,,,,
Patient_502,Encaminha_para a Clinica Medica,182176.71001450345,complete,,,para a Clinica Medica,182176.71001450345,,
Patient_502,Discharge,182176.71001450345,complete,,,,,,4842.742665871308
Patient_503,Arrival,177522.25820288164,complete,,0.0,,,,
Patient_503,Origem_da Clinica Medica,177522.25820288164,complete,,,da Clinica Medica,177522.25820288164,,
Patient_503,CTI (CLIM),178560.4218474309,start,ctiBeds,0.0,,,,
Patient_503,CTI (CLIM),187389.04189491898,complete,ctiBeds,0.0,,,,
Patient_503,CTI prepara Encaminhamento,187389.04189491898,start,,0.0,,,,
Patient_503,CTI prepara Encaminhamento,187420.67566728292,complete,,0.0,,,,
Patient_503,Encaminha_para a Clinica Cirurgica,187420.67566728292,complete,,,para a Clinica Cirurgica,187420.67566728292,,
Patient_503,Discharge,187420.67566728292,complete,,,,,,9898.417464401282
Patient_504,Arrival,177723.88559822977,complete,,0.0,,,,
Patient_504,Origem_do Pronto Socorro,177723.88559822977,complete,,,do Pronto Socorro,177723.88559822977,,
Patient_504,CTI (PS),178562.75587037974,start,ctiBeds,0.0,,,,
Patient_504,CTI (PS),179772.00603248342,complete,ctiBeds,0.0,,,,
Patient_504,CTI prepara Encaminhamento,179772.00603248342,start,,0.0,,,,
Patient_504,CTI prepara Encaminhamento,179831.1274354962,complete,,0.0,,,,
Patient_504,Encaminha_Alta Hospitalar,179831.1274354962,complete,,,Alta Hospitalar,179831.1274354962,,
Patient_504,Discharge,179831.1274354962,complete,,,,,,2107.241837266425
Patient_505,Arrival,177748.97177834174,complete,,0.0,,,,
Patient_505,Origem_do Pronto Socorro,177748.97177834174,complete,,,do Pronto Socorro,177748.97177834174,,
Patient_505,CTI (PS),179051.55414405436,start,ctiBeds,0.0,,,,
Patient_505,CTI (PS),188292.6623740842,complete,ctiBeds,0.0,,,,
Patient_505,CTI prepara Encaminhamento,188292.6623740842,start,,0.0,,,,
Patient_505,CTI prepara Encaminhamento,188327.19252105776,complete,,0.0,,,,
Patient_505,Encaminha_para a Clinica Cirurgica,188327.19252105776,complete,,,para a Clinica Cirurgica,188327.19252105776,,
Patient_505,Discharge,188327.19252105776,complete,,,,,,10578.220742716017
Patient_506,Arrival,178495.398736417,complete,,0.0,,,,
Patient_506,Origem_do Centro Cirurgico,178495.398736417,complete,,,do Centro Cirurgico,178495.398736417,,
Patient_506,CTI (CC),179524.67006558974,start,ctiBeds,0.0,,,,
Patient_506,CTI (CC),186142.51109637955,complete,ctiBeds,0.0,,,,
Patient_506,CTI prepara Encaminhamento,186142.51109637955,start,,0.0,,,,
Patient_506,CTI prepara Encaminhamento,186181.5060007414,complete,,0.0,,,,
Patient_506,Encaminha_para a Clinica Cirurgica,186181.5060007414,complete,,,para a Clinica Cirurgica,186181.5060007414,,
Patient_506,Discharge,186181.5060007414,complete,,,,,,7686.1072643244115
Patient_507,Arrival,178543.65453690966,complete,,0.0,,,,
Patient_507,Origem_da Clinica Medica,178543.65453690966,complete,,,da Clinica Medica,178543.65453690966,,
Patient_507,CTI (CLIM),179532.657520256,start,ctiBeds,0.0,,,,
Patient_507,CTI (CLIM),186489.6497324414,complete,ctiBeds,0.0,,,,
Patient_507,CTI prepara Encaminhamento,186489.6497324414,start,,0.0,,,,
Patient_507,CTI prepara Encaminhamento,186535.29616571515,complete,,0.0,,,,
Patient_507,Encaminha_para a Clinica Cirurgica,186535.29616571515,complete,,,para a Clinica Cirurgica,186535.29616571515,,
Patient_507,Discharge,186535.29616571515,complete,,,,,,7991.64162880549
Patient_508,Arrival,178839.72658828192,complete,,0.0,,,,
Patient_508,Origem_do Centro Cirurgico,178839.72658828192,complete,,,do Centro Cirurgico,178839.72658828192,,
Patient_508,CTI (CC),179728.40620528755,start,ctiBeds,0.0,,,,
Patient_508,CTI (CC),186953.59734678254,complete,ctiBeds,0.0,,,,
Patient_508,CTI prepara Encaminhamento,186953.59734678254,start,,0.0,,,,
Patient_508,CTI prepara Encaminhamento,186991.46489852405,complete,,0.0,,,,
Patient_508,Encaminha_para a Clinica Medica,186991.46489852405,complete,,,para a Clinica Medica,186991.46489852405,,
Patient_508,Discharge,186991.46489852405,complete,,,,,,8151.73831024213
Patient_509,Arrival,178967.04074038766,complete,,0.0,,,,
Patient_509,Origem_do Pronto Socorro,178967.04074038766,complete,,,do Pronto Socorro,178967.04074038766,,
Patient_509,CTI (PS),179772.00603248342,start,ctiBeds,0.0,,,,
Patient_509,CTI (PS),180304.42414052197,complete,ctiBeds,0.0,,,,
Patient_509,CTI prepara Encaminhamento,180304.42414052197,start,,0.0,,,,
Patient_509,CTI prepara Encaminhamento,180334.77950148625,complete,,0.0,,,,
Patient_509,Encaminha_para o Pronto Socorro,180334.77950148625,complete,,,para o Pronto Socorro,180334.77950148625,,
Patient_509,Discharge,180334.77950148625,complete,,,,,,1367.7387610985897
Patient_51,Arrival,13364.68110131552,complete,,0.0,,,,
Patient_51,Origem_do Pronto Socorro,13364.68110131552,complete,,,do Pronto Socorro,13364.68110131552,,
Patient_51,CTI (PS),13364.68110131552,start,ctiBeds,0.0,,,,
Patient_51,CTI (PS),22460.514273614375,complete,ctiBeds,0.0,,,,
Patient_51,CTI prepara Encaminhamento,22460.514273614375,start,,0.0,,,,
Patient_51,CTI prepara Encaminhamento,22514.250598779243,complete,,0.0,,,,
Patient_51,Encaminha_Obito,22514.250598779243,complete,,,Obito,22514.250598779243,,
Patient_51,Discharge,22514.250598779243,complete,,,,,,9149.569497463723
Patient_510,Arrival,178998.8727663954,complete,,0.0,,,,
Patient_510,Origem_do Centro Cirurgico,178998.8727663954,complete,,,do Centro Cirurgico,178998.8727663954,,
Patient_510,CTI (CC),179810.68099675162,start,ctiBeds,0.0,,,,
Patient_510,CTI (CC),201822.2589209659,complete,ctiBeds,0.0,,,,
Patient_510,CTI prepara Encaminhamento,201822.2589209659,start,,0.0,,,,
Patient_510,CTI prepara Encaminhamento,201861.75571720986,complete,,0.0,,,,
Patient_510,Encaminha_para a Clinica Medica,201861.75571720986,complete,,,para a Clinica Medica,201861.75571720986,,
Patient_510,Discharge,201861.75571720986,complete,,,,,,22862.88295081447
Patient_511,Arrival,180124.07352607287,complete,,0.0,,,,
Patient_511,Origem_do Centro Cirurgico,180124.07352607287,complete,,,do Centro Cirurgico,180124.07352607287,,
Patient_511,CTI (CC),180159.97169081497,start,ctiBeds,0.0,,,,
Patient_511,CTI (CC),185827.60878438817,complete,ctiBeds,0.0,,,,
Patient_511,CTI prepara Encaminhamento,185827.60878438817,start,,0.0,,,,
Patient_511,CTI prepara Encaminhamento,185861.47274648075,complete,,0.0,,,,
Patient_511,Encaminha_Obito,185861.47274648075,complete,,,Obito,185861.47274648075,,
Patient_511,Discharge,185861.47274648075,complete,,,,,,5737.399220407882
Patient_512,Arrival,180317.2047794456,complete,,0.0,,,,
Patient_512,Origem_do Centro Cirurgico,180317.2047794456,complete,,,do Centro Cirurgico,180317.2047794456,,
Patient_512,CTI (CC),180317.2047794456,start,ctiBeds,0.0,,,,
Patient_512,CTI (CC),203392.26836558135,complete,ctiBeds,0.0,,,,
Patient_512,CTI prepara Encaminhamento,203392.26836558135,start,,0.0,,,,
Patient_512,CTI prepara Encaminhamento,203428.36720069597,complete,,0.0,,,,
Patient_512,Encaminha_para a Clinica Cirurgica,203428.36720069597,complete,,,para a Clinica Cirurgica,203428.36720069597,,
Patient_512,Discharge,203428.36720069597,complete,,,,,,23111.162421250367
Patient_513,Arrival,180407.04598773932,complete,,0.0,,,,
Patient_513,Origem_do Pronto Socorro,180407.04598773932,complete,,,do Pronto Socorro,180407.04598773932,,
Patient_513,CTI (PS),180630.08985855928,start,ctiBeds,0.0,,,,
Patient_513,CTI (PS),218365.96684900892,complete,ctiBeds,0.0,,,,
Patient_513,CTI prepara Encaminhamento,218365.96684900892,start,,0.0,,,,
Patient_513,CTI prepara Encaminhamento,218424.00401760428,complete,,0.0,,,,
Patient_513,Encaminha_para a Clinica Cirurgica,218424.00401760428,complete,,,para a Clinica Cirurgica,218424.00401760428,,
Patient_513,Discharge,218424.00401760428,complete,,,,,,38016.95802986497
Patient_514,Arrival,180717.2306610523,complete,,0.0,,,,
Patient_514,Origem_do Pronto Socorro,180717.2306610523,complete,,,do Pronto Socorro,180717.2306610523,,
Patient_514,CTI (PS),181817.09630459602,start,ctiBeds,0.0,,,,
Patient_514,CTI (PS),201948.27557959093,complete,ctiBeds,0.0,,,,
Patient_514,CTI prepara Encaminhamento,201948.27557959093,start,,0.0,,,,
Patient_514,CTI prepara Encaminhamento,202004.61063996755,complete,,0.0,,,,
Patient_514,Encaminha_para a Clinica Cirurgica,202004.61063996755,complete,,,para a Clinica Cirurgica,202004.61063996755,,
Patient_514,Discharge,202004.61063996755,complete,,,,,,21287.37997891524
Patient_515,Arrival,180904.11759712602,complete,,0.0,,,,
Patient_515,Origem_do Pronto Socorro,180904.11759712602,complete,,,do Pronto Socorro,180904.11759712602,,
Patient_515,CTI (PS),182135.1626124334,start,ctiBeds,0.0,,,,
Patient_515,CTI (PS),191638.08718465842,complete,ctiBeds,0.0,,,,
Patient_515,CTI prepara Encaminhamento,191638.08718465842,start,,0.0,,,,
Patient_515,CTI prepara Encaminhamento,191669.6278554814,complete,,0.0,,,,
Patient_515,Encaminha_para a Clinica Medica,191669.6278554814,complete,,,para a Clinica Medica,191669.6278554814,,
Patient_515,Discharge,191669.6278554814,complete,,,,,,10765.510258355382
Patient_516,Arrival,181332.35721487072,complete,,0.0,,,,
Patient_516,Origem_do Pronto Socorro,181332.35721487072,complete,,,do Pronto Socorro,181332.35721487072,,
Patient_516,CTI (PS),182237.14668224048,start,ctiBeds,0.0,,,,
Patient_516,CTI (PS),199319.1908406012,complete,ctiBeds,0.0,,,,
Patient_516,CTI prepara Encaminhamento,199319.1908406012,start,,0.0,,,,
Patient_516,CTI prepara Encaminhamento,199374.43158343103,complete,,0.0,,,,
Patient_516,Encaminha_Obito,199374.43158343103,complete,,,Obito,199374.43158343103,,
Patient_516,Discharge,199374.43158343103,complete,,,,,,18042.07436856031
Patient_517,Arrival,182050.982908482,complete,,0.0,,,,
Patient_517,Origem_do Pronto Socorro,182050.982908482,complete,,,do Pronto Socorro,182050.982908482,,
Patient_517,CTI (PS),182748.48164935753,start,ctiBeds,0.0,,,,
Patient_517,CTI (PS),215035.83019765303,complete,ctiBeds,0.0,,,,
Patient_517,CTI prepara Encaminhamento,215035.83019765303,start,,0.0,,,,
Patient_517,CTI prepara Encaminhamento,215084.64913683498,complete,,0.0,,,,
Patient_517,Encaminha_para a Clinica Cirurgica,215084.64913683498,complete,,,para a Clinica Cirurgica,215084.64913683498,,
Patient_517,Discharge,215084.64913683498,complete,,,,,,33033.66622835299
Patient_518,Arrival,182876.49336278517,complete,,0.0,,,,
Patient_518,Origem_do Centro Cirurgico,182876.49336278517,complete,,,do Centro Cirurgico,182876.49336278517,,
Patient_518,CTI (CC),183570.867092468,start,ctiBeds,0.0,,,,
Patient_518,CTI (CC),188375.57573952776,complete,ctiBeds,0.0,,,,
Patient_518,CTI prepara Encaminhamento,188375.57573952776,start,,0.0,,,,
Patient_518,CTI prepara Encaminhamento,188414.63554248994,complete,,0.0,,,,
Patient_518,Encaminha_para a Clinica Cirurgica,188414.63554248994,complete,,,para a Clinica Cirurgica,188414.63554248994,,
Patient_518,Discharge,188414.63554248994,complete,,,,,,5538.142179704766
Patient_519,Arrival,183041.6585021049,complete,,0.0,,,,
Patient_519,Origem_do Centro Cirurgico,183041.6585021049,complete,,,do Centro Cirurgico,183041.6585021049,,
Patient_519,CTI (CC),185827.60878438817,start,ctiBeds,0.0,,,,
Patient_519,CTI (CC),254118.78622712367,complete,ctiBeds,0.0,,,,
Patient_519,CTI prepara Encaminhamento,254118.78622712367,start,,0.0,,,,
Patient_519,CTI prepara Encaminhamento,254177.05662779685,complete,,0.0,,,,
Patient_519,Encaminha_para a Clinica Cirurgica,254177.05662779685,complete,,,para a Clinica Cirurgica,254177.05662779685,,
Patient_519,Discharge,254177.05662779685,complete,,,,,,71135.39812569195
Patient_52,Arrival,13896.83934505853,complete,,0.0,,,,
Patient_52,Origem_do Pronto Socorro,13896.83934505853,complete,,,do Pronto Socorro,13896.83934505853,,
Patient_52,CTI (PS),13896.83934505853,start,ctiBeds,0.0,,,,
Patient_52,CTI (PS),39077.51113438566,complete,ctiBeds,0.0,,,,
Patient_52,CTI prepara Encaminhamento,39077.51113438566,start,,0.0,,,,
Patient_52,CTI prepara Encaminhamento,39123.016089775905,complete,,0.0,,,,
Patient_52,Encaminha_Alta Hospitalar,39123.016089775905,complete,,,Alta Hospitalar,39123.016089775905,,
Patient_52,Discharge,39123.016089775905,complete,,,,,,25226.176744717377
Patient_520,Arrival,183216.32682876015,complete,,0.0,,,,
Patient_520,Origem_do Pronto Socorro,183216.32682876015,complete,,,do Pronto Socorro,183216.32682876015,,
Patient_520,CTI (PS),186142.51109637955,start,ctiBeds,0.0,,,,
Patient_520,CTI (PS),210904.83384693612,complete,ctiBeds,0.0,,,,
Patient_520,CTI prepara Encaminhamento,210904.83384693612,start,,0.0,,,,
Patient_520,CTI prepara Encaminhamento,210936.03541645917,complete,,0.0,,,,
Patient_520,Encaminha_para a Clinica Medica,210936.03541645917,complete,,,para a Clinica Medica,210936.03541645917,,
Patient_520,Discharge,210936.03541645917,complete,,,,,,27719.708587699017
Patient_521,Arrival,183405.54324272939,complete,,0.0,,,,
Patient_521,Origem_do Centro Cirurgico,183405.54324272939,complete,,,do Centro Cirurgico,183405.54324272939,,
Patient_521,CTI (CC),186489.6497324414,start,ctiBeds,0.0,,,,
Patient_521,CTI (CC),193037.86233795987,complete,ctiBeds,0.0,,,,
Patient_521,CTI prepara Encaminhamento,193037.86233795987,start,,0.0,,,,
Patient_521,CTI prepara Encaminhamento,193082.28355513635,complete,,0.0,,,,
Patient_521,Encaminha_para a Clinica Cirurgica,193082.28355513635,complete,,,para a Clinica Cirurgica,193082.28355513635,,
Patient_521,Discharge,193082.28355513635,complete,,,,,,9676.740312406968
Patient_522,Arrival,183463.0647015895,complete,,0.0,,,,
Patient_522,Origem_do Pronto Socorro,183463.0647015895,complete,,,do Pronto Socorro,183463.0647015895,,
Patient_522,CTI (PS),186953.59734678254,start,ctiBeds,0.0,,,,
Patient_522,CTI (PS),191736.0444168574,complete,ctiBeds,0.0,,,,
Patient_522,CTI prepara Encaminhamento,191736.0444168574,start,,0.0,,,,
Patient_522,CTI prepara Encaminhamento,191782.94293137887,complete,,0.0,,,,
Patient_522,Encaminha_Obito,191782.94293137887,complete,,,Obito,191782.94293137887,,
Patient_522,Discharge,191782.94293137887,complete,,,,,,8319.878229789378
Patient_523,Arrival,184963.20777396322,complete,,0.0,,,,
Patient_523,Origem_do Centro Cirurgico,184963.20777396322,complete,,,do Centro Cirurgico,184963.20777396322,,
Patient_523,CTI (CC),187389.04189491898,start,ctiBeds,0.0,,,,
Patient_523,CTI (CC),193344.2778651896,complete,ctiBeds,0.0,,,,
Patient_523,CTI prepara Encaminhamento,193344.2778651896,start,,0.0,,,,
Patient_523,CTI prepara Encaminhamento,193376.97853270438,complete,,0.0,,,,
Patient_523,Encaminha_Obito,193376.97853270438,complete,,,Obito,193376.97853270438,,
Patient_523,Discharge,193376.97853270438,complete,,,,,,8413.770758741157
Patient_524,Arrival,185164.8427000532,complete,,0.0,,,,
Patient_524,Origem_da Clinica Medica,185164.8427000532,complete,,,da Clinica Medica,185164.8427000532,,
Patient_524,CTI (CLIM),187828.56711299074,start,ctiBeds,0.0,,,,
Patient_524,CTI (CLIM),202793.92765968747,complete,ctiBeds,0.0,,,,
Patient_524,CTI prepara Encaminhamento,202793.92765968747,start,,0.0,,,,
Patient_524,CTI prepara Encaminhamento,202836.05422651672,complete,,0.0,,,,
Patient_524,Encaminha_para a Clinica Medica,202836.05422651672,complete,,,para a Clinica Medica,202836.05422651672,,
Patient_524,Discharge,202836.05422651672,complete,,,,,,17671.211526463507
Patient_525,Arrival,185650.22527796027,complete,,0.0,,,,
Patient_525,Origem_do Pronto Socorro,185650.22527796027,complete,,,do Pronto Socorro,185650.22527796027,,
Patient_525,CTI (PS),187907.956080751,start,ctiBeds,0.0,,,,
Patient_525,CTI (PS),195421.42714157654,complete,ctiBeds,0.0,,,,
Patient_525,CTI prepara Encaminhamento,195421.42714157654,start,,0.0,,,,
Patient_525,CTI prepara Encaminhamento,195477.20332544012,complete,,0.0,,,,
Patient_525,Encaminha_Transferencia Externa,195477.20332544012,complete,,,Transferencia Externa,195477.20332544012,,
Patient_525,Discharge,195477.20332544012,complete,,,,,,9826.978047479846
Patient_526,Arrival,185923.34827924107,complete,,0.0,,,,
Patient_526,Origem_do Centro Cirurgico,185923.34827924107,complete,,,do Centro Cirurgico,185923.34827924107,,
Patient_526,CTI (CC),188292.6623740842,start,ctiBeds,0.0,,,,
Patient_526,CTI (CC),190732.7515008737,complete,ctiBeds,0.0,,,,
Patient_526,CTI prepara Encaminhamento,190732.7515008737,start,,0.0,,,,
Patient_526,CTI prepara Encaminhamento,190773.4004531823,complete,,0.0,,,,
Patient_526,Encaminha_para a Clinica Medica,190773.4004531823,complete,,,para a Clinica Medica,190773.4004531823,,
Patient_526,Discharge,190773.4004531823,complete,,,,,,4850.052173941222
Patient_527,Arrival,186472.79563030024,complete,,0.0,,,,
Patient_527,Origem_da Clinica Medica,186472.79563030024,complete,,,da Clinica Medica,186472.79563030024,,
Patient_527,CTI (CLIM),188375.57573952776,start,ctiBeds,0.0,,,,
Patient_527,CTI (CLIM),189976.62188112742,complete,ctiBeds,0.0,,,,
Patient_527,CTI prepara Encaminhamento,189976.62188112742,start,,0.0,,,,
Patient_527,CTI prepara Encaminhamento,190024.70050160112,complete,,0.0,,,,
Patient_527,Encaminha_para a Clinica Medica,190024.70050160112,complete,,,para a Clinica Medica,190024.70050160112,,
Patient_527,Discharge,190024.70050160112,complete,,,,,,3551.9048713008815
Patient_528,Arrival,186930.86224863812,complete,,0.0,,,,
Patient_528,Origem_do Pronto Socorro,186930.86224863812,complete,,,do Pronto Socorro,186930.86224863812,,
Patient_528,CTI (PS),189016.76444800853,start,ctiBeds,0.0,,,,
Patient_528,CTI (PS),199850.64632370335,complete,ctiBeds,0.0,,,,
Patient_528,CTI prepara Encaminhamento,199850.64632370335,start,,0.0,,,,
Patient_528,CTI prepara Encaminhamento,199882.87698123744,complete,,0.0,,,,
Patient_528,Encaminha_Obito,199882.87698123744,complete,,,Obito,199882.87698123744,,
Patient_528,Discharge,199882.87698123744,complete,,,,,,12952.014732599317
Patient_529,Arrival,187086.4732183192,complete,,0.0,,,,
Patient_529,Origem_da Clinica Cirurgica,187086.4732183192,complete,,,da Clinica Cirurgica,187086.4732183192,,
Patient_529,CTI (CLIC),189976.62188112742,start,ctiBeds,0.0,,,,
Patient_529,CTI (CLIC),191890.9928444376,complete,ctiBeds,0.0,,,,
Patient_529,CTI prepara Encaminhamento,191890.9928444376,start,,0.0,,,,
Patient_529,CTI prepara Encaminhamento,191946.35624009054,complete,,0.0,,,,
Patient_529,Encaminha_para a Clinica Cirurgica,191946.35624009054,complete,,,para a Clinica Cirurgica,191946.35624009054,,
Patient_529,Discharge,191946.35624009054,complete,,,,,,4859.883021771326
Patient_53,Arrival,14174.798200118028,complete,,0.0,,,,
Patient_53,Origem_da Clinica Cirurgica,14174.798200118028,complete,,,da Clinica Cirurgica,14174.798200118028,,
Patient_53,CTI (CLIC),14174.798200118028,start,ctiBeds,0.0,,,,
Patient_53,CTI (CLIC),16314.376782775387,complete,ctiBeds,0.0,,,,
Patient_53,CTI prepara Encaminhamento,16314.376782775387,start,,0.0,,,,
Patient_53,CTI prepara Encaminhamento,16347.439850567009,complete,,0.0,,,,
Patient_53,Encaminha_Obito,16347.439850567009,complete,,,Obito,16347.439850567009,,
Patient_53,Discharge,16347.439850567009,complete,,,,,,2172.6416504489807
Patient_530,Arrival,187253.07284880316,complete,,0.0,,,,
Patient_530,Origem_do Pronto Socorro,187253.07284880316,complete,,,do Pronto Socorro,187253.07284880316,,
Patient_530,CTI (PS),190732.7515008737,start,ctiBeds,0.0,,,,
Patient_530,CTI (PS),191343.08780094516,complete,ctiBeds,0.0,,,,
Patient_530,CTI prepara Encaminhamento,191343.08780094516,start,,0.0,,,,
Patient_530,CTI prepara Encaminhamento,191376.61574865345,complete,,0.0,,,,
Patient_530,Encaminha_para a Clinica Medica,191376.61574865345,complete,,,para a Clinica Medica,191376.61574865345,,
Patient_530,Discharge,191376.61574865345,complete,,,,,,4123.54289985029
Patient_531,Arrival,187557.20461482575,complete,,0.0,,,,
Patient_531,Origem_do Pronto Socorro,187557.20461482575,complete,,,do Pronto Socorro,187557.20461482575,,
Patient_531,CTI (PS),191343.08780094516,start,ctiBeds,0.0,,,,
Patient_531,CTI (PS),205473.22376365124,complete,ctiBeds,0.0,,,,
Patient_531,CTI prepara Encaminhamento,205473.22376365124,start,,0.0,,,,
Patient_531,CTI prepara Encaminhamento,205508.7391457843,complete,,0.0,,,,
Patient_531,Encaminha_para a Clinica Medica,205508.7391457843,complete,,,para a Clinica Medica,205508.7391457843,,
Patient_531,Discharge,205508.7391457843,complete,,,,,,17951.53453095854
Patient_532,Arrival,188071.02386397353,complete,,0.0,,,,
Patient_532,Origem_da Clinica Cirurgica,188071.02386397353,complete,,,da Clinica Cirurgica,188071.02386397353,,
Patient_532,CTI (CLIC),191638.08718465842,start,ctiBeds,0.0,,,,
Patient_532,CTI (CLIC),192792.82038129354,complete,ctiBeds,0.0,,,,
Patient_532,CTI prepara Encaminhamento,192792.82038129354,start,,0.0,,,,
Patient_532,CTI prepara Encaminhamento,192846.37219764452,complete,,0.0,,,,
Patient_532,Encaminha_para a Clinica Cirurgica,192846.37219764452,complete,,,para a Clinica Cirurgica,192846.37219764452,,
Patient_532,Discharge,192846.37219764452,complete,,,,,,4775.3483336709905
Patient_533,Arrival,188772.3341782752,complete,,0.0,,,,
Patient_533,Origem_do Pronto Socorro,188772.3341782752,complete,,,do Pronto Socorro,188772.3341782752,,
Patient_533,CTI (PS),191736.0444168574,start,ctiBeds,0.0,,,,
Patient_533,CTI (PS),196819.68771723474,complete,ctiBeds,0.0,,,,
Patient_533,CTI prepara Encaminhamento,196819.68771723474,start,,0.0,,,,
Patient_533,CTI prepara Encaminhamento,196874.5767290144,complete,,0.0,,,,
Patient_533,Encaminha_Transferencia Externa,196874.5767290144,complete,,,Transferencia Externa,196874.5767290144,,
Patient_533,Discharge,196874.5767290144,complete,,,,,,8102.242550739204
Patient_534,Arrival,189104.82800571338,complete,,0.0,,,,
Patient_534,Origem_do Centro Cirurgico,189104.82800571338,complete,,,do Centro Cirurgico,189104.82800571338,,
Patient_534,CTI (CC),191890.9928444376,start,ctiBeds,0.0,,,,
Patient_534,CTI (CC),196607.49210386092,complete,ctiBeds,0.0,,,,
Patient_534,CTI prepara Encaminhamento,196607.49210386092,start,,0.0,,,,
Patient_534,CTI prepara Encaminhamento,196655.9535017473,complete,,0.0,,,,
Patient_534,Encaminha_para a Clinica Cirurgica,196655.9535017473,complete,,,para a Clinica Cirurgica,196655.9535017473,,
Patient_534,Discharge,196655.9535017473,complete,,,,,,7551.125496033928
Patient_535,Arrival,189305.92078903518,complete,,0.0,,,,
Patient_535,Origem_do Centro Cirurgico,189305.92078903518,complete,,,do Centro Cirurgico,189305.92078903518,,
Patient_535,CTI (CC),192412.71487058283,start,ctiBeds,0.0,,,,
Patient_535,CTI (CC),194164.44507866065,complete,ctiBeds,0.0,,,,
Patient_535,CTI prepara Encaminhamento,194164.44507866065,start,,0.0,,,,
Patient_535,CTI prepara Encaminhamento,194205.0877784424,complete,,0.0,,,,
Patient_535,Encaminha_para a Clinica Cirurgica,194205.0877784424,complete,,,para a Clinica Cirurgica,194205.0877784424,,
Patient_535,Discharge,194205.0877784424,complete,,,,,,4899.166989407211
Patient_536,Arrival,189517.79677964465,complete,,0.0,,,,
Patient_536,Origem_do Centro Cirurgico,189517.79677964465,complete,,,do Centro Cirurgico,189517.79677964465,,
Patient_536,CTI (CC),192792.82038129354,start,ctiBeds,0.0,,,,
Patient_536,CTI (CC),251147.45877354956,complete,ctiBeds,0.0,,,,
Patient_536,CTI prepara Encaminhamento,251147.45877354956,start,,0.0,,,,
Patient_536,CTI prepara Encaminhamento,251187.1838094459,complete,,0.0,,,,
Patient_536,Encaminha_para a Clinica Medica,251187.1838094459,complete,,,para a Clinica Medica,251187.1838094459,,
Patient_536,Discharge,251187.1838094459,complete,,,,,,61669.38702980126
Patient_537,Arrival,189917.70431930898,complete,,0.0,,,,
Patient_537,Origem_do Pronto Socorro,189917.70431930898,complete,,,do Pronto Socorro,189917.70431930898,,
Patient_537,CTI (PS),193037.86233795987,start,ctiBeds,0.0,,,,
Patient_537,CTI (PS),194201.34883285704,complete,ctiBeds,0.0,,,,
Patient_537,CTI prepara Encaminhamento,194201.34883285704,start,,0.0,,,,
Patient_537,CTI prepara Encaminhamento,194234.9901939652,complete,,0.0,,,,
Patient_537,Encaminha_para a Maternidade,194234.9901939652,complete,,,para a Maternidade,194234.9901939652,,
Patient_537,Discharge,194234.9901939652,complete,,,,,,4317.285874656227
Patient_538,Arrival,190252.31635474236,complete,,0.0,,,,
Patient_538,Origem_do Pronto Socorro,190252.31635474236,complete,,,do Pronto Socorro,190252.31635474236,,
Patient_538,CTI (PS),193344.2778651896,start,ctiBeds,0.0,,,,
Patient_538,CTI (PS),194648.31180918688,complete,ctiBeds,0.0,,,,
Patient_538,CTI prepara Encaminhamento,194648.31180918688,start,,0.0,,,,
Patient_538,CTI prepara Encaminhamento,194706.94705628327,complete,,0.0,,,,
Patient_538,Encaminha_para a Clinica Cirurgica,194706.94705628327,complete,,,para a Clinica Cirurgica,194706.94705628327,,
Patient_538,Discharge,194706.94705628327,complete,,,,,,4454.630701540911
Patient_539,Arrival,191074.15910593388,complete,,0.0,,,,
Patient_539,Origem_do Pronto Socorro,191074.15910593388,complete,,,do Pronto Socorro,191074.15910593388,,
Patient_539,CTI (PS),194164.44507866065,start,ctiBeds,0.0,,,,
Patient_539,CTI (PS),196994.4472135216,complete,ctiBeds,0.0,,,,
Patient_539,CTI prepara Encaminhamento,196994.4472135216,start,,0.0,,,,
Patient_539,CTI prepara Encaminhamento,197046.04155986334,complete,,0.0,,,,
Patient_539,Encaminha_Transferencia Externa,197046.04155986334,complete,,,Transferencia Externa,197046.04155986334,,
Patient_539,Discharge,197046.04155986334,complete,,,,,,5971.882453929458
Patient_54,Arrival,14363.13017041761,complete,,0.0,,,,
Patient_54,Origem_do Pronto Socorro,14363.13017041761,complete,,,do Pronto Socorro,14363.13017041761,,
Patient_54,CTI (PS),14363.13017041761,start,ctiBeds,0.0,,,,
Patient_54,CTI (PS),38816.646797775815,complete,ctiBeds,0.0,,,,
Patient_54,CTI prepara Encaminhamento,38816.646797775815,start,,0.0,,,,
Patient_54,CTI prepara Encaminhamento,38847.424163429,complete,,0.0,,,,
Patient_54,Encaminha_para a Clinica Cirurgica,38847.424163429,complete,,,para a Clinica Cirurgica,38847.424163429,,
Patient_54,Discharge,38847.424163429,complete,,,,,,24484.293993011393
Patient_540,Arrival,191472.54028571374,complete,,0.0,,,,
Patient_540,Origem_do Centro Cirurgico,191472.54028571374,complete,,,do Centro Cirurgico,191472.54028571374,,
Patient_540,CTI (CC),194201.34883285704,start,ctiBeds,0.0,,,,
Patient_540,CTI (CC),197696.3324202653,complete,ctiBeds,0.0,,,,
Patient_540,CTI prepara Encaminhamento,197696.3324202653,start,,0.0,,,,
Patient_540,CTI prepara Encaminhamento,197750.40195877166,complete,,0.0,,,,
Patient_540,Encaminha_Alta Hospitalar,197750.40195877166,complete,,,Alta Hospitalar,197750.40195877166,,
Patient_540,Discharge,197750.40195877166,complete,,,,,,6277.861673057923
Patient_541,Arrival,191489.42834035805,complete,,0.0,,,,
Patient_541,Origem_do Centro Cirurgico,191489.42834035805,complete,,,do Centro Cirurgico,191489.42834035805,,
Patient_541,CTI (CC),194551.28719814215,start,ctiBeds,0.0,,,,
Patient_541,CTI (CC),195795.05945550697,complete,ctiBeds,0.0,,,,
Patient_541,CTI prepara Encaminhamento,195795.05945550697,start,,0.0,,,,
Patient_541,CTI prepara Encaminhamento,195826.76433025164,complete,,0.0,,,,
Patient_541,Encaminha_para a Clinica Cirurgica,195826.76433025164,complete,,,para a Clinica Cirurgica,195826.76433025164,,
Patient_541,Discharge,195826.76433025164,complete,,,,,,4337.335989893589
Patient_542,Arrival,191786.66231202998,complete,,0.0,,,,
Patient_542,Origem_do Centro Cirurgico,191786.66231202998,complete,,,do Centro Cirurgico,191786.66231202998,,
Patient_542,CTI (CC),194648.31180918688,start,ctiBeds,0.0,,,,
Patient_542,CTI (CC),198765.32654936964,complete,ctiBeds,0.0,,,,
Patient_542,CTI prepara Encaminhamento,198765.32654936964,start,,0.0,,,,
Patient_542,CTI prepara Encaminhamento,198800.26331537016,complete,,0.0,,,,
Patient_542,Encaminha_para a Maternidade,198800.26331537016,complete,,,para a Maternidade,198800.26331537016,,
Patient_542,Discharge,198800.26331537016,complete,,,,,,7013.6010033401835
Patient_543,Arrival,192387.87662069566,complete,,0.0,,,,
Patient_543,Origem_da Clinica Medica,192387.87662069566,complete,,,da Clinica Medica,192387.87662069566,,
Patient_543,CTI (CLIM),195421.42714157654,start,ctiBeds,0.0,,,,
Patient_543,CTI (CLIM),236755.3339804457,complete,ctiBeds,0.0,,,,
Patient_543,CTI prepara Encaminhamento,236755.3339804457,start,,0.0,,,,
Patient_543,CTI prepara Encaminhamento,236800.35546289093,complete,,0.0,,,,
Patient_543,Encaminha_para a Clinica Cirurgica,236800.35546289093,complete,,,para a Clinica Cirurgica,236800.35546289093,,
Patient_543,Discharge,236800.35546289093,complete,,,,,,44412.47884219527
Patient_544,Arrival,192812.44069861356,complete,,0.0,,,,
Patient_544,Origem_do Pronto Socorro,192812.44069861356,complete,,,do Pronto Socorro,192812.44069861356,,
Patient_544,CTI (PS),195795.05945550697,start,ctiBeds,0.0,,,,
Patient_544,CTI (PS),202928.66250255224,complete,ctiBeds,0.0,,,,
Patient_544,CTI prepara Encaminhamento,202928.66250255224,start,,0.0,,,,
Patient_544,CTI prepara Encaminhamento,202963.39879772568,complete,,0.0,,,,
Patient_544,Encaminha_para a Clinica Medica,202963.39879772568,complete,,,para a Clinica Medica,202963.39879772568,,
Patient_544,Discharge,202963.39879772568,complete,,,,,,10150.958099112118
Patient_545,Arrival,192877.48766840127,complete,,0.0,,,,
Patient_545,Origem_do Centro Cirurgico,192877.48766840127,complete,,,do Centro Cirurgico,192877.48766840127,,
Patient_545,CTI (CC),196607.49210386092,start,ctiBeds,0.0,,,,
Patient_545,CTI (CC),199953.11648867314,complete,ctiBeds,0.0,,,,
Patient_545,CTI prepara Encaminhamento,199953.11648867314,start,,0.0,,,,
Patient_545,CTI prepara Encaminhamento,200007.54464505697,complete,,0.0,,,,
Patient_545,Encaminha_para a Clinica Medica,200007.54464505697,complete,,,para a Clinica Medica,200007.54464505697,,
Patient_545,Discharge,200007.54464505697,complete,,,,,,7130.056976655702
Patient_546,Arrival,193228.35340976506,complete,,0.0,,,,
Patient_546,Origem_do Pronto Socorro,193228.35340976506,complete,,,do Pronto Socorro,193228.35340976506,,
Patient_546,CTI (PS),196819.68771723474,start,ctiBeds,0.0,,,,
Patient_546,CTI (PS),219202.8383139086,complete,ctiBeds,0.0,,,,
Patient_546,CTI prepara Encaminhamento,219202.8383139086,start,,0.0,,,,
Patient_546,CTI prepara Encaminhamento,219237.0402099816,complete,,0.0,,,,
Patient_546,Encaminha_para a Clinica Medica,219237.0402099816,complete,,,para a Clinica Medica,219237.0402099816,,
Patient_546,Discharge,219237.0402099816,complete,,,,,,26008.686800216557
Patient_547,Arrival,194134.2415653407,complete,,0.0,,,,
Patient_547,Origem_do Pronto Socorro,194134.2415653407,complete,,,do Pronto Socorro,194134.2415653407,,
Patient_547,CTI (PS),196994.4472135216,start,ctiBeds,0.0,,,,
Patient_547,CTI (PS),230048.1714927068,complete,ctiBeds,0.0,,,,
Patient_547,CTI prepara Encaminhamento,230048.1714927068,start,,0.0,,,,
Patient_547,CTI prepara Encaminhamento,230079.70333355735,complete,,0.0,,,,
Patient_547,Encaminha_Transferencia Externa,230079.70333355735,complete,,,Transferencia Externa,230079.70333355735,,
Patient_547,Discharge,230079.70333355735,complete,,,,,,35945.46176821666
Patient_548,Arrival,194727.1044651237,complete,,0.0,,,,
Patient_548,Origem_do Pronto Socorro,194727.1044651237,complete,,,do Pronto Socorro,194727.1044651237,,
Patient_548,CTI (PS),197696.3324202653,start,ctiBeds,0.0,,,,
Patient_548,CTI (PS),205152.09641100522,complete,ctiBeds,0.0,,,,
Patient_548,CTI prepara Encaminhamento,205152.09641100522,start,,0.0,,,,
Patient_548,CTI prepara Encaminhamento,205188.47514951808,complete,,0.0,,,,
Patient_548,Encaminha_Obito,205188.47514951808,complete,,,Obito,205188.47514951808,,
Patient_548,Discharge,205188.47514951808,complete,,,,,,10461.37068439438
Patient_549,Arrival,195367.2301220364,complete,,0.0,,,,
Patient_549,Origem_do Pronto Socorro,195367.2301220364,complete,,,do Pronto Socorro,195367.2301220364,,
Patient_549,CTI (PS),198765.32654936964,start,ctiBeds,0.0,,,,
Patient_549,CTI (PS),208151.39674402928,complete,ctiBeds,0.0,,,,
Patient_549,CTI prepara Encaminhamento,208151.39674402928,start,,0.0,,,,
Patient_549,CTI prepara Encaminhamento,208197.51932317766,complete,,0.0,,,,
Patient_549,Encaminha_para a Clinica Medica,208197.51932317766,complete,,,para a Clinica Medica,208197.51932317766,,
Patient_549,Discharge,208197.51932317766,complete,,,,,,12830.289201141277
Patient_55,Arrival,14448.112957939898,complete,,0.0,,,,
Patient_55,Origem_do Pronto Socorro,14448.112957939898,complete,,,do Pronto Socorro,14448.112957939898,,
Patient_55,CTI (PS),14448.112957939898,start,ctiBeds,0.0,,,,
Patient_55,CTI (PS),31701.643635478973,complete,ctiBeds,0.0,,,,
Patient_55,CTI prepara Encaminhamento,31701.643635478973,start,,0.0,,,,
Patient_55,CTI prepara Encaminhamento,31756.772550592133,complete,,0.0,,,,
Patient_55,Encaminha_para a Clinica Medica,31756.772550592133,complete,,,para a Clinica Medica,31756.772550592133,,
Patient_55,Discharge,31756.772550592133,complete,,,,,,17308.659592652235
Patient_550,Arrival,195768.75840672344,complete,,0.0,,,,
Patient_550,Origem_da Clinica Cirurgica,195768.75840672344,complete,,,da Clinica Cirurgica,195768.75840672344,,
Patient_550,CTI (CLIC),199319.1908406012,start,ctiBeds,0.0,,,,
Patient_550,CTI (CLIC),228928.1530594359,complete,ctiBeds,0.0,,,,
Patient_550,CTI prepara Encaminhamento,228928.1530594359,start,,0.0,,,,
Patient_550,CTI prepara Encaminhamento,228974.15868633427,complete,,0.0,,,,
Patient_550,Encaminha_para a Clinica Medica,228974.15868633427,complete,,,para a Clinica Medica,228974.15868633427,,
Patient_550,Discharge,228974.15868633427,complete,,,,,,33205.400279610825
Patient_551,Arrival,196694.80963861634,complete,,0.0,,,,
Patient_551,Origem_da Clinica Medica,196694.80963861634,complete,,,da Clinica Medica,196694.80963861634,,
Patient_551,CTI (CLIM),199803.67563914825,start,ctiBeds,0.0,,,,
Patient_551,CTI (CLIM),224435.30412632515,complete,ctiBeds,0.0,,,,
Patient_551,CTI prepara Encaminhamento,224435.30412632515,start,,0.0,,,,
Patient_551,CTI prepara Encaminhamento,224466.96936847834,complete,,0.0,,,,
Patient_551,Encaminha_para a Clinica Medica,224466.96936847834,complete,,,para a Clinica Medica,224466.96936847834,,
Patient_551,Discharge,224466.96936847834,complete,,,,,,27772.159729862004
Patient_552,Arrival,197356.58686286162,complete,,0.0,,,,
Patient_552,Origem_da Clinica Cirurgica,197356.58686286162,complete,,,da Clinica Cirurgica,197356.58686286162,,
Patient_552,CTI (CLIC),199812.98177846608,start,ctiBeds,0.0,,,,
Patient_552,CTI (CLIC),203085.47878811133,complete,ctiBeds,0.0,,,,
Patient_552,CTI prepara Encaminhamento,203085.47878811133,start,,0.0,,,,
Patient_552,CTI prepara Encaminhamento,203143.41711623472,complete,,0.0,,,,
Patient_552,Encaminha_para a Clinica Medica,203143.41711623472,complete,,,para a Clinica Medica,203143.41711623472,,
Patient_552,Discharge,203143.41711623472,complete,,,,,,5786.830253373104
Patient_553,Arrival,197895.75644397983,complete,,0.0,,,,
Patient_553,Origem_da Clinica Cirurgica,197895.75644397983,complete,,,da Clinica Cirurgica,197895.75644397983,,
Patient_553,CTI (CLIC),199850.64632370335,start,ctiBeds,0.0,,,,
Patient_553,CTI (CLIC),201889.12945154338,complete,ctiBeds,0.0,,,,
Patient_553,CTI prepara Encaminhamento,201889.12945154338,start,,0.0,,,,
Patient_553,CTI prepara Encaminhamento,201944.47324129706,complete,,0.0,,,,
Patient_553,Encaminha_para a Clinica Cirurgica,201944.47324129706,complete,,,para a Clinica Cirurgica,201944.47324129706,,
Patient_553,Discharge,201944.47324129706,complete,,,,,,4048.7167973172327
Patient_554,Arrival,198243.04437265123,complete,,0.0,,,,
Patient_554,Origem_da Clinica Cirurgica,198243.04437265123,complete,,,da Clinica Cirurgica,198243.04437265123,,
Patient_554,CTI (CLIC),199953.11648867314,start,ctiBeds,0.0,,,,
Patient_554,CTI (CLIC),202018.95891655982,complete,ctiBeds,0.0,,,,
Patient_554,CTI prepara Encaminhamento,202018.95891655982,start,,0.0,,,,
Patient_554,CTI prepara Encaminhamento,202055.9284263733,complete,,0.0,,,,
Patient_554,Encaminha_Obito,202055.9284263733,complete,,,Obito,202055.9284263733,,
Patient_554,Discharge,202055.9284263733,complete,,,,,,3812.884053722082
Patient_555,Arrival,198407.85699565653,complete,,0.0,,,,
Patient_555,Origem_do Pronto Socorro,198407.85699565653,complete,,,do Pronto Socorro,198407.85699565653,,
Patient_555,CTI (PS),200913.9006104291,start,ctiBeds,0.0,,,,
Patient_555,CTI (PS),217702.22565280463,complete,ctiBeds,0.0,,,,
Patient_555,CTI prepara Encaminhamento,217702.22565280463,start,,0.0,,,,
Patient_555,CTI prepara Encaminhamento,217741.85022210717,complete,,0.0,,,,
Patient_555,Encaminha_para a Clinica Medica,217741.85022210717,complete,,,para a Clinica Medica,217741.85022210717,,
Patient_555,Discharge,217741.85022210717,complete,,,,,,19333.993226450635
Patient_556,Arrival,198477.81343789567,complete,,0.0,,,,
Patient_556,Origem_do Centro Cirurgico,198477.81343789567,complete,,,do Centro Cirurgico,198477.81343789567,,
Patient_556,CTI (CC),200992.78665069176,start,ctiBeds,0.0,,,,
Patient_556,CTI (CC),224587.36687530004,complete,ctiBeds,0.0,,,,
Patient_556,CTI prepara Encaminhamento,224587.36687530004,start,,0.0,,,,
Patient_556,CTI prepara Encaminhamento,224627.8576326419,complete,,0.0,,,,
Patient_556,Encaminha_para a Clinica Cirurgica,224627.8576326419,complete,,,para a Clinica Cirurgica,224627.8576326419,,
Patient_556,Discharge,224627.8576326419,complete,,,,,,26150.04419474624
Patient_557,Arrival,199141.07572866118,complete,,0.0,,,,
Patient_557,Origem_do Pronto Socorro,199141.07572866118,complete,,,do Pronto Socorro,199141.07572866118,,
Patient_557,CTI (PS),201548.7281944157,start,ctiBeds,0.0,,,,
Patient_557,CTI (PS),215044.63441207676,complete,ctiBeds,0.0,,,,
Patient_557,CTI prepara Encaminhamento,215044.63441207676,start,,0.0,,,,
Patient_557,CTI prepara Encaminhamento,215097.54716200265,complete,,0.0,,,,
Patient_557,Encaminha_Obito,215097.54716200265,complete,,,Obito,215097.54716200265,,
Patient_557,Discharge,215097.54716200265,complete,,,,,,15956.471433341474
Patient_558,Arrival,200276.528686584,complete,,0.0,,,,
Patient_558,Origem_da Clinica Cirurgica,200276.528686584,complete,,,da Clinica Cirurgica,200276.528686584,,
Patient_558,CTI (CLIC),201822.2589209659,start,ctiBeds,0.0,,,,
Patient_558,CTI (CLIC),208406.4971131989,complete,ctiBeds,0.0,,,,
Patient_558,CTI prepara Encaminhamento,208406.4971131989,start,,0.0,,,,
Patient_558,CTI prepara Encaminhamento,208439.80098104515,complete,,0.0,,,,
Patient_558,Encaminha_para a Clinica Medica,208439.80098104515,complete,,,para a Clinica Medica,208439.80098104515,,
Patient_558,Discharge,208439.80098104515,complete,,,,,,8163.272294461145
Patient_559,Arrival,200667.06402802342,complete,,0.0,,,,
Patient_559,Origem_do Centro Cirurgico,200667.06402802342,complete,,,do Centro Cirurgico,200667.06402802342,,
Patient_559,CTI (CC),201889.12945154338,start,ctiBeds,0.0,,,,
Patient_559,CTI (CC),210070.37165787825,complete,ctiBeds,0.0,,,,
Patient_559,CTI prepara Encaminhamento,210070.37165787825,start,,0.0,,,,
Patient_559,CTI prepara Encaminhamento,210106.08442669283,complete,,0.0,,,,
Patient_559,Encaminha_Transferencia Externa,210106.08442669283,complete,,,Transferencia Externa,210106.08442669283,,
Patient_559,Discharge,210106.08442669283,complete,,,,,,9439.02039866941
Patient_56,Arrival,14790.377255295922,complete,,0.0,,,,
Patient_56,Origem_do Centro Cirurgico,14790.377255295922,complete,,,do Centro Cirurgico,14790.377255295922,,
Patient_56,CTI (CC),14790.377255295922,start,ctiBeds,0.0,,,,
Patient_56,CTI (CC),28383.685923343575,complete,ctiBeds,0.0,,,,
Patient_56,CTI prepara Encaminhamento,28383.685923343575,start,,0.0,,,,
Patient_56,CTI prepara Encaminhamento,28430.45825885863,complete,,0.0,,,,
Patient_56,Encaminha_para a Clinica Cirurgica,28430.45825885863,complete,,,para a Clinica Cirurgica,28430.45825885863,,
Patient_56,Discharge,28430.45825885863,complete,,,,,,13640.08100356271
Patient_560,Arrival,200706.26091239636,complete,,0.0,,,,
Patient_560,Origem_do Pronto Socorro,200706.26091239636,complete,,,do Pronto Socorro,200706.26091239636,,
Patient_560,CTI (PS),201948.27557959093,start,ctiBeds,0.0,,,,
Patient_560,CTI (PS),229324.1591581838,complete,ctiBeds,0.0,,,,
Patient_560,CTI prepara Encaminhamento,229324.1591581838,start,,0.0,,,,
Patient_560,CTI prepara Encaminhamento,229372.55752593596,complete,,0.0,,,,
Patient_560,Encaminha_para a Clinica Medica,229372.55752593596,complete,,,para a Clinica Medica,229372.55752593596,,
Patient_560,Discharge,229372.55752593596,complete,,,,,,28666.2966135396
Patient_561,Arrival,201006.97942754038,complete,,0.0,,,,
Patient_561,Origem_do Pronto Socorro,201006.97942754038,complete,,,do Pronto Socorro,201006.97942754038,,
Patient_561,CTI (PS),202018.95891655982,start,ctiBeds,0.0,,,,
Patient_561,CTI (PS),211650.3565230616,complete,ctiBeds,0.0,,,,
Patient_561,CTI prepara Encaminhamento,211650.3565230616,start,,0.0,,,,
Patient_561,CTI prepara Encaminhamento,211695.81199592914,complete,,0.0,,,,
Patient_561,Encaminha_Transferencia Externa,211695.81199592914,complete,,,Transferencia Externa,211695.81199592914,,
Patient_561,Discharge,211695.81199592914,complete,,,,,,10688.832568388752
Patient_562,Arrival,201109.86923342952,complete,,0.0,,,,
Patient_562,Origem_do Pronto Socorro,201109.86923342952,complete,,,do Pronto Socorro,201109.86923342952,,
Patient_562,CTI (PS),202793.92765968747,start,ctiBeds,0.0,,,,
Patient_562,CTI (PS),207145.581781096,complete,ctiBeds,0.0,,,,
Patient_562,CTI prepara Encaminhamento,207145.581781096,start,,0.0,,,,
Patient_562,CTI prepara Encaminhamento,207188.155991191,complete,,0.0,,,,
Patient_562,Encaminha_para a Clinica Cirurgica,207188.155991191,complete,,,para a Clinica Cirurgica,207188.155991191,,
Patient_562,Discharge,207188.155991191,complete,,,,,,6078.286757761467
Patient_563,Arrival,201795.87535279806,complete,,0.0,,,,
Patient_563,Origem_do Centro Cirurgico,201795.87535279806,complete,,,do Centro Cirurgico,201795.87535279806,,
Patient_563,CTI (CC),202928.66250255224,start,ctiBeds,0.0,,,,
Patient_563,CTI (CC),234102.71853717268,complete,ctiBeds,0.0,,,,
Patient_563,CTI prepara Encaminhamento,234102.71853717268,start,,0.0,,,,
Patient_563,CTI prepara Encaminhamento,234145.83091302466,complete,,0.0,,,,
Patient_563,Encaminha_Obito,234145.83091302466,complete,,,Obito,234145.83091302466,,
Patient_563,Discharge,234145.83091302466,complete,,,,,,32349.955560226605
Patient_564,Arrival,201823.0529942057,complete,,0.0,,,,
Patient_564,Origem_do Pronto Socorro,201823.0529942057,complete,,,do Pronto Socorro,201823.0529942057,,
Patient_564,CTI (PS),203085.47878811133,start,ctiBeds,0.0,,,,
Patient_564,CTI (PS),206639.60167268277,complete,ctiBeds,0.0,,,,
Patient_564,CTI prepara Encaminhamento,206639.60167268277,start,,0.0,,,,
Patient_564,CTI prepara Encaminhamento,206683.33705633617,complete,,0.0,,,,
Patient_564,Encaminha_Obito,206683.33705633617,complete,,,Obito,206683.33705633617,,
Patient_564,Discharge,206683.33705633617,complete,,,,,,4860.284062130464
Patient_565,Arrival,202009.53537887652,complete,,0.0,,,,
Patient_565,Origem_do Centro Cirurgico,202009.53537887652,complete,,,do Centro Cirurgico,202009.53537887652,,
Patient_565,CTI (CC),203392.26836558135,start,ctiBeds,0.0,,,,
Patient_565,CTI (CC),204105.27822034876,complete,ctiBeds,0.0,,,,
Patient_565,CTI prepara Encaminhamento,204105.27822034876,start,,0.0,,,,
Patient_565,CTI prepara Encaminhamento,204135.47372006383,complete,,0.0,,,,
Patient_565,Encaminha_para a Clinica Cirurgica,204135.47372006383,complete,,,para a Clinica Cirurgica,204135.47372006383,,
Patient_565,Discharge,204135.47372006383,complete,,,,,,2125.938341187313
Patient_566,Arrival,202736.05463403437,complete,,0.0,,,,
Patient_566,Origem_do Pronto Socorro,202736.05463403437,complete,,,do Pronto Socorro,202736.05463403437,,
Patient_566,CTI (PS),204105.27822034876,start,ctiBeds,0.0,,,,
Patient_566,CTI (PS),206947.50760976237,complete,ctiBeds,0.0,,,,
Patient_566,CTI prepara Encaminhamento,206947.50760976237,start,,0.0,,,,
Patient_566,CTI prepara Encaminhamento,206993.81597247545,complete,,0.0,,,,
Patient_566,Encaminha_para a Clinica Cirurgica,206993.81597247545,complete,,,para a Clinica Cirurgica,206993.81597247545,,
Patient_566,Discharge,206993.81597247545,complete,,,,,,4257.76133844108
Patient_567,Arrival,204776.2550703555,complete,,0.0,,,,
Patient_567,Origem_do Centro Cirurgico,204776.2550703555,complete,,,do Centro Cirurgico,204776.2550703555,,
Patient_567,CTI (CC),205152.09641100522,start,ctiBeds,0.0,,,,
Patient_567,CTI (CC),211160.88028878896,complete,ctiBeds,0.0,,,,
Patient_567,CTI prepara Encaminhamento,211160.88028878896,start,,0.0,,,,
Patient_567,CTI prepara Encaminhamento,211210.82460682758,complete,,0.0,,,,
Patient_567,Encaminha_para a Clinica Cirurgica,211210.82460682758,complete,,,para a Clinica Cirurgica,211210.82460682758,,
Patient_567,Discharge,211210.82460682758,complete,,,,,,6434.569536472089
Patient_568,Arrival,204958.26729027252,complete,,0.0,,,,
Patient_568,Origem_do Centro Cirurgico,204958.26729027252,complete,,,do Centro Cirurgico,204958.26729027252,,
Patient_568,CTI (CC),205473.22376365124,start,ctiBeds,0.0,,,,
Patient_568,CTI (CC),208581.33747492483,complete,ctiBeds,0.0,,,,
Patient_568,CTI prepara Encaminhamento,208581.33747492483,start,,0.0,,,,
Patient_568,CTI prepara Encaminhamento,208637.74168888776,complete,,0.0,,,,
Patient_568,Encaminha_para a Clinica Cirurgica,208637.74168888776,complete,,,para a Clinica Cirurgica,208637.74168888776,,
Patient_568,Discharge,208637.74168888776,complete,,,,,,3679.474398615246
Patient_569,Arrival,205671.52430648546,complete,,0.0,,,,
Patient_569,Origem_do Centro Cirurgico,205671.52430648546,complete,,,do Centro Cirurgico,205671.52430648546,,
Patient_569,CTI (CC),206639.60167268277,start,ctiBeds,0.0,,,,
Patient_569,CTI (CC),271353.0952645532,complete,ctiBeds,0.0,,,,
Patient_569,CTI prepara Encaminhamento,271353.0952645532,start,,0.0,,,,
Patient_569,CTI prepara Encaminhamento,271386.3304547799,complete,,0.0,,,,
Patient_569,Encaminha_para a Clinica Cirurgica,271386.3304547799,complete,,,para a Clinica Cirurgica,271386.3304547799,,
Patient_569,Discharge,271386.3304547799,complete,,,,,,65714.80614829445
Patient_57,Arrival,14879.38352565466,complete,,0.0,,,,
Patient_57,Origem_do Pronto Socorro,14879.38352565466,complete,,,do Pronto Socorro,14879.38352565466,,
Patient_57,CTI (PS),14879.38352565466,start,ctiBeds,0.0,,,,
Patient_57,CTI (PS),23249.327459381686,complete,ctiBeds,0.0,,,,
Patient_57,CTI prepara Encaminhamento,23249.327459381686,start,,0.0,,,,
Patient_57,CTI prepara Encaminhamento,23302.486346087197,complete,,0.0,,,,
Patient_57,Encaminha_para a Clinica Cirurgica,23302.486346087197,complete,,,para a Clinica Cirurgica,23302.486346087197,,
Patient_57,Discharge,23302.486346087197,complete,,,,,,8423.102820432536
Patient_570,Arrival,206191.6082507816,complete,,0.0,,,,
Patient_570,Origem_do Pronto Socorro,206191.6082507816,complete,,,do Pronto Socorro,206191.6082507816,,
Patient_570,CTI (PS),206947.50760976237,start,ctiBeds,0.0,,,,
Patient_570,CTI (PS),241425.90504138736,complete,ctiBeds,0.0,,,,
Patient_570,CTI prepara Encaminhamento,241425.90504138736,start,,0.0,,,,
Patient_570,CTI prepara Encaminhamento,241471.77052503143,complete,,0.0,,,,
Patient_570,Encaminha_para a Clinica Medica,241471.77052503143,complete,,,para a Clinica Medica,241471.77052503143,,
Patient_570,Discharge,241471.77052503143,complete,,,,,,35280.16227424983
Patient_571,Arrival,206598.8517880852,complete,,0.0,,,,
Patient_571,Origem_da Clinica Cirurgica,206598.8517880852,complete,,,da Clinica Cirurgica,206598.8517880852,,
Patient_571,CTI (CLIC),207145.581781096,start,ctiBeds,0.0,,,,
Patient_571,CTI (CLIC),214677.89004453924,complete,ctiBeds,0.0,,,,
Patient_571,CTI prepara Encaminhamento,214677.89004453924,start,,0.0,,,,
Patient_571,CTI prepara Encaminhamento,214736.4544772833,complete,,0.0,,,,
Patient_571,Encaminha_para a Clinica Cirurgica,214736.4544772833,complete,,,para a Clinica Cirurgica,214736.4544772833,,
Patient_571,Discharge,214736.4544772833,complete,,,,,,8137.602689198102
Patient_572,Arrival,206625.6403620336,complete,,0.0,,,,
Patient_572,Origem_do Pronto Socorro,206625.6403620336,complete,,,do Pronto Socorro,206625.6403620336,,
Patient_572,CTI (PS),208151.39674402928,start,ctiBeds,0.0,,,,
Patient_572,CTI (PS),234404.78757299928,complete,ctiBeds,0.0,,,,
Patient_572,CTI prepara Encaminhamento,234404.78757299928,start,,0.0,,,,
Patient_572,CTI prepara Encaminhamento,234440.8067924363,complete,,0.0,,,,
Patient_572,Encaminha_para a Clinica Cirurgica,234440.8067924363,complete,,,para a Clinica Cirurgica,234440.8067924363,,
Patient_572,Discharge,234440.8067924363,complete,,,,,,27815.16643040272
Patient_573,Arrival,207278.88021189044,complete,,0.0,,,,
Patient_573,Origem_do Pronto Socorro,207278.88021189044,complete,,,do Pronto Socorro,207278.88021189044,,
Patient_573,CTI (PS),208406.4971131989,start,ctiBeds,0.0,,,,
Patient_573,CTI (PS),221933.86923887677,complete,ctiBeds,0.0,,,,
Patient_573,CTI prepara Encaminhamento,221933.86923887677,start,,0.0,,,,
Patient_573,CTI prepara Encaminhamento,221992.78842074543,complete,,0.0,,,,
Patient_573,Encaminha_para a Clinica Cirurgica,221992.78842074543,complete,,,para a Clinica Cirurgica,221992.78842074543,,
Patient_573,Discharge,221992.78842074543,complete,,,,,,14713.908208854991
Patient_574,Arrival,207508.7295913129,complete,,0.0,,,,
Patient_574,Origem_do Pronto Socorro,207508.7295913129,complete,,,do Pronto Socorro,207508.7295913129,,
Patient_574,CTI (PS),208581.33747492483,start,ctiBeds,0.0,,,,
Patient_574,CTI (PS),210613.13306773547,complete,ctiBeds,0.0,,,,
Patient_574,CTI prepara Encaminhamento,210613.13306773547,start,,0.0,,,,
Patient_574,CTI prepara Encaminhamento,210657.8472613777,complete,,0.0,,,,
Patient_574,Encaminha_para a Clinica Cirurgica,210657.8472613777,complete,,,para a Clinica Cirurgica,210657.8472613777,,
Patient_574,Discharge,210657.8472613777,complete,,,,,,3149.117670064792
Patient_575,Arrival,207881.57452645552,complete,,0.0,,,,
Patient_575,Origem_do Pronto Socorro,207881.57452645552,complete,,,do Pronto Socorro,207881.57452645552,,
Patient_575,CTI (PS),209829.89857883324,start,ctiBeds,0.0,,,,
Patient_575,CTI (PS),212015.28342367554,complete,ctiBeds,0.0,,,,
Patient_575,CTI prepara Encaminhamento,212015.28342367554,start,,0.0,,,,
Patient_575,CTI prepara Encaminhamento,212071.15058968263,complete,,0.0,,,,
Patient_575,Encaminha_para a Clinica Medica,212071.15058968263,complete,,,para a Clinica Medica,212071.15058968263,,
Patient_575,Discharge,212071.15058968263,complete,,,,,,4189.576063227112
Patient_576,Arrival,208345.51059640275,complete,,0.0,,,,
Patient_576,Origem_do Pronto Socorro,208345.51059640275,complete,,,do Pronto Socorro,208345.51059640275,,
Patient_576,CTI (PS),210070.37165787825,start,ctiBeds,0.0,,,,
Patient_576,CTI (PS),210873.3381450979,complete,ctiBeds,0.0,,,,
Patient_576,CTI prepara Encaminhamento,210873.3381450979,start,,0.0,,,,
Patient_576,CTI prepara Encaminhamento,210921.1147159254,complete,,0.0,,,,
Patient_576,Encaminha_Obito,210921.1147159254,complete,,,Obito,210921.1147159254,,
Patient_576,Discharge,210921.1147159254,complete,,,,,,2575.6041195226426
Patient_577,Arrival,208597.53628059285,complete,,0.0,,,,
Patient_577,Origem_do Pronto Socorro,208597.53628059285,complete,,,do Pronto Socorro,208597.53628059285,,
Patient_577,CTI (PS),210613.13306773547,start,ctiBeds,0.0,,,,
Patient_577,CTI (PS),234446.06455932226,complete,ctiBeds,0.0,,,,
Patient_577,CTI prepara Encaminhamento,234446.06455932226,start,,0.0,,,,
Patient_577,CTI prepara Encaminhamento,234505.00979271616,complete,,0.0,,,,
Patient_577,Encaminha_para a Clinica Medica,234505.00979271616,complete,,,para a Clinica Medica,234505.00979271616,,
Patient_577,Discharge,234505.00979271616,complete,,,,,,25907.47351212331
Patient_578,Arrival,208942.0644343027,complete,,0.0,,,,
Patient_578,Origem_do Pronto Socorro,208942.0644343027,complete,,,do Pronto Socorro,208942.0644343027,,
Patient_578,CTI (PS),210873.3381450979,start,ctiBeds,0.0,,,,
Patient_578,CTI (PS),212462.71416104093,complete,ctiBeds,0.0,,,,
Patient_578,CTI prepara Encaminhamento,212462.71416104093,start,,0.0,,,,
Patient_578,CTI prepara Encaminhamento,212494.41130294587,complete,,0.0,,,,
Patient_578,Encaminha_Obito,212494.41130294587,complete,,,Obito,212494.41130294587,,
Patient_578,Discharge,212494.41130294587,complete,,,,,,3552.346868643159
Patient_579,Arrival,208986.87017802236,complete,,0.0,,,,
Patient_579,Origem_do Centro Cirurgico,208986.87017802236,complete,,,do Centro Cirurgico,208986.87017802236,,
Patient_579,CTI (CC),210904.83384693612,start,ctiBeds,0.0,,,,
Patient_579,CTI (CC),219134.26836147968,complete,ctiBeds,0.0,,,,
Patient_579,CTI prepara Encaminhamento,219134.26836147968,start,,0.0,,,,
Patient_579,CTI prepara Encaminhamento,219188.3038764563,complete,,0.0,,,,
Patient_579,Encaminha_para a Clinica Medica,219188.3038764563,complete,,,para a Clinica Medica,219188.3038764563,,
Patient_579,Discharge,219188.3038764563,complete,,,,,,10201.433698433946
Patient_58,Arrival,15491.782890356677,complete,,0.0,,,,
Patient_58,Origem_da Clinica Cirurgica,15491.782890356677,complete,,,da Clinica Cirurgica,15491.782890356677,,
Patient_58,CTI (CLIC),15491.782890356677,start,ctiBeds,0.0,,,,
Patient_58,CTI (CLIC),22707.108830489244,complete,ctiBeds,0.0,,,,
Patient_58,CTI prepara Encaminhamento,22707.108830489244,start,,0.0,,,,
Patient_58,CTI prepara Encaminhamento,22753.773612252353,complete,,0.0,,,,
Patient_58,Encaminha_para a Clinica Cirurgica,22753.773612252353,complete,,,para a Clinica Cirurgica,22753.773612252353,,
Patient_58,Discharge,22753.773612252353,complete,,,,,,7261.990721895676
Patient_580,Arrival,209022.13883945296,complete,,0.0,,,,
Patient_580,Origem_do Centro Cirurgico,209022.13883945296,complete,,,do Centro Cirurgico,209022.13883945296,,
Patient_580,CTI (CC),211160.88028878896,start,ctiBeds,0.0,,,,
Patient_580,CTI (CC),214145.10083869155,complete,ctiBeds,0.0,,,,
Patient_580,CTI prepara Encaminhamento,214145.10083869155,start,,0.0,,,,
Patient_580,CTI prepara Encaminhamento,214190.57085173516,complete,,0.0,,,,
Patient_580,Encaminha_Obito,214190.57085173516,complete,,,Obito,214190.57085173516,,
Patient_580,Discharge,214190.57085173516,complete,,,,,,5168.4320122821955
Patient_581,Arrival,209564.46652081035,complete,,0.0,,,,
Patient_581,Origem_do Centro Cirurgico,209564.46652081035,complete,,,do Centro Cirurgico,209564.46652081035,,
Patient_581,CTI (CC),211650.3565230616,start,ctiBeds,0.0,,,,
Patient_581,CTI (CC),212792.92099421695,complete,ctiBeds,0.0,,,,
Patient_581,CTI prepara Encaminhamento,212792.92099421695,start,,0.0,,,,
Patient_581,CTI prepara Encaminhamento,212844.62549670757,complete,,0.0,,,,
Patient_581,Encaminha_para a Clinica Medica,212844.62549670757,complete,,,para a Clinica Medica,212844.62549670757,,
Patient_581,Discharge,212844.62549670757,complete,,,,,,3280.1589758972113
Patient_582,Arrival,209783.42896780535,complete,,0.0,,,,
Patient_582,Origem_do Centro Cirurgico,209783.42896780535,complete,,,do Centro Cirurgico,209783.42896780535,,
Patient_582,CTI (CC),212015.28342367554,start,ctiBeds,0.0,,,,
Patient_582,CTI (CC),220695.49182102864,complete,ctiBeds,0.0,,,,
Patient_582,CTI prepara Encaminhamento,220695.49182102864,start,,0.0,,,,
Patient_582,CTI prepara Encaminhamento,220749.69433186203,complete,,0.0,,,,
Patient_582,Encaminha_Obito,220749.69433186203,complete,,,Obito,220749.69433186203,,
Patient_582,Discharge,220749.69433186203,complete,,,,,,10966.265364056686
Patient_583,Arrival,210060.63891241414,complete,,0.0,,,,
Patient_583,Origem_do Centro Cirurgico,210060.63891241414,complete,,,do Centro Cirurgico,210060.63891241414,,
Patient_583,CTI (CC),212462.71416104093,start,ctiBeds,0.0,,,,
Patient_583,CTI (CC),213599.56443550764,complete,ctiBeds,0.0,,,,
Patient_583,CTI prepara Encaminhamento,213599.56443550764,start,,0.0,,,,
Patient_583,CTI prepara Encaminhamento,213650.99971958666,complete,,0.0,,,,
Patient_583,Encaminha_Obito,213650.99971958666,complete,,,Obito,213650.99971958666,,
Patient_583,Discharge,213650.99971958666,complete,,,,,,3590.3608071725175
Patient_584,Arrival,210075.0183686891,complete,,0.0,,,,
Patient_584,Origem_da Clinica Cirurgica,210075.0183686891,complete,,,da Clinica Cirurgica,210075.0183686891,,
Patient_584,CTI (CLIC),212792.92099421695,start,ctiBeds,0.0,,,,
Patient_584,CTI (CLIC),215666.59152691747,complete,ctiBeds,0.0,,,,
Patient_584,CTI prepara Encaminhamento,215666.59152691747,start,,0.0,,,,
Patient_584,CTI prepara Encaminhamento,215726.4098102744,complete,,0.0,,,,
Patient_584,Encaminha_para a Clinica Medica,215726.4098102744,complete,,,para a Clinica Medica,215726.4098102744,,
Patient_584,Discharge,215726.4098102744,complete,,,,,,5651.391441585292
Patient_585,Arrival,210168.94923092646,complete,,0.0,,,,
Patient_585,Origem_do Pronto Socorro,210168.94923092646,complete,,,do Pronto Socorro,210168.94923092646,,
Patient_585,CTI (PS),213599.56443550764,start,ctiBeds,0.0,,,,
Patient_585,CTI (PS),217173.70745056434,complete,ctiBeds,0.0,,,,
Patient_585,CTI prepara Encaminhamento,217173.70745056434,start,,0.0,,,,
Patient_585,CTI prepara Encaminhamento,217207.6421975882,complete,,0.0,,,,
Patient_585,Encaminha_para a Clinica Medica,217207.6421975882,complete,,,para a Clinica Medica,217207.6421975882,,
Patient_585,Discharge,217207.6421975882,complete,,,,,,7038.692966661736
Patient_586,Arrival,210196.02523810306,complete,,0.0,,,,
Patient_586,Origem_do Centro Cirurgico,210196.02523810306,complete,,,do Centro Cirurgico,210196.02523810306,,
Patient_586,CTI (CC),214145.10083869155,start,ctiBeds,0.0,,,,
Patient_586,CTI (CC),219514.03060211614,complete,ctiBeds,0.0,,,,
Patient_586,CTI prepara Encaminhamento,219514.03060211614,start,,0.0,,,,
Patient_586,CTI prepara Encaminhamento,219555.09936702187,complete,,0.0,,,,
Patient_586,Encaminha_para a Clinica Medica,219555.09936702187,complete,,,para a Clinica Medica,219555.09936702187,,
Patient_586,Discharge,219555.09936702187,complete,,,,,,9359.074128918815
Patient_587,Arrival,210423.36124990205,complete,,0.0,,,,
Patient_587,Origem_do Pronto Socorro,210423.36124990205,complete,,,do Pronto Socorro,210423.36124990205,,
Patient_587,CTI (PS),214677.89004453924,start,ctiBeds,0.0,,,,
Patient_587,CTI (PS),244614.87472903004,complete,ctiBeds,0.0,,,,
Patient_587,CTI prepara Encaminhamento,244614.87472903004,start,,0.0,,,,
Patient_587,CTI prepara Encaminhamento,244664.8459813804,complete,,0.0,,,,
Patient_587,Encaminha_para a Clinica Medica,244664.8459813804,complete,,,para a Clinica Medica,244664.8459813804,,
Patient_587,Discharge,244664.8459813804,complete,,,,,,34241.484731478355
Patient_588,Arrival,211731.306092155,complete,,0.0,,,,
Patient_588,Origem_do Centro Cirurgico,211731.306092155,complete,,,do Centro Cirurgico,211731.306092155,,
Patient_588,CTI (CC),215035.83019765303,start,ctiBeds,0.0,,,,
Patient_588,CTI (CC),216788.40996915055,complete,ctiBeds,0.0,,,,
Patient_588,CTI prepara Encaminhamento,216788.40996915055,start,,0.0,,,,
Patient_588,CTI prepara Encaminhamento,216826.71417890835,complete,,0.0,,,,
Patient_588,Encaminha_Obito,216826.71417890835,complete,,,Obito,216826.71417890835,,
Patient_588,Discharge,216826.71417890835,complete,,,,,,5095.408086753363
Patient_589,Arrival,212159.56953687282,complete,,0.0,,,,
Patient_589,Origem_do Pronto Socorro,212159.56953687282,complete,,,do Pronto Socorro,212159.56953687282,,
Patient_589,CTI (PS),215044.63441207676,start,ctiBeds,0.0,,,,
Patient_589,CTI (PS),222890.09853334847,complete,ctiBeds,0.0,,,,
Patient_589,CTI prepara Encaminhamento,222890.09853334847,start,,0.0,,,,
Patient_589,CTI prepara Encaminhamento,222933.43712009132,complete,,0.0,,,,
Patient_589,Encaminha_para a Clinica Medica,222933.43712009132,complete,,,para a Clinica Medica,222933.43712009132,,
Patient_589,Discharge,222933.43712009132,complete,,,,,,10773.867583218496
Patient_59,Arrival,16018.9420426786,complete,,0.0,,,,
Patient_59,Origem_do Pronto Socorro,16018.9420426786,complete,,,do Pronto Socorro,16018.9420426786,,
Patient_59,CTI (PS),16018.9420426786,start,ctiBeds,0.0,,,,
Patient_59,CTI (PS),24534.215785986642,complete,ctiBeds,0.0,,,,
Patient_59,CTI prepara Encaminhamento,24534.215785986642,start,,0.0,,,,
Patient_59,CTI prepara Encaminhamento,24588.408148328668,complete,,0.0,,,,
Patient_59,Encaminha_para a Clinica Cirurgica,24588.408148328668,complete,,,para a Clinica Cirurgica,24588.408148328668,,
Patient_59,Discharge,24588.408148328668,complete,,,,,,8569.466105650068
Patient_590,Arrival,212370.5135431491,complete,,0.0,,,,
Patient_590,Origem_do Centro Cirurgico,212370.5135431491,complete,,,do Centro Cirurgico,212370.5135431491,,
Patient_590,CTI (CC),215666.59152691747,start,ctiBeds,0.0,,,,
Patient_590,CTI (CC),245733.88528629165,complete,ctiBeds,0.0,,,,
Patient_590,CTI prepara Encaminhamento,245733.88528629165,start,,0.0,,,,
Patient_590,CTI prepara Encaminhamento,245770.73022936363,complete,,0.0,,,,
Patient_590,Encaminha_para a Clinica Medica,245770.73022936363,complete,,,para a Clinica Medica,245770.73022936363,,
Patient_590,Discharge,245770.73022936363,complete,,,,,,33400.216686214524
Patient_591,Arrival,212716.14298388615,complete,,0.0,,,,
Patient_591,Origem_da Clinica Medica,212716.14298388615,complete,,,da Clinica Medica,212716.14298388615,,
Patient_591,CTI (CLIM),216788.40996915055,start,ctiBeds,0.0,,,,
Patient_591,CTI (CLIM),220354.78811625866,complete,ctiBeds,0.0,,,,
Patient_591,CTI prepara Encaminhamento,220354.78811625866,start,,0.0,,,,
Patient_591,CTI prepara Encaminhamento,220389.29934827093,complete,,0.0,,,,
Patient_591,Encaminha_Obito,220389.29934827093,complete,,,Obito,220389.29934827093,,
Patient_591,Discharge,220389.29934827093,complete,,,,,,7673.156364384777
Patient_592,Arrival,213124.2105327624,complete,,0.0,,,,
Patient_592,Origem_da Clinica Medica,213124.2105327624,complete,,,da Clinica Medica,213124.2105327624,,
Patient_592,CTI (CLIM),217173.70745056434,start,ctiBeds,0.0,,,,
Patient_592,CTI (CLIM),293514.53998056916,complete,ctiBeds,0.0,,,,
Patient_592,CTI prepara Encaminhamento,293514.53998056916,start,,0.0,,,,
Patient_592,CTI prepara Encaminhamento,293568.63558374555,complete,,0.0,,,,
Patient_592,Encaminha_para a Clinica Medica,293568.63558374555,complete,,,para a Clinica Medica,293568.63558374555,,
Patient_592,Discharge,293568.63558374555,complete,,,,,,80444.42505098315
Patient_593,Arrival,214160.42397554714,complete,,0.0,,,,
Patient_593,Origem_do Pronto Socorro,214160.42397554714,complete,,,do Pronto Socorro,214160.42397554714,,
Patient_593,CTI (PS),217702.22565280463,start,ctiBeds,0.0,,,,
Patient_593,CTI (PS),226295.6450599988,complete,ctiBeds,0.0,,,,
Patient_593,CTI prepara Encaminhamento,226295.6450599988,start,,0.0,,,,
Patient_593,CTI prepara Encaminhamento,226332.10789699023,complete,,0.0,,,,
Patient_593,Encaminha_para a Clinica Cirurgica,226332.10789699023,complete,,,para a Clinica Cirurgica,226332.10789699023,,
Patient_593,Discharge,226332.10789699023,complete,,,,,,12171.683921443095
Patient_594,Arrival,214282.67292018872,complete,,0.0,,,,
Patient_594,Origem_do Pronto Socorro,214282.67292018872,complete,,,do Pronto Socorro,214282.67292018872,,
Patient_594,CTI (PS),217786.56712509837,start,ctiBeds,0.0,,,,
Patient_594,CTI (PS),219867.03376253313,complete,ctiBeds,0.0,,,,
Patient_594,CTI prepara Encaminhamento,219867.03376253313,start,,0.0,,,,
Patient_594,CTI prepara Encaminhamento,219897.12132704642,complete,,0.0,,,,
Patient_594,Encaminha_para a Clinica Medica,219897.12132704642,complete,,,para a Clinica Medica,219897.12132704642,,
Patient_594,Discharge,219897.12132704642,complete,,,,,,5614.4484068577
Patient_595,Arrival,214516.05632852335,complete,,0.0,,,,
Patient_595,Origem_do Centro Cirurgico,214516.05632852335,complete,,,do Centro Cirurgico,214516.05632852335,,
Patient_595,CTI (CC),218365.96684900892,start,ctiBeds,0.0,,,,
Patient_595,CTI (CC),249891.2411841452,complete,ctiBeds,0.0,,,,
Patient_595,CTI prepara Encaminhamento,249891.2411841452,start,,0.0,,,,
Patient_595,CTI prepara Encaminhamento,249938.4218802525,complete,,0.0,,,,
Patient_595,Encaminha_para a Clinica Medica,249938.4218802525,complete,,,para a Clinica Medica,249938.4218802525,,
Patient_595,Discharge,249938.4218802525,complete,,,,,,35422.36555172916
Patient_596,Arrival,214546.16497602512,complete,,0.0,,,,
Patient_596,Origem_do Pronto Socorro,214546.16497602512,complete,,,do Pronto Socorro,214546.16497602512,,
Patient_596,CTI (PS),219134.26836147968,start,ctiBeds,0.0,,,,
Patient_596,CTI (PS),227591.30461336212,complete,ctiBeds,0.0,,,,
Patient_596,CTI prepara Encaminhamento,227591.30461336212,start,,0.0,,,,
Patient_596,CTI prepara Encaminhamento,227641.0666392123,complete,,0.0,,,,
Patient_596,Encaminha_Obito,227641.0666392123,complete,,,Obito,227641.0666392123,,
Patient_596,Discharge,227641.0666392123,complete,,,,,,13094.901663187193
Patient_597,Arrival,214841.58853888762,complete,,0.0,,,,
Patient_597,Origem_do Centro Cirurgico,214841.58853888762,complete,,,do Centro Cirurgico,214841.58853888762,,
Patient_597,CTI (CC),219202.8383139086,start,ctiBeds,0.0,,,,
Patient_597,CTI (CC),281422.18296279473,complete,ctiBeds,0.0,,,,
Patient_597,CTI prepara Encaminhamento,281422.18296279473,start,,0.0,,,,
Patient_597,CTI prepara Encaminhamento,281457.10107159714,complete,,0.0,,,,
Patient_597,Encaminha_para a Clinica Cirurgica,281457.10107159714,complete,,,para a Clinica Cirurgica,281457.10107159714,,
Patient_597,Discharge,281457.10107159714,complete,,,,,,66615.51253270952
Patient_598,Arrival,215022.39836954445,complete,,0.0,,,,
Patient_598,Origem_do Centro Cirurgico,215022.39836954445,complete,,,do Centro Cirurgico,215022.39836954445,,
Patient_598,CTI (CC),219514.03060211614,start,ctiBeds,0.0,,,,
Patient_598,CTI (CC),228474.5993249288,complete,ctiBeds,0.0,,,,
Patient_598,CTI prepara Encaminhamento,228474.5993249288,start,,0.0,,,,
Patient_598,CTI prepara Encaminhamento,228519.43736684052,complete,,0.0,,,,
Patient_598,Encaminha_para a Clinica Medica,228519.43736684052,complete,,,para a Clinica Medica,228519.43736684052,,
Patient_598,Discharge,228519.43736684052,complete,,,,,,13497.03899729607
Patient_599,Arrival,215277.75648388945,complete,,0.0,,,,
Patient_599,Origem_do Pronto Socorro,215277.75648388945,complete,,,do Pronto Socorro,215277.75648388945,,
Patient_599,CTI (PS),219867.03376253313,start,ctiBeds,0.0,,,,
Patient_599,CTI (PS),250357.67876983335,complete,ctiBeds,0.0,,,,
Patient_599,CTI prepara Encaminhamento,250357.67876983335,start,,0.0,,,,
Patient_599,CTI prepara Encaminhamento,250392.43271452637,complete,,0.0,,,,
Patient_599,Encaminha_para a Clinica Cirurgica,250392.43271452637,complete,,,para a Clinica Cirurgica,250392.43271452637,,
Patient_599,Discharge,250392.43271452637,complete,,,,,,35114.67623063692
Patient_6,Arrival,1337.6876122509432,complete,,0.0,,,,
Patient_6,Origem_do Pronto Socorro,1337.6876122509432,complete,,,do Pronto Socorro,1337.6876122509432,,
Patient_6,CTI (PS),1337.6876122509432,start,ctiBeds,0.0,,,,
Patient_6,CTI (PS),5009.965355276783,complete,ctiBeds,0.0,,,,
Patient_6,CTI prepara Encaminhamento,5009.965355276783,start,,0.0,,,,
Patient_6,CTI prepara Encaminhamento,5044.937797833627,complete,,0.0,,,,
Patient_6,Encaminha_para a Clinica Cirurgica,5044.937797833627,complete,,,para a Clinica Cirurgica,5044.937797833627,,
Patient_6,Discharge,5044.937797833627,complete,,,,,,3707.250185582684
Patient_60,Arrival,16257.064376095488,complete,,0.0,,,,
Patient_60,Origem_do Pronto Socorro,16257.064376095488,complete,,,do Pronto Socorro,16257.064376095488,,
Patient_60,CTI (PS),16257.064376095488,start,ctiBeds,0.0,,,,
Patient_60,CTI (PS),20388.67564290048,complete,ctiBeds,0.0,,,,
Patient_60,CTI prepara Encaminhamento,20388.67564290048,start,,0.0,,,,
Patient_60,CTI prepara Encaminhamento,20446.666736373438,complete,,0.0,,,,
Patient_60,Encaminha_para a Clinica Cirurgica,20446.666736373438,complete,,,para a Clinica Cirurgica,20446.666736373438,,
Patient_60,Discharge,20446.666736373438,complete,,,,,,4189.60236027795
Patient_600,Arrival,215449.05666067888,complete,,0.0,,,,
Patient_600,Origem_do Centro Cirurgico,215449.05666067888,complete,,,do Centro Cirurgico,215449.05666067888,,
Patient_600,CTI (CC),220354.78811625866,start,ctiBeds,0.0,,,,
Patient_600,CTI (CC),224155.73015522538,complete,ctiBeds,0.0,,,,
Patient_600,CTI prepara Encaminhamento,224155.73015522538,start,,0.0,,,,
Patient_600,CTI prepara Encaminhamento,224196.85812366477,complete,,0.0,,,,
Patient_600,Encaminha_para a Clinica Cirurgica,224196.85812366477,complete,,,para a Clinica Cirurgica,224196.85812366477,,
Patient_600,Discharge,224196.85812366477,complete,,,,,,8747.801462985895
Patient_601,Arrival,216118.6580013788,complete,,0.0,,,,
Patient_601,Origem_do Pronto Socorro,216118.6580013788,complete,,,do Pronto Socorro,216118.6580013788,,
Patient_601,CTI (PS),220695.49182102864,start,ctiBeds,0.0,,,,
Patient_601,CTI (PS),224267.65223056427,complete,ctiBeds,0.0,,,,
Patient_601,CTI prepara Encaminhamento,224267.65223056427,start,,0.0,,,,
Patient_601,CTI prepara Encaminhamento,224324.11462855135,complete,,0.0,,,,
Patient_601,Encaminha_Obito,224324.11462855135,complete,,,Obito,224324.11462855135,,
Patient_601,Discharge,224324.11462855135,complete,,,,,,8205.456627172563
Patient_602,Arrival,217850.81411471148,complete,,0.0,,,,
Patient_602,Origem_do Centro Cirurgico,217850.81411471148,complete,,,do Centro Cirurgico,217850.81411471148,,
Patient_602,CTI (CC),221933.86923887677,start,ctiBeds,0.0,,,,
Patient_602,CTI (CC),222649.89165484006,complete,ctiBeds,0.0,,,,
Patient_602,CTI prepara Encaminhamento,222649.89165484006,start,,0.0,,,,
Patient_602,CTI prepara Encaminhamento,222684.08019297456,complete,,0.0,,,,
Patient_602,Encaminha_Alta Hospitalar,222684.08019297456,complete,,,Alta Hospitalar,222684.08019297456,,
Patient_602,Discharge,222684.08019297456,complete,,,,,,4833.266078263085
Patient_603,Arrival,218673.24658466032,complete,,0.0,,,,
Patient_603,Origem_do Pronto Socorro,218673.24658466032,complete,,,do Pronto Socorro,218673.24658466032,,
Patient_603,CTI (PS),222649.89165484006,start,ctiBeds,0.0,,,,
Patient_603,CTI (PS),231333.65541689,complete,ctiBeds,0.0,,,,
Patient_603,CTI prepara Encaminhamento,231333.65541689,start,,0.0,,,,
Patient_603,CTI prepara Encaminhamento,231369.8277450518,complete,,0.0,,,,
Patient_603,Encaminha_Obito,231369.8277450518,complete,,,Obito,231369.8277450518,,
Patient_603,Discharge,231369.8277450518,complete,,,,,,12696.581160391477
Patient_604,Arrival,219317.67659324314,complete,,0.0,,,,
Patient_604,Origem_do Pronto Socorro,219317.67659324314,complete,,,do Pronto Socorro,219317.67659324314,,
Patient_604,CTI (PS),222890.09853334847,start,ctiBeds,0.0,,,,
Patient_604,CTI (PS),231854.43183462275,complete,ctiBeds,0.0,,,,
Patient_604,CTI prepara Encaminhamento,231854.43183462275,start,,0.0,,,,
Patient_604,CTI prepara Encaminhamento,231899.52649735505,complete,,0.0,,,,
Patient_604,Encaminha_para a Clinica Medica,231899.52649735505,complete,,,para a Clinica Medica,231899.52649735505,,
Patient_604,Discharge,231899.52649735505,complete,,,,,,12581.849904111907
Patient_605,Arrival,219566.99121444504,complete,,0.0,,,,
Patient_605,Origem_do Centro Cirurgico,219566.99121444504,complete,,,do Centro Cirurgico,219566.99121444504,,
Patient_605,CTI (CC),224155.73015522538,start,ctiBeds,0.0,,,,
Patient_605,CTI (CC),249046.6930538186,complete,ctiBeds,0.0,,,,
Patient_605,CTI prepara Encaminhamento,249046.6930538186,start,,0.0,,,,
Patient_605,CTI prepara Encaminhamento,249103.08293229545,complete,,0.0,,,,
Patient_605,Encaminha_Obito,249103.08293229545,complete,,,Obito,249103.08293229545,,
Patient_605,Discharge,249103.08293229545,complete,,,,,,29536.091717850417
Patient_606,Arrival,219739.67807516202,complete,,0.0,,,,
Patient_606,Origem_da Clinica Medica,219739.67807516202,complete,,,da Clinica Medica,219739.67807516202,,
Patient_606,CTI (CLIM),224267.65223056427,start,ctiBeds,0.0,,,,
Patient_606,CTI (CLIM),235893.27919207537,complete,ctiBeds,0.0,,,,
Patient_606,CTI prepara Encaminhamento,235893.27919207537,start,,0.0,,,,
Patient_606,CTI prepara Encaminhamento,235923.541547784,complete,,0.0,,,,
Patient_606,Encaminha_para a Clinica Cirurgica,235923.541547784,complete,,,para a Clinica Cirurgica,235923.541547784,,
Patient_606,Discharge,235923.541547784,complete,,,,,,16183.863472621975
Patient_607,Arrival,220650.57806897716,complete,,0.0,,,,
Patient_607,Origem_da Maternidade,220650.57806897716,complete,,,da Maternidade,220650.57806897716,,
Patient_607,CTI (MAT),224435.30412632515,start,ctiBeds,0.0,,,,
Patient_607,CTI (MAT),226234.5456684323,complete,ctiBeds,0.0,,,,
Patient_607,CTI prepara Encaminhamento,226234.5456684323,start,,0.0,,,,
Patient_607,CTI prepara Encaminhamento,226289.20225277828,complete,,0.0,,,,
Patient_607,Encaminha_Obito,226289.20225277828,complete,,,Obito,226289.20225277828,,
Patient_607,Discharge,226289.20225277828,complete,,,,,,5638.624183801119
Patient_608,Arrival,221070.36629668935,complete,,0.0,,,,
Patient_608,Origem_do Pronto Socorro,221070.36629668935,complete,,,do Pronto Socorro,221070.36629668935,,
Patient_608,CTI (PS),224587.36687530004,start,ctiBeds,0.0,,,,
Patient_608,CTI (PS),225623.17450126947,complete,ctiBeds,0.0,,,,
Patient_608,CTI prepara Encaminhamento,225623.17450126947,start,,0.0,,,,
Patient_608,CTI prepara Encaminhamento,225670.15748258634,complete,,0.0,,,,
Patient_608,Encaminha_para a Clinica Medica,225670.15748258634,complete,,,para a Clinica Medica,225670.15748258634,,
Patient_608,Discharge,225670.15748258634,complete,,,,,,4599.791185896989
Patient_609,Arrival,221656.9699898714,complete,,0.0,,,,
Patient_609,Origem_do Centro Cirurgico,221656.9699898714,complete,,,do Centro Cirurgico,221656.9699898714,,
Patient_609,CTI (CC),225623.17450126947,start,ctiBeds,0.0,,,,
Patient_609,CTI (CC),231842.38312607215,complete,ctiBeds,0.0,,,,
Patient_609,CTI prepara Encaminhamento,231842.38312607215,start,,0.0,,,,
Patient_609,CTI prepara Encaminhamento,231874.5904109698,complete,,0.0,,,,
Patient_609,Encaminha_para a Clinica Cirurgica,231874.5904109698,complete,,,para a Clinica Cirurgica,231874.5904109698,,
Patient_609,Discharge,231874.5904109698,complete,,,,,,10217.6204210984
Patient_61,Arrival,16410.068587304162,complete,,0.0,,,,
Patient_61,Origem_do Centro Cirurgico,16410.068587304162,complete,,,do Centro Cirurgico,16410.068587304162,,
Patient_61,CTI (CC),16410.068587304162,start,ctiBeds,0.0,,,,
Patient_61,CTI (CC),17460.15297037195,complete,ctiBeds,0.0,,,,
Patient_61,CTI prepara Encaminhamento,17460.15297037195,start,,0.0,,,,
Patient_61,CTI prepara Encaminhamento,17500.841518852823,complete,,0.0,,,,
Patient_61,Encaminha_para a Clinica Cirurgica,17500.841518852823,complete,,,para a Clinica Cirurgica,17500.841518852823,,
Patient_61,Discharge,17500.841518852823,complete,,,,,,1090.7729315486613
Patient_610,Arrival,221835.4147086749,complete,,0.0,,,,
Patient_610,Origem_do Centro Cirurgico,221835.4147086749,complete,,,do Centro Cirurgico,221835.4147086749,,
Patient_610,CTI (CC),226234.5456684323,start,ctiBeds,0.0,,,,
Patient_610,CTI (CC),226663.41122413953,complete,ctiBeds,0.0,,,,
Patient_610,CTI prepara Encaminhamento,226663.41122413953,start,,0.0,,,,
Patient_610,CTI prepara Encaminhamento,226695.0355773284,complete,,0.0,,,,
Patient_610,Encaminha_para a Clinica Medica,226695.0355773284,complete,,,para a Clinica Medica,226695.0355773284,,
Patient_610,Discharge,226695.0355773284,complete,,,,,,4859.620868653496
Patient_611,Arrival,221931.1861047685,complete,,0.0,,,,
Patient_611,Origem_do Centro Cirurgico,221931.1861047685,complete,,,do Centro Cirurgico,221931.1861047685,,
Patient_611,CTI (CC),226295.6450599988,start,ctiBeds,0.0,,,,
Patient_611,CTI (CC),234989.83216240973,complete,ctiBeds,0.0,,,,
Patient_611,CTI prepara Encaminhamento,234989.83216240973,start,,0.0,,,,
Patient_611,CTI prepara Encaminhamento,235022.03147251374,complete,,0.0,,,,
Patient_611,Encaminha_Obito,235022.03147251374,complete,,,Obito,235022.03147251374,,
Patient_611,Discharge,235022.03147251374,complete,,,,,,13090.845367745234
Patient_612,Arrival,223625.87444850634,complete,,0.0,,,,
Patient_612,Origem_do Pronto Socorro,223625.87444850634,complete,,,do Pronto Socorro,223625.87444850634,,
Patient_612,CTI (PS),226663.41122413953,start,ctiBeds,0.0,,,,
Patient_612,CTI (PS),231972.77563461295,complete,ctiBeds,0.0,,,,
Patient_612,CTI prepara Encaminhamento,231972.77563461295,start,,0.0,,,,
Patient_612,CTI prepara Encaminhamento,232026.80386554988,complete,,0.0,,,,
Patient_612,Encaminha_para a Clinica Cirurgica,232026.80386554988,complete,,,para a Clinica Cirurgica,232026.80386554988,,
Patient_612,Discharge,232026.80386554988,complete,,,,,,8400.929417043546
Patient_613,Arrival,223789.2499845333,complete,,0.0,,,,
Patient_613,Origem_do Centro Cirurgico,223789.2499845333,complete,,,do Centro Cirurgico,223789.2499845333,,
Patient_613,CTI (CC),227591.30461336212,start,ctiBeds,0.0,,,,
Patient_613,CTI (CC),231439.53359057943,complete,ctiBeds,0.0,,,,
Patient_613,CTI prepara Encaminhamento,231439.53359057943,start,,0.0,,,,
Patient_613,CTI prepara Encaminhamento,231481.15499631249,complete,,0.0,,,,
Patient_613,Encaminha_Obito,231481.15499631249,complete,,,Obito,231481.15499631249,,
Patient_613,Discharge,231481.15499631249,complete,,,,,,7691.905011779192
Patient_614,Arrival,223894.50596676377,complete,,0.0,,,,
Patient_614,Origem_do Pronto Socorro,223894.50596676377,complete,,,do Pronto Socorro,223894.50596676377,,
Patient_614,CTI (PS),228474.5993249288,start,ctiBeds,0.0,,,,
Patient_614,CTI (PS),249334.41078008685,complete,ctiBeds,0.0,,,,
Patient_614,CTI prepara Encaminhamento,249334.41078008685,start,,0.0,,,,
Patient_614,CTI prepara Encaminhamento,249378.7442526358,complete,,0.0,,,,
Patient_614,Encaminha_para a Clinica Cirurgica,249378.7442526358,complete,,,para a Clinica Cirurgica,249378.7442526358,,
Patient_614,Discharge,249378.7442526358,complete,,,,,,25484.238285872038
Patient_615,Arrival,224474.83410232817,complete,,0.0,,,,
Patient_615,Origem_do Pronto Socorro,224474.83410232817,complete,,,do Pronto Socorro,224474.83410232817,,
Patient_615,CTI (PS),228928.1530594359,start,ctiBeds,0.0,,,,
Patient_615,CTI (PS),239327.46422816883,complete,ctiBeds,0.0,,,,
Patient_615,CTI prepara Encaminhamento,239327.46422816883,start,,0.0,,,,
Patient_615,CTI prepara Encaminhamento,239375.69380540142,complete,,0.0,,,,
Patient_615,Encaminha_Obito,239375.69380540142,complete,,,Obito,239375.69380540142,,
Patient_615,Discharge,239375.69380540142,complete,,,,,,14900.859703073249
Patient_616,Arrival,225326.48576647506,complete,,0.0,,,,
Patient_616,Origem_do Pronto Socorro,225326.48576647506,complete,,,do Pronto Socorro,225326.48576647506,,
Patient_616,CTI (PS),229324.1591581838,start,ctiBeds,0.0,,,,
Patient_616,CTI (PS),245791.7440175302,complete,ctiBeds,0.0,,,,
Patient_616,CTI prepara Encaminhamento,245791.7440175302,start,,0.0,,,,
Patient_616,CTI prepara Encaminhamento,245850.35730259845,complete,,0.0,,,,
Patient_616,Encaminha_para a Clinica Cirurgica,245850.35730259845,complete,,,para a Clinica Cirurgica,245850.35730259845,,
Patient_616,Discharge,245850.35730259845,complete,,,,,,20523.87153612339
Patient_617,Arrival,225890.7662617433,complete,,0.0,,,,
Patient_617,Origem_do Pronto Socorro,225890.7662617433,complete,,,do Pronto Socorro,225890.7662617433,,
Patient_617,CTI (PS),230048.1714927068,start,ctiBeds,0.0,,,,
Patient_617,CTI (PS),241115.80291666643,complete,ctiBeds,0.0,,,,
Patient_617,CTI prepara Encaminhamento,241115.80291666643,start,,0.0,,,,
Patient_617,CTI prepara Encaminhamento,241173.2124296094,complete,,0.0,,,,
Patient_617,Encaminha_Obito,241173.2124296094,complete,,,Obito,241173.2124296094,,
Patient_617,Discharge,241173.2124296094,complete,,,,,,15282.446167866117
Patient_618,Arrival,226293.59006625242,complete,,0.0,,,,
Patient_618,Origem_do Pronto Socorro,226293.59006625242,complete,,,do Pronto Socorro,226293.59006625242,,
Patient_618,CTI (PS),231333.65541689,start,ctiBeds,0.0,,,,
Patient_618,CTI (PS),232114.56553543854,complete,ctiBeds,0.0,,,,
Patient_618,CTI prepara Encaminhamento,232114.56553543854,start,,0.0,,,,
Patient_618,CTI prepara Encaminhamento,232168.72973722077,complete,,0.0,,,,
Patient_618,Encaminha_Obito,232168.72973722077,complete,,,Obito,232168.72973722077,,
Patient_618,Discharge,232168.72973722077,complete,,,,,,5875.139670968347
Patient_619,Arrival,226353.83295279884,complete,,0.0,,,,
Patient_619,Origem_do Pronto Socorro,226353.83295279884,complete,,,do Pronto Socorro,226353.83295279884,,
Patient_619,CTI (PS),231439.53359057943,start,ctiBeds,0.0,,,,
Patient_619,CTI (PS),242683.20256121297,complete,ctiBeds,0.0,,,,
Patient_619,CTI prepara Encaminhamento,242683.20256121297,start,,0.0,,,,
Patient_619,CTI prepara Encaminhamento,242721.1678011285,complete,,0.0,,,,
Patient_619,Encaminha_Transferencia Externa,242721.1678011285,complete,,,Transferencia Externa,242721.1678011285,,
Patient_619,Discharge,242721.1678011285,complete,,,,,,16367.334848329658
Patient_62,Arrival,16490.502708091295,complete,,0.0,,,,
Patient_62,Origem_do Centro Cirurgico,16490.502708091295,complete,,,do Centro Cirurgico,16490.502708091295,,
Patient_62,CTI (CC),16490.502708091295,start,ctiBeds,0.0,,,,
Patient_62,CTI (CC),24599.068420087013,complete,ctiBeds,0.0,,,,
Patient_62,CTI prepara Encaminhamento,24599.068420087013,start,,0.0,,,,
Patient_62,CTI prepara Encaminhamento,24649.34064000075,complete,,0.0,,,,
Patient_62,Encaminha_Obito,24649.34064000075,complete,,,Obito,24649.34064000075,,
Patient_62,Discharge,24649.34064000075,complete,,,,,,8158.8379319094565
Patient_620,Arrival,227306.58147216053,complete,,0.0,,,,
Patient_620,Origem_do Pronto Socorro,227306.58147216053,complete,,,do Pronto Socorro,227306.58147216053,,
Patient_620,CTI (PS),231842.38312607215,start,ctiBeds,0.0,,,,
Patient_620,CTI (PS),233141.19755054073,complete,ctiBeds,0.0,,,,
Patient_620,CTI prepara Encaminhamento,233141.19755054073,start,,0.0,,,,
Patient_620,CTI prepara Encaminhamento,233199.15947913015,complete,,0.0,,,,
Patient_620,Encaminha_para a Clinica Cirurgica,233199.15947913015,complete,,,para a Clinica Cirurgica,233199.15947913015,,
Patient_620,Discharge,233199.15947913015,complete,,,,,,5892.578006969619
Patient_621,Arrival,227311.49820475653,complete,,0.0,,,,
Patient_621,Origem_da Clinica Cirurgica,227311.49820475653,complete,,,da Clinica Cirurgica,227311.49820475653,,
Patient_621,CTI (CLIC),231854.43183462275,start,ctiBeds,0.0,,,,
Patient_621,CTI (CLIC),294362.8819678689,complete,ctiBeds,0.0,,,,
Patient_621,CTI prepara Encaminhamento,294362.8819678689,start,,0.0,,,,
Patient_621,CTI prepara Encaminhamento,294421.59655880433,complete,,0.0,,,,
Patient_621,Encaminha_Obito,294421.59655880433,complete,,,Obito,294421.59655880433,,
Patient_621,Discharge,294421.59655880433,complete,,,,,,67110.0983540478
Patient_622,Arrival,227431.37185295369,complete,,0.0,,,,
Patient_622,Origem_do Centro Cirurgico,227431.37185295369,complete,,,do Centro Cirurgico,227431.37185295369,,
Patient_622,CTI (CC),231972.77563461295,start,ctiBeds,0.0,,,,
Patient_622,CTI (CC),236393.50044340244,complete,ctiBeds,0.0,,,,
Patient_622,CTI prepara Encaminhamento,236393.50044340244,start,,0.0,,,,
Patient_622,CTI prepara Encaminhamento,236448.12695140118,complete,,0.0,,,,
Patient_622,Encaminha_para a Maternidade,236448.12695140118,complete,,,para a Maternidade,236448.12695140118,,
Patient_622,Discharge,236448.12695140118,complete,,,,,,9016.755098447495
Patient_623,Arrival,228075.94526127735,complete,,0.0,,,,
Patient_623,Origem_do Pronto Socorro,228075.94526127735,complete,,,do Pronto Socorro,228075.94526127735,,
Patient_623,CTI (PS),232114.56553543854,start,ctiBeds,0.0,,,,
Patient_623,CTI (PS),236468.83926752096,complete,ctiBeds,0.0,,,,
Patient_623,CTI prepara Encaminhamento,236468.83926752096,start,,0.0,,,,
Patient_623,CTI prepara Encaminhamento,236514.68107334722,complete,,0.0,,,,
Patient_623,Encaminha_para a Clinica Cirurgica,236514.68107334722,complete,,,para a Clinica Cirurgica,236514.68107334722,,
Patient_623,Discharge,236514.68107334722,complete,,,,,,8438.735812069877
Patient_624,Arrival,228654.53899734485,complete,,0.0,,,,
Patient_624,Origem_do Centro Cirurgico,228654.53899734485,complete,,,do Centro Cirurgico,228654.53899734485,,
Patient_624,CTI (CC),233141.19755054073,start,ctiBeds,0.0,,,,
Patient_624,CTI (CC),237792.03445079323,complete,ctiBeds,0.0,,,,
Patient_624,CTI prepara Encaminhamento,237792.03445079323,start,,0.0,,,,
Patient_624,CTI prepara Encaminhamento,237843.96522216906,complete,,0.0,,,,
Patient_624,Encaminha_para a Clinica Cirurgica,237843.96522216906,complete,,,para a Clinica Cirurgica,237843.96522216906,,
Patient_624,Discharge,237843.96522216906,complete,,,,,,9189.426224824216
Patient_625,Arrival,228795.8117432931,complete,,0.0,,,,
Patient_625,Origem_do Pronto Socorro,228795.8117432931,complete,,,do Pronto Socorro,228795.8117432931,,
Patient_625,CTI (PS),234102.71853717268,start,ctiBeds,0.0,,,,
Patient_625,CTI (PS),246767.48823536324,complete,ctiBeds,0.0,,,,
Patient_625,CTI prepara Encaminhamento,246767.48823536324,start,,0.0,,,,
Patient_625,CTI prepara Encaminhamento,246820.00455444385,complete,,0.0,,,,
Patient_625,Encaminha_Obito,246820.00455444385,complete,,,Obito,246820.00455444385,,
Patient_625,Discharge,246820.00455444385,complete,,,,,,18024.192811150744
Patient_626,Arrival,228893.76647609772,complete,,0.0,,,,
Patient_626,Origem_do Centro Cirurgico,228893.76647609772,complete,,,do Centro Cirurgico,228893.76647609772,,
Patient_626,CTI (CC),234404.78757299928,start,ctiBeds,0.0,,,,
Patient_626,CTI (CC),236544.83156483647,complete,ctiBeds,0.0,,,,
Patient_626,CTI prepara Encaminhamento,236544.83156483647,start,,0.0,,,,
Patient_626,CTI prepara Encaminhamento,236593.94503818967,complete,,0.0,,,,
Patient_626,Encaminha_Transferencia Externa,236593.94503818967,complete,,,Transferencia Externa,236593.94503818967,,
Patient_626,Discharge,236593.94503818967,complete,,,,,,7700.1785620919545
Patient_627,Arrival,228970.64491975278,complete,,0.0,,,,
Patient_627,Origem_do Pronto Socorro,228970.64491975278,complete,,,do Pronto Socorro,228970.64491975278,,
Patient_627,CTI (PS),234446.06455932226,start,ctiBeds,0.0,,,,
Patient_627,CTI (PS),236517.82948477863,complete,ctiBeds,0.0,,,,
Patient_627,CTI prepara Encaminhamento,236517.82948477863,start,,0.0,,,,
Patient_627,CTI prepara Encaminhamento,236556.50761809555,complete,,0.0,,,,
Patient_627,Encaminha_para a Clinica Medica,236556.50761809555,complete,,,para a Clinica Medica,236556.50761809555,,
Patient_627,Discharge,236556.50761809555,complete,,,,,,7585.8626983427675
Patient_628,Arrival,229247.19829847917,complete,,0.0,,,,
Patient_628,Origem_do Centro Cirurgico,229247.19829847917,complete,,,do Centro Cirurgico,229247.19829847917,,
Patient_628,CTI (CC),234989.83216240973,start,ctiBeds,0.0,,,,
Patient_628,CTI (CC),238930.75496580402,complete,ctiBeds,0.0,,,,
Patient_628,CTI prepara Encaminhamento,238930.75496580402,start,,0.0,,,,
Patient_628,CTI prepara Encaminhamento,238981.40201116842,complete,,0.0,,,,
Patient_628,Encaminha_para a Clinica Cirurgica,238981.40201116842,complete,,,para a Clinica Cirurgica,238981.40201116842,,
Patient_628,Discharge,238981.40201116842,complete,,,,,,9734.203712689254
Patient_629,Arrival,229358.97358853486,complete,,0.0,,,,
Patient_629,Origem_do Centro Cirurgico,229358.97358853486,complete,,,do Centro Cirurgico,229358.97358853486,,
Patient_629,CTI (CC),235893.27919207537,start,ctiBeds,0.0,,,,
Patient_629,CTI (CC),292454.6243707569,complete,ctiBeds,0.0,,,,
Patient_629,CTI prepara Encaminhamento,292454.6243707569,start,,0.0,,,,
Patient_629,CTI prepara Encaminhamento,292505.0566842939,complete,,0.0,,,,
Patient_629,Encaminha_para a Clinica Cirurgica,292505.0566842939,complete,,,para a Clinica Cirurgica,292505.0566842939,,
Patient_629,Discharge,292505.0566842939,complete,,,,,,63146.08309575904
Patient_63,Arrival,16687.704700877326,complete,,0.0,,,,
Patient_63,Origem_do Pronto Socorro,16687.704700877326,complete,,,do Pronto Socorro,16687.704700877326,,
Patient_63,CTI (PS),16687.704700877326,start,ctiBeds,0.0,,,,
Patient_63,CTI (PS),50646.92110632807,complete,ctiBeds,0.0,,,,
Patient_63,CTI prepara Encaminhamento,50646.92110632807,start,,0.0,,,,
Patient_63,CTI prepara Encaminhamento,50680.83094236815,complete,,0.0,,,,
Patient_63,Encaminha_Obito,50680.83094236815,complete,,,Obito,50680.83094236815,,
Patient_63,Discharge,50680.83094236815,complete,,,,,,33993.12624149083
Patient_630,Arrival,232042.7668468197,complete,,0.0,,,,
Patient_630,Origem_do Pronto Socorro,232042.7668468197,complete,,,do Pronto Socorro,232042.7668468197,,
Patient_630,CTI (PS),236393.50044340244,start,ctiBeds,0.0,,,,
Patient_630,CTI (PS),243169.5606031425,complete,ctiBeds,0.0,,,,
Patient_630,CTI prepara Encaminhamento,243169.5606031425,start,,0.0,,,,
Patient_630,CTI prepara Encaminhamento,243209.49272601964,complete,,0.0,,,,
Patient_630,Encaminha_para a Clinica Cirurgica,243209.49272601964,complete,,,para a Clinica Cirurgica,243209.49272601964,,
Patient_630,Discharge,243209.49272601964,complete,,,,,,11166.725879199948
Patient_631,Arrival,232053.33094419938,complete,,0.0,,,,
Patient_631,Origem_do Centro Cirurgico,232053.33094419938,complete,,,do Centro Cirurgico,232053.33094419938,,
Patient_631,CTI (CC),236468.83926752096,start,ctiBeds,0.0,,,,
Patient_631,CTI (CC),238517.58831553484,complete,ctiBeds,0.0,,,,
Patient_631,CTI prepara Encaminhamento,238517.58831553484,start,,0.0,,,,
Patient_631,CTI prepara Encaminhamento,238573.96133052063,complete,,0.0,,,,
Patient_631,Encaminha_para a Clinica Medica,238573.96133052063,complete,,,para a Clinica Medica,238573.96133052063,,
Patient_631,Discharge,238573.96133052063,complete,,,,,,6520.630386321252
Patient_632,Arrival,232465.88737818555,complete,,0.0,,,,
Patient_632,Origem_do Pronto Socorro,232465.88737818555,complete,,,do Pronto Socorro,232465.88737818555,,
Patient_632,CTI (PS),236517.82948477863,start,ctiBeds,0.0,,,,
Patient_632,CTI (PS),291509.6591295324,complete,ctiBeds,0.0,,,,
Patient_632,CTI prepara Encaminhamento,291509.6591295324,start,,0.0,,,,
Patient_632,CTI prepara Encaminhamento,291561.5478411893,complete,,0.0,,,,
Patient_632,Encaminha_para a Clinica Medica,291561.5478411893,complete,,,para a Clinica Medica,291561.5478411893,,
Patient_632,Discharge,291561.5478411893,complete,,,,,,59095.66046300376
Patient_633,Arrival,233090.3865513663,complete,,0.0,,,,
Patient_633,Origem_do Centro Cirurgico,233090.3865513663,complete,,,do Centro Cirurgico,233090.3865513663,,
Patient_633,CTI (CC),236544.83156483647,start,ctiBeds,0.0,,,,
Patient_633,CTI (CC),238980.3649902237,complete,ctiBeds,0.0,,,,
Patient_633,CTI prepara Encaminhamento,238980.3649902237,start,,0.0,,,,
Patient_633,CTI prepara Encaminhamento,239029.87625190805,complete,,0.0,,,,
Patient_633,Encaminha_para a Clinica Cirurgica,239029.87625190805,complete,,,para a Clinica Cirurgica,239029.87625190805,,
Patient_633,Discharge,239029.87625190805,complete,,,,,,5939.489700541744
Patient_634,Arrival,233316.15147316188,complete,,0.0,,,,
Patient_634,Origem_do Centro Cirurgico,233316.15147316188,complete,,,do Centro Cirurgico,233316.15147316188,,
Patient_634,CTI (CC),236755.3339804457,start,ctiBeds,0.0,,,,
Patient_634,CTI (CC),245526.18122600587,complete,ctiBeds,0.0,,,,
Patient_634,CTI prepara Encaminhamento,245526.18122600587,start,,0.0,,,,
Patient_634,CTI prepara Encaminhamento,245576.65106216283,complete,,0.0,,,,
Patient_634,Encaminha_para a Clinica Cirurgica,245576.65106216283,complete,,,para a Clinica Cirurgica,245576.65106216283,,
Patient_634,Discharge,245576.65106216283,complete,,,,,,12260.499589000945
Patient_635,Arrival,234413.41104127484,complete,,0.0,,,,
Patient_635,Origem_do Pronto Socorro,234413.41104127484,complete,,,do Pronto Socorro,234413.41104127484,,
Patient_635,CTI (PS),237792.03445079323,start,ctiBeds,0.0,,,,
Patient_635,CTI (PS),238612.96390325855,complete,ctiBeds,0.0,,,,
Patient_635,CTI prepara Encaminhamento,238612.96390325855,start,,0.0,,,,
Patient_635,CTI prepara Encaminhamento,238648.1581968311,complete,,0.0,,,,
Patient_635,Encaminha_para a Clinica Cirurgica,238648.1581968311,complete,,,para a Clinica Cirurgica,238648.1581968311,,
Patient_635,Discharge,238648.1581968311,complete,,,,,,4234.7471555562515
Patient_636,Arrival,234929.5259103124,complete,,0.0,,,,
Patient_636,Origem_da Clinica Cirurgica,234929.5259103124,complete,,,da Clinica Cirurgica,234929.5259103124,,
Patient_636,CTI (CLIC),238517.58831553484,start,ctiBeds,0.0,,,,
Patient_636,CTI (CLIC),249655.9707666923,complete,ctiBeds,0.0,,,,
Patient_636,CTI prepara Encaminhamento,249655.9707666923,start,,0.0,,,,
Patient_636,CTI prepara Encaminhamento,249707.34332003526,complete,,0.0,,,,
Patient_636,Encaminha_para a Clinica Cirurgica,249707.34332003526,complete,,,para a Clinica Cirurgica,249707.34332003526,,
Patient_636,Discharge,249707.34332003526,complete,,,,,,14777.817409722862
Patient_637,Arrival,234951.52770206722,complete,,0.0,,,,
Patient_637,Origem_do Pronto Socorro,234951.52770206722,complete,,,do Pronto Socorro,234951.52770206722,,
Patient_637,CTI (PS),238612.96390325855,start,ctiBeds,0.0,,,,
Patient_637,CTI (PS),259300.0283238195,complete,ctiBeds,0.0,,,,
Patient_637,CTI prepara Encaminhamento,259300.0283238195,start,,0.0,,,,
Patient_637,CTI prepara Encaminhamento,259335.60290015687,complete,,0.0,,,,
Patient_637,Encaminha_para a Clinica Cirurgica,259335.60290015687,complete,,,para a Clinica Cirurgica,259335.60290015687,,
Patient_637,Discharge,259335.60290015687,complete,,,,,,24384.075198089646
Patient_638,Arrival,235619.12346823106,complete,,0.0,,,,
Patient_638,Origem_do Pronto Socorro,235619.12346823106,complete,,,do Pronto Socorro,235619.12346823106,,
Patient_638,CTI (PS),238930.75496580402,start,ctiBeds,0.0,,,,
Patient_638,CTI (PS),253584.43205112522,complete,ctiBeds,0.0,,,,
Patient_638,CTI prepara Encaminhamento,253584.43205112522,start,,0.0,,,,
Patient_638,CTI prepara Encaminhamento,253637.48581641767,complete,,0.0,,,,
Patient_638,Encaminha_para a Clinica Medica,253637.48581641767,complete,,,para a Clinica Medica,253637.48581641767,,
Patient_638,Discharge,253637.48581641767,complete,,,,,,18018.36234818661
Patient_639,Arrival,235775.15017304808,complete,,0.0,,,,
Patient_639,Origem_do Pronto Socorro,235775.15017304808,complete,,,do Pronto Socorro,235775.15017304808,,
Patient_639,CTI (PS),238980.3649902237,start,ctiBeds,0.0,,,,
Patient_639,CTI (PS),244187.65517862162,complete,ctiBeds,0.0,,,,
Patient_639,CTI prepara Encaminhamento,244187.65517862162,start,,0.0,,,,
Patient_639,CTI prepara Encaminhamento,244241.97454686867,complete,,0.0,,,,
Patient_639,Encaminha_para a Clinica Cirurgica,244241.97454686867,complete,,,para a Clinica Cirurgica,244241.97454686867,,
Patient_639,Discharge,244241.97454686867,complete,,,,,,8466.824373820593
Patient_64,Arrival,16951.14938364965,complete,,0.0,,,,
Patient_64,Origem_do Centro Cirurgico,16951.14938364965,complete,,,do Centro Cirurgico,16951.14938364965,,
Patient_64,CTI (CC),16951.14938364965,start,ctiBeds,0.0,,,,
Patient_64,CTI (CC),19052.42627414547,complete,ctiBeds,0.0,,,,
Patient_64,CTI prepara Encaminhamento,19052.42627414547,start,,0.0,,,,
Patient_64,CTI prepara Encaminhamento,19093.776390036644,complete,,0.0,,,,
Patient_64,Encaminha_para a Clinica Medica,19093.776390036644,complete,,,para a Clinica Medica,19093.776390036644,,
Patient_64,Discharge,19093.776390036644,complete,,,,,,2142.627006386996
Patient_640,Arrival,236706.13828247838,complete,,0.0,,,,
Patient_640,Origem_do Pronto Socorro,236706.13828247838,complete,,,do Pronto Socorro,236706.13828247838,,
Patient_640,CTI (PS),239327.46422816883,start,ctiBeds,0.0,,,,
Patient_640,CTI (PS),253196.9760595424,complete,ctiBeds,0.0,,,,
Patient_640,CTI prepara Encaminhamento,253196.9760595424,start,,0.0,,,,
Patient_640,CTI prepara Encaminhamento,253245.1398983943,complete,,0.0,,,,
Patient_640,Encaminha_Transferencia Externa,253245.1398983943,complete,,,Transferencia Externa,253245.1398983943,,
Patient_640,Discharge,253245.1398983943,complete,,,,,,16539.001615915913
Patient_641,Arrival,237983.21414125984,complete,,0.0,,,,
Patient_641,Origem_do Pronto Socorro,237983.21414125984,complete,,,do Pronto Socorro,237983.21414125984,,
Patient_641,CTI (PS),241115.80291666643,start,ctiBeds,0.0,,,,
Patient_641,CTI (PS),245093.01598981125,complete,ctiBeds,0.0,,,,
Patient_641,CTI prepara Encaminhamento,245093.01598981125,start,,0.0,,,,
Patient_641,CTI prepara Encaminhamento,245126.6996857102,complete,,0.0,,,,
Patient_641,Encaminha_Obito,245126.6996857102,complete,,,Obito,245126.6996857102,,
Patient_641,Discharge,245126.6996857102,complete,,,,,,7143.485544450348
Patient_642,Arrival,238795.21806903568,complete,,0.0,,,,
Patient_642,Origem_do Pronto Socorro,238795.21806903568,complete,,,do Pronto Socorro,238795.21806903568,,
Patient_642,CTI (PS),241425.90504138736,start,ctiBeds,0.0,,,,
Patient_642,CTI (PS),256837.86431691443,complete,ctiBeds,0.0,,,,
Patient_642,CTI prepara Encaminhamento,256837.86431691443,start,,0.0,,,,
Patient_642,CTI prepara Encaminhamento,256881.51715912437,complete,,0.0,,,,
Patient_642,Encaminha_Obito,256881.51715912437,complete,,,Obito,256881.51715912437,,
Patient_642,Discharge,256881.51715912437,complete,,,,,,18086.299090088694
Patient_643,Arrival,238862.24291175808,complete,,0.0,,,,
Patient_643,Origem_do Pronto Socorro,238862.24291175808,complete,,,do Pronto Socorro,238862.24291175808,,
Patient_643,CTI (PS),242053.37248734222,start,ctiBeds,0.0,,,,
Patient_643,CTI (PS),251624.97617622587,complete,ctiBeds,0.0,,,,
Patient_643,CTI prepara Encaminhamento,251624.97617622587,start,,0.0,,,,
Patient_643,CTI prepara Encaminhamento,251676.58201926734,complete,,0.0,,,,
Patient_643,Encaminha_para a Clinica Cirurgica,251676.58201926734,complete,,,para a Clinica Cirurgica,251676.58201926734,,
Patient_643,Discharge,251676.58201926734,complete,,,,,,12814.339107509266
Patient_644,Arrival,238978.32602250902,complete,,0.0,,,,
Patient_644,Origem_do Centro Cirurgico,238978.32602250902,complete,,,do Centro Cirurgico,238978.32602250902,,
Patient_644,CTI (CC),242683.20256121297,start,ctiBeds,0.0,,,,
Patient_644,CTI (CC),265477.9875817166,complete,ctiBeds,0.0,,,,
Patient_644,CTI prepara Encaminhamento,265477.9875817166,start,,0.0,,,,
Patient_644,CTI prepara Encaminhamento,265535.3744461169,complete,,0.0,,,,
Patient_644,Encaminha_Obito,265535.3744461169,complete,,,Obito,265535.3744461169,,
Patient_644,Discharge,265535.3744461169,complete,,,,,,26557.048423607892
Patient_645,Arrival,239036.8257445094,complete,,0.0,,,,
Patient_645,Origem_do Centro Cirurgico,239036.8257445094,complete,,,do Centro Cirurgico,239036.8257445094,,
Patient_645,CTI (CC),243169.5606031425,start,ctiBeds,0.0,,,,
Patient_645,CTI (CC),245188.98427567605,complete,ctiBeds,0.0,,,,
Patient_645,CTI prepara Encaminhamento,245188.98427567605,start,,0.0,,,,
Patient_645,CTI prepara Encaminhamento,245234.66905217624,complete,,0.0,,,,
Patient_645,Encaminha_para a Clinica Medica,245234.66905217624,complete,,,para a Clinica Medica,245234.66905217624,,
Patient_645,Discharge,245234.66905217624,complete,,,,,,6197.84330766683
Patient_646,Arrival,239166.50673748922,complete,,0.0,,,,
Patient_646,Origem_do Pronto Socorro,239166.50673748922,complete,,,do Pronto Socorro,239166.50673748922,,
Patient_646,CTI (PS),244187.65517862162,start,ctiBeds,0.0,,,,
Patient_646,CTI (PS),248624.17316173538,complete,ctiBeds,0.0,,,,
Patient_646,CTI prepara Encaminhamento,248624.17316173538,start,,0.0,,,,
Patient_646,CTI prepara Encaminhamento,248678.00452864455,complete,,0.0,,,,
Patient_646,Encaminha_para a Clinica Medica,248678.00452864455,complete,,,para a Clinica Medica,248678.00452864455,,
Patient_646,Discharge,248678.00452864455,complete,,,,,,9511.497791155329
Patient_647,Arrival,239381.9428360588,complete,,0.0,,,,
Patient_647,Origem_do Centro Cirurgico,239381.9428360588,complete,,,do Centro Cirurgico,239381.9428360588,,
Patient_647,CTI (CC),244614.87472903004,start,ctiBeds,0.0,,,,
Patient_647,CTI (CC),250344.01986315884,complete,ctiBeds,0.0,,,,
Patient_647,CTI prepara Encaminhamento,250344.01986315884,start,,0.0,,,,
Patient_647,CTI prepara Encaminhamento,250375.8108263101,complete,,0.0,,,,
Patient_647,Encaminha_para a Clinica Cirurgica,250375.8108263101,complete,,,para a Clinica Cirurgica,250375.8108263101,,
Patient_647,Discharge,250375.8108263101,complete,,,,,,10993.86799025131
Patient_648,Arrival,239454.92379553695,complete,,0.0,,,,
Patient_648,Origem_do Pronto Socorro,239454.92379553695,complete,,,do Pronto Socorro,239454.92379553695,,
Patient_648,CTI (PS),245093.01598981125,start,ctiBeds,0.0,,,,
Patient_648,CTI (PS),255215.57260905026,complete,ctiBeds,0.0,,,,
Patient_648,CTI prepara Encaminhamento,255215.57260905026,start,,0.0,,,,
Patient_648,CTI prepara Encaminhamento,255270.71289320398,complete,,0.0,,,,
Patient_648,Encaminha_para a Clinica Medica,255270.71289320398,complete,,,para a Clinica Medica,255270.71289320398,,
Patient_648,Discharge,255270.71289320398,complete,,,,,,15815.789097667031
Patient_649,Arrival,239495.91352261676,complete,,0.0,,,,
Patient_649,Origem_do Pronto Socorro,239495.91352261676,complete,,,do Pronto Socorro,239495.91352261676,,
Patient_649,CTI (PS),245188.98427567605,start,ctiBeds,0.0,,,,
Patient_649,CTI (PS),246920.96926212223,complete,ctiBeds,0.0,,,,
Patient_649,CTI prepara Encaminhamento,246920.96926212223,start,,0.0,,,,
Patient_649,CTI prepara Encaminhamento,246973.77649808693,complete,,0.0,,,,
Patient_649,Encaminha_para a Clinica Cirurgica,246973.77649808693,complete,,,para a Clinica Cirurgica,246973.77649808693,,
Patient_649,Discharge,246973.77649808693,complete,,,,,,7477.862975470169
Patient_65,Arrival,17422.97167064029,complete,,0.0,,,,
Patient_65,Origem_da Clinica Medica,17422.97167064029,complete,,,da Clinica Medica,17422.97167064029,,
Patient_65,CTI (CLIM),17422.97167064029,start,ctiBeds,0.0,,,,
Patient_65,CTI (CLIM),36558.793710265236,complete,ctiBeds,0.0,,,,
Patient_65,CTI prepara Encaminhamento,36558.793710265236,start,,0.0,,,,
Patient_65,CTI prepara Encaminhamento,36618.26028111848,complete,,0.0,,,,
Patient_65,Encaminha_Obito,36618.26028111848,complete,,,Obito,36618.26028111848,,
Patient_65,Discharge,36618.26028111848,complete,,,,,,19195.288610478186
Patient_650,Arrival,239833.2744218504,complete,,0.0,,,,
Patient_650,Origem_do Pronto Socorro,239833.2744218504,complete,,,do Pronto Socorro,239833.2744218504,,
Patient_650,CTI (PS),245526.18122600587,start,ctiBeds,0.0,,,,
Patient_650,CTI (PS),250537.97157140877,complete,ctiBeds,0.0,,,,
Patient_650,CTI prepara Encaminhamento,250537.97157140877,start,,0.0,,,,
Patient_650,CTI prepara Encaminhamento,250568.19491369787,complete,,0.0,,,,
Patient_650,Encaminha_para a Clinica Cirurgica,250568.19491369787,complete,,,para a Clinica Cirurgica,250568.19491369787,,
Patient_650,Discharge,250568.19491369787,complete,,,,,,10734.920491847472
Patient_651,Arrival,240190.08772629208,complete,,0.0,,,,
Patient_651,Origem_do Centro Cirurgico,240190.08772629208,complete,,,do Centro Cirurgico,240190.08772629208,,
Patient_651,CTI (CC),245733.88528629165,start,ctiBeds,0.0,,,,
Patient_651,CTI (CC),293230.7178215335,complete,ctiBeds,0.0,,,,
Patient_651,CTI prepara Encaminhamento,293230.7178215335,start,,0.0,,,,
Patient_651,CTI prepara Encaminhamento,293266.55805547704,complete,,0.0,,,,
Patient_651,Encaminha_para a Clinica Medica,293266.55805547704,complete,,,para a Clinica Medica,293266.55805547704,,
Patient_651,Discharge,293266.55805547704,complete,,,,,,53076.47032918496
Patient_652,Arrival,240674.79904372792,complete,,0.0,,,,
Patient_652,Origem_do Pronto Socorro,240674.79904372792,complete,,,do Pronto Socorro,240674.79904372792,,
Patient_652,CTI (PS),245791.7440175302,start,ctiBeds,0.0,,,,
Patient_652,CTI (PS),250978.39793907735,complete,ctiBeds,0.0,,,,
Patient_652,CTI prepara Encaminhamento,250978.39793907735,start,,0.0,,,,
Patient_652,CTI prepara Encaminhamento,251038.34788019088,complete,,0.0,,,,
Patient_652,Encaminha_para a Clinica Cirurgica,251038.34788019088,complete,,,para a Clinica Cirurgica,251038.34788019088,,
Patient_652,Discharge,251038.34788019088,complete,,,,,,10363.548836462956
Patient_653,Arrival,241040.79364612492,complete,,0.0,,,,
Patient_653,Origem_do Pronto Socorro,241040.79364612492,complete,,,do Pronto Socorro,241040.79364612492,,
Patient_653,CTI (PS),246767.48823536324,start,ctiBeds,0.0,,,,
Patient_653,CTI (PS),256485.7048143443,complete,ctiBeds,0.0,,,,
Patient_653,CTI prepara Encaminhamento,256485.7048143443,start,,0.0,,,,
Patient_653,CTI prepara Encaminhamento,256543.55577297052,complete,,0.0,,,,
Patient_653,Encaminha_para a Clinica Medica,256543.55577297052,complete,,,para a Clinica Medica,256543.55577297052,,
Patient_653,Discharge,256543.55577297052,complete,,,,,,15502.762126845599
Patient_654,Arrival,241193.8536934147,complete,,0.0,,,,
Patient_654,Origem_da Clinica Cirurgica,241193.8536934147,complete,,,da Clinica Cirurgica,241193.8536934147,,
Patient_654,CTI (CLIC),246920.96926212223,start,ctiBeds,0.0,,,,
Patient_654,CTI (CLIC),253241.70220768562,complete,ctiBeds,0.0,,,,
Patient_654,CTI prepara Encaminhamento,253241.70220768562,start,,0.0,,,,
Patient_654,CTI prepara Encaminhamento,253273.28012312605,complete,,0.0,,,,
Patient_654,Encaminha_para a Clinica Cirurgica,253273.28012312605,complete,,,para a Clinica Cirurgica,253273.28012312605,,
Patient_654,Discharge,253273.28012312605,complete,,,,,,12079.42642971134
Patient_655,Arrival,241260.70376688088,complete,,0.0,,,,
Patient_655,Origem_da Clinica Cirurgica,241260.70376688088,complete,,,da Clinica Cirurgica,241260.70376688088,,
Patient_655,CTI (CLIC),248624.17316173538,start,ctiBeds,0.0,,,,
Patient_655,CTI (CLIC),259587.27777615984,complete,ctiBeds,0.0,,,,
Patient_655,CTI prepara Encaminhamento,259587.27777615984,start,,0.0,,,,
Patient_655,CTI prepara Encaminhamento,259643.30140094602,complete,,0.0,,,,
Patient_655,Encaminha_para a Clinica Medica,259643.30140094602,complete,,,para a Clinica Medica,259643.30140094602,,
Patient_655,Discharge,259643.30140094602,complete,,,,,,18382.59763406514
Patient_656,Arrival,241479.75582729297,complete,,0.0,,,,
Patient_656,Origem_do Pronto Socorro,241479.75582729297,complete,,,do Pronto Socorro,241479.75582729297,,
Patient_656,CTI (PS),249046.6930538186,start,ctiBeds,0.0,,,,
Patient_656,CTI (PS),253603.38279735242,complete,ctiBeds,0.0,,,,
Patient_656,CTI prepara Encaminhamento,253603.38279735242,start,,0.0,,,,
Patient_656,CTI prepara Encaminhamento,253647.06438668817,complete,,0.0,,,,
Patient_656,Encaminha_Obito,253647.06438668817,complete,,,Obito,253647.06438668817,,
Patient_656,Discharge,253647.06438668817,complete,,,,,,12167.308559395198
Patient_657,Arrival,241745.611941507,complete,,0.0,,,,
Patient_657,Origem_do Centro Cirurgico,241745.611941507,complete,,,do Centro Cirurgico,241745.611941507,,
Patient_657,CTI (CC),249334.41078008685,start,ctiBeds,0.0,,,,
Patient_657,CTI (CC),251395.45476273194,complete,ctiBeds,0.0,,,,
Patient_657,CTI prepara Encaminhamento,251395.45476273194,start,,0.0,,,,
Patient_657,CTI prepara Encaminhamento,251439.75734744265,complete,,0.0,,,,
Patient_657,Encaminha_para a Clinica Cirurgica,251439.75734744265,complete,,,para a Clinica Cirurgica,251439.75734744265,,
Patient_657,Discharge,251439.75734744265,complete,,,,,,9694.145405935647
Patient_658,Arrival,242957.45716185434,complete,,0.0,,,,
Patient_658,Origem_do Centro Cirurgico,242957.45716185434,complete,,,do Centro Cirurgico,242957.45716185434,,
Patient_658,CTI (CC),249655.9707666923,start,ctiBeds,0.0,,,,
Patient_658,CTI (CC),275631.5853928337,complete,ctiBeds,0.0,,,,
Patient_658,CTI prepara Encaminhamento,275631.5853928337,start,,0.0,,,,
Patient_658,CTI prepara Encaminhamento,275686.47395707475,complete,,0.0,,,,
Patient_658,Encaminha_Obito,275686.47395707475,complete,,,Obito,275686.47395707475,,
Patient_658,Discharge,275686.47395707475,complete,,,,,,32729.016795220406
Patient_659,Arrival,243080.891920955,complete,,0.0,,,,
Patient_659,Origem_do Centro Cirurgico,243080.891920955,complete,,,do Centro Cirurgico,243080.891920955,,
Patient_659,CTI (CC),249891.2411841452,start,ctiBeds,0.0,,,,
Patient_659,CTI (CC),279471.7697379873,complete,ctiBeds,0.0,,,,
Patient_659,CTI prepara Encaminhamento,279471.7697379873,start,,0.0,,,,
Patient_659,CTI prepara Encaminhamento,279507.7810566931,complete,,0.0,,,,
Patient_659,Encaminha_Transferencia Externa,279507.7810566931,complete,,,Transferencia Externa,279507.7810566931,,
Patient_659,Discharge,279507.7810566931,complete,,,,,,36426.88913573811
Patient_66,Arrival,17489.966859676813,complete,,0.0,,,,
Patient_66,Origem_do Pronto Socorro,17489.966859676813,complete,,,do Pronto Socorro,17489.966859676813,,
Patient_66,CTI (PS),17489.966859676813,start,ctiBeds,0.0,,,,
Patient_66,CTI (PS),44549.146837204935,complete,ctiBeds,0.0,,,,
Patient_66,CTI prepara Encaminhamento,44549.146837204935,start,,0.0,,,,
Patient_66,CTI prepara Encaminhamento,44585.269955626005,complete,,0.0,,,,
Patient_66,Encaminha_para a Clinica Medica,44585.269955626005,complete,,,para a Clinica Medica,44585.269955626005,,
Patient_66,Discharge,44585.269955626005,complete,,,,,,27095.30309594919
Patient_660,Arrival,243389.63254509505,complete,,0.0,,,,
Patient_660,Origem_do Centro Cirurgico,243389.63254509505,complete,,,do Centro Cirurgico,243389.63254509505,,
Patient_660,CTI (CC),250344.01986315884,start,ctiBeds,0.0,,,,
Patient_660,CTI (CC),252403.98472341787,complete,ctiBeds,0.0,,,,
Patient_660,CTI prepara Encaminhamento,252403.98472341787,start,,0.0,,,,
Patient_660,CTI prepara Encaminhamento,252450.79416104167,complete,,0.0,,,,
Patient_660,Encaminha_para a Clinica Cirurgica,252450.79416104167,complete,,,para a Clinica Cirurgica,252450.79416104167,,
Patient_660,Discharge,252450.79416104167,complete,,,,,,9061.161615946621
Patient_661,Arrival,243879.77877587563,complete,,0.0,,,,
Patient_661,Origem_do Centro Cirurgico,243879.77877587563,complete,,,do Centro Cirurgico,243879.77877587563,,
Patient_661,CTI (CC),250357.67876983335,start,ctiBeds,0.0,,,,
Patient_661,CTI (CC),253971.51616654472,complete,ctiBeds,0.0,,,,
Patient_661,CTI prepara Encaminhamento,253971.51616654472,start,,0.0,,,,
Patient_661,CTI prepara Encaminhamento,254026.19600526165,complete,,0.0,,,,
Patient_661,Encaminha_para a Clinica Medica,254026.19600526165,complete,,,para a Clinica Medica,254026.19600526165,,
Patient_661,Discharge,254026.19600526165,complete,,,,,,10146.417229386017
Patient_662,Arrival,244655.81329244934,complete,,0.0,,,,
Patient_662,Origem_do Pronto Socorro,244655.81329244934,complete,,,do Pronto Socorro,244655.81329244934,,
Patient_662,CTI (PS),250537.97157140877,start,ctiBeds,0.0,,,,
Patient_662,CTI (PS),255983.41867896557,complete,ctiBeds,0.0,,,,
Patient_662,CTI prepara Encaminhamento,255983.41867896557,start,,0.0,,,,
Patient_662,CTI prepara Encaminhamento,256013.8999856542,complete,,0.0,,,,
Patient_662,Encaminha_para a Clinica Medica,256013.8999856542,complete,,,para a Clinica Medica,256013.8999856542,,
Patient_662,Discharge,256013.8999856542,complete,,,,,,11358.086693204852
Patient_663,Arrival,244687.8480343404,complete,,0.0,,,,
Patient_663,Origem_do Centro Cirurgico,244687.8480343404,complete,,,do Centro Cirurgico,244687.8480343404,,
Patient_663,CTI (CC),250978.39793907735,start,ctiBeds,0.0,,,,
Patient_663,CTI (CC),256142.42333020232,complete,ctiBeds,0.0,,,,
Patient_663,CTI prepara Encaminhamento,256142.42333020232,start,,0.0,,,,
Patient_663,CTI prepara Encaminhamento,256189.61147596134,complete,,0.0,,,,
Patient_663,Encaminha_para a Clinica Medica,256189.61147596134,complete,,,para a Clinica Medica,256189.61147596134,,
Patient_663,Discharge,256189.61147596134,complete,,,,,,11501.763441620948
Patient_664,Arrival,244793.5778126485,complete,,0.0,,,,
Patient_664,Origem_do Pronto Socorro,244793.5778126485,complete,,,do Pronto Socorro,244793.5778126485,,
Patient_664,CTI (PS),251147.45877354956,start,ctiBeds,0.0,,,,
Patient_664,CTI (PS),253544.71279832372,complete,ctiBeds,0.0,,,,
Patient_664,CTI prepara Encaminhamento,253544.71279832372,start,,0.0,,,,
Patient_664,CTI prepara Encaminhamento,253577.5469685101,complete,,0.0,,,,
Patient_664,Encaminha_Obito,253577.5469685101,complete,,,Obito,253577.5469685101,,
Patient_664,Discharge,253577.5469685101,complete,,,,,,8783.969155861618
Patient_665,Arrival,245891.65666079416,complete,,0.0,,,,
Patient_665,Origem_do Centro Cirurgico,245891.65666079416,complete,,,do Centro Cirurgico,245891.65666079416,,
Patient_665,CTI (CC),251395.45476273194,start,ctiBeds,0.0,,,,
Patient_665,CTI (CC),251910.5307337366,complete,ctiBeds,0.0,,,,
Patient_665,CTI prepara Encaminhamento,251910.5307337366,start,,0.0,,,,
Patient_665,CTI prepara Encaminhamento,251964.35714007844,complete,,0.0,,,,
Patient_665,Encaminha_para a Clinica Medica,251964.35714007844,complete,,,para a Clinica Medica,251964.35714007844,,
Patient_665,Discharge,251964.35714007844,complete,,,,,,6072.700479284278
Patient_666,Arrival,245996.72119757658,complete,,0.0,,,,
Patient_666,Origem_do Pronto Socorro,245996.72119757658,complete,,,do Pronto Socorro,245996.72119757658,,
Patient_666,CTI (PS),251624.97617622587,start,ctiBeds,0.0,,,,
Patient_666,CTI (PS),262734.5717406681,complete,ctiBeds,0.0,,,,
Patient_666,CTI prepara Encaminhamento,262734.5717406681,start,,0.0,,,,
Patient_666,CTI prepara Encaminhamento,262794.1341848035,complete,,0.0,,,,
Patient_666,Encaminha_para a Clinica Cirurgica,262794.1341848035,complete,,,para a Clinica Cirurgica,262794.1341848035,,
Patient_666,Discharge,262794.1341848035,complete,,,,,,16797.41298722694
Patient_667,Arrival,246347.4914735921,complete,,0.0,,,,
Patient_667,Origem_do Centro Cirurgico,246347.4914735921,complete,,,do Centro Cirurgico,246347.4914735921,,
Patient_667,CTI (CC),251910.5307337366,start,ctiBeds,0.0,,,,
Patient_667,CTI (CC),256898.8588529342,complete,ctiBeds,0.0,,,,
Patient_667,CTI prepara Encaminhamento,256898.8588529342,start,,0.0,,,,
Patient_667,CTI prepara Encaminhamento,256931.8265408008,complete,,0.0,,,,
Patient_667,Encaminha_para a Clinica Medica,256931.8265408008,complete,,,para a Clinica Medica,256931.8265408008,,
Patient_667,Discharge,256931.8265408008,complete,,,,,,10584.33506720871
Patient_668,Arrival,246372.82081309124,complete,,0.0,,,,
Patient_668,Origem_do Centro Cirurgico,246372.82081309124,complete,,,do Centro Cirurgico,246372.82081309124,,
Patient_668,CTI (CC),252403.98472341787,start,ctiBeds,0.0,,,,
Patient_668,CTI (CC),255433.81326344312,complete,ctiBeds,0.0,,,,
Patient_668,CTI prepara Encaminhamento,255433.81326344312,start,,0.0,,,,
Patient_668,CTI prepara Encaminhamento,255474.94422128264,complete,,0.0,,,,
Patient_668,Encaminha_para a Clinica Cirurgica,255474.94422128264,complete,,,para a Clinica Cirurgica,255474.94422128264,,
Patient_668,Discharge,255474.94422128264,complete,,,,,,9102.1234081914
Patient_669,Arrival,246756.3805044471,complete,,0.0,,,,
Patient_669,Origem_do Pronto Socorro,246756.3805044471,complete,,,do Pronto Socorro,246756.3805044471,,
Patient_669,CTI (PS),253196.9760595424,start,ctiBeds,0.0,,,,
Patient_669,CTI (PS),271523.8488214498,complete,ctiBeds,0.0,,,,
Patient_669,CTI prepara Encaminhamento,271523.8488214498,start,,0.0,,,,
Patient_669,CTI prepara Encaminhamento,271563.0979759117,complete,,0.0,,,,
Patient_669,Encaminha_Transferencia Externa,271563.0979759117,complete,,,Transferencia Externa,271563.0979759117,,
Patient_669,Discharge,271563.0979759117,complete,,,,,,24806.717471464595
Patient_67,Arrival,18024.1950760673,complete,,0.0,,,,
Patient_67,Origem_do Pronto Socorro,18024.1950760673,complete,,,do Pronto Socorro,18024.1950760673,,
Patient_67,CTI (PS),18024.1950760673,start,ctiBeds,0.0,,,,
Patient_67,CTI (PS),22832.037193010066,complete,ctiBeds,0.0,,,,
Patient_67,CTI prepara Encaminhamento,22832.037193010066,start,,0.0,,,,
Patient_67,CTI prepara Encaminhamento,22872.95972526224,complete,,0.0,,,,
Patient_67,Encaminha_para a Clinica Cirurgica,22872.95972526224,complete,,,para a Clinica Cirurgica,22872.95972526224,,
Patient_67,Discharge,22872.95972526224,complete,,,,,,4848.764649194942
Patient_670,Arrival,247038.44252948597,complete,,0.0,,,,
Patient_670,Origem_da Clinica Cirurgica,247038.44252948597,complete,,,da Clinica Cirurgica,247038.44252948597,,
Patient_670,CTI (CLIC),253241.70220768562,start,ctiBeds,0.0,,,,
Patient_670,CTI (CLIC),253585.40901694525,complete,ctiBeds,0.0,,,,
Patient_670,CTI prepara Encaminhamento,253585.40901694525,start,,0.0,,,,
Patient_670,CTI prepara Encaminhamento,253619.60066148432,complete,,0.0,,,,
Patient_670,Encaminha_Obito,253619.60066148432,complete,,,Obito,253619.60066148432,,
Patient_670,Discharge,253619.60066148432,complete,,,,,,6581.1581319983525
Patient_671,Arrival,247629.33727931534,complete,,0.0,,,,
Patient_671,Origem_do Centro Cirurgico,247629.33727931534,complete,,,do Centro Cirurgico,247629.33727931534,,
Patient_671,CTI (CC),253544.71279832372,start,ctiBeds,0.0,,,,
Patient_671,CTI (CC),253956.70536990726,complete,ctiBeds,0.0,,,,
Patient_671,CTI prepara Encaminhamento,253956.70536990726,start,,0.0,,,,
Patient_671,CTI prepara Encaminhamento,254015.15115041577,complete,,0.0,,,,
Patient_671,Encaminha_para a Clinica Cirurgica,254015.15115041577,complete,,,para a Clinica Cirurgica,254015.15115041577,,
Patient_671,Discharge,254015.15115041577,complete,,,,,,6385.8138711004285
Patient_672,Arrival,248360.1182593796,complete,,0.0,,,,
Patient_672,Origem_do Centro Cirurgico,248360.1182593796,complete,,,do Centro Cirurgico,248360.1182593796,,
Patient_672,CTI (CC),253584.43205112522,start,ctiBeds,0.0,,,,
Patient_672,CTI (CC),308523.1634663708,complete,ctiBeds,0.0,,,,
Patient_672,CTI prepara Encaminhamento,308523.1634663708,start,,0.0,,,,
Patient_672,CTI prepara Encaminhamento,308579.86244637705,complete,,0.0,,,,
Patient_672,Encaminha_para a Clinica Cirurgica,308579.86244637705,complete,,,para a Clinica Cirurgica,308579.86244637705,,
Patient_672,Discharge,308579.86244637705,complete,,,,,,60219.74418699744
Patient_673,Arrival,248779.3733749956,complete,,0.0,,,,
Patient_673,Origem_do Centro Cirurgico,248779.3733749956,complete,,,do Centro Cirurgico,248779.3733749956,,
Patient_673,CTI (CC),253585.40901694525,start,ctiBeds,0.0,,,,
Patient_673,CTI (CC),255985.67001973034,complete,ctiBeds,0.0,,,,
Patient_673,CTI prepara Encaminhamento,255985.67001973034,start,,0.0,,,,
Patient_673,CTI prepara Encaminhamento,256034.16911379262,complete,,0.0,,,,
Patient_673,Encaminha_para a Clinica Medica,256034.16911379262,complete,,,para a Clinica Medica,256034.16911379262,,
Patient_673,Discharge,256034.16911379262,complete,,,,,,7254.795738797024
Patient_674,Arrival,249150.9728572202,complete,,0.0,,,,
Patient_674,Origem_do Pronto Socorro,249150.9728572202,complete,,,do Pronto Socorro,249150.9728572202,,
Patient_674,CTI (PS),253603.38279735242,start,ctiBeds,0.0,,,,
Patient_674,CTI (PS),261993.98892962222,complete,ctiBeds,0.0,,,,
Patient_674,CTI prepara Encaminhamento,261993.98892962222,start,,0.0,,,,
Patient_674,CTI prepara Encaminhamento,262046.11526586892,complete,,0.0,,,,
Patient_674,Encaminha_para a Clinica Medica,262046.11526586892,complete,,,para a Clinica Medica,262046.11526586892,,
Patient_674,Discharge,262046.11526586892,complete,,,,,,12895.142408648739
Patient_675,Arrival,250156.6467472431,complete,,0.0,,,,
Patient_675,Origem_do Pronto Socorro,250156.6467472431,complete,,,do Pronto Socorro,250156.6467472431,,
Patient_675,CTI (PS),253956.70536990726,start,ctiBeds,0.0,,,,
Patient_675,CTI (PS),262702.4875383881,complete,ctiBeds,0.0,,,,
Patient_675,CTI prepara Encaminhamento,262702.4875383881,start,,0.0,,,,
Patient_675,CTI prepara Encaminhamento,262754.3295384899,complete,,0.0,,,,
Patient_675,Encaminha_Obito,262754.3295384899,complete,,,Obito,262754.3295384899,,
Patient_675,Discharge,262754.3295384899,complete,,,,,,12597.682791246829
Patient_676,Arrival,250567.9687693863,complete,,0.0,,,,
Patient_676,Origem_do Pronto Socorro,250567.9687693863,complete,,,do Pronto Socorro,250567.9687693863,,
Patient_676,CTI (PS),253971.51616654472,start,ctiBeds,0.0,,,,
Patient_676,CTI (PS),263614.54952964286,complete,ctiBeds,0.0,,,,
Patient_676,CTI prepara Encaminhamento,263614.54952964286,start,,0.0,,,,
Patient_676,CTI prepara Encaminhamento,263661.73596955894,complete,,0.0,,,,
Patient_676,Encaminha_Obito,263661.73596955894,complete,,,Obito,263661.73596955894,,
Patient_676,Discharge,263661.73596955894,complete,,,,,,13093.767200172646
Patient_677,Arrival,250648.6840063656,complete,,0.0,,,,
Patient_677,Origem_do Pronto Socorro,250648.6840063656,complete,,,do Pronto Socorro,250648.6840063656,,
Patient_677,CTI (PS),254118.78622712367,start,ctiBeds,0.0,,,,
Patient_677,CTI (PS),259250.25598215437,complete,ctiBeds,0.0,,,,
Patient_677,CTI prepara Encaminhamento,259250.25598215437,start,,0.0,,,,
Patient_677,CTI prepara Encaminhamento,259295.82911772322,complete,,0.0,,,,
Patient_677,Encaminha_para a Clinica Medica,259295.82911772322,complete,,,para a Clinica Medica,259295.82911772322,,
Patient_677,Discharge,259295.82911772322,complete,,,,,,8647.145111357619
Patient_678,Arrival,250748.79513577803,complete,,0.0,,,,
Patient_678,Origem_do Pronto Socorro,250748.79513577803,complete,,,do Pronto Socorro,250748.79513577803,,
Patient_678,CTI (PS),255215.57260905026,start,ctiBeds,0.0,,,,
Patient_678,CTI (PS),260901.2585696428,complete,ctiBeds,0.0,,,,
Patient_678,CTI prepara Encaminhamento,260901.2585696428,start,,0.0,,,,
Patient_678,CTI prepara Encaminhamento,260951.65380613957,complete,,0.0,,,,
Patient_678,Encaminha_para a Clinica Cirurgica,260951.65380613957,complete,,,para a Clinica Cirurgica,260951.65380613957,,
Patient_678,Discharge,260951.65380613957,complete,,,,,,10202.858670361544
Patient_679,Arrival,250830.92539358477,complete,,0.0,,,,
Patient_679,Origem_da Clinica Cirurgica,250830.92539358477,complete,,,da Clinica Cirurgica,250830.92539358477,,
Patient_679,CTI (CLIC),255433.81326344312,start,ctiBeds,0.0,,,,
Patient_679,CTI (CLIC),257175.0562354806,complete,ctiBeds,0.0,,,,
Patient_679,CTI prepara Encaminhamento,257175.0562354806,start,,0.0,,,,
Patient_679,CTI prepara Encaminhamento,257209.53968065183,complete,,0.0,,,,
Patient_679,Encaminha_Transferencia Externa,257209.53968065183,complete,,,Transferencia Externa,257209.53968065183,,
Patient_679,Discharge,257209.53968065183,complete,,,,,,6378.614287067059
Patient_68,Arrival,18327.40437022045,complete,,0.0,,,,
Patient_68,Origem_do Pronto Socorro,18327.40437022045,complete,,,do Pronto Socorro,18327.40437022045,,
Patient_68,CTI (PS),18327.40437022045,start,ctiBeds,0.0,,,,
Patient_68,CTI (PS),45201.29899592341,complete,ctiBeds,0.0,,,,
Patient_68,CTI prepara Encaminhamento,45201.29899592341,start,,0.0,,,,
Patient_68,CTI prepara Encaminhamento,45258.35757663539,complete,,0.0,,,,
Patient_68,Encaminha_para a Clinica Cirurgica,45258.35757663539,complete,,,para a Clinica Cirurgica,45258.35757663539,,
Patient_68,Discharge,45258.35757663539,complete,,,,,,26930.95320641494
Patient_680,Arrival,250896.30836055998,complete,,0.0,,,,
Patient_680,Origem_do Centro Cirurgico,250896.30836055998,complete,,,do Centro Cirurgico,250896.30836055998,,
Patient_680,CTI (CC),255983.41867896557,start,ctiBeds,0.0,,,,
Patient_680,CTI (CC),257474.54395033835,complete,ctiBeds,0.0,,,,
Patient_680,CTI prepara Encaminhamento,257474.54395033835,start,,0.0,,,,
Patient_680,CTI prepara Encaminhamento,257519.9932256873,complete,,0.0,,,,
Patient_680,Encaminha_para a Clinica Medica,257519.9932256873,complete,,,para a Clinica Medica,257519.9932256873,,
Patient_680,Discharge,257519.9932256873,complete,,,,,,6623.684865127318
Patient_681,Arrival,250900.2198718385,complete,,0.0,,,,
Patient_681,Origem_do Centro Cirurgico,250900.2198718385,complete,,,do Centro Cirurgico,250900.2198718385,,
Patient_681,CTI (CC),255985.67001973034,start,ctiBeds,0.0,,,,
Patient_681,CTI (CC),257806.91556857922,complete,ctiBeds,0.0,,,,
Patient_681,CTI prepara Encaminhamento,257806.91556857922,start,,0.0,,,,
Patient_681,CTI prepara Encaminhamento,257852.88608060416,complete,,0.0,,,,
Patient_681,Encaminha_para a Clinica Medica,257852.88608060416,complete,,,para a Clinica Medica,257852.88608060416,,
Patient_681,Discharge,257852.88608060416,complete,,,,,,6952.666208765673
Patient_682,Arrival,250978.92570104424,complete,,0.0,,,,
Patient_682,Origem_da Clinica Medica,250978.92570104424,complete,,,da Clinica Medica,250978.92570104424,,
Patient_682,CTI (CLIM),256142.42333020232,start,ctiBeds,0.0,,,,
Patient_682,CTI (CLIM),272189.2746217917,complete,ctiBeds,0.0,,,,
Patient_682,CTI prepara Encaminhamento,272189.2746217917,start,,0.0,,,,
Patient_682,CTI prepara Encaminhamento,272247.2595359104,complete,,0.0,,,,
Patient_682,Encaminha_para a Clinica Cirurgica,272247.2595359104,complete,,,para a Clinica Cirurgica,272247.2595359104,,
Patient_682,Discharge,272247.2595359104,complete,,,,,,21268.33383486615
Patient_683,Arrival,251799.45549631782,complete,,0.0,,,,
Patient_683,Origem_do Centro Cirurgico,251799.45549631782,complete,,,do Centro Cirurgico,251799.45549631782,,
Patient_683,CTI (CC),256485.7048143443,start,ctiBeds,0.0,,,,
Patient_683,CTI (CC),257317.12172649126,complete,ctiBeds,0.0,,,,
Patient_683,CTI prepara Encaminhamento,257317.12172649126,start,,0.0,,,,
Patient_683,CTI prepara Encaminhamento,257364.56865062998,complete,,0.0,,,,
Patient_683,Encaminha_Obito,257364.56865062998,complete,,,Obito,257364.56865062998,,
Patient_683,Discharge,257364.56865062998,complete,,,,,,5565.113154312159
Patient_684,Arrival,251959.352971254,complete,,0.0,,,,
Patient_684,Origem_do Pronto Socorro,251959.352971254,complete,,,do Pronto Socorro,251959.352971254,,
Patient_684,CTI (PS),256837.86431691443,start,ctiBeds,0.0,,,,
Patient_684,CTI (PS),262994.0114691157,complete,ctiBeds,0.0,,,,
Patient_684,CTI prepara Encaminhamento,262994.0114691157,start,,0.0,,,,
Patient_684,CTI prepara Encaminhamento,263032.5534032472,complete,,0.0,,,,
Patient_684,Encaminha_Obito,263032.5534032472,complete,,,Obito,263032.5534032472,,
Patient_684,Discharge,263032.5534032472,complete,,,,,,11073.200431993202
Patient_685,Arrival,252320.561772331,complete,,0.0,,,,
Patient_685,Origem_do Centro Cirurgico,252320.561772331,complete,,,do Centro Cirurgico,252320.561772331,,
Patient_685,CTI (CC),256898.8588529342,start,ctiBeds,0.0,,,,
Patient_685,CTI (CC),257996.59971405088,complete,ctiBeds,0.0,,,,
Patient_685,CTI prepara Encaminhamento,257996.59971405088,start,,0.0,,,,
Patient_685,CTI prepara Encaminhamento,258051.92621742073,complete,,0.0,,,,
Patient_685,Encaminha_para a Clinica Medica,258051.92621742073,complete,,,para a Clinica Medica,258051.92621742073,,
Patient_685,Discharge,258051.92621742073,complete,,,,,,5731.364445089712
Patient_686,Arrival,252363.9966539158,complete,,0.0,,,,
Patient_686,Origem_do Centro Cirurgico,252363.9966539158,complete,,,do Centro Cirurgico,252363.9966539158,,
Patient_686,CTI (CC),257175.0562354806,start,ctiBeds,0.0,,,,
Patient_686,CTI (CC),275753.6641699565,complete,ctiBeds,0.0,,,,
Patient_686,CTI prepara Encaminhamento,275753.6641699565,start,,0.0,,,,
Patient_686,CTI prepara Encaminhamento,275795.45188095636,complete,,0.0,,,,
Patient_686,Encaminha_para a Clinica Medica,275795.45188095636,complete,,,para a Clinica Medica,275795.45188095636,,
Patient_686,Discharge,275795.45188095636,complete,,,,,,23431.45522704057
Patient_687,Arrival,252719.3412910089,complete,,0.0,,,,
Patient_687,Origem_do Pronto Socorro,252719.3412910089,complete,,,do Pronto Socorro,252719.3412910089,,
Patient_687,CTI (PS),257317.12172649126,start,ctiBeds,0.0,,,,
Patient_687,CTI (PS),264488.7937647618,complete,ctiBeds,0.0,,,,
Patient_687,CTI prepara Encaminhamento,264488.7937647618,start,,0.0,,,,
Patient_687,CTI prepara Encaminhamento,264539.16991132253,complete,,0.0,,,,
Patient_687,Encaminha_para a Clinica Cirurgica,264539.16991132253,complete,,,para a Clinica Cirurgica,264539.16991132253,,
Patient_687,Discharge,264539.16991132253,complete,,,,,,11819.828620313638
Patient_688,Arrival,252947.39070868236,complete,,0.0,,,,
Patient_688,Origem_do Pronto Socorro,252947.39070868236,complete,,,do Pronto Socorro,252947.39070868236,,
Patient_688,CTI (PS),257474.54395033835,start,ctiBeds,0.0,,,,
Patient_688,CTI (PS),264445.87526143924,complete,ctiBeds,0.0,,,,
Patient_688,CTI prepara Encaminhamento,264445.87526143924,start,,0.0,,,,
Patient_688,CTI prepara Encaminhamento,264487.1718187095,complete,,0.0,,,,
Patient_688,Encaminha_para a Clinica Medica,264487.1718187095,complete,,,para a Clinica Medica,264487.1718187095,,
Patient_688,Discharge,264487.1718187095,complete,,,,,,11539.781110027165
Patient_689,Arrival,253265.37352590202,complete,,0.0,,,,
Patient_689,Origem_do Pronto Socorro,253265.37352590202,complete,,,do Pronto Socorro,253265.37352590202,,
Patient_689,CTI (PS),257806.91556857922,start,ctiBeds,0.0,,,,
Patient_689,CTI (PS),261553.1241542693,complete,ctiBeds,0.0,,,,
Patient_689,CTI prepara Encaminhamento,261553.1241542693,start,,0.0,,,,
Patient_689,CTI prepara Encaminhamento,261604.3368932206,complete,,0.0,,,,
Patient_689,Encaminha_para a Clinica Cirurgica,261604.3368932206,complete,,,para a Clinica Cirurgica,261604.3368932206,,
Patient_689,Discharge,261604.3368932206,complete,,,,,,8338.963367318589
Patient_69,Arrival,18330.919861213875,complete,,0.0,,,,
Patient_69,Origem_do Centro Cirurgico,18330.919861213875,complete,,,do Centro Cirurgico,18330.919861213875,,
Patient_69,CTI (CC),19038.95859142731,start,ctiBeds,0.0,,,,
Patient_69,CTI (CC),27863.40720945695,complete,ctiBeds,0.0,,,,
Patient_69,CTI prepara Encaminhamento,27863.40720945695,start,,0.0,,,,
Patient_69,CTI prepara Encaminhamento,27917.47883969889,complete,,0.0,,,,
Patient_69,Encaminha_Obito,27917.47883969889,complete,,,Obito,27917.47883969889,,
Patient_69,Discharge,27917.47883969889,complete,,,,,,9586.558978485016
Patient_690,Arrival,253494.68659914492,complete,,0.0,,,,
Patient_690,Origem_do Pronto Socorro,253494.68659914492,complete,,,do Pronto Socorro,253494.68659914492,,
Patient_690,CTI (PS),257996.59971405088,start,ctiBeds,0.0,,,,
Patient_690,CTI (PS),296350.1088646954,complete,ctiBeds,0.0,,,,
Patient_690,CTI prepara Encaminhamento,296350.1088646954,start,,0.0,,,,
Patient_690,CTI prepara Encaminhamento,296409.02711614704,complete,,0.0,,,,
Patient_690,Encaminha_para a Clinica Medica,296409.02711614704,complete,,,para a Clinica Medica,296409.02711614704,,
Patient_690,Discharge,296409.02711614704,complete,,,,,,42914.34051700213
Patient_691,Arrival,254767.30963578133,complete,,0.0,,,,
Patient_691,Origem_do Centro Cirurgico,254767.30963578133,complete,,,do Centro Cirurgico,254767.30963578133,,
Patient_691,CTI (CC),259250.25598215437,start,ctiBeds,0.0,,,,
Patient_691,CTI (CC),264731.1180587564,complete,ctiBeds,0.0,,,,
Patient_691,CTI prepara Encaminhamento,264731.1180587564,start,,0.0,,,,
Patient_691,CTI prepara Encaminhamento,264780.84121788846,complete,,0.0,,,,
Patient_691,Encaminha_para a Clinica Medica,264780.84121788846,complete,,,para a Clinica Medica,264780.84121788846,,
Patient_691,Discharge,264780.84121788846,complete,,,,,,10013.531582107127
Patient_692,Arrival,254783.59327874173,complete,,0.0,,,,
Patient_692,Origem_da Clinica Cirurgica,254783.59327874173,complete,,,da Clinica Cirurgica,254783.59327874173,,
Patient_692,CTI (CLIC),259300.0283238195,start,ctiBeds,0.0,,,,
Patient_692,CTI (CLIC),263086.10957801767,complete,ctiBeds,0.0,,,,
Patient_692,CTI prepara Encaminhamento,263086.10957801767,start,,0.0,,,,
Patient_692,CTI prepara Encaminhamento,263136.8784559254,complete,,0.0,,,,
Patient_692,Encaminha_para a Clinica Cirurgica,263136.8784559254,complete,,,para a Clinica Cirurgica,263136.8784559254,,
Patient_692,Discharge,263136.8784559254,complete,,,,,,8353.285177183658
Patient_693,Arrival,255009.44877258263,complete,,0.0,,,,
Patient_693,Origem_do Centro Cirurgico,255009.44877258263,complete,,,do Centro Cirurgico,255009.44877258263,,
Patient_693,CTI (CC),259587.27777615984,start,ctiBeds,0.0,,,,
Patient_693,CTI (CC),268969.2220983502,complete,ctiBeds,0.0,,,,
Patient_693,CTI prepara Encaminhamento,268969.2220983502,start,,0.0,,,,
Patient_693,CTI prepara Encaminhamento,269000.2962052263,complete,,0.0,,,,
Patient_693,Encaminha_para a Clinica Medica,269000.2962052263,complete,,,para a Clinica Medica,269000.2962052263,,
Patient_693,Discharge,269000.2962052263,complete,,,,,,13990.84743264364
Patient_694,Arrival,255075.0533559342,complete,,0.0,,,,
Patient_694,Origem_do Pronto Socorro,255075.0533559342,complete,,,do Pronto Socorro,255075.0533559342,,
Patient_694,CTI (PS),260901.2585696428,start,ctiBeds,0.0,,,,
Patient_694,CTI (PS),263830.15246058046,complete,ctiBeds,0.0,,,,
Patient_694,CTI prepara Encaminhamento,263830.15246058046,start,,0.0,,,,
Patient_694,CTI prepara Encaminhamento,263886.71598694084,complete,,0.0,,,,
Patient_694,Encaminha_para a Clinica Medica,263886.71598694084,complete,,,para a Clinica Medica,263886.71598694084,,
Patient_694,Discharge,263886.71598694084,complete,,,,,,8811.66263100665
Patient_695,Arrival,255245.05559715797,complete,,0.0,,,,
Patient_695,Origem_do Centro Cirurgico,255245.05559715797,complete,,,do Centro Cirurgico,255245.05559715797,,
Patient_695,CTI (CC),261553.1241542693,start,ctiBeds,0.0,,,,
Patient_695,CTI (CC),262713.87194875395,complete,ctiBeds,0.0,,,,
Patient_695,CTI prepara Encaminhamento,262713.87194875395,start,,0.0,,,,
Patient_695,CTI prepara Encaminhamento,262761.493717118,complete,,0.0,,,,
Patient_695,Encaminha_para a Clinica Medica,262761.493717118,complete,,,para a Clinica Medica,262761.493717118,,
Patient_695,Discharge,262761.493717118,complete,,,,,,7516.4381199600175
Patient_696,Arrival,255245.85268121274,complete,,0.0,,,,
Patient_696,Origem_do Pronto Socorro,255245.85268121274,complete,,,do Pronto Socorro,255245.85268121274,,
Patient_696,CTI (PS),261993.98892962222,start,ctiBeds,0.0,,,,
Patient_696,CTI (PS),304202.585198648,complete,ctiBeds,0.0,,,,
Patient_696,CTI prepara Encaminhamento,304202.585198648,start,,0.0,,,,
Patient_696,CTI prepara Encaminhamento,304244.07807189715,complete,,0.0,,,,
Patient_696,Encaminha_para a Clinica Medica,304244.07807189715,complete,,,para a Clinica Medica,304244.07807189715,,
Patient_696,Discharge,304244.07807189715,complete,,,,,,48998.22539068441
Patient_697,Arrival,255259.47859028066,complete,,0.0,,,,
Patient_697,Origem_do Centro Cirurgico,255259.47859028066,complete,,,do Centro Cirurgico,255259.47859028066,,
Patient_697,CTI (CC),262702.4875383881,start,ctiBeds,0.0,,,,
Patient_697,CTI (CC),271735.27981977025,complete,ctiBeds,0.0,,,,
Patient_697,CTI prepara Encaminhamento,271735.27981977025,start,,0.0,,,,
Patient_697,CTI prepara Encaminhamento,271785.0117979743,complete,,0.0,,,,
Patient_697,Encaminha_para a Clinica Cirurgica,271785.0117979743,complete,,,para a Clinica Cirurgica,271785.0117979743,,
Patient_697,Discharge,271785.0117979743,complete,,,,,,16525.533207693632
Patient_698,Arrival,255399.21720089042,complete,,0.0,,,,
Patient_698,Origem_do Pronto Socorro,255399.21720089042,complete,,,do Pronto Socorro,255399.21720089042,,
Patient_698,CTI (PS),262713.87194875395,start,ctiBeds,0.0,,,,
Patient_698,CTI (PS),270110.3924622461,complete,ctiBeds,0.0,,,,
Patient_698,CTI prepara Encaminhamento,270110.3924622461,start,,0.0,,,,
Patient_698,CTI prepara Encaminhamento,270156.7339558847,complete,,0.0,,,,
Patient_698,Encaminha_para a Clinica Medica,270156.7339558847,complete,,,para a Clinica Medica,270156.7339558847,,
Patient_698,Discharge,270156.7339558847,complete,,,,,,14757.516754994285
Patient_699,Arrival,255528.62651306728,complete,,0.0,,,,
Patient_699,Origem_do Centro Cirurgico,255528.62651306728,complete,,,do Centro Cirurgico,255528.62651306728,,
Patient_699,CTI (CC),262734.5717406681,start,ctiBeds,0.0,,,,
Patient_699,CTI (CC),293399.1890008727,complete,ctiBeds,0.0,,,,
Patient_699,CTI prepara Encaminhamento,293399.1890008727,start,,0.0,,,,
Patient_699,CTI prepara Encaminhamento,293442.2231868516,complete,,0.0,,,,
Patient_699,Encaminha_para a Clinica Medica,293442.2231868516,complete,,,para a Clinica Medica,293442.2231868516,,
Patient_699,Discharge,293442.2231868516,complete,,,,,,37913.59667378431
Patient_7,Arrival,1628.1555582058668,complete,,0.0,,,,
Patient_7,Origem_da Clinica Cirurgica,1628.1555582058668,complete,,,da Clinica Cirurgica,1628.1555582058668,,
Patient_7,CTI (CLIC),1628.1555582058668,start,ctiBeds,0.0,,,,
Patient_7,CTI (CLIC),11427.926154263248,complete,ctiBeds,0.0,,,,
Patient_7,CTI prepara Encaminhamento,11427.926154263248,start,,0.0,,,,
Patient_7,CTI prepara Encaminhamento,11481.201657771833,complete,,0.0,,,,
Patient_7,Encaminha_para a Clinica Cirurgica,11481.201657771833,complete,,,para a Clinica Cirurgica,11481.201657771833,,
Patient_7,Discharge,11481.201657771833,complete,,,,,,9853.046099565967
Patient_70,Arrival,18802.14797754025,complete,,0.0,,,,
Patient_70,Origem_do Centro Cirurgico,18802.14797754025,complete,,,do Centro Cirurgico,18802.14797754025,,
Patient_70,CTI (CC),19052.42627414547,start,ctiBeds,0.0,,,,
Patient_70,CTI (CC),20437.70525864075,complete,ctiBeds,0.0,,,,
Patient_70,CTI prepara Encaminhamento,20437.70525864075,start,,0.0,,,,
Patient_70,CTI prepara Encaminhamento,20492.78961028812,complete,,0.0,,,,
Patient_70,Encaminha_Obito,20492.78961028812,complete,,,Obito,20492.78961028812,,
Patient_70,Discharge,20492.78961028812,complete,,,,,,1690.6416327478692
Patient_700,Arrival,255629.8747097625,complete,,0.0,,,,
Patient_700,Origem_da Clinica Cirurgica,255629.8747097625,complete,,,da Clinica Cirurgica,255629.8747097625,,
Patient_700,CTI (CLIC),262994.0114691157,start,ctiBeds,0.0,,,,
Patient_700,CTI (CLIC),264044.4425771091,complete,ctiBeds,0.0,,,,
Patient_700,CTI prepara Encaminhamento,264044.4425771091,start,,0.0,,,,
Patient_700,CTI prepara Encaminhamento,264083.01972605416,complete,,0.0,,,,
Patient_700,Encaminha_para o Centro Cirurgico,264083.01972605416,complete,,,para o Centro Cirurgico,264083.01972605416,,
Patient_700,Discharge,264083.01972605416,complete,,,,,,8453.145016291674
Patient_701,Arrival,255816.8030252605,complete,,0.0,,,,
Patient_701,Origem_do Pronto Socorro,255816.8030252605,complete,,,do Pronto Socorro,255816.8030252605,,
Patient_701,CTI (PS),263086.10957801767,start,ctiBeds,0.0,,,,
Patient_701,CTI (PS),283622.50609007344,complete,ctiBeds,0.0,,,,
Patient_701,CTI prepara Encaminhamento,283622.50609007344,start,,0.0,,,,
Patient_701,CTI prepara Encaminhamento,283667.2305747214,complete,,0.0,,,,
Patient_701,Encaminha_para a Clinica Cirurgica,283667.2305747214,complete,,,para a Clinica Cirurgica,283667.2305747214,,
Patient_701,Discharge,283667.2305747214,complete,,,,,,27850.427549460903
Patient_702,Arrival,256191.7615751928,complete,,0.0,,,,
Patient_702,Origem_da Clinica Cirurgica,256191.7615751928,complete,,,da Clinica Cirurgica,256191.7615751928,,
Patient_702,CTI (CLIC),263614.54952964286,start,ctiBeds,0.0,,,,
Patient_702,CTI (CLIC),267924.9413584706,complete,ctiBeds,0.0,,,,
Patient_702,CTI prepara Encaminhamento,267924.9413584706,start,,0.0,,,,
Patient_702,CTI prepara Encaminhamento,267967.5768331449,complete,,0.0,,,,
Patient_702,Encaminha_para a Clinica Medica,267967.5768331449,complete,,,para a Clinica Medica,267967.5768331449,,
Patient_702,Discharge,267967.5768331449,complete,,,,,,11775.815257952083
Patient_703,Arrival,256192.95707723874,complete,,0.0,,,,
Patient_703,Origem_do Pronto Socorro,256192.95707723874,complete,,,do Pronto Socorro,256192.95707723874,,
Patient_703,CTI (PS),263830.15246058046,start,ctiBeds,0.0,,,,
Patient_703,CTI (PS),266379.74930771405,complete,ctiBeds,0.0,,,,
Patient_703,CTI prepara Encaminhamento,266379.74930771405,start,,0.0,,,,
Patient_703,CTI prepara Encaminhamento,266436.19880799134,complete,,0.0,,,,
Patient_703,Encaminha_Transferencia Externa,266436.19880799134,complete,,,Transferencia Externa,266436.19880799134,,
Patient_703,Discharge,266436.19880799134,complete,,,,,,10243.241730752605
Patient_704,Arrival,257506.72392085058,complete,,0.0,,,,
Patient_704,Origem_da Clinica Medica,257506.72392085058,complete,,,da Clinica Medica,257506.72392085058,,
Patient_704,CTI (CLIM),264044.4425771091,start,ctiBeds,0.0,,,,
Patient_704,CTI (CLIM),270012.5384833652,complete,ctiBeds,0.0,,,,
Patient_704,CTI prepara Encaminhamento,270012.5384833652,start,,0.0,,,,
Patient_704,CTI prepara Encaminhamento,270063.1478300926,complete,,0.0,,,,
Patient_704,Encaminha_para a Clinica Cirurgica,270063.1478300926,complete,,,para a Clinica Cirurgica,270063.1478300926,,
Patient_704,Discharge,270063.1478300926,complete,,,,,,12556.423909242003
Patient_705,Arrival,257567.50508504128,complete,,0.0,,,,
Patient_705,Origem_do Pronto Socorro,257567.50508504128,complete,,,do Pronto Socorro,257567.50508504128,,
Patient_705,CTI (PS),264445.87526143924,start,ctiBeds,0.0,,,,
Patient_705,CTI (PS),267701.1837128882,complete,ctiBeds,0.0,,,,
Patient_705,CTI prepara Encaminhamento,267701.1837128882,start,,0.0,,,,
Patient_705,CTI prepara Encaminhamento,267744.93556158117,complete,,0.0,,,,
Patient_705,Encaminha_Obito,267744.93556158117,complete,,,Obito,267744.93556158117,,
Patient_705,Discharge,267744.93556158117,complete,,,,,,10177.430476539885
Patient_706,Arrival,258909.6553606357,complete,,0.0,,,,
Patient_706,Origem_do Centro Cirurgico,258909.6553606357,complete,,,do Centro Cirurgico,258909.6553606357,,
Patient_706,CTI (CC),264488.7937647618,start,ctiBeds,0.0,,,,
Patient_706,CTI (CC),275418.978054138,complete,ctiBeds,0.0,,,,
Patient_706,CTI prepara Encaminhamento,275418.978054138,start,,0.0,,,,
Patient_706,CTI prepara Encaminhamento,275449.4796131158,complete,,0.0,,,,
Patient_706,Encaminha_Obito,275449.4796131158,complete,,,Obito,275449.4796131158,,
Patient_706,Discharge,275449.4796131158,complete,,,,,,16539.824252480088
Patient_707,Arrival,258954.88676121397,complete,,0.0,,,,
Patient_707,Origem_do Centro Cirurgico,258954.88676121397,complete,,,do Centro Cirurgico,258954.88676121397,,
Patient_707,CTI (CC),264731.1180587564,start,ctiBeds,0.0,,,,
Patient_707,CTI (CC),267739.4256280813,complete,ctiBeds,0.0,,,,
Patient_707,CTI prepara Encaminhamento,267739.4256280813,start,,0.0,,,,
Patient_707,CTI prepara Encaminhamento,267772.79625294957,complete,,0.0,,,,
Patient_707,Encaminha_para a Clinica Cirurgica,267772.79625294957,complete,,,para a Clinica Cirurgica,267772.79625294957,,
Patient_707,Discharge,267772.79625294957,complete,,,,,,8817.909491735598
Patient_708,Arrival,259040.87596787387,complete,,0.0,,,,
Patient_708,Origem_do Pronto Socorro,259040.87596787387,complete,,,do Pronto Socorro,259040.87596787387,,
Patient_708,CTI (PS),265477.9875817166,start,ctiBeds,0.0,,,,
Patient_708,CTI (PS),282577.18540238735,complete,ctiBeds,0.0,,,,
Patient_708,CTI prepara Encaminhamento,282577.18540238735,start,,0.0,,,,
Patient_708,CTI prepara Encaminhamento,282622.7727096465,complete,,0.0,,,,
Patient_708,Encaminha_para a Clinica Medica,282622.7727096465,complete,,,para a Clinica Medica,282622.7727096465,,
Patient_708,Discharge,282622.7727096465,complete,,,,,,23581.896741772623
Patient_709,Arrival,259319.85151763188,complete,,0.0,,,,
Patient_709,Origem_do Pronto Socorro,259319.85151763188,complete,,,do Pronto Socorro,259319.85151763188,,
Patient_709,CTI (PS),266379.74930771405,start,ctiBeds,0.0,,,,
Patient_709,CTI (PS),272234.3005287739,complete,ctiBeds,0.0,,,,
Patient_709,CTI prepara Encaminhamento,272234.3005287739,start,,0.0,,,,
Patient_709,CTI prepara Encaminhamento,272292.33523555595,complete,,0.0,,,,
Patient_709,Encaminha_Transferencia Externa,272292.33523555595,complete,,,Transferencia Externa,272292.33523555595,,
Patient_709,Discharge,272292.33523555595,complete,,,,,,12972.483717924071
Patient_71,Arrival,19005.433043961304,complete,,0.0,,,,
Patient_71,Origem_do Pronto Socorro,19005.433043961304,complete,,,do Pronto Socorro,19005.433043961304,,
Patient_71,CTI (PS),19549.59253004287,start,ctiBeds,0.0,,,,
Patient_71,CTI (PS),21560.0517785494,complete,ctiBeds,0.0,,,,
Patient_71,CTI prepara Encaminhamento,21560.0517785494,start,,0.0,,,,
Patient_71,CTI prepara Encaminhamento,21600.88949886307,complete,,0.0,,,,
Patient_71,Encaminha_para o Centro Cirurgico,21600.88949886307,complete,,,para o Centro Cirurgico,21600.88949886307,,
Patient_71,Discharge,21600.88949886307,complete,,,,,,2595.456454901767
Patient_710,Arrival,259382.7270340306,complete,,0.0,,,,
Patient_710,Origem_do Centro Cirurgico,259382.7270340306,complete,,,do Centro Cirurgico,259382.7270340306,,
Patient_710,CTI (CC),267701.1837128882,start,ctiBeds,0.0,,,,
Patient_710,CTI (CC),299526.94962599454,complete,ctiBeds,0.0,,,,
Patient_710,CTI prepara Encaminhamento,299526.94962599454,start,,0.0,,,,
Patient_710,CTI prepara Encaminhamento,299559.86561565596,complete,,0.0,,,,
Patient_710,Encaminha_para a Clinica Cirurgica,299559.86561565596,complete,,,para a Clinica Cirurgica,299559.86561565596,,
Patient_710,Discharge,299559.86561565596,complete,,,,,,40177.13858162536
Patient_711,Arrival,259724.2295870466,complete,,0.0,,,,
Patient_711,Origem_do Pronto Socorro,259724.2295870466,complete,,,do Pronto Socorro,259724.2295870466,,
Patient_711,CTI (PS),267739.4256280813,start,ctiBeds,0.0,,,,
Patient_711,CTI (PS),280767.53648888896,complete,ctiBeds,0.0,,,,
Patient_711,CTI prepara Encaminhamento,280767.53648888896,start,,0.0,,,,
Patient_711,CTI prepara Encaminhamento,280818.4665782494,complete,,0.0,,,,
Patient_711,Encaminha_Transferencia Externa,280818.4665782494,complete,,,Transferencia Externa,280818.4665782494,,
Patient_711,Discharge,280818.4665782494,complete,,,,,,21094.236991202808
Patient_712,Arrival,259952.74410439644,complete,,0.0,,,,
Patient_712,Origem_da Clinica Medica,259952.74410439644,complete,,,da Clinica Medica,259952.74410439644,,
Patient_712,CTI (CLIM),267924.9413584706,start,ctiBeds,0.0,,,,
Patient_712,CTI (CLIM),281601.6103071736,complete,ctiBeds,0.0,,,,
Patient_712,CTI prepara Encaminhamento,281601.6103071736,start,,0.0,,,,
Patient_712,CTI prepara Encaminhamento,281659.1173039237,complete,,0.0,,,,
Patient_712,Encaminha_para a Clinica Cirurgica,281659.1173039237,complete,,,para a Clinica Cirurgica,281659.1173039237,,
Patient_712,Discharge,281659.1173039237,complete,,,,,,21706.37319952727
Patient_713,Arrival,260051.4778989907,complete,,0.0,,,,
Patient_713,Origem_do Pronto Socorro,260051.4778989907,complete,,,do Pronto Socorro,260051.4778989907,,
Patient_713,CTI (PS),268969.2220983502,start,ctiBeds,0.0,,,,
Patient_713,CTI (PS),270506.28699713363,complete,ctiBeds,0.0,,,,
Patient_713,CTI prepara Encaminhamento,270506.28699713363,start,,0.0,,,,
Patient_713,CTI prepara Encaminhamento,270560.76683310705,complete,,0.0,,,,
Patient_713,Encaminha_Obito,270560.76683310705,complete,,,Obito,270560.76683310705,,
Patient_713,Discharge,270560.76683310705,complete,,,,,,10509.288934116339
Patient_714,Arrival,261645.93679451855,complete,,0.0,,,,
Patient_714,Origem_da Clinica Cirurgica,261645.93679451855,complete,,,da Clinica Cirurgica,261645.93679451855,,
Patient_714,CTI (CLIC),270012.5384833652,start,ctiBeds,0.0,,,,
Patient_714,CTI (CLIC),279618.8358822352,complete,ctiBeds,0.0,,,,
Patient_714,CTI prepara Encaminhamento,279618.8358822352,start,,0.0,,,,
Patient_714,CTI prepara Encaminhamento,279655.69437271624,complete,,0.0,,,,
Patient_714,Encaminha_para a Clinica Cirurgica,279655.69437271624,complete,,,para a Clinica Cirurgica,279655.69437271624,,
Patient_714,Discharge,279655.69437271624,complete,,,,,,18009.757578197692
Patient_715,Arrival,262146.80528179393,complete,,0.0,,,,
Patient_715,Origem_do Centro Cirurgico,262146.80528179393,complete,,,do Centro Cirurgico,262146.80528179393,,
Patient_715,CTI (CC),270110.3924622461,start,ctiBeds,0.0,,,,
Patient_715,CTI (CC),276266.24672424665,complete,ctiBeds,0.0,,,,
Patient_715,CTI prepara Encaminhamento,276266.24672424665,start,,0.0,,,,
Patient_715,CTI prepara Encaminhamento,276317.1054027959,complete,,0.0,,,,
Patient_715,Encaminha_para a Clinica Cirurgica,276317.1054027959,complete,,,para a Clinica Cirurgica,276317.1054027959,,
Patient_715,Discharge,276317.1054027959,complete,,,,,,14170.300121001957
Patient_716,Arrival,262221.76463512704,complete,,0.0,,,,
Patient_716,Origem_do Centro Cirurgico,262221.76463512704,complete,,,do Centro Cirurgico,262221.76463512704,,
Patient_716,CTI (CC),270506.28699713363,start,ctiBeds,0.0,,,,
Patient_716,CTI (CC),271289.9748304161,complete,ctiBeds,0.0,,,,
Patient_716,CTI prepara Encaminhamento,271289.9748304161,start,,0.0,,,,
Patient_716,CTI prepara Encaminhamento,271337.77590093785,complete,,0.0,,,,
Patient_716,Encaminha_Obito,271337.77590093785,complete,,,Obito,271337.77590093785,,
Patient_716,Discharge,271337.77590093785,complete,,,,,,9116.011265810812
Patient_717,Arrival,262974.6450201169,complete,,0.0,,,,
Patient_717,Origem_do Pronto Socorro,262974.6450201169,complete,,,do Pronto Socorro,262974.6450201169,,
Patient_717,CTI (PS),271289.9748304161,start,ctiBeds,0.0,,,,
Patient_717,CTI (PS),275843.2057224573,complete,ctiBeds,0.0,,,,
Patient_717,CTI prepara Encaminhamento,275843.2057224573,start,,0.0,,,,
Patient_717,CTI prepara Encaminhamento,275874.58310488507,complete,,0.0,,,,
Patient_717,Encaminha_para a Clinica Medica,275874.58310488507,complete,,,para a Clinica Medica,275874.58310488507,,
Patient_717,Discharge,275874.58310488507,complete,,,,,,12899.93808476819
Patient_718,Arrival,263044.76835135336,complete,,0.0,,,,
Patient_718,Origem_do Pronto Socorro,263044.76835135336,complete,,,do Pronto Socorro,263044.76835135336,,
Patient_718,CTI (PS),271353.0952645532,start,ctiBeds,0.0,,,,
Patient_718,CTI (PS),273383.2425790058,complete,ctiBeds,0.0,,,,
Patient_718,CTI prepara Encaminhamento,273383.2425790058,start,,0.0,,,,
Patient_718,CTI prepara Encaminhamento,273441.07712527935,complete,,0.0,,,,
Patient_718,Encaminha_Obito,273441.07712527935,complete,,,Obito,273441.07712527935,,
Patient_718,Discharge,273441.07712527935,complete,,,,,,10396.308773925994
Patient_719,Arrival,263088.7352260567,complete,,0.0,,,,
Patient_719,Origem_do Pronto Socorro,263088.7352260567,complete,,,do Pronto Socorro,263088.7352260567,,
Patient_719,CTI (PS),271523.8488214498,start,ctiBeds,0.0,,,,
Patient_719,CTI (PS),288186.95607939723,complete,ctiBeds,0.0,,,,
Patient_719,CTI prepara Encaminhamento,288186.95607939723,start,,0.0,,,,
Patient_719,CTI prepara Encaminhamento,288241.72403464053,complete,,0.0,,,,
Patient_719,Encaminha_para a Clinica Cirurgica,288241.72403464053,complete,,,para a Clinica Cirurgica,288241.72403464053,,
Patient_719,Discharge,288241.72403464053,complete,,,,,,25152.988808583817
Patient_72,Arrival,19071.300099936398,complete,,0.0,,,,
Patient_72,Origem_do Centro Cirurgico,19071.300099936398,complete,,,do Centro Cirurgico,19071.300099936398,,
Patient_72,CTI (CC),20388.67564290048,start,ctiBeds,0.0,,,,
Patient_72,CTI (CC),26866.001021252523,complete,ctiBeds,0.0,,,,
Patient_72,CTI prepara Encaminhamento,26866.001021252523,start,,0.0,,,,
Patient_72,CTI prepara Encaminhamento,26902.394222776806,complete,,0.0,,,,
Patient_72,Encaminha_Obito,26902.394222776806,complete,,,Obito,26902.394222776806,,
Patient_72,Discharge,26902.394222776806,complete,,,,,,7831.094122840408
Patient_720,Arrival,263661.12192503345,complete,,0.0,,,,
Patient_720,Origem_do Pronto Socorro,263661.12192503345,complete,,,do Pronto Socorro,263661.12192503345,,
Patient_720,CTI (PS),271735.27981977025,start,ctiBeds,0.0,,,,
Patient_720,CTI (PS),292243.4591673078,complete,ctiBeds,0.0,,,,
Patient_720,CTI prepara Encaminhamento,292243.4591673078,start,,0.0,,,,
Patient_720,CTI prepara Encaminhamento,292284.62618952396,complete,,0.0,,,,
Patient_720,Encaminha_para a Clinica Cirurgica,292284.62618952396,complete,,,para a Clinica Cirurgica,292284.62618952396,,
Patient_720,Discharge,292284.62618952396,complete,,,,,,28623.504264490504
Patient_721,Arrival,263778.0741091998,complete,,0.0,,,,
Patient_721,Origem_da Clinica Medica,263778.0741091998,complete,,,da Clinica Medica,263778.0741091998,,
Patient_721,CTI (CLIM),272189.2746217917,start,ctiBeds,0.0,,,,
Patient_721,CTI (CLIM),276469.69187116413,complete,ctiBeds,0.0,,,,
Patient_721,CTI prepara Encaminhamento,276469.69187116413,start,,0.0,,,,
Patient_721,CTI prepara Encaminhamento,276503.786005789,complete,,0.0,,,,
Patient_721,Encaminha_para a Clinica Medica,276503.786005789,complete,,,para a Clinica Medica,276503.786005789,,
Patient_721,Discharge,276503.786005789,complete,,,,,,12725.7118965892
Patient_722,Arrival,264560.35676532926,complete,,0.0,,,,
Patient_722,Origem_do Centro Cirurgico,264560.35676532926,complete,,,do Centro Cirurgico,264560.35676532926,,
Patient_722,CTI (CC),272234.3005287739,start,ctiBeds,0.0,,,,
Patient_722,CTI (CC),272851.0032392844,complete,ctiBeds,0.0,,,,
Patient_722,CTI prepara Encaminhamento,272851.0032392844,start,,0.0,,,,
Patient_722,CTI prepara Encaminhamento,272905.3497978213,complete,,0.0,,,,
Patient_722,Encaminha_para o Centro Cirurgico,272905.3497978213,complete,,,para o Centro Cirurgico,272905.3497978213,,
Patient_722,Discharge,272905.3497978213,complete,,,,,,8344.993032492057
Patient_723,Arrival,264953.895430664,complete,,0.0,,,,
Patient_723,Origem_do Pronto Socorro,264953.895430664,complete,,,do Pronto Socorro,264953.895430664,,
Patient_723,CTI (PS),272851.0032392844,start,ctiBeds,0.0,,,,
Patient_723,CTI (PS),281939.96631102095,complete,ctiBeds,0.0,,,,
Patient_723,CTI prepara Encaminhamento,281939.96631102095,start,,0.0,,,,
Patient_723,CTI prepara Encaminhamento,281981.23737946467,complete,,0.0,,,,
Patient_723,Encaminha_Obito,281981.23737946467,complete,,,Obito,281981.23737946467,,
Patient_723,Discharge,281981.23737946467,complete,,,,,,17027.341948800662
Patient_724,Arrival,265068.405799618,complete,,0.0,,,,
Patient_724,Origem_do Pronto Socorro,265068.405799618,complete,,,do Pronto Socorro,265068.405799618,,
Patient_724,CTI (PS),273169.5036178001,start,ctiBeds,0.0,,,,
Patient_724,CTI (PS),276530.52214537363,complete,ctiBeds,0.0,,,,
Patient_724,CTI prepara Encaminhamento,276530.52214537363,start,,0.0,,,,
Patient_724,CTI prepara Encaminhamento,276577.74589158694,complete,,0.0,,,,
Patient_724,Encaminha_Obito,276577.74589158694,complete,,,Obito,276577.74589158694,,
Patient_724,Discharge,276577.74589158694,complete,,,,,,11509.340091968945
Patient_725,Arrival,265121.4402413048,complete,,0.0,,,,
Patient_725,Origem_do Pronto Socorro,265121.4402413048,complete,,,do Pronto Socorro,265121.4402413048,,
Patient_725,CTI (PS),273383.2425790058,start,ctiBeds,0.0,,,,
Patient_725,CTI (PS),280004.4740647279,complete,ctiBeds,0.0,,,,
Patient_725,CTI prepara Encaminhamento,280004.4740647279,start,,0.0,,,,
Patient_725,CTI prepara Encaminhamento,280057.7326356398,complete,,0.0,,,,
Patient_725,Encaminha_para a Clinica Medica,280057.7326356398,complete,,,para a Clinica Medica,280057.7326356398,,
Patient_725,Discharge,280057.7326356398,complete,,,,,,14936.292394334974
Patient_726,Arrival,265361.9351731022,complete,,0.0,,,,
Patient_726,Origem_do Centro Cirurgico,265361.9351731022,complete,,,do Centro Cirurgico,265361.9351731022,,
Patient_726,CTI (CC),275418.978054138,start,ctiBeds,0.0,,,,
Patient_726,CTI (CC),278076.4896804447,complete,ctiBeds,0.0,,,,
Patient_726,CTI prepara Encaminhamento,278076.4896804447,start,,0.0,,,,
Patient_726,CTI prepara Encaminhamento,278115.12162257,complete,,0.0,,,,
Patient_726,Encaminha_para a Clinica Medica,278115.12162257,complete,,,para a Clinica Medica,278115.12162257,,
Patient_726,Discharge,278115.12162257,complete,,,,,,12753.186449467787
Patient_727,Arrival,265448.2600812402,complete,,0.0,,,,
Patient_727,Origem_do Centro Cirurgico,265448.2600812402,complete,,,do Centro Cirurgico,265448.2600812402,,
Patient_727,CTI (CC),275631.5853928337,start,ctiBeds,0.0,,,,
Patient_727,CTI (CC),277610.06421182246,complete,ctiBeds,0.0,,,,
Patient_727,CTI prepara Encaminhamento,277610.06421182246,start,,0.0,,,,
Patient_727,CTI prepara Encaminhamento,277667.78843201965,complete,,0.0,,,,
Patient_727,Encaminha_para a Maternidade,277667.78843201965,complete,,,para a Maternidade,277667.78843201965,,
Patient_727,Discharge,277667.78843201965,complete,,,,,,12219.528350779437
Patient_728,Arrival,265833.37155224965,complete,,0.0,,,,
Patient_728,Origem_do Centro Cirurgico,265833.37155224965,complete,,,do Centro Cirurgico,265833.37155224965,,
Patient_728,CTI (CC),275753.6641699565,start,ctiBeds,0.0,,,,
Patient_728,CTI (CC),296820.641149236,complete,ctiBeds,0.0,,,,
Patient_728,CTI prepara Encaminhamento,296820.641149236,start,,0.0,,,,
Patient_728,CTI prepara Encaminhamento,296877.49942762137,complete,,0.0,,,,
Patient_728,Encaminha_para a Clinica Cirurgica,296877.49942762137,complete,,,para a Clinica Cirurgica,296877.49942762137,,
Patient_728,Discharge,296877.49942762137,complete,,,,,,31044.12787537172
Patient_729,Arrival,266263.2763286377,complete,,0.0,,,,
Patient_729,Origem_do Centro Cirurgico,266263.2763286377,complete,,,do Centro Cirurgico,266263.2763286377,,
Patient_729,CTI (CC),275843.2057224573,start,ctiBeds,0.0,,,,
Patient_729,CTI (CC),278294.6936833073,complete,ctiBeds,0.0,,,,
Patient_729,CTI prepara Encaminhamento,278294.6936833073,start,,0.0,,,,
Patient_729,CTI prepara Encaminhamento,278332.37919571914,complete,,0.0,,,,
Patient_729,Encaminha_para a Clinica Cirurgica,278332.37919571914,complete,,,para a Clinica Cirurgica,278332.37919571914,,
Patient_729,Discharge,278332.37919571914,complete,,,,,,12069.10286708147
Patient_73,Arrival,19733.151298648547,complete,,0.0,,,,
Patient_73,Origem_do Pronto Socorro,19733.151298648547,complete,,,do Pronto Socorro,19733.151298648547,,
Patient_73,CTI (PS),20437.70525864075,start,ctiBeds,0.0,,,,
Patient_73,CTI (PS),24040.272482495006,complete,ctiBeds,0.0,,,,
Patient_73,CTI prepara Encaminhamento,24040.272482495006,start,,0.0,,,,
Patient_73,CTI prepara Encaminhamento,24082.447492378524,complete,,0.0,,,,
Patient_73,Encaminha_Obito,24082.447492378524,complete,,,Obito,24082.447492378524,,
Patient_73,Discharge,24082.447492378524,complete,,,,,,4349.296193729977
Patient_730,Arrival,266339.90123341576,complete,,0.0,,,,
Patient_730,Origem_do Pronto Socorro,266339.90123341576,complete,,,do Pronto Socorro,266339.90123341576,,
Patient_730,CTI (PS),275901.5406720281,start,ctiBeds,0.0,,,,
Patient_730,CTI (PS),280998.95414775435,complete,ctiBeds,0.0,,,,
Patient_730,CTI prepara Encaminhamento,280998.95414775435,start,,0.0,,,,
Patient_730,CTI prepara Encaminhamento,281044.8866158349,complete,,0.0,,,,
Patient_730,Encaminha_para a Clinica Medica,281044.8866158349,complete,,,para a Clinica Medica,281044.8866158349,,
Patient_730,Discharge,281044.8866158349,complete,,,,,,14704.985382419138
Patient_731,Arrival,266824.7436632445,complete,,0.0,,,,
Patient_731,Origem_do Centro Cirurgico,266824.7436632445,complete,,,do Centro Cirurgico,266824.7436632445,,
Patient_731,CTI (CC),276266.24672424665,start,ctiBeds,0.0,,,,
Patient_731,CTI (CC),277174.0325351164,complete,ctiBeds,0.0,,,,
Patient_731,CTI prepara Encaminhamento,277174.0325351164,start,,0.0,,,,
Patient_731,CTI prepara Encaminhamento,277228.27936588094,complete,,0.0,,,,
Patient_731,Encaminha_para a Clinica Medica,277228.27936588094,complete,,,para a Clinica Medica,277228.27936588094,,
Patient_731,Discharge,277228.27936588094,complete,,,,,,10403.535702636465
Patient_732,Arrival,267174.41284474207,complete,,0.0,,,,
Patient_732,Origem_da Clinica Medica,267174.41284474207,complete,,,da Clinica Medica,267174.41284474207,,
Patient_732,CTI (CLIM),276469.69187116413,start,ctiBeds,0.0,,,,
Patient_732,CTI (CLIM),325601.6701883695,complete,ctiBeds,0.0,,,,
Patient_732,CTI prepara Encaminhamento,325601.6701883695,start,,0.0,,,,
Patient_732,CTI prepara Encaminhamento,325645.66197143815,complete,,0.0,,,,
Patient_732,Encaminha_Obito,325645.66197143815,complete,,,Obito,325645.66197143815,,
Patient_732,Discharge,325645.66197143815,complete,,,,,,58471.249126696086
Patient_733,Arrival,267334.38589867885,complete,,0.0,,,,
Patient_733,Origem_do Pronto Socorro,267334.38589867885,complete,,,do Pronto Socorro,267334.38589867885,,
Patient_733,CTI (PS),276530.52214537363,start,ctiBeds,0.0,,,,
Patient_733,CTI (PS),278653.93180049123,complete,ctiBeds,0.0,,,,
Patient_733,CTI prepara Encaminhamento,278653.93180049123,start,,0.0,,,,
Patient_733,CTI prepara Encaminhamento,278692.407610981,complete,,0.0,,,,
Patient_733,Encaminha_para a Clinica Cirurgica,278692.407610981,complete,,,para a Clinica Cirurgica,278692.407610981,,
Patient_733,Discharge,278692.407610981,complete,,,,,,11358.021712302172
Patient_734,Arrival,267496.1681060594,complete,,0.0,,,,
Patient_734,Origem_do Centro Cirurgico,267496.1681060594,complete,,,do Centro Cirurgico,267496.1681060594,,
Patient_734,CTI (CC),277174.0325351164,start,ctiBeds,0.0,,,,
Patient_734,CTI (CC),279148.0799224559,complete,ctiBeds,0.0,,,,
Patient_734,CTI prepara Encaminhamento,279148.0799224559,start,,0.0,,,,
Patient_734,CTI prepara Encaminhamento,279201.8656204107,complete,,0.0,,,,
Patient_734,Encaminha_Transferencia Externa,279201.8656204107,complete,,,Transferencia Externa,279201.8656204107,,
Patient_734,Discharge,279201.8656204107,complete,,,,,,11705.697514351283
Patient_735,Arrival,268457.3646044842,complete,,0.0,,,,
Patient_735,Origem_da Clinica Cirurgica,268457.3646044842,complete,,,da Clinica Cirurgica,268457.3646044842,,
Patient_735,CTI (CLIC),277610.06421182246,start,ctiBeds,0.0,,,,
Patient_735,CTI (CLIC),279384.9750037522,complete,ctiBeds,0.0,,,,
Patient_735,CTI prepara Encaminhamento,279384.9750037522,start,,0.0,,,,
Patient_735,CTI prepara Encaminhamento,279431.39550134836,complete,,0.0,,,,
Patient_735,Encaminha_para a Clinica Medica,279431.39550134836,complete,,,para a Clinica Medica,279431.39550134836,,
Patient_735,Discharge,279431.39550134836,complete,,,,,,10974.030896864191
Patient_736,Arrival,268823.17181974207,complete,,0.0,,,,
Patient_736,Origem_do Pronto Socorro,268823.17181974207,complete,,,do Pronto Socorro,268823.17181974207,,
Patient_736,CTI (PS),278076.4896804447,start,ctiBeds,0.0,,,,
Patient_736,CTI (PS),289115.720714916,complete,ctiBeds,0.0,,,,
Patient_736,CTI prepara Encaminhamento,289115.720714916,start,,0.0,,,,
Patient_736,CTI prepara Encaminhamento,289169.97087175207,complete,,0.0,,,,
Patient_736,Encaminha_para a Clinica Medica,289169.97087175207,complete,,,para a Clinica Medica,289169.97087175207,,
Patient_736,Discharge,289169.97087175207,complete,,,,,,20346.79905201
Patient_737,Arrival,268946.8068215321,complete,,0.0,,,,
Patient_737,Origem_do Pronto Socorro,268946.8068215321,complete,,,do Pronto Socorro,268946.8068215321,,
Patient_737,CTI (PS),278294.6936833073,start,ctiBeds,0.0,,,,
Patient_737,CTI (PS),288727.30411246757,complete,ctiBeds,0.0,,,,
Patient_737,CTI prepara Encaminhamento,288727.30411246757,start,,0.0,,,,
Patient_737,CTI prepara Encaminhamento,288763.8323953426,complete,,0.0,,,,
Patient_737,Encaminha_para a Clinica Cirurgica,288763.8323953426,complete,,,para a Clinica Cirurgica,288763.8323953426,,
Patient_737,Discharge,288763.8323953426,complete,,,,,,19817.025573810504
Patient_738,Arrival,269032.64517595427,complete,,0.0,,,,
Patient_738,Origem_do Centro Cirurgico,269032.64517595427,complete,,,do Centro Cirurgico,269032.64517595427,,
Patient_738,CTI (CC),278653.93180049123,start,ctiBeds,0.0,,,,
Patient_738,CTI (CC),280562.33495887654,complete,ctiBeds,0.0,,,,
Patient_738,CTI prepara Encaminhamento,280562.33495887654,start,,0.0,,,,
Patient_738,CTI prepara Encaminhamento,280597.5699593168,complete,,0.0,,,,
Patient_738,Encaminha_para a Clinica Medica,280597.5699593168,complete,,,para a Clinica Medica,280597.5699593168,,
Patient_738,Discharge,280597.5699593168,complete,,,,,,11564.924783362541
Patient_739,Arrival,269773.6029222058,complete,,0.0,,,,
Patient_739,Origem_do Centro Cirurgico,269773.6029222058,complete,,,do Centro Cirurgico,269773.6029222058,,
Patient_739,CTI (CC),279148.0799224559,start,ctiBeds,0.0,,,,
Patient_739,CTI (CC),300330.9411964368,complete,ctiBeds,0.0,,,,
Patient_739,CTI prepara Encaminhamento,300330.9411964368,start,,0.0,,,,
Patient_739,CTI prepara Encaminhamento,300380.61087902536,complete,,0.0,,,,
Patient_739,Encaminha_para a Clinica Cirurgica,300380.61087902536,complete,,,para a Clinica Cirurgica,300380.61087902536,,
Patient_739,Discharge,300380.61087902536,complete,,,,,,30607.00795681955
Patient_74,Arrival,20101.693785946358,complete,,0.0,,,,
Patient_74,Origem_do Centro Cirurgico,20101.693785946358,complete,,,do Centro Cirurgico,20101.693785946358,,
Patient_74,CTI (CC),21560.0517785494,start,ctiBeds,0.0,,,,
Patient_74,CTI (CC),29582.24890210183,complete,ctiBeds,0.0,,,,
Patient_74,CTI prepara Encaminhamento,29582.24890210183,start,,0.0,,,,
Patient_74,CTI prepara Encaminhamento,29628.116674920406,complete,,0.0,,,,
Patient_74,Encaminha_para a Clinica Medica,29628.116674920406,complete,,,para a Clinica Medica,29628.116674920406,,
Patient_74,Discharge,29628.116674920406,complete,,,,,,9526.422888974048
Patient_740,Arrival,269824.18776118924,complete,,0.0,,,,
Patient_740,Origem_do Pronto Socorro,269824.18776118924,complete,,,do Pronto Socorro,269824.18776118924,,
Patient_740,CTI (PS),279384.9750037522,start,ctiBeds,0.0,,,,
Patient_740,CTI (PS),291159.87237582623,complete,ctiBeds,0.0,,,,
Patient_740,CTI prepara Encaminhamento,291159.87237582623,start,,0.0,,,,
Patient_740,CTI prepara Encaminhamento,291193.8957197217,complete,,0.0,,,,
Patient_740,Encaminha_para a Clinica Cirurgica,291193.8957197217,complete,,,para a Clinica Cirurgica,291193.8957197217,,
Patient_740,Discharge,291193.8957197217,complete,,,,,,21369.70795853244
Patient_741,Arrival,270314.6803725215,complete,,0.0,,,,
Patient_741,Origem_do Pronto Socorro,270314.6803725215,complete,,,do Pronto Socorro,270314.6803725215,,
Patient_741,CTI (PS),279471.7697379873,start,ctiBeds,0.0,,,,
Patient_741,CTI (PS),285350.0486277614,complete,ctiBeds,0.0,,,,
Patient_741,CTI prepara Encaminhamento,285350.0486277614,start,,0.0,,,,
Patient_741,CTI prepara Encaminhamento,285381.24523606175,complete,,0.0,,,,
Patient_741,Encaminha_para a Clinica Medica,285381.24523606175,complete,,,para a Clinica Medica,285381.24523606175,,
Patient_741,Discharge,285381.24523606175,complete,,,,,,15066.564863540232
Patient_742,Arrival,271224.46679490013,complete,,0.0,,,,
Patient_742,Origem_do Pronto Socorro,271224.46679490013,complete,,,do Pronto Socorro,271224.46679490013,,
Patient_742,CTI (PS),279618.8358822352,start,ctiBeds,0.0,,,,
Patient_742,CTI (PS),282371.30024140916,complete,ctiBeds,0.0,,,,
Patient_742,CTI prepara Encaminhamento,282371.30024140916,start,,0.0,,,,
Patient_742,CTI prepara Encaminhamento,282403.02228740376,complete,,0.0,,,,
Patient_742,Encaminha_para a Clinica Cirurgica,282403.02228740376,complete,,,para a Clinica Cirurgica,282403.02228740376,,
Patient_742,Discharge,282403.02228740376,complete,,,,,,11178.555492503627
Patient_743,Arrival,271481.4799775685,complete,,0.0,,,,
Patient_743,Origem_do Centro Cirurgico,271481.4799775685,complete,,,do Centro Cirurgico,271481.4799775685,,
Patient_743,CTI (CC),280004.4740647279,start,ctiBeds,0.0,,,,
Patient_743,CTI (CC),292034.18295279256,complete,ctiBeds,0.0,,,,
Patient_743,CTI prepara Encaminhamento,292034.18295279256,start,,0.0,,,,
Patient_743,CTI prepara Encaminhamento,292089.269405752,complete,,0.0,,,,
Patient_743,Encaminha_para a Clinica Cirurgica,292089.269405752,complete,,,para a Clinica Cirurgica,292089.269405752,,
Patient_743,Discharge,292089.269405752,complete,,,,,,20607.789428183518
Patient_744,Arrival,271563.2900356044,complete,,0.0,,,,
Patient_744,Origem_do Centro Cirurgico,271563.2900356044,complete,,,do Centro Cirurgico,271563.2900356044,,
Patient_744,CTI (CC),280562.33495887654,start,ctiBeds,0.0,,,,
Patient_744,CTI (CC),291201.47921830084,complete,ctiBeds,0.0,,,,
Patient_744,CTI prepara Encaminhamento,291201.47921830084,start,,0.0,,,,
Patient_744,CTI prepara Encaminhamento,291257.52857494104,complete,,0.0,,,,
Patient_744,Encaminha_Obito,291257.52857494104,complete,,,Obito,291257.52857494104,,
Patient_744,Discharge,291257.52857494104,complete,,,,,,19694.238539336657
Patient_745,Arrival,271818.54038448416,complete,,0.0,,,,
Patient_745,Origem_do Centro Cirurgico,271818.54038448416,complete,,,do Centro Cirurgico,271818.54038448416,,
Patient_745,CTI (CC),280767.53648888896,start,ctiBeds,0.0,,,,
Patient_745,CTI (CC),297149.7482729561,complete,ctiBeds,0.0,,,,
Patient_745,CTI prepara Encaminhamento,297149.7482729561,start,,0.0,,,,
Patient_745,CTI prepara Encaminhamento,297205.1199996365,complete,,0.0,,,,
Patient_745,Encaminha_para a Clinica Medica,297205.1199996365,complete,,,para a Clinica Medica,297205.1199996365,,
Patient_745,Discharge,297205.1199996365,complete,,,,,,25386.579615152325
Patient_746,Arrival,271831.9126085258,complete,,0.0,,,,
Patient_746,Origem_do Pronto Socorro,271831.9126085258,complete,,,do Pronto Socorro,271831.9126085258,,
Patient_746,CTI (PS),280998.95414775435,start,ctiBeds,0.0,,,,
Patient_746,CTI (PS),285143.7883140509,complete,ctiBeds,0.0,,,,
Patient_746,CTI prepara Encaminhamento,285143.7883140509,start,,0.0,,,,
Patient_746,CTI prepara Encaminhamento,285196.60183238063,complete,,0.0,,,,
Patient_746,Encaminha_para a Clinica Medica,285196.60183238063,complete,,,para a Clinica Medica,285196.60183238063,,
Patient_746,Discharge,285196.60183238063,complete,,,,,,13364.68922385486
Patient_747,Arrival,272022.294361438,complete,,0.0,,,,
Patient_747,Origem_do Centro Cirurgico,272022.294361438,complete,,,do Centro Cirurgico,272022.294361438,,
Patient_747,CTI (CC),281422.18296279473,start,ctiBeds,0.0,,,,
Patient_747,CTI (CC),285306.2204816348,complete,ctiBeds,0.0,,,,
Patient_747,CTI prepara Encaminhamento,285306.2204816348,start,,0.0,,,,
Patient_747,CTI prepara Encaminhamento,285354.85294354166,complete,,0.0,,,,
Patient_747,Encaminha_para a Clinica Medica,285354.85294354166,complete,,,para a Clinica Medica,285354.85294354166,,
Patient_747,Discharge,285354.85294354166,complete,,,,,,13332.558582103637
Patient_748,Arrival,272573.7127912258,complete,,0.0,,,,
Patient_748,Origem_do Pronto Socorro,272573.7127912258,complete,,,do Pronto Socorro,272573.7127912258,,
Patient_748,CTI (PS),281601.6103071736,start,ctiBeds,0.0,,,,
Patient_748,CTI (PS),299388.21925174067,complete,ctiBeds,0.0,,,,
Patient_748,CTI prepara Encaminhamento,299388.21925174067,start,,0.0,,,,
Patient_748,CTI prepara Encaminhamento,299447.81789965805,complete,,0.0,,,,
Patient_748,Encaminha_Obito,299447.81789965805,complete,,,Obito,299447.81789965805,,
Patient_748,Discharge,299447.81789965805,complete,,,,,,26874.10510843224
Patient_749,Arrival,272579.70328235027,complete,,0.0,,,,
Patient_749,Origem_do Centro Cirurgico,272579.70328235027,complete,,,do Centro Cirurgico,272579.70328235027,,
Patient_749,CTI (CC),281939.96631102095,start,ctiBeds,0.0,,,,
Patient_749,CTI (CC),316132.91793131863,complete,ctiBeds,0.0,,,,
Patient_749,CTI prepara Encaminhamento,316132.91793131863,start,,0.0,,,,
Patient_749,CTI prepara Encaminhamento,316182.36730023345,complete,,0.0,,,,
Patient_749,Encaminha_para a Maternidade,316182.36730023345,complete,,,para a Maternidade,316182.36730023345,,
Patient_749,Discharge,316182.36730023345,complete,,,,,,43602.66401788319
Patient_75,Arrival,20821.14800222163,complete,,0.0,,,,
Patient_75,Origem_do Pronto Socorro,20821.14800222163,complete,,,do Pronto Socorro,20821.14800222163,,
Patient_75,CTI (PS),22460.514273614375,start,ctiBeds,0.0,,,,
Patient_75,CTI (PS),33862.121505323965,complete,ctiBeds,0.0,,,,
Patient_75,CTI prepara Encaminhamento,33862.121505323965,start,,0.0,,,,
Patient_75,CTI prepara Encaminhamento,33912.18282170689,complete,,0.0,,,,
Patient_75,Encaminha_Transferencia Externa,33912.18282170689,complete,,,Transferencia Externa,33912.18282170689,,
Patient_75,Discharge,33912.18282170689,complete,,,,,,13091.03481948526
Patient_750,Arrival,272978.2220160753,complete,,0.0,,,,
Patient_750,Origem_do Centro Cirurgico,272978.2220160753,complete,,,do Centro Cirurgico,272978.2220160753,,
Patient_750,CTI (CC),282371.30024140916,start,ctiBeds,0.0,,,,
Patient_750,CTI (CC),282829.77397738514,complete,ctiBeds,0.0,,,,
Patient_750,CTI prepara Encaminhamento,282829.77397738514,start,,0.0,,,,
Patient_750,CTI prepara Encaminhamento,282872.65107310575,complete,,0.0,,,,
Patient_750,Encaminha_para a Clinica Medica,282872.65107310575,complete,,,para a Clinica Medica,282872.65107310575,,
Patient_750,Discharge,282872.65107310575,complete,,,,,,9894.429057030473
Patient_751,Arrival,273187.24159692315,complete,,0.0,,,,
Patient_751,Origem_do Pronto Socorro,273187.24159692315,complete,,,do Pronto Socorro,273187.24159692315,,
Patient_751,CTI (PS),282577.18540238735,start,ctiBeds,0.0,,,,
Patient_751,CTI (PS),284995.1185670952,complete,ctiBeds,0.0,,,,
Patient_751,CTI prepara Encaminhamento,284995.1185670952,start,,0.0,,,,
Patient_751,CTI prepara Encaminhamento,285026.3341329845,complete,,0.0,,,,
Patient_751,Encaminha_para a Clinica Medica,285026.3341329845,complete,,,para a Clinica Medica,285026.3341329845,,
Patient_751,Discharge,285026.3341329845,complete,,,,,,11839.092536061362
Patient_752,Arrival,273484.36782435805,complete,,0.0,,,,
Patient_752,Origem_do Centro Cirurgico,273484.36782435805,complete,,,do Centro Cirurgico,273484.36782435805,,
Patient_752,CTI (CC),282829.77397738514,start,ctiBeds,0.0,,,,
Patient_752,CTI (CC),286739.08204263315,complete,ctiBeds,0.0,,,,
Patient_752,CTI prepara Encaminhamento,286739.08204263315,start,,0.0,,,,
Patient_752,CTI prepara Encaminhamento,286796.2701394081,complete,,0.0,,,,
Patient_752,Encaminha_para a Clinica Medica,286796.2701394081,complete,,,para a Clinica Medica,286796.2701394081,,
Patient_752,Discharge,286796.2701394081,complete,,,,,,13311.902315050073
Patient_753,Arrival,273596.44691767375,complete,,0.0,,,,
Patient_753,Origem_do Centro Cirurgico,273596.44691767375,complete,,,do Centro Cirurgico,273596.44691767375,,
Patient_753,CTI (CC),283622.50609007344,start,ctiBeds,0.0,,,,
Patient_753,CTI (CC),288351.6235248659,complete,ctiBeds,0.0,,,,
Patient_753,CTI prepara Encaminhamento,288351.6235248659,start,,0.0,,,,
Patient_753,CTI prepara Encaminhamento,288389.52426237654,complete,,0.0,,,,
Patient_753,Encaminha_para a Clinica Cirurgica,288389.52426237654,complete,,,para a Clinica Cirurgica,288389.52426237654,,
Patient_753,Discharge,288389.52426237654,complete,,,,,,14793.07734470279
Patient_754,Arrival,273828.0207098247,complete,,0.0,,,,
Patient_754,Origem_do Centro Cirurgico,273828.0207098247,complete,,,do Centro Cirurgico,273828.0207098247,,
Patient_754,CTI (CC),284995.1185670952,start,ctiBeds,0.0,,,,
Patient_754,CTI (CC),289642.06784758135,complete,ctiBeds,0.0,,,,
Patient_754,CTI prepara Encaminhamento,289642.06784758135,start,,0.0,,,,
Patient_754,CTI prepara Encaminhamento,289676.99101133173,complete,,0.0,,,,
Patient_754,Encaminha_para a Clinica Medica,289676.99101133173,complete,,,para a Clinica Medica,289676.99101133173,,
Patient_754,Discharge,289676.99101133173,complete,,,,,,15848.97030150704
Patient_755,Arrival,273997.59314748907,complete,,0.0,,,,
Patient_755,Origem_do Centro Cirurgico,273997.59314748907,complete,,,do Centro Cirurgico,273997.59314748907,,
Patient_755,CTI (CC),285143.7883140509,start,ctiBeds,0.0,,,,
Patient_755,CTI (CC),390520.22280356515,complete,ctiBeds,0.0,,,,
Patient_755,CTI prepara Encaminhamento,390520.22280356515,start,,0.0,,,,
Patient_755,CTI prepara Encaminhamento,390552.7264988564,complete,,0.0,,,,
Patient_755,Encaminha_Obito,390552.7264988564,complete,,,Obito,390552.7264988564,,
Patient_755,Discharge,390552.7264988564,complete,,,,,,116555.13335136732
Patient_756,Arrival,274184.13252237934,complete,,0.0,,,,
Patient_756,Origem_do Centro Cirurgico,274184.13252237934,complete,,,do Centro Cirurgico,274184.13252237934,,
Patient_756,CTI (CC),285306.2204816348,start,ctiBeds,0.0,,,,
Patient_756,CTI (CC),287724.4849653899,complete,ctiBeds,0.0,,,,
Patient_756,CTI prepara Encaminhamento,287724.4849653899,start,,0.0,,,,
Patient_756,CTI prepara Encaminhamento,287773.72729150613,complete,,0.0,,,,
Patient_756,Encaminha_para a Clinica Medica,287773.72729150613,complete,,,para a Clinica Medica,287773.72729150613,,
Patient_756,Discharge,287773.72729150613,complete,,,,,,13589.594769126794
Patient_757,Arrival,275327.96033318795,complete,,0.0,,,,
Patient_757,Origem_do Centro Cirurgico,275327.96033318795,complete,,,do Centro Cirurgico,275327.96033318795,,
Patient_757,CTI (CC),285350.0486277614,start,ctiBeds,0.0,,,,
Patient_757,CTI (CC),286006.02621261595,complete,ctiBeds,0.0,,,,
Patient_757,CTI prepara Encaminhamento,286006.02621261595,start,,0.0,,,,
Patient_757,CTI prepara Encaminhamento,286039.3853370915,complete,,0.0,,,,
Patient_757,Encaminha_para a Clinica Cirurgica,286039.3853370915,complete,,,para a Clinica Cirurgica,286039.3853370915,,
Patient_757,Discharge,286039.3853370915,complete,,,,,,10711.425003903569
Patient_758,Arrival,275574.49546375335,complete,,0.0,,,,
Patient_758,Origem_do Pronto Socorro,275574.49546375335,complete,,,do Pronto Socorro,275574.49546375335,,
Patient_758,CTI (PS),286006.02621261595,start,ctiBeds,0.0,,,,
Patient_758,CTI (PS),295760.36791095836,complete,ctiBeds,0.0,,,,
Patient_758,CTI prepara Encaminhamento,295760.36791095836,start,,0.0,,,,
Patient_758,CTI prepara Encaminhamento,295800.2702643481,complete,,0.0,,,,
Patient_758,Encaminha_para a Clinica Cirurgica,295800.2702643481,complete,,,para a Clinica Cirurgica,295800.2702643481,,
Patient_758,Discharge,295800.2702643481,complete,,,,,,20225.77480059472
Patient_759,Arrival,275961.5602145925,complete,,0.0,,,,
Patient_759,Origem_do Centro Cirurgico,275961.5602145925,complete,,,do Centro Cirurgico,275961.5602145925,,
Patient_759,CTI (CC),286739.08204263315,start,ctiBeds,0.0,,,,
Patient_759,CTI (CC),292042.9981671374,complete,ctiBeds,0.0,,,,
Patient_759,CTI prepara Encaminhamento,292042.9981671374,start,,0.0,,,,
Patient_759,CTI prepara Encaminhamento,292096.3997675759,complete,,0.0,,,,
Patient_759,Encaminha_para a Clinica Cirurgica,292096.3997675759,complete,,,para a Clinica Cirurgica,292096.3997675759,,
Patient_759,Discharge,292096.3997675759,complete,,,,,,16134.839552983409
Patient_76,Arrival,21144.543823422555,complete,,0.0,,,,
Patient_76,Origem_do Centro Cirurgico,21144.543823422555,complete,,,do Centro Cirurgico,21144.543823422555,,
Patient_76,CTI (CC),22707.108830489244,start,ctiBeds,0.0,,,,
Patient_76,CTI (CC),32030.357266430306,complete,ctiBeds,0.0,,,,
Patient_76,CTI prepara Encaminhamento,32030.357266430306,start,,0.0,,,,
Patient_76,CTI prepara Encaminhamento,32082.58894635481,complete,,0.0,,,,
Patient_76,Encaminha_para a Clinica Medica,32082.58894635481,complete,,,para a Clinica Medica,32082.58894635481,,
Patient_76,Discharge,32082.58894635481,complete,,,,,,10938.045122932253
Patient_760,Arrival,275971.0072587223,complete,,0.0,,,,
Patient_760,Origem_do Centro Cirurgico,275971.0072587223,complete,,,do Centro Cirurgico,275971.0072587223,,
Patient_760,CTI (CC),287724.4849653899,start,ctiBeds,0.0,,,,
Patient_760,CTI (CC),300231.04461112863,complete,ctiBeds,0.0,,,,
Patient_760,CTI prepara Encaminhamento,300231.04461112863,start,,0.0,,,,
Patient_760,CTI prepara Encaminhamento,300281.81670621084,complete,,0.0,,,,
Patient_760,Encaminha_para a Clinica Cirurgica,300281.81670621084,complete,,,para a Clinica Cirurgica,300281.81670621084,,
Patient_760,Discharge,300281.81670621084,complete,,,,,,24310.809447488515
Patient_761,Arrival,276624.58341803786,complete,,0.0,,,,
Patient_761,Origem_do Pronto Socorro,276624.58341803786,complete,,,do Pronto Socorro,276624.58341803786,,
Patient_761,CTI (PS),288186.95607939723,start,ctiBeds,0.0,,,,
Patient_761,CTI (PS),300628.750392445,complete,ctiBeds,0.0,,,,
Patient_761,CTI prepara Encaminhamento,300628.750392445,start,,0.0,,,,
Patient_761,CTI prepara Encaminhamento,300675.93798972614,complete,,0.0,,,,
Patient_761,Encaminha_Obito,300675.93798972614,complete,,,Obito,300675.93798972614,,
Patient_761,Discharge,300675.93798972614,complete,,,,,,24051.35457168828
Patient_762,Arrival,276687.2764869354,complete,,0.0,,,,
Patient_762,Origem_do Centro Cirurgico,276687.2764869354,complete,,,do Centro Cirurgico,276687.2764869354,,
Patient_762,CTI (CC),288351.6235248659,start,ctiBeds,0.0,,,,
Patient_762,CTI (CC),289706.7801259985,complete,ctiBeds,0.0,,,,
Patient_762,CTI prepara Encaminhamento,289706.7801259985,start,,0.0,,,,
Patient_762,CTI prepara Encaminhamento,289746.1327310489,complete,,0.0,,,,
Patient_762,Encaminha_para a Clinica Medica,289746.1327310489,complete,,,para a Clinica Medica,289746.1327310489,,
Patient_762,Discharge,289746.1327310489,complete,,,,,,13058.85624411353
Patient_763,Arrival,277259.1553762184,complete,,0.0,,,,
Patient_763,Origem_do Centro Cirurgico,277259.1553762184,complete,,,do Centro Cirurgico,277259.1553762184,,
Patient_763,CTI (CC),288727.30411246757,start,ctiBeds,0.0,,,,
Patient_763,CTI (CC),290365.91600282665,complete,ctiBeds,0.0,,,,
Patient_763,CTI prepara Encaminhamento,290365.91600282665,start,,0.0,,,,
Patient_763,CTI prepara Encaminhamento,290399.2229053488,complete,,0.0,,,,
Patient_763,Encaminha_Obito,290399.2229053488,complete,,,Obito,290399.2229053488,,
Patient_763,Discharge,290399.2229053488,complete,,,,,,13140.067529130436
Patient_764,Arrival,277300.2705370271,complete,,0.0,,,,
Patient_764,Origem_do Pronto Socorro,277300.2705370271,complete,,,do Pronto Socorro,277300.2705370271,,
Patient_764,CTI (PS),289115.720714916,start,ctiBeds,0.0,,,,
Patient_764,CTI (PS),293147.93559150037,complete,ctiBeds,0.0,,,,
Patient_764,CTI prepara Encaminhamento,293147.93559150037,start,,0.0,,,,
Patient_764,CTI prepara Encaminhamento,293189.094545719,complete,,0.0,,,,
Patient_764,Encaminha_para a Clinica Cirurgica,293189.094545719,complete,,,para a Clinica Cirurgica,293189.094545719,,
Patient_764,Discharge,293189.094545719,complete,,,,,,15888.824008691881
Patient_765,Arrival,277922.00603968377,complete,,0.0,,,,
Patient_765,Origem_do Pronto Socorro,277922.00603968377,complete,,,do Pronto Socorro,277922.00603968377,,
Patient_765,CTI (PS),289642.06784758135,start,ctiBeds,0.0,,,,
Patient_765,CTI (PS),322185.9761328097,complete,ctiBeds,0.0,,,,
Patient_765,CTI prepara Encaminhamento,322185.9761328097,start,,0.0,,,,
Patient_765,CTI prepara Encaminhamento,322226.75984154874,complete,,0.0,,,,
Patient_765,Encaminha_Transferencia Externa,322226.75984154874,complete,,,Transferencia Externa,322226.75984154874,,
Patient_765,Discharge,322226.75984154874,complete,,,,,,44304.75380186498
Patient_766,Arrival,277995.5849587509,complete,,0.0,,,,
Patient_766,Origem_do Centro Cirurgico,277995.5849587509,complete,,,do Centro Cirurgico,277995.5849587509,,
Patient_766,CTI (CC),289706.7801259985,start,ctiBeds,0.0,,,,
Patient_766,CTI (CC),293386.40925285965,complete,ctiBeds,0.0,,,,
Patient_766,CTI prepara Encaminhamento,293386.40925285965,start,,0.0,,,,
Patient_766,CTI prepara Encaminhamento,293435.24346131703,complete,,0.0,,,,
Patient_766,Encaminha_para a Clinica Cirurgica,293435.24346131703,complete,,,para a Clinica Cirurgica,293435.24346131703,,
Patient_766,Discharge,293435.24346131703,complete,,,,,,15439.658502566162
Patient_767,Arrival,278449.2980503618,complete,,0.0,,,,
Patient_767,Origem_da Clinica Medica,278449.2980503618,complete,,,da Clinica Medica,278449.2980503618,,
Patient_767,CTI (CLIM),290365.91600282665,start,ctiBeds,0.0,,,,
Patient_767,CTI (CLIM),305998.899440352,complete,ctiBeds,0.0,,,,
Patient_767,CTI prepara Encaminhamento,305998.899440352,start,,0.0,,,,
Patient_767,CTI prepara Encaminhamento,306030.75312320277,complete,,0.0,,,,
Patient_767,Encaminha_para a Clinica Cirurgica,306030.75312320277,complete,,,para a Clinica Cirurgica,306030.75312320277,,
Patient_767,Discharge,306030.75312320277,complete,,,,,,27581.455072840967
Patient_768,Arrival,279541.51823999366,complete,,0.0,,,,
Patient_768,Origem_do Centro Cirurgico,279541.51823999366,complete,,,do Centro Cirurgico,279541.51823999366,,
Patient_768,CTI (CC),291159.87237582623,start,ctiBeds,0.0,,,,
Patient_768,CTI (CC),303314.2190049509,complete,ctiBeds,0.0,,,,
Patient_768,CTI prepara Encaminhamento,303314.2190049509,start,,0.0,,,,
Patient_768,CTI prepara Encaminhamento,303365.96049546753,complete,,0.0,,,,
Patient_768,Encaminha_para a Clinica Medica,303365.96049546753,complete,,,para a Clinica Medica,303365.96049546753,,
Patient_768,Discharge,303365.96049546753,complete,,,,,,23824.44225547387
Patient_769,Arrival,279879.34113906196,complete,,0.0,,,,
Patient_769,Origem_do Centro Cirurgico,279879.34113906196,complete,,,do Centro Cirurgico,279879.34113906196,,
Patient_769,CTI (CC),291201.47921830084,start,ctiBeds,0.0,,,,
Patient_769,CTI (CC),307476.60285232007,complete,ctiBeds,0.0,,,,
Patient_769,CTI prepara Encaminhamento,307476.60285232007,start,,0.0,,,,
Patient_769,CTI prepara Encaminhamento,307534.3076146544,complete,,0.0,,,,
Patient_769,Encaminha_para a Clinica Medica,307534.3076146544,complete,,,para a Clinica Medica,307534.3076146544,,
Patient_769,Discharge,307534.3076146544,complete,,,,,,27654.96647559246
Patient_77,Arrival,21161.775328932905,complete,,0.0,,,,
Patient_77,Origem_do Centro Cirurgico,21161.775328932905,complete,,,do Centro Cirurgico,21161.775328932905,,
Patient_77,CTI (CC),22832.037193010066,start,ctiBeds,0.0,,,,
Patient_77,CTI (CC),45226.19023868427,complete,ctiBeds,0.0,,,,
Patient_77,CTI prepara Encaminhamento,45226.19023868427,start,,0.0,,,,
Patient_77,CTI prepara Encaminhamento,45285.01572860064,complete,,0.0,,,,
Patient_77,Encaminha_Obito,45285.01572860064,complete,,,Obito,45285.01572860064,,
Patient_77,Discharge,45285.01572860064,complete,,,,,,24123.24039966774
Patient_770,Arrival,280209.2821068231,complete,,0.0,,,,
Patient_770,Origem_da Clinica Medica,280209.2821068231,complete,,,da Clinica Medica,280209.2821068231,,
Patient_770,CTI (CLIM),291509.6591295324,start,ctiBeds,0.0,,,,
Patient_770,CTI (CLIM),315945.55037886935,complete,ctiBeds,0.0,,,,
Patient_770,CTI prepara Encaminhamento,315945.55037886935,start,,0.0,,,,
Patient_770,CTI prepara Encaminhamento,315990.76072380494,complete,,0.0,,,,
Patient_770,Encaminha_para a Clinica Medica,315990.76072380494,complete,,,para a Clinica Medica,315990.76072380494,,
Patient_770,Discharge,315990.76072380494,complete,,,,,,35781.478616981825
Patient_771,Arrival,280413.60790316254,complete,,0.0,,,,
Patient_771,Origem_da Clinica Cirurgica,280413.60790316254,complete,,,da Clinica Cirurgica,280413.60790316254,,
Patient_771,CTI (CLIC),292034.18295279256,start,ctiBeds,0.0,,,,
Patient_771,CTI (CLIC),295073.4242805735,complete,ctiBeds,0.0,,,,
Patient_771,CTI prepara Encaminhamento,295073.4242805735,start,,0.0,,,,
Patient_771,CTI prepara Encaminhamento,295124.1962882042,complete,,0.0,,,,
Patient_771,Encaminha_Transferencia Externa,295124.1962882042,complete,,,Transferencia Externa,295124.1962882042,,
Patient_771,Discharge,295124.1962882042,complete,,,,,,14710.588385041687
Patient_772,Arrival,280459.2795611304,complete,,0.0,,,,
Patient_772,Origem_da Clinica Medica,280459.2795611304,complete,,,da Clinica Medica,280459.2795611304,,
Patient_772,CTI (CLIM),292042.9981671374,start,ctiBeds,0.0,,,,
Patient_772,CTI (CLIM),295112.9437018776,complete,ctiBeds,0.0,,,,
Patient_772,CTI prepara Encaminhamento,295112.9437018776,start,,0.0,,,,
Patient_772,CTI prepara Encaminhamento,295156.5999749589,complete,,0.0,,,,
Patient_772,Encaminha_Obito,295156.5999749589,complete,,,Obito,295156.5999749589,,
Patient_772,Discharge,295156.5999749589,complete,,,,,,14697.320413828536
Patient_773,Arrival,280797.3086831516,complete,,0.0,,,,
Patient_773,Origem_do Pronto Socorro,280797.3086831516,complete,,,do Pronto Socorro,280797.3086831516,,
Patient_773,CTI (PS),292243.4591673078,start,ctiBeds,0.0,,,,
Patient_773,CTI (PS),319013.0728127368,complete,ctiBeds,0.0,,,,
Patient_773,CTI prepara Encaminhamento,319013.0728127368,start,,0.0,,,,
Patient_773,CTI prepara Encaminhamento,319071.9526635096,complete,,0.0,,,,
Patient_773,Encaminha_para a Clinica Medica,319071.9526635096,complete,,,para a Clinica Medica,319071.9526635096,,
Patient_773,Discharge,319071.9526635096,complete,,,,,,38274.64398035797
Patient_774,Arrival,280831.7504629564,complete,,0.0,,,,
Patient_774,Origem_do Pronto Socorro,280831.7504629564,complete,,,do Pronto Socorro,280831.7504629564,,
Patient_774,CTI (PS),292454.6243707569,start,ctiBeds,0.0,,,,
Patient_774,CTI (PS),305041.5148000341,complete,ctiBeds,0.0,,,,
Patient_774,CTI prepara Encaminhamento,305041.5148000341,start,,0.0,,,,
Patient_774,CTI prepara Encaminhamento,305081.7563677714,complete,,0.0,,,,
Patient_774,Encaminha_Obito,305081.7563677714,complete,,,Obito,305081.7563677714,,
Patient_774,Discharge,305081.7563677714,complete,,,,,,24250.005904815043
Patient_775,Arrival,280884.8666827265,complete,,0.0,,,,
Patient_775,Origem_do Centro Cirurgico,280884.8666827265,complete,,,do Centro Cirurgico,280884.8666827265,,
Patient_775,CTI (CC),293147.93559150037,start,ctiBeds,0.0,,,,
Patient_775,CTI (CC),301499.6062681683,complete,ctiBeds,0.0,,,,
Patient_775,CTI prepara Encaminhamento,301499.6062681683,start,,0.0,,,,
Patient_775,CTI prepara Encaminhamento,301536.7813069373,complete,,0.0,,,,
Patient_775,Encaminha_para a Clinica Medica,301536.7813069373,complete,,,para a Clinica Medica,301536.7813069373,,
Patient_775,Discharge,301536.7813069373,complete,,,,,,20651.914624210796
Patient_776,Arrival,280914.221319631,complete,,0.0,,,,
Patient_776,Origem_do Pronto Socorro,280914.221319631,complete,,,do Pronto Socorro,280914.221319631,,
Patient_776,CTI (PS),293224.21667339734,start,ctiBeds,0.0,,,,
Patient_776,CTI (PS),294961.30180845177,complete,ctiBeds,0.0,,,,
Patient_776,CTI prepara Encaminhamento,294961.30180845177,start,,0.0,,,,
Patient_776,CTI prepara Encaminhamento,294993.08490169945,complete,,0.0,,,,
Patient_776,Encaminha_Obito,294993.08490169945,complete,,,Obito,294993.08490169945,,
Patient_776,Discharge,294993.08490169945,complete,,,,,,14078.863582068472
Patient_777,Arrival,281258.9819596891,complete,,0.0,,,,
Patient_777,Origem_do Pronto Socorro,281258.9819596891,complete,,,do Pronto Socorro,281258.9819596891,,
Patient_777,CTI (PS),293230.7178215335,start,ctiBeds,0.0,,,,
Patient_777,CTI (PS),304888.091297292,complete,ctiBeds,0.0,,,,
Patient_777,CTI prepara Encaminhamento,304888.091297292,start,,0.0,,,,
Patient_777,CTI prepara Encaminhamento,304936.76073664037,complete,,0.0,,,,
Patient_777,Encaminha_para a Clinica Medica,304936.76073664037,complete,,,para a Clinica Medica,304936.76073664037,,
Patient_777,Discharge,304936.76073664037,complete,,,,,,23677.77877695125
Patient_778,Arrival,281370.2919591358,complete,,0.0,,,,
Patient_778,Origem_do Centro Cirurgico,281370.2919591358,complete,,,do Centro Cirurgico,281370.2919591358,,
Patient_778,CTI (CC),293386.40925285965,start,ctiBeds,0.0,,,,
Patient_778,CTI (CC),320378.37966858206,complete,ctiBeds,0.0,,,,
Patient_778,CTI prepara Encaminhamento,320378.37966858206,start,,0.0,,,,
Patient_778,CTI prepara Encaminhamento,320431.9252341387,complete,,0.0,,,,
Patient_778,Encaminha_Obito,320431.9252341387,complete,,,Obito,320431.9252341387,,
Patient_778,Discharge,320431.9252341387,complete,,,,,,39061.63327500288
Patient_779,Arrival,281985.7952546038,complete,,0.0,,,,
Patient_779,Origem_do Pronto Socorro,281985.7952546038,complete,,,do Pronto Socorro,281985.7952546038,,
Patient_779,CTI (PS),293399.1890008727,start,ctiBeds,0.0,,,,
Patient_779,CTI (PS),294902.1660484601,complete,ctiBeds,0.0,,,,
Patient_779,CTI prepara Encaminhamento,294902.1660484601,start,,0.0,,,,
Patient_779,CTI prepara Encaminhamento,294961.85384120856,complete,,0.0,,,,
Patient_779,Encaminha_para a Clinica Medica,294961.85384120856,complete,,,para a Clinica Medica,294961.85384120856,,
Patient_779,Discharge,294961.85384120856,complete,,,,,,12976.058586604777
Patient_78,Arrival,21424.221456706153,complete,,0.0,,,,
Patient_78,Origem_do Pronto Socorro,21424.221456706153,complete,,,do Pronto Socorro,21424.221456706153,,
Patient_78,CTI (PS),23249.327459381686,start,ctiBeds,0.0,,,,
Patient_78,CTI (PS),27199.857754830955,complete,ctiBeds,0.0,,,,
Patient_78,CTI prepara Encaminhamento,27199.857754830955,start,,0.0,,,,
Patient_78,CTI prepara Encaminhamento,27246.692971294142,complete,,0.0,,,,
Patient_78,Encaminha_Obito,27246.692971294142,complete,,,Obito,27246.692971294142,,
Patient_78,Discharge,27246.692971294142,complete,,,,,,5822.471514587989
Patient_780,Arrival,283920.2362840446,complete,,0.0,,,,
Patient_780,Origem_do Pronto Socorro,283920.2362840446,complete,,,do Pronto Socorro,283920.2362840446,,
Patient_780,CTI (PS),293514.53998056916,start,ctiBeds,0.0,,,,
Patient_780,CTI (PS),303491.1113564424,complete,ctiBeds,0.0,,,,
Patient_780,CTI prepara Encaminhamento,303491.1113564424,start,,0.0,,,,
Patient_780,CTI prepara Encaminhamento,303547.9936807379,complete,,0.0,,,,
Patient_780,Encaminha_para a Clinica Cirurgica,303547.9936807379,complete,,,para a Clinica Cirurgica,303547.9936807379,,
Patient_780,Discharge,303547.9936807379,complete,,,,,,19627.75739669334
Patient_781,Arrival,284005.0733047439,complete,,0.0,,,,
Patient_781,Origem_da Clinica Medica,284005.0733047439,complete,,,da Clinica Medica,284005.0733047439,,
Patient_781,CTI (CLIM),294362.8819678689,start,ctiBeds,0.0,,,,
Patient_781,CTI (CLIM),303670.07623932377,complete,ctiBeds,0.0,,,,
Patient_781,CTI prepara Encaminhamento,303670.07623932377,start,,0.0,,,,
Patient_781,CTI prepara Encaminhamento,303702.8378282183,complete,,0.0,,,,
Patient_781,Encaminha_Obito,303702.8378282183,complete,,,Obito,303702.8378282183,,
Patient_781,Discharge,303702.8378282183,complete,,,,,,19697.764523474383
Patient_782,Arrival,284576.46800265706,complete,,0.0,,,,
Patient_782,Origem_do Centro Cirurgico,284576.46800265706,complete,,,do Centro Cirurgico,284576.46800265706,,
Patient_782,CTI (CC),294902.1660484601,start,ctiBeds,0.0,,,,
Patient_782,CTI (CC),381509.0852730911,complete,ctiBeds,0.0,,,,
Patient_782,CTI prepara Encaminhamento,381509.0852730911,start,,0.0,,,,
Patient_782,CTI prepara Encaminhamento,381559.78008769505,complete,,0.0,,,,
Patient_782,Encaminha_para a Clinica Medica,381559.78008769505,complete,,,para a Clinica Medica,381559.78008769505,,
Patient_782,Discharge,381559.78008769505,complete,,,,,,96983.312085038
Patient_783,Arrival,284637.2134816998,complete,,0.0,,,,
Patient_783,Origem_do Centro Cirurgico,284637.2134816998,complete,,,do Centro Cirurgico,284637.2134816998,,
Patient_783,CTI (CC),294961.30180845177,start,ctiBeds,0.0,,,,
Patient_783,CTI (CC),299207.94726278447,complete,ctiBeds,0.0,,,,
Patient_783,CTI prepara Encaminhamento,299207.94726278447,start,,0.0,,,,
Patient_783,CTI prepara Encaminhamento,299246.2910801029,complete,,0.0,,,,
Patient_783,Encaminha_para a Clinica Medica,299246.2910801029,complete,,,para a Clinica Medica,299246.2910801029,,
Patient_783,Discharge,299246.2910801029,complete,,,,,,14609.077598403092
Patient_784,Arrival,284756.37431407114,complete,,0.0,,,,
Patient_784,Origem_do Pronto Socorro,284756.37431407114,complete,,,do Pronto Socorro,284756.37431407114,,
Patient_784,CTI (PS),295073.4242805735,start,ctiBeds,0.0,,,,
Patient_784,CTI (PS),305937.7051582691,complete,ctiBeds,0.0,,,,
Patient_784,CTI prepara Encaminhamento,305937.7051582691,start,,0.0,,,,
Patient_784,CTI prepara Encaminhamento,305968.172814646,complete,,0.0,,,,
Patient_784,Encaminha_para a Clinica Medica,305968.172814646,complete,,,para a Clinica Medica,305968.172814646,,
Patient_784,Discharge,305968.172814646,complete,,,,,,21211.798500574834
Patient_785,Arrival,285178.7368844538,complete,,0.0,,,,
Patient_785,Origem_do Pronto Socorro,285178.7368844538,complete,,,do Pronto Socorro,285178.7368844538,,
Patient_785,CTI (PS),295112.9437018776,start,ctiBeds,0.0,,,,
Patient_785,CTI (PS),306240.8314740945,complete,ctiBeds,0.0,,,,
Patient_785,CTI prepara Encaminhamento,306240.8314740945,start,,0.0,,,,
Patient_785,CTI prepara Encaminhamento,306280.3707011421,complete,,0.0,,,,
Patient_785,Encaminha_para a Clinica Cirurgica,306280.3707011421,complete,,,para a Clinica Cirurgica,306280.3707011421,,
Patient_785,Discharge,306280.3707011421,complete,,,,,,21101.63381668832
Patient_786,Arrival,285778.42995508586,complete,,0.0,,,,
Patient_786,Origem_do Pronto Socorro,285778.42995508586,complete,,,do Pronto Socorro,285778.42995508586,,
Patient_786,CTI (PS),295760.36791095836,start,ctiBeds,0.0,,,,
Patient_786,CTI (PS),336719.39185148897,complete,ctiBeds,0.0,,,,
Patient_786,CTI prepara Encaminhamento,336719.39185148897,start,,0.0,,,,
Patient_786,CTI prepara Encaminhamento,336758.91001856717,complete,,0.0,,,,
Patient_786,Encaminha_Obito,336758.91001856717,complete,,,Obito,336758.91001856717,,
Patient_786,Discharge,336758.91001856717,complete,,,,,,50980.480063481315
Patient_787,Arrival,286041.5221232189,complete,,0.0,,,,
Patient_787,Origem_do Pronto Socorro,286041.5221232189,complete,,,do Pronto Socorro,286041.5221232189,,
Patient_787,CTI (PS),296350.1088646954,start,ctiBeds,0.0,,,,
Patient_787,CTI (PS),318959.3318209074,complete,ctiBeds,0.0,,,,
Patient_787,CTI prepara Encaminhamento,318959.3318209074,start,,0.0,,,,
Patient_787,CTI prepara Encaminhamento,318995.85296521574,complete,,0.0,,,,
Patient_787,Encaminha_para o Centro Cirurgico,318995.85296521574,complete,,,para o Centro Cirurgico,318995.85296521574,,
Patient_787,Discharge,318995.85296521574,complete,,,,,,32954.33084199682
Patient_788,Arrival,286171.0938691516,complete,,0.0,,,,
Patient_788,Origem_da Clinica Medica,286171.0938691516,complete,,,da Clinica Medica,286171.0938691516,,
Patient_788,CTI (CLIM),296820.641149236,start,ctiBeds,0.0,,,,
Patient_788,CTI (CLIM),307954.6397009952,complete,ctiBeds,0.0,,,,
Patient_788,CTI prepara Encaminhamento,307954.6397009952,start,,0.0,,,,
Patient_788,CTI prepara Encaminhamento,308012.66363813984,complete,,0.0,,,,
Patient_788,Encaminha_Obito,308012.66363813984,complete,,,Obito,308012.66363813984,,
Patient_788,Discharge,308012.66363813984,complete,,,,,,21841.569768988236
Patient_789,Arrival,286190.1175612252,complete,,0.0,,,,
Patient_789,Origem_do Pronto Socorro,286190.1175612252,complete,,,do Pronto Socorro,286190.1175612252,,
Patient_789,CTI (PS),297149.7482729561,start,ctiBeds,0.0,,,,
Patient_789,CTI (PS),303740.1306576456,complete,ctiBeds,0.0,,,,
Patient_789,CTI prepara Encaminhamento,303740.1306576456,start,,0.0,,,,
Patient_789,CTI prepara Encaminhamento,303786.6095916159,complete,,0.0,,,,
Patient_789,Encaminha_para a Clinica Medica,303786.6095916159,complete,,,para a Clinica Medica,303786.6095916159,,
Patient_789,Discharge,303786.6095916159,complete,,,,,,17596.492030390713
Patient_79,Arrival,21960.24620572022,complete,,0.0,,,,
Patient_79,Origem_da Clinica Cirurgica,21960.24620572022,complete,,,da Clinica Cirurgica,21960.24620572022,,
Patient_79,CTI (CLIC),23270.544110887768,start,ctiBeds,0.0,,,,
Patient_79,CTI (CLIC),23824.09420501528,complete,ctiBeds,0.0,,,,
Patient_79,CTI prepara Encaminhamento,23824.09420501528,start,,0.0,,,,
Patient_79,CTI prepara Encaminhamento,23876.73731000789,complete,,0.0,,,,
Patient_79,Encaminha_para a Clinica Cirurgica,23876.73731000789,complete,,,para a Clinica Cirurgica,23876.73731000789,,
Patient_79,Discharge,23876.73731000789,complete,,,,,,1916.4911042876702
Patient_790,Arrival,286918.71348675515,complete,,0.0,,,,
Patient_790,Origem_do Centro Cirurgico,286918.71348675515,complete,,,do Centro Cirurgico,286918.71348675515,,
Patient_790,CTI (CC),299207.94726278447,start,ctiBeds,0.0,,,,
Patient_790,CTI (CC),323549.4352992269,complete,ctiBeds,0.0,,,,
Patient_790,CTI prepara Encaminhamento,323549.4352992269,start,,0.0,,,,
Patient_790,CTI prepara Encaminhamento,323583.3147695475,complete,,0.0,,,,
Patient_790,Encaminha_para a Clinica Medica,323583.3147695475,complete,,,para a Clinica Medica,323583.3147695475,,
Patient_790,Discharge,323583.3147695475,complete,,,,,,36664.60128279234
Patient_791,Arrival,287226.87324824755,complete,,0.0,,,,
Patient_791,Origem_do Centro Cirurgico,287226.87324824755,complete,,,do Centro Cirurgico,287226.87324824755,,
Patient_791,CTI (CC),299388.21925174067,start,ctiBeds,0.0,,,,
Patient_791,CTI (CC),299641.99050688744,complete,ctiBeds,0.0,,,,
Patient_791,CTI prepara Encaminhamento,299641.99050688744,start,,0.0,,,,
Patient_791,CTI prepara Encaminhamento,299688.0824542911,complete,,0.0,,,,
Patient_791,Encaminha_para a Clinica Cirurgica,299688.0824542911,complete,,,para a Clinica Cirurgica,299688.0824542911,,
Patient_791,Discharge,299688.0824542911,complete,,,,,,12461.209206043568
Patient_792,Arrival,287268.2612195472,complete,,0.0,,,,
Patient_792,Origem_do Pronto Socorro,287268.2612195472,complete,,,do Pronto Socorro,287268.2612195472,,
Patient_792,CTI (PS),299526.94962599454,start,ctiBeds,0.0,,,,
Patient_792,CTI (PS),309828.30286938214,complete,ctiBeds,0.0,,,,
Patient_792,CTI prepara Encaminhamento,309828.30286938214,start,,0.0,,,,
Patient_792,CTI prepara Encaminhamento,309874.8887830797,complete,,0.0,,,,
Patient_792,Encaminha_Obito,309874.8887830797,complete,,,Obito,309874.8887830797,,
Patient_792,Discharge,309874.8887830797,complete,,,,,,22606.6275635325
Patient_793,Arrival,287303.666138784,complete,,0.0,,,,
Patient_793,Origem_do Pronto Socorro,287303.666138784,complete,,,do Pronto Socorro,287303.666138784,,
Patient_793,CTI (PS),299641.99050688744,start,ctiBeds,0.0,,,,
Patient_793,CTI (PS),303117.08640381746,complete,ctiBeds,0.0,,,,
Patient_793,CTI prepara Encaminhamento,303117.08640381746,start,,0.0,,,,
Patient_793,CTI prepara Encaminhamento,303150.914196723,complete,,0.0,,,,
Patient_793,Encaminha_para a Clinica Medica,303150.914196723,complete,,,para a Clinica Medica,303150.914196723,,
Patient_793,Discharge,303150.914196723,complete,,,,,,15847.248057938996
Patient_794,Arrival,287335.8739104433,complete,,0.0,,,,
Patient_794,Origem_do Pronto Socorro,287335.8739104433,complete,,,do Pronto Socorro,287335.8739104433,,
Patient_794,CTI (PS),300231.04461112863,start,ctiBeds,0.0,,,,
Patient_794,CTI (PS),316053.48911782535,complete,ctiBeds,0.0,,,,
Patient_794,CTI prepara Encaminhamento,316053.48911782535,start,,0.0,,,,
Patient_794,CTI prepara Encaminhamento,316092.6827456367,complete,,0.0,,,,
Patient_794,Encaminha_Obito,316092.6827456367,complete,,,Obito,316092.6827456367,,
Patient_794,Discharge,316092.6827456367,complete,,,,,,28756.8088351934
Patient_795,Arrival,287888.9067972108,complete,,0.0,,,,
Patient_795,Origem_do Pronto Socorro,287888.9067972108,complete,,,do Pronto Socorro,287888.9067972108,,
Patient_795,CTI (PS),300330.9411964368,start,ctiBeds,0.0,,,,
Patient_795,CTI (PS),313878.1587640373,complete,ctiBeds,0.0,,,,
Patient_795,CTI prepara Encaminhamento,313878.1587640373,start,,0.0,,,,
Patient_795,CTI prepara Encaminhamento,313934.01533320843,complete,,0.0,,,,
Patient_795,Encaminha_Obito,313934.01533320843,complete,,,Obito,313934.01533320843,,
Patient_795,Discharge,313934.01533320843,complete,,,,,,26045.108535997628
Patient_796,Arrival,287929.8495422031,complete,,0.0,,,,
Patient_796,Origem_da Clinica Medica,287929.8495422031,complete,,,da Clinica Medica,287929.8495422031,,
Patient_796,CTI (CLIM),300628.750392445,start,ctiBeds,0.0,,,,
Patient_796,CTI (CLIM),311741.5298669605,complete,ctiBeds,0.0,,,,
Patient_796,CTI prepara Encaminhamento,311741.5298669605,start,,0.0,,,,
Patient_796,CTI prepara Encaminhamento,311800.94983678707,complete,,0.0,,,,
Patient_796,Encaminha_para a Clinica Cirurgica,311800.94983678707,complete,,,para a Clinica Cirurgica,311800.94983678707,,
Patient_796,Discharge,311800.94983678707,complete,,,,,,23871.100294583943
Patient_797,Arrival,288271.96579864173,complete,,0.0,,,,
Patient_797,Origem_do Centro Cirurgico,288271.96579864173,complete,,,do Centro Cirurgico,288271.96579864173,,
Patient_797,CTI (CC),301499.6062681683,start,ctiBeds,0.0,,,,
Patient_797,CTI (CC),314745.6301184417,complete,ctiBeds,0.0,,,,
Patient_797,CTI prepara Encaminhamento,314745.6301184417,start,,0.0,,,,
Patient_797,CTI prepara Encaminhamento,314783.6291819437,complete,,0.0,,,,
Patient_797,Encaminha_Obito,314783.6291819437,complete,,,Obito,314783.6291819437,,
Patient_797,Discharge,314783.6291819437,complete,,,,,,26511.663383301988
Patient_798,Arrival,288607.76042009174,complete,,0.0,,,,
Patient_798,Origem_do Pronto Socorro,288607.76042009174,complete,,,do Pronto Socorro,288607.76042009174,,
Patient_798,CTI (PS),303117.08640381746,start,ctiBeds,0.0,,,,
Patient_798,CTI (PS),307591.5487025239,complete,ctiBeds,0.0,,,,
Patient_798,CTI prepara Encaminhamento,307591.5487025239,start,,0.0,,,,
Patient_798,CTI prepara Encaminhamento,307631.73846583354,complete,,0.0,,,,
Patient_798,Encaminha_para a Clinica Cirurgica,307631.73846583354,complete,,,para a Clinica Cirurgica,307631.73846583354,,
Patient_798,Discharge,307631.73846583354,complete,,,,,,19023.978045741795
Patient_799,Arrival,289776.5958105011,complete,,0.0,,,,
Patient_799,Origem_do Centro Cirurgico,289776.5958105011,complete,,,do Centro Cirurgico,289776.5958105011,,
Patient_799,CTI (CC),303314.2190049509,start,ctiBeds,0.0,,,,
Patient_799,CTI (CC),316439.6767611625,complete,ctiBeds,0.0,,,,
Patient_799,CTI prepara Encaminhamento,316439.6767611625,start,,0.0,,,,
Patient_799,CTI prepara Encaminhamento,316478.63677979365,complete,,0.0,,,,
Patient_799,Encaminha_para a Clinica Medica,316478.63677979365,complete,,,para a Clinica Medica,316478.63677979365,,
Patient_799,Discharge,316478.63677979365,complete,,,,,,26702.040969292575
Patient_8,Arrival,2041.8111440105774,complete,,0.0,,,,
Patient_8,Origem_do Centro Cirurgico,2041.8111440105774,complete,,,do Centro Cirurgico,2041.8111440105774,,
Patient_8,CTI (CC),2041.8111440105774,start,ctiBeds,0.0,,,,
Patient_8,CTI (CC),5860.1069270798,complete,ctiBeds,0.0,,,,
Patient_8,CTI prepara Encaminhamento,5860.1069270798,start,,0.0,,,,
Patient_8,CTI prepara Encaminhamento,5915.24299351484,complete,,0.0,,,,
Patient_8,Encaminha_para a Clinica Cirurgica,5915.24299351484,complete,,,para a Clinica Cirurgica,5915.24299351484,,
Patient_8,Discharge,5915.24299351484,complete,,,,,,3873.4318495042626
Patient_80,Arrival,23040.418389909908,complete,,0.0,,,,
Patient_80,Origem_do Centro Cirurgico,23040.418389909908,complete,,,do Centro Cirurgico,23040.418389909908,,
Patient_80,CTI (CC),23824.09420501528,start,ctiBeds,0.0,,,,
Patient_80,CTI (CC),28113.883760897654,complete,ctiBeds,0.0,,,,
Patient_80,CTI prepara Encaminhamento,28113.883760897654,start,,0.0,,,,
Patient_80,CTI prepara Encaminhamento,28158.0919356894,complete,,0.0,,,,
Patient_80,Encaminha_para a Clinica Medica,28158.0919356894,complete,,,para a Clinica Medica,28158.0919356894,,
Patient_80,Discharge,28158.0919356894,complete,,,,,,5117.673545779493
Patient_800,Arrival,289927.8034341586,complete,,0.0,,,,
Patient_800,Origem_do Pronto Socorro,289927.8034341586,complete,,,do Pronto Socorro,289927.8034341586,,
Patient_800,CTI (PS),303491.1113564424,start,ctiBeds,0.0,,,,
Patient_800,CTI (PS),317774.7918838556,complete,ctiBeds,0.0,,,,
Patient_800,CTI prepara Encaminhamento,317774.7918838556,start,,0.0,,,,
Patient_800,CTI prepara Encaminhamento,317827.09307468,complete,,0.0,,,,
Patient_800,Encaminha_para a Clinica Medica,317827.09307468,complete,,,para a Clinica Medica,317827.09307468,,
Patient_800,Discharge,317827.09307468,complete,,,,,,27899.289640521398
Patient_801,Arrival,291476.1201391583,complete,,0.0,,,,
Patient_801,Origem_do Pronto Socorro,291476.1201391583,complete,,,do Pronto Socorro,291476.1201391583,,
Patient_801,CTI (PS),303670.07623932377,start,ctiBeds,0.0,,,,
Patient_801,CTI (PS),306110.31160334544,complete,ctiBeds,0.0,,,,
Patient_801,CTI prepara Encaminhamento,306110.31160334544,start,,0.0,,,,
Patient_801,CTI prepara Encaminhamento,306157.00555230473,complete,,0.0,,,,
Patient_801,Encaminha_para a Clinica Medica,306157.00555230473,complete,,,para a Clinica Medica,306157.00555230473,,
Patient_801,Discharge,306157.00555230473,complete,,,,,,14680.885413146461
Patient_802,Arrival,292154.3513899359,complete,,0.0,,,,
Patient_802,Origem_do Pronto Socorro,292154.3513899359,complete,,,do Pronto Socorro,292154.3513899359,,
Patient_802,CTI (PS),303740.1306576456,start,ctiBeds,0.0,,,,
Patient_802,CTI (PS),308933.4217893365,complete,ctiBeds,0.0,,,,
Patient_802,CTI prepara Encaminhamento,308933.4217893365,start,,0.0,,,,
Patient_802,CTI prepara Encaminhamento,308971.2819538315,complete,,0.0,,,,
Patient_802,Encaminha_para a Clinica Cirurgica,308971.2819538315,complete,,,para a Clinica Cirurgica,308971.2819538315,,
Patient_802,Discharge,308971.2819538315,complete,,,,,,16816.930563895614
Patient_803,Arrival,292395.68077544856,complete,,0.0,,,,
Patient_803,Origem_do Centro Cirurgico,292395.68077544856,complete,,,do Centro Cirurgico,292395.68077544856,,
Patient_803,CTI (CC),304202.585198648,start,ctiBeds,0.0,,,,
Patient_803,CTI (CC),306632.0069574289,complete,ctiBeds,0.0,,,,
Patient_803,CTI prepara Encaminhamento,306632.0069574289,start,,0.0,,,,
Patient_803,CTI prepara Encaminhamento,306672.2972648833,complete,,0.0,,,,
Patient_803,Encaminha_para a Clinica Medica,306672.2972648833,complete,,,para a Clinica Medica,306672.2972648833,,
Patient_803,Discharge,306672.2972648833,complete,,,,,,14276.616489434731
Patient_804,Arrival,294180.6225554527,complete,,0.0,,,,
Patient_804,Origem_do Pronto Socorro,294180.6225554527,complete,,,do Pronto Socorro,294180.6225554527,,
Patient_804,CTI (PS),304888.091297292,start,ctiBeds,0.0,,,,
Patient_804,CTI (PS),328635.03055017366,complete,ctiBeds,0.0,,,,
Patient_804,CTI prepara Encaminhamento,328635.03055017366,start,,0.0,,,,
Patient_804,CTI prepara Encaminhamento,328669.00086729537,complete,,0.0,,,,
Patient_804,Encaminha_para a Clinica Medica,328669.00086729537,complete,,,para a Clinica Medica,328669.00086729537,,
Patient_804,Discharge,328669.00086729537,complete,,,,,,34488.37831184268
Patient_805,Arrival,294346.786854975,complete,,0.0,,,,
Patient_805,Origem_do Centro Cirurgico,294346.786854975,complete,,,do Centro Cirurgico,294346.786854975,,
Patient_805,CTI (CC),305041.5148000341,start,ctiBeds,0.0,,,,
Patient_805,CTI (CC),308997.45217246463,complete,ctiBeds,0.0,,,,
Patient_805,CTI prepara Encaminhamento,308997.45217246463,start,,0.0,,,,
Patient_805,CTI prepara Encaminhamento,309053.5010869253,complete,,0.0,,,,
Patient_805,Encaminha_Obito,309053.5010869253,complete,,,Obito,309053.5010869253,,
Patient_805,Discharge,309053.5010869253,complete,,,,,,14706.71423195029
Patient_806,Arrival,294444.2705047335,complete,,0.0,,,,
Patient_806,Origem_do Pronto Socorro,294444.2705047335,complete,,,do Pronto Socorro,294444.2705047335,,
Patient_806,CTI (PS),305937.7051582691,start,ctiBeds,0.0,,,,
Patient_806,CTI (PS),311792.7409438928,complete,ctiBeds,0.0,,,,
Patient_806,CTI prepara Encaminhamento,311792.7409438928,start,,0.0,,,,
Patient_806,CTI prepara Encaminhamento,311844.13230593357,complete,,0.0,,,,
Patient_806,Encaminha_para a Clinica Medica,311844.13230593357,complete,,,para a Clinica Medica,311844.13230593357,,
Patient_806,Discharge,311844.13230593357,complete,,,,,,17399.86180120008
Patient_807,Arrival,294661.25273496425,complete,,0.0,,,,
Patient_807,Origem_da Clinica Cirurgica,294661.25273496425,complete,,,da Clinica Cirurgica,294661.25273496425,,
Patient_807,CTI (CLIC),305998.899440352,start,ctiBeds,0.0,,,,
Patient_807,CTI (CLIC),326598.6697191459,complete,ctiBeds,0.0,,,,
Patient_807,CTI prepara Encaminhamento,326598.6697191459,start,,0.0,,,,
Patient_807,CTI prepara Encaminhamento,326636.2667224568,complete,,0.0,,,,
Patient_807,Encaminha_Obito,326636.2667224568,complete,,,Obito,326636.2667224568,,
Patient_807,Discharge,326636.2667224568,complete,,,,,,31975.013987492537
Patient_808,Arrival,294809.34058594756,complete,,0.0,,,,
Patient_808,Origem_do Pronto Socorro,294809.34058594756,complete,,,do Pronto Socorro,294809.34058594756,,
Patient_808,CTI (PS),306110.31160334544,start,ctiBeds,0.0,,,,
Patient_808,CTI (PS),307755.33939092373,complete,ctiBeds,0.0,,,,
Patient_808,CTI prepara Encaminhamento,307755.33939092373,start,,0.0,,,,
Patient_808,CTI prepara Encaminhamento,307793.25534237165,complete,,0.0,,,,
Patient_808,Encaminha_para a Maternidade,307793.25534237165,complete,,,para a Maternidade,307793.25534237165,,
Patient_808,Discharge,307793.25534237165,complete,,,,,,12983.914756424085
Patient_809,Arrival,295182.20313905925,complete,,0.0,,,,
Patient_809,Origem_do Pronto Socorro,295182.20313905925,complete,,,do Pronto Socorro,295182.20313905925,,
Patient_809,CTI (PS),306240.8314740945,start,ctiBeds,0.0,,,,
Patient_809,CTI (PS),329528.56318127876,complete,ctiBeds,0.0,,,,
Patient_809,CTI prepara Encaminhamento,329528.56318127876,start,,0.0,,,,
Patient_809,CTI prepara Encaminhamento,329565.3898212651,complete,,0.0,,,,
Patient_809,Encaminha_Obito,329565.3898212651,complete,,,Obito,329565.3898212651,,
Patient_809,Discharge,329565.3898212651,complete,,,,,,34383.18668220588
Patient_81,Arrival,23555.175478056168,complete,,0.0,,,,
Patient_81,Origem_da Maternidade,23555.175478056168,complete,,,da Maternidade,23555.175478056168,,
Patient_81,CTI (MAT),24040.272482495006,start,ctiBeds,0.0,,,,
Patient_81,CTI (MAT),31856.860278016535,complete,ctiBeds,0.0,,,,
Patient_81,CTI prepara Encaminhamento,31856.860278016535,start,,0.0,,,,
Patient_81,CTI prepara Encaminhamento,31912.1365165548,complete,,0.0,,,,
Patient_81,Encaminha_para a Clinica Medica,31912.1365165548,complete,,,para a Clinica Medica,31912.1365165548,,
Patient_81,Discharge,31912.1365165548,complete,,,,,,8356.961038498634
Patient_810,Arrival,295562.96851077024,complete,,0.0,,,,
Patient_810,Origem_do Centro Cirurgico,295562.96851077024,complete,,,do Centro Cirurgico,295562.96851077024,,
Patient_810,CTI (CC),306632.0069574289,start,ctiBeds,0.0,,,,
Patient_810,CTI (CC),309551.6794081909,complete,ctiBeds,0.0,,,,
Patient_810,CTI prepara Encaminhamento,309551.6794081909,start,,0.0,,,,
Patient_810,CTI prepara Encaminhamento,309583.50958353473,complete,,0.0,,,,
Patient_810,Encaminha_para a Clinica Cirurgica,309583.50958353473,complete,,,para a Clinica Cirurgica,309583.50958353473,,
Patient_810,Discharge,309583.50958353473,complete,,,,,,14020.541072764492
Patient_811,Arrival,295645.98928857234,complete,,0.0,,,,
Patient_811,Origem_da Clinica Cirurgica,295645.98928857234,complete,,,da Clinica Cirurgica,295645.98928857234,,
Patient_811,CTI (CLIC),307476.60285232007,start,ctiBeds,0.0,,,,
Patient_811,CTI (CLIC),308538.122058748,complete,ctiBeds,0.0,,,,
Patient_811,CTI prepara Encaminhamento,308538.122058748,start,,0.0,,,,
Patient_811,CTI prepara Encaminhamento,308591.6008665231,complete,,0.0,,,,
Patient_811,Encaminha_para a Clinica Cirurgica,308591.6008665231,complete,,,para a Clinica Cirurgica,308591.6008665231,,
Patient_811,Discharge,308591.6008665231,complete,,,,,,12945.611577950767
Patient_812,Arrival,296100.31803621096,complete,,0.0,,,,
Patient_812,Origem_da Clinica Medica,296100.31803621096,complete,,,da Clinica Medica,296100.31803621096,,
Patient_812,CTI (CLIM),307591.5487025239,start,ctiBeds,0.0,,,,
Patient_812,CTI (CLIM),310220.71864041593,complete,ctiBeds,0.0,,,,
Patient_812,CTI prepara Encaminhamento,310220.71864041593,start,,0.0,,,,
Patient_812,CTI prepara Encaminhamento,310266.3264580691,complete,,0.0,,,,
Patient_812,Encaminha_para a Clinica Cirurgica,310266.3264580691,complete,,,para a Clinica Cirurgica,310266.3264580691,,
Patient_812,Discharge,310266.3264580691,complete,,,,,,14166.008421858132
Patient_813,Arrival,296356.5102238536,complete,,0.0,,,,
Patient_813,Origem_do Pronto Socorro,296356.5102238536,complete,,,do Pronto Socorro,296356.5102238536,,
Patient_813,CTI (PS),307755.33939092373,start,ctiBeds,0.0,,,,
Patient_813,CTI (PS),315700.0402216971,complete,ctiBeds,0.0,,,,
Patient_813,CTI prepara Encaminhamento,315700.0402216971,start,,0.0,,,,
Patient_813,CTI prepara Encaminhamento,315753.24760338943,complete,,0.0,,,,
Patient_813,Encaminha_para a Clinica Cirurgica,315753.24760338943,complete,,,para a Clinica Cirurgica,315753.24760338943,,
Patient_813,Discharge,315753.24760338943,complete,,,,,,19396.737379535858
Patient_814,Arrival,296369.7865257824,complete,,0.0,,,,
Patient_814,Origem_da Clinica Cirurgica,296369.7865257824,complete,,,da Clinica Cirurgica,296369.7865257824,,
Patient_814,CTI (CLIC),307954.6397009952,start,ctiBeds,0.0,,,,
Patient_814,CTI (CLIC),311540.8977974424,complete,ctiBeds,0.0,,,,
Patient_814,CTI prepara Encaminhamento,311540.8977974424,start,,0.0,,,,
Patient_814,CTI prepara Encaminhamento,311600.4716489794,complete,,0.0,,,,
Patient_814,Encaminha_para a Clinica Medica,311600.4716489794,complete,,,para a Clinica Medica,311600.4716489794,,
Patient_814,Discharge,311600.4716489794,complete,,,,,,15230.685123197036
Patient_815,Arrival,296546.9609573491,complete,,0.0,,,,
Patient_815,Origem_do Centro Cirurgico,296546.9609573491,complete,,,do Centro Cirurgico,296546.9609573491,,
Patient_815,CTI (CC),308523.1634663708,start,ctiBeds,0.0,,,,
Patient_815,CTI (CC),310768.5308123793,complete,ctiBeds,0.0,,,,
Patient_815,CTI prepara Encaminhamento,310768.5308123793,start,,0.0,,,,
Patient_815,CTI prepara Encaminhamento,310815.83172717376,complete,,0.0,,,,
Patient_815,Encaminha_para a Clinica Cirurgica,310815.83172717376,complete,,,para a Clinica Cirurgica,310815.83172717376,,
Patient_815,Discharge,310815.83172717376,complete,,,,,,14268.870769824658
Patient_816,Arrival,296849.10164719826,complete,,0.0,,,,
Patient_816,Origem_do Pronto Socorro,296849.10164719826,complete,,,do Pronto Socorro,296849.10164719826,,
Patient_816,CTI (PS),308538.122058748,start,ctiBeds,0.0,,,,
Patient_816,CTI (PS),319035.2591852798,complete,ctiBeds,0.0,,,,
Patient_816,CTI prepara Encaminhamento,319035.2591852798,start,,0.0,,,,
Patient_816,CTI prepara Encaminhamento,319078.5089574524,complete,,0.0,,,,
Patient_816,Encaminha_para a Clinica Medica,319078.5089574524,complete,,,para a Clinica Medica,319078.5089574524,,
Patient_816,Discharge,319078.5089574524,complete,,,,,,22229.407310254115
Patient_817,Arrival,298395.4673586176,complete,,0.0,,,,
Patient_817,Origem_do Pronto Socorro,298395.4673586176,complete,,,do Pronto Socorro,298395.4673586176,,
Patient_817,CTI (PS),308933.4217893365,start,ctiBeds,0.0,,,,
Patient_817,CTI (PS),320477.0494315678,complete,ctiBeds,0.0,,,,
Patient_817,CTI prepara Encaminhamento,320477.0494315678,start,,0.0,,,,
Patient_817,CTI prepara Encaminhamento,320535.80048267735,complete,,0.0,,,,
Patient_817,Encaminha_para a Clinica Cirurgica,320535.80048267735,complete,,,para a Clinica Cirurgica,320535.80048267735,,
Patient_817,Discharge,320535.80048267735,complete,,,,,,22140.333124059776
Patient_818,Arrival,298554.6474906801,complete,,0.0,,,,
Patient_818,Origem_do Pronto Socorro,298554.6474906801,complete,,,do Pronto Socorro,298554.6474906801,,
Patient_818,CTI (PS),308997.45217246463,start,ctiBeds,0.0,,,,
Patient_818,CTI (PS),310578.8888326147,complete,ctiBeds,0.0,,,,
Patient_818,CTI prepara Encaminhamento,310578.8888326147,start,,0.0,,,,
Patient_818,CTI prepara Encaminhamento,310627.5165032681,complete,,0.0,,,,
Patient_818,Encaminha_para a Clinica Medica,310627.5165032681,complete,,,para a Clinica Medica,310627.5165032681,,
Patient_818,Discharge,310627.5165032681,complete,,,,,,12072.869012587995
Patient_819,Arrival,298906.95094289095,complete,,0.0,,,,
Patient_819,Origem_do Centro Cirurgico,298906.95094289095,complete,,,do Centro Cirurgico,298906.95094289095,,
Patient_819,CTI (CC),309551.6794081909,start,ctiBeds,0.0,,,,
Patient_819,CTI (CC),311721.3169175036,complete,ctiBeds,0.0,,,,
Patient_819,CTI prepara Encaminhamento,311721.3169175036,start,,0.0,,,,
Patient_819,CTI prepara Encaminhamento,311762.50639415334,complete,,0.0,,,,
Patient_819,Encaminha_Obito,311762.50639415334,complete,,,Obito,311762.50639415334,,
Patient_819,Discharge,311762.50639415334,complete,,,,,,12855.555451262393
Patient_82,Arrival,24067.547725006425,complete,,0.0,,,,
Patient_82,Origem_do Pronto Socorro,24067.547725006425,complete,,,do Pronto Socorro,24067.547725006425,,
Patient_82,CTI (PS),24327.373498944515,start,ctiBeds,0.0,,,,
Patient_82,CTI (PS),26446.54667551582,complete,ctiBeds,0.0,,,,
Patient_82,CTI prepara Encaminhamento,26446.54667551582,start,,0.0,,,,
Patient_82,CTI prepara Encaminhamento,26501.093471618493,complete,,0.0,,,,
Patient_82,Encaminha_para a Clinica Medica,26501.093471618493,complete,,,para a Clinica Medica,26501.093471618493,,
Patient_82,Discharge,26501.093471618493,complete,,,,,,2433.545746612068
Patient_820,Arrival,300967.69380927423,complete,,0.0,,,,
Patient_820,Origem_do Centro Cirurgico,300967.69380927423,complete,,,do Centro Cirurgico,300967.69380927423,,
Patient_820,CTI (CC),309828.30286938214,start,ctiBeds,0.0,,,,
Patient_820,CTI (CC),312031.6971687029,complete,ctiBeds,0.0,,,,
Patient_820,CTI prepara Encaminhamento,312031.6971687029,start,,0.0,,,,
Patient_820,CTI prepara Encaminhamento,312076.71446771343,complete,,0.0,,,,
Patient_820,Encaminha_para a Clinica Medica,312076.71446771343,complete,,,para a Clinica Medica,312076.71446771343,,
Patient_820,Discharge,312076.71446771343,complete,,,,,,11109.0206584392
Patient_821,Arrival,301335.71011569403,complete,,0.0,,,,
Patient_821,Origem_do Centro Cirurgico,301335.71011569403,complete,,,do Centro Cirurgico,301335.71011569403,,
Patient_821,CTI (CC),310220.71864041593,start,ctiBeds,0.0,,,,
Patient_821,CTI (CC),316886.62952324114,complete,ctiBeds,0.0,,,,
Patient_821,CTI prepara Encaminhamento,316886.62952324114,start,,0.0,,,,
Patient_821,CTI prepara Encaminhamento,316925.8643762036,complete,,0.0,,,,
Patient_821,Encaminha_para a Clinica Cirurgica,316925.8643762036,complete,,,para a Clinica Cirurgica,316925.8643762036,,
Patient_821,Discharge,316925.8643762036,complete,,,,,,15590.15426050959
Patient_822,Arrival,301355.18257871544,complete,,0.0,,,,
Patient_822,Origem_da Clinica Medica,301355.18257871544,complete,,,da Clinica Medica,301355.18257871544,,
Patient_822,CTI (CLIM),310578.8888326147,start,ctiBeds,0.0,,,,
Patient_822,CTI (CLIM),387391.53319414944,complete,ctiBeds,0.0,,,,
Patient_822,CTI prepara Encaminhamento,387391.53319414944,start,,0.0,,,,
Patient_822,CTI prepara Encaminhamento,387432.9668417194,complete,,0.0,,,,
Patient_822,Encaminha_para a Clinica Medica,387432.9668417194,complete,,,para a Clinica Medica,387432.9668417194,,
Patient_822,Discharge,387432.9668417194,complete,,,,,,86077.78426300397
Patient_823,Arrival,301512.9158527291,complete,,0.0,,,,
Patient_823,Origem_do Pronto Socorro,301512.9158527291,complete,,,do Pronto Socorro,301512.9158527291,,
Patient_823,CTI (PS),310768.5308123793,start,ctiBeds,0.0,,,,
Patient_823,CTI (PS),316037.4256798467,complete,ctiBeds,0.0,,,,
Patient_823,CTI prepara Encaminhamento,316037.4256798467,start,,0.0,,,,
Patient_823,CTI prepara Encaminhamento,316084.5368353968,complete,,0.0,,,,
Patient_823,Encaminha_Obito,316084.5368353968,complete,,,Obito,316084.5368353968,,
Patient_823,Discharge,316084.5368353968,complete,,,,,,14571.620982667664
Patient_824,Arrival,301923.19789585046,complete,,0.0,,,,
Patient_824,Origem_do Pronto Socorro,301923.19789585046,complete,,,do Pronto Socorro,301923.19789585046,,
Patient_824,CTI (PS),311540.8977974424,start,ctiBeds,0.0,,,,
Patient_824,CTI (PS),315123.66107991,complete,ctiBeds,0.0,,,,
Patient_824,CTI prepara Encaminhamento,315123.66107991,start,,0.0,,,,
Patient_824,CTI prepara Encaminhamento,315183.0095831346,complete,,0.0,,,,
Patient_824,Encaminha_para a Clinica Cirurgica,315183.0095831346,complete,,,para a Clinica Cirurgica,315183.0095831346,,
Patient_824,Discharge,315183.0095831346,complete,,,,,,13259.81168728415
Patient_825,Arrival,301976.2316655468,complete,,0.0,,,,
Patient_825,Origem_do Pronto Socorro,301976.2316655468,complete,,,do Pronto Socorro,301976.2316655468,,
Patient_825,CTI (PS),311721.3169175036,start,ctiBeds,0.0,,,,
Patient_825,CTI (PS),325812.18273010966,complete,ctiBeds,0.0,,,,
Patient_825,CTI prepara Encaminhamento,325812.18273010966,start,,0.0,,,,
Patient_825,CTI prepara Encaminhamento,325855.5426422274,complete,,0.0,,,,
Patient_825,Encaminha_para a Clinica Cirurgica,325855.5426422274,complete,,,para a Clinica Cirurgica,325855.5426422274,,
Patient_825,Discharge,325855.5426422274,complete,,,,,,23879.3109766806
Patient_826,Arrival,302012.28596361115,complete,,0.0,,,,
Patient_826,Origem_do Pronto Socorro,302012.28596361115,complete,,,do Pronto Socorro,302012.28596361115,,
Patient_826,CTI (PS),311741.5298669605,start,ctiBeds,0.0,,,,
Patient_826,CTI (PS),313864.0303835531,complete,ctiBeds,0.0,,,,
Patient_826,CTI prepara Encaminhamento,313864.0303835531,start,,0.0,,,,
Patient_826,CTI prepara Encaminhamento,313914.2465417609,complete,,0.0,,,,
Patient_826,Encaminha_para a Clinica Medica,313914.2465417609,complete,,,para a Clinica Medica,313914.2465417609,,
Patient_826,Discharge,313914.2465417609,complete,,,,,,11901.960578149767
Patient_827,Arrival,302321.8377244365,complete,,0.0,,,,
Patient_827,Origem_do Centro Cirurgico,302321.8377244365,complete,,,do Centro Cirurgico,302321.8377244365,,
Patient_827,CTI (CC),311792.7409438928,start,ctiBeds,0.0,,,,
Patient_827,CTI (CC),315330.62211231375,complete,ctiBeds,0.0,,,,
Patient_827,CTI prepara Encaminhamento,315330.62211231375,start,,0.0,,,,
Patient_827,CTI prepara Encaminhamento,315383.4659086584,complete,,0.0,,,,
Patient_827,Encaminha_para a Clinica Medica,315383.4659086584,complete,,,para a Clinica Medica,315383.4659086584,,
Patient_827,Discharge,315383.4659086584,complete,,,,,,13061.628184221918
Patient_828,Arrival,303310.2371591787,complete,,0.0,,,,
Patient_828,Origem_do Pronto Socorro,303310.2371591787,complete,,,do Pronto Socorro,303310.2371591787,,
Patient_828,CTI (PS),312031.6971687029,start,ctiBeds,0.0,,,,
Patient_828,CTI (PS),317231.6062646808,complete,ctiBeds,0.0,,,,
Patient_828,CTI prepara Encaminhamento,317231.6062646808,start,,0.0,,,,
Patient_828,CTI prepara Encaminhamento,317286.1125182242,complete,,0.0,,,,
Patient_828,Encaminha_para a Clinica Cirurgica,317286.1125182242,complete,,,para a Clinica Cirurgica,317286.1125182242,,
Patient_828,Discharge,317286.1125182242,complete,,,,,,13975.875359045516
Patient_829,Arrival,303381.20304900553,complete,,0.0,,,,
Patient_829,Origem_do Pronto Socorro,303381.20304900553,complete,,,do Pronto Socorro,303381.20304900553,,
Patient_829,CTI (PS),313864.0303835531,start,ctiBeds,0.0,,,,
Patient_829,CTI (PS),327198.4345123222,complete,ctiBeds,0.0,,,,
Patient_829,CTI prepara Encaminhamento,327198.4345123222,start,,0.0,,,,
Patient_829,CTI prepara Encaminhamento,327244.82197483926,complete,,0.0,,,,
Patient_829,Encaminha_Obito,327244.82197483926,complete,,,Obito,327244.82197483926,,
Patient_829,Discharge,327244.82197483926,complete,,,,,,23863.618925833725
Patient_83,Arrival,24664.59790793966,complete,,0.0,,,,
Patient_83,Origem_do Centro Cirurgico,24664.59790793966,complete,,,do Centro Cirurgico,24664.59790793966,,
Patient_83,CTI (CC),24664.59790793966,start,ctiBeds,0.0,,,,
Patient_83,CTI (CC),27568.850542220065,complete,ctiBeds,0.0,,,,
Patient_83,CTI prepara Encaminhamento,27568.850542220065,start,,0.0,,,,
Patient_83,CTI prepara Encaminhamento,27611.688365337133,complete,,0.0,,,,
Patient_83,Encaminha_Obito,27611.688365337133,complete,,,Obito,27611.688365337133,,
Patient_83,Discharge,27611.688365337133,complete,,,,,,2947.090457397473
Patient_830,Arrival,303759.0081323309,complete,,0.0,,,,
Patient_830,Origem_do Centro Cirurgico,303759.0081323309,complete,,,do Centro Cirurgico,303759.0081323309,,
Patient_830,CTI (CC),313878.1587640373,start,ctiBeds,0.0,,,,
Patient_830,CTI (CC),319450.23319833964,complete,ctiBeds,0.0,,,,
Patient_830,CTI prepara Encaminhamento,319450.23319833964,start,,0.0,,,,
Patient_830,CTI prepara Encaminhamento,319480.8990742266,complete,,0.0,,,,
Patient_830,Encaminha_para a Clinica Medica,319480.8990742266,complete,,,para a Clinica Medica,319480.8990742266,,
Patient_830,Discharge,319480.8990742266,complete,,,,,,15721.89094189572
Patient_831,Arrival,303925.6092455966,complete,,0.0,,,,
Patient_831,Origem_do Pronto Socorro,303925.6092455966,complete,,,do Pronto Socorro,303925.6092455966,,
Patient_831,CTI (PS),314745.6301184417,start,ctiBeds,0.0,,,,
Patient_831,CTI (PS),323514.4233755323,complete,ctiBeds,0.0,,,,
Patient_831,CTI prepara Encaminhamento,323514.4233755323,start,,0.0,,,,
Patient_831,CTI prepara Encaminhamento,323550.0552995448,complete,,0.0,,,,
Patient_831,Encaminha_para a Clinica Medica,323550.0552995448,complete,,,para a Clinica Medica,323550.0552995448,,
Patient_831,Discharge,323550.0552995448,complete,,,,,,19624.446053948195
Patient_832,Arrival,304223.34949196473,complete,,0.0,,,,
Patient_832,Origem_do Centro Cirurgico,304223.34949196473,complete,,,do Centro Cirurgico,304223.34949196473,,
Patient_832,CTI (CC),315123.66107991,start,ctiBeds,0.0,,,,
Patient_832,CTI (CC),317039.6467850951,complete,ctiBeds,0.0,,,,
Patient_832,CTI prepara Encaminhamento,317039.6467850951,start,,0.0,,,,
Patient_832,CTI prepara Encaminhamento,317092.94121601747,complete,,0.0,,,,
Patient_832,Encaminha_para a Clinica Cirurgica,317092.94121601747,complete,,,para a Clinica Cirurgica,317092.94121601747,,
Patient_832,Discharge,317092.94121601747,complete,,,,,,12869.591724052734
Patient_833,Arrival,304556.1753194421,complete,,0.0,,,,
Patient_833,Origem_do Centro Cirurgico,304556.1753194421,complete,,,do Centro Cirurgico,304556.1753194421,,
Patient_833,CTI (CC),315330.62211231375,start,ctiBeds,0.0,,,,
Patient_833,CTI (CC),316357.1712232921,complete,ctiBeds,0.0,,,,
Patient_833,CTI prepara Encaminhamento,316357.1712232921,start,,0.0,,,,
Patient_833,CTI prepara Encaminhamento,316388.3732398917,complete,,0.0,,,,
Patient_833,Encaminha_para a Clinica Cirurgica,316388.3732398917,complete,,,para a Clinica Cirurgica,316388.3732398917,,
Patient_833,Discharge,316388.3732398917,complete,,,,,,11832.197920449602
Patient_834,Arrival,304851.0420147867,complete,,0.0,,,,
Patient_834,Origem_do Pronto Socorro,304851.0420147867,complete,,,do Pronto Socorro,304851.0420147867,,
Patient_834,CTI (PS),315700.0402216971,start,ctiBeds,0.0,,,,
Patient_834,CTI (PS),327743.0721380448,complete,ctiBeds,0.0,,,,
Patient_834,CTI prepara Encaminhamento,327743.0721380448,start,,0.0,,,,
Patient_834,CTI prepara Encaminhamento,327796.2563123115,complete,,0.0,,,,
Patient_834,Encaminha_para a Clinica Medica,327796.2563123115,complete,,,para a Clinica Medica,327796.2563123115,,
Patient_834,Discharge,327796.2563123115,complete,,,,,,22945.214297524828
Patient_835,Arrival,304917.8428052008,complete,,0.0,,,,
Patient_835,Origem_do Pronto Socorro,304917.8428052008,complete,,,do Pronto Socorro,304917.8428052008,,
Patient_835,CTI (PS),315945.55037886935,start,ctiBeds,0.0,,,,
Patient_835,CTI (PS),326132.84891280613,complete,ctiBeds,0.0,,,,
Patient_835,CTI prepara Encaminhamento,326132.84891280613,start,,0.0,,,,
Patient_835,CTI prepara Encaminhamento,326169.3248457766,complete,,0.0,,,,
Patient_835,Encaminha_para a Clinica Cirurgica,326169.3248457766,complete,,,para a Clinica Cirurgica,326169.3248457766,,
Patient_835,Discharge,326169.3248457766,complete,,,,,,21251.482040575822
Patient_836,Arrival,304981.67609997385,complete,,0.0,,,,
Patient_836,Origem_do Pronto Socorro,304981.67609997385,complete,,,do Pronto Socorro,304981.67609997385,,
Patient_836,CTI (PS),316037.4256798467,start,ctiBeds,0.0,,,,
Patient_836,CTI (PS),336665.8430174502,complete,ctiBeds,0.0,,,,
Patient_836,CTI prepara Encaminhamento,336665.8430174502,start,,0.0,,,,
Patient_836,CTI prepara Encaminhamento,336723.5423935569,complete,,0.0,,,,
Patient_836,Encaminha_Obito,336723.5423935569,complete,,,Obito,336723.5423935569,,
Patient_836,Discharge,336723.5423935569,complete,,,,,,31741.866293583065
Patient_837,Arrival,305008.1159029339,complete,,0.0,,,,
Patient_837,Origem_do Centro Cirurgico,305008.1159029339,complete,,,do Centro Cirurgico,305008.1159029339,,
Patient_837,CTI (CC),316053.48911782535,start,ctiBeds,0.0,,,,
Patient_837,CTI (CC),318060.7274011817,complete,ctiBeds,0.0,,,,
Patient_837,CTI prepara Encaminhamento,318060.7274011817,start,,0.0,,,,
Patient_837,CTI prepara Encaminhamento,318095.95885313203,complete,,0.0,,,,
Patient_837,Encaminha_para a Clinica Medica,318095.95885313203,complete,,,para a Clinica Medica,318095.95885313203,,
Patient_837,Discharge,318095.95885313203,complete,,,,,,13087.842950198159
Patient_838,Arrival,306844.8390720054,complete,,0.0,,,,
Patient_838,Origem_do Centro Cirurgico,306844.8390720054,complete,,,do Centro Cirurgico,306844.8390720054,,
Patient_838,CTI (CC),316132.91793131863,start,ctiBeds,0.0,,,,
Patient_838,CTI (CC),317367.0307581213,complete,ctiBeds,0.0,,,,
Patient_838,CTI prepara Encaminhamento,317367.0307581213,start,,0.0,,,,
Patient_838,CTI prepara Encaminhamento,317415.30449690606,complete,,0.0,,,,
Patient_838,Encaminha_para a Clinica Medica,317415.30449690606,complete,,,para a Clinica Medica,317415.30449690606,,
Patient_838,Discharge,317415.30449690606,complete,,,,,,10570.465424900642
Patient_839,Arrival,308303.0261998833,complete,,0.0,,,,
Patient_839,Origem_da Clinica Cirurgica,308303.0261998833,complete,,,da Clinica Cirurgica,308303.0261998833,,
Patient_839,CTI (CLIC),316357.1712232921,start,ctiBeds,0.0,,,,
Patient_839,CTI (CLIC),340700.58275440667,complete,ctiBeds,0.0,,,,
Patient_839,CTI prepara Encaminhamento,340700.58275440667,start,,0.0,,,,
Patient_839,CTI prepara Encaminhamento,340738.86558608944,complete,,0.0,,,,
Patient_839,Encaminha_para a Clinica Medica,340738.86558608944,complete,,,para a Clinica Medica,340738.86558608944,,
Patient_839,Discharge,340738.86558608944,complete,,,,,,32435.83938620612
Patient_84,Arrival,24738.746053865816,complete,,0.0,,,,
Patient_84,Origem_do Pronto Socorro,24738.746053865816,complete,,,do Pronto Socorro,24738.746053865816,,
Patient_84,CTI (PS),24738.746053865816,start,ctiBeds,0.0,,,,
Patient_84,CTI (PS),40036.80820823895,complete,ctiBeds,0.0,,,,
Patient_84,CTI prepara Encaminhamento,40036.80820823895,start,,0.0,,,,
Patient_84,CTI prepara Encaminhamento,40069.8187477165,complete,,0.0,,,,
Patient_84,Encaminha_para a Clinica Cirurgica,40069.8187477165,complete,,,para a Clinica Cirurgica,40069.8187477165,,
Patient_84,Discharge,40069.8187477165,complete,,,,,,15331.072693850681
Patient_840,Arrival,308451.2547409744,complete,,0.0,,,,
Patient_840,Origem_do Pronto Socorro,308451.2547409744,complete,,,do Pronto Socorro,308451.2547409744,,
Patient_840,CTI (PS),316439.6767611625,start,ctiBeds,0.0,,,,
Patient_840,CTI (PS),317773.89117941057,complete,ctiBeds,0.0,,,,
Patient_840,CTI prepara Encaminhamento,317773.89117941057,start,,0.0,,,,
Patient_840,CTI prepara Encaminhamento,317826.3146873911,complete,,0.0,,,,
Patient_840,Encaminha_para a Clinica Medica,317826.3146873911,complete,,,para a Clinica Medica,317826.3146873911,,
Patient_840,Discharge,317826.3146873911,complete,,,,,,9375.059946416703
Patient_841,Arrival,308769.8166423043,complete,,0.0,,,,
Patient_841,Origem_do Pronto Socorro,308769.8166423043,complete,,,do Pronto Socorro,308769.8166423043,,
Patient_841,CTI (PS),316886.62952324114,start,ctiBeds,0.0,,,,
Patient_841,CTI (PS),319991.1855026471,complete,ctiBeds,0.0,,,,
Patient_841,CTI prepara Encaminhamento,319991.1855026471,start,,0.0,,,,
Patient_841,CTI prepara Encaminhamento,320026.59422491974,complete,,0.0,,,,
Patient_841,Encaminha_para a Clinica Medica,320026.59422491974,complete,,,para a Clinica Medica,320026.59422491974,,
Patient_841,Discharge,320026.59422491974,complete,,,,,,11256.77758261544
Patient_842,Arrival,309289.94044546934,complete,,0.0,,,,
Patient_842,Origem_do Pronto Socorro,309289.94044546934,complete,,,do Pronto Socorro,309289.94044546934,,
Patient_842,CTI (PS),317039.6467850951,start,ctiBeds,0.0,,,,
Patient_842,CTI (PS),317712.0791872831,complete,ctiBeds,0.0,,,,
Patient_842,CTI prepara Encaminhamento,317712.0791872831,start,,0.0,,,,
Patient_842,CTI prepara Encaminhamento,317757.9404795313,complete,,0.0,,,,
Patient_842,Encaminha_Obito,317757.9404795313,complete,,,Obito,317757.9404795313,,
Patient_842,Discharge,317757.9404795313,complete,,,,,,8468.000034061959
Patient_843,Arrival,309491.0590228478,complete,,0.0,,,,
Patient_843,Origem_do Centro Cirurgico,309491.0590228478,complete,,,do Centro Cirurgico,309491.0590228478,,
Patient_843,CTI (CC),317231.6062646808,start,ctiBeds,0.0,,,,
Patient_843,CTI (CC),318973.4957635066,complete,ctiBeds,0.0,,,,
Patient_843,CTI prepara Encaminhamento,318973.4957635066,start,,0.0,,,,
Patient_843,CTI prepara Encaminhamento,319005.72988752724,complete,,0.0,,,,
Patient_843,Encaminha_para a Clinica Medica,319005.72988752724,complete,,,para a Clinica Medica,319005.72988752724,,
Patient_843,Discharge,319005.72988752724,complete,,,,,,9514.670864679443
Patient_844,Arrival,310150.150729067,complete,,0.0,,,,
Patient_844,Origem_da Maternidade,310150.150729067,complete,,,da Maternidade,310150.150729067,,
Patient_844,CTI (MAT),317367.0307581213,start,ctiBeds,0.0,,,,
Patient_844,CTI (MAT),318186.2869151977,complete,ctiBeds,0.0,,,,
Patient_844,CTI prepara Encaminhamento,318186.2869151977,start,,0.0,,,,
Patient_844,CTI prepara Encaminhamento,318246.0197541045,complete,,0.0,,,,
Patient_844,Encaminha_para a Clinica Medica,318246.0197541045,complete,,,para a Clinica Medica,318246.0197541045,,
Patient_844,Discharge,318246.0197541045,complete,,,,,,8095.8690250375075
Patient_845,Arrival,310271.9325528158,complete,,0.0,,,,
Patient_845,Origem_da Clinica Cirurgica,310271.9325528158,complete,,,da Clinica Cirurgica,310271.9325528158,,
Patient_845,CTI (CLIC),317712.0791872831,start,ctiBeds,0.0,,,,
Patient_845,CTI (CLIC),330779.89128917694,complete,ctiBeds,0.0,,,,
Patient_845,CTI prepara Encaminhamento,330779.89128917694,start,,0.0,,,,
Patient_845,CTI prepara Encaminhamento,330817.6031786741,complete,,0.0,,,,
Patient_845,Encaminha_para a Clinica Cirurgica,330817.6031786741,complete,,,para a Clinica Cirurgica,330817.6031786741,,
Patient_845,Discharge,330817.6031786741,complete,,,,,,20545.6706258583
Patient_846,Arrival,310343.8724476806,complete,,0.0,,,,
Patient_846,Origem_do Pronto Socorro,310343.8724476806,complete,,,do Pronto Socorro,310343.8724476806,,
Patient_846,CTI (PS),317773.89117941057,start,ctiBeds,0.0,,,,
Patient_846,CTI (PS),318674.7348938085,complete,ctiBeds,0.0,,,,
Patient_846,CTI prepara Encaminhamento,318674.7348938085,start,,0.0,,,,
Patient_846,CTI prepara Encaminhamento,318711.65601855033,complete,,0.0,,,,
Patient_846,Encaminha_para a Clinica Medica,318711.65601855033,complete,,,para a Clinica Medica,318711.65601855033,,
Patient_846,Discharge,318711.65601855033,complete,,,,,,8367.78357086971
Patient_847,Arrival,310855.97890765883,complete,,0.0,,,,
Patient_847,Origem_do Pronto Socorro,310855.97890765883,complete,,,do Pronto Socorro,310855.97890765883,,
Patient_847,CTI (PS),317774.7918838556,start,ctiBeds,0.0,,,,
Patient_847,CTI (PS),327498.56898911827,complete,ctiBeds,0.0,,,,
Patient_847,CTI prepara Encaminhamento,327498.56898911827,start,,0.0,,,,
Patient_847,CTI prepara Encaminhamento,327555.8292226483,complete,,0.0,,,,
Patient_847,Encaminha_para a Clinica Medica,327555.8292226483,complete,,,para a Clinica Medica,327555.8292226483,,
Patient_847,Discharge,327555.8292226483,complete,,,,,,16699.850314989453
Patient_848,Arrival,310981.3195146005,complete,,0.0,,,,
Patient_848,Origem_do Centro Cirurgico,310981.3195146005,complete,,,do Centro Cirurgico,310981.3195146005,,
Patient_848,CTI (CC),318060.7274011817,start,ctiBeds,0.0,,,,
Patient_848,CTI (CC),325566.8552725048,complete,ctiBeds,0.0,,,,
Patient_848,CTI prepara Encaminhamento,325566.8552725048,start,,0.0,,,,
Patient_848,CTI prepara Encaminhamento,325614.5250356527,complete,,0.0,,,,
Patient_848,Encaminha_para a Clinica Cirurgica,325614.5250356527,complete,,,para a Clinica Cirurgica,325614.5250356527,,
Patient_848,Discharge,325614.5250356527,complete,,,,,,14633.20552105218
Patient_849,Arrival,311100.0497053781,complete,,0.0,,,,
Patient_849,Origem_do Pronto Socorro,311100.0497053781,complete,,,do Pronto Socorro,311100.0497053781,,
Patient_849,CTI (PS),318186.2869151977,start,ctiBeds,0.0,,,,
Patient_849,CTI (PS),327340.98063950083,complete,ctiBeds,0.0,,,,
Patient_849,CTI prepara Encaminhamento,327340.98063950083,start,,0.0,,,,
Patient_849,CTI prepara Encaminhamento,327380.20224362455,complete,,0.0,,,,
Patient_849,Encaminha_para a Clinica Cirurgica,327380.20224362455,complete,,,para a Clinica Cirurgica,327380.20224362455,,
Patient_849,Discharge,327380.20224362455,complete,,,,,,16280.152538246475
Patient_85,Arrival,25502.48261212207,complete,,0.0,,,,
Patient_85,Origem_do Centro Cirurgico,25502.48261212207,complete,,,do Centro Cirurgico,25502.48261212207,,
Patient_85,CTI (CC),25502.48261212207,start,ctiBeds,0.0,,,,
Patient_85,CTI (CC),29828.040434925853,complete,ctiBeds,0.0,,,,
Patient_85,CTI prepara Encaminhamento,29828.040434925853,start,,0.0,,,,
Patient_85,CTI prepara Encaminhamento,29866.86617403547,complete,,0.0,,,,
Patient_85,Encaminha_Obito,29866.86617403547,complete,,,Obito,29866.86617403547,,
Patient_85,Discharge,29866.86617403547,complete,,,,,,4364.383561913401
Patient_850,Arrival,311426.98050906113,complete,,0.0,,,,
Patient_850,Origem_do Pronto Socorro,311426.98050906113,complete,,,do Pronto Socorro,311426.98050906113,,
Patient_850,CTI (PS),318674.7348938085,start,ctiBeds,0.0,,,,
Patient_850,CTI (PS),329934.3718661898,complete,ctiBeds,0.0,,,,
Patient_850,CTI prepara Encaminhamento,329934.3718661898,start,,0.0,,,,
Patient_850,CTI prepara Encaminhamento,329985.3158885367,complete,,0.0,,,,
Patient_850,Encaminha_para a Clinica Cirurgica,329985.3158885367,complete,,,para a Clinica Cirurgica,329985.3158885367,,
Patient_850,Discharge,329985.3158885367,complete,,,,,,18558.335379475553
Patient_851,Arrival,311756.0281883407,complete,,0.0,,,,
Patient_851,Origem_do Centro Cirurgico,311756.0281883407,complete,,,do Centro Cirurgico,311756.0281883407,,
Patient_851,CTI (CC),318959.3318209074,start,ctiBeds,0.0,,,,
Patient_851,CTI (CC),322514.9897973152,complete,ctiBeds,0.0,,,,
Patient_851,CTI prepara Encaminhamento,322514.9897973152,start,,0.0,,,,
Patient_851,CTI prepara Encaminhamento,322569.05902947753,complete,,0.0,,,,
Patient_851,Encaminha_para a Clinica Medica,322569.05902947753,complete,,,para a Clinica Medica,322569.05902947753,,
Patient_851,Discharge,322569.05902947753,complete,,,,,,10813.030841136817
Patient_852,Arrival,313529.5164365448,complete,,0.0,,,,
Patient_852,Origem_do Centro Cirurgico,313529.5164365448,complete,,,do Centro Cirurgico,313529.5164365448,,
Patient_852,CTI (CC),318973.4957635066,start,ctiBeds,0.0,,,,
Patient_852,CTI (CC),328335.2174333865,complete,ctiBeds,0.0,,,,
Patient_852,CTI prepara Encaminhamento,328335.2174333865,start,,0.0,,,,
Patient_852,CTI prepara Encaminhamento,328373.9378890132,complete,,0.0,,,,
Patient_852,Encaminha_para a Clinica Cirurgica,328373.9378890132,complete,,,para a Clinica Cirurgica,328373.9378890132,,
Patient_852,Discharge,328373.9378890132,complete,,,,,,14844.421452468378
Patient_853,Arrival,313698.7859301371,complete,,0.0,,,,
Patient_853,Origem_do Pronto Socorro,313698.7859301371,complete,,,do Pronto Socorro,313698.7859301371,,
Patient_853,CTI (PS),319013.0728127368,start,ctiBeds,0.0,,,,
Patient_853,CTI (PS),352616.2715740618,complete,ctiBeds,0.0,,,,
Patient_853,CTI prepara Encaminhamento,352616.2715740618,start,,0.0,,,,
Patient_853,CTI prepara Encaminhamento,352649.46244146203,complete,,0.0,,,,
Patient_853,Encaminha_para a Clinica Medica,352649.46244146203,complete,,,para a Clinica Medica,352649.46244146203,,
Patient_853,Discharge,352649.46244146203,complete,,,,,,38950.67651132494
Patient_854,Arrival,313865.25247006194,complete,,0.0,,,,
Patient_854,Origem_do Centro Cirurgico,313865.25247006194,complete,,,do Centro Cirurgico,313865.25247006194,,
Patient_854,CTI (CC),319035.2591852798,start,ctiBeds,0.0,,,,
Patient_854,CTI (CC),320068.2279604239,complete,ctiBeds,0.0,,,,
Patient_854,CTI prepara Encaminhamento,320068.2279604239,start,,0.0,,,,
Patient_854,CTI prepara Encaminhamento,320123.79822391603,complete,,0.0,,,,
Patient_854,Encaminha_para a Clinica Medica,320123.79822391603,complete,,,para a Clinica Medica,320123.79822391603,,
Patient_854,Discharge,320123.79822391603,complete,,,,,,6258.545753854094
Patient_855,Arrival,314494.68763547187,complete,,0.0,,,,
Patient_855,Origem_do Pronto Socorro,314494.68763547187,complete,,,do Pronto Socorro,314494.68763547187,,
Patient_855,CTI (PS),319450.23319833964,start,ctiBeds,0.0,,,,
Patient_855,CTI (PS),329496.1892062226,complete,ctiBeds,0.0,,,,
Patient_855,CTI prepara Encaminhamento,329496.1892062226,start,,0.0,,,,
Patient_855,CTI prepara Encaminhamento,329529.9134530508,complete,,0.0,,,,
Patient_855,Encaminha_Obito,329529.9134530508,complete,,,Obito,329529.9134530508,,
Patient_855,Discharge,329529.9134530508,complete,,,,,,15035.225817578903
Patient_856,Arrival,314581.5607718647,complete,,0.0,,,,
Patient_856,Origem_da Clinica Medica,314581.5607718647,complete,,,da Clinica Medica,314581.5607718647,,
Patient_856,CTI (CLIM),319991.1855026471,start,ctiBeds,0.0,,,,
Patient_856,CTI (CLIM),320904.97158013715,complete,ctiBeds,0.0,,,,
Patient_856,CTI prepara Encaminhamento,320904.97158013715,start,,0.0,,,,
Patient_856,CTI prepara Encaminhamento,320954.52019877546,complete,,0.0,,,,
Patient_856,Encaminha_para a Clinica Medica,320954.52019877546,complete,,,para a Clinica Medica,320954.52019877546,,
Patient_856,Discharge,320954.52019877546,complete,,,,,,6372.959426910733
Patient_857,Arrival,315531.95349171554,complete,,0.0,,,,
Patient_857,Origem_do Pronto Socorro,315531.95349171554,complete,,,do Pronto Socorro,315531.95349171554,,
Patient_857,CTI (PS),320068.2279604239,start,ctiBeds,0.0,,,,
Patient_857,CTI (PS),329260.522928709,complete,ctiBeds,0.0,,,,
Patient_857,CTI prepara Encaminhamento,329260.522928709,start,,0.0,,,,
Patient_857,CTI prepara Encaminhamento,329296.172320666,complete,,0.0,,,,
Patient_857,Encaminha_Obito,329296.172320666,complete,,,Obito,329296.172320666,,
Patient_857,Discharge,329296.172320666,complete,,,,,,13764.218828950485
Patient_858,Arrival,315639.15287976636,complete,,0.0,,,,
Patient_858,Origem_do Pronto Socorro,315639.15287976636,complete,,,do Pronto Socorro,315639.15287976636,,
Patient_858,CTI (PS),320378.37966858206,start,ctiBeds,0.0,,,,
Patient_858,CTI (PS),321803.9602574492,complete,ctiBeds,0.0,,,,
Patient_858,CTI prepara Encaminhamento,321803.9602574492,start,,0.0,,,,
Patient_858,CTI prepara Encaminhamento,321838.964199037,complete,,0.0,,,,
Patient_858,Encaminha_para a Clinica Medica,321838.964199037,complete,,,para a Clinica Medica,321838.964199037,,
Patient_858,Discharge,321838.964199037,complete,,,,,,6199.811319270637
Patient_859,Arrival,316839.71150543407,complete,,0.0,,,,
Patient_859,Origem_do Pronto Socorro,316839.71150543407,complete,,,do Pronto Socorro,316839.71150543407,,
Patient_859,CTI (PS),320477.0494315678,start,ctiBeds,0.0,,,,
Patient_859,CTI (PS),323254.6847144018,complete,ctiBeds,0.0,,,,
Patient_859,CTI prepara Encaminhamento,323254.6847144018,start,,0.0,,,,
Patient_859,CTI prepara Encaminhamento,323295.1487209525,complete,,0.0,,,,
Patient_859,Encaminha_para a Clinica Medica,323295.1487209525,complete,,,para a Clinica Medica,323295.1487209525,,
Patient_859,Discharge,323295.1487209525,complete,,,,,,6455.437215518439
Patient_86,Arrival,25532.910092410737,complete,,0.0,,,,
Patient_86,Origem_do Pronto Socorro,25532.910092410737,complete,,,do Pronto Socorro,25532.910092410737,,
Patient_86,CTI (PS),25532.910092410737,start,ctiBeds,0.0,,,,
Patient_86,CTI (PS),34948.46268814665,complete,ctiBeds,0.0,,,,
Patient_86,CTI prepara Encaminhamento,34948.46268814665,start,,0.0,,,,
Patient_86,CTI prepara Encaminhamento,35007.88106364323,complete,,0.0,,,,
Patient_86,Encaminha_para a Clinica Cirurgica,35007.88106364323,complete,,,para a Clinica Cirurgica,35007.88106364323,,
Patient_86,Discharge,35007.88106364323,complete,,,,,,9474.970971232495
Patient_860,Arrival,317397.88744910795,complete,,0.0,,,,
Patient_860,Origem_do Centro Cirurgico,317397.88744910795,complete,,,do Centro Cirurgico,317397.88744910795,,
Patient_860,CTI (CC),320904.97158013715,start,ctiBeds,0.0,,,,
Patient_860,CTI (CC),346596.6445242729,complete,ctiBeds,0.0,,,,
Patient_860,CTI prepara Encaminhamento,346596.6445242729,start,,0.0,,,,
Patient_860,CTI prepara Encaminhamento,346651.06745026377,complete,,0.0,,,,
Patient_860,Encaminha_para a Clinica Medica,346651.06745026377,complete,,,para a Clinica Medica,346651.06745026377,,
Patient_860,Discharge,346651.06745026377,complete,,,,,,29253.180001155823
Patient_861,Arrival,317643.1641008738,complete,,0.0,,,,
Patient_861,Origem_do Centro Cirurgico,317643.1641008738,complete,,,do Centro Cirurgico,317643.1641008738,,
Patient_861,CTI (CC),321803.9602574492,start,ctiBeds,0.0,,,,
Patient_861,CTI (CC),327534.9424656919,complete,ctiBeds,0.0,,,,
Patient_861,CTI prepara Encaminhamento,327534.9424656919,start,,0.0,,,,
Patient_861,CTI prepara Encaminhamento,327580.92429573426,complete,,0.0,,,,
Patient_861,Encaminha_para a Clinica Medica,327580.92429573426,complete,,,para a Clinica Medica,327580.92429573426,,
Patient_861,Discharge,327580.92429573426,complete,,,,,,9937.760194860457
Patient_862,Arrival,317689.94829478924,complete,,0.0,,,,
Patient_862,Origem_do Pronto Socorro,317689.94829478924,complete,,,do Pronto Socorro,317689.94829478924,,
Patient_862,CTI (PS),322185.9761328097,start,ctiBeds,0.0,,,,
Patient_862,CTI (PS),326965.77820693905,complete,ctiBeds,0.0,,,,
Patient_862,CTI prepara Encaminhamento,326965.77820693905,start,,0.0,,,,
Patient_862,CTI prepara Encaminhamento,327013.7232132843,complete,,0.0,,,,
Patient_862,Encaminha_Transferencia Externa,327013.7232132843,complete,,,Transferencia Externa,327013.7232132843,,
Patient_862,Discharge,327013.7232132843,complete,,,,,,9323.774918495037
Patient_863,Arrival,318142.5348538615,complete,,0.0,,,,
Patient_863,Origem_da Maternidade,318142.5348538615,complete,,,da Maternidade,318142.5348538615,,
Patient_863,CTI (MAT),322514.9897973152,start,ctiBeds,0.0,,,,
Patient_863,CTI (MAT),324959.4922708628,complete,ctiBeds,0.0,,,,
Patient_863,CTI prepara Encaminhamento,324959.4922708628,start,,0.0,,,,
Patient_863,CTI prepara Encaminhamento,324997.3363968975,complete,,0.0,,,,
Patient_863,Encaminha_para a Clinica Medica,324997.3363968975,complete,,,para a Clinica Medica,324997.3363968975,,
Patient_863,Discharge,324997.3363968975,complete,,,,,,6854.80154303601
Patient_864,Arrival,318363.4697722325,complete,,0.0,,,,
Patient_864,Origem_da Clinica Medica,318363.4697722325,complete,,,da Clinica Medica,318363.4697722325,,
Patient_864,CTI (CLIM),323254.6847144018,start,ctiBeds,0.0,,,,
Patient_864,CTI (CLIM),327768.86137342895,complete,ctiBeds,0.0,,,,
Patient_864,CTI prepara Encaminhamento,327768.86137342895,start,,0.0,,,,
Patient_864,CTI prepara Encaminhamento,327819.7548943262,complete,,0.0,,,,
Patient_864,Encaminha_para a Clinica Medica,327819.7548943262,complete,,,para a Clinica Medica,327819.7548943262,,
Patient_864,Discharge,327819.7548943262,complete,,,,,,9456.285122093686
Patient_865,Arrival,318795.3090223953,complete,,0.0,,,,
Patient_865,Origem_do Pronto Socorro,318795.3090223953,complete,,,do Pronto Socorro,318795.3090223953,,
Patient_865,CTI (PS),323514.4233755323,start,ctiBeds,0.0,,,,
Patient_865,CTI (PS),332805.0514352937,complete,ctiBeds,0.0,,,,
Patient_865,CTI prepara Encaminhamento,332805.0514352937,start,,0.0,,,,
Patient_865,CTI prepara Encaminhamento,332849.3018844992,complete,,0.0,,,,
Patient_865,Encaminha_para a Clinica Cirurgica,332849.3018844992,complete,,,para a Clinica Cirurgica,332849.3018844992,,
Patient_865,Discharge,332849.3018844992,complete,,,,,,14053.992862103914
Patient_866,Arrival,318933.0547518427,complete,,0.0,,,,
Patient_866,Origem_do Pronto Socorro,318933.0547518427,complete,,,do Pronto Socorro,318933.0547518427,,
Patient_866,CTI (PS),323549.4352992269,start,ctiBeds,0.0,,,,
Patient_866,CTI (PS),326484.5454751518,complete,ctiBeds,0.0,,,,
Patient_866,CTI prepara Encaminhamento,326484.5454751518,start,,0.0,,,,
Patient_866,CTI prepara Encaminhamento,326518.3784386752,complete,,0.0,,,,
Patient_866,Encaminha_para a Clinica Cirurgica,326518.3784386752,complete,,,para a Clinica Cirurgica,326518.3784386752,,
Patient_866,Discharge,326518.3784386752,complete,,,,,,7585.323686832504
Patient_867,Arrival,319070.92161056946,complete,,0.0,,,,
Patient_867,Origem_da Clinica Cirurgica,319070.92161056946,complete,,,da Clinica Cirurgica,319070.92161056946,,
Patient_867,CTI (CLIC),324959.4922708628,start,ctiBeds,0.0,,,,
Patient_867,CTI (CLIC),327546.45353295986,complete,ctiBeds,0.0,,,,
Patient_867,CTI prepara Encaminhamento,327546.45353295986,start,,0.0,,,,
Patient_867,CTI prepara Encaminhamento,327597.8502979583,complete,,0.0,,,,
Patient_867,Encaminha_para a Clinica Medica,327597.8502979583,complete,,,para a Clinica Medica,327597.8502979583,,
Patient_867,Discharge,327597.8502979583,complete,,,,,,8526.928687388834
Patient_868,Arrival,319083.7682084648,complete,,0.0,,,,
Patient_868,Origem_do Pronto Socorro,319083.7682084648,complete,,,do Pronto Socorro,319083.7682084648,,
Patient_868,CTI (PS),325566.8552725048,start,ctiBeds,0.0,,,,
Patient_868,CTI (PS),329891.54550129635,complete,ctiBeds,0.0,,,,
Patient_868,CTI prepara Encaminhamento,329891.54550129635,start,,0.0,,,,
Patient_868,CTI prepara Encaminhamento,329948.2743271383,complete,,0.0,,,,
Patient_868,Encaminha_Obito,329948.2743271383,complete,,,Obito,329948.2743271383,,
Patient_868,Discharge,329948.2743271383,complete,,,,,,10864.50611867354
Patient_869,Arrival,319219.9190066128,complete,,0.0,,,,
Patient_869,Origem_da Clinica Cirurgica,319219.9190066128,complete,,,da Clinica Cirurgica,319219.9190066128,,
Patient_869,CTI (CLIC),325601.6701883695,start,ctiBeds,0.0,,,,
Patient_869,CTI (CLIC),352844.86274184013,complete,ctiBeds,0.0,,,,
Patient_869,CTI prepara Encaminhamento,352844.86274184013,start,,0.0,,,,
Patient_869,CTI prepara Encaminhamento,352889.0237606869,complete,,0.0,,,,
Patient_869,Encaminha_Transferencia Externa,352889.0237606869,complete,,,Transferencia Externa,352889.0237606869,,
Patient_869,Discharge,352889.0237606869,complete,,,,,,33669.10475407413
Patient_87,Arrival,25566.0125975816,complete,,0.0,,,,
Patient_87,Origem_do Pronto Socorro,25566.0125975816,complete,,,do Pronto Socorro,25566.0125975816,,
Patient_87,CTI (PS),26446.54667551582,start,ctiBeds,0.0,,,,
Patient_87,CTI (PS),35114.01378780902,complete,ctiBeds,0.0,,,,
Patient_87,CTI prepara Encaminhamento,35114.01378780902,start,,0.0,,,,
Patient_87,CTI prepara Encaminhamento,35166.139754077034,complete,,0.0,,,,
Patient_87,Encaminha_Obito,35166.139754077034,complete,,,Obito,35166.139754077034,,
Patient_87,Discharge,35166.139754077034,complete,,,,,,9600.127156495433
Patient_870,Arrival,319772.48241914023,complete,,0.0,,,,
Patient_870,Origem_do Pronto Socorro,319772.48241914023,complete,,,do Pronto Socorro,319772.48241914023,,
Patient_870,CTI (PS),325812.18273010966,start,ctiBeds,0.0,,,,
Patient_870,CTI (PS),350225.6465934315,complete,ctiBeds,0.0,,,,
Patient_870,CTI prepara Encaminhamento,350225.6465934315,start,,0.0,,,,
Patient_870,CTI prepara Encaminhamento,350273.7424238749,complete,,0.0,,,,
Patient_870,Encaminha_para a Clinica Medica,350273.7424238749,complete,,,para a Clinica Medica,350273.7424238749,,
Patient_870,Discharge,350273.7424238749,complete,,,,,,30501.26000473468
Patient_871,Arrival,320175.60372002836,complete,,0.0,,,,
Patient_871,Origem_do Pronto Socorro,320175.60372002836,complete,,,do Pronto Socorro,320175.60372002836,,
Patient_871,CTI (PS),326132.84891280613,start,ctiBeds,0.0,,,,
Patient_871,CTI (PS),327663.04760872805,complete,ctiBeds,0.0,,,,
Patient_871,CTI prepara Encaminhamento,327663.04760872805,start,,0.0,,,,
Patient_871,CTI prepara Encaminhamento,327718.3317017139,complete,,0.0,,,,
Patient_871,Encaminha_Transferencia Externa,327718.3317017139,complete,,,Transferencia Externa,327718.3317017139,,
Patient_871,Discharge,327718.3317017139,complete,,,,,,7542.727981685544
Patient_872,Arrival,320958.235173402,complete,,0.0,,,,
Patient_872,Origem_do Pronto Socorro,320958.235173402,complete,,,do Pronto Socorro,320958.235173402,,
Patient_872,CTI (PS),326484.5454751518,start,ctiBeds,0.0,,,,
Patient_872,CTI (PS),376695.4050762441,complete,ctiBeds,0.0,,,,
Patient_872,CTI prepara Encaminhamento,376695.4050762441,start,,0.0,,,,
Patient_872,CTI prepara Encaminhamento,376733.6314270294,complete,,0.0,,,,
Patient_872,Encaminha_Obito,376733.6314270294,complete,,,Obito,376733.6314270294,,
Patient_872,Discharge,376733.6314270294,complete,,,,,,55775.396253627376
Patient_873,Arrival,321285.70149406366,complete,,0.0,,,,
Patient_873,Origem_do Pronto Socorro,321285.70149406366,complete,,,do Pronto Socorro,321285.70149406366,,
Patient_873,CTI (PS),326598.6697191459,start,ctiBeds,0.0,,,,
Patient_873,CTI (PS),368928.7779240771,complete,ctiBeds,0.0,,,,
Patient_873,CTI prepara Encaminhamento,368928.7779240771,start,,0.0,,,,
Patient_873,CTI prepara Encaminhamento,368960.53746359533,complete,,0.0,,,,
Patient_873,Encaminha_para a Clinica Cirurgica,368960.53746359533,complete,,,para a Clinica Cirurgica,368960.53746359533,,
Patient_873,Discharge,368960.53746359533,complete,,,,,,47674.835969531676
Patient_874,Arrival,321624.2239271976,complete,,0.0,,,,
Patient_874,Origem_do Pronto Socorro,321624.2239271976,complete,,,do Pronto Socorro,321624.2239271976,,
Patient_874,CTI (PS),326965.77820693905,start,ctiBeds,0.0,,,,
Patient_874,CTI (PS),334538.1685714367,complete,ctiBeds,0.0,,,,
Patient_874,CTI prepara Encaminhamento,334538.1685714367,start,,0.0,,,,
Patient_874,CTI prepara Encaminhamento,334591.6209760162,complete,,0.0,,,,
Patient_874,Encaminha_para a Clinica Medica,334591.6209760162,complete,,,para a Clinica Medica,334591.6209760162,,
Patient_874,Discharge,334591.6209760162,complete,,,,,,12967.397048818588
Patient_875,Arrival,322008.3970831318,complete,,0.0,,,,
Patient_875,Origem_do Pronto Socorro,322008.3970831318,complete,,,do Pronto Socorro,322008.3970831318,,
Patient_875,CTI (PS),327198.4345123222,start,ctiBeds,0.0,,,,
Patient_875,CTI (PS),335167.4142248085,complete,ctiBeds,0.0,,,,
Patient_875,CTI prepara Encaminhamento,335167.4142248085,start,,0.0,,,,
Patient_875,CTI prepara Encaminhamento,335198.9099995722,complete,,0.0,,,,
Patient_875,Encaminha_para a Clinica Medica,335198.9099995722,complete,,,para a Clinica Medica,335198.9099995722,,
Patient_875,Discharge,335198.9099995722,complete,,,,,,13190.512916440435
Patient_876,Arrival,322040.83848254284,complete,,0.0,,,,
Patient_876,Origem_da Clinica Medica,322040.83848254284,complete,,,da Clinica Medica,322040.83848254284,,
Patient_876,CTI (CLIM),327340.98063950083,start,ctiBeds,0.0,,,,
Patient_876,CTI (CLIM),350023.11723814823,complete,ctiBeds,0.0,,,,
Patient_876,CTI prepara Encaminhamento,350023.11723814823,start,,0.0,,,,
Patient_876,CTI prepara Encaminhamento,350057.9839036305,complete,,0.0,,,,
Patient_876,Encaminha_para a Clinica Medica,350057.9839036305,complete,,,para a Clinica Medica,350057.9839036305,,
Patient_876,Discharge,350057.9839036305,complete,,,,,,28017.145421087684
Patient_877,Arrival,322208.741075295,complete,,0.0,,,,
Patient_877,Origem_do Centro Cirurgico,322208.741075295,complete,,,do Centro Cirurgico,322208.741075295,,
Patient_877,CTI (CC),327498.56898911827,start,ctiBeds,0.0,,,,
Patient_877,CTI (CC),329748.93313861795,complete,ctiBeds,0.0,,,,
Patient_877,CTI prepara Encaminhamento,329748.93313861795,start,,0.0,,,,
Patient_877,CTI prepara Encaminhamento,329804.18945768155,complete,,0.0,,,,
Patient_877,Encaminha_para a Clinica Medica,329804.18945768155,complete,,,para a Clinica Medica,329804.18945768155,,
Patient_877,Discharge,329804.18945768155,complete,,,,,,7595.44838238653
Patient_878,Arrival,322951.5505564727,complete,,0.0,,,,
Patient_878,Origem_do Pronto Socorro,322951.5505564727,complete,,,do Pronto Socorro,322951.5505564727,,
Patient_878,CTI (PS),327534.9424656919,start,ctiBeds,0.0,,,,
Patient_878,CTI (PS),328496.75690063497,complete,ctiBeds,0.0,,,,
Patient_878,CTI prepara Encaminhamento,328496.75690063497,start,,0.0,,,,
Patient_878,CTI prepara Encaminhamento,328531.5590368704,complete,,0.0,,,,
Patient_878,Encaminha_Obito,328531.5590368704,complete,,,Obito,328531.5590368704,,
Patient_878,Discharge,328531.5590368704,complete,,,,,,5580.008480397752
Patient_879,Arrival,323320.8371094821,complete,,0.0,,,,
Patient_879,Origem_do Pronto Socorro,323320.8371094821,complete,,,do Pronto Socorro,323320.8371094821,,
Patient_879,CTI (PS),327546.45353295986,start,ctiBeds,0.0,,,,
Patient_879,CTI (PS),337099.69840477407,complete,ctiBeds,0.0,,,,
Patient_879,CTI prepara Encaminhamento,337099.69840477407,start,,0.0,,,,
Patient_879,CTI prepara Encaminhamento,337134.15902342304,complete,,0.0,,,,
Patient_879,Encaminha_para a Clinica Medica,337134.15902342304,complete,,,para a Clinica Medica,337134.15902342304,,
Patient_879,Discharge,337134.15902342304,complete,,,,,,13813.321913940948
Patient_88,Arrival,25710.992940708573,complete,,0.0,,,,
Patient_88,Origem_da Clinica Cirurgica,25710.992940708573,complete,,,da Clinica Cirurgica,25710.992940708573,,
Patient_88,CTI (CLIC),26531.87545756283,start,ctiBeds,0.0,,,,
Patient_88,CTI (CLIC),28667.210217870863,complete,ctiBeds,0.0,,,,
Patient_88,CTI prepara Encaminhamento,28667.210217870863,start,,0.0,,,,
Patient_88,CTI prepara Encaminhamento,28707.15794938187,complete,,0.0,,,,
Patient_88,Encaminha_Obito,28707.15794938187,complete,,,Obito,28707.15794938187,,
Patient_88,Discharge,28707.15794938187,complete,,,,,,2996.165008673299
Patient_880,Arrival,324026.16885287355,complete,,0.0,,,,
Patient_880,Origem_do Pronto Socorro,324026.16885287355,complete,,,do Pronto Socorro,324026.16885287355,,
Patient_880,CTI (PS),327663.04760872805,start,ctiBeds,0.0,,,,
Patient_880,CTI (PS),332782.69160622044,complete,ctiBeds,0.0,,,,
Patient_880,CTI prepara Encaminhamento,332782.69160622044,start,,0.0,,,,
Patient_880,CTI prepara Encaminhamento,332820.0929156002,complete,,0.0,,,,
Patient_880,Encaminha_para a Clinica Medica,332820.0929156002,complete,,,para a Clinica Medica,332820.0929156002,,
Patient_880,Discharge,332820.0929156002,complete,,,,,,8793.92406272667
Patient_881,Arrival,325085.1407392425,complete,,0.0,,,,
Patient_881,Origem_do Centro Cirurgico,325085.1407392425,complete,,,do Centro Cirurgico,325085.1407392425,,
Patient_881,CTI (CC),327743.0721380448,start,ctiBeds,0.0,,,,
Patient_881,CTI (CC),328114.58931011736,complete,ctiBeds,0.0,,,,
Patient_881,CTI prepara Encaminhamento,328114.58931011736,start,,0.0,,,,
Patient_881,CTI prepara Encaminhamento,328155.23069489416,complete,,0.0,,,,
Patient_881,Encaminha_para a Clinica Cirurgica,328155.23069489416,complete,,,para a Clinica Cirurgica,328155.23069489416,,
Patient_881,Discharge,328155.23069489416,complete,,,,,,3070.089955651667
Patient_882,Arrival,326067.9720786472,complete,,0.0,,,,
Patient_882,Origem_da Clinica Cirurgica,326067.9720786472,complete,,,da Clinica Cirurgica,326067.9720786472,,
Patient_882,CTI (CLIC),327768.86137342895,start,ctiBeds,0.0,,,,
Patient_882,CTI (CLIC),339112.76937931613,complete,ctiBeds,0.0,,,,
Patient_882,CTI prepara Encaminhamento,339112.76937931613,start,,0.0,,,,
Patient_882,CTI prepara Encaminhamento,339147.09796497383,complete,,0.0,,,,
Patient_882,Encaminha_Obito,339147.09796497383,complete,,,Obito,339147.09796497383,,
Patient_882,Discharge,339147.09796497383,complete,,,,,,13079.125886326656
Patient_883,Arrival,326157.1083813524,complete,,0.0,,,,
Patient_883,Origem_do Pronto Socorro,326157.1083813524,complete,,,do Pronto Socorro,326157.1083813524,,
Patient_883,CTI (PS),328114.58931011736,start,ctiBeds,0.0,,,,
Patient_883,CTI (PS),348637.6177105025,complete,ctiBeds,0.0,,,,
Patient_883,CTI prepara Encaminhamento,348637.6177105025,start,,0.0,,,,
Patient_883,CTI prepara Encaminhamento,348673.34829334286,complete,,0.0,,,,
Patient_883,Encaminha_Obito,348673.34829334286,complete,,,Obito,348673.34829334286,,
Patient_883,Discharge,348673.34829334286,complete,,,,,,22516.239911990473
Patient_884,Arrival,326229.65091261594,complete,,0.0,,,,
Patient_884,Origem_do Centro Cirurgico,326229.65091261594,complete,,,do Centro Cirurgico,326229.65091261594,,
Patient_884,CTI (CC),328335.2174333865,start,ctiBeds,0.0,,,,
Patient_884,CTI (CC),355230.0776423559,complete,ctiBeds,0.0,,,,
Patient_884,CTI prepara Encaminhamento,355230.0776423559,start,,0.0,,,,
Patient_884,CTI prepara Encaminhamento,355288.1371019398,complete,,0.0,,,,
Patient_884,Encaminha_para a Clinica Medica,355288.1371019398,complete,,,para a Clinica Medica,355288.1371019398,,
Patient_884,Discharge,355288.1371019398,complete,,,,,,29058.486189323885
Patient_885,Arrival,326238.5177864034,complete,,0.0,,,,
Patient_885,Origem_do Centro Cirurgico,326238.5177864034,complete,,,do Centro Cirurgico,326238.5177864034,,
Patient_885,CTI (CC),328496.75690063497,start,ctiBeds,0.0,,,,
Patient_885,CTI (CC),336413.02127640566,complete,ctiBeds,0.0,,,,
Patient_885,CTI prepara Encaminhamento,336413.02127640566,start,,0.0,,,,
Patient_885,CTI prepara Encaminhamento,336469.43701387447,complete,,0.0,,,,
Patient_885,Encaminha_para a Clinica Medica,336469.43701387447,complete,,,para a Clinica Medica,336469.43701387447,,
Patient_885,Discharge,336469.43701387447,complete,,,,,,10230.919227471051
Patient_886,Arrival,326337.14470896765,complete,,0.0,,,,
Patient_886,Origem_do Centro Cirurgico,326337.14470896765,complete,,,do Centro Cirurgico,326337.14470896765,,
Patient_886,CTI (CC),328635.03055017366,start,ctiBeds,0.0,,,,
Patient_886,CTI (CC),330064.30110614095,complete,ctiBeds,0.0,,,,
Patient_886,CTI prepara Encaminhamento,330064.30110614095,start,,0.0,,,,
Patient_886,CTI prepara Encaminhamento,330121.42842564825,complete,,0.0,,,,
Patient_886,Encaminha_para a Clinica Medica,330121.42842564825,complete,,,para a Clinica Medica,330121.42842564825,,
Patient_886,Discharge,330121.42842564825,complete,,,,,,3784.2837166805984
Patient_887,Arrival,326440.71409568645,complete,,0.0,,,,
Patient_887,Origem_da Clinica Cirurgica,326440.71409568645,complete,,,da Clinica Cirurgica,326440.71409568645,,
Patient_887,CTI (CLIC),329260.522928709,start,ctiBeds,0.0,,,,
Patient_887,CTI (CLIC),330692.7866523369,complete,ctiBeds,0.0,,,,
Patient_887,CTI prepara Encaminhamento,330692.7866523369,start,,0.0,,,,
Patient_887,CTI prepara Encaminhamento,330735.789235011,complete,,0.0,,,,
Patient_887,Encaminha_para a Clinica Medica,330735.789235011,complete,,,para a Clinica Medica,330735.789235011,,
Patient_887,Discharge,330735.789235011,complete,,,,,,4295.07513932453
Patient_888,Arrival,326547.44262945605,complete,,0.0,,,,
Patient_888,Origem_do Centro Cirurgico,326547.44262945605,complete,,,do Centro Cirurgico,326547.44262945605,,
Patient_888,CTI (CC),329496.1892062226,start,ctiBeds,0.0,,,,
Patient_888,CTI (CC),330082.68026081607,complete,ctiBeds,0.0,,,,
Patient_888,CTI prepara Encaminhamento,330082.68026081607,start,,0.0,,,,
Patient_888,CTI prepara Encaminhamento,330129.652934454,complete,,0.0,,,,
Patient_888,Encaminha_para a Clinica Medica,330129.652934454,complete,,,para a Clinica Medica,330129.652934454,,
Patient_888,Discharge,330129.652934454,complete,,,,,,3582.2103049979196
Patient_889,Arrival,326561.4919652983,complete,,0.0,,,,
Patient_889,Origem_do Centro Cirurgico,326561.4919652983,complete,,,do Centro Cirurgico,326561.4919652983,,
Patient_889,CTI (CC),329528.56318127876,start,ctiBeds,0.0,,,,
Patient_889,CTI (CC),367541.8514939022,complete,ctiBeds,0.0,,,,
Patient_889,CTI prepara Encaminhamento,367541.8514939022,start,,0.0,,,,
Patient_889,CTI prepara Encaminhamento,367594.4071063109,complete,,0.0,,,,
Patient_889,Encaminha_Obito,367594.4071063109,complete,,,Obito,367594.4071063109,,
Patient_889,Discharge,367594.4071063109,complete,,,,,,41032.91514101258
Patient_89,Arrival,26755.97729042235,complete,,0.0,,,,
Patient_89,Origem_do Centro Cirurgico,26755.97729042235,complete,,,do Centro Cirurgico,26755.97729042235,,
Patient_89,CTI (CC),26866.001021252523,start,ctiBeds,0.0,,,,
Patient_89,CTI (CC),41854.73943365365,complete,ctiBeds,0.0,,,,
Patient_89,CTI prepara Encaminhamento,41854.73943365365,start,,0.0,,,,
Patient_89,CTI prepara Encaminhamento,41887.17678737296,complete,,0.0,,,,
Patient_89,Encaminha_para a Clinica Medica,41887.17678737296,complete,,,para a Clinica Medica,41887.17678737296,,
Patient_89,Discharge,41887.17678737296,complete,,,,,,15131.199496950612
Patient_890,Arrival,326729.9863975748,complete,,0.0,,,,
Patient_890,Origem_do Centro Cirurgico,326729.9863975748,complete,,,do Centro Cirurgico,326729.9863975748,,
Patient_890,CTI (CC),329748.93313861795,start,ctiBeds,0.0,,,,
Patient_890,CTI (CC),330816.9098957629,complete,ctiBeds,0.0,,,,
Patient_890,CTI prepara Encaminhamento,330816.9098957629,start,,0.0,,,,
Patient_890,CTI prepara Encaminhamento,330854.5294452754,complete,,0.0,,,,
Patient_890,Encaminha_para a Clinica Medica,330854.5294452754,complete,,,para a Clinica Medica,330854.5294452754,,
Patient_890,Discharge,330854.5294452754,complete,,,,,,4124.543047700601
Patient_891,Arrival,327105.21336325875,complete,,0.0,,,,
Patient_891,Origem_do Pronto Socorro,327105.21336325875,complete,,,do Pronto Socorro,327105.21336325875,,
Patient_891,CTI (PS),329891.54550129635,start,ctiBeds,0.0,,,,
Patient_891,CTI (PS),356119.58771669364,complete,ctiBeds,0.0,,,,
Patient_891,CTI prepara Encaminhamento,356119.58771669364,start,,0.0,,,,
Patient_891,CTI prepara Encaminhamento,356173.06176809454,complete,,0.0,,,,
Patient_891,Encaminha_Obito,356173.06176809454,complete,,,Obito,356173.06176809454,,
Patient_891,Discharge,356173.06176809454,complete,,,,,,29067.848404835793
Patient_892,Arrival,327823.24496104475,complete,,0.0,,,,
Patient_892,Origem_do Pronto Socorro,327823.24496104475,complete,,,do Pronto Socorro,327823.24496104475,,
Patient_892,CTI (PS),329934.3718661898,start,ctiBeds,0.0,,,,
Patient_892,CTI (PS),335265.3165411546,complete,ctiBeds,0.0,,,,
Patient_892,CTI prepara Encaminhamento,335265.3165411546,start,,0.0,,,,
Patient_892,CTI prepara Encaminhamento,335325.1307128867,complete,,0.0,,,,
Patient_892,Encaminha_Obito,335325.1307128867,complete,,,Obito,335325.1307128867,,
Patient_892,Discharge,335325.1307128867,complete,,,,,,7501.885751841939
Patient_893,Arrival,328576.04196446337,complete,,0.0,,,,
Patient_893,Origem_do Pronto Socorro,328576.04196446337,complete,,,do Pronto Socorro,328576.04196446337,,
Patient_893,CTI (PS),330064.30110614095,start,ctiBeds,0.0,,,,
Patient_893,CTI (PS),331173.91746281803,complete,ctiBeds,0.0,,,,
Patient_893,CTI prepara Encaminhamento,331173.91746281803,start,,0.0,,,,
Patient_893,CTI prepara Encaminhamento,331232.9260607795,complete,,0.0,,,,
Patient_893,Encaminha_para a Clinica Medica,331232.9260607795,complete,,,para a Clinica Medica,331232.9260607795,,
Patient_893,Discharge,331232.9260607795,complete,,,,,,2656.88409631612
Patient_894,Arrival,329009.6728812329,complete,,0.0,,,,
Patient_894,Origem_da Clinica Cirurgica,329009.6728812329,complete,,,da Clinica Cirurgica,329009.6728812329,,
Patient_894,CTI (CLIC),330082.68026081607,start,ctiBeds,0.0,,,,
Patient_894,CTI (CLIC),337036.4050361388,complete,ctiBeds,0.0,,,,
Patient_894,CTI prepara Encaminhamento,337036.4050361388,start,,0.0,,,,
Patient_894,CTI prepara Encaminhamento,337076.6352811924,complete,,0.0,,,,
Patient_894,Encaminha_Obito,337076.6352811924,complete,,,Obito,337076.6352811924,,
Patient_894,Discharge,337076.6352811924,complete,,,,,,8066.962399959448
Patient_895,Arrival,330445.85708941263,complete,,0.0,,,,
Patient_895,Origem_do Pronto Socorro,330445.85708941263,complete,,,do Pronto Socorro,330445.85708941263,,
Patient_895,CTI (PS),330692.7866523369,start,ctiBeds,0.0,,,,
Patient_895,CTI (PS),333371.4929716506,complete,ctiBeds,0.0,,,,
Patient_895,CTI prepara Encaminhamento,333371.4929716506,start,,0.0,,,,
Patient_895,CTI prepara Encaminhamento,333431.268913513,complete,,0.0,,,,
Patient_895,Encaminha_Obito,333431.268913513,complete,,,Obito,333431.268913513,,
Patient_895,Discharge,333431.268913513,complete,,,,,,2985.41182410036
Patient_896,Arrival,330947.8008602435,complete,,0.0,,,,
Patient_896,Origem_do Pronto Socorro,330947.8008602435,complete,,,do Pronto Socorro,330947.8008602435,,
Patient_896,CTI (PS),330947.8008602435,start,ctiBeds,0.0,,,,
Patient_896,CTI (PS),342652.5620617719,complete,ctiBeds,0.0,,,,
Patient_896,CTI prepara Encaminhamento,342652.5620617719,start,,0.0,,,,
Patient_896,CTI prepara Encaminhamento,342684.09462783247,complete,,0.0,,,,
Patient_896,Encaminha_para a Clinica Medica,342684.09462783247,complete,,,para a Clinica Medica,342684.09462783247,,
Patient_896,Discharge,342684.09462783247,complete,,,,,,11736.29376758897
Patient_897,Arrival,331704.4534413756,complete,,0.0,,,,
Patient_897,Origem_da Clinica Medica,331704.4534413756,complete,,,da Clinica Medica,331704.4534413756,,
Patient_897,CTI (CLIM),331704.4534413756,start,ctiBeds,0.0,,,,
Patient_897,CTI (CLIM),334379.76240961754,complete,ctiBeds,0.0,,,,
Patient_897,CTI prepara Encaminhamento,334379.76240961754,start,,0.0,,,,
Patient_897,CTI prepara Encaminhamento,334414.9874825222,complete,,0.0,,,,
Patient_897,Encaminha_para a Clinica Medica,334414.9874825222,complete,,,para a Clinica Medica,334414.9874825222,,
Patient_897,Discharge,334414.9874825222,complete,,,,,,2710.5340411466314
Patient_898,Arrival,332329.28874135664,complete,,0.0,,,,
Patient_898,Origem_do Centro Cirurgico,332329.28874135664,complete,,,do Centro Cirurgico,332329.28874135664,,
Patient_898,CTI (CC),332329.28874135664,start,ctiBeds,0.0,,,,
Patient_898,CTI (CC),336075.00164185825,complete,ctiBeds,0.0,,,,
Patient_898,CTI prepara Encaminhamento,336075.00164185825,start,,0.0,,,,
Patient_898,CTI prepara Encaminhamento,336114.36535407417,complete,,0.0,,,,
Patient_898,Encaminha_Obito,336114.36535407417,complete,,,Obito,336114.36535407417,,
Patient_898,Discharge,336114.36535407417,complete,,,,,,3785.07661271753
Patient_899,Arrival,332379.55268365564,complete,,0.0,,,,
Patient_899,Origem_da Clinica Medica,332379.55268365564,complete,,,da Clinica Medica,332379.55268365564,,
Patient_899,CTI (CLIM),332782.69160622044,start,ctiBeds,0.0,,,,
Patient_899,CTI (CLIM),353715.4442539411,complete,ctiBeds,0.0,,,,
Patient_899,CTI prepara Encaminhamento,353715.4442539411,start,,0.0,,,,
Patient_899,CTI prepara Encaminhamento,353750.17080895416,complete,,0.0,,,,
Patient_899,Encaminha_para a Clinica Medica,353750.17080895416,complete,,,para a Clinica Medica,353750.17080895416,,
Patient_899,Discharge,353750.17080895416,complete,,,,,,21370.618125298526
Patient_9,Arrival,2170.772360392042,complete,,0.0,,,,
Patient_9,Origem_do Pronto Socorro,2170.772360392042,complete,,,do Pronto Socorro,2170.772360392042,,
Patient_9,CTI (PS),2170.772360392042,start,ctiBeds,0.0,,,,
Patient_9,CTI (PS),4993.206953936384,complete,ctiBeds,0.0,,,,
Patient_9,CTI prepara Encaminhamento,4993.206953936384,start,,0.0,,,,
Patient_9,CTI prepara Encaminhamento,5048.084708112127,complete,,0.0,,,,
Patient_9,Encaminha_para a Clinica Cirurgica,5048.084708112127,complete,,,para a Clinica Cirurgica,5048.084708112127,,
Patient_9,Discharge,5048.084708112127,complete,,,,,,2877.312347720085
Patient_90,Arrival,27634.365827224192,complete,,0.0,,,,
Patient_90,Origem_do Centro Cirurgico,27634.365827224192,complete,,,do Centro Cirurgico,27634.365827224192,,
Patient_90,CTI (CC),27634.365827224192,start,ctiBeds,0.0,,,,
Patient_90,CTI (CC),29908.533461235435,complete,ctiBeds,0.0,,,,
Patient_90,CTI prepara Encaminhamento,29908.533461235435,start,,0.0,,,,
Patient_90,CTI prepara Encaminhamento,29962.288798712812,complete,,0.0,,,,
Patient_90,Encaminha_para a Clinica Cirurgica,29962.288798712812,complete,,,para a Clinica Cirurgica,29962.288798712812,,
Patient_90,Discharge,29962.288798712812,complete,,,,,,2327.9229714886205
Patient_900,Arrival,332524.47656601935,complete,,0.0,,,,
Patient_900,Origem_do Centro Cirurgico,332524.47656601935,complete,,,do Centro Cirurgico,332524.47656601935,,
Patient_900,CTI (CC),332805.0514352937,start,ctiBeds,0.0,,,,
Patient_900,CTI (CC),361043.1828111219,complete,ctiBeds,0.0,,,,
Patient_900,CTI prepara Encaminhamento,361043.1828111219,start,,0.0,,,,
Patient_900,CTI prepara Encaminhamento,361078.98736279254,complete,,0.0,,,,
Patient_900,Encaminha_Obito,361078.98736279254,complete,,,Obito,361078.98736279254,,
Patient_900,Discharge,361078.98736279254,complete,,,,,,28554.51079677319
Patient_901,Arrival,332630.47938367643,complete,,0.0,,,,
Patient_901,Origem_do Pronto Socorro,332630.47938367643,complete,,,do Pronto Socorro,332630.47938367643,,
Patient_901,CTI (PS),333371.4929716506,start,ctiBeds,0.0,,,,
Patient_901,CTI (PS),353927.3043079957,complete,ctiBeds,0.0,,,,
Patient_901,CTI prepara Encaminhamento,353927.3043079957,start,,0.0,,,,
Patient_901,CTI prepara Encaminhamento,353976.5331334094,complete,,0.0,,,,
Patient_901,Encaminha_Transferencia Externa,353976.5331334094,complete,,,Transferencia Externa,353976.5331334094,,
Patient_901,Discharge,353976.5331334094,complete,,,,,,21346.053749732964
Patient_902,Arrival,332690.9929663675,complete,,0.0,,,,
Patient_902,Origem_da Clinica Medica,332690.9929663675,complete,,,da Clinica Medica,332690.9929663675,,
Patient_902,CTI (CLIM),334379.76240961754,start,ctiBeds,0.0,,,,
Patient_902,CTI (CLIM),339824.90229956695,complete,ctiBeds,0.0,,,,
Patient_902,CTI prepara Encaminhamento,339824.90229956695,start,,0.0,,,,
Patient_902,CTI prepara Encaminhamento,339859.5349357657,complete,,0.0,,,,
Patient_902,Encaminha_para a Clinica Cirurgica,339859.5349357657,complete,,,para a Clinica Cirurgica,339859.5349357657,,
Patient_902,Discharge,339859.5349357657,complete,,,,,,7168.541969398211
Patient_903,Arrival,332865.7816641658,complete,,0.0,,,,
Patient_903,Origem_do Pronto Socorro,332865.7816641658,complete,,,do Pronto Socorro,332865.7816641658,,
Patient_903,CTI (PS),334538.1685714367,start,ctiBeds,0.0,,,,
Patient_903,CTI (PS),336841.3523780027,complete,ctiBeds,0.0,,,,
Patient_903,CTI prepara Encaminhamento,336841.3523780027,start,,0.0,,,,
Patient_903,CTI prepara Encaminhamento,336899.7541832753,complete,,0.0,,,,
Patient_903,Encaminha_Obito,336899.7541832753,complete,,,Obito,336899.7541832753,,
Patient_903,Discharge,336899.7541832753,complete,,,,,,4033.9725191094913
Patient_904,Arrival,333308.6237264413,complete,,0.0,,,,
Patient_904,Origem_do Centro Cirurgico,333308.6237264413,complete,,,do Centro Cirurgico,333308.6237264413,,
Patient_904,CTI (CC),335167.4142248085,start,ctiBeds,0.0,,,,
Patient_904,CTI (CC),343815.28017033177,complete,ctiBeds,0.0,,,,
Patient_904,CTI prepara Encaminhamento,343815.28017033177,start,,0.0,,,,
Patient_904,CTI prepara Encaminhamento,343846.58781093726,complete,,0.0,,,,
Patient_904,Encaminha_para a Clinica Medica,343846.58781093726,complete,,,para a Clinica Medica,343846.58781093726,,
Patient_904,Discharge,343846.58781093726,complete,,,,,,10537.964084495965
Patient_905,Arrival,334388.95478785504,complete,,0.0,,,,
Patient_905,Origem_do Centro Cirurgico,334388.95478785504,complete,,,do Centro Cirurgico,334388.95478785504,,
Patient_905,CTI (CC),335265.3165411546,start,ctiBeds,0.0,,,,
Patient_905,CTI (CC),338111.01011529914,complete,ctiBeds,0.0,,,,
Patient_905,CTI prepara Encaminhamento,338111.01011529914,start,,0.0,,,,
Patient_905,CTI prepara Encaminhamento,338168.6556321884,complete,,0.0,,,,
Patient_905,Encaminha_para a Clinica Medica,338168.6556321884,complete,,,para a Clinica Medica,338168.6556321884,,
Patient_905,Discharge,338168.6556321884,complete,,,,,,3779.7008443333907
Patient_906,Arrival,335111.4049720697,complete,,0.0,,,,
Patient_906,Origem_do Pronto Socorro,335111.4049720697,complete,,,do Pronto Socorro,335111.4049720697,,
Patient_906,CTI (PS),336075.00164185825,start,ctiBeds,0.0,,,,
Patient_906,CTI (PS),345534.5797670538,complete,ctiBeds,0.0,,,,
Patient_906,CTI prepara Encaminhamento,345534.5797670538,start,,0.0,,,,
Patient_906,CTI prepara Encaminhamento,345581.5800341388,complete,,0.0,,,,
Patient_906,Encaminha_para a Clinica Medica,345581.5800341388,complete,,,para a Clinica Medica,345581.5800341388,,
Patient_906,Discharge,345581.5800341388,complete,,,,,,10470.175062069087
Patient_907,Arrival,336416.88924454746,complete,,0.0,,,,
Patient_907,Origem_do Centro Cirurgico,336416.88924454746,complete,,,do Centro Cirurgico,336416.88924454746,,
Patient_907,CTI (CC),336416.88924454746,start,ctiBeds,0.0,,,,
Patient_907,CTI (CC),338524.26991264004,complete,ctiBeds,0.0,,,,
Patient_907,CTI prepara Encaminhamento,338524.26991264004,start,,0.0,,,,
Patient_907,CTI prepara Encaminhamento,338579.2955349018,complete,,0.0,,,,
Patient_907,Encaminha_para a Clinica Cirurgica,338579.2955349018,complete,,,para a Clinica Cirurgica,338579.2955349018,,
Patient_907,Discharge,338579.2955349018,complete,,,,,,2162.4062903543236
Patient_908,Arrival,337189.261044945,complete,,0.0,,,,
Patient_908,Origem_do Centro Cirurgico,337189.261044945,complete,,,do Centro Cirurgico,337189.261044945,,
Patient_908,CTI (CC),337189.261044945,start,ctiBeds,0.0,,,,
Patient_908,CTI (CC),362653.61204150086,complete,ctiBeds,0.0,,,,
Patient_908,CTI prepara Encaminhamento,362653.61204150086,start,,0.0,,,,
Patient_908,CTI prepara Encaminhamento,362697.2400373631,complete,,0.0,,,,
Patient_908,Encaminha_para a Clinica Cirurgica,362697.2400373631,complete,,,para a Clinica Cirurgica,362697.2400373631,,
Patient_908,Discharge,362697.2400373631,complete,,,,,,25507.978992418095
Patient_909,Arrival,337198.68964864436,complete,,0.0,,,,
Patient_909,Origem_da Clinica Cirurgica,337198.68964864436,complete,,,da Clinica Cirurgica,337198.68964864436,,
Patient_909,CTI (CLIC),337198.68964864436,start,ctiBeds,0.0,,,,
Patient_909,CTI (CLIC),339913.9098776086,complete,ctiBeds,0.0,,,,
Patient_909,CTI prepara Encaminhamento,339913.9098776086,start,,0.0,,,,
Patient_909,CTI prepara Encaminhamento,339945.19328116043,complete,,0.0,,,,
Patient_909,Encaminha_para a Clinica Cirurgica,339945.19328116043,complete,,,para a Clinica Cirurgica,339945.19328116043,,
Patient_909,Discharge,339945.19328116043,complete,,,,,,2746.5036325160763
Patient_91,Arrival,28404.781384634556,complete,,0.0,,,,
Patient_91,Origem_do Centro Cirurgico,28404.781384634556,complete,,,do Centro Cirurgico,28404.781384634556,,
Patient_91,CTI (CC),28404.781384634556,start,ctiBeds,0.0,,,,
Patient_91,CTI (CC),30519.624128124586,complete,ctiBeds,0.0,,,,
Patient_91,CTI prepara Encaminhamento,30519.624128124586,start,,0.0,,,,
Patient_91,CTI prepara Encaminhamento,30551.708363056245,complete,,0.0,,,,
Patient_91,Encaminha_para a Clinica Cirurgica,30551.708363056245,complete,,,para a Clinica Cirurgica,30551.708363056245,,
Patient_91,Discharge,30551.708363056245,complete,,,,,,2146.9269784216885
Patient_910,Arrival,338213.0195345591,complete,,0.0,,,,
Patient_910,Origem_do Pronto Socorro,338213.0195345591,complete,,,do Pronto Socorro,338213.0195345591,,
Patient_910,CTI (PS),338213.0195345591,start,ctiBeds,0.0,,,,
Patient_910,CTI (PS),348380.4492013658,complete,ctiBeds,0.0,,,,
Patient_910,CTI prepara Encaminhamento,348380.4492013658,start,,0.0,,,,
Patient_910,CTI prepara Encaminhamento,348435.9138827359,complete,,0.0,,,,
Patient_910,Encaminha_Obito,348435.9138827359,complete,,,Obito,348435.9138827359,,
Patient_910,Discharge,348435.9138827359,complete,,,,,,10222.894348176778
Patient_911,Arrival,338426.4014638358,complete,,0.0,,,,
Patient_911,Origem_da Clinica Medica,338426.4014638358,complete,,,da Clinica Medica,338426.4014638358,,
Patient_911,CTI (CLIM),338426.4014638358,start,ctiBeds,0.0,,,,
Patient_911,CTI (CLIM),340499.2267944871,complete,ctiBeds,0.0,,,,
Patient_911,CTI prepara Encaminhamento,340499.2267944871,start,,0.0,,,,
Patient_911,CTI prepara Encaminhamento,340536.04877873574,complete,,0.0,,,,
Patient_911,Encaminha_para a Clinica Medica,340536.04877873574,complete,,,para a Clinica Medica,340536.04877873574,,
Patient_911,Discharge,340536.04877873574,complete,,,,,,2109.6473148999503
Patient_912,Arrival,338740.1141855813,complete,,0.0,,,,
Patient_912,Origem_do Pronto Socorro,338740.1141855813,complete,,,do Pronto Socorro,338740.1141855813,,
Patient_912,CTI (PS),338740.1141855813,start,ctiBeds,0.0,,,,
Patient_912,CTI (PS),343821.91874311125,complete,ctiBeds,0.0,,,,
Patient_912,CTI prepara Encaminhamento,343821.91874311125,start,,0.0,,,,
Patient_912,CTI prepara Encaminhamento,343863.28286908194,complete,,0.0,,,,
Patient_912,Encaminha_para a Clinica Medica,343863.28286908194,complete,,,para a Clinica Medica,343863.28286908194,,
Patient_912,Discharge,343863.28286908194,complete,,,,,,5123.168683500669
Patient_913,Arrival,338779.5049824335,complete,,0.0,,,,
Patient_913,Origem_do Centro Cirurgico,338779.5049824335,complete,,,do Centro Cirurgico,338779.5049824335,,
Patient_913,CTI (CC),338779.5049824335,start,ctiBeds,0.0,,,,
Patient_913,CTI (CC),339156.81680966594,complete,ctiBeds,0.0,,,,
Patient_913,CTI prepara Encaminhamento,339156.81680966594,start,,0.0,,,,
Patient_913,CTI prepara Encaminhamento,339195.17499852943,complete,,0.0,,,,
Patient_913,Encaminha_Obito,339195.17499852943,complete,,,Obito,339195.17499852943,,
Patient_913,Discharge,339195.17499852943,complete,,,,,,415.67001609591534
Patient_914,Arrival,338967.5370615671,complete,,0.0,,,,
Patient_914,Origem_do Pronto Socorro,338967.5370615671,complete,,,do Pronto Socorro,338967.5370615671,,
Patient_914,CTI (PS),338967.5370615671,start,ctiBeds,0.0,,,,
Patient_914,CTI (PS),341083.5948101488,complete,ctiBeds,0.0,,,,
Patient_914,CTI prepara Encaminhamento,341083.5948101488,start,,0.0,,,,
Patient_914,CTI prepara Encaminhamento,341125.67411068786,complete,,0.0,,,,
Patient_914,Encaminha_para a Clinica Medica,341125.67411068786,complete,,,para a Clinica Medica,341125.67411068786,,
Patient_914,Discharge,341125.67411068786,complete,,,,,,2158.1370491207344
Patient_915,Arrival,339771.1043174267,complete,,0.0,,,,
Patient_915,Origem_do Pronto Socorro,339771.1043174267,complete,,,do Pronto Socorro,339771.1043174267,,
Patient_915,CTI (PS),339771.1043174267,start,ctiBeds,0.0,,,,
Patient_915,CTI (PS),366738.63881986245,complete,ctiBeds,0.0,,,,
Patient_915,CTI prepara Encaminhamento,366738.63881986245,start,,0.0,,,,
Patient_915,CTI prepara Encaminhamento,366795.91464548744,complete,,0.0,,,,
Patient_915,Encaminha_para a Clinica Cirurgica,366795.91464548744,complete,,,para a Clinica Cirurgica,366795.91464548744,,
Patient_915,Discharge,366795.91464548744,complete,,,,,,27024.81032806076
Patient_916,Arrival,340366.3203361242,complete,,0.0,,,,
Patient_916,Origem_do Centro Cirurgico,340366.3203361242,complete,,,do Centro Cirurgico,340366.3203361242,,
Patient_916,CTI (CC),340366.3203361242,start,ctiBeds,0.0,,,,
Patient_916,CTI (CC),341723.15283257415,complete,ctiBeds,0.0,,,,
Patient_916,CTI prepara Encaminhamento,341723.15283257415,start,,0.0,,,,
Patient_916,CTI prepara Encaminhamento,341768.7094440337,complete,,0.0,,,,
Patient_916,Encaminha_para a Clinica Medica,341768.7094440337,complete,,,para a Clinica Medica,341768.7094440337,,
Patient_916,Discharge,341768.7094440337,complete,,,,,,1402.389107909461
Patient_917,Arrival,340594.31635427393,complete,,0.0,,,,
Patient_917,Origem_do Centro Cirurgico,340594.31635427393,complete,,,do Centro Cirurgico,340594.31635427393,,
Patient_917,CTI (CC),340594.31635427393,start,ctiBeds,0.0,,,,
Patient_917,CTI (CC),342807.6955148741,complete,ctiBeds,0.0,,,,
Patient_917,CTI prepara Encaminhamento,342807.6955148741,start,,0.0,,,,
Patient_917,CTI prepara Encaminhamento,342853.1098094839,complete,,0.0,,,,
Patient_917,Encaminha_para a Clinica Medica,342853.1098094839,complete,,,para a Clinica Medica,342853.1098094839,,
Patient_917,Discharge,342853.1098094839,complete,,,,,,2258.7934552099905
Patient_918,Arrival,340817.1578529532,complete,,0.0,,,,
Patient_918,Origem_do Pronto Socorro,340817.1578529532,complete,,,do Pronto Socorro,340817.1578529532,,
Patient_918,CTI (PS),340817.1578529532,start,ctiBeds,0.0,,,,
Patient_918,CTI (PS),368514.73766777356,complete,ctiBeds,0.0,,,,
Patient_918,CTI prepara Encaminhamento,368514.73766777356,start,,0.0,,,,
Patient_918,CTI prepara Encaminhamento,368554.7255974765,complete,,0.0,,,,
Patient_918,Encaminha_para a Clinica Medica,368554.7255974765,complete,,,para a Clinica Medica,368554.7255974765,,
Patient_918,Discharge,368554.7255974765,complete,,,,,,27737.567744523345
Patient_919,Arrival,340831.67128187354,complete,,0.0,,,,
Patient_919,Origem_do Pronto Socorro,340831.67128187354,complete,,,do Pronto Socorro,340831.67128187354,,
Patient_919,CTI (PS),340831.67128187354,start,ctiBeds,0.0,,,,
Patient_919,CTI (PS),348900.98572998226,complete,ctiBeds,0.0,,,,
Patient_919,CTI prepara Encaminhamento,348900.98572998226,start,,0.0,,,,
Patient_919,CTI prepara Encaminhamento,348940.48193862935,complete,,0.0,,,,
Patient_919,Encaminha_Obito,348940.48193862935,complete,,,Obito,348940.48193862935,,
Patient_919,Discharge,348940.48193862935,complete,,,,,,8108.810656755813
Patient_92,Arrival,28515.56459369223,complete,,0.0,,,,
Patient_92,Origem_do Pronto Socorro,28515.56459369223,complete,,,do Pronto Socorro,28515.56459369223,,
Patient_92,CTI (PS),28515.56459369223,start,ctiBeds,0.0,,,,
Patient_92,CTI (PS),29286.782579260744,complete,ctiBeds,0.0,,,,
Patient_92,CTI prepara Encaminhamento,29286.782579260744,start,,0.0,,,,
Patient_92,CTI prepara Encaminhamento,29330.394052064148,complete,,0.0,,,,
Patient_92,Encaminha_Obito,29330.394052064148,complete,,,Obito,29330.394052064148,,
Patient_92,Discharge,29330.394052064148,complete,,,,,,814.829458371918
Patient_920,Arrival,341227.5631108925,complete,,0.0,,,,
Patient_920,Origem_do Centro Cirurgico,341227.5631108925,complete,,,do Centro Cirurgico,341227.5631108925,,
Patient_920,CTI (CC),341227.5631108925,start,ctiBeds,0.0,,,,
Patient_920,CTI (CC),349586.35594111925,complete,ctiBeds,0.0,,,,
Patient_920,CTI prepara Encaminhamento,349586.35594111925,start,,0.0,,,,
Patient_920,CTI prepara Encaminhamento,349641.57484618376,complete,,0.0,,,,
Patient_920,Encaminha_Obito,349641.57484618376,complete,,,Obito,349641.57484618376,,
Patient_920,Discharge,349641.57484618376,complete,,,,,,8414.011735291278
Patient_921,Arrival,341559.8040959736,complete,,0.0,,,,
Patient_921,Origem_do Pronto Socorro,341559.8040959736,complete,,,do Pronto Socorro,341559.8040959736,,
Patient_921,CTI (PS),341559.8040959736,start,ctiBeds,0.0,,,,
Patient_921,CTI (PS),354265.4660284257,complete,ctiBeds,0.0,,,,
Patient_921,CTI prepara Encaminhamento,354265.4660284257,start,,0.0,,,,
Patient_921,CTI prepara Encaminhamento,354300.4171820534,complete,,0.0,,,,
Patient_921,Encaminha_para a Clinica Cirurgica,354300.4171820534,complete,,,para a Clinica Cirurgica,354300.4171820534,,
Patient_921,Discharge,354300.4171820534,complete,,,,,,12740.613086079771
Patient_922,Arrival,341986.7519658413,complete,,0.0,,,,
Patient_922,Origem_do Pronto Socorro,341986.7519658413,complete,,,do Pronto Socorro,341986.7519658413,,
Patient_922,CTI (PS),341986.7519658413,start,ctiBeds,0.0,,,,
Patient_922,CTI (PS),355237.4267734535,complete,ctiBeds,0.0,,,,
Patient_922,CTI prepara Encaminhamento,355237.4267734535,start,,0.0,,,,
Patient_922,CTI prepara Encaminhamento,355281.2037380876,complete,,0.0,,,,
Patient_922,Encaminha_Obito,355281.2037380876,complete,,,Obito,355281.2037380876,,
Patient_922,Discharge,355281.2037380876,complete,,,,,,13294.451772246335
Patient_923,Arrival,342066.3323510206,complete,,0.0,,,,
Patient_923,Origem_do Pronto Socorro,342066.3323510206,complete,,,do Pronto Socorro,342066.3323510206,,
Patient_923,CTI (PS),342652.5620617719,start,ctiBeds,0.0,,,,
Patient_923,CTI (PS),348558.403858539,complete,ctiBeds,0.0,,,,
Patient_923,CTI prepara Encaminhamento,348558.403858539,start,,0.0,,,,
Patient_923,CTI prepara Encaminhamento,348595.9694356788,complete,,0.0,,,,
Patient_923,Encaminha_Obito,348595.9694356788,complete,,,Obito,348595.9694356788,,
Patient_923,Discharge,348595.9694356788,complete,,,,,,6529.6370846581995
Patient_924,Arrival,343128.03667659214,complete,,0.0,,,,
Patient_924,Origem_do Pronto Socorro,343128.03667659214,complete,,,do Pronto Socorro,343128.03667659214,,
Patient_924,CTI (PS),343128.03667659214,start,ctiBeds,0.0,,,,
Patient_924,CTI (PS),351483.9467765802,complete,ctiBeds,0.0,,,,
Patient_924,CTI prepara Encaminhamento,351483.9467765802,start,,0.0,,,,
Patient_924,CTI prepara Encaminhamento,351530.1981628015,complete,,0.0,,,,
Patient_924,Encaminha_para a Clinica Cirurgica,351530.1981628015,complete,,,para a Clinica Cirurgica,351530.1981628015,,
Patient_924,Discharge,351530.1981628015,complete,,,,,,8402.16148620937
Patient_925,Arrival,343381.6651235892,complete,,0.0,,,,
Patient_925,Origem_do Pronto Socorro,343381.6651235892,complete,,,do Pronto Socorro,343381.6651235892,,
Patient_925,CTI (PS),343815.28017033177,start,ctiBeds,0.0,,,,
Patient_925,CTI (PS),348037.02052837686,complete,ctiBeds,0.0,,,,
Patient_925,CTI prepara Encaminhamento,348037.02052837686,start,,0.0,,,,
Patient_925,CTI prepara Encaminhamento,348095.52298627474,complete,,0.0,,,,
Patient_925,Encaminha_para a Clinica Cirurgica,348095.52298627474,complete,,,para a Clinica Cirurgica,348095.52298627474,,
Patient_925,Discharge,348095.52298627474,complete,,,,,,4713.857862685516
Patient_926,Arrival,343832.0176277027,complete,,0.0,,,,
Patient_926,Origem_do Centro Cirurgico,343832.0176277027,complete,,,do Centro Cirurgico,343832.0176277027,,
Patient_926,CTI (CC),343832.0176277027,start,ctiBeds,0.0,,,,
Patient_926,CTI (CC),346649.19269999716,complete,ctiBeds,0.0,,,,
Patient_926,CTI prepara Encaminhamento,346649.19269999716,start,,0.0,,,,
Patient_926,CTI prepara Encaminhamento,346699.1964909381,complete,,0.0,,,,
Patient_926,Encaminha_Obito,346699.1964909381,complete,,,Obito,346699.1964909381,,
Patient_926,Discharge,346699.1964909381,complete,,,,,,2867.1788632354
Patient_927,Arrival,344010.53043461987,complete,,0.0,,,,
Patient_927,Origem_do Pronto Socorro,344010.53043461987,complete,,,do Pronto Socorro,344010.53043461987,,
Patient_927,CTI (PS),345534.5797670538,start,ctiBeds,0.0,,,,
Patient_927,CTI (PS),361484.4882700294,complete,ctiBeds,0.0,,,,
Patient_927,CTI prepara Encaminhamento,361484.4882700294,start,,0.0,,,,
Patient_927,CTI prepara Encaminhamento,361539.4384434379,complete,,0.0,,,,
Patient_927,Encaminha_para a Clinica Medica,361539.4384434379,complete,,,para a Clinica Medica,361539.4384434379,,
Patient_927,Discharge,361539.4384434379,complete,,,,,,17528.90800881805
Patient_928,Arrival,344481.5096749708,complete,,0.0,,,,
Patient_928,Origem_do Pronto Socorro,344481.5096749708,complete,,,do Pronto Socorro,344481.5096749708,,
Patient_928,CTI (PS),346596.6445242729,start,ctiBeds,0.0,,,,
Patient_928,CTI (PS),347748.4432623835,complete,ctiBeds,0.0,,,,
Patient_928,CTI prepara Encaminhamento,347748.4432623835,start,,0.0,,,,
Patient_928,CTI prepara Encaminhamento,347806.83055962296,complete,,0.0,,,,
Patient_928,Encaminha_Transferencia Externa,347806.83055962296,complete,,,Transferencia Externa,347806.83055962296,,
Patient_928,Discharge,347806.83055962296,complete,,,,,,3325.3208846521447
Patient_929,Arrival,344631.82766662014,complete,,0.0,,,,
Patient_929,Origem_do Centro Cirurgico,344631.82766662014,complete,,,do Centro Cirurgico,344631.82766662014,,
Patient_929,CTI (CC),346649.19269999716,start,ctiBeds,0.0,,,,
Patient_929,CTI (CC),352901.95915368124,complete,ctiBeds,0.0,,,,
Patient_929,CTI prepara Encaminhamento,352901.95915368124,start,,0.0,,,,
Patient_929,CTI prepara Encaminhamento,352948.1671476114,complete,,0.0,,,,
Patient_929,Encaminha_para a Clinica Medica,352948.1671476114,complete,,,para a Clinica Medica,352948.1671476114,,
Patient_929,Discharge,352948.1671476114,complete,,,,,,8316.339480991242
Patient_93,Arrival,28858.04075237041,complete,,0.0,,,,
Patient_93,Origem_da Clinica Medica,28858.04075237041,complete,,,da Clinica Medica,28858.04075237041,,
Patient_93,CTI (CLIM),28858.04075237041,start,ctiBeds,0.0,,,,
Patient_93,CTI (CLIM),31002.22300473254,complete,ctiBeds,0.0,,,,
Patient_93,CTI prepara Encaminhamento,31002.22300473254,start,,0.0,,,,
Patient_93,CTI prepara Encaminhamento,31058.741593679923,complete,,0.0,,,,
Patient_93,Encaminha_para a Clinica Medica,31058.741593679923,complete,,,para a Clinica Medica,31058.741593679923,,
Patient_93,Discharge,31058.741593679923,complete,,,,,,2200.7008413095136
Patient_930,Arrival,345087.6088506043,complete,,0.0,,,,
Patient_930,Origem_do Pronto Socorro,345087.6088506043,complete,,,do Pronto Socorro,345087.6088506043,,
Patient_930,CTI (PS),347748.4432623835,start,ctiBeds,0.0,,,,
Patient_930,CTI (PS),349332.07077349466,complete,ctiBeds,0.0,,,,
Patient_930,CTI prepara Encaminhamento,349332.07077349466,start,,0.0,,,,
Patient_930,CTI prepara Encaminhamento,349387.42774329154,complete,,0.0,,,,
Patient_930,Encaminha_Obito,349387.42774329154,complete,,,Obito,349387.42774329154,,
Patient_930,Discharge,349387.42774329154,complete,,,,,,4299.818892687268
Patient_931,Arrival,345258.7029717354,complete,,0.0,,,,
Patient_931,Origem_do Pronto Socorro,345258.7029717354,complete,,,do Pronto Socorro,345258.7029717354,,
Patient_931,CTI (PS),348037.02052837686,start,ctiBeds,0.0,,,,
Patient_931,CTI (PS),353095.9708793677,complete,ctiBeds,0.0,,,,
Patient_931,CTI prepara Encaminhamento,353095.9708793677,start,,0.0,,,,
Patient_931,CTI prepara Encaminhamento,353129.24316572666,complete,,0.0,,,,
Patient_931,Encaminha_Obito,353129.24316572666,complete,,,Obito,353129.24316572666,,
Patient_931,Discharge,353129.24316572666,complete,,,,,,7870.54019399127
Patient_932,Arrival,345517.55639080907,complete,,0.0,,,,
Patient_932,Origem_do Pronto Socorro,345517.55639080907,complete,,,do Pronto Socorro,345517.55639080907,,
Patient_932,CTI (PS),348380.4492013658,start,ctiBeds,0.0,,,,
Patient_932,CTI (PS),355024.1286127197,complete,ctiBeds,0.0,,,,
Patient_932,CTI prepara Encaminhamento,355024.1286127197,start,,0.0,,,,
Patient_932,CTI prepara Encaminhamento,355083.92710763833,complete,,0.0,,,,
Patient_932,Encaminha_Obito,355083.92710763833,complete,,,Obito,355083.92710763833,,
Patient_932,Discharge,355083.92710763833,complete,,,,,,9566.37071682926
Patient_933,Arrival,345871.9265824423,complete,,0.0,,,,
Patient_933,Origem_do Pronto Socorro,345871.9265824423,complete,,,do Pronto Socorro,345871.9265824423,,
Patient_933,CTI (PS),348558.403858539,start,ctiBeds,0.0,,,,
Patient_933,CTI (PS),357152.70715244126,complete,ctiBeds,0.0,,,,
Patient_933,CTI prepara Encaminhamento,357152.70715244126,start,,0.0,,,,
Patient_933,CTI prepara Encaminhamento,357198.6677904943,complete,,0.0,,,,
Patient_933,Encaminha_Obito,357198.6677904943,complete,,,Obito,357198.6677904943,,
Patient_933,Discharge,357198.6677904943,complete,,,,,,11326.741208051972
Patient_934,Arrival,346331.52193282364,complete,,0.0,,,,
Patient_934,Origem_do Centro Cirurgico,346331.52193282364,complete,,,do Centro Cirurgico,346331.52193282364,,
Patient_934,CTI (CC),348637.6177105025,start,ctiBeds,0.0,,,,
Patient_934,CTI (CC),350573.5949231366,complete,ctiBeds,0.0,,,,
Patient_934,CTI prepara Encaminhamento,350573.5949231366,start,,0.0,,,,
Patient_934,CTI prepara Encaminhamento,350613.52119119494,complete,,0.0,,,,
Patient_934,Encaminha_para a Clinica Medica,350613.52119119494,complete,,,para a Clinica Medica,350613.52119119494,,
Patient_934,Discharge,350613.52119119494,complete,,,,,,4281.999258371303
Patient_935,Arrival,346588.4543933975,complete,,0.0,,,,
Patient_935,Origem_do Pronto Socorro,346588.4543933975,complete,,,do Pronto Socorro,346588.4543933975,,
Patient_935,CTI (PS),348900.98572998226,start,ctiBeds,0.0,,,,
Patient_935,CTI (PS),353434.60573482444,complete,ctiBeds,0.0,,,,
Patient_935,CTI prepara Encaminhamento,353434.60573482444,start,,0.0,,,,
Patient_935,CTI prepara Encaminhamento,353493.71571738116,complete,,0.0,,,,
Patient_935,Encaminha_para a Clinica Cirurgica,353493.71571738116,complete,,,para a Clinica Cirurgica,353493.71571738116,,
Patient_935,Discharge,353493.71571738116,complete,,,,,,6905.261323983665
Patient_936,Arrival,347321.96109417727,complete,,0.0,,,,
Patient_936,Origem_do Centro Cirurgico,347321.96109417727,complete,,,do Centro Cirurgico,347321.96109417727,,
Patient_936,CTI (CC),349332.07077349466,start,ctiBeds,0.0,,,,
Patient_936,CTI (CC),352572.4152743863,complete,ctiBeds,0.0,,,,
Patient_936,CTI prepara Encaminhamento,352572.4152743863,start,,0.0,,,,
Patient_936,CTI prepara Encaminhamento,352603.1425750202,complete,,0.0,,,,
Patient_936,Encaminha_para a Clinica Cirurgica,352603.1425750202,complete,,,para a Clinica Cirurgica,352603.1425750202,,
Patient_936,Discharge,352603.1425750202,complete,,,,,,5281.1814808429335
Patient_937,Arrival,347454.7374353559,complete,,0.0,,,,
Patient_937,Origem_do Pronto Socorro,347454.7374353559,complete,,,do Pronto Socorro,347454.7374353559,,
Patient_937,CTI (PS),349586.35594111925,start,ctiBeds,0.0,,,,
Patient_937,CTI (PS),353538.57885221374,complete,ctiBeds,0.0,,,,
Patient_937,CTI prepara Encaminhamento,353538.57885221374,start,,0.0,,,,
Patient_937,CTI prepara Encaminhamento,353569.94519667566,complete,,0.0,,,,
Patient_937,Encaminha_para a Clinica Medica,353569.94519667566,complete,,,para a Clinica Medica,353569.94519667566,,
Patient_937,Discharge,353569.94519667566,complete,,,,,,6115.207761319762
Patient_938,Arrival,347836.6449246378,complete,,0.0,,,,
Patient_938,Origem_do Pronto Socorro,347836.6449246378,complete,,,do Pronto Socorro,347836.6449246378,,
Patient_938,CTI (PS),350023.11723814823,start,ctiBeds,0.0,,,,
Patient_938,CTI (PS),373614.0306074812,complete,ctiBeds,0.0,,,,
Patient_938,CTI prepara Encaminhamento,373614.0306074812,start,,0.0,,,,
Patient_938,CTI prepara Encaminhamento,373648.11202761374,complete,,0.0,,,,
Patient_938,Encaminha_para a Clinica Cirurgica,373648.11202761374,complete,,,para a Clinica Cirurgica,373648.11202761374,,
Patient_938,Discharge,373648.11202761374,complete,,,,,,25811.467102975934
Patient_939,Arrival,348065.5538256173,complete,,0.0,,,,
Patient_939,Origem_do Pronto Socorro,348065.5538256173,complete,,,do Pronto Socorro,348065.5538256173,,
Patient_939,CTI (PS),350225.6465934315,start,ctiBeds,0.0,,,,
Patient_939,CTI (PS),357571.7850615726,complete,ctiBeds,0.0,,,,
Patient_939,CTI prepara Encaminhamento,357571.7850615726,start,,0.0,,,,
Patient_939,CTI prepara Encaminhamento,357625.8168459157,complete,,0.0,,,,
Patient_939,Encaminha_para a Clinica Cirurgica,357625.8168459157,complete,,,para a Clinica Cirurgica,357625.8168459157,,
Patient_939,Discharge,357625.8168459157,complete,,,,,,9560.263020298386
Patient_94,Arrival,28997.893656974305,complete,,0.0,,,,
Patient_94,Origem_do Pronto Socorro,28997.893656974305,complete,,,do Pronto Socorro,28997.893656974305,,
Patient_94,CTI (PS),28997.893656974305,start,ctiBeds,0.0,,,,
Patient_94,CTI (PS),32320.776705452165,complete,ctiBeds,0.0,,,,
Patient_94,CTI prepara Encaminhamento,32320.776705452165,start,,0.0,,,,
Patient_94,CTI prepara Encaminhamento,32374.16120942649,complete,,0.0,,,,
Patient_94,Encaminha_Obito,32374.16120942649,complete,,,Obito,32374.16120942649,,
Patient_94,Discharge,32374.16120942649,complete,,,,,,3376.2675524521837
Patient_940,Arrival,348619.73059070756,complete,,0.0,,,,
Patient_940,Origem_do Centro Cirurgico,348619.73059070756,complete,,,do Centro Cirurgico,348619.73059070756,,
Patient_940,CTI (CC),350573.5949231366,start,ctiBeds,0.0,,,,
Patient_940,CTI (CC),353066.93937330216,complete,ctiBeds,0.0,,,,
Patient_940,CTI prepara Encaminhamento,353066.93937330216,start,,0.0,,,,
Patient_940,CTI prepara Encaminhamento,353102.95981800836,complete,,0.0,,,,
Patient_940,Encaminha_para a Clinica Medica,353102.95981800836,complete,,,para a Clinica Medica,353102.95981800836,,
Patient_940,Discharge,353102.95981800836,complete,,,,,,4483.2292273007915
Patient_941,Arrival,348955.98588181834,complete,,0.0,,,,
Patient_941,Origem_do Centro Cirurgico,348955.98588181834,complete,,,do Centro Cirurgico,348955.98588181834,,
Patient_941,CTI (CC),351483.9467765802,start,ctiBeds,0.0,,,,
Patient_941,CTI (CC),358092.0040769988,complete,ctiBeds,0.0,,,,
Patient_941,CTI prepara Encaminhamento,358092.0040769988,start,,0.0,,,,
Patient_941,CTI prepara Encaminhamento,358150.81388999854,complete,,0.0,,,,
Patient_941,Encaminha_Transferencia Externa,358150.81388999854,complete,,,Transferencia Externa,358150.81388999854,,
Patient_941,Discharge,358150.81388999854,complete,,,,,,9194.828008180193
Patient_942,Arrival,349653.2743555063,complete,,0.0,,,,
Patient_942,Origem_do Pronto Socorro,349653.2743555063,complete,,,do Pronto Socorro,349653.2743555063,,
Patient_942,CTI (PS),352572.4152743863,start,ctiBeds,0.0,,,,
Patient_942,CTI (PS),356855.6583723703,complete,ctiBeds,0.0,,,,
Patient_942,CTI prepara Encaminhamento,356855.6583723703,start,,0.0,,,,
Patient_942,CTI prepara Encaminhamento,356915.0781268482,complete,,0.0,,,,
Patient_942,Encaminha_para a Clinica Cirurgica,356915.0781268482,complete,,,para a Clinica Cirurgica,356915.0781268482,,
Patient_942,Discharge,356915.0781268482,complete,,,,,,7261.803771341918
Patient_943,Arrival,350053.24574775295,complete,,0.0,,,,
Patient_943,Origem_do Centro Cirurgico,350053.24574775295,complete,,,do Centro Cirurgico,350053.24574775295,,
Patient_943,CTI (CC),352616.2715740618,start,ctiBeds,0.0,,,,
Patient_943,CTI (CC),353317.7471663164,complete,ctiBeds,0.0,,,,
Patient_943,CTI prepara Encaminhamento,353317.7471663164,start,,0.0,,,,
Patient_943,CTI prepara Encaminhamento,353370.6358715385,complete,,0.0,,,,
Patient_943,Encaminha_Obito,353370.6358715385,complete,,,Obito,353370.6358715385,,
Patient_943,Discharge,353370.6358715385,complete,,,,,,3317.3901237855316
Patient_944,Arrival,350376.23653819854,complete,,0.0,,,,
Patient_944,Origem_do Pronto Socorro,350376.23653819854,complete,,,do Pronto Socorro,350376.23653819854,,
Patient_944,CTI (PS),352844.86274184013,start,ctiBeds,0.0,,,,
Patient_944,CTI (PS),371337.97353036265,complete,ctiBeds,0.0,,,,
Patient_944,CTI prepara Encaminhamento,371337.97353036265,start,,0.0,,,,
Patient_944,CTI prepara Encaminhamento,371387.9408370722,complete,,0.0,,,,
Patient_944,Encaminha_para a Clinica Cirurgica,371387.9408370722,complete,,,para a Clinica Cirurgica,371387.9408370722,,
Patient_944,Discharge,371387.9408370722,complete,,,,,,21011.704298873665
Patient_945,Arrival,350594.4613202187,complete,,0.0,,,,
Patient_945,Origem_do Centro Cirurgico,350594.4613202187,complete,,,do Centro Cirurgico,350594.4613202187,,
Patient_945,CTI (CC),352901.95915368124,start,ctiBeds,0.0,,,,
Patient_945,CTI (CC),353882.24843364814,complete,ctiBeds,0.0,,,,
Patient_945,CTI prepara Encaminhamento,353882.24843364814,start,,0.0,,,,
Patient_945,CTI prepara Encaminhamento,353920.2465722509,complete,,0.0,,,,
Patient_945,Encaminha_Obito,353920.2465722509,complete,,,Obito,353920.2465722509,,
Patient_945,Discharge,353920.2465722509,complete,,,,,,3325.7852520322194
Patient_946,Arrival,351206.4390338959,complete,,0.0,,,,
Patient_946,Origem_do Pronto Socorro,351206.4390338959,complete,,,do Pronto Socorro,351206.4390338959,,
Patient_946,CTI (PS),353066.93937330216,start,ctiBeds,0.0,,,,
Patient_946,CTI (PS),388341.807442043,complete,ctiBeds,0.0,,,,
Patient_946,CTI prepara Encaminhamento,388341.807442043,start,,0.0,,,,
Patient_946,CTI prepara Encaminhamento,388376.79350247706,complete,,0.0,,,,
Patient_946,Encaminha_para a Clinica Medica,388376.79350247706,complete,,,para a Clinica Medica,388376.79350247706,,
Patient_946,Discharge,388376.79350247706,complete,,,,,,37170.35446858115
Patient_947,Arrival,351436.4418246177,complete,,0.0,,,,
Patient_947,Origem_do Pronto Socorro,351436.4418246177,complete,,,do Pronto Socorro,351436.4418246177,,
Patient_947,CTI (PS),353095.9708793677,start,ctiBeds,0.0,,,,
Patient_947,CTI (PS),367243.4972260551,complete,ctiBeds,0.0,,,,
Patient_947,CTI prepara Encaminhamento,367243.4972260551,start,,0.0,,,,
Patient_947,CTI prepara Encaminhamento,367298.0968233368,complete,,0.0,,,,
Patient_947,Encaminha_para a Clinica Medica,367298.0968233368,complete,,,para a Clinica Medica,367298.0968233368,,
Patient_947,Discharge,367298.0968233368,complete,,,,,,15861.65499871911
Patient_948,Arrival,351773.5154587328,complete,,0.0,,,,
Patient_948,Origem_do Centro Cirurgico,351773.5154587328,complete,,,do Centro Cirurgico,351773.5154587328,,
Patient_948,CTI (CC),353317.7471663164,start,ctiBeds,0.0,,,,
Patient_948,CTI (CC),359195.7391637279,complete,ctiBeds,0.0,,,,
Patient_948,CTI prepara Encaminhamento,359195.7391637279,start,,0.0,,,,
Patient_948,CTI prepara Encaminhamento,359228.1460148121,complete,,0.0,,,,
Patient_948,Encaminha_para a Maternidade,359228.1460148121,complete,,,para a Maternidade,359228.1460148121,,
Patient_948,Discharge,359228.1460148121,complete,,,,,,7454.630556079326
Patient_949,Arrival,352643.78940814745,complete,,0.0,,,,
Patient_949,Origem_do Pronto Socorro,352643.78940814745,complete,,,do Pronto Socorro,352643.78940814745,,
Patient_949,CTI (PS),353434.60573482444,start,ctiBeds,0.0,,,,
Patient_949,CTI (PS),363521.27058148885,complete,ctiBeds,0.0,,,,
Patient_949,CTI prepara Encaminhamento,363521.27058148885,start,,0.0,,,,
Patient_949,CTI prepara Encaminhamento,363578.45377423684,complete,,0.0,,,,
Patient_949,Encaminha_para a Clinica Cirurgica,363578.45377423684,complete,,,para a Clinica Cirurgica,363578.45377423684,,
Patient_949,Discharge,363578.45377423684,complete,,,,,,10934.66436608939
Patient_95,Arrival,29881.98502605616,complete,,0.0,,,,
Patient_95,Origem_do Centro Cirurgico,29881.98502605616,complete,,,do Centro Cirurgico,29881.98502605616,,
Patient_95,CTI (CC),29881.98502605616,start,ctiBeds,0.0,,,,
Patient_95,CTI (CC),31567.966014198995,complete,ctiBeds,0.0,,,,
Patient_95,CTI prepara Encaminhamento,31567.966014198995,start,,0.0,,,,
Patient_95,CTI prepara Encaminhamento,31627.88990438463,complete,,0.0,,,,
Patient_95,Encaminha_para a Clinica Medica,31627.88990438463,complete,,,para a Clinica Medica,31627.88990438463,,
Patient_95,Discharge,31627.88990438463,complete,,,,,,1745.904878328467
Patient_950,Arrival,352719.7526838211,complete,,0.0,,,,
Patient_950,Origem_do Pronto Socorro,352719.7526838211,complete,,,do Pronto Socorro,352719.7526838211,,
Patient_950,CTI (PS),353538.57885221374,start,ctiBeds,0.0,,,,
Patient_950,CTI (PS),360053.3569487345,complete,ctiBeds,0.0,,,,
Patient_950,CTI prepara Encaminhamento,360053.3569487345,start,,0.0,,,,
Patient_950,CTI prepara Encaminhamento,360091.11633686506,complete,,0.0,,,,
Patient_950,Encaminha_para a Clinica Medica,360091.11633686506,complete,,,para a Clinica Medica,360091.11633686506,,
Patient_950,Discharge,360091.11633686506,complete,,,,,,7371.3636530439835
Patient_951,Arrival,352758.1125103031,complete,,0.0,,,,
Patient_951,Origem_do Centro Cirurgico,352758.1125103031,complete,,,do Centro Cirurgico,352758.1125103031,,
Patient_951,CTI (CC),353715.4442539411,start,ctiBeds,0.0,,,,
Patient_951,CTI (CC),355355.1402442352,complete,ctiBeds,0.0,,,,
Patient_951,CTI prepara Encaminhamento,355355.1402442352,start,,0.0,,,,
Patient_951,CTI prepara Encaminhamento,355400.1193182616,complete,,0.0,,,,
Patient_951,Encaminha_para a Clinica Cirurgica,355400.1193182616,complete,,,para a Clinica Cirurgica,355400.1193182616,,
Patient_951,Discharge,355400.1193182616,complete,,,,,,2642.0068079585326
Patient_952,Arrival,353113.0725502822,complete,,0.0,,,,
Patient_952,Origem_do Centro Cirurgico,353113.0725502822,complete,,,do Centro Cirurgico,353113.0725502822,,
Patient_952,CTI (CC),353882.24843364814,start,ctiBeds,0.0,,,,
Patient_952,CTI (CC),355195.6735708282,complete,ctiBeds,0.0,,,,
Patient_952,CTI prepara Encaminhamento,355195.6735708282,start,,0.0,,,,
Patient_952,CTI prepara Encaminhamento,355232.5454923941,complete,,0.0,,,,
Patient_952,Encaminha_para a Clinica Medica,355232.5454923941,complete,,,para a Clinica Medica,355232.5454923941,,
Patient_952,Discharge,355232.5454923941,complete,,,,,,2119.4729421119555
Patient_953,Arrival,353483.1884947852,complete,,0.0,,,,
Patient_953,Origem_do Centro Cirurgico,353483.1884947852,complete,,,do Centro Cirurgico,353483.1884947852,,
Patient_953,CTI (CC),353927.3043079957,start,ctiBeds,0.0,,,,
Patient_953,CTI (CC),356695.7387694082,complete,ctiBeds,0.0,,,,
Patient_953,CTI prepara Encaminhamento,356695.7387694082,start,,0.0,,,,
Patient_953,CTI prepara Encaminhamento,356750.5563611901,complete,,0.0,,,,
Patient_953,Encaminha_Obito,356750.5563611901,complete,,,Obito,356750.5563611901,,
Patient_953,Discharge,356750.5563611901,complete,,,,,,3267.3678664048784
Patient_954,Arrival,353749.5098835627,complete,,0.0,,,,
Patient_954,Origem_do Pronto Socorro,353749.5098835627,complete,,,do Pronto Socorro,353749.5098835627,,
Patient_954,CTI (PS),354265.4660284257,start,ctiBeds,0.0,,,,
Patient_954,CTI (PS),387116.7210700612,complete,ctiBeds,0.0,,,,
Patient_954,CTI prepara Encaminhamento,387116.7210700612,start,,0.0,,,,
Patient_954,CTI prepara Encaminhamento,387163.65822437464,complete,,0.0,,,,
Patient_954,Encaminha_para a Clinica Medica,387163.65822437464,complete,,,para a Clinica Medica,387163.65822437464,,
Patient_954,Discharge,387163.65822437464,complete,,,,,,33414.14834081195
Patient_955,Arrival,354770.5989396697,complete,,0.0,,,,
Patient_955,Origem_do Pronto Socorro,354770.5989396697,complete,,,do Pronto Socorro,354770.5989396697,,
Patient_955,CTI (PS),355024.1286127197,start,ctiBeds,0.0,,,,
Patient_955,CTI (PS),373342.2090873193,complete,ctiBeds,0.0,,,,
Patient_955,CTI prepara Encaminhamento,373342.2090873193,start,,0.0,,,,
Patient_955,CTI prepara Encaminhamento,373377.70158046193,complete,,0.0,,,,
Patient_955,Encaminha_para a Clinica Medica,373377.70158046193,complete,,,para a Clinica Medica,373377.70158046193,,
Patient_955,Discharge,373377.70158046193,complete,,,,,,18607.102640792204
Patient_956,Arrival,355450.1482151171,complete,,0.0,,,,
Patient_956,Origem_do Centro Cirurgico,355450.1482151171,complete,,,do Centro Cirurgico,355450.1482151171,,
Patient_956,CTI (CC),355450.1482151171,start,ctiBeds,0.0,,,,
Patient_956,CTI (CC),357614.197359175,complete,ctiBeds,0.0,,,,
Patient_956,CTI prepara Encaminhamento,357614.197359175,start,,0.0,,,,
Patient_956,CTI prepara Encaminhamento,357657.4975316984,complete,,0.0,,,,
Patient_956,Encaminha_para a Clinica Medica,357657.4975316984,complete,,,para a Clinica Medica,357657.4975316984,,
Patient_956,Discharge,357657.4975316984,complete,,,,,,2207.349316581269
Patient_957,Arrival,355560.5680461483,complete,,0.0,,,,
Patient_957,Origem_da Maternidade,355560.5680461483,complete,,,da Maternidade,355560.5680461483,,
Patient_957,CTI (MAT),355560.5680461483,start,ctiBeds,0.0,,,,
Patient_957,CTI (MAT),359975.66792874184,complete,ctiBeds,0.0,,,,
Patient_957,CTI prepara Encaminhamento,359975.66792874184,start,,0.0,,,,
Patient_957,CTI prepara Encaminhamento,360026.6709554828,complete,,0.0,,,,
Patient_957,Encaminha_para a Clinica Cirurgica,360026.6709554828,complete,,,para a Clinica Cirurgica,360026.6709554828,,
Patient_957,Discharge,360026.6709554828,complete,,,,,,4466.102909334528
Patient_958,Arrival,356404.1520373325,complete,,0.0,,,,
Patient_958,Origem_do Pronto Socorro,356404.1520373325,complete,,,do Pronto Socorro,356404.1520373325,,
Patient_958,CTI (PS),356404.1520373325,start,ctiBeds,0.0,,,,
Patient_958,CTI (PS),401444.8045815728,complete,ctiBeds,0.0,,,,
Patient_958,CTI prepara Encaminhamento,401444.8045815728,start,,0.0,,,,
Patient_958,CTI prepara Encaminhamento,401489.233507086,complete,,0.0,,,,
Patient_958,Encaminha_Obito,401489.233507086,complete,,,Obito,401489.233507086,,
Patient_958,Discharge,401489.233507086,complete,,,,,,45085.081469753524
Patient_959,Arrival,356436.9385480629,complete,,0.0,,,,
Patient_959,Origem_do Pronto Socorro,356436.9385480629,complete,,,do Pronto Socorro,356436.9385480629,,
Patient_959,CTI (PS),356436.9385480629,start,ctiBeds,0.0,,,,
Patient_959,CTI (PS),375665.9232775041,complete,ctiBeds,0.0,,,,
Patient_959,CTI prepara Encaminhamento,375665.9232775041,start,,0.0,,,,
Patient_959,CTI prepara Encaminhamento,375708.1433848003,complete,,0.0,,,,
Patient_959,Encaminha_para a Clinica Cirurgica,375708.1433848003,complete,,,para a Clinica Cirurgica,375708.1433848003,,
Patient_959,Discharge,375708.1433848003,complete,,,,,,19271.204836737365
Patient_96,Arrival,30161.054903311127,complete,,0.0,,,,
Patient_96,Origem_do Centro Cirurgico,30161.054903311127,complete,,,do Centro Cirurgico,30161.054903311127,,
Patient_96,CTI (CC),30161.054903311127,start,ctiBeds,0.0,,,,
Patient_96,CTI (CC),31696.895701639896,complete,ctiBeds,0.0,,,,
Patient_96,CTI prepara Encaminhamento,31696.895701639896,start,,0.0,,,,
Patient_96,CTI prepara Encaminhamento,31748.104237034964,complete,,0.0,,,,
Patient_96,Encaminha_para a Clinica Cirurgica,31748.104237034964,complete,,,para a Clinica Cirurgica,31748.104237034964,,
Patient_96,Discharge,31748.104237034964,complete,,,,,,1587.0493337238368
Patient_960,Arrival,357164.06204913056,complete,,0.0,,,,
Patient_960,Origem_da Maternidade,357164.06204913056,complete,,,da Maternidade,357164.06204913056,,
Patient_960,CTI (MAT),357164.06204913056,start,ctiBeds,0.0,,,,
Patient_960,CTI (MAT),361188.2875307669,complete,ctiBeds,0.0,,,,
Patient_960,CTI prepara Encaminhamento,361188.2875307669,start,,0.0,,,,
Patient_960,CTI prepara Encaminhamento,361246.1629639564,complete,,0.0,,,,
Patient_960,Encaminha_para a Clinica Medica,361246.1629639564,complete,,,para a Clinica Medica,361246.1629639564,,
Patient_960,Discharge,361246.1629639564,complete,,,,,,4082.10091482586
Patient_961,Arrival,357560.3288351673,complete,,0.0,,,,
Patient_961,Origem_da Clinica Medica,357560.3288351673,complete,,,da Clinica Medica,357560.3288351673,,
Patient_961,CTI (CLIM),357560.3288351673,start,ctiBeds,0.0,,,,
Patient_961,CTI (CLIM),366538.38154179225,complete,ctiBeds,0.0,,,,
Patient_961,CTI prepara Encaminhamento,366538.38154179225,start,,0.0,,,,
Patient_961,CTI prepara Encaminhamento,366570.62962749833,complete,,0.0,,,,
Patient_961,Encaminha_para a Clinica Medica,366570.62962749833,complete,,,para a Clinica Medica,366570.62962749833,,
Patient_961,Discharge,366570.62962749833,complete,,,,,,9010.30079233105
Patient_962,Arrival,357903.81006901275,complete,,0.0,,,,
Patient_962,Origem_do Centro Cirurgico,357903.81006901275,complete,,,do Centro Cirurgico,357903.81006901275,,
Patient_962,CTI (CC),357903.81006901275,start,ctiBeds,0.0,,,,
Patient_962,CTI (CC),430845.36532513046,complete,ctiBeds,0.0,,,,
Patient_962,CTI prepara Encaminhamento,430845.36532513046,start,,0.0,,,,
Patient_962,CTI prepara Encaminhamento,430900.3765316147,complete,,0.0,,,,
Patient_962,Encaminha_para a Clinica Cirurgica,430900.3765316147,complete,,,para a Clinica Cirurgica,430900.3765316147,,
Patient_962,Discharge,430900.3765316147,complete,,,,,,72996.56646260194
Patient_963,Arrival,357992.74364825257,complete,,0.0,,,,
Patient_963,Origem_do Pronto Socorro,357992.74364825257,complete,,,do Pronto Socorro,357992.74364825257,,
Patient_963,CTI (PS),357992.74364825257,start,ctiBeds,0.0,,,,
Patient_963,CTI (PS),365250.97911907994,complete,ctiBeds,0.0,,,,
Patient_963,CTI prepara Encaminhamento,365250.97911907994,start,,0.0,,,,
Patient_963,CTI prepara Encaminhamento,365305.61764596263,complete,,0.0,,,,
Patient_963,Encaminha_para a Clinica Cirurgica,365305.61764596263,complete,,,para a Clinica Cirurgica,365305.61764596263,,
Patient_963,Discharge,365305.61764596263,complete,,,,,,7312.873997710063
Patient_964,Arrival,358849.7400417352,complete,,0.0,,,,
Patient_964,Origem_do Centro Cirurgico,358849.7400417352,complete,,,do Centro Cirurgico,358849.7400417352,,
Patient_964,CTI (CC),358849.7400417352,start,ctiBeds,0.0,,,,
Patient_965,Arrival,359853.0313120025,complete,,0.0,,,,
Patient_965,Origem_do Pronto Socorro,359853.0313120025,complete,,,do Pronto Socorro,359853.0313120025,,
Patient_965,CTI (PS),359853.0313120025,start,ctiBeds,0.0,,,,
Patient_965,CTI (PS),387597.6346161044,complete,ctiBeds,0.0,,,,
Patient_965,CTI prepara Encaminhamento,387597.6346161044,start,,0.0,,,,
Patient_965,CTI prepara Encaminhamento,387642.16726228973,complete,,0.0,,,,
Patient_965,Encaminha_para a Clinica Cirurgica,387642.16726228973,complete,,,para a Clinica Cirurgica,387642.16726228973,,
Patient_965,Discharge,387642.16726228973,complete,,,,,,27789.135950287222
Patient_966,Arrival,360213.05342302175,complete,,0.0,,,,
Patient_966,Origem_do Centro Cirurgico,360213.05342302175,complete,,,do Centro Cirurgico,360213.05342302175,,
Patient_966,CTI (CC),360213.05342302175,start,ctiBeds,0.0,,,,
Patient_966,CTI (CC),363197.7402425001,complete,ctiBeds,0.0,,,,
Patient_966,CTI prepara Encaminhamento,363197.7402425001,start,,0.0,,,,
Patient_966,CTI prepara Encaminhamento,363239.85554272035,complete,,0.0,,,,
Patient_966,Encaminha_para a Clinica Cirurgica,363239.85554272035,complete,,,para a Clinica Cirurgica,363239.85554272035,,
Patient_966,Discharge,363239.85554272035,complete,,,,,,3026.8021196986083
Patient_967,Arrival,360381.5260313931,complete,,0.0,,,,
Patient_967,Origem_do Pronto Socorro,360381.5260313931,complete,,,do Pronto Socorro,360381.5260313931,,
Patient_967,CTI (PS),360381.5260313931,start,ctiBeds,0.0,,,,
Patient_967,CTI (PS),369232.19284144195,complete,ctiBeds,0.0,,,,
Patient_967,CTI prepara Encaminhamento,369232.19284144195,start,,0.0,,,,
Patient_967,CTI prepara Encaminhamento,369268.07036804466,complete,,0.0,,,,
Patient_967,Encaminha_para a Clinica Medica,369268.07036804466,complete,,,para a Clinica Medica,369268.07036804466,,
Patient_967,Discharge,369268.07036804466,complete,,,,,,8886.544336651568
Patient_968,Arrival,360490.4181726266,complete,,0.0,,,,
Patient_968,Origem_da Clinica Cirurgica,360490.4181726266,complete,,,da Clinica Cirurgica,360490.4181726266,,
Patient_968,CTI (CLIC),360490.4181726266,start,ctiBeds,0.0,,,,
Patient_968,CTI (CLIC),367995.3031677557,complete,ctiBeds,0.0,,,,
Patient_968,CTI prepara Encaminhamento,367995.3031677557,start,,0.0,,,,
Patient_968,CTI prepara Encaminhamento,368038.8165411499,complete,,0.0,,,,
Patient_968,Encaminha_para a Clinica Medica,368038.8165411499,complete,,,para a Clinica Medica,368038.8165411499,,
Patient_968,Discharge,368038.8165411499,complete,,,,,,7548.39836852334
Patient_969,Arrival,360805.4269881394,complete,,0.0,,,,
Patient_969,Origem_da Clinica Medica,360805.4269881394,complete,,,da Clinica Medica,360805.4269881394,,
Patient_969,CTI (CLIM),360805.4269881394,start,ctiBeds,0.0,,,,
Patient_969,CTI (CLIM),381941.3202413592,complete,ctiBeds,0.0,,,,
Patient_969,CTI prepara Encaminhamento,381941.3202413592,start,,0.0,,,,
Patient_969,CTI prepara Encaminhamento,381972.20579937677,complete,,0.0,,,,
Patient_969,Encaminha_para a Clinica Medica,381972.20579937677,complete,,,para a Clinica Medica,381972.20579937677,,
Patient_969,Discharge,381972.20579937677,complete,,,,,,21166.778811237367
Patient_97,Arrival,30327.638303713495,complete,,0.0,,,,
Patient_97,Origem_do Centro Cirurgico,30327.638303713495,complete,,,do Centro Cirurgico,30327.638303713495,,
Patient_97,CTI (CC),30327.638303713495,start,ctiBeds,0.0,,,,
Patient_97,CTI (CC),31156.12784162044,complete,ctiBeds,0.0,,,,
Patient_97,CTI prepara Encaminhamento,31156.12784162044,start,,0.0,,,,
Patient_97,CTI prepara Encaminhamento,31202.48232200519,complete,,0.0,,,,
Patient_97,Encaminha_Obito,31202.48232200519,complete,,,Obito,31202.48232200519,,
Patient_97,Discharge,31202.48232200519,complete,,,,,,874.8440182916966
Patient_970,Arrival,361073.8414227462,complete,,0.0,,,,
Patient_970,Origem_do Centro Cirurgico,361073.8414227462,complete,,,do Centro Cirurgico,361073.8414227462,,
Patient_970,CTI (CC),361073.8414227462,start,ctiBeds,0.0,,,,
Patient_970,CTI (CC),362304.37121329806,complete,ctiBeds,0.0,,,,
Patient_970,CTI prepara Encaminhamento,362304.37121329806,start,,0.0,,,,
Patient_970,CTI prepara Encaminhamento,362349.41866561706,complete,,0.0,,,,
Patient_970,Encaminha_para a Clinica Medica,362349.41866561706,complete,,,para a Clinica Medica,362349.41866561706,,
Patient_970,Discharge,362349.41866561706,complete,,,,,,1275.5772428708733
Patient_971,Arrival,361095.77866476204,complete,,0.0,,,,
Patient_971,Origem_do Pronto Socorro,361095.77866476204,complete,,,do Pronto Socorro,361095.77866476204,,
Patient_971,CTI (PS),361188.2875307669,start,ctiBeds,0.0,,,,
Patient_971,CTI (PS),364407.4983848211,complete,ctiBeds,0.0,,,,
Patient_971,CTI prepara Encaminhamento,364407.4983848211,start,,0.0,,,,
Patient_971,CTI prepara Encaminhamento,364440.9752531042,complete,,0.0,,,,
Patient_971,Encaminha_Obito,364440.9752531042,complete,,,Obito,364440.9752531042,,
Patient_971,Discharge,364440.9752531042,complete,,,,,,3345.1965883421362
Patient_972,Arrival,361317.7242314362,complete,,0.0,,,,
Patient_972,Origem_do Pronto Socorro,361317.7242314362,complete,,,do Pronto Socorro,361317.7242314362,,
Patient_972,CTI (PS),361484.4882700294,start,ctiBeds,0.0,,,,
Patient_972,CTI (PS),364218.03997647914,complete,ctiBeds,0.0,,,,
Patient_972,CTI prepara Encaminhamento,364218.03997647914,start,,0.0,,,,
Patient_972,CTI prepara Encaminhamento,364273.19015165034,complete,,0.0,,,,
Patient_972,Encaminha_para a Clinica Cirurgica,364273.19015165034,complete,,,para a Clinica Cirurgica,364273.19015165034,,
Patient_972,Discharge,364273.19015165034,complete,,,,,,2955.465920214134
Patient_973,Arrival,361929.8057601826,complete,,0.0,,,,
Patient_973,Origem_do Centro Cirurgico,361929.8057601826,complete,,,do Centro Cirurgico,361929.8057601826,,
Patient_973,CTI (CC),362304.37121329806,start,ctiBeds,0.0,,,,
Patient_973,CTI (CC),434713.2451481533,complete,ctiBeds,0.0,,,,
Patient_973,CTI prepara Encaminhamento,434713.2451481533,start,,0.0,,,,
Patient_973,CTI prepara Encaminhamento,434770.69450868113,complete,,0.0,,,,
Patient_973,Encaminha_para a Clinica Cirurgica,434770.69450868113,complete,,,para a Clinica Cirurgica,434770.69450868113,,
Patient_973,Discharge,434770.69450868113,complete,,,,,,72840.88874849852
Patient_974,Arrival,362031.83782865445,complete,,0.0,,,,
Patient_974,Origem_do Centro Cirurgico,362031.83782865445,complete,,,do Centro Cirurgico,362031.83782865445,,
Patient_974,CTI (CC),362653.61204150086,start,ctiBeds,0.0,,,,
Patient_974,CTI (CC),363457.9382430294,complete,ctiBeds,0.0,,,,
Patient_974,CTI prepara Encaminhamento,363457.9382430294,start,,0.0,,,,
Patient_974,CTI prepara Encaminhamento,363492.6858213356,complete,,0.0,,,,
Patient_974,Encaminha_para a Clinica Cirurgica,363492.6858213356,complete,,,para a Clinica Cirurgica,363492.6858213356,,
Patient_974,Discharge,363492.6858213356,complete,,,,,,1460.8479926811415
Patient_975,Arrival,362209.6074470854,complete,,0.0,,,,
Patient_975,Origem_do Centro Cirurgico,362209.6074470854,complete,,,do Centro Cirurgico,362209.6074470854,,
Patient_975,CTI (CC),363197.7402425001,start,ctiBeds,0.0,,,,
Patient_975,CTI (CC),486808.6206742435,complete,ctiBeds,0.0,,,,
Patient_975,CTI prepara Encaminhamento,486808.6206742435,start,,0.0,,,,
Patient_975,CTI prepara Encaminhamento,486856.9549524124,complete,,0.0,,,,
Patient_975,Encaminha_Obito,486856.9549524124,complete,,,Obito,486856.9549524124,,
Patient_975,Discharge,486856.9549524124,complete,,,,,,124647.34750532702
Patient_976,Arrival,362416.8057007187,complete,,0.0,,,,
Patient_976,Origem_do Centro Cirurgico,362416.8057007187,complete,,,do Centro Cirurgico,362416.8057007187,,
Patient_976,CTI (CC),363457.9382430294,start,ctiBeds,0.0,,,,
Patient_976,CTI (CC),367493.5557707878,complete,ctiBeds,0.0,,,,
Patient_976,CTI prepara Encaminhamento,367493.5557707878,start,,0.0,,,,
Patient_976,CTI prepara Encaminhamento,367524.68537345814,complete,,0.0,,,,
Patient_976,Encaminha_para a Clinica Cirurgica,367524.68537345814,complete,,,para a Clinica Cirurgica,367524.68537345814,,
Patient_976,Discharge,367524.68537345814,complete,,,,,,5107.879672739422
Patient_977,Arrival,362758.9115615892,complete,,0.0,,,,
Patient_977,Origem_do Pronto Socorro,362758.9115615892,complete,,,do Pronto Socorro,362758.9115615892,,
Patient_977,CTI (PS),363521.27058148885,start,ctiBeds,0.0,,,,
Patient_977,CTI (PS),395608.5324904091,complete,ctiBeds,0.0,,,,
Patient_977,CTI prepara Encaminhamento,395608.5324904091,start,,0.0,,,,
Patient_977,CTI prepara Encaminhamento,395642.0862013712,complete,,0.0,,,,
Patient_977,Encaminha_para a Clinica Medica,395642.0862013712,complete,,,para a Clinica Medica,395642.0862013712,,
Patient_977,Discharge,395642.0862013712,complete,,,,,,32883.174639781995
Patient_978,Arrival,363526.2410540901,complete,,0.0,,,,
Patient_978,Origem_do Centro Cirurgico,363526.2410540901,complete,,,do Centro Cirurgico,363526.2410540901,,
Patient_978,CTI (CC),364218.03997647914,start,ctiBeds,0.0,,,,
Patient_978,CTI (CC),366738.9827202651,complete,ctiBeds,0.0,,,,
Patient_978,CTI prepara Encaminhamento,366738.9827202651,start,,0.0,,,,
Patient_978,CTI prepara Encaminhamento,366795.8273749513,complete,,0.0,,,,
Patient_978,Encaminha_para a Clinica Medica,366795.8273749513,complete,,,para a Clinica Medica,366795.8273749513,,
Patient_978,Discharge,366795.8273749513,complete,,,,,,3269.5863208611845
Patient_979,Arrival,363583.2235412512,complete,,0.0,,,,
Patient_979,Origem_do Centro Cirurgico,363583.2235412512,complete,,,do Centro Cirurgico,363583.2235412512,,
Patient_979,CTI (CC),364407.4983848211,start,ctiBeds,0.0,,,,
Patient_979,CTI (CC),367127.7155138202,complete,ctiBeds,0.0,,,,
Patient_979,CTI prepara Encaminhamento,367127.7155138202,start,,0.0,,,,
Patient_979,CTI prepara Encaminhamento,367176.7518209503,complete,,0.0,,,,
Patient_979,Encaminha_para a Clinica Cirurgica,367176.7518209503,complete,,,para a Clinica Cirurgica,367176.7518209503,,
Patient_979,Discharge,367176.7518209503,complete,,,,,,3593.528279699094
Patient_98,Arrival,30470.45030198922,complete,,0.0,,,,
Patient_98,Origem_do Pronto Socorro,30470.45030198922,complete,,,do Pronto Socorro,30470.45030198922,,
Patient_98,CTI (PS),30470.45030198922,start,ctiBeds,0.0,,,,
Patient_98,CTI (PS),31652.161156425547,complete,ctiBeds,0.0,,,,
Patient_98,CTI prepara Encaminhamento,31652.161156425547,start,,0.0,,,,
Patient_98,CTI prepara Encaminhamento,31700.82618700835,complete,,0.0,,,,
Patient_98,Encaminha_para a Clinica Medica,31700.82618700835,complete,,,para a Clinica Medica,31700.82618700835,,
Patient_98,Discharge,31700.82618700835,complete,,,,,,1230.3758850191298
Patient_980,Arrival,363656.58658624213,complete,,0.0,,,,
Patient_980,Origem_do Pronto Socorro,363656.58658624213,complete,,,do Pronto Socorro,363656.58658624213,,
Patient_980,CTI (PS),365250.97911907994,start,ctiBeds,0.0,,,,
Patient_980,CTI (PS),368145.6279067117,complete,ctiBeds,0.0,,,,
Patient_980,CTI prepara Encaminhamento,368145.6279067117,start,,0.0,,,,
Patient_980,CTI prepara Encaminhamento,368196.42180324905,complete,,0.0,,,,
Patient_980,Encaminha_para a Clinica Medica,368196.42180324905,complete,,,para a Clinica Medica,368196.42180324905,,
Patient_980,Discharge,368196.42180324905,complete,,,,,,4539.835217006912
Patient_981,Arrival,364071.4924832623,complete,,0.0,,,,
Patient_981,Origem_da Clinica Medica,364071.4924832623,complete,,,da Clinica Medica,364071.4924832623,,
Patient_981,CTI (CLIM),366538.38154179225,start,ctiBeds,0.0,,,,
Patient_981,CTI (CLIM),387226.13701240806,complete,ctiBeds,0.0,,,,
Patient_981,CTI prepara Encaminhamento,387226.13701240806,start,,0.0,,,,
Patient_981,CTI prepara Encaminhamento,387279.96151060547,complete,,0.0,,,,
Patient_981,Encaminha_para a Clinica Medica,387279.96151060547,complete,,,para a Clinica Medica,387279.96151060547,,
Patient_981,Discharge,387279.96151060547,complete,,,,,,23208.469027343148
Patient_982,Arrival,364330.5498030215,complete,,0.0,,,,
Patient_982,Origem_da Maternidade,364330.5498030215,complete,,,da Maternidade,364330.5498030215,,
Patient_982,CTI (MAT),366738.63881986245,start,ctiBeds,0.0,,,,
Patient_982,CTI (MAT),369798.52844063635,complete,ctiBeds,0.0,,,,
Patient_982,CTI prepara Encaminhamento,369798.52844063635,start,,0.0,,,,
Patient_982,CTI prepara Encaminhamento,369838.2852783965,complete,,0.0,,,,
Patient_982,Encaminha_para a Clinica Cirurgica,369838.2852783965,complete,,,para a Clinica Cirurgica,369838.2852783965,,
Patient_982,Discharge,369838.2852783965,complete,,,,,,5507.735475375026
Patient_983,Arrival,365396.7762008803,complete,,0.0,,,,
Patient_983,Origem_do Centro Cirurgico,365396.7762008803,complete,,,do Centro Cirurgico,365396.7762008803,,
Patient_983,CTI (CC),366738.9827202651,start,ctiBeds,0.0,,,,
Patient_983,CTI (CC),371069.60684776085,complete,ctiBeds,0.0,,,,
Patient_983,CTI prepara Encaminhamento,371069.60684776085,start,,0.0,,,,
Patient_983,CTI prepara Encaminhamento,371111.2918116222,complete,,0.0,,,,
Patient_983,Encaminha_para a Clinica Medica,371111.2918116222,complete,,,para a Clinica Medica,371111.2918116222,,
Patient_983,Discharge,371111.2918116222,complete,,,,,,5714.515610741917
Patient_984,Arrival,365841.5138610477,complete,,0.0,,,,
Patient_984,Origem_do Centro Cirurgico,365841.5138610477,complete,,,do Centro Cirurgico,365841.5138610477,,
Patient_984,CTI (CC),367127.7155138202,start,ctiBeds,0.0,,,,
Patient_984,CTI (CC),373732.3291689782,complete,ctiBeds,0.0,,,,
Patient_984,CTI prepara Encaminhamento,373732.3291689782,start,,0.0,,,,
Patient_984,CTI prepara Encaminhamento,373784.1878484998,complete,,0.0,,,,
Patient_984,Encaminha_para a Clinica Medica,373784.1878484998,complete,,,para a Clinica Medica,373784.1878484998,,
Patient_984,Discharge,373784.1878484998,complete,,,,,,7942.673987452115
Patient_985,Arrival,366014.940912777,complete,,0.0,,,,
Patient_985,Origem_da Clinica Medica,366014.940912777,complete,,,da Clinica Medica,366014.940912777,,
Patient_985,CTI (CLIM),367243.4972260551,start,ctiBeds,0.0,,,,
Patient_985,CTI (CLIM),381935.55776370247,complete,ctiBeds,0.0,,,,
Patient_985,CTI prepara Encaminhamento,381935.55776370247,start,,0.0,,,,
Patient_985,CTI prepara Encaminhamento,381976.8382225241,complete,,0.0,,,,
Patient_985,Encaminha_Transferencia Externa,381976.8382225241,complete,,,Transferencia Externa,381976.8382225241,,
Patient_985,Discharge,381976.8382225241,complete,,,,,,15961.897309747117
Patient_986,Arrival,366996.6941383317,complete,,0.0,,,,
Patient_986,Origem_do Pronto Socorro,366996.6941383317,complete,,,do Pronto Socorro,366996.6941383317,,
Patient_986,CTI (PS),367493.5557707878,start,ctiBeds,0.0,,,,
Patient_986,CTI (PS),368299.6377629268,complete,ctiBeds,0.0,,,,
Patient_986,CTI prepara Encaminhamento,368299.6377629268,start,,0.0,,,,
Patient_986,CTI prepara Encaminhamento,368344.1211624236,complete,,0.0,,,,
Patient_986,Encaminha_para a Clinica Cirurgica,368344.1211624236,complete,,,para a Clinica Cirurgica,368344.1211624236,,
Patient_986,Discharge,368344.1211624236,complete,,,,,,1347.427024091885
Patient_987,Arrival,368198.3187701792,complete,,0.0,,,,
Patient_987,Origem_do Pronto Socorro,368198.3187701792,complete,,,do Pronto Socorro,368198.3187701792,,
Patient_987,CTI (PS),368198.3187701792,start,ctiBeds,0.0,,,,
Patient_987,CTI (PS),379557.18347025744,complete,ctiBeds,0.0,,,,
Patient_987,CTI prepara Encaminhamento,379557.18347025744,start,,0.0,,,,
Patient_987,CTI prepara Encaminhamento,379588.7028361221,complete,,0.0,,,,
Patient_987,Encaminha_para a Clinica Medica,379588.7028361221,complete,,,para a Clinica Medica,379588.7028361221,,
Patient_987,Discharge,379588.7028361221,complete,,,,,,11390.384065942897
Patient_988,Arrival,368379.25437178556,complete,,0.0,,,,
Patient_988,Origem_do Centro Cirurgico,368379.25437178556,complete,,,do Centro Cirurgico,368379.25437178556,,
Patient_988,CTI (CC),368379.25437178556,start,ctiBeds,0.0,,,,
Patient_988,CTI (CC),371364.2585566697,complete,ctiBeds,0.0,,,,
Patient_988,CTI prepara Encaminhamento,371364.2585566697,start,,0.0,,,,
Patient_988,CTI prepara Encaminhamento,371409.9254863952,complete,,0.0,,,,
Patient_988,Encaminha_para a Clinica Cirurgica,371409.9254863952,complete,,,para a Clinica Cirurgica,371409.9254863952,,
Patient_988,Discharge,371409.9254863952,complete,,,,,,3030.671114609635
Patient_989,Arrival,368613.89794999146,complete,,0.0,,,,
Patient_989,Origem_do Centro Cirurgico,368613.89794999146,complete,,,do Centro Cirurgico,368613.89794999146,,
Patient_989,CTI (CC),368613.89794999146,start,ctiBeds,0.0,,,,
Patient_989,CTI (CC),389252.99959182914,complete,ctiBeds,0.0,,,,
Patient_989,CTI prepara Encaminhamento,389252.99959182914,start,,0.0,,,,
Patient_989,CTI prepara Encaminhamento,389291.0790848492,complete,,0.0,,,,
Patient_989,Encaminha_para a Clinica Cirurgica,389291.0790848492,complete,,,para a Clinica Cirurgica,389291.0790848492,,
Patient_989,Discharge,389291.0790848492,complete,,,,,,20677.18113485776
Patient_99,Arrival,30955.49610603085,complete,,0.0,,,,
Patient_99,Origem_do Centro Cirurgico,30955.49610603085,complete,,,do Centro Cirurgico,30955.49610603085,,
Patient_99,CTI (CC),30955.49610603085,start,ctiBeds,0.0,,,,
Patient_99,CTI (CC),32852.96496000536,complete,ctiBeds,0.0,,,,
Patient_99,CTI prepara Encaminhamento,32852.96496000536,start,,0.0,,,,
Patient_99,CTI prepara Encaminhamento,32885.36339551016,complete,,0.0,,,,
Patient_99,Encaminha_para a Clinica Cirurgica,32885.36339551016,complete,,,para a Clinica Cirurgica,32885.36339551016,,
Patient_99,Discharge,32885.36339551016,complete,,,,,,1929.8672894793126
Patient_990,Arrival,368919.5994887295,complete,,0.0,,,,
Patient_990,Origem_do Centro Cirurgico,368919.5994887295,complete,,,do Centro Cirurgico,368919.5994887295,,
Patient_990,CTI (CC),368919.5994887295,start,ctiBeds,0.0,,,,
Patient_990,CTI (CC),370106.9591214993,complete,ctiBeds,0.0,,,,
Patient_990,CTI prepara Encaminhamento,370106.9591214993,start,,0.0,,,,
Patient_990,CTI prepara Encaminhamento,370154.73789909563,complete,,0.0,,,,
Patient_990,Encaminha_para a Clinica Medica,370154.73789909563,complete,,,para a Clinica Medica,370154.73789909563,,
Patient_990,Discharge,370154.73789909563,complete,,,,,,1235.1384103661403
Patient_991,Arrival,368941.85063878295,complete,,0.0,,,,
Patient_991,Origem_do Pronto Socorro,368941.85063878295,complete,,,do Pronto Socorro,368941.85063878295,,
Patient_991,CTI (PS),368941.85063878295,start,ctiBeds,0.0,,,,
Patient_991,CTI (PS),407126.0837092467,complete,ctiBeds,0.0,,,,
Patient_991,CTI prepara Encaminhamento,407126.0837092467,start,,0.0,,,,
Patient_991,CTI prepara Encaminhamento,407167.24305432563,complete,,0.0,,,,
Patient_991,Encaminha_para a Clinica Medica,407167.24305432563,complete,,,para a Clinica Medica,407167.24305432563,,
Patient_991,Discharge,407167.24305432563,complete,,,,,,38225.39241554268
Patient_992,Arrival,368945.82553552487,complete,,0.0,,,,
Patient_992,Origem_do Pronto Socorro,368945.82553552487,complete,,,do Pronto Socorro,368945.82553552487,,
Patient_992,CTI (PS),368945.82553552487,start,ctiBeds,0.0,,,,
Patient_992,CTI (PS),396498.4540836089,complete,ctiBeds,0.0,,,,
Patient_992,CTI prepara Encaminhamento,396498.4540836089,start,,0.0,,,,
Patient_992,CTI prepara Encaminhamento,396534.2004635483,complete,,0.0,,,,
Patient_992,Encaminha_Transferencia Externa,396534.2004635483,complete,,,Transferencia Externa,396534.2004635483,,
Patient_992,Discharge,396534.2004635483,complete,,,,,,27588.374928023433
Patient_993,Arrival,369480.27160565136,complete,,0.0,,,,
Patient_993,Origem_da Clinica Cirurgica,369480.27160565136,complete,,,da Clinica Cirurgica,369480.27160565136,,
Patient_993,CTI (CLIC),369480.27160565136,start,ctiBeds,0.0,,,,
Patient_993,CTI (CLIC),449489.38286467217,complete,ctiBeds,0.0,,,,
Patient_993,CTI prepara Encaminhamento,449489.38286467217,start,,0.0,,,,
Patient_993,CTI prepara Encaminhamento,449543.4372677609,complete,,0.0,,,,
Patient_993,Encaminha_Obito,449543.4372677609,complete,,,Obito,449543.4372677609,,
Patient_993,Discharge,449543.4372677609,complete,,,,,,80063.16566210956
Patient_994,Arrival,369960.45408166794,complete,,0.0,,,,
Patient_994,Origem_do Pronto Socorro,369960.45408166794,complete,,,do Pronto Socorro,369960.45408166794,,
Patient_994,CTI (PS),369960.45408166794,start,ctiBeds,0.0,,,,
Patient_994,CTI (PS),383215.0814176258,complete,ctiBeds,0.0,,,,
Patient_994,CTI prepara Encaminhamento,383215.0814176258,start,,0.0,,,,
Patient_994,CTI prepara Encaminhamento,383257.8955101991,complete,,0.0,,,,
Patient_994,Encaminha_para a Clinica Cirurgica,383257.8955101991,complete,,,para a Clinica Cirurgica,383257.8955101991,,
Patient_994,Discharge,383257.8955101991,complete,,,,,,13297.441428531136
Patient_995,Arrival,370156.0674297751,complete,,0.0,,,,
Patient_995,Origem_do Centro Cirurgico,370156.0674297751,complete,,,do Centro Cirurgico,370156.0674297751,,
Patient_995,CTI (CC),370156.0674297751,start,ctiBeds,0.0,,,,
Patient_995,CTI (CC),377497.1889413211,complete,ctiBeds,0.0,,,,
Patient_995,CTI prepara Encaminhamento,377497.1889413211,start,,0.0,,,,
Patient_995,CTI prepara Encaminhamento,377531.67785046727,complete,,0.0,,,,
Patient_995,Encaminha_Transferencia Externa,377531.67785046727,complete,,,Transferencia Externa,377531.67785046727,,
Patient_995,Discharge,377531.67785046727,complete,,,,,,7375.610420692188
Patient_996,Arrival,370224.57209678466,complete,,0.0,,,,
Patient_996,Origem_do Centro Cirurgico,370224.57209678466,complete,,,do Centro Cirurgico,370224.57209678466,,
Patient_996,CTI (CC),371069.60684776085,start,ctiBeds,0.0,,,,
Patient_996,CTI (CC),374453.82556582417,complete,ctiBeds,0.0,,,,
Patient_996,CTI prepara Encaminhamento,374453.82556582417,start,,0.0,,,,
Patient_996,CTI prepara Encaminhamento,374506.27353731304,complete,,0.0,,,,
Patient_996,Encaminha_para a Clinica Cirurgica,374506.27353731304,complete,,,para a Clinica Cirurgica,374506.27353731304,,
Patient_996,Discharge,374506.27353731304,complete,,,,,,4281.701440528384
Patient_997,Arrival,370576.43293864146,complete,,0.0,,,,
Patient_997,Origem_do Pronto Socorro,370576.43293864146,complete,,,do Pronto Socorro,370576.43293864146,,
Patient_997,CTI (PS),371337.97353036265,start,ctiBeds,0.0,,,,
Patient_997,CTI (PS),371610.9124217607,complete,ctiBeds,0.0,,,,
Patient_997,CTI prepara Encaminhamento,371610.9124217607,start,,0.0,,,,
Patient_997,CTI prepara Encaminhamento,371648.20574196207,complete,,0.0,,,,
Patient_997,Encaminha_para a Clinica Cirurgica,371648.20574196207,complete,,,para a Clinica Cirurgica,371648.20574196207,,
Patient_997,Discharge,371648.20574196207,complete,,,,,,1071.7728033206076
Patient_998,Arrival,370779.290630024,complete,,0.0,,,,
Patient_998,Origem_do Centro Cirurgico,370779.290630024,complete,,,do Centro Cirurgico,370779.290630024,,
Patient_998,CTI (CC),371364.2585566697,start,ctiBeds,0.0,,,,
Patient_998,CTI (CC),372053.4084707971,complete,ctiBeds,0.0,,,,
Patient_998,CTI prepara Encaminhamento,372053.4084707971,start,,0.0,,,,
Patient_998,CTI prepara Encaminhamento,372095.50385149394,complete,,0.0,,,,
Patient_998,Encaminha_para a Clinica Cirurgica,372095.50385149394,complete,,,para a Clinica Cirurgica,372095.50385149394,,
Patient_998,Discharge,372095.50385149394,complete,,,,,,1316.2132214699523
Patient_999,Arrival,370850.13118570973,complete,,0.0,,,,
Patient_999,Origem_do Centro Cirurgico,370850.13118570973,complete,,,do Centro Cirurgico,370850.13118570973,,
Patient_999,CTI (CC),371610.9124217607,start,ctiBeds,0.0,,,,
Patient_999,CTI (CC),376702.2585930459,complete,ctiBeds,0.0,,,,
Patient_999,CTI prepara Encaminhamento,376702.2585930459,start,,0.0,,,,
Patient_999,CTI prepara Encaminhamento,376757.6163588482,complete,,0.0,,,,
Patient_999,Encaminha_Obito,376757.6163588482,complete,,,Obito,376757.6163588482,,
Patient_999,Discharge,376757.6163588482,complete,,,,,,5907.485173138441
