case_id,activity,timestamp,lifecycle,resource,priority,decision,decision_time,activity_priority,system_time
Patient_1,Arrival,0.0,complete,,0.0,,,,
Patient_1,Origem_da Clinica Cirurgica,0.0,complete,,,da Clinica Cirurgica,0.0,,
Patient_1,CTI (CLIC),0.0,start,ctiBeds,0.0,,,,
Patient_1,CTI (CLIC),14709.835771837552,complete,ctiBeds,0.0,,,,
Patient_1,CTI prepara Encaminhamento,14709.835771837552,start,,0.0,,,,
Patient_1,CTI prepara Encaminhamento,14762.13701494454,complete,,0.0,,,,
Patient_1,Encaminha_para a Clinica Medica,14762.13701494454,complete,,,para a Clinica Medica,14762.13701494454,,
Patient_1,Discharge,14762.13701494454,complete,,,,,,14762.13701494454
Patient_10,Arrival,3381.896628261747,complete,,0.0,,,,
Patient_10,Origem_do Pronto Socorro,3381.896628261747,complete,,,do Pronto Socorro,3381.896628261747,,
Patient_10,CTI (PS),3381.896628261747,start,ctiBeds,0.0,,,,
Patient_10,CTI (PS),28508.712189295962,complete,ctiBeds,0.0,,,,
Patient_10,CTI prepara Encaminhamento,28508.712189295962,start,,0.0,,,,
Patient_10,CTI prepara Encaminhamento,28558.511003227388,complete,,0.0,,,,
Patient_10,Encaminha_para a Clinica Cirurgica,28558.511003227388,complete,,,para a Clinica Cirurgica,28558.511003227388,,
Patient_10,Discharge,28558.511003227388,complete,,,,,,25176.61437496564
Patient_100,Arrival,31050.729328381465,complete,,0.0,,,,
Patient_100,Origem_da Clinica Cirurgica,31050.729328381465,complete,,,da Clinica Cirurgica,31050.729328381465,,
Patient_100,CTI (CLIC),31050.729328381465,start,ctiBeds,0.0,,,,
Patient_100,CTI (CLIC),32578.033918919096,complete,ctiBeds,0.0,,,,
Patient_100,CTI prepara Encaminhamento,32578.033918919096,start,,0.0,,,,
Patient_100,CTI prepara Encaminhamento,32622.75029159143,complete,,0.0,,,,
Patient_100,Encaminha_para a Clinica Cirurgica,32622.75029159143,complete,,,para a Clinica Cirurgica,32622.75029159143,,
Patient_100,Discharge,32622.75029159143,complete,,,,,,1572.020963209965
Patient_1000,Arrival,360611.54489213065,complete,,0.0,,,,
Patient_1000,Origem_do Centro Cirurgico,360611.54489213065,complete,,,do Centro Cirurgico,360611.54489213065,,
Patient_1000,CTI (CC),360611.54489213065,start,ctiBeds,0.0,,,,
Patient_1000,CTI (CC),361018.6222880343,complete,ctiBeds,0.0,,,,
Patient_1000,CTI prepara Encaminhamento,361018.6222880343,start,,0.0,,,,
Patient_1000,CTI prepara Encaminhamento,361065.5170425498,complete,,0.0,,,,
Patient_1000,Encaminha_para a Clinica Cirurgica,361065.5170425498,complete,,,para a Clinica Cirurgica,361065.5170425498,,
Patient_1000,Discharge,361065.5170425498,complete,,,,,,453.97215041914023
Patient_1001,Arrival,361006.37480708514,complete,,0.0,,,,
Patient_1001,Origem_da Clinica Medica,361006.37480708514,complete,,,da Clinica Medica,361006.37480708514,,
Patient_1001,CTI (CLIM),361006.37480708514,start,ctiBeds,0.0,,,,
Patient_1001,CTI (CLIM),377494.9162407135,complete,ctiBeds,0.0,,,,
Patient_1001,CTI prepara Encaminhamento,377494.9162407135,start,,0.0,,,,
Patient_1001,CTI prepara Encaminhamento,377548.9159177129,complete,,0.0,,,,
Patient_1001,Encaminha_para a Clinica Medica,377548.9159177129,complete,,,para a Clinica Medica,377548.9159177129,,
Patient_1001,Discharge,377548.9159177129,complete,,,,,,16542.54111062776
Patient_1002,Arrival,361032.80162968254,complete,,0.0,,,,
Patient_1002,Origem_do Centro Cirurgico,361032.80162968254,complete,,,do Centro Cirurgico,361032.80162968254,,
Patient_1002,CTI (CC),361032.80162968254,start,ctiBeds,0.0,,,,
Patient_1002,CTI (CC),365317.8010051216,complete,ctiBeds,0.0,,,,
Patient_1002,CTI prepara Encaminhamento,365317.8010051216,start,,0.0,,,,
Patient_1002,CTI prepara Encaminhamento,365376.0912811042,complete,,0.0,,,,
Patient_1002,Encaminha_para a Clinica Medica,365376.0912811042,complete,,,para a Clinica Medica,365376.0912811042,,
Patient_1002,Discharge,365376.0912811042,complete,,,,,,4343.289651421655
Patient_1003,Arrival,361056.7898089126,complete,,0.0,,,,
Patient_1003,Origem_do Pronto Socorro,361056.7898089126,complete,,,do Pronto Socorro,361056.7898089126,,
Patient_1003,CTI (PS),361056.7898089126,start,ctiBeds,0.0,,,,
Patient_1003,CTI (PS),378004.04731083376,complete,ctiBeds,0.0,,,,
Patient_1003,CTI prepara Encaminhamento,378004.04731083376,start,,0.0,,,,
Patient_1003,CTI prepara Encaminhamento,378045.93266346294,complete,,0.0,,,,
Patient_1003,Encaminha_para a Clinica Cirurgica,378045.93266346294,complete,,,para a Clinica Cirurgica,378045.93266346294,,
Patient_1003,Discharge,378045.93266346294,complete,,,,,,16989.14285455033
Patient_1004,Arrival,361278.5336407308,complete,,0.0,,,,
Patient_1004,Origem_do Centro Cirurgico,361278.5336407308,complete,,,do Centro Cirurgico,361278.5336407308,,
Patient_1004,CTI (CC),361278.5336407308,start,ctiBeds,0.0,,,,
Patient_1004,CTI (CC),361954.34131825675,complete,ctiBeds,0.0,,,,
Patient_1004,CTI prepara Encaminhamento,361954.34131825675,start,,0.0,,,,
Patient_1004,CTI prepara Encaminhamento,362002.511049014,complete,,0.0,,,,
Patient_1004,Encaminha_para a Clinica Medica,362002.511049014,complete,,,para a Clinica Medica,362002.511049014,,
Patient_1004,Discharge,362002.511049014,complete,,,,,,723.9774082832155
Patient_1005,Arrival,362983.1603354103,complete,,0.0,,,,
Patient_1005,Origem_do Pronto Socorro,362983.1603354103,complete,,,do Pronto Socorro,362983.1603354103,,
Patient_1005,CTI (PS),362983.1603354103,start,ctiBeds,0.0,,,,
Patient_1005,CTI (PS),378762.90847636963,complete,ctiBeds,0.0,,,,
Patient_1005,CTI prepara Encaminhamento,378762.90847636963,start,,0.0,,,,
Patient_1005,CTI prepara Encaminhamento,378820.88023330615,complete,,0.0,,,,
Patient_1005,Encaminha_para a Clinica Medica,378820.88023330615,complete,,,para a Clinica Medica,378820.88023330615,,
Patient_1005,Discharge,378820.88023330615,complete,,,,,,15837.719897895819
Patient_1006,Arrival,363356.14273738366,complete,,0.0,,,,
Patient_1006,Origem_do Pronto Socorro,363356.14273738366,complete,,,do Pronto Socorro,363356.14273738366,,
Patient_1006,CTI (PS),363356.14273738366,start,ctiBeds,0.0,,,,
Patient_1006,CTI (PS),369998.85330263275,complete,ctiBeds,0.0,,,,
Patient_1006,CTI prepara Encaminhamento,369998.85330263275,start,,0.0,,,,
Patient_1006,CTI prepara Encaminhamento,370046.90330652567,complete,,0.0,,,,
Patient_1006,Encaminha_para a Clinica Medica,370046.90330652567,complete,,,para a Clinica Medica,370046.90330652567,,
Patient_1006,Discharge,370046.90330652567,complete,,,,,,6690.760569142003
Patient_1007,Arrival,363435.9386431394,complete,,0.0,,,,
Patient_1007,Origem_do Pronto Socorro,363435.9386431394,complete,,,do Pronto Socorro,363435.9386431394,,
Patient_1007,CTI (PS),363435.9386431394,start,ctiBeds,0.0,,,,
Patient_1007,CTI (PS),379608.81289931794,complete,ctiBeds,0.0,,,,
Patient_1007,CTI prepara Encaminhamento,379608.81289931794,start,,0.0,,,,
Patient_1007,CTI prepara Encaminhamento,379647.2543431908,complete,,0.0,,,,
Patient_1007,Encaminha_para a Clinica Medica,379647.2543431908,complete,,,para a Clinica Medica,379647.2543431908,,
Patient_1007,Discharge,379647.2543431908,complete,,,,,,16211.315700051433
Patient_1008,Arrival,364098.3282177728,complete,,0.0,,,,
Patient_1008,Origem_do Centro Cirurgico,364098.3282177728,complete,,,do Centro Cirurgico,364098.3282177728,,
Patient_1008,CTI (CC),364098.3282177728,start,ctiBeds,0.0,,,,
Patient_1008,CTI (CC),364955.7745231586,complete,ctiBeds,0.0,,,,
Patient_1008,CTI prepara Encaminhamento,364955.7745231586,start,,0.0,,,,
Patient_1008,CTI prepara Encaminhamento,365013.7308809571,complete,,0.0,,,,
Patient_1008,Encaminha_para a Clinica Medica,365013.7308809571,complete,,,para a Clinica Medica,365013.7308809571,,
Patient_1008,Discharge,365013.7308809571,complete,,,,,,915.4026631842717
Patient_1009,Arrival,364654.2133166912,complete,,0.0,,,,
Patient_1009,Origem_da Maternidade,364654.2133166912,complete,,,da Maternidade,364654.2133166912,,
Patient_1009,CTI (MAT),364654.2133166912,start,ctiBeds,0.0,,,,
Patient_1009,CTI (MAT),369762.9997805638,complete,ctiBeds,0.0,,,,
Patient_1009,CTI prepara Encaminhamento,369762.9997805638,start,,0.0,,,,
Patient_1009,CTI prepara Encaminhamento,369818.7102143187,complete,,0.0,,,,
Patient_1009,Encaminha_para a Clinica Cirurgica,369818.7102143187,complete,,,para a Clinica Cirurgica,369818.7102143187,,
Patient_1009,Discharge,369818.7102143187,complete,,,,,,5164.496897627483
Patient_101,Arrival,31337.037934430726,complete,,0.0,,,,
Patient_101,Origem_do Pronto Socorro,31337.037934430726,complete,,,do Pronto Socorro,31337.037934430726,,
Patient_101,CTI (PS),31337.037934430726,start,ctiBeds,0.0,,,,
Patient_101,CTI (PS),40027.44760795513,complete,ctiBeds,0.0,,,,
Patient_101,CTI prepara Encaminhamento,40027.44760795513,start,,0.0,,,,
Patient_101,CTI prepara Encaminhamento,40066.76667849133,complete,,0.0,,,,
Patient_101,Encaminha_Obito,40066.76667849133,complete,,,Obito,40066.76667849133,,
Patient_101,Discharge,40066.76667849133,complete,,,,,,8729.728744060605
Patient_1010,Arrival,365203.2684270575,complete,,0.0,,,,
Patient_1010,Origem_do Centro Cirurgico,365203.2684270575,complete,,,do Centro Cirurgico,365203.2684270575,,
Patient_1010,CTI (CC),365203.2684270575,start,ctiBeds,0.0,,,,
Patient_1010,CTI (CC),372634.0595219603,complete,ctiBeds,0.0,,,,
Patient_1010,CTI prepara Encaminhamento,372634.0595219603,start,,0.0,,,,
Patient_1010,CTI prepara Encaminhamento,372667.9630483127,complete,,0.0,,,,
Patient_1010,Encaminha_para a Clinica Cirurgica,372667.9630483127,complete,,,para a Clinica Cirurgica,372667.9630483127,,
Patient_1010,Discharge,372667.9630483127,complete,,,,,,7464.694621255214
Patient_1011,Arrival,365255.21620007814,complete,,0.0,,,,
Patient_1011,Origem_do Centro Cirurgico,365255.21620007814,complete,,,do Centro Cirurgico,365255.21620007814,,
Patient_1011,CTI (CC),365255.21620007814,start,ctiBeds,0.0,,,,
Patient_1011,CTI (CC),379793.16874638235,complete,ctiBeds,0.0,,,,
Patient_1011,CTI prepara Encaminhamento,379793.16874638235,start,,0.0,,,,
Patient_1011,CTI prepara Encaminhamento,379829.35352629743,complete,,0.0,,,,
Patient_1011,Encaminha_Transferencia Externa,379829.35352629743,complete,,,Transferencia Externa,379829.35352629743,,
Patient_1011,Discharge,379829.35352629743,complete,,,,,,14574.137326219294
Patient_1012,Arrival,365671.0987637596,complete,,0.0,,,,
Patient_1012,Origem_do Pronto Socorro,365671.0987637596,complete,,,do Pronto Socorro,365671.0987637596,,
Patient_1012,CTI (PS),365671.0987637596,start,ctiBeds,0.0,,,,
Patient_1012,CTI (PS),369194.86376233585,complete,ctiBeds,0.0,,,,
Patient_1012,CTI prepara Encaminhamento,369194.86376233585,start,,0.0,,,,
Patient_1012,CTI prepara Encaminhamento,369230.91491545417,complete,,0.0,,,,
Patient_1012,Encaminha_Obito,369230.91491545417,complete,,,Obito,369230.91491545417,,
Patient_1012,Discharge,369230.91491545417,complete,,,,,,3559.8161516945693
Patient_1013,Arrival,366019.8242996918,complete,,0.0,,,,
Patient_1013,Origem_do Centro Cirurgico,366019.8242996918,complete,,,do Centro Cirurgico,366019.8242996918,,
Patient_1013,CTI (CC),366019.8242996918,start,ctiBeds,0.0,,,,
Patient_1013,CTI (CC),379470.68291322165,complete,ctiBeds,0.0,,,,
Patient_1013,CTI prepara Encaminhamento,379470.68291322165,start,,0.0,,,,
Patient_1013,CTI prepara Encaminhamento,379502.44413001044,complete,,0.0,,,,
Patient_1013,Encaminha_para a Clinica Cirurgica,379502.44413001044,complete,,,para a Clinica Cirurgica,379502.44413001044,,
Patient_1013,Discharge,379502.44413001044,complete,,,,,,13482.61983031861
Patient_1014,Arrival,366077.38705499464,complete,,0.0,,,,
Patient_1014,Origem_do Centro Cirurgico,366077.38705499464,complete,,,do Centro Cirurgico,366077.38705499464,,
Patient_1014,CTI (CC),366077.38705499464,start,ctiBeds,0.0,,,,
Patient_1014,CTI (CC),367705.10423176276,complete,ctiBeds,0.0,,,,
Patient_1014,CTI prepara Encaminhamento,367705.10423176276,start,,0.0,,,,
Patient_1014,CTI prepara Encaminhamento,367761.45419318543,complete,,0.0,,,,
Patient_1014,Encaminha_para a Clinica Cirurgica,367761.45419318543,complete,,,para a Clinica Cirurgica,367761.45419318543,,
Patient_1014,Discharge,367761.45419318543,complete,,,,,,1684.0671381907887
Patient_1015,Arrival,366238.5706959617,complete,,0.0,,,,
Patient_1015,Origem_do Centro Cirurgico,366238.5706959617,complete,,,do Centro Cirurgico,366238.5706959617,,
Patient_1015,CTI (CC),366238.5706959617,start,ctiBeds,0.0,,,,
Patient_1015,CTI (CC),367391.8112393746,complete,ctiBeds,0.0,,,,
Patient_1015,CTI prepara Encaminhamento,367391.8112393746,start,,0.0,,,,
Patient_1015,CTI prepara Encaminhamento,367450.3054052351,complete,,0.0,,,,
Patient_1015,Encaminha_para a Clinica Medica,367450.3054052351,complete,,,para a Clinica Medica,367450.3054052351,,
Patient_1015,Discharge,367450.3054052351,complete,,,,,,1211.7347092733835
Patient_1016,Arrival,366331.81924929365,complete,,0.0,,,,
Patient_1016,Origem_do Centro Cirurgico,366331.81924929365,complete,,,do Centro Cirurgico,366331.81924929365,,
Patient_1016,CTI (CC),366331.81924929365,start,ctiBeds,0.0,,,,
Patient_1016,CTI (CC),371090.8674049944,complete,ctiBeds,0.0,,,,
Patient_1016,CTI prepara Encaminhamento,371090.8674049944,start,,0.0,,,,
Patient_1016,CTI prepara Encaminhamento,371126.58720099827,complete,,0.0,,,,
Patient_1016,Encaminha_para a Clinica Medica,371126.58720099827,complete,,,para a Clinica Medica,371126.58720099827,,
Patient_1016,Discharge,371126.58720099827,complete,,,,,,4794.76795170462
Patient_1017,Arrival,366783.72479927604,complete,,0.0,,,,
Patient_1017,Origem_do Centro Cirurgico,366783.72479927604,complete,,,do Centro Cirurgico,366783.72479927604,,
Patient_1017,CTI (CC),366783.72479927604,start,ctiBeds,0.0,,,,
Patient_1017,CTI (CC),377381.6032451704,complete,ctiBeds,0.0,,,,
Patient_1017,CTI prepara Encaminhamento,377381.6032451704,start,,0.0,,,,
Patient_1017,CTI prepara Encaminhamento,377427.95914658904,complete,,0.0,,,,
Patient_1017,Encaminha_para a Clinica Medica,377427.95914658904,complete,,,para a Clinica Medica,377427.95914658904,,
Patient_1017,Discharge,377427.95914658904,complete,,,,,,10644.234347313002
Patient_1018,Arrival,367006.59806200623,complete,,0.0,,,,
Patient_1018,Origem_do Centro Cirurgico,367006.59806200623,complete,,,do Centro Cirurgico,367006.59806200623,,
Patient_1018,CTI (CC),367006.59806200623,start,ctiBeds,0.0,,,,
Patient_1018,CTI (CC),373210.27445566416,complete,ctiBeds,0.0,,,,
Patient_1018,CTI prepara Encaminhamento,373210.27445566416,start,,0.0,,,,
Patient_1018,CTI prepara Encaminhamento,373259.19855022634,complete,,0.0,,,,
Patient_1018,Encaminha_Transferencia Externa,373259.19855022634,complete,,,Transferencia Externa,373259.19855022634,,
Patient_1018,Discharge,373259.19855022634,complete,,,,,,6252.600488220109
Patient_1019,Arrival,367169.4302210673,complete,,0.0,,,,
Patient_1019,Origem_da Clinica Cirurgica,367169.4302210673,complete,,,da Clinica Cirurgica,367169.4302210673,,
Patient_1019,CTI (CLIC),367169.4302210673,start,ctiBeds,0.0,,,,
Patient_1019,CTI (CLIC),367174.32624491403,complete,ctiBeds,0.0,,,,
Patient_1019,CTI prepara Encaminhamento,367174.32624491403,start,,0.0,,,,
Patient_1019,CTI prepara Encaminhamento,367219.9749047943,complete,,0.0,,,,
Patient_1019,Encaminha_Transferencia Externa,367219.9749047943,complete,,,Transferencia Externa,367219.9749047943,,
Patient_1019,Discharge,367219.9749047943,complete,,,,,,50.544683727028314
Patient_102,Arrival,31487.245753324743,complete,,0.0,,,,
Patient_102,Origem_do Centro Cirurgico,31487.245753324743,complete,,,do Centro Cirurgico,31487.245753324743,,
Patient_102,CTI (CC),31487.245753324743,start,ctiBeds,0.0,,,,
Patient_102,CTI (CC),40764.718438231655,complete,ctiBeds,0.0,,,,
Patient_102,CTI prepara Encaminhamento,40764.718438231655,start,,0.0,,,,
Patient_102,CTI prepara Encaminhamento,40796.847503541605,complete,,0.0,,,,
Patient_102,Encaminha_para a Clinica Cirurgica,40796.847503541605,complete,,,para a Clinica Cirurgica,40796.847503541605,,
Patient_102,Discharge,40796.847503541605,complete,,,,,,9309.601750216862
Patient_1020,Arrival,367246.7721028885,complete,,0.0,,,,
Patient_1020,Origem_do Pronto Socorro,367246.7721028885,complete,,,do Pronto Socorro,367246.7721028885,,
Patient_1020,CTI (PS),367246.7721028885,start,ctiBeds,0.0,,,,
Patient_1020,CTI (PS),377323.19503491843,complete,ctiBeds,0.0,,,,
Patient_1020,CTI prepara Encaminhamento,377323.19503491843,start,,0.0,,,,
Patient_1020,CTI prepara Encaminhamento,377362.21470789687,complete,,0.0,,,,
Patient_1020,Encaminha_para a Clinica Cirurgica,377362.21470789687,complete,,,para a Clinica Cirurgica,377362.21470789687,,
Patient_1020,Discharge,377362.21470789687,complete,,,,,,10115.442605008371
Patient_1021,Arrival,367328.91951209825,complete,,0.0,,,,
Patient_1021,Origem_do Centro Cirurgico,367328.91951209825,complete,,,do Centro Cirurgico,367328.91951209825,,
Patient_1021,CTI (CC),367328.91951209825,start,ctiBeds,0.0,,,,
Patient_1021,CTI (CC),368562.7274106308,complete,ctiBeds,0.0,,,,
Patient_1021,CTI prepara Encaminhamento,368562.7274106308,start,,0.0,,,,
Patient_1021,CTI prepara Encaminhamento,368620.4518011057,complete,,0.0,,,,
Patient_1021,Encaminha_para a Clinica Cirurgica,368620.4518011057,complete,,,para a Clinica Cirurgica,368620.4518011057,,
Patient_1021,Discharge,368620.4518011057,complete,,,,,,1291.5322890074458
Patient_1022,Arrival,367898.1117488003,complete,,0.0,,,,
Patient_1022,Origem_do Pronto Socorro,367898.1117488003,complete,,,do Pronto Socorro,367898.1117488003,,
Patient_1022,CTI (PS),367898.1117488003,start,ctiBeds,0.0,,,,
Patient_1022,CTI (PS),381368.76068000187,complete,ctiBeds,0.0,,,,
Patient_1022,CTI prepara Encaminhamento,381368.76068000187,start,,0.0,,,,
Patient_1022,CTI prepara Encaminhamento,381414.7675422474,complete,,0.0,,,,
Patient_1022,Encaminha_para a Clinica Medica,381414.7675422474,complete,,,para a Clinica Medica,381414.7675422474,,
Patient_1022,Discharge,381414.7675422474,complete,,,,,,13516.655793447106
Patient_1023,Arrival,368413.5473197691,complete,,0.0,,,,
Patient_1023,Origem_do Pronto Socorro,368413.5473197691,complete,,,do Pronto Socorro,368413.5473197691,,
Patient_1023,CTI (PS),368413.5473197691,start,ctiBeds,0.0,,,,
Patient_1023,CTI (PS),372364.0568786417,complete,ctiBeds,0.0,,,,
Patient_1023,CTI prepara Encaminhamento,372364.0568786417,start,,0.0,,,,
Patient_1023,CTI prepara Encaminhamento,372423.8921829892,complete,,0.0,,,,
Patient_1023,Encaminha_para a Clinica Cirurgica,372423.8921829892,complete,,,para a Clinica Cirurgica,372423.8921829892,,
Patient_1023,Discharge,372423.8921829892,complete,,,,,,4010.344863220118
Patient_1024,Arrival,368509.8251992602,complete,,0.0,,,,
Patient_1024,Origem_da Clinica Cirurgica,368509.8251992602,complete,,,da Clinica Cirurgica,368509.8251992602,,
Patient_1024,CTI (CLIC),368509.8251992602,start,ctiBeds,0.0,,,,
Patient_1024,CTI (CLIC),379451.4589464207,complete,ctiBeds,0.0,,,,
Patient_1024,CTI prepara Encaminhamento,379451.4589464207,start,,0.0,,,,
Patient_1024,CTI prepara Encaminhamento,379494.4693260326,complete,,0.0,,,,
Patient_1024,Encaminha_para a Clinica Cirurgica,379494.4693260326,complete,,,para a Clinica Cirurgica,379494.4693260326,,
Patient_1024,Discharge,379494.4693260326,complete,,,,,,10984.644126772415
Patient_1025,Arrival,368880.85366228066,complete,,0.0,,,,
Patient_1025,Origem_do Centro Cirurgico,368880.85366228066,complete,,,do Centro Cirurgico,368880.85366228066,,
Patient_1025,CTI (CC),368880.85366228066,start,ctiBeds,0.0,,,,
Patient_1025,CTI (CC),378089.59034612624,complete,ctiBeds,0.0,,,,
Patient_1025,CTI prepara Encaminhamento,378089.59034612624,start,,0.0,,,,
Patient_1025,CTI prepara Encaminhamento,378128.83165323,complete,,0.0,,,,
Patient_1025,Encaminha_Obito,378128.83165323,complete,,,Obito,378128.83165323,,
Patient_1025,Discharge,378128.83165323,complete,,,,,,9247.977990949352
Patient_1026,Arrival,369048.1801352622,complete,,0.0,,,,
Patient_1026,Origem_do Pronto Socorro,369048.1801352622,complete,,,do Pronto Socorro,369048.1801352622,,
Patient_1026,CTI (PS),369048.1801352622,start,ctiBeds,0.0,,,,
Patient_1026,CTI (PS),400998.950728991,complete,ctiBeds,0.0,,,,
Patient_1026,CTI prepara Encaminhamento,400998.950728991,start,,0.0,,,,
Patient_1026,CTI prepara Encaminhamento,401054.70217722823,complete,,0.0,,,,
Patient_1026,Encaminha_para a Clinica Medica,401054.70217722823,complete,,,para a Clinica Medica,401054.70217722823,,
Patient_1026,Discharge,401054.70217722823,complete,,,,,,32006.522041966033
Patient_1027,Arrival,369377.384561773,complete,,0.0,,,,
Patient_1027,Origem_do Pronto Socorro,369377.384561773,complete,,,do Pronto Socorro,369377.384561773,,
Patient_1027,CTI (PS),369377.384561773,start,ctiBeds,0.0,,,,
Patient_1027,CTI (PS),380728.7762621663,complete,ctiBeds,0.0,,,,
Patient_1027,CTI prepara Encaminhamento,380728.7762621663,start,,0.0,,,,
Patient_1027,CTI prepara Encaminhamento,380786.65278261836,complete,,0.0,,,,
Patient_1027,Encaminha_para a Clinica Cirurgica,380786.65278261836,complete,,,para a Clinica Cirurgica,380786.65278261836,,
Patient_1027,Discharge,380786.65278261836,complete,,,,,,11409.268220845377
Patient_1028,Arrival,369547.9528485209,complete,,0.0,,,,
Patient_1028,Origem_do Pronto Socorro,369547.9528485209,complete,,,do Pronto Socorro,369547.9528485209,,
Patient_1028,CTI (PS),369547.9528485209,start,ctiBeds,0.0,,,,
Patient_1028,CTI (PS),373306.0063157434,complete,ctiBeds,0.0,,,,
Patient_1028,CTI prepara Encaminhamento,373306.0063157434,start,,0.0,,,,
Patient_1028,CTI prepara Encaminhamento,373341.59838352294,complete,,0.0,,,,
Patient_1028,Encaminha_Transferencia Externa,373341.59838352294,complete,,,Transferencia Externa,373341.59838352294,,
Patient_1028,Discharge,373341.59838352294,complete,,,,,,3793.645535002055
Patient_1029,Arrival,369586.91579826636,complete,,0.0,,,,
Patient_1029,Origem_do Pronto Socorro,369586.91579826636,complete,,,do Pronto Socorro,369586.91579826636,,
Patient_1029,CTI (PS),369586.91579826636,start,ctiBeds,0.0,,,,
Patient_1029,CTI (PS),372141.56159048254,complete,ctiBeds,0.0,,,,
Patient_1029,CTI prepara Encaminhamento,372141.56159048254,start,,0.0,,,,
Patient_1029,CTI prepara Encaminhamento,372192.0934281857,complete,,0.0,,,,
Patient_1029,Encaminha_Obito,372192.0934281857,complete,,,Obito,372192.0934281857,,
Patient_1029,Discharge,372192.0934281857,complete,,,,,,2605.177629919315
Patient_103,Arrival,31592.76480036181,complete,,0.0,,,,
Patient_103,Origem_do Centro Cirurgico,31592.76480036181,complete,,,do Centro Cirurgico,31592.76480036181,,
Patient_103,CTI (CC),31592.76480036181,start,ctiBeds,0.0,,,,
Patient_103,CTI (CC),62287.533676124265,complete,ctiBeds,0.0,,,,
Patient_103,CTI prepara Encaminhamento,62287.533676124265,start,,0.0,,,,
Patient_103,CTI prepara Encaminhamento,62331.25659215501,complete,,0.0,,,,
Patient_103,Encaminha_para a Clinica Cirurgica,62331.25659215501,complete,,,para a Clinica Cirurgica,62331.25659215501,,
Patient_103,Discharge,62331.25659215501,complete,,,,,,30738.491791793203
Patient_1030,Arrival,369644.34013271006,complete,,0.0,,,,
Patient_1030,Origem_do Pronto Socorro,369644.34013271006,complete,,,do Pronto Socorro,369644.34013271006,,
Patient_1030,CTI (PS),369644.34013271006,start,ctiBeds,0.0,,,,
Patient_1030,CTI (PS),379598.7617820907,complete,ctiBeds,0.0,,,,
Patient_1030,CTI prepara Encaminhamento,379598.7617820907,start,,0.0,,,,
Patient_1030,CTI prepara Encaminhamento,379640.2689207077,complete,,0.0,,,,
Patient_1030,Encaminha_para a Clinica Medica,379640.2689207077,complete,,,para a Clinica Medica,379640.2689207077,,
Patient_1030,Discharge,379640.2689207077,complete,,,,,,9995.928787997633
Patient_1031,Arrival,371681.4738533254,complete,,0.0,,,,
Patient_1031,Origem_da Clinica Medica,371681.4738533254,complete,,,da Clinica Medica,371681.4738533254,,
Patient_1031,CTI (CLIM),371681.4738533254,start,ctiBeds,0.0,,,,
Patient_1031,CTI (CLIM),377800.2407953024,complete,ctiBeds,0.0,,,,
Patient_1031,CTI prepara Encaminhamento,377800.2407953024,start,,0.0,,,,
Patient_1031,CTI prepara Encaminhamento,377844.990661035,complete,,0.0,,,,
Patient_1031,Encaminha_Obito,377844.990661035,complete,,,Obito,377844.990661035,,
Patient_1031,Discharge,377844.990661035,complete,,,,,,6163.516807709588
Patient_1032,Arrival,371684.2026601024,complete,,0.0,,,,
Patient_1032,Origem_do Pronto Socorro,371684.2026601024,complete,,,do Pronto Socorro,371684.2026601024,,
Patient_1032,CTI (PS),371684.2026601024,start,ctiBeds,0.0,,,,
Patient_1032,CTI (PS),375271.98108166317,complete,ctiBeds,0.0,,,,
Patient_1032,CTI prepara Encaminhamento,375271.98108166317,start,,0.0,,,,
Patient_1032,CTI prepara Encaminhamento,375314.3484061864,complete,,0.0,,,,
Patient_1032,Encaminha_para a Clinica Cirurgica,375314.3484061864,complete,,,para a Clinica Cirurgica,375314.3484061864,,
Patient_1032,Discharge,375314.3484061864,complete,,,,,,3630.1457460839883
Patient_1033,Arrival,372529.08986535633,complete,,0.0,,,,
Patient_1033,Origem_do Pronto Socorro,372529.08986535633,complete,,,do Pronto Socorro,372529.08986535633,,
Patient_1033,CTI (PS),372529.08986535633,start,ctiBeds,0.0,,,,
Patient_1033,CTI (PS),385831.8017190299,complete,ctiBeds,0.0,,,,
Patient_1033,CTI prepara Encaminhamento,385831.8017190299,start,,0.0,,,,
Patient_1033,CTI prepara Encaminhamento,385875.22128124913,complete,,0.0,,,,
Patient_1033,Encaminha_para o Centro Cirurgico,385875.22128124913,complete,,,para o Centro Cirurgico,385875.22128124913,,
Patient_1033,Discharge,385875.22128124913,complete,,,,,,13346.1314158928
Patient_1034,Arrival,372687.33786825,complete,,0.0,,,,
Patient_1034,Origem_do Centro Cirurgico,372687.33786825,complete,,,do Centro Cirurgico,372687.33786825,,
Patient_1034,CTI (CC),372687.33786825,start,ctiBeds,0.0,,,,
Patient_1034,CTI (CC),414287.0956542726,complete,ctiBeds,0.0,,,,
Patient_1034,CTI prepara Encaminhamento,414287.0956542726,start,,0.0,,,,
Patient_1034,CTI prepara Encaminhamento,414333.64428345533,complete,,0.0,,,,
Patient_1034,Encaminha_para a Clinica Medica,414333.64428345533,complete,,,para a Clinica Medica,414333.64428345533,,
Patient_1034,Discharge,414333.64428345533,complete,,,,,,41646.306415205356
Patient_1035,Arrival,372719.21058359474,complete,,0.0,,,,
Patient_1035,Origem_do Pronto Socorro,372719.21058359474,complete,,,do Pronto Socorro,372719.21058359474,,
Patient_1035,CTI (PS),372719.21058359474,start,ctiBeds,0.0,,,,
Patient_1035,CTI (PS),380484.96197806665,complete,ctiBeds,0.0,,,,
Patient_1035,CTI prepara Encaminhamento,380484.96197806665,start,,0.0,,,,
Patient_1035,CTI prepara Encaminhamento,380540.90523887955,complete,,0.0,,,,
Patient_1035,Encaminha_Obito,380540.90523887955,complete,,,Obito,380540.90523887955,,
Patient_1035,Discharge,380540.90523887955,complete,,,,,,7821.694655284809
Patient_1036,Arrival,372865.5680420275,complete,,0.0,,,,
Patient_1036,Origem_do Pronto Socorro,372865.5680420275,complete,,,do Pronto Socorro,372865.5680420275,,
Patient_1036,CTI (PS),372865.5680420275,start,ctiBeds,0.0,,,,
Patient_1036,CTI (PS),381244.4834498337,complete,ctiBeds,0.0,,,,
Patient_1036,CTI prepara Encaminhamento,381244.4834498337,start,,0.0,,,,
Patient_1036,CTI prepara Encaminhamento,381300.88288103265,complete,,0.0,,,,
Patient_1036,Encaminha_para a Clinica Cirurgica,381300.88288103265,complete,,,para a Clinica Cirurgica,381300.88288103265,,
Patient_1036,Discharge,381300.88288103265,complete,,,,,,8435.31483900518
Patient_1037,Arrival,373391.34358515474,complete,,0.0,,,,
Patient_1037,Origem_da Clinica Medica,373391.34358515474,complete,,,da Clinica Medica,373391.34358515474,,
Patient_1037,CTI (CLIM),373391.34358515474,start,ctiBeds,0.0,,,,
Patient_1037,CTI (CLIM),390160.9686166918,complete,ctiBeds,0.0,,,,
Patient_1037,CTI prepara Encaminhamento,390160.9686166918,start,,0.0,,,,
Patient_1037,CTI prepara Encaminhamento,390193.19238600164,complete,,0.0,,,,
Patient_1037,Encaminha_para a Clinica Cirurgica,390193.19238600164,complete,,,para a Clinica Cirurgica,390193.19238600164,,
Patient_1037,Discharge,390193.19238600164,complete,,,,,,16801.8488008469
Patient_1038,Arrival,374752.16194879136,complete,,0.0,,,,
Patient_1038,Origem_do Centro Cirurgico,374752.16194879136,complete,,,do Centro Cirurgico,374752.16194879136,,
Patient_1038,CTI (CC),374752.16194879136,start,ctiBeds,0.0,,,,
Patient_1038,CTI (CC),375876.40199993004,complete,ctiBeds,0.0,,,,
Patient_1038,CTI prepara Encaminhamento,375876.40199993004,start,,0.0,,,,
Patient_1038,CTI prepara Encaminhamento,375925.7842665609,complete,,0.0,,,,
Patient_1038,Encaminha_para a Clinica Cirurgica,375925.7842665609,complete,,,para a Clinica Cirurgica,375925.7842665609,,
Patient_1038,Discharge,375925.7842665609,complete,,,,,,1173.6223177695647
Patient_1039,Arrival,375103.53453515493,complete,,0.0,,,,
Patient_1039,Origem_do Centro Cirurgico,375103.53453515493,complete,,,do Centro Cirurgico,375103.53453515493,,
Patient_1039,CTI (CC),375103.53453515493,start,ctiBeds,0.0,,,,
Patient_1039,CTI (CC),376370.94169316895,complete,ctiBeds,0.0,,,,
Patient_1039,CTI prepara Encaminhamento,376370.94169316895,start,,0.0,,,,
Patient_1039,CTI prepara Encaminhamento,376406.88303057785,complete,,0.0,,,,
Patient_1039,Encaminha_para a Clinica Cirurgica,376406.88303057785,complete,,,para a Clinica Cirurgica,376406.88303057785,,
Patient_1039,Discharge,376406.88303057785,complete,,,,,,1303.3484954229207
Patient_104,Arrival,31937.703908512118,complete,,0.0,,,,
Patient_104,Origem_do Pronto Socorro,31937.703908512118,complete,,,do Pronto Socorro,31937.703908512118,,
Patient_104,CTI (PS),31937.703908512118,start,ctiBeds,0.0,,,,
Patient_104,CTI (PS),41973.30173046757,complete,ctiBeds,0.0,,,,
Patient_104,CTI prepara Encaminhamento,41973.30173046757,start,,0.0,,,,
Patient_104,CTI prepara Encaminhamento,42031.36241299087,complete,,0.0,,,,
Patient_104,Encaminha_para a Clinica Cirurgica,42031.36241299087,complete,,,para a Clinica Cirurgica,42031.36241299087,,
Patient_104,Discharge,42031.36241299087,complete,,,,,,10093.658504478753
Patient_1040,Arrival,375891.07781824376,complete,,0.0,,,,
Patient_1040,Origem_da Clinica Medica,375891.07781824376,complete,,,da Clinica Medica,375891.07781824376,,
Patient_1040,CTI (CLIM),375891.07781824376,start,ctiBeds,0.0,,,,
Patient_1040,CTI (CLIM),380306.2407207158,complete,ctiBeds,0.0,,,,
Patient_1040,CTI prepara Encaminhamento,380306.2407207158,start,,0.0,,,,
Patient_1040,CTI prepara Encaminhamento,380338.744416007,complete,,0.0,,,,
Patient_1040,Encaminha_para a Clinica Medica,380338.744416007,complete,,,para a Clinica Medica,380338.744416007,,
Patient_1040,Discharge,380338.744416007,complete,,,,,,4447.666597763251
Patient_1041,Arrival,376013.1685195513,complete,,0.0,,,,
Patient_1041,Origem_do Pronto Socorro,376013.1685195513,complete,,,do Pronto Socorro,376013.1685195513,,
Patient_1041,CTI (PS),376013.1685195513,start,ctiBeds,0.0,,,,
Patient_1041,CTI (PS),397475.5015562397,complete,ctiBeds,0.0,,,,
Patient_1041,CTI prepara Encaminhamento,397475.5015562397,start,,0.0,,,,
Patient_1041,CTI prepara Encaminhamento,397528.7571350291,complete,,0.0,,,,
Patient_1041,Encaminha_para a Clinica Medica,397528.7571350291,complete,,,para a Clinica Medica,397528.7571350291,,
Patient_1041,Discharge,397528.7571350291,complete,,,,,,21515.58861547784
Patient_1042,Arrival,376167.79080923076,complete,,0.0,,,,
Patient_1042,Origem_do Pronto Socorro,376167.79080923076,complete,,,do Pronto Socorro,376167.79080923076,,
Patient_1042,CTI (PS),376167.79080923076,start,ctiBeds,0.0,,,,
Patient_1042,CTI (PS),391325.80807297525,complete,ctiBeds,0.0,,,,
Patient_1042,CTI prepara Encaminhamento,391325.80807297525,start,,0.0,,,,
Patient_1042,CTI prepara Encaminhamento,391371.51723635395,complete,,0.0,,,,
Patient_1042,Encaminha_para a Clinica Cirurgica,391371.51723635395,complete,,,para a Clinica Cirurgica,391371.51723635395,,
Patient_1042,Discharge,391371.51723635395,complete,,,,,,15203.726427123183
Patient_1043,Arrival,376251.97159134666,complete,,0.0,,,,
Patient_1043,Origem_do Pronto Socorro,376251.97159134666,complete,,,do Pronto Socorro,376251.97159134666,,
Patient_1043,CTI (PS),376251.97159134666,start,ctiBeds,0.0,,,,
Patient_1043,CTI (PS),381149.2971775008,complete,ctiBeds,0.0,,,,
Patient_1043,CTI prepara Encaminhamento,381149.2971775008,start,,0.0,,,,
Patient_1043,CTI prepara Encaminhamento,381185.15230654366,complete,,0.0,,,,
Patient_1043,Encaminha_Obito,381185.15230654366,complete,,,Obito,381185.15230654366,,
Patient_1043,Discharge,381185.15230654366,complete,,,,,,4933.180715196999
Patient_1044,Arrival,378293.3661399982,complete,,0.0,,,,
Patient_1044,Origem_do Pronto Socorro,378293.3661399982,complete,,,do Pronto Socorro,378293.3661399982,,
Patient_1044,CTI (PS),378293.3661399982,start,ctiBeds,0.0,,,,
Patient_1044,CTI (PS),400328.1796549516,complete,ctiBeds,0.0,,,,
Patient_1044,CTI prepara Encaminhamento,400328.1796549516,start,,0.0,,,,
Patient_1044,CTI prepara Encaminhamento,400379.5499227719,complete,,0.0,,,,
Patient_1044,Encaminha_para a Clinica Cirurgica,400379.5499227719,complete,,,para a Clinica Cirurgica,400379.5499227719,,
Patient_1044,Discharge,400379.5499227719,complete,,,,,,22086.183782773733
Patient_1045,Arrival,379283.66393331497,complete,,0.0,,,,
Patient_1045,Origem_do Centro Cirurgico,379283.66393331497,complete,,,do Centro Cirurgico,379283.66393331497,,
Patient_1045,CTI (CC),379283.66393331497,start,ctiBeds,0.0,,,,
Patient_1045,CTI (CC),385118.3116925184,complete,ctiBeds,0.0,,,,
Patient_1045,CTI prepara Encaminhamento,385118.3116925184,start,,0.0,,,,
Patient_1045,CTI prepara Encaminhamento,385160.4420819462,complete,,0.0,,,,
Patient_1045,Encaminha_para a Clinica Medica,385160.4420819462,complete,,,para a Clinica Medica,385160.4420819462,,
Patient_1045,Discharge,385160.4420819462,complete,,,,,,5876.778148631216
Patient_1046,Arrival,379468.7095154109,complete,,0.0,,,,
Patient_1046,Origem_do Pronto Socorro,379468.7095154109,complete,,,do Pronto Socorro,379468.7095154109,,
Patient_1046,CTI (PS),379468.7095154109,start,ctiBeds,0.0,,,,
Patient_1046,CTI (PS),389088.73291681905,complete,ctiBeds,0.0,,,,
Patient_1046,CTI prepara Encaminhamento,389088.73291681905,start,,0.0,,,,
Patient_1046,CTI prepara Encaminhamento,389126.98832309427,complete,,0.0,,,,
Patient_1046,Encaminha_para a Clinica Cirurgica,389126.98832309427,complete,,,para a Clinica Cirurgica,389126.98832309427,,
Patient_1046,Discharge,389126.98832309427,complete,,,,,,9658.278807683382
Patient_1047,Arrival,379732.53011269064,complete,,0.0,,,,
Patient_1047,Origem_do Pronto Socorro,379732.53011269064,complete,,,do Pronto Socorro,379732.53011269064,,
Patient_1047,CTI (PS),379732.53011269064,start,ctiBeds,0.0,,,,
Patient_1047,CTI (PS),397013.7201599921,complete,ctiBeds,0.0,,,,
Patient_1047,CTI prepara Encaminhamento,397013.7201599921,start,,0.0,,,,
Patient_1047,CTI prepara Encaminhamento,397065.58370816434,complete,,0.0,,,,
Patient_1047,Encaminha_Transferencia Externa,397065.58370816434,complete,,,Transferencia Externa,397065.58370816434,,
Patient_1047,Discharge,397065.58370816434,complete,,,,,,17333.0535954737
Patient_1048,Arrival,380610.5953996199,complete,,0.0,,,,
Patient_1048,Origem_do Pronto Socorro,380610.5953996199,complete,,,do Pronto Socorro,380610.5953996199,,
Patient_1048,CTI (PS),380610.5953996199,start,ctiBeds,0.0,,,,
Patient_1048,CTI (PS),397786.55594538176,complete,ctiBeds,0.0,,,,
Patient_1048,CTI prepara Encaminhamento,397786.55594538176,start,,0.0,,,,
Patient_1048,CTI prepara Encaminhamento,397837.0698003799,complete,,0.0,,,,
Patient_1048,Encaminha_Obito,397837.0698003799,complete,,,Obito,397837.0698003799,,
Patient_1048,Discharge,397837.0698003799,complete,,,,,,17226.474400760024
Patient_1049,Arrival,380853.908089336,complete,,0.0,,,,
Patient_1049,Origem_do Centro Cirurgico,380853.908089336,complete,,,do Centro Cirurgico,380853.908089336,,
Patient_1049,CTI (CC),380853.908089336,start,ctiBeds,0.0,,,,
Patient_1049,CTI (CC),413783.970592309,complete,ctiBeds,0.0,,,,
Patient_1049,CTI prepara Encaminhamento,413783.970592309,start,,0.0,,,,
Patient_1049,CTI prepara Encaminhamento,413841.60829145217,complete,,0.0,,,,
Patient_1049,Encaminha_para a Clinica Cirurgica,413841.60829145217,complete,,,para a Clinica Cirurgica,413841.60829145217,,
Patient_1049,Discharge,413841.60829145217,complete,,,,,,32987.70020211616
Patient_105,Arrival,31964.59732384156,complete,,0.0,,,,
Patient_105,Origem_do Centro Cirurgico,31964.59732384156,complete,,,do Centro Cirurgico,31964.59732384156,,
Patient_105,CTI (CC),31964.59732384156,start,ctiBeds,0.0,,,,
Patient_105,CTI (CC),33548.56770249433,complete,ctiBeds,0.0,,,,
Patient_105,CTI prepara Encaminhamento,33548.56770249433,start,,0.0,,,,
Patient_105,CTI prepara Encaminhamento,33600.552810128494,complete,,0.0,,,,
Patient_105,Encaminha_para a Clinica Medica,33600.552810128494,complete,,,para a Clinica Medica,33600.552810128494,,
Patient_105,Discharge,33600.552810128494,complete,,,,,,1635.9554862869336
Patient_1050,Arrival,380895.55010508373,complete,,0.0,,,,
Patient_1050,Origem_do Centro Cirurgico,380895.55010508373,complete,,,do Centro Cirurgico,380895.55010508373,,
Patient_1050,CTI (CC),380895.55010508373,start,ctiBeds,0.0,,,,
Patient_1050,CTI (CC),388240.4622165287,complete,ctiBeds,0.0,,,,
Patient_1050,CTI prepara Encaminhamento,388240.4622165287,start,,0.0,,,,
Patient_1050,CTI prepara Encaminhamento,388292.3479609345,complete,,0.0,,,,
Patient_1050,Encaminha_Obito,388292.3479609345,complete,,,Obito,388292.3479609345,,
Patient_1050,Discharge,388292.3479609345,complete,,,,,,7396.797855850775
Patient_1051,Arrival,382033.38981981634,complete,,0.0,,,,
Patient_1051,Origem_do Pronto Socorro,382033.38981981634,complete,,,do Pronto Socorro,382033.38981981634,,
Patient_1051,CTI (PS),382033.38981981634,start,ctiBeds,0.0,,,,
Patient_1051,CTI (PS),383663.6495214236,complete,ctiBeds,0.0,,,,
Patient_1051,CTI prepara Encaminhamento,383663.6495214236,start,,0.0,,,,
Patient_1051,CTI prepara Encaminhamento,383715.99137708655,complete,,0.0,,,,
Patient_1051,Encaminha_para a Clinica Medica,383715.99137708655,complete,,,para a Clinica Medica,383715.99137708655,,
Patient_1051,Discharge,383715.99137708655,complete,,,,,,1682.6015572702163
Patient_1052,Arrival,382105.60278591065,complete,,0.0,,,,
Patient_1052,Origem_do Pronto Socorro,382105.60278591065,complete,,,do Pronto Socorro,382105.60278591065,,
Patient_1052,CTI (PS),382105.60278591065,start,ctiBeds,0.0,,,,
Patient_1052,CTI (PS),390322.5145530559,complete,ctiBeds,0.0,,,,
Patient_1052,CTI prepara Encaminhamento,390322.5145530559,start,,0.0,,,,
Patient_1052,CTI prepara Encaminhamento,390379.5815023846,complete,,0.0,,,,
Patient_1052,Encaminha_Obito,390379.5815023846,complete,,,Obito,390379.5815023846,,
Patient_1052,Discharge,390379.5815023846,complete,,,,,,8273.978716473968
Patient_1053,Arrival,382178.6454365721,complete,,0.0,,,,
Patient_1053,Origem_da Maternidade,382178.6454365721,complete,,,da Maternidade,382178.6454365721,,
Patient_1053,CTI (MAT),382178.6454365721,start,ctiBeds,0.0,,,,
Patient_1053,CTI (MAT),382734.78250939545,complete,ctiBeds,0.0,,,,
Patient_1053,CTI prepara Encaminhamento,382734.78250939545,start,,0.0,,,,
Patient_1053,CTI prepara Encaminhamento,382771.0511869164,complete,,0.0,,,,
Patient_1053,Encaminha_para a Clinica Medica,382771.0511869164,complete,,,para a Clinica Medica,382771.0511869164,,
Patient_1053,Discharge,382771.0511869164,complete,,,,,,592.4057503443328
Patient_1054,Arrival,382933.78972992604,complete,,0.0,,,,
Patient_1054,Origem_do Centro Cirurgico,382933.78972992604,complete,,,do Centro Cirurgico,382933.78972992604,,
Patient_1054,CTI (CC),382933.78972992604,start,ctiBeds,0.0,,,,
Patient_1054,CTI (CC),389460.4710956664,complete,ctiBeds,0.0,,,,
Patient_1054,CTI prepara Encaminhamento,389460.4710956664,start,,0.0,,,,
Patient_1054,CTI prepara Encaminhamento,389506.82589064847,complete,,0.0,,,,
Patient_1054,Encaminha_para a Clinica Cirurgica,389506.82589064847,complete,,,para a Clinica Cirurgica,389506.82589064847,,
Patient_1054,Discharge,389506.82589064847,complete,,,,,,6573.036160722433
Patient_1055,Arrival,383035.44514229154,complete,,0.0,,,,
Patient_1055,Origem_da Clinica Cirurgica,383035.44514229154,complete,,,da Clinica Cirurgica,383035.44514229154,,
Patient_1055,CTI (CLIC),383035.44514229154,start,ctiBeds,0.0,,,,
Patient_1055,CTI (CLIC),384250.6026140097,complete,ctiBeds,0.0,,,,
Patient_1055,CTI prepara Encaminhamento,384250.6026140097,start,,0.0,,,,
Patient_1055,CTI prepara Encaminhamento,384283.4494701316,complete,,0.0,,,,
Patient_1055,Encaminha_para a Clinica Cirurgica,384283.4494701316,complete,,,para a Clinica Cirurgica,384283.4494701316,,
Patient_1055,Discharge,384283.4494701316,complete,,,,,,1248.0043278400553
Patient_1056,Arrival,383579.05892265914,complete,,0.0,,,,
Patient_1056,Origem_do Centro Cirurgico,383579.05892265914,complete,,,do Centro Cirurgico,383579.05892265914,,
Patient_1056,CTI (CC),383579.05892265914,start,ctiBeds,0.0,,,,
Patient_1056,CTI (CC),426823.0645298533,complete,ctiBeds,0.0,,,,
Patient_1056,CTI prepara Encaminhamento,426823.0645298533,start,,0.0,,,,
Patient_1056,CTI prepara Encaminhamento,426864.5158961946,complete,,0.0,,,,
Patient_1056,Encaminha_para a Clinica Medica,426864.5158961946,complete,,,para a Clinica Medica,426864.5158961946,,
Patient_1056,Discharge,426864.5158961946,complete,,,,,,43285.456973535474
Patient_1057,Arrival,384332.3046572293,complete,,0.0,,,,
Patient_1057,Origem_da Maternidade,384332.3046572293,complete,,,da Maternidade,384332.3046572293,,
Patient_1057,CTI (MAT),384332.3046572293,start,ctiBeds,0.0,,,,
Patient_1057,CTI (MAT),393348.6521350485,complete,ctiBeds,0.0,,,,
Patient_1057,CTI prepara Encaminhamento,393348.6521350485,start,,0.0,,,,
Patient_1057,CTI prepara Encaminhamento,393381.38818885566,complete,,0.0,,,,
Patient_1057,Encaminha_Obito,393381.38818885566,complete,,,Obito,393381.38818885566,,
Patient_1057,Discharge,393381.38818885566,complete,,,,,,9049.083531626384
Patient_1058,Arrival,384811.9617405411,complete,,0.0,,,,
Patient_1058,Origem_do Centro Cirurgico,384811.9617405411,complete,,,do Centro Cirurgico,384811.9617405411,,
Patient_1058,CTI (CC),384811.9617405411,start,ctiBeds,0.0,,,,
Patient_1058,CTI (CC),432589.9792828942,complete,ctiBeds,0.0,,,,
Patient_1058,CTI prepara Encaminhamento,432589.9792828942,start,,0.0,,,,
Patient_1058,CTI prepara Encaminhamento,432634.3504131808,complete,,0.0,,,,
Patient_1058,Encaminha_para a Clinica Cirurgica,432634.3504131808,complete,,,para a Clinica Cirurgica,432634.3504131808,,
Patient_1058,Discharge,432634.3504131808,complete,,,,,,47822.388672639674
Patient_1059,Arrival,385408.6188329384,complete,,0.0,,,,
Patient_1059,Origem_do Pronto Socorro,385408.6188329384,complete,,,do Pronto Socorro,385408.6188329384,,
Patient_1059,CTI (PS),385408.6188329384,start,ctiBeds,0.0,,,,
Patient_1059,CTI (PS),411495.9628439663,complete,ctiBeds,0.0,,,,
Patient_1059,CTI prepara Encaminhamento,411495.9628439663,start,,0.0,,,,
Patient_1059,CTI prepara Encaminhamento,411541.1203360544,complete,,0.0,,,,
Patient_1059,Encaminha_Obito,411541.1203360544,complete,,,Obito,411541.1203360544,,
Patient_1059,Discharge,411541.1203360544,complete,,,,,,26132.501503116044
Patient_106,Arrival,32159.669527322643,complete,,0.0,,,,
Patient_106,Origem_do Pronto Socorro,32159.669527322643,complete,,,do Pronto Socorro,32159.669527322643,,
Patient_106,CTI (PS),32159.669527322643,start,ctiBeds,0.0,,,,
Patient_106,CTI (PS),46809.856127080544,complete,ctiBeds,0.0,,,,
Patient_106,CTI prepara Encaminhamento,46809.856127080544,start,,0.0,,,,
Patient_106,CTI prepara Encaminhamento,46845.50258997691,complete,,0.0,,,,
Patient_106,Encaminha_Obito,46845.50258997691,complete,,,Obito,46845.50258997691,,
Patient_106,Discharge,46845.50258997691,complete,,,,,,14685.833062654267
Patient_1060,Arrival,385664.78507905774,complete,,0.0,,,,
Patient_1060,Origem_do Centro Cirurgico,385664.78507905774,complete,,,do Centro Cirurgico,385664.78507905774,,
Patient_1060,CTI (CC),385664.78507905774,start,ctiBeds,0.0,,,,
Patient_1060,CTI (CC),399824.3908374298,complete,ctiBeds,0.0,,,,
Patient_1060,CTI prepara Encaminhamento,399824.3908374298,start,,0.0,,,,
Patient_1060,CTI prepara Encaminhamento,399855.07743484026,complete,,0.0,,,,
Patient_1060,Encaminha_para a Clinica Medica,399855.07743484026,complete,,,para a Clinica Medica,399855.07743484026,,
Patient_1060,Discharge,399855.07743484026,complete,,,,,,14190.292355782527
Patient_1061,Arrival,385731.563407954,complete,,0.0,,,,
Patient_1061,Origem_do Pronto Socorro,385731.563407954,complete,,,do Pronto Socorro,385731.563407954,,
Patient_1061,CTI (PS),385731.563407954,start,ctiBeds,0.0,,,,
Patient_1061,CTI (PS),392471.48369076644,complete,ctiBeds,0.0,,,,
Patient_1061,CTI prepara Encaminhamento,392471.48369076644,start,,0.0,,,,
Patient_1061,CTI prepara Encaminhamento,392517.8843928491,complete,,0.0,,,,
Patient_1061,Encaminha_para a Clinica Medica,392517.8843928491,complete,,,para a Clinica Medica,392517.8843928491,,
Patient_1061,Discharge,392517.8843928491,complete,,,,,,6786.320984895108
Patient_1062,Arrival,385787.79231332475,complete,,0.0,,,,
Patient_1062,Origem_do Pronto Socorro,385787.79231332475,complete,,,do Pronto Socorro,385787.79231332475,,
Patient_1062,CTI (PS),385787.79231332475,start,ctiBeds,0.0,,,,
Patient_1062,CTI (PS),386925.29052075435,complete,ctiBeds,0.0,,,,
Patient_1062,CTI prepara Encaminhamento,386925.29052075435,start,,0.0,,,,
Patient_1062,CTI prepara Encaminhamento,386961.0369006937,complete,,0.0,,,,
Patient_1062,Encaminha_para a Clinica Cirurgica,386961.0369006937,complete,,,para a Clinica Cirurgica,386961.0369006937,,
Patient_1062,Discharge,386961.0369006937,complete,,,,,,1173.2445873689721
Patient_1063,Arrival,385808.28172698885,complete,,0.0,,,,
Patient_1063,Origem_do Centro Cirurgico,385808.28172698885,complete,,,do Centro Cirurgico,385808.28172698885,,
Patient_1063,CTI (CC),385808.28172698885,start,ctiBeds,0.0,,,,
Patient_1063,CTI (CC),390020.9740610711,complete,ctiBeds,0.0,,,,
Patient_1063,CTI prepara Encaminhamento,390020.9740610711,start,,0.0,,,,
Patient_1063,CTI prepara Encaminhamento,390056.74207102455,complete,,0.0,,,,
Patient_1063,Encaminha_para a Clinica Cirurgica,390056.74207102455,complete,,,para a Clinica Cirurgica,390056.74207102455,,
Patient_1063,Discharge,390056.74207102455,complete,,,,,,4248.460344035702
Patient_1064,Arrival,385853.2665567465,complete,,0.0,,,,
Patient_1064,Origem_do Centro Cirurgico,385853.2665567465,complete,,,do Centro Cirurgico,385853.2665567465,,
Patient_1064,CTI (CC),385853.2665567465,start,ctiBeds,0.0,,,,
Patient_1064,CTI (CC),411049.5098963538,complete,ctiBeds,0.0,,,,
Patient_1064,CTI prepara Encaminhamento,411049.5098963538,start,,0.0,,,,
Patient_1064,CTI prepara Encaminhamento,411106.74772554595,complete,,0.0,,,,
Patient_1064,Encaminha_Obito,411106.74772554595,complete,,,Obito,411106.74772554595,,
Patient_1064,Discharge,411106.74772554595,complete,,,,,,25253.48116879945
Patient_1065,Arrival,385855.2503487574,complete,,0.0,,,,
Patient_1065,Origem_do Pronto Socorro,385855.2503487574,complete,,,do Pronto Socorro,385855.2503487574,,
Patient_1065,CTI (PS),385855.2503487574,start,ctiBeds,0.0,,,,
Patient_1065,CTI (PS),396602.2916221681,complete,ctiBeds,0.0,,,,
Patient_1065,CTI prepara Encaminhamento,396602.2916221681,start,,0.0,,,,
Patient_1065,CTI prepara Encaminhamento,396633.16174837615,complete,,0.0,,,,
Patient_1065,Encaminha_para a Clinica Cirurgica,396633.16174837615,complete,,,para a Clinica Cirurgica,396633.16174837615,,
Patient_1065,Discharge,396633.16174837615,complete,,,,,,10777.911399618722
Patient_1066,Arrival,386890.99586930894,complete,,0.0,,,,
Patient_1066,Origem_do Pronto Socorro,386890.99586930894,complete,,,do Pronto Socorro,386890.99586930894,,
Patient_1066,CTI (PS),386890.99586930894,start,ctiBeds,0.0,,,,
Patient_1066,CTI (PS),387206.1209594457,complete,ctiBeds,0.0,,,,
Patient_1066,CTI prepara Encaminhamento,387206.1209594457,start,,0.0,,,,
Patient_1066,CTI prepara Encaminhamento,387246.51247156266,complete,,0.0,,,,
Patient_1066,Encaminha_Obito,387246.51247156266,complete,,,Obito,387246.51247156266,,
Patient_1066,Discharge,387246.51247156266,complete,,,,,,355.516602253716
Patient_1067,Arrival,387126.628024806,complete,,0.0,,,,
Patient_1067,Origem_da Maternidade,387126.628024806,complete,,,da Maternidade,387126.628024806,,
Patient_1067,CTI (MAT),387126.628024806,start,ctiBeds,0.0,,,,
Patient_1067,CTI (MAT),394163.5892053186,complete,ctiBeds,0.0,,,,
Patient_1067,CTI prepara Encaminhamento,394163.5892053186,start,,0.0,,,,
Patient_1067,CTI prepara Encaminhamento,394203.0555202029,complete,,0.0,,,,
Patient_1067,Encaminha_Obito,394203.0555202029,complete,,,Obito,394203.0555202029,,
Patient_1067,Discharge,394203.0555202029,complete,,,,,,7076.427495396929
Patient_1068,Arrival,387326.468773737,complete,,0.0,,,,
Patient_1068,Origem_do Pronto Socorro,387326.468773737,complete,,,do Pronto Socorro,387326.468773737,,
Patient_1068,CTI (PS),387326.468773737,start,ctiBeds,0.0,,,,
Patient_1068,CTI (PS),422986.48728935537,complete,ctiBeds,0.0,,,,
Patient_1068,CTI prepara Encaminhamento,422986.48728935537,start,,0.0,,,,
Patient_1068,CTI prepara Encaminhamento,423024.433943202,complete,,0.0,,,,
Patient_1068,Encaminha_para a Maternidade,423024.433943202,complete,,,para a Maternidade,423024.433943202,,
Patient_1068,Discharge,423024.433943202,complete,,,,,,35697.965169464995
Patient_1069,Arrival,389044.6883796272,complete,,0.0,,,,
Patient_1069,Origem_da Clinica Cirurgica,389044.6883796272,complete,,,da Clinica Cirurgica,389044.6883796272,,
Patient_1069,CTI (CLIC),389044.6883796272,start,ctiBeds,0.0,,,,
Patient_1069,CTI (CLIC),407555.8219730267,complete,ctiBeds,0.0,,,,
Patient_1069,CTI prepara Encaminhamento,407555.8219730267,start,,0.0,,,,
Patient_1069,CTI prepara Encaminhamento,407606.8053349628,complete,,0.0,,,,
Patient_1069,Encaminha_para a Clinica Medica,407606.8053349628,complete,,,para a Clinica Medica,407606.8053349628,,
Patient_1069,Discharge,407606.8053349628,complete,,,,,,18562.1169553356
Patient_107,Arrival,32304.16423031798,complete,,0.0,,,,
Patient_107,Origem_do Pronto Socorro,32304.16423031798,complete,,,do Pronto Socorro,32304.16423031798,,
Patient_107,CTI (PS),32304.16423031798,start,ctiBeds,0.0,,,,
Patient_107,CTI (PS),36055.87026355911,complete,ctiBeds,0.0,,,,
Patient_107,CTI prepara Encaminhamento,36055.87026355911,start,,0.0,,,,
Patient_107,CTI prepara Encaminhamento,36105.73211800708,complete,,0.0,,,,
Patient_107,Encaminha_Obito,36105.73211800708,complete,,,Obito,36105.73211800708,,
Patient_107,Discharge,36105.73211800708,complete,,,,,,3801.5678876890997
Patient_1070,Arrival,389213.1104141297,complete,,0.0,,,,
Patient_1070,Origem_da Maternidade,389213.1104141297,complete,,,da Maternidade,389213.1104141297,,
Patient_1070,CTI (MAT),389213.1104141297,start,ctiBeds,0.0,,,,
Patient_1070,CTI (MAT),393732.9046589032,complete,ctiBeds,0.0,,,,
Patient_1070,CTI prepara Encaminhamento,393732.9046589032,start,,0.0,,,,
Patient_1070,CTI prepara Encaminhamento,393769.7969921379,complete,,0.0,,,,
Patient_1070,Encaminha_para a Clinica Medica,393769.7969921379,complete,,,para a Clinica Medica,393769.7969921379,,
Patient_1070,Discharge,393769.7969921379,complete,,,,,,4556.68657800823
Patient_1071,Arrival,389333.2466107186,complete,,0.0,,,,
Patient_1071,Origem_do Pronto Socorro,389333.2466107186,complete,,,do Pronto Socorro,389333.2466107186,,
Patient_1071,CTI (PS),389333.2466107186,start,ctiBeds,0.0,,,,
Patient_1071,CTI (PS),391811.6382812747,complete,ctiBeds,0.0,,,,
Patient_1071,CTI prepara Encaminhamento,391811.6382812747,start,,0.0,,,,
Patient_1071,CTI prepara Encaminhamento,391867.3308352532,complete,,0.0,,,,
Patient_1071,Encaminha_para a Clinica Medica,391867.3308352532,complete,,,para a Clinica Medica,391867.3308352532,,
Patient_1071,Discharge,391867.3308352532,complete,,,,,,2534.0842245345702
Patient_1072,Arrival,389345.59314119274,complete,,0.0,,,,
Patient_1072,Origem_da Clinica Medica,389345.59314119274,complete,,,da Clinica Medica,389345.59314119274,,
Patient_1072,CTI (CLIM),389345.59314119274,start,ctiBeds,0.0,,,,
Patient_1072,CTI (CLIM),398218.0800318502,complete,ctiBeds,0.0,,,,
Patient_1072,CTI prepara Encaminhamento,398218.0800318502,start,,0.0,,,,
Patient_1072,CTI prepara Encaminhamento,398248.9749316354,complete,,0.0,,,,
Patient_1072,Encaminha_para a Clinica Cirurgica,398248.9749316354,complete,,,para a Clinica Cirurgica,398248.9749316354,,
Patient_1072,Discharge,398248.9749316354,complete,,,,,,8903.381790442683
Patient_1073,Arrival,389616.9076731058,complete,,0.0,,,,
Patient_1073,Origem_do Pronto Socorro,389616.9076731058,complete,,,do Pronto Socorro,389616.9076731058,,
Patient_1073,CTI (PS),389616.9076731058,start,ctiBeds,0.0,,,,
Patient_1073,CTI (PS),404626.3991724889,complete,ctiBeds,0.0,,,,
Patient_1073,CTI prepara Encaminhamento,404626.3991724889,start,,0.0,,,,
Patient_1073,CTI prepara Encaminhamento,404670.9123677291,complete,,0.0,,,,
Patient_1073,Encaminha_Obito,404670.9123677291,complete,,,Obito,404670.9123677291,,
Patient_1073,Discharge,404670.9123677291,complete,,,,,,15054.004694623349
Patient_1074,Arrival,389960.4968691764,complete,,0.0,,,,
Patient_1074,Origem_do Pronto Socorro,389960.4968691764,complete,,,do Pronto Socorro,389960.4968691764,,
Patient_1074,CTI (PS),389960.4968691764,start,ctiBeds,0.0,,,,
Patient_1074,CTI (PS),413251.1095032766,complete,ctiBeds,0.0,,,,
Patient_1074,CTI prepara Encaminhamento,413251.1095032766,start,,0.0,,,,
Patient_1074,CTI prepara Encaminhamento,413302.716682124,complete,,0.0,,,,
Patient_1074,Encaminha_para a Maternidade,413302.716682124,complete,,,para a Maternidade,413302.716682124,,
Patient_1074,Discharge,413302.716682124,complete,,,,,,23342.219812947616
Patient_1075,Arrival,390441.39120361797,complete,,0.0,,,,
Patient_1075,Origem_do Centro Cirurgico,390441.39120361797,complete,,,do Centro Cirurgico,390441.39120361797,,
Patient_1075,CTI (CC),390441.39120361797,start,ctiBeds,0.0,,,,
Patient_1075,CTI (CC),393536.17248104746,complete,ctiBeds,0.0,,,,
Patient_1075,CTI prepara Encaminhamento,393536.17248104746,start,,0.0,,,,
Patient_1075,CTI prepara Encaminhamento,393570.0431432932,complete,,0.0,,,,
Patient_1075,Encaminha_para a Clinica Medica,393570.0431432932,complete,,,para a Clinica Medica,393570.0431432932,,
Patient_1075,Discharge,393570.0431432932,complete,,,,,,3128.651939675212
Patient_1076,Arrival,390909.76946708903,complete,,0.0,,,,
Patient_1076,Origem_do Pronto Socorro,390909.76946708903,complete,,,do Pronto Socorro,390909.76946708903,,
Patient_1076,CTI (PS),390909.76946708903,start,ctiBeds,0.0,,,,
Patient_1076,CTI (PS),406650.1376600838,complete,ctiBeds,0.0,,,,
Patient_1076,CTI prepara Encaminhamento,406650.1376600838,start,,0.0,,,,
Patient_1076,CTI prepara Encaminhamento,406705.61506030057,complete,,0.0,,,,
Patient_1076,Encaminha_para a Clinica Medica,406705.61506030057,complete,,,para a Clinica Medica,406705.61506030057,,
Patient_1076,Discharge,406705.61506030057,complete,,,,,,15795.845593211532
Patient_1077,Arrival,390921.33276773803,complete,,0.0,,,,
Patient_1077,Origem_do Pronto Socorro,390921.33276773803,complete,,,do Pronto Socorro,390921.33276773803,,
Patient_1077,CTI (PS),390921.33276773803,start,ctiBeds,0.0,,,,
Patient_1077,CTI (PS),415200.39197805297,complete,ctiBeds,0.0,,,,
Patient_1077,CTI prepara Encaminhamento,415200.39197805297,start,,0.0,,,,
Patient_1077,CTI prepara Encaminhamento,415242.4664994611,complete,,0.0,,,,
Patient_1077,Encaminha_Obito,415242.4664994611,complete,,,Obito,415242.4664994611,,
Patient_1077,Discharge,415242.4664994611,complete,,,,,,24321.133731723065
Patient_1078,Arrival,390998.04717935494,complete,,0.0,,,,
Patient_1078,Origem_do Pronto Socorro,390998.04717935494,complete,,,do Pronto Socorro,390998.04717935494,,
Patient_1078,CTI (PS),390998.04717935494,start,ctiBeds,0.0,,,,
Patient_1078,CTI (PS),391754.3299900387,complete,ctiBeds,0.0,,,,
Patient_1078,CTI prepara Encaminhamento,391754.3299900387,start,,0.0,,,,
Patient_1078,CTI prepara Encaminhamento,391811.43159231334,complete,,0.0,,,,
Patient_1078,Encaminha_para a Clinica Medica,391811.43159231334,complete,,,para a Clinica Medica,391811.43159231334,,
Patient_1078,Discharge,391811.43159231334,complete,,,,,,813.3844129584031
Patient_1079,Arrival,391924.9581015242,complete,,0.0,,,,
Patient_1079,Origem_do Centro Cirurgico,391924.9581015242,complete,,,do Centro Cirurgico,391924.9581015242,,
Patient_1079,CTI (CC),391924.9581015242,start,ctiBeds,0.0,,,,
Patient_1079,CTI (CC),394662.4375868829,complete,ctiBeds,0.0,,,,
Patient_1079,CTI prepara Encaminhamento,394662.4375868829,start,,0.0,,,,
Patient_1079,CTI prepara Encaminhamento,394722.0285437857,complete,,0.0,,,,
Patient_1079,Encaminha_para a Clinica Medica,394722.0285437857,complete,,,para a Clinica Medica,394722.0285437857,,
Patient_1079,Discharge,394722.0285437857,complete,,,,,,2797.0704422614654
Patient_108,Arrival,32415.39819062582,complete,,0.0,,,,
Patient_108,Origem_da Clinica Cirurgica,32415.39819062582,complete,,,da Clinica Cirurgica,32415.39819062582,,
Patient_108,CTI (CLIC),32415.39819062582,start,ctiBeds,0.0,,,,
Patient_108,CTI (CLIC),37813.502045372225,complete,ctiBeds,0.0,,,,
Patient_108,CTI prepara Encaminhamento,37813.502045372225,start,,0.0,,,,
Patient_108,CTI prepara Encaminhamento,37855.16049104732,complete,,0.0,,,,
Patient_108,Encaminha_para a Clinica Medica,37855.16049104732,complete,,,para a Clinica Medica,37855.16049104732,,
Patient_108,Discharge,37855.16049104732,complete,,,,,,5439.762300421498
Patient_1080,Arrival,392156.1785032724,complete,,0.0,,,,
Patient_1080,Origem_do Pronto Socorro,392156.1785032724,complete,,,do Pronto Socorro,392156.1785032724,,
Patient_1080,CTI (PS),392156.1785032724,start,ctiBeds,0.0,,,,
Patient_1080,CTI (PS),396494.80575651873,complete,ctiBeds,0.0,,,,
Patient_1080,CTI prepara Encaminhamento,396494.80575651873,start,,0.0,,,,
Patient_1080,CTI prepara Encaminhamento,396554.22188166255,complete,,0.0,,,,
Patient_1080,Encaminha_para a Clinica Cirurgica,396554.22188166255,complete,,,para a Clinica Cirurgica,396554.22188166255,,
Patient_1080,Discharge,396554.22188166255,complete,,,,,,4398.043378390139
Patient_1081,Arrival,393308.2354275686,complete,,0.0,,,,
Patient_1081,Origem_do Pronto Socorro,393308.2354275686,complete,,,do Pronto Socorro,393308.2354275686,,
Patient_1081,CTI (PS),393308.2354275686,start,ctiBeds,0.0,,,,
Patient_1081,CTI (PS),400738.25695556705,complete,ctiBeds,0.0,,,,
Patient_1081,CTI prepara Encaminhamento,400738.25695556705,start,,0.0,,,,
Patient_1081,CTI prepara Encaminhamento,400769.5798594169,complete,,0.0,,,,
Patient_1081,Encaminha_Obito,400769.5798594169,complete,,,Obito,400769.5798594169,,
Patient_1081,Discharge,400769.5798594169,complete,,,,,,7461.344431848265
Patient_1082,Arrival,393784.7164186607,complete,,0.0,,,,
Patient_1082,Origem_do Pronto Socorro,393784.7164186607,complete,,,do Pronto Socorro,393784.7164186607,,
Patient_1082,CTI (PS),393784.7164186607,start,ctiBeds,0.0,,,,
Patient_1082,CTI (PS),408006.4164002198,complete,ctiBeds,0.0,,,,
Patient_1082,CTI prepara Encaminhamento,408006.4164002198,start,,0.0,,,,
Patient_1082,CTI prepara Encaminhamento,408058.573737147,complete,,0.0,,,,
Patient_1082,Encaminha_para a Clinica Cirurgica,408058.573737147,complete,,,para a Clinica Cirurgica,408058.573737147,,
Patient_1082,Discharge,408058.573737147,complete,,,,,,14273.857318486262
Patient_1083,Arrival,393802.2032564269,complete,,0.0,,,,
Patient_1083,Origem_do Centro Cirurgico,393802.2032564269,complete,,,do Centro Cirurgico,393802.2032564269,,
Patient_1083,CTI (CC),393802.2032564269,start,ctiBeds,0.0,,,,
Patient_1083,CTI (CC),405572.8788896594,complete,ctiBeds,0.0,,,,
Patient_1083,CTI prepara Encaminhamento,405572.8788896594,start,,0.0,,,,
Patient_1083,CTI prepara Encaminhamento,405622.8345727119,complete,,0.0,,,,
Patient_1083,Encaminha_Obito,405622.8345727119,complete,,,Obito,405622.8345727119,,
Patient_1083,Discharge,405622.8345727119,complete,,,,,,11820.631316284998
Patient_1084,Arrival,393874.25677960325,complete,,0.0,,,,
Patient_1084,Origem_do Pronto Socorro,393874.25677960325,complete,,,do Pronto Socorro,393874.25677960325,,
Patient_1084,CTI (PS),393874.25677960325,start,ctiBeds,0.0,,,,
Patient_1084,CTI (PS),402676.00800190517,complete,ctiBeds,0.0,,,,
Patient_1084,CTI prepara Encaminhamento,402676.00800190517,start,,0.0,,,,
Patient_1084,CTI prepara Encaminhamento,402718.54113487306,complete,,0.0,,,,
Patient_1084,Encaminha_para a Clinica Medica,402718.54113487306,complete,,,para a Clinica Medica,402718.54113487306,,
Patient_1084,Discharge,402718.54113487306,complete,,,,,,8844.284355269803
Patient_1085,Arrival,394047.68518957624,complete,,0.0,,,,
Patient_1085,Origem_do Centro Cirurgico,394047.68518957624,complete,,,do Centro Cirurgico,394047.68518957624,,
Patient_1085,CTI (CC),394047.68518957624,start,ctiBeds,0.0,,,,
Patient_1085,CTI (CC),415578.2729915166,complete,ctiBeds,0.0,,,,
Patient_1085,CTI prepara Encaminhamento,415578.2729915166,start,,0.0,,,,
Patient_1085,CTI prepara Encaminhamento,415632.40251336485,complete,,0.0,,,,
Patient_1085,Encaminha_Obito,415632.40251336485,complete,,,Obito,415632.40251336485,,
Patient_1085,Discharge,415632.40251336485,complete,,,,,,21584.717323788616
Patient_1086,Arrival,394292.38199480285,complete,,0.0,,,,
Patient_1086,Origem_do Centro Cirurgico,394292.38199480285,complete,,,do Centro Cirurgico,394292.38199480285,,
Patient_1086,CTI (CC),394292.38199480285,start,ctiBeds,0.0,,,,
Patient_1086,CTI (CC),396040.22322485177,complete,ctiBeds,0.0,,,,
Patient_1086,CTI prepara Encaminhamento,396040.22322485177,start,,0.0,,,,
Patient_1086,CTI prepara Encaminhamento,396097.59282291675,complete,,0.0,,,,
Patient_1086,Encaminha_para a Clinica Medica,396097.59282291675,complete,,,para a Clinica Medica,396097.59282291675,,
Patient_1086,Discharge,396097.59282291675,complete,,,,,,1805.2108281138935
Patient_1087,Arrival,395187.0909195362,complete,,0.0,,,,
Patient_1087,Origem_do Pronto Socorro,395187.0909195362,complete,,,do Pronto Socorro,395187.0909195362,,
Patient_1087,CTI (PS),395187.0909195362,start,ctiBeds,0.0,,,,
Patient_1087,CTI (PS),413983.8108450153,complete,ctiBeds,0.0,,,,
Patient_1087,CTI prepara Encaminhamento,413983.8108450153,start,,0.0,,,,
Patient_1087,CTI prepara Encaminhamento,414018.6698191067,complete,,0.0,,,,
Patient_1087,Encaminha_para a Clinica Medica,414018.6698191067,complete,,,para a Clinica Medica,414018.6698191067,,
Patient_1087,Discharge,414018.6698191067,complete,,,,,,18831.578899570508
Patient_1088,Arrival,396263.5609881897,complete,,0.0,,,,
Patient_1088,Origem_do Pronto Socorro,396263.5609881897,complete,,,do Pronto Socorro,396263.5609881897,,
Patient_1088,CTI (PS),396263.5609881897,start,ctiBeds,0.0,,,,
Patient_1088,CTI (PS),402352.84975613735,complete,ctiBeds,0.0,,,,
Patient_1088,CTI prepara Encaminhamento,402352.84975613735,start,,0.0,,,,
Patient_1088,CTI prepara Encaminhamento,402410.69308303064,complete,,0.0,,,,
Patient_1088,Encaminha_Obito,402410.69308303064,complete,,,Obito,402410.69308303064,,
Patient_1088,Discharge,402410.69308303064,complete,,,,,,6147.132094840927
Patient_1089,Arrival,396353.0295673759,complete,,0.0,,,,
Patient_1089,Origem_do Pronto Socorro,396353.0295673759,complete,,,do Pronto Socorro,396353.0295673759,,
Patient_1089,CTI (PS),396353.0295673759,start,ctiBeds,0.0,,,,
Patient_1089,CTI (PS),408451.7124408907,complete,ctiBeds,0.0,,,,
Patient_1089,CTI prepara Encaminhamento,408451.7124408907,start,,0.0,,,,
Patient_1089,CTI prepara Encaminhamento,408484.25077894505,complete,,0.0,,,,
Patient_1089,Encaminha_para a Clinica Medica,408484.25077894505,complete,,,para a Clinica Medica,408484.25077894505,,
Patient_1089,Discharge,408484.25077894505,complete,,,,,,12131.221211569151
Patient_109,Arrival,32919.1247790739,complete,,0.0,,,,
Patient_109,Origem_do Centro Cirurgico,32919.1247790739,complete,,,do Centro Cirurgico,32919.1247790739,,
Patient_109,CTI (CC),32919.1247790739,start,ctiBeds,0.0,,,,
Patient_109,CTI (CC),36809.78474796589,complete,ctiBeds,0.0,,,,
Patient_109,CTI prepara Encaminhamento,36809.78474796589,start,,0.0,,,,
Patient_109,CTI prepara Encaminhamento,36867.04561027866,complete,,0.0,,,,
Patient_109,Encaminha_Obito,36867.04561027866,complete,,,Obito,36867.04561027866,,
Patient_109,Discharge,36867.04561027866,complete,,,,,,3947.920831204763
Patient_1090,Arrival,396752.6406881921,complete,,0.0,,,,
Patient_1090,Origem_do Centro Cirurgico,396752.6406881921,complete,,,do Centro Cirurgico,396752.6406881921,,
Patient_1090,CTI (CC),396752.6406881921,start,ctiBeds,0.0,,,,
Patient_1090,CTI (CC),398601.2940496673,complete,ctiBeds,0.0,,,,
Patient_1090,CTI prepara Encaminhamento,398601.2940496673,start,,0.0,,,,
Patient_1090,CTI prepara Encaminhamento,398641.5665714203,complete,,0.0,,,,
Patient_1090,Encaminha_Transferencia Externa,398641.5665714203,complete,,,Transferencia Externa,398641.5665714203,,
Patient_1090,Discharge,398641.5665714203,complete,,,,,,1888.925883228192
Patient_1091,Arrival,396946.5704339613,complete,,0.0,,,,
Patient_1091,Origem_da Clinica Medica,396946.5704339613,complete,,,da Clinica Medica,396946.5704339613,,
Patient_1091,CTI (CLIM),396946.5704339613,start,ctiBeds,0.0,,,,
Patient_1091,CTI (CLIM),417328.08207107347,complete,ctiBeds,0.0,,,,
Patient_1091,CTI prepara Encaminhamento,417328.08207107347,start,,0.0,,,,
Patient_1091,CTI prepara Encaminhamento,417364.0054046511,complete,,0.0,,,,
Patient_1091,Encaminha_para a Clinica Medica,417364.0054046511,complete,,,para a Clinica Medica,417364.0054046511,,
Patient_1091,Discharge,417364.0054046511,complete,,,,,,20417.43497068982
Patient_1092,Arrival,397362.39970229974,complete,,0.0,,,,
Patient_1092,Origem_do Pronto Socorro,397362.39970229974,complete,,,do Pronto Socorro,397362.39970229974,,
Patient_1092,CTI (PS),397362.39970229974,start,ctiBeds,0.0,,,,
Patient_1092,CTI (PS),418209.5327997419,complete,ctiBeds,0.0,,,,
Patient_1092,CTI prepara Encaminhamento,418209.5327997419,start,,0.0,,,,
Patient_1092,CTI prepara Encaminhamento,418250.81410417636,complete,,0.0,,,,
Patient_1092,Encaminha_para a Clinica Cirurgica,418250.81410417636,complete,,,para a Clinica Cirurgica,418250.81410417636,,
Patient_1092,Discharge,418250.81410417636,complete,,,,,,20888.414401876624
Patient_1093,Arrival,397650.5142078965,complete,,0.0,,,,
Patient_1093,Origem_do Centro Cirurgico,397650.5142078965,complete,,,do Centro Cirurgico,397650.5142078965,,
Patient_1093,CTI (CC),397650.5142078965,start,ctiBeds,0.0,,,,
Patient_1093,CTI (CC),412439.0159161326,complete,ctiBeds,0.0,,,,
Patient_1093,CTI prepara Encaminhamento,412439.0159161326,start,,0.0,,,,
Patient_1093,CTI prepara Encaminhamento,412477.342837883,complete,,0.0,,,,
Patient_1093,Encaminha_para a Clinica Medica,412477.342837883,complete,,,para a Clinica Medica,412477.342837883,,
Patient_1093,Discharge,412477.342837883,complete,,,,,,14826.8286299865
Patient_1094,Arrival,397920.1580319666,complete,,0.0,,,,
Patient_1094,Origem_do Pronto Socorro,397920.1580319666,complete,,,do Pronto Socorro,397920.1580319666,,
Patient_1094,CTI (PS),397920.1580319666,start,ctiBeds,0.0,,,,
Patient_1094,CTI (PS),425223.20832880726,complete,ctiBeds,0.0,,,,
Patient_1094,CTI prepara Encaminhamento,425223.20832880726,start,,0.0,,,,
Patient_1094,CTI prepara Encaminhamento,425266.62674519833,complete,,0.0,,,,
Patient_1094,Encaminha_Obito,425266.62674519833,complete,,,Obito,425266.62674519833,,
Patient_1094,Discharge,425266.62674519833,complete,,,,,,27346.468713231734
Patient_1095,Arrival,397921.3521405718,complete,,0.0,,,,
Patient_1095,Origem_da Clinica Medica,397921.3521405718,complete,,,da Clinica Medica,397921.3521405718,,
Patient_1095,CTI (CLIM),397921.3521405718,start,ctiBeds,0.0,,,,
Patient_1095,CTI (CLIM),409037.38102068106,complete,ctiBeds,0.0,,,,
Patient_1095,CTI prepara Encaminhamento,409037.38102068106,start,,0.0,,,,
Patient_1095,CTI prepara Encaminhamento,409089.9445257541,complete,,0.0,,,,
Patient_1095,Encaminha_para a Clinica Cirurgica,409089.9445257541,complete,,,para a Clinica Cirurgica,409089.9445257541,,
Patient_1095,Discharge,409089.9445257541,complete,,,,,,11168.592385182274
Patient_1096,Arrival,398087.37539601856,complete,,0.0,,,,
Patient_1096,Origem_do Pronto Socorro,398087.37539601856,complete,,,do Pronto Socorro,398087.37539601856,,
Patient_1096,CTI (PS),398087.37539601856,start,ctiBeds,0.0,,,,
Patient_1096,CTI (PS),401794.49939465156,complete,ctiBeds,0.0,,,,
Patient_1096,CTI prepara Encaminhamento,401794.49939465156,start,,0.0,,,,
Patient_1096,CTI prepara Encaminhamento,401826.4810940858,complete,,0.0,,,,
Patient_1096,Encaminha_para a Clinica Medica,401826.4810940858,complete,,,para a Clinica Medica,401826.4810940858,,
Patient_1096,Discharge,401826.4810940858,complete,,,,,,3739.1056980672292
Patient_1097,Arrival,398101.3464872785,complete,,0.0,,,,
Patient_1097,Origem_do Pronto Socorro,398101.3464872785,complete,,,do Pronto Socorro,398101.3464872785,,
Patient_1097,CTI (PS),398101.3464872785,start,ctiBeds,0.0,,,,
Patient_1097,CTI (PS),401280.1116313815,complete,ctiBeds,0.0,,,,
Patient_1097,CTI prepara Encaminhamento,401280.1116313815,start,,0.0,,,,
Patient_1097,CTI prepara Encaminhamento,401313.9138960227,complete,,0.0,,,,
Patient_1097,Encaminha_para a Clinica Medica,401313.9138960227,complete,,,para a Clinica Medica,401313.9138960227,,
Patient_1097,Discharge,401313.9138960227,complete,,,,,,3212.5674087441876
Patient_1098,Arrival,398356.06508778763,complete,,0.0,,,,
Patient_1098,Origem_do Pronto Socorro,398356.06508778763,complete,,,do Pronto Socorro,398356.06508778763,,
Patient_1098,CTI (PS),398356.06508778763,start,ctiBeds,0.0,,,,
Patient_1098,CTI (PS),401626.5208070539,complete,ctiBeds,0.0,,,,
Patient_1098,CTI prepara Encaminhamento,401626.5208070539,start,,0.0,,,,
Patient_1098,CTI prepara Encaminhamento,401661.7033375085,complete,,0.0,,,,
Patient_1098,Encaminha_para a Clinica Cirurgica,401661.7033375085,complete,,,para a Clinica Cirurgica,401661.7033375085,,
Patient_1098,Discharge,401661.7033375085,complete,,,,,,3305.638249720854
Patient_1099,Arrival,398465.1632350532,complete,,0.0,,,,
Patient_1099,Origem_do Pronto Socorro,398465.1632350532,complete,,,do Pronto Socorro,398465.1632350532,,
Patient_1099,CTI (PS),398465.1632350532,start,ctiBeds,0.0,,,,
Patient_1099,CTI (PS),403283.8962945989,complete,ctiBeds,0.0,,,,
Patient_1099,CTI prepara Encaminhamento,403283.8962945989,start,,0.0,,,,
Patient_1099,CTI prepara Encaminhamento,403314.65953785134,complete,,0.0,,,,
Patient_1099,Encaminha_Transferencia Externa,403314.65953785134,complete,,,Transferencia Externa,403314.65953785134,,
Patient_1099,Discharge,403314.65953785134,complete,,,,,,4849.496302798158
Patient_11,Arrival,3747.6137449440444,complete,,0.0,,,,
Patient_11,Origem_do Pronto Socorro,3747.6137449440444,complete,,,do Pronto Socorro,3747.6137449440444,,
Patient_11,CTI (PS),3747.6137449440444,start,ctiBeds,0.0,,,,
Patient_11,CTI (PS),6954.142244145454,complete,ctiBeds,0.0,,,,
Patient_11,CTI prepara Encaminhamento,6954.142244145454,start,,0.0,,,,
Patient_11,CTI prepara Encaminhamento,7011.831219249954,complete,,0.0,,,,
Patient_11,Encaminha_para a Clinica Medica,7011.831219249954,complete,,,para a Clinica Medica,7011.831219249954,,
Patient_11,Discharge,7011.831219249954,complete,,,,,,3264.21747430591
Patient_110,Arrival,32960.56831374537,complete,,0.0,,,,
Patient_110,Origem_do Pronto Socorro,32960.56831374537,complete,,,do Pronto Socorro,32960.56831374537,,
Patient_110,CTI (PS),32960.56831374537,start,ctiBeds,0.0,,,,
Patient_110,CTI (PS),68231.3924835596,complete,ctiBeds,0.0,,,,
Patient_110,CTI prepara Encaminhamento,68231.3924835596,start,,0.0,,,,
Patient_110,CTI prepara Encaminhamento,68278.25689699648,complete,,0.0,,,,
Patient_110,Encaminha_Obito,68278.25689699648,complete,,,Obito,68278.25689699648,,
Patient_110,Discharge,68278.25689699648,complete,,,,,,35317.68858325111
Patient_1100,Arrival,398594.25771897944,complete,,0.0,,,,
Patient_1100,Origem_do Pronto Socorro,398594.25771897944,complete,,,do Pronto Socorro,398594.25771897944,,
Patient_1100,CTI (PS),398594.25771897944,start,ctiBeds,0.0,,,,
Patient_1100,CTI (PS),398877.0793701603,complete,ctiBeds,0.0,,,,
Patient_1100,CTI prepara Encaminhamento,398877.0793701603,start,,0.0,,,,
Patient_1100,CTI prepara Encaminhamento,398917.3945746705,complete,,0.0,,,,
Patient_1100,Encaminha_para a Clinica Cirurgica,398917.3945746705,complete,,,para a Clinica Cirurgica,398917.3945746705,,
Patient_1100,Discharge,398917.3945746705,complete,,,,,,323.1368556910893
Patient_1101,Arrival,398671.5181725752,complete,,0.0,,,,
Patient_1101,Origem_do Pronto Socorro,398671.5181725752,complete,,,do Pronto Socorro,398671.5181725752,,
Patient_1101,CTI (PS),398671.5181725752,start,ctiBeds,0.0,,,,
Patient_1101,CTI (PS),403818.7774493927,complete,ctiBeds,0.0,,,,
Patient_1101,CTI prepara Encaminhamento,403818.7774493927,start,,0.0,,,,
Patient_1101,CTI prepara Encaminhamento,403861.1868975661,complete,,0.0,,,,
Patient_1101,Encaminha_para a Clinica Cirurgica,403861.1868975661,complete,,,para a Clinica Cirurgica,403861.1868975661,,
Patient_1101,Discharge,403861.1868975661,complete,,,,,,5189.668724990857
Patient_1102,Arrival,399848.71518880344,complete,,0.0,,,,
Patient_1102,Origem_do Pronto Socorro,399848.71518880344,complete,,,do Pronto Socorro,399848.71518880344,,
Patient_1102,CTI (PS),399848.71518880344,start,ctiBeds,0.0,,,,
Patient_1102,CTI (PS),408956.3692394163,complete,ctiBeds,0.0,,,,
Patient_1102,CTI prepara Encaminhamento,408956.3692394163,start,,0.0,,,,
Patient_1102,CTI prepara Encaminhamento,408988.99386927777,complete,,0.0,,,,
Patient_1102,Encaminha_para o Centro Cirurgico,408988.99386927777,complete,,,para o Centro Cirurgico,408988.99386927777,,
Patient_1102,Discharge,408988.99386927777,complete,,,,,,9140.278680474323
Patient_1103,Arrival,400686.80527403456,complete,,0.0,,,,
Patient_1103,Origem_do Pronto Socorro,400686.80527403456,complete,,,do Pronto Socorro,400686.80527403456,,
Patient_1103,CTI (PS),400686.80527403456,start,ctiBeds,0.0,,,,
Patient_1103,CTI (PS),403693.49819988577,complete,ctiBeds,0.0,,,,
Patient_1103,CTI prepara Encaminhamento,403693.49819988577,start,,0.0,,,,
Patient_1103,CTI prepara Encaminhamento,403724.1094053571,complete,,0.0,,,,
Patient_1103,Encaminha_para a Clinica Cirurgica,403724.1094053571,complete,,,para a Clinica Cirurgica,403724.1094053571,,
Patient_1103,Discharge,403724.1094053571,complete,,,,,,3037.3041313225403
Patient_1104,Arrival,400813.92906581535,complete,,0.0,,,,
Patient_1104,Origem_do Pronto Socorro,400813.92906581535,complete,,,do Pronto Socorro,400813.92906581535,,
Patient_1104,CTI (PS),400813.92906581535,start,ctiBeds,0.0,,,,
Patient_1104,CTI (PS),401822.93923956703,complete,ctiBeds,0.0,,,,
Patient_1104,CTI prepara Encaminhamento,401822.93923956703,start,,0.0,,,,
Patient_1104,CTI prepara Encaminhamento,401862.4645891207,complete,,0.0,,,,
Patient_1104,Encaminha_para a Clinica Medica,401862.4645891207,complete,,,para a Clinica Medica,401862.4645891207,,
Patient_1104,Discharge,401862.4645891207,complete,,,,,,1048.535523305356
Patient_1105,Arrival,400953.33656222245,complete,,0.0,,,,
Patient_1105,Origem_do Pronto Socorro,400953.33656222245,complete,,,do Pronto Socorro,400953.33656222245,,
Patient_1105,CTI (PS),400953.33656222245,start,ctiBeds,0.0,,,,
Patient_1105,CTI (PS),412047.9834415693,complete,ctiBeds,0.0,,,,
Patient_1105,CTI prepara Encaminhamento,412047.9834415693,start,,0.0,,,,
Patient_1105,CTI prepara Encaminhamento,412103.86715978326,complete,,0.0,,,,
Patient_1105,Encaminha_para a Clinica Medica,412103.86715978326,complete,,,para a Clinica Medica,412103.86715978326,,
Patient_1105,Discharge,412103.86715978326,complete,,,,,,11150.530597560806
Patient_1106,Arrival,401367.62801005493,complete,,0.0,,,,
Patient_1106,Origem_do Centro Cirurgico,401367.62801005493,complete,,,do Centro Cirurgico,401367.62801005493,,
Patient_1106,CTI (CC),401367.62801005493,start,ctiBeds,0.0,,,,
Patient_1106,CTI (CC),403221.70627962647,complete,ctiBeds,0.0,,,,
Patient_1106,CTI prepara Encaminhamento,403221.70627962647,start,,0.0,,,,
Patient_1106,CTI prepara Encaminhamento,403267.0200181775,complete,,0.0,,,,
Patient_1106,Encaminha_Obito,403267.0200181775,complete,,,Obito,403267.0200181775,,
Patient_1106,Discharge,403267.0200181775,complete,,,,,,1899.3920081225806
Patient_1107,Arrival,401527.7798057991,complete,,0.0,,,,
Patient_1107,Origem_do Centro Cirurgico,401527.7798057991,complete,,,do Centro Cirurgico,401527.7798057991,,
Patient_1107,CTI (CC),401527.7798057991,start,ctiBeds,0.0,,,,
Patient_1107,CTI (CC),403214.4874289326,complete,ctiBeds,0.0,,,,
Patient_1107,CTI prepara Encaminhamento,403214.4874289326,start,,0.0,,,,
Patient_1107,CTI prepara Encaminhamento,403245.76431842294,complete,,0.0,,,,
Patient_1107,Encaminha_para a Clinica Cirurgica,403245.76431842294,complete,,,para a Clinica Cirurgica,403245.76431842294,,
Patient_1107,Discharge,403245.76431842294,complete,,,,,,1717.9845126238652
Patient_1108,Arrival,401908.6911541373,complete,,0.0,,,,
Patient_1108,Origem_do Centro Cirurgico,401908.6911541373,complete,,,do Centro Cirurgico,401908.6911541373,,
Patient_1108,CTI (CC),401908.6911541373,start,ctiBeds,0.0,,,,
Patient_1108,CTI (CC),415349.61621172045,complete,ctiBeds,0.0,,,,
Patient_1108,CTI prepara Encaminhamento,415349.61621172045,start,,0.0,,,,
Patient_1108,CTI prepara Encaminhamento,415382.4174541482,complete,,0.0,,,,
Patient_1108,Encaminha_para a Clinica Medica,415382.4174541482,complete,,,para a Clinica Medica,415382.4174541482,,
Patient_1108,Discharge,415382.4174541482,complete,,,,,,13473.726300010865
Patient_1109,Arrival,402080.9096265632,complete,,0.0,,,,
Patient_1109,Origem_do Centro Cirurgico,402080.9096265632,complete,,,do Centro Cirurgico,402080.9096265632,,
Patient_1109,CTI (CC),402080.9096265632,start,ctiBeds,0.0,,,,
Patient_1109,CTI (CC),403631.10332448425,complete,ctiBeds,0.0,,,,
Patient_1109,CTI prepara Encaminhamento,403631.10332448425,start,,0.0,,,,
Patient_1109,CTI prepara Encaminhamento,403682.1806716804,complete,,0.0,,,,
Patient_1109,Encaminha_para a Clinica Medica,403682.1806716804,complete,,,para a Clinica Medica,403682.1806716804,,
Patient_1109,Discharge,403682.1806716804,complete,,,,,,1601.2710451172316
Patient_111,Arrival,33360.63068044631,complete,,0.0,,,,
Patient_111,Origem_do Pronto Socorro,33360.63068044631,complete,,,do Pronto Socorro,33360.63068044631,,
Patient_111,CTI (PS),33360.63068044631,start,ctiBeds,0.0,,,,
Patient_111,CTI (PS),35681.88894959942,complete,ctiBeds,0.0,,,,
Patient_111,CTI prepara Encaminhamento,35681.88894959942,start,,0.0,,,,
Patient_111,CTI prepara Encaminhamento,35728.036197252695,complete,,0.0,,,,
Patient_111,Encaminha_Transferencia Externa,35728.036197252695,complete,,,Transferencia Externa,35728.036197252695,,
Patient_111,Discharge,35728.036197252695,complete,,,,,,2367.405516806386
Patient_1110,Arrival,402460.61553127994,complete,,0.0,,,,
Patient_1110,Origem_do Pronto Socorro,402460.61553127994,complete,,,do Pronto Socorro,402460.61553127994,,
Patient_1110,CTI (PS),402460.61553127994,start,ctiBeds,0.0,,,,
Patient_1110,CTI (PS),404523.32798256015,complete,ctiBeds,0.0,,,,
Patient_1110,CTI prepara Encaminhamento,404523.32798256015,start,,0.0,,,,
Patient_1110,CTI prepara Encaminhamento,404572.43702699203,complete,,0.0,,,,
Patient_1110,Encaminha_para a Clinica Cirurgica,404572.43702699203,complete,,,para a Clinica Cirurgica,404572.43702699203,,
Patient_1110,Discharge,404572.43702699203,complete,,,,,,2111.8214957120945
Patient_1111,Arrival,402745.72259579174,complete,,0.0,,,,
Patient_1111,Origem_do Centro Cirurgico,402745.72259579174,complete,,,do Centro Cirurgico,402745.72259579174,,
Patient_1111,CTI (CC),402745.72259579174,start,ctiBeds,0.0,,,,
Patient_1111,CTI (CC),411182.5078924587,complete,ctiBeds,0.0,,,,
Patient_1111,CTI prepara Encaminhamento,411182.5078924587,start,,0.0,,,,
Patient_1111,CTI prepara Encaminhamento,411220.58944413485,complete,,0.0,,,,
Patient_1111,Encaminha_para a Clinica Medica,411220.58944413485,complete,,,para a Clinica Medica,411220.58944413485,,
Patient_1111,Discharge,411220.58944413485,complete,,,,,,8474.86684834311
Patient_1112,Arrival,403326.48050466354,complete,,0.0,,,,
Patient_1112,Origem_do Pronto Socorro,403326.48050466354,complete,,,do Pronto Socorro,403326.48050466354,,
Patient_1112,CTI (PS),403326.48050466354,start,ctiBeds,0.0,,,,
Patient_1112,CTI (PS),412884.05983394093,complete,ctiBeds,0.0,,,,
Patient_1112,CTI prepara Encaminhamento,412884.05983394093,start,,0.0,,,,
Patient_1112,CTI prepara Encaminhamento,412918.24100198486,complete,,0.0,,,,
Patient_1112,Encaminha_para a Clinica Medica,412918.24100198486,complete,,,para a Clinica Medica,412918.24100198486,,
Patient_1112,Discharge,412918.24100198486,complete,,,,,,9591.760497321317
Patient_1113,Arrival,403655.9624899536,complete,,0.0,,,,
Patient_1113,Origem_do Pronto Socorro,403655.9624899536,complete,,,do Pronto Socorro,403655.9624899536,,
Patient_1113,CTI (PS),403655.9624899536,start,ctiBeds,0.0,,,,
Patient_1113,CTI (PS),429106.46082230535,complete,ctiBeds,0.0,,,,
Patient_1113,CTI prepara Encaminhamento,429106.46082230535,start,,0.0,,,,
Patient_1113,CTI prepara Encaminhamento,429161.225924224,complete,,0.0,,,,
Patient_1113,Encaminha_para a Clinica Cirurgica,429161.225924224,complete,,,para a Clinica Cirurgica,429161.225924224,,
Patient_1113,Discharge,429161.225924224,complete,,,,,,25505.263434270397
Patient_1114,Arrival,403937.98748163384,complete,,0.0,,,,
Patient_1114,Origem_do Pronto Socorro,403937.98748163384,complete,,,do Pronto Socorro,403937.98748163384,,
Patient_1114,CTI (PS),403937.98748163384,start,ctiBeds,0.0,,,,
Patient_1114,CTI (PS),419813.72081284586,complete,ctiBeds,0.0,,,,
Patient_1114,CTI prepara Encaminhamento,419813.72081284586,start,,0.0,,,,
Patient_1114,CTI prepara Encaminhamento,419855.8563182608,complete,,0.0,,,,
Patient_1114,Encaminha_Transferencia Externa,419855.8563182608,complete,,,Transferencia Externa,419855.8563182608,,
Patient_1114,Discharge,419855.8563182608,complete,,,,,,15917.868836626934
Patient_1115,Arrival,404488.26858329657,complete,,0.0,,,,
Patient_1115,Origem_da Clinica Cirurgica,404488.26858329657,complete,,,da Clinica Cirurgica,404488.26858329657,,
Patient_1115,CTI (CLIC),404488.26858329657,start,ctiBeds,0.0,,,,
Patient_1115,CTI (CLIC),407702.3936066286,complete,ctiBeds,0.0,,,,
Patient_1115,CTI prepara Encaminhamento,407702.3936066286,start,,0.0,,,,
Patient_1115,CTI prepara Encaminhamento,407749.4385514733,complete,,0.0,,,,
Patient_1115,Encaminha_Obito,407749.4385514733,complete,,,Obito,407749.4385514733,,
Patient_1115,Discharge,407749.4385514733,complete,,,,,,3261.1699681767495
Patient_1116,Arrival,404765.89349264395,complete,,0.0,,,,
Patient_1116,Origem_do Centro Cirurgico,404765.89349264395,complete,,,do Centro Cirurgico,404765.89349264395,,
Patient_1116,CTI (CC),404765.89349264395,start,ctiBeds,0.0,,,,
Patient_1116,CTI (CC),405103.6293942058,complete,ctiBeds,0.0,,,,
Patient_1116,CTI prepara Encaminhamento,405103.6293942058,start,,0.0,,,,
Patient_1116,CTI prepara Encaminhamento,405163.15449398226,complete,,0.0,,,,
Patient_1116,Encaminha_para a Clinica Medica,405163.15449398226,complete,,,para a Clinica Medica,405163.15449398226,,
Patient_1116,Discharge,405163.15449398226,complete,,,,,,397.26100133830914
Patient_1117,Arrival,404916.4647026285,complete,,0.0,,,,
Patient_1117,Origem_do Pronto Socorro,404916.4647026285,complete,,,do Pronto Socorro,404916.4647026285,,
Patient_1117,CTI (PS),404916.4647026285,start,ctiBeds,0.0,,,,
Patient_1117,CTI (PS),430899.00986841106,complete,ctiBeds,0.0,,,,
Patient_1117,CTI prepara Encaminhamento,430899.00986841106,start,,0.0,,,,
Patient_1117,CTI prepara Encaminhamento,430952.98824126757,complete,,0.0,,,,
Patient_1117,Encaminha_Transferencia Externa,430952.98824126757,complete,,,Transferencia Externa,430952.98824126757,,
Patient_1117,Discharge,430952.98824126757,complete,,,,,,26036.52353863907
Patient_1118,Arrival,405027.27498249226,complete,,0.0,,,,
Patient_1118,Origem_do Pronto Socorro,405027.27498249226,complete,,,do Pronto Socorro,405027.27498249226,,
Patient_1118,CTI (PS),405027.27498249226,start,ctiBeds,0.0,,,,
Patient_1118,CTI (PS),425690.69830948696,complete,ctiBeds,0.0,,,,
Patient_1118,CTI prepara Encaminhamento,425690.69830948696,start,,0.0,,,,
Patient_1118,CTI prepara Encaminhamento,425736.7023496814,complete,,0.0,,,,
Patient_1118,Encaminha_Obito,425736.7023496814,complete,,,Obito,425736.7023496814,,
Patient_1118,Discharge,425736.7023496814,complete,,,,,,20709.427367189142
Patient_1119,Arrival,405127.8301047008,complete,,0.0,,,,
Patient_1119,Origem_da Clinica Medica,405127.8301047008,complete,,,da Clinica Medica,405127.8301047008,,
Patient_1119,CTI (CLIM),405127.8301047008,start,ctiBeds,0.0,,,,
Patient_1119,CTI (CLIM),411029.7550213394,complete,ctiBeds,0.0,,,,
Patient_1119,CTI prepara Encaminhamento,411029.7550213394,start,,0.0,,,,
Patient_1119,CTI prepara Encaminhamento,411069.05916148477,complete,,0.0,,,,
Patient_1119,Encaminha_para a Clinica Medica,411069.05916148477,complete,,,para a Clinica Medica,411069.05916148477,,
Patient_1119,Discharge,411069.05916148477,complete,,,,,,5941.229056783952
Patient_112,Arrival,33578.8273554166,complete,,0.0,,,,
Patient_112,Origem_da Clinica Medica,33578.8273554166,complete,,,da Clinica Medica,33578.8273554166,,
Patient_112,CTI (CLIM),33578.8273554166,start,ctiBeds,0.0,,,,
Patient_112,CTI (CLIM),83807.32178222264,complete,ctiBeds,0.0,,,,
Patient_112,CTI prepara Encaminhamento,83807.32178222264,start,,0.0,,,,
Patient_112,CTI prepara Encaminhamento,83864.26679809438,complete,,0.0,,,,
Patient_112,Encaminha_para a Clinica Cirurgica,83864.26679809438,complete,,,para a Clinica Cirurgica,83864.26679809438,,
Patient_112,Discharge,83864.26679809438,complete,,,,,,50285.43944267778
Patient_1120,Arrival,405362.0750051808,complete,,0.0,,,,
Patient_1120,Origem_da Clinica Cirurgica,405362.0750051808,complete,,,da Clinica Cirurgica,405362.0750051808,,
Patient_1120,CTI (CLIC),405362.0750051808,start,ctiBeds,0.0,,,,
Patient_1120,CTI (CLIC),407016.58257496863,complete,ctiBeds,0.0,,,,
Patient_1120,CTI prepara Encaminhamento,407016.58257496863,start,,0.0,,,,
Patient_1120,CTI prepara Encaminhamento,407059.1596215609,complete,,0.0,,,,
Patient_1120,Encaminha_para a Clinica Cirurgica,407059.1596215609,complete,,,para a Clinica Cirurgica,407059.1596215609,,
Patient_1120,Discharge,407059.1596215609,complete,,,,,,1697.0846163801034
Patient_1121,Arrival,405550.0017874467,complete,,0.0,,,,
Patient_1121,Origem_do Pronto Socorro,405550.0017874467,complete,,,do Pronto Socorro,405550.0017874467,,
Patient_1121,CTI (PS),405550.0017874467,start,ctiBeds,0.0,,,,
Patient_1121,CTI (PS),437430.2507124119,complete,ctiBeds,0.0,,,,
Patient_1121,CTI prepara Encaminhamento,437430.2507124119,start,,0.0,,,,
Patient_1121,CTI prepara Encaminhamento,437471.8364812776,complete,,0.0,,,,
Patient_1121,Encaminha_para a Clinica Cirurgica,437471.8364812776,complete,,,para a Clinica Cirurgica,437471.8364812776,,
Patient_1121,Discharge,437471.8364812776,complete,,,,,,31921.834693830926
Patient_1122,Arrival,406709.0420354862,complete,,0.0,,,,
Patient_1122,Origem_do Centro Cirurgico,406709.0420354862,complete,,,do Centro Cirurgico,406709.0420354862,,
Patient_1122,CTI (CC),406709.0420354862,start,ctiBeds,0.0,,,,
Patient_1122,CTI (CC),409492.9536410776,complete,ctiBeds,0.0,,,,
Patient_1122,CTI prepara Encaminhamento,409492.9536410776,start,,0.0,,,,
Patient_1122,CTI prepara Encaminhamento,409542.14197546156,complete,,0.0,,,,
Patient_1122,Encaminha_Obito,409542.14197546156,complete,,,Obito,409542.14197546156,,
Patient_1122,Discharge,409542.14197546156,complete,,,,,,2833.0999399753637
Patient_1123,Arrival,406843.817292348,complete,,0.0,,,,
Patient_1123,Origem_do Pronto Socorro,406843.817292348,complete,,,do Pronto Socorro,406843.817292348,,
Patient_1123,CTI (PS),406843.817292348,start,ctiBeds,0.0,,,,
Patient_1123,CTI (PS),410858.63505732355,complete,ctiBeds,0.0,,,,
Patient_1123,CTI prepara Encaminhamento,410858.63505732355,start,,0.0,,,,
Patient_1123,CTI prepara Encaminhamento,410901.75557190453,complete,,0.0,,,,
Patient_1123,Encaminha_para a Clinica Medica,410901.75557190453,complete,,,para a Clinica Medica,410901.75557190453,,
Patient_1123,Discharge,410901.75557190453,complete,,,,,,4057.938279556518
Patient_1124,Arrival,407304.3268950232,complete,,0.0,,,,
Patient_1124,Origem_do Centro Cirurgico,407304.3268950232,complete,,,do Centro Cirurgico,407304.3268950232,,
Patient_1124,CTI (CC),407304.3268950232,start,ctiBeds,0.0,,,,
Patient_1124,CTI (CC),416315.1557306101,complete,ctiBeds,0.0,,,,
Patient_1124,CTI prepara Encaminhamento,416315.1557306101,start,,0.0,,,,
Patient_1124,CTI prepara Encaminhamento,416358.45560293645,complete,,0.0,,,,
Patient_1124,Encaminha_para a Clinica Cirurgica,416358.45560293645,complete,,,para a Clinica Cirurgica,416358.45560293645,,
Patient_1124,Discharge,416358.45560293645,complete,,,,,,9054.128707913274
Patient_1125,Arrival,407473.5060529895,complete,,0.0,,,,
Patient_1125,Origem_do Pronto Socorro,407473.5060529895,complete,,,do Pronto Socorro,407473.5060529895,,
Patient_1125,CTI (PS),407473.5060529895,start,ctiBeds,0.0,,,,
Patient_1125,CTI (PS),419032.21193354845,complete,ctiBeds,0.0,,,,
Patient_1125,CTI prepara Encaminhamento,419032.21193354845,start,,0.0,,,,
Patient_1125,CTI prepara Encaminhamento,419064.5622385149,complete,,0.0,,,,
Patient_1125,Encaminha_Obito,419064.5622385149,complete,,,Obito,419064.5622385149,,
Patient_1125,Discharge,419064.5622385149,complete,,,,,,11591.056185525376
Patient_1126,Arrival,407822.2870955129,complete,,0.0,,,,
Patient_1126,Origem_do Pronto Socorro,407822.2870955129,complete,,,do Pronto Socorro,407822.2870955129,,
Patient_1126,CTI (PS),407822.2870955129,start,ctiBeds,0.0,,,,
Patient_1126,CTI (PS),413544.6556500778,complete,ctiBeds,0.0,,,,
Patient_1126,CTI prepara Encaminhamento,413544.6556500778,start,,0.0,,,,
Patient_1126,CTI prepara Encaminhamento,413577.15297756065,complete,,0.0,,,,
Patient_1126,Encaminha_para a Clinica Cirurgica,413577.15297756065,complete,,,para a Clinica Cirurgica,413577.15297756065,,
Patient_1126,Discharge,413577.15297756065,complete,,,,,,5754.865882047743
Patient_1127,Arrival,408026.09243272844,complete,,0.0,,,,
Patient_1127,Origem_da Clinica Medica,408026.09243272844,complete,,,da Clinica Medica,408026.09243272844,,
Patient_1127,CTI (CLIM),408026.09243272844,start,ctiBeds,0.0,,,,
Patient_1127,CTI (CLIM),410044.2986272526,complete,ctiBeds,0.0,,,,
Patient_1127,CTI prepara Encaminhamento,410044.2986272526,start,,0.0,,,,
Patient_1127,CTI prepara Encaminhamento,410089.9263910821,complete,,0.0,,,,
Patient_1127,Encaminha_para a Clinica Cirurgica,410089.9263910821,complete,,,para a Clinica Cirurgica,410089.9263910821,,
Patient_1127,Discharge,410089.9263910821,complete,,,,,,2063.8339583536726
Patient_1128,Arrival,408949.9993499102,complete,,0.0,,,,
Patient_1128,Origem_do Centro Cirurgico,408949.9993499102,complete,,,do Centro Cirurgico,408949.9993499102,,
Patient_1128,CTI (CC),408949.9993499102,start,ctiBeds,0.0,,,,
Patient_1128,CTI (CC),420856.6357292828,complete,ctiBeds,0.0,,,,
Patient_1128,CTI prepara Encaminhamento,420856.6357292828,start,,0.0,,,,
Patient_1128,CTI prepara Encaminhamento,420897.6637152795,complete,,0.0,,,,
Patient_1128,Encaminha_Obito,420897.6637152795,complete,,,Obito,420897.6637152795,,
Patient_1128,Discharge,420897.6637152795,complete,,,,,,11947.664365369303
Patient_1129,Arrival,409452.11626923794,complete,,0.0,,,,
Patient_1129,Origem_do Pronto Socorro,409452.11626923794,complete,,,do Pronto Socorro,409452.11626923794,,
Patient_1129,CTI (PS),409452.11626923794,start,ctiBeds,0.0,,,,
Patient_1129,CTI (PS),409814.2933565462,complete,ctiBeds,0.0,,,,
Patient_1129,CTI prepara Encaminhamento,409814.2933565462,start,,0.0,,,,
Patient_1129,CTI prepara Encaminhamento,409868.9051978883,complete,,0.0,,,,
Patient_1129,Encaminha_Obito,409868.9051978883,complete,,,Obito,409868.9051978883,,
Patient_1129,Discharge,409868.9051978883,complete,,,,,,416.7889286503778
Patient_113,Arrival,33647.09694650816,complete,,0.0,,,,
Patient_113,Origem_da Clinica Cirurgica,33647.09694650816,complete,,,da Clinica Cirurgica,33647.09694650816,,
Patient_113,CTI (CLIC),33647.09694650816,start,ctiBeds,0.0,,,,
Patient_113,CTI (CLIC),33651.21537015292,complete,ctiBeds,0.0,,,,
Patient_113,CTI prepara Encaminhamento,33651.21537015292,start,,0.0,,,,
Patient_113,CTI prepara Encaminhamento,33702.23887612563,complete,,0.0,,,,
Patient_113,Encaminha_Obito,33702.23887612563,complete,,,Obito,33702.23887612563,,
Patient_113,Discharge,33702.23887612563,complete,,,,,,55.14192961747176
Patient_1130,Arrival,410859.6652162593,complete,,0.0,,,,
Patient_1130,Origem_da Clinica Medica,410859.6652162593,complete,,,da Clinica Medica,410859.6652162593,,
Patient_1130,CTI (CLIM),410859.6652162593,start,ctiBeds,0.0,,,,
Patient_1130,CTI (CLIM),411691.5801482737,complete,ctiBeds,0.0,,,,
Patient_1130,CTI prepara Encaminhamento,411691.5801482737,start,,0.0,,,,
Patient_1130,CTI prepara Encaminhamento,411737.8066274678,complete,,0.0,,,,
Patient_1130,Encaminha_para a Clinica Cirurgica,411737.8066274678,complete,,,para a Clinica Cirurgica,411737.8066274678,,
Patient_1130,Discharge,411737.8066274678,complete,,,,,,878.1414112084894
Patient_1131,Arrival,411342.9011855268,complete,,0.0,,,,
Patient_1131,Origem_do Pronto Socorro,411342.9011855268,complete,,,do Pronto Socorro,411342.9011855268,,
Patient_1131,CTI (PS),411342.9011855268,start,ctiBeds,0.0,,,,
Patient_1131,CTI (PS),415674.01360879815,complete,ctiBeds,0.0,,,,
Patient_1131,CTI prepara Encaminhamento,415674.01360879815,start,,0.0,,,,
Patient_1131,CTI prepara Encaminhamento,415707.57820212125,complete,,0.0,,,,
Patient_1131,Encaminha_Obito,415707.57820212125,complete,,,Obito,415707.57820212125,,
Patient_1131,Discharge,415707.57820212125,complete,,,,,,4364.677016594447
Patient_1132,Arrival,411559.5013226111,complete,,0.0,,,,
Patient_1132,Origem_do Centro Cirurgico,411559.5013226111,complete,,,do Centro Cirurgico,411559.5013226111,,
Patient_1132,CTI (CC),411559.5013226111,start,ctiBeds,0.0,,,,
Patient_1132,CTI (CC),414707.4990729308,complete,ctiBeds,0.0,,,,
Patient_1132,CTI prepara Encaminhamento,414707.4990729308,start,,0.0,,,,
Patient_1132,CTI prepara Encaminhamento,414751.2951960534,complete,,0.0,,,,
Patient_1132,Encaminha_para a Clinica Cirurgica,414751.2951960534,complete,,,para a Clinica Cirurgica,414751.2951960534,,
Patient_1132,Discharge,414751.2951960534,complete,,,,,,3191.7938734422787
Patient_1133,Arrival,411640.4804129122,complete,,0.0,,,,
Patient_1133,Origem_do Centro Cirurgico,411640.4804129122,complete,,,do Centro Cirurgico,411640.4804129122,,
Patient_1133,CTI (CC),411640.4804129122,start,ctiBeds,0.0,,,,
Patient_1133,CTI (CC),413926.61085991433,complete,ctiBeds,0.0,,,,
Patient_1133,CTI prepara Encaminhamento,413926.61085991433,start,,0.0,,,,
Patient_1133,CTI prepara Encaminhamento,413962.01306171954,complete,,0.0,,,,
Patient_1133,Encaminha_para a Clinica Cirurgica,413962.01306171954,complete,,,para a Clinica Cirurgica,413962.01306171954,,
Patient_1133,Discharge,413962.01306171954,complete,,,,,,2321.5326488073333
Patient_1134,Arrival,412090.27166527417,complete,,0.0,,,,
Patient_1134,Origem_do Centro Cirurgico,412090.27166527417,complete,,,do Centro Cirurgico,412090.27166527417,,
Patient_1134,CTI (CC),412090.27166527417,start,ctiBeds,0.0,,,,
Patient_1134,CTI (CC),415864.1747210396,complete,ctiBeds,0.0,,,,
Patient_1134,CTI prepara Encaminhamento,415864.1747210396,start,,0.0,,,,
Patient_1134,CTI prepara Encaminhamento,415905.605068496,complete,,0.0,,,,
Patient_1134,Encaminha_para a Clinica Medica,415905.605068496,complete,,,para a Clinica Medica,415905.605068496,,
Patient_1134,Discharge,415905.605068496,complete,,,,,,3815.3334032218554
Patient_1135,Arrival,413385.20161638694,complete,,0.0,,,,
Patient_1135,Origem_do Centro Cirurgico,413385.20161638694,complete,,,do Centro Cirurgico,413385.20161638694,,
Patient_1135,CTI (CC),413385.20161638694,start,ctiBeds,0.0,,,,
Patient_1135,CTI (CC),418691.9298241096,complete,ctiBeds,0.0,,,,
Patient_1135,CTI prepara Encaminhamento,418691.9298241096,start,,0.0,,,,
Patient_1135,CTI prepara Encaminhamento,418747.76186208037,complete,,0.0,,,,
Patient_1135,Encaminha_para a Clinica Cirurgica,418747.76186208037,complete,,,para a Clinica Cirurgica,418747.76186208037,,
Patient_1135,Discharge,418747.76186208037,complete,,,,,,5362.560245693428
Patient_1136,Arrival,414195.1877395562,complete,,0.0,,,,
Patient_1136,Origem_do Centro Cirurgico,414195.1877395562,complete,,,do Centro Cirurgico,414195.1877395562,,
Patient_1136,CTI (CC),414195.1877395562,start,ctiBeds,0.0,,,,
Patient_1136,CTI (CC),422669.8030468145,complete,ctiBeds,0.0,,,,
Patient_1136,CTI prepara Encaminhamento,422669.8030468145,start,,0.0,,,,
Patient_1136,CTI prepara Encaminhamento,422722.67286555504,complete,,0.0,,,,
Patient_1136,Encaminha_para a Clinica Cirurgica,422722.67286555504,complete,,,para a Clinica Cirurgica,422722.67286555504,,
Patient_1136,Discharge,422722.67286555504,complete,,,,,,8527.48512599885
Patient_1137,Arrival,414578.8101183709,complete,,0.0,,,,
Patient_1137,Origem_do Centro Cirurgico,414578.8101183709,complete,,,do Centro Cirurgico,414578.8101183709,,
Patient_1137,CTI (CC),414578.8101183709,start,ctiBeds,0.0,,,,
Patient_1137,CTI (CC),415531.25926637225,complete,ctiBeds,0.0,,,,
Patient_1137,CTI prepara Encaminhamento,415531.25926637225,start,,0.0,,,,
Patient_1137,CTI prepara Encaminhamento,415566.60926851875,complete,,0.0,,,,
Patient_1137,Encaminha_para a Clinica Cirurgica,415566.60926851875,complete,,,para a Clinica Cirurgica,415566.60926851875,,
Patient_1137,Discharge,415566.60926851875,complete,,,,,,987.7991501478245
Patient_1138,Arrival,414805.93487082206,complete,,0.0,,,,
Patient_1138,Origem_da Maternidade,414805.93487082206,complete,,,da Maternidade,414805.93487082206,,
Patient_1138,CTI (MAT),414805.93487082206,start,ctiBeds,0.0,,,,
Patient_1138,CTI (MAT),416734.39016137744,complete,ctiBeds,0.0,,,,
Patient_1138,CTI prepara Encaminhamento,416734.39016137744,start,,0.0,,,,
Patient_1138,CTI prepara Encaminhamento,416793.7745681657,complete,,0.0,,,,
Patient_1138,Encaminha_para a Clinica Cirurgica,416793.7745681657,complete,,,para a Clinica Cirurgica,416793.7745681657,,
Patient_1138,Discharge,416793.7745681657,complete,,,,,,1987.8396973436465
Patient_1139,Arrival,414899.3642896785,complete,,0.0,,,,
Patient_1139,Origem_do Centro Cirurgico,414899.3642896785,complete,,,do Centro Cirurgico,414899.3642896785,,
Patient_1139,CTI (CC),414899.3642896785,start,ctiBeds,0.0,,,,
Patient_1139,CTI (CC),430627.9540065618,complete,ctiBeds,0.0,,,,
Patient_1139,CTI prepara Encaminhamento,430627.9540065618,start,,0.0,,,,
Patient_1139,CTI prepara Encaminhamento,430677.14798741793,complete,,0.0,,,,
Patient_1139,Encaminha_para a Clinica Cirurgica,430677.14798741793,complete,,,para a Clinica Cirurgica,430677.14798741793,,
Patient_1139,Discharge,430677.14798741793,complete,,,,,,15777.783697739418
Patient_114,Arrival,33820.753118966575,complete,,0.0,,,,
Patient_114,Origem_do Centro Cirurgico,33820.753118966575,complete,,,do Centro Cirurgico,33820.753118966575,,
Patient_114,CTI (CC),33820.753118966575,start,ctiBeds,0.0,,,,
Patient_114,CTI (CC),36248.98899186427,complete,ctiBeds,0.0,,,,
Patient_114,CTI prepara Encaminhamento,36248.98899186427,start,,0.0,,,,
Patient_114,CTI prepara Encaminhamento,36291.232961658294,complete,,0.0,,,,
Patient_114,Encaminha_para a Clinica Cirurgica,36291.232961658294,complete,,,para a Clinica Cirurgica,36291.232961658294,,
Patient_114,Discharge,36291.232961658294,complete,,,,,,2470.4798426917187
Patient_1140,Arrival,415158.4159488178,complete,,0.0,,,,
Patient_1140,Origem_da Clinica Cirurgica,415158.4159488178,complete,,,da Clinica Cirurgica,415158.4159488178,,
Patient_1140,CTI (CLIC),415158.4159488178,start,ctiBeds,0.0,,,,
Patient_1140,CTI (CLIC),416623.1762383116,complete,ctiBeds,0.0,,,,
Patient_1140,CTI prepara Encaminhamento,416623.1762383116,start,,0.0,,,,
Patient_1140,CTI prepara Encaminhamento,416670.5190028715,complete,,0.0,,,,
Patient_1140,Encaminha_Obito,416670.5190028715,complete,,,Obito,416670.5190028715,,
Patient_1140,Discharge,416670.5190028715,complete,,,,,,1512.103054053674
Patient_1141,Arrival,415859.0337491801,complete,,0.0,,,,
Patient_1141,Origem_do Centro Cirurgico,415859.0337491801,complete,,,do Centro Cirurgico,415859.0337491801,,
Patient_1141,CTI (CC),415859.0337491801,start,ctiBeds,0.0,,,,
Patient_1141,CTI (CC),428302.41175979463,complete,ctiBeds,0.0,,,,
Patient_1141,CTI prepara Encaminhamento,428302.41175979463,start,,0.0,,,,
Patient_1141,CTI prepara Encaminhamento,428352.3087780407,complete,,0.0,,,,
Patient_1141,Encaminha_para a Clinica Medica,428352.3087780407,complete,,,para a Clinica Medica,428352.3087780407,,
Patient_1141,Discharge,428352.3087780407,complete,,,,,,12493.275028860604
Patient_1142,Arrival,417341.4061318774,complete,,0.0,,,,
Patient_1142,Origem_do Pronto Socorro,417341.4061318774,complete,,,do Pronto Socorro,417341.4061318774,,
Patient_1142,CTI (PS),417341.4061318774,start,ctiBeds,0.0,,,,
Patient_1142,CTI (PS),429711.3502157764,complete,ctiBeds,0.0,,,,
Patient_1142,CTI prepara Encaminhamento,429711.3502157764,start,,0.0,,,,
Patient_1142,CTI prepara Encaminhamento,429745.31275448116,complete,,0.0,,,,
Patient_1142,Encaminha_Obito,429745.31275448116,complete,,,Obito,429745.31275448116,,
Patient_1142,Discharge,429745.31275448116,complete,,,,,,12403.906622603768
Patient_1143,Arrival,417467.85778990714,complete,,0.0,,,,
Patient_1143,Origem_do Pronto Socorro,417467.85778990714,complete,,,do Pronto Socorro,417467.85778990714,,
Patient_1143,CTI (PS),417467.85778990714,start,ctiBeds,0.0,,,,
Patient_1143,CTI (PS),421061.7259856491,complete,ctiBeds,0.0,,,,
Patient_1143,CTI prepara Encaminhamento,421061.7259856491,start,,0.0,,,,
Patient_1143,CTI prepara Encaminhamento,421099.0615128705,complete,,0.0,,,,
Patient_1143,Encaminha_para a Clinica Medica,421099.0615128705,complete,,,para a Clinica Medica,421099.0615128705,,
Patient_1143,Discharge,421099.0615128705,complete,,,,,,3631.2037229633424
Patient_1144,Arrival,417909.05314075697,complete,,0.0,,,,
Patient_1144,Origem_da Clinica Cirurgica,417909.05314075697,complete,,,da Clinica Cirurgica,417909.05314075697,,
Patient_1144,CTI (CLIC),417909.05314075697,start,ctiBeds,0.0,,,,
Patient_1144,CTI (CLIC),425959.6860774289,complete,ctiBeds,0.0,,,,
Patient_1144,CTI prepara Encaminhamento,425959.6860774289,start,,0.0,,,,
Patient_1144,CTI prepara Encaminhamento,425992.39532700594,complete,,0.0,,,,
Patient_1144,Encaminha_para a Clinica Medica,425992.39532700594,complete,,,para a Clinica Medica,425992.39532700594,,
Patient_1144,Discharge,425992.39532700594,complete,,,,,,8083.342186248978
Patient_1145,Arrival,418499.7404114762,complete,,0.0,,,,
Patient_1145,Origem_do Pronto Socorro,418499.7404114762,complete,,,do Pronto Socorro,418499.7404114762,,
Patient_1145,CTI (PS),418499.7404114762,start,ctiBeds,0.0,,,,
Patient_1145,CTI (PS),421707.84103958367,complete,ctiBeds,0.0,,,,
Patient_1145,CTI prepara Encaminhamento,421707.84103958367,start,,0.0,,,,
Patient_1145,CTI prepara Encaminhamento,421742.157722055,complete,,0.0,,,,
Patient_1145,Encaminha_Transferencia Externa,421742.157722055,complete,,,Transferencia Externa,421742.157722055,,
Patient_1145,Discharge,421742.157722055,complete,,,,,,3242.417310578807
Patient_1146,Arrival,418794.47128552565,complete,,0.0,,,,
Patient_1146,Origem_do Centro Cirurgico,418794.47128552565,complete,,,do Centro Cirurgico,418794.47128552565,,
Patient_1146,CTI (CC),418794.47128552565,start,ctiBeds,0.0,,,,
Patient_1146,CTI (CC),419755.7321840953,complete,ctiBeds,0.0,,,,
Patient_1146,CTI prepara Encaminhamento,419755.7321840953,start,,0.0,,,,
Patient_1146,CTI prepara Encaminhamento,419811.8916055949,complete,,0.0,,,,
Patient_1146,Encaminha_para a Clinica Cirurgica,419811.8916055949,complete,,,para a Clinica Cirurgica,419811.8916055949,,
Patient_1146,Discharge,419811.8916055949,complete,,,,,,1017.4203200692427
Patient_1147,Arrival,418803.7169723687,complete,,0.0,,,,
Patient_1147,Origem_do Pronto Socorro,418803.7169723687,complete,,,do Pronto Socorro,418803.7169723687,,
Patient_1147,CTI (PS),418803.7169723687,start,ctiBeds,0.0,,,,
Patient_1147,CTI (PS),429157.3343852262,complete,ctiBeds,0.0,,,,
Patient_1147,CTI prepara Encaminhamento,429157.3343852262,start,,0.0,,,,
Patient_1147,CTI prepara Encaminhamento,429208.4585221767,complete,,0.0,,,,
Patient_1147,Encaminha_para a Clinica Medica,429208.4585221767,complete,,,para a Clinica Medica,429208.4585221767,,
Patient_1147,Discharge,429208.4585221767,complete,,,,,,10404.741549808008
Patient_1148,Arrival,419356.4401406414,complete,,0.0,,,,
Patient_1148,Origem_do Pronto Socorro,419356.4401406414,complete,,,do Pronto Socorro,419356.4401406414,,
Patient_1148,CTI (PS),419356.4401406414,start,ctiBeds,0.0,,,,
Patient_1148,CTI (PS),435722.14078789117,complete,ctiBeds,0.0,,,,
Patient_1148,CTI prepara Encaminhamento,435722.14078789117,start,,0.0,,,,
Patient_1148,CTI prepara Encaminhamento,435758.5635636985,complete,,0.0,,,,
Patient_1148,Encaminha_Obito,435758.5635636985,complete,,,Obito,435758.5635636985,,
Patient_1148,Discharge,435758.5635636985,complete,,,,,,16402.123423057084
Patient_1149,Arrival,419571.7535011359,complete,,0.0,,,,
Patient_1149,Origem_da Clinica Medica,419571.7535011359,complete,,,da Clinica Medica,419571.7535011359,,
Patient_1149,CTI (CLIM),419571.7535011359,start,ctiBeds,0.0,,,,
Patient_1149,CTI (CLIM),423130.1249847584,complete,ctiBeds,0.0,,,,
Patient_1149,CTI prepara Encaminhamento,423130.1249847584,start,,0.0,,,,
Patient_1149,CTI prepara Encaminhamento,423174.8553239243,complete,,0.0,,,,
Patient_1149,Encaminha_para a Clinica Medica,423174.8553239243,complete,,,para a Clinica Medica,423174.8553239243,,
Patient_1149,Discharge,423174.8553239243,complete,,,,,,3603.1018227883615
Patient_115,Arrival,34040.58082434614,complete,,0.0,,,,
Patient_115,Origem_do Centro Cirurgico,34040.58082434614,complete,,,do Centro Cirurgico,34040.58082434614,,
Patient_115,CTI (CC),34040.58082434614,start,ctiBeds,0.0,,,,
Patient_115,CTI (CC),36277.69737159044,complete,ctiBeds,0.0,,,,
Patient_115,CTI prepara Encaminhamento,36277.69737159044,start,,0.0,,,,
Patient_115,CTI prepara Encaminhamento,36321.71337973763,complete,,0.0,,,,
Patient_115,Encaminha_para a Clinica Medica,36321.71337973763,complete,,,para a Clinica Medica,36321.71337973763,,
Patient_115,Discharge,36321.71337973763,complete,,,,,,2281.1325553914867
Patient_1150,Arrival,420018.30267431965,complete,,0.0,,,,
Patient_1150,Origem_do Pronto Socorro,420018.30267431965,complete,,,do Pronto Socorro,420018.30267431965,,
Patient_1150,CTI (PS),420018.30267431965,start,ctiBeds,0.0,,,,
Patient_1150,CTI (PS),424506.3824520268,complete,ctiBeds,0.0,,,,
Patient_1150,CTI prepara Encaminhamento,424506.3824520268,start,,0.0,,,,
Patient_1150,CTI prepara Encaminhamento,424562.2937929846,complete,,0.0,,,,
Patient_1150,Encaminha_Obito,424562.2937929846,complete,,,Obito,424562.2937929846,,
Patient_1150,Discharge,424562.2937929846,complete,,,,,,4543.99111866497
Patient_1151,Arrival,420246.78510203736,complete,,0.0,,,,
Patient_1151,Origem_do Pronto Socorro,420246.78510203736,complete,,,do Pronto Socorro,420246.78510203736,,
Patient_1151,CTI (PS),420246.78510203736,start,ctiBeds,0.0,,,,
Patient_1151,CTI (PS),442806.99272926495,complete,ctiBeds,0.0,,,,
Patient_1151,CTI prepara Encaminhamento,442806.99272926495,start,,0.0,,,,
Patient_1151,CTI prepara Encaminhamento,442858.4253991793,complete,,0.0,,,,
Patient_1151,Encaminha_para a Clinica Cirurgica,442858.4253991793,complete,,,para a Clinica Cirurgica,442858.4253991793,,
Patient_1151,Discharge,442858.4253991793,complete,,,,,,22611.640297141916
Patient_1152,Arrival,420348.13893271046,complete,,0.0,,,,
Patient_1152,Origem_do Centro Cirurgico,420348.13893271046,complete,,,do Centro Cirurgico,420348.13893271046,,
Patient_1152,CTI (CC),420348.13893271046,start,ctiBeds,0.0,,,,
Patient_1152,CTI (CC),435773.6209872404,complete,ctiBeds,0.0,,,,
Patient_1152,CTI prepara Encaminhamento,435773.6209872404,start,,0.0,,,,
Patient_1152,CTI prepara Encaminhamento,435823.9823744358,complete,,0.0,,,,
Patient_1152,Encaminha_para a Clinica Medica,435823.9823744358,complete,,,para a Clinica Medica,435823.9823744358,,
Patient_1152,Discharge,435823.9823744358,complete,,,,,,15475.84344172536
Patient_1153,Arrival,421195.11831249157,complete,,0.0,,,,
Patient_1153,Origem_do Pronto Socorro,421195.11831249157,complete,,,do Pronto Socorro,421195.11831249157,,
Patient_1153,CTI (PS),421195.11831249157,start,ctiBeds,0.0,,,,
Patient_1153,CTI (PS),423025.51038955426,complete,ctiBeds,0.0,,,,
Patient_1153,CTI prepara Encaminhamento,423025.51038955426,start,,0.0,,,,
Patient_1153,CTI prepara Encaminhamento,423073.522922787,complete,,0.0,,,,
Patient_1153,Encaminha_para a Clinica Cirurgica,423073.522922787,complete,,,para a Clinica Cirurgica,423073.522922787,,
Patient_1153,Discharge,423073.522922787,complete,,,,,,1878.4046102954308
Patient_1154,Arrival,421222.71798978595,complete,,0.0,,,,
Patient_1154,Origem_do Pronto Socorro,421222.71798978595,complete,,,do Pronto Socorro,421222.71798978595,,
Patient_1154,CTI (PS),421222.71798978595,start,ctiBeds,0.0,,,,
Patient_1154,CTI (PS),433589.19424999255,complete,ctiBeds,0.0,,,,
Patient_1154,CTI prepara Encaminhamento,433589.19424999255,start,,0.0,,,,
Patient_1154,CTI prepara Encaminhamento,433629.9903977188,complete,,0.0,,,,
Patient_1154,Encaminha_para a Clinica Cirurgica,433629.9903977188,complete,,,para a Clinica Cirurgica,433629.9903977188,,
Patient_1154,Discharge,433629.9903977188,complete,,,,,,12407.272407932847
Patient_1155,Arrival,421416.0743002031,complete,,0.0,,,,
Patient_1155,Origem_do Pronto Socorro,421416.0743002031,complete,,,do Pronto Socorro,421416.0743002031,,
Patient_1155,CTI (PS),421416.0743002031,start,ctiBeds,0.0,,,,
Patient_1155,CTI (PS),437677.3339095473,complete,ctiBeds,0.0,,,,
Patient_1155,CTI prepara Encaminhamento,437677.3339095473,start,,0.0,,,,
Patient_1155,CTI prepara Encaminhamento,437725.2676416675,complete,,0.0,,,,
Patient_1155,Encaminha_para a Clinica Medica,437725.2676416675,complete,,,para a Clinica Medica,437725.2676416675,,
Patient_1155,Discharge,437725.2676416675,complete,,,,,,16309.193341464386
Patient_1156,Arrival,421480.21942913416,complete,,0.0,,,,
Patient_1156,Origem_da Clinica Cirurgica,421480.21942913416,complete,,,da Clinica Cirurgica,421480.21942913416,,
Patient_1156,CTI (CLIC),421480.21942913416,start,ctiBeds,0.0,,,,
Patient_1156,CTI (CLIC),431459.95871271734,complete,ctiBeds,0.0,,,,
Patient_1156,CTI prepara Encaminhamento,431459.95871271734,start,,0.0,,,,
Patient_1156,CTI prepara Encaminhamento,431505.68153293355,complete,,0.0,,,,
Patient_1156,Encaminha_para a Clinica Medica,431505.68153293355,complete,,,para a Clinica Medica,431505.68153293355,,
Patient_1156,Discharge,431505.68153293355,complete,,,,,,10025.462103799393
Patient_1157,Arrival,421620.4308293208,complete,,0.0,,,,
Patient_1157,Origem_do Pronto Socorro,421620.4308293208,complete,,,do Pronto Socorro,421620.4308293208,,
Patient_1157,CTI (PS),421620.4308293208,start,ctiBeds,0.0,,,,
Patient_1157,CTI (PS),445631.79648951686,complete,ctiBeds,0.0,,,,
Patient_1157,CTI prepara Encaminhamento,445631.79648951686,start,,0.0,,,,
Patient_1157,CTI prepara Encaminhamento,445667.8287299769,complete,,0.0,,,,
Patient_1157,Encaminha_para a Clinica Cirurgica,445667.8287299769,complete,,,para a Clinica Cirurgica,445667.8287299769,,
Patient_1157,Discharge,445667.8287299769,complete,,,,,,24047.3979006561
Patient_1158,Arrival,421887.22944647993,complete,,0.0,,,,
Patient_1158,Origem_do Pronto Socorro,421887.22944647993,complete,,,do Pronto Socorro,421887.22944647993,,
Patient_1158,CTI (PS),421887.22944647993,start,ctiBeds,0.0,,,,
Patient_1158,CTI (PS),425636.3903679634,complete,ctiBeds,0.0,,,,
Patient_1158,CTI prepara Encaminhamento,425636.3903679634,start,,0.0,,,,
Patient_1158,CTI prepara Encaminhamento,425688.75134442764,complete,,0.0,,,,
Patient_1158,Encaminha_para a Clinica Cirurgica,425688.75134442764,complete,,,para a Clinica Cirurgica,425688.75134442764,,
Patient_1158,Discharge,425688.75134442764,complete,,,,,,3801.5218979477067
Patient_1159,Arrival,422130.4908963527,complete,,0.0,,,,
Patient_1159,Origem_da Clinica Cirurgica,422130.4908963527,complete,,,da Clinica Cirurgica,422130.4908963527,,
Patient_1159,CTI (CLIC),422130.4908963527,start,ctiBeds,0.0,,,,
Patient_1159,CTI (CLIC),424207.9775188822,complete,ctiBeds,0.0,,,,
Patient_1159,CTI prepara Encaminhamento,424207.9775188822,start,,0.0,,,,
Patient_1159,CTI prepara Encaminhamento,424262.0692854468,complete,,0.0,,,,
Patient_1159,Encaminha_para a Clinica Medica,424262.0692854468,complete,,,para a Clinica Medica,424262.0692854468,,
Patient_1159,Discharge,424262.0692854468,complete,,,,,,2131.5783890940947
Patient_116,Arrival,34423.1646801508,complete,,0.0,,,,
Patient_116,Origem_da Clinica Cirurgica,34423.1646801508,complete,,,da Clinica Cirurgica,34423.1646801508,,
Patient_116,CTI (CLIC),34423.1646801508,start,ctiBeds,0.0,,,,
Patient_116,CTI (CLIC),39839.610286553965,complete,ctiBeds,0.0,,,,
Patient_116,CTI prepara Encaminhamento,39839.610286553965,start,,0.0,,,,
Patient_116,CTI prepara Encaminhamento,39896.22513099934,complete,,0.0,,,,
Patient_116,Encaminha_para a Clinica Cirurgica,39896.22513099934,complete,,,para a Clinica Cirurgica,39896.22513099934,,
Patient_116,Discharge,39896.22513099934,complete,,,,,,5473.060450848534
Patient_1160,Arrival,422159.85243545205,complete,,0.0,,,,
Patient_1160,Origem_do Pronto Socorro,422159.85243545205,complete,,,do Pronto Socorro,422159.85243545205,,
Patient_1160,CTI (PS),422159.85243545205,start,ctiBeds,0.0,,,,
Patient_1160,CTI (PS),429967.8923988857,complete,ctiBeds,0.0,,,,
Patient_1160,CTI prepara Encaminhamento,429967.8923988857,start,,0.0,,,,
Patient_1160,CTI prepara Encaminhamento,430025.08298551367,complete,,0.0,,,,
Patient_1160,Encaminha_para a Clinica Medica,430025.08298551367,complete,,,para a Clinica Medica,430025.08298551367,,
Patient_1160,Discharge,430025.08298551367,complete,,,,,,7865.23055006162
Patient_1161,Arrival,422506.16001351626,complete,,0.0,,,,
Patient_1161,Origem_da Clinica Cirurgica,422506.16001351626,complete,,,da Clinica Cirurgica,422506.16001351626,,
Patient_1161,CTI (CLIC),422506.16001351626,start,ctiBeds,0.0,,,,
Patient_1161,CTI (CLIC),428112.52475956397,complete,ctiBeds,0.0,,,,
Patient_1161,CTI prepara Encaminhamento,428112.52475956397,start,,0.0,,,,
Patient_1161,CTI prepara Encaminhamento,428172.02775901026,complete,,0.0,,,,
Patient_1161,Encaminha_Obito,428172.02775901026,complete,,,Obito,428172.02775901026,,
Patient_1161,Discharge,428172.02775901026,complete,,,,,,5665.867745494004
Patient_1162,Arrival,422526.279866715,complete,,0.0,,,,
Patient_1162,Origem_do Centro Cirurgico,422526.279866715,complete,,,do Centro Cirurgico,422526.279866715,,
Patient_1162,CTI (CC),422526.279866715,start,ctiBeds,0.0,,,,
Patient_1162,CTI (CC),423932.6462898167,complete,ctiBeds,0.0,,,,
Patient_1162,CTI prepara Encaminhamento,423932.6462898167,start,,0.0,,,,
Patient_1162,CTI prepara Encaminhamento,423987.80621792993,complete,,0.0,,,,
Patient_1162,Encaminha_para a Clinica Medica,423987.80621792993,complete,,,para a Clinica Medica,423987.80621792993,,
Patient_1162,Discharge,423987.80621792993,complete,,,,,,1461.5263512149104
Patient_1163,Arrival,422567.54570265644,complete,,0.0,,,,
Patient_1163,Origem_da Clinica Medica,422567.54570265644,complete,,,da Clinica Medica,422567.54570265644,,
Patient_1163,CTI (CLIM),422567.54570265644,start,ctiBeds,0.0,,,,
Patient_1163,CTI (CLIM),423071.16460691014,complete,ctiBeds,0.0,,,,
Patient_1163,CTI prepara Encaminhamento,423071.16460691014,start,,0.0,,,,
Patient_1163,CTI prepara Encaminhamento,423104.9714839209,complete,,0.0,,,,
Patient_1163,Encaminha_para a Clinica Medica,423104.9714839209,complete,,,para a Clinica Medica,423104.9714839209,,
Patient_1163,Discharge,423104.9714839209,complete,,,,,,537.4257812644355
Patient_1164,Arrival,422590.11369779246,complete,,0.0,,,,
Patient_1164,Origem_do Pronto Socorro,422590.11369779246,complete,,,do Pronto Socorro,422590.11369779246,,
Patient_1164,CTI (PS),422590.11369779246,start,ctiBeds,0.0,,,,
Patient_1164,CTI (PS),425139.02076997876,complete,ctiBeds,0.0,,,,
Patient_1164,CTI prepara Encaminhamento,425139.02076997876,start,,0.0,,,,
Patient_1164,CTI prepara Encaminhamento,425177.29196684615,complete,,0.0,,,,
Patient_1164,Encaminha_Transferencia Externa,425177.29196684615,complete,,,Transferencia Externa,425177.29196684615,,
Patient_1164,Discharge,425177.29196684615,complete,,,,,,2587.178269053693
Patient_1165,Arrival,422595.86832932156,complete,,0.0,,,,
Patient_1165,Origem_do Centro Cirurgico,422595.86832932156,complete,,,do Centro Cirurgico,422595.86832932156,,
Patient_1165,CTI (CC),422595.86832932156,start,ctiBeds,0.0,,,,
Patient_1165,CTI (CC),425688.2699277409,complete,ctiBeds,0.0,,,,
Patient_1165,CTI prepara Encaminhamento,425688.2699277409,start,,0.0,,,,
Patient_1165,CTI prepara Encaminhamento,425724.9791318936,complete,,0.0,,,,
Patient_1165,Encaminha_para a Clinica Cirurgica,425724.9791318936,complete,,,para a Clinica Cirurgica,425724.9791318936,,
Patient_1165,Discharge,425724.9791318936,complete,,,,,,3129.110802572046
Patient_1166,Arrival,422672.9477042591,complete,,0.0,,,,
Patient_1166,Origem_do Centro Cirurgico,422672.9477042591,complete,,,do Centro Cirurgico,422672.9477042591,,
Patient_1166,CTI (CC),422672.9477042591,start,ctiBeds,0.0,,,,
Patient_1166,CTI (CC),444139.0112534806,complete,ctiBeds,0.0,,,,
Patient_1166,CTI prepara Encaminhamento,444139.0112534806,start,,0.0,,,,
Patient_1166,CTI prepara Encaminhamento,444171.46863798366,complete,,0.0,,,,
Patient_1166,Encaminha_Transferencia Externa,444171.46863798366,complete,,,Transferencia Externa,444171.46863798366,,
Patient_1166,Discharge,444171.46863798366,complete,,,,,,21498.52093372459
Patient_1167,Arrival,422808.2524697969,complete,,0.0,,,,
Patient_1167,Origem_do Pronto Socorro,422808.2524697969,complete,,,do Pronto Socorro,422808.2524697969,,
Patient_1167,CTI (PS),422808.2524697969,start,ctiBeds,0.0,,,,
Patient_1167,CTI (PS),427407.07843410195,complete,ctiBeds,0.0,,,,
Patient_1167,CTI prepara Encaminhamento,427407.07843410195,start,,0.0,,,,
Patient_1167,CTI prepara Encaminhamento,427460.08633958397,complete,,0.0,,,,
Patient_1167,Encaminha_para a Clinica Cirurgica,427460.08633958397,complete,,,para a Clinica Cirurgica,427460.08633958397,,
Patient_1167,Discharge,427460.08633958397,complete,,,,,,4651.8338697870495
Patient_1168,Arrival,423174.4338979793,complete,,0.0,,,,
Patient_1168,Origem_do Pronto Socorro,423174.4338979793,complete,,,do Pronto Socorro,423174.4338979793,,
Patient_1168,CTI (PS),423174.4338979793,start,ctiBeds,0.0,,,,
Patient_1168,CTI (PS),466239.63968942076,complete,ctiBeds,0.0,,,,
Patient_1168,CTI prepara Encaminhamento,466239.63968942076,start,,0.0,,,,
Patient_1168,CTI prepara Encaminhamento,466295.82669635996,complete,,0.0,,,,
Patient_1168,Encaminha_para a Clinica Medica,466295.82669635996,complete,,,para a Clinica Medica,466295.82669635996,,
Patient_1168,Discharge,466295.82669635996,complete,,,,,,43121.392798380635
Patient_1169,Arrival,423545.5621919296,complete,,0.0,,,,
Patient_1169,Origem_do Pronto Socorro,423545.5621919296,complete,,,do Pronto Socorro,423545.5621919296,,
Patient_1169,CTI (PS),423545.5621919296,start,ctiBeds,0.0,,,,
Patient_1169,CTI (PS),425864.787706986,complete,ctiBeds,0.0,,,,
Patient_1169,CTI prepara Encaminhamento,425864.787706986,start,,0.0,,,,
Patient_1169,CTI prepara Encaminhamento,425912.88372141094,complete,,0.0,,,,
Patient_1169,Encaminha_Obito,425912.88372141094,complete,,,Obito,425912.88372141094,,
Patient_1169,Discharge,425912.88372141094,complete,,,,,,2367.321529481327
Patient_117,Arrival,34527.00965621194,complete,,0.0,,,,
Patient_117,Origem_do Pronto Socorro,34527.00965621194,complete,,,do Pronto Socorro,34527.00965621194,,
Patient_117,CTI (PS),34527.00965621194,start,ctiBeds,0.0,,,,
Patient_117,CTI (PS),44448.142230273705,complete,ctiBeds,0.0,,,,
Patient_117,CTI prepara Encaminhamento,44448.142230273705,start,,0.0,,,,
Patient_117,CTI prepara Encaminhamento,44501.89545594122,complete,,0.0,,,,
Patient_117,Encaminha_para a Clinica Cirurgica,44501.89545594122,complete,,,para a Clinica Cirurgica,44501.89545594122,,
Patient_117,Discharge,44501.89545594122,complete,,,,,,9974.88579972928
Patient_1170,Arrival,424576.7962142175,complete,,0.0,,,,
Patient_1170,Origem_do Pronto Socorro,424576.7962142175,complete,,,do Pronto Socorro,424576.7962142175,,
Patient_1170,CTI (PS),424576.7962142175,start,ctiBeds,0.0,,,,
Patient_1170,CTI (PS),435640.3886931354,complete,ctiBeds,0.0,,,,
Patient_1170,CTI prepara Encaminhamento,435640.3886931354,start,,0.0,,,,
Patient_1170,CTI prepara Encaminhamento,435678.8530344013,complete,,0.0,,,,
Patient_1170,Encaminha_para a Clinica Medica,435678.8530344013,complete,,,para a Clinica Medica,435678.8530344013,,
Patient_1170,Discharge,435678.8530344013,complete,,,,,,11102.056820183818
Patient_1171,Arrival,424636.9988793532,complete,,0.0,,,,
Patient_1171,Origem_do Centro Cirurgico,424636.9988793532,complete,,,do Centro Cirurgico,424636.9988793532,,
Patient_1171,CTI (CC),424636.9988793532,start,ctiBeds,0.0,,,,
Patient_1171,CTI (CC),437311.22347202234,complete,ctiBeds,0.0,,,,
Patient_1171,CTI prepara Encaminhamento,437311.22347202234,start,,0.0,,,,
Patient_1171,CTI prepara Encaminhamento,437365.73311812436,complete,,0.0,,,,
Patient_1171,Encaminha_Obito,437365.73311812436,complete,,,Obito,437365.73311812436,,
Patient_1171,Discharge,437365.73311812436,complete,,,,,,12728.73423877114
Patient_1172,Arrival,425653.4931167017,complete,,0.0,,,,
Patient_1172,Origem_do Centro Cirurgico,425653.4931167017,complete,,,do Centro Cirurgico,425653.4931167017,,
Patient_1172,CTI (CC),425653.4931167017,start,ctiBeds,0.0,,,,
Patient_1172,CTI (CC),426580.477793336,complete,ctiBeds,0.0,,,,
Patient_1172,CTI prepara Encaminhamento,426580.477793336,start,,0.0,,,,
Patient_1172,CTI prepara Encaminhamento,426614.1557904639,complete,,0.0,,,,
Patient_1172,Encaminha_para a Clinica Cirurgica,426614.1557904639,complete,,,para a Clinica Cirurgica,426614.1557904639,,
Patient_1172,Discharge,426614.1557904639,complete,,,,,,960.6626737621846
Patient_1173,Arrival,426304.14138724084,complete,,0.0,,,,
Patient_1173,Origem_do Pronto Socorro,426304.14138724084,complete,,,do Pronto Socorro,426304.14138724084,,
Patient_1173,CTI (PS),426304.14138724084,start,ctiBeds,0.0,,,,
Patient_1173,CTI (PS),431112.58850298397,complete,ctiBeds,0.0,,,,
Patient_1173,CTI prepara Encaminhamento,431112.58850298397,start,,0.0,,,,
Patient_1173,CTI prepara Encaminhamento,431144.96417623886,complete,,0.0,,,,
Patient_1173,Encaminha_para a Clinica Cirurgica,431144.96417623886,complete,,,para a Clinica Cirurgica,431144.96417623886,,
Patient_1173,Discharge,431144.96417623886,complete,,,,,,4840.822788998019
Patient_1174,Arrival,426920.4164314265,complete,,0.0,,,,
Patient_1174,Origem_do Centro Cirurgico,426920.4164314265,complete,,,do Centro Cirurgico,426920.4164314265,,
Patient_1174,CTI (CC),426920.4164314265,start,ctiBeds,0.0,,,,
Patient_1174,CTI (CC),428090.9315938871,complete,ctiBeds,0.0,,,,
Patient_1174,CTI prepara Encaminhamento,428090.9315938871,start,,0.0,,,,
Patient_1174,CTI prepara Encaminhamento,428121.59899767657,complete,,0.0,,,,
Patient_1174,Encaminha_para a Clinica Cirurgica,428121.59899767657,complete,,,para a Clinica Cirurgica,428121.59899767657,,
Patient_1174,Discharge,428121.59899767657,complete,,,,,,1201.1825662500923
Patient_1175,Arrival,426983.87145594275,complete,,0.0,,,,
Patient_1175,Origem_do Centro Cirurgico,426983.87145594275,complete,,,do Centro Cirurgico,426983.87145594275,,
Patient_1175,CTI (CC),426983.87145594275,start,ctiBeds,0.0,,,,
Patient_1175,CTI (CC),429668.9738984055,complete,ctiBeds,0.0,,,,
Patient_1175,CTI prepara Encaminhamento,429668.9738984055,start,,0.0,,,,
Patient_1175,CTI prepara Encaminhamento,429701.85534322984,complete,,0.0,,,,
Patient_1175,Encaminha_Transferencia Externa,429701.85534322984,complete,,,Transferencia Externa,429701.85534322984,,
Patient_1175,Discharge,429701.85534322984,complete,,,,,,2717.9838872870896
Patient_1176,Arrival,427021.6688358871,complete,,0.0,,,,
Patient_1176,Origem_da Clinica Cirurgica,427021.6688358871,complete,,,da Clinica Cirurgica,427021.6688358871,,
Patient_1176,CTI (CLIC),427021.6688358871,start,ctiBeds,0.0,,,,
Patient_1176,CTI (CLIC),432868.35167106974,complete,ctiBeds,0.0,,,,
Patient_1176,CTI prepara Encaminhamento,432868.35167106974,start,,0.0,,,,
Patient_1176,CTI prepara Encaminhamento,432903.453226661,complete,,0.0,,,,
Patient_1176,Encaminha_para a Clinica Medica,432903.453226661,complete,,,para a Clinica Medica,432903.453226661,,
Patient_1176,Discharge,432903.453226661,complete,,,,,,5881.784390773915
Patient_1177,Arrival,428276.4381083305,complete,,0.0,,,,
Patient_1177,Origem_do Centro Cirurgico,428276.4381083305,complete,,,do Centro Cirurgico,428276.4381083305,,
Patient_1177,CTI (CC),428276.4381083305,start,ctiBeds,0.0,,,,
Patient_1177,CTI (CC),441542.6613386091,complete,ctiBeds,0.0,,,,
Patient_1177,CTI prepara Encaminhamento,441542.6613386091,start,,0.0,,,,
Patient_1177,CTI prepara Encaminhamento,441591.2557309377,complete,,0.0,,,,
Patient_1177,Encaminha_para a Clinica Cirurgica,441591.2557309377,complete,,,para a Clinica Cirurgica,441591.2557309377,,
Patient_1177,Discharge,441591.2557309377,complete,,,,,,13314.817622607225
Patient_1178,Arrival,428306.7587836461,complete,,0.0,,,,
Patient_1178,Origem_do Centro Cirurgico,428306.7587836461,complete,,,do Centro Cirurgico,428306.7587836461,,
Patient_1178,CTI (CC),428306.7587836461,start,ctiBeds,0.0,,,,
Patient_1178,CTI (CC),430555.0492808873,complete,ctiBeds,0.0,,,,
Patient_1178,CTI prepara Encaminhamento,430555.0492808873,start,,0.0,,,,
Patient_1178,CTI prepara Encaminhamento,430597.5154017792,complete,,0.0,,,,
Patient_1178,Encaminha_Obito,430597.5154017792,complete,,,Obito,430597.5154017792,,
Patient_1178,Discharge,430597.5154017792,complete,,,,,,2290.756618133106
Patient_1179,Arrival,428619.12738758186,complete,,0.0,,,,
Patient_1179,Origem_do Centro Cirurgico,428619.12738758186,complete,,,do Centro Cirurgico,428619.12738758186,,
Patient_1179,CTI (CC),428619.12738758186,start,ctiBeds,0.0,,,,
Patient_1179,CTI (CC),428851.99767929525,complete,ctiBeds,0.0,,,,
Patient_1179,CTI prepara Encaminhamento,428851.99767929525,start,,0.0,,,,
Patient_1179,CTI prepara Encaminhamento,428883.4843018014,complete,,0.0,,,,
Patient_1179,Encaminha_para a Clinica Cirurgica,428883.4843018014,complete,,,para a Clinica Cirurgica,428883.4843018014,,
Patient_1179,Discharge,428883.4843018014,complete,,,,,,264.3569142195629
Patient_118,Arrival,34767.345885579845,complete,,0.0,,,,
Patient_118,Origem_do Pronto Socorro,34767.345885579845,complete,,,do Pronto Socorro,34767.345885579845,,
Patient_118,CTI (PS),34767.345885579845,start,ctiBeds,0.0,,,,
Patient_118,CTI (PS),40861.24266552256,complete,ctiBeds,0.0,,,,
Patient_118,CTI prepara Encaminhamento,40861.24266552256,start,,0.0,,,,
Patient_118,CTI prepara Encaminhamento,40898.24334056806,complete,,0.0,,,,
Patient_118,Encaminha_para a Clinica Cirurgica,40898.24334056806,complete,,,para a Clinica Cirurgica,40898.24334056806,,
Patient_118,Discharge,40898.24334056806,complete,,,,,,6130.897454988211
Patient_1180,Arrival,428712.9615724993,complete,,0.0,,,,
Patient_1180,Origem_do Pronto Socorro,428712.9615724993,complete,,,do Pronto Socorro,428712.9615724993,,
Patient_1180,CTI (PS),428712.9615724993,start,ctiBeds,0.0,,,,
Patient_1180,CTI (PS),430195.76992905233,complete,ctiBeds,0.0,,,,
Patient_1180,CTI prepara Encaminhamento,430195.76992905233,start,,0.0,,,,
Patient_1180,CTI prepara Encaminhamento,430226.8435261866,complete,,0.0,,,,
Patient_1180,Encaminha_para a Clinica Medica,430226.8435261866,complete,,,para a Clinica Medica,430226.8435261866,,
Patient_1180,Discharge,430226.8435261866,complete,,,,,,1513.8819536872907
Patient_1181,Arrival,428809.8900013047,complete,,0.0,,,,
Patient_1181,Origem_do Centro Cirurgico,428809.8900013047,complete,,,do Centro Cirurgico,428809.8900013047,,
Patient_1181,CTI (CC),428809.8900013047,start,ctiBeds,0.0,,,,
Patient_1181,CTI (CC),432822.5581077168,complete,ctiBeds,0.0,,,,
Patient_1181,CTI prepara Encaminhamento,432822.5581077168,start,,0.0,,,,
Patient_1181,CTI prepara Encaminhamento,432864.68149894377,complete,,0.0,,,,
Patient_1181,Encaminha_para a Clinica Medica,432864.68149894377,complete,,,para a Clinica Medica,432864.68149894377,,
Patient_1181,Discharge,432864.68149894377,complete,,,,,,4054.7914976390894
Patient_1182,Arrival,428819.6857524091,complete,,0.0,,,,
Patient_1182,Origem_do Pronto Socorro,428819.6857524091,complete,,,do Pronto Socorro,428819.6857524091,,
Patient_1182,CTI (PS),428819.6857524091,start,ctiBeds,0.0,,,,
Patient_1182,CTI (PS),445089.7043060892,complete,ctiBeds,0.0,,,,
Patient_1182,CTI prepara Encaminhamento,445089.7043060892,start,,0.0,,,,
Patient_1182,CTI prepara Encaminhamento,445125.5438523351,complete,,0.0,,,,
Patient_1182,Encaminha_Obito,445125.5438523351,complete,,,Obito,445125.5438523351,,
Patient_1182,Discharge,445125.5438523351,complete,,,,,,16305.858099925972
Patient_1183,Arrival,428889.81963229633,complete,,0.0,,,,
Patient_1183,Origem_do Pronto Socorro,428889.81963229633,complete,,,do Pronto Socorro,428889.81963229633,,
Patient_1183,CTI (PS),428889.81963229633,start,ctiBeds,0.0,,,,
Patient_1183,CTI (PS),434819.86586778,complete,ctiBeds,0.0,,,,
Patient_1183,CTI prepara Encaminhamento,434819.86586778,start,,0.0,,,,
Patient_1183,CTI prepara Encaminhamento,434861.16771110013,complete,,0.0,,,,
Patient_1183,Encaminha_para a Clinica Medica,434861.16771110013,complete,,,para a Clinica Medica,434861.16771110013,,
Patient_1183,Discharge,434861.16771110013,complete,,,,,,5971.3480788038
Patient_1184,Arrival,429132.61635575717,complete,,0.0,,,,
Patient_1184,Origem_do Pronto Socorro,429132.61635575717,complete,,,do Pronto Socorro,429132.61635575717,,
Patient_1184,CTI (PS),429132.61635575717,start,ctiBeds,0.0,,,,
Patient_1184,CTI (PS),435970.53824335,complete,ctiBeds,0.0,,,,
Patient_1184,CTI prepara Encaminhamento,435970.53824335,start,,0.0,,,,
Patient_1184,CTI prepara Encaminhamento,436006.25596727896,complete,,0.0,,,,
Patient_1184,Encaminha_Obito,436006.25596727896,complete,,,Obito,436006.25596727896,,
Patient_1184,Discharge,436006.25596727896,complete,,,,,,6873.639611521794
Patient_1185,Arrival,430122.43772381963,complete,,0.0,,,,
Patient_1185,Origem_do Pronto Socorro,430122.43772381963,complete,,,do Pronto Socorro,430122.43772381963,,
Patient_1185,CTI (PS),430122.43772381963,start,ctiBeds,0.0,,,,
Patient_1185,CTI (PS),431789.490095131,complete,ctiBeds,0.0,,,,
Patient_1185,CTI prepara Encaminhamento,431789.490095131,start,,0.0,,,,
Patient_1185,CTI prepara Encaminhamento,431832.0067703994,complete,,0.0,,,,
Patient_1185,Encaminha_Transferencia Externa,431832.0067703994,complete,,,Transferencia Externa,431832.0067703994,,
Patient_1185,Discharge,431832.0067703994,complete,,,,,,1709.569046579767
Patient_1186,Arrival,431161.2954952415,complete,,0.0,,,,
Patient_1186,Origem_do Pronto Socorro,431161.2954952415,complete,,,do Pronto Socorro,431161.2954952415,,
Patient_1186,CTI (PS),431161.2954952415,start,ctiBeds,0.0,,,,
Patient_1186,CTI (PS),439698.58993226866,complete,ctiBeds,0.0,,,,
Patient_1186,CTI prepara Encaminhamento,439698.58993226866,start,,0.0,,,,
Patient_1186,CTI prepara Encaminhamento,439734.0413617921,complete,,0.0,,,,
Patient_1186,Encaminha_Transferencia Externa,439734.0413617921,complete,,,Transferencia Externa,439734.0413617921,,
Patient_1186,Discharge,439734.0413617921,complete,,,,,,8572.745866550598
Patient_1187,Arrival,431685.0199824828,complete,,0.0,,,,
Patient_1187,Origem_do Centro Cirurgico,431685.0199824828,complete,,,do Centro Cirurgico,431685.0199824828,,
Patient_1187,CTI (CC),431685.0199824828,start,ctiBeds,0.0,,,,
Patient_1187,CTI (CC),438502.5779109606,complete,ctiBeds,0.0,,,,
Patient_1187,CTI prepara Encaminhamento,438502.5779109606,start,,0.0,,,,
Patient_1187,CTI prepara Encaminhamento,438536.83208142954,complete,,0.0,,,,
Patient_1187,Encaminha_para a Clinica Medica,438536.83208142954,complete,,,para a Clinica Medica,438536.83208142954,,
Patient_1187,Discharge,438536.83208142954,complete,,,,,,6851.812098946772
Patient_1188,Arrival,432091.4377707689,complete,,0.0,,,,
Patient_1188,Origem_do Pronto Socorro,432091.4377707689,complete,,,do Pronto Socorro,432091.4377707689,,
Patient_1188,CTI (PS),432091.4377707689,start,ctiBeds,0.0,,,,
Patient_1188,CTI (PS),442893.85313729546,complete,ctiBeds,0.0,,,,
Patient_1188,CTI prepara Encaminhamento,442893.85313729546,start,,0.0,,,,
Patient_1188,CTI prepara Encaminhamento,442945.68518132967,complete,,0.0,,,,
Patient_1188,Encaminha_para a Clinica Medica,442945.68518132967,complete,,,para a Clinica Medica,442945.68518132967,,
Patient_1188,Discharge,442945.68518132967,complete,,,,,,10854.247410560783
Patient_1189,Arrival,432186.6247419209,complete,,0.0,,,,
Patient_1189,Origem_do Pronto Socorro,432186.6247419209,complete,,,do Pronto Socorro,432186.6247419209,,
Patient_1189,CTI (PS),432186.6247419209,start,ctiBeds,0.0,,,,
Patient_1189,CTI (PS),442675.3040781361,complete,ctiBeds,0.0,,,,
Patient_1189,CTI prepara Encaminhamento,442675.3040781361,start,,0.0,,,,
Patient_1189,CTI prepara Encaminhamento,442708.7848061037,complete,,0.0,,,,
Patient_1189,Encaminha_para a Clinica Medica,442708.7848061037,complete,,,para a Clinica Medica,442708.7848061037,,
Patient_1189,Discharge,442708.7848061037,complete,,,,,,10522.160064182768
Patient_119,Arrival,34971.37746505365,complete,,0.0,,,,
Patient_119,Origem_da Clinica Medica,34971.37746505365,complete,,,da Clinica Medica,34971.37746505365,,
Patient_119,CTI (CLIM),34971.37746505365,start,ctiBeds,0.0,,,,
Patient_119,CTI (CLIM),39522.675342624294,complete,ctiBeds,0.0,,,,
Patient_119,CTI prepara Encaminhamento,39522.675342624294,start,,0.0,,,,
Patient_119,CTI prepara Encaminhamento,39558.206090286614,complete,,0.0,,,,
Patient_119,Encaminha_para a Clinica Cirurgica,39558.206090286614,complete,,,para a Clinica Cirurgica,39558.206090286614,,
Patient_119,Discharge,39558.206090286614,complete,,,,,,4586.8286252329635
Patient_1190,Arrival,432247.0467117869,complete,,0.0,,,,
Patient_1190,Origem_do Centro Cirurgico,432247.0467117869,complete,,,do Centro Cirurgico,432247.0467117869,,
Patient_1190,CTI (CC),432247.0467117869,start,ctiBeds,0.0,,,,
Patient_1190,CTI (CC),433495.68349781574,complete,ctiBeds,0.0,,,,
Patient_1190,CTI prepara Encaminhamento,433495.68349781574,start,,0.0,,,,
Patient_1190,CTI prepara Encaminhamento,433555.06645545777,complete,,0.0,,,,
Patient_1190,Encaminha_para a Maternidade,433555.06645545777,complete,,,para a Maternidade,433555.06645545777,,
Patient_1190,Discharge,433555.06645545777,complete,,,,,,1308.019743670884
Patient_1191,Arrival,433248.45942235837,complete,,0.0,,,,
Patient_1191,Origem_do Pronto Socorro,433248.45942235837,complete,,,do Pronto Socorro,433248.45942235837,,
Patient_1191,CTI (PS),433248.45942235837,start,ctiBeds,0.0,,,,
Patient_1191,CTI (PS),438093.0088698413,complete,ctiBeds,0.0,,,,
Patient_1191,CTI prepara Encaminhamento,438093.0088698413,start,,0.0,,,,
Patient_1191,CTI prepara Encaminhamento,438126.458674313,complete,,0.0,,,,
Patient_1191,Encaminha_Obito,438126.458674313,complete,,,Obito,438126.458674313,,
Patient_1191,Discharge,438126.458674313,complete,,,,,,4877.999251954607
Patient_1192,Arrival,433272.8882207551,complete,,0.0,,,,
Patient_1192,Origem_do Pronto Socorro,433272.8882207551,complete,,,do Pronto Socorro,433272.8882207551,,
Patient_1192,CTI (PS),433272.8882207551,start,ctiBeds,0.0,,,,
Patient_1192,CTI (PS),437147.374652861,complete,ctiBeds,0.0,,,,
Patient_1192,CTI prepara Encaminhamento,437147.374652861,start,,0.0,,,,
Patient_1192,CTI prepara Encaminhamento,437177.9704847062,complete,,0.0,,,,
Patient_1192,Encaminha_para a Clinica Medica,437177.9704847062,complete,,,para a Clinica Medica,437177.9704847062,,
Patient_1192,Discharge,437177.9704847062,complete,,,,,,3905.0822639511316
Patient_1193,Arrival,433613.76452917495,complete,,0.0,,,,
Patient_1193,Origem_do Pronto Socorro,433613.76452917495,complete,,,do Pronto Socorro,433613.76452917495,,
Patient_1193,CTI (PS),433613.76452917495,start,ctiBeds,0.0,,,,
Patient_1193,CTI (PS),436398.54059822456,complete,ctiBeds,0.0,,,,
Patient_1193,CTI prepara Encaminhamento,436398.54059822456,start,,0.0,,,,
Patient_1193,CTI prepara Encaminhamento,436453.66650376096,complete,,0.0,,,,
Patient_1193,Encaminha_para a Clinica Medica,436453.66650376096,complete,,,para a Clinica Medica,436453.66650376096,,
Patient_1193,Discharge,436453.66650376096,complete,,,,,,2839.9019745860132
Patient_1194,Arrival,434398.87720635463,complete,,0.0,,,,
Patient_1194,Origem_do Centro Cirurgico,434398.87720635463,complete,,,do Centro Cirurgico,434398.87720635463,,
Patient_1194,CTI (CC),434398.87720635463,start,ctiBeds,0.0,,,,
Patient_1194,CTI (CC),444391.5877463436,complete,ctiBeds,0.0,,,,
Patient_1194,CTI prepara Encaminhamento,444391.5877463436,start,,0.0,,,,
Patient_1194,CTI prepara Encaminhamento,444426.0684191441,complete,,0.0,,,,
Patient_1194,Encaminha_Transferencia Externa,444426.0684191441,complete,,,Transferencia Externa,444426.0684191441,,
Patient_1194,Discharge,444426.0684191441,complete,,,,,,10027.191212789447
Patient_1195,Arrival,434920.8371246799,complete,,0.0,,,,
Patient_1195,Origem_do Pronto Socorro,434920.8371246799,complete,,,do Pronto Socorro,434920.8371246799,,
Patient_1195,CTI (PS),434920.8371246799,start,ctiBeds,0.0,,,,
Patient_1195,CTI (PS),444263.1625542611,complete,ctiBeds,0.0,,,,
Patient_1195,CTI prepara Encaminhamento,444263.1625542611,start,,0.0,,,,
Patient_1195,CTI prepara Encaminhamento,444299.5431358379,complete,,0.0,,,,
Patient_1195,Encaminha_para a Clinica Cirurgica,444299.5431358379,complete,,,para a Clinica Cirurgica,444299.5431358379,,
Patient_1195,Discharge,444299.5431358379,complete,,,,,,9378.706011158007
Patient_1196,Arrival,435068.3335844442,complete,,0.0,,,,
Patient_1196,Origem_do Centro Cirurgico,435068.3335844442,complete,,,do Centro Cirurgico,435068.3335844442,,
Patient_1196,CTI (CC),435068.3335844442,start,ctiBeds,0.0,,,,
Patient_1196,CTI (CC),435845.46617217193,complete,ctiBeds,0.0,,,,
Patient_1196,CTI prepara Encaminhamento,435845.46617217193,start,,0.0,,,,
Patient_1196,CTI prepara Encaminhamento,435900.60707558854,complete,,0.0,,,,
Patient_1196,Encaminha_Transferencia Externa,435900.60707558854,complete,,,Transferencia Externa,435900.60707558854,,
Patient_1196,Discharge,435900.60707558854,complete,,,,,,832.2734911443549
Patient_1197,Arrival,435286.9897074673,complete,,0.0,,,,
Patient_1197,Origem_da Clinica Medica,435286.9897074673,complete,,,da Clinica Medica,435286.9897074673,,
Patient_1197,CTI (CLIM),435286.9897074673,start,ctiBeds,0.0,,,,
Patient_1197,CTI (CLIM),442859.09156876284,complete,ctiBeds,0.0,,,,
Patient_1197,CTI prepara Encaminhamento,442859.09156876284,start,,0.0,,,,
Patient_1197,CTI prepara Encaminhamento,442896.8052575305,complete,,0.0,,,,
Patient_1197,Encaminha_para a Clinica Medica,442896.8052575305,complete,,,para a Clinica Medica,442896.8052575305,,
Patient_1197,Discharge,442896.8052575305,complete,,,,,,7609.815550063155
Patient_1198,Arrival,436014.3239987222,complete,,0.0,,,,
Patient_1198,Origem_do Pronto Socorro,436014.3239987222,complete,,,do Pronto Socorro,436014.3239987222,,
Patient_1198,CTI (PS),436014.3239987222,start,ctiBeds,0.0,,,,
Patient_1198,CTI (PS),459886.6893959907,complete,ctiBeds,0.0,,,,
Patient_1198,CTI prepara Encaminhamento,459886.6893959907,start,,0.0,,,,
Patient_1198,CTI prepara Encaminhamento,459919.8615787665,complete,,0.0,,,,
Patient_1198,Encaminha_para a Clinica Medica,459919.8615787665,complete,,,para a Clinica Medica,459919.8615787665,,
Patient_1198,Discharge,459919.8615787665,complete,,,,,,23905.5375800443
Patient_1199,Arrival,436041.47561149125,complete,,0.0,,,,
Patient_1199,Origem_do Centro Cirurgico,436041.47561149125,complete,,,do Centro Cirurgico,436041.47561149125,,
Patient_1199,CTI (CC),436041.47561149125,start,ctiBeds,0.0,,,,
Patient_1199,CTI (CC),438450.0241212938,complete,ctiBeds,0.0,,,,
Patient_1199,CTI prepara Encaminhamento,438450.0241212938,start,,0.0,,,,
Patient_1199,CTI prepara Encaminhamento,438492.0483508649,complete,,0.0,,,,
Patient_1199,Encaminha_para a Clinica Medica,438492.0483508649,complete,,,para a Clinica Medica,438492.0483508649,,
Patient_1199,Discharge,438492.0483508649,complete,,,,,,2450.5727393736597
Patient_12,Arrival,3896.120702367698,complete,,0.0,,,,
Patient_12,Origem_da Clinica Medica,3896.120702367698,complete,,,da Clinica Medica,3896.120702367698,,
Patient_12,CTI (CLIM),3896.120702367698,start,ctiBeds,0.0,,,,
Patient_12,CTI (CLIM),24390.878347479942,complete,ctiBeds,0.0,,,,
Patient_12,CTI prepara Encaminhamento,24390.878347479942,start,,0.0,,,,
Patient_12,CTI prepara Encaminhamento,24422.597548039852,complete,,0.0,,,,
Patient_12,Encaminha_para a Maternidade,24422.597548039852,complete,,,para a Maternidade,24422.597548039852,,
Patient_12,Discharge,24422.597548039852,complete,,,,,,20526.476845672154
Patient_120,Arrival,34998.12779827266,complete,,0.0,,,,
Patient_120,Origem_da Maternidade,34998.12779827266,complete,,,da Maternidade,34998.12779827266,,
Patient_120,CTI (MAT),34998.12779827266,start,ctiBeds,0.0,,,,
Patient_120,CTI (MAT),36498.85644934589,complete,ctiBeds,0.0,,,,
Patient_120,CTI prepara Encaminhamento,36498.85644934589,start,,0.0,,,,
Patient_120,CTI prepara Encaminhamento,36532.44476435118,complete,,0.0,,,,
Patient_120,Encaminha_para a Clinica Cirurgica,36532.44476435118,complete,,,para a Clinica Cirurgica,36532.44476435118,,
Patient_120,Discharge,36532.44476435118,complete,,,,,,1534.3169660785206
Patient_1200,Arrival,436418.0214945642,complete,,0.0,,,,
Patient_1200,Origem_do Pronto Socorro,436418.0214945642,complete,,,do Pronto Socorro,436418.0214945642,,
Patient_1200,CTI (PS),436418.0214945642,start,ctiBeds,0.0,,,,
Patient_1200,CTI (PS),470032.85573107225,complete,ctiBeds,0.0,,,,
Patient_1200,CTI prepara Encaminhamento,470032.85573107225,start,,0.0,,,,
Patient_1200,CTI prepara Encaminhamento,470089.61062996206,complete,,0.0,,,,
Patient_1200,Encaminha_Obito,470089.61062996206,complete,,,Obito,470089.61062996206,,
Patient_1200,Discharge,470089.61062996206,complete,,,,,,33671.589135397866
Patient_1201,Arrival,436612.85482393834,complete,,0.0,,,,
Patient_1201,Origem_do Centro Cirurgico,436612.85482393834,complete,,,do Centro Cirurgico,436612.85482393834,,
Patient_1201,CTI (CC),436612.85482393834,start,ctiBeds,0.0,,,,
Patient_1201,CTI (CC),440420.71856147633,complete,ctiBeds,0.0,,,,
Patient_1201,CTI prepara Encaminhamento,440420.71856147633,start,,0.0,,,,
Patient_1201,CTI prepara Encaminhamento,440477.1817085178,complete,,0.0,,,,
Patient_1201,Encaminha_para a Clinica Cirurgica,440477.1817085178,complete,,,para a Clinica Cirurgica,440477.1817085178,,
Patient_1201,Discharge,440477.1817085178,complete,,,,,,3864.3268845794373
Patient_1202,Arrival,436617.58763623855,complete,,0.0,,,,
Patient_1202,Origem_da Clinica Medica,436617.58763623855,complete,,,da Clinica Medica,436617.58763623855,,
Patient_1202,CTI (CLIM),436617.58763623855,start,ctiBeds,0.0,,,,
Patient_1202,CTI (CLIM),439490.4643730665,complete,ctiBeds,0.0,,,,
Patient_1202,CTI prepara Encaminhamento,439490.4643730665,start,,0.0,,,,
Patient_1202,CTI prepara Encaminhamento,439545.35315400176,complete,,0.0,,,,
Patient_1202,Encaminha_para a Clinica Medica,439545.35315400176,complete,,,para a Clinica Medica,439545.35315400176,,
Patient_1202,Discharge,439545.35315400176,complete,,,,,,2927.7655177632114
Patient_1203,Arrival,436744.95992286975,complete,,0.0,,,,
Patient_1203,Origem_da Clinica Cirurgica,436744.95992286975,complete,,,da Clinica Cirurgica,436744.95992286975,,
Patient_1203,CTI (CLIC),436744.95992286975,start,ctiBeds,0.0,,,,
Patient_1203,CTI (CLIC),436770.8901692231,complete,ctiBeds,0.0,,,,
Patient_1203,CTI prepara Encaminhamento,436770.8901692231,start,,0.0,,,,
Patient_1203,CTI prepara Encaminhamento,436807.8963506413,complete,,0.0,,,,
Patient_1203,Encaminha_para a Clinica Cirurgica,436807.8963506413,complete,,,para a Clinica Cirurgica,436807.8963506413,,
Patient_1203,Discharge,436807.8963506413,complete,,,,,,62.936427771579474
Patient_1204,Arrival,436767.6292325675,complete,,0.0,,,,
Patient_1204,Origem_do Centro Cirurgico,436767.6292325675,complete,,,do Centro Cirurgico,436767.6292325675,,
Patient_1204,CTI (CC),436767.6292325675,start,ctiBeds,0.0,,,,
Patient_1204,CTI (CC),437478.0909430246,complete,ctiBeds,0.0,,,,
Patient_1204,CTI prepara Encaminhamento,437478.0909430246,start,,0.0,,,,
Patient_1204,CTI prepara Encaminhamento,437512.6234743592,complete,,0.0,,,,
Patient_1204,Encaminha_Obito,437512.6234743592,complete,,,Obito,437512.6234743592,,
Patient_1204,Discharge,437512.6234743592,complete,,,,,,744.9942417917191
Patient_1205,Arrival,436958.5261194122,complete,,0.0,,,,
Patient_1205,Origem_do Centro Cirurgico,436958.5261194122,complete,,,do Centro Cirurgico,436958.5261194122,,
Patient_1205,CTI (CC),436958.5261194122,start,ctiBeds,0.0,,,,
Patient_1205,CTI (CC),437381.6071219463,complete,ctiBeds,0.0,,,,
Patient_1205,CTI prepara Encaminhamento,437381.6071219463,start,,0.0,,,,
Patient_1205,CTI prepara Encaminhamento,437416.56036360667,complete,,0.0,,,,
Patient_1205,Encaminha_Transferencia Externa,437416.56036360667,complete,,,Transferencia Externa,437416.56036360667,,
Patient_1205,Discharge,437416.56036360667,complete,,,,,,458.0342441944522
Patient_1206,Arrival,437449.8958301367,complete,,0.0,,,,
Patient_1206,Origem_do Centro Cirurgico,437449.8958301367,complete,,,do Centro Cirurgico,437449.8958301367,,
Patient_1206,CTI (CC),437449.8958301367,start,ctiBeds,0.0,,,,
Patient_1206,CTI (CC),437659.51968637836,complete,ctiBeds,0.0,,,,
Patient_1206,CTI prepara Encaminhamento,437659.51968637836,start,,0.0,,,,
Patient_1206,CTI prepara Encaminhamento,437719.4841662631,complete,,0.0,,,,
Patient_1206,Encaminha_Transferencia Externa,437719.4841662631,complete,,,Transferencia Externa,437719.4841662631,,
Patient_1206,Discharge,437719.4841662631,complete,,,,,,269.588336126355
Patient_1207,Arrival,437582.469472221,complete,,0.0,,,,
Patient_1207,Origem_do Pronto Socorro,437582.469472221,complete,,,do Pronto Socorro,437582.469472221,,
Patient_1207,CTI (PS),437582.469472221,start,ctiBeds,0.0,,,,
Patient_1207,CTI (PS),444408.7649512477,complete,ctiBeds,0.0,,,,
Patient_1207,CTI prepara Encaminhamento,444408.7649512477,start,,0.0,,,,
Patient_1207,CTI prepara Encaminhamento,444448.08678676584,complete,,0.0,,,,
Patient_1207,Encaminha_para a Clinica Cirurgica,444448.08678676584,complete,,,para a Clinica Cirurgica,444448.08678676584,,
Patient_1207,Discharge,444448.08678676584,complete,,,,,,6865.617314544856
Patient_1208,Arrival,437951.0874452249,complete,,0.0,,,,
Patient_1208,Origem_do Pronto Socorro,437951.0874452249,complete,,,do Pronto Socorro,437951.0874452249,,
Patient_1208,CTI (PS),437951.0874452249,start,ctiBeds,0.0,,,,
Patient_1208,CTI (PS),455193.7637351131,complete,ctiBeds,0.0,,,,
Patient_1208,CTI prepara Encaminhamento,455193.7637351131,start,,0.0,,,,
Patient_1208,CTI prepara Encaminhamento,455240.57984009874,complete,,0.0,,,,
Patient_1208,Encaminha_para a Clinica Medica,455240.57984009874,complete,,,para a Clinica Medica,455240.57984009874,,
Patient_1208,Discharge,455240.57984009874,complete,,,,,,17289.492394873814
Patient_1209,Arrival,438038.6770375654,complete,,0.0,,,,
Patient_1209,Origem_do Centro Cirurgico,438038.6770375654,complete,,,do Centro Cirurgico,438038.6770375654,,
Patient_1209,CTI (CC),438038.6770375654,start,ctiBeds,0.0,,,,
Patient_1209,CTI (CC),440631.62411032716,complete,ctiBeds,0.0,,,,
Patient_1209,CTI prepara Encaminhamento,440631.62411032716,start,,0.0,,,,
Patient_1209,CTI prepara Encaminhamento,440691.55870108976,complete,,0.0,,,,
Patient_1209,Encaminha_para a Clinica Cirurgica,440691.55870108976,complete,,,para a Clinica Cirurgica,440691.55870108976,,
Patient_1209,Discharge,440691.55870108976,complete,,,,,,2652.881663524371
Patient_121,Arrival,35077.81582083138,complete,,0.0,,,,
Patient_121,Origem_do Centro Cirurgico,35077.81582083138,complete,,,do Centro Cirurgico,35077.81582083138,,
Patient_121,CTI (CC),35077.81582083138,start,ctiBeds,0.0,,,,
Patient_121,CTI (CC),37057.546374078906,complete,ctiBeds,0.0,,,,
Patient_121,CTI prepara Encaminhamento,37057.546374078906,start,,0.0,,,,
Patient_121,CTI prepara Encaminhamento,37088.32373973209,complete,,0.0,,,,
Patient_121,Encaminha_para a Clinica Cirurgica,37088.32373973209,complete,,,para a Clinica Cirurgica,37088.32373973209,,
Patient_121,Discharge,37088.32373973209,complete,,,,,,2010.5079189007083
Patient_1210,Arrival,438768.3394537055,complete,,0.0,,,,
Patient_1210,Origem_do Pronto Socorro,438768.3394537055,complete,,,do Pronto Socorro,438768.3394537055,,
Patient_1210,CTI (PS),438768.3394537055,start,ctiBeds,0.0,,,,
Patient_1210,CTI (PS),445987.2461179206,complete,ctiBeds,0.0,,,,
Patient_1210,CTI prepara Encaminhamento,445987.2461179206,start,,0.0,,,,
Patient_1210,CTI prepara Encaminhamento,446032.32485939976,complete,,0.0,,,,
Patient_1210,Encaminha_para a Clinica Medica,446032.32485939976,complete,,,para a Clinica Medica,446032.32485939976,,
Patient_1210,Discharge,446032.32485939976,complete,,,,,,7263.985405694228
Patient_1211,Arrival,439675.930238528,complete,,0.0,,,,
Patient_1211,Origem_do Pronto Socorro,439675.930238528,complete,,,do Pronto Socorro,439675.930238528,,
Patient_1211,CTI (PS),439675.930238528,start,ctiBeds,0.0,,,,
Patient_1211,CTI (PS),442601.8427552034,complete,ctiBeds,0.0,,,,
Patient_1211,CTI prepara Encaminhamento,442601.8427552034,start,,0.0,,,,
Patient_1211,CTI prepara Encaminhamento,442645.70206963486,complete,,0.0,,,,
Patient_1211,Encaminha_para a Clinica Cirurgica,442645.70206963486,complete,,,para a Clinica Cirurgica,442645.70206963486,,
Patient_1211,Discharge,442645.70206963486,complete,,,,,,2969.77183110686
Patient_1212,Arrival,439860.72861052427,complete,,0.0,,,,
Patient_1212,Origem_do Centro Cirurgico,439860.72861052427,complete,,,do Centro Cirurgico,439860.72861052427,,
Patient_1212,CTI (CC),439860.72861052427,start,ctiBeds,0.0,,,,
Patient_1212,CTI (CC),448622.36254019424,complete,ctiBeds,0.0,,,,
Patient_1212,CTI prepara Encaminhamento,448622.36254019424,start,,0.0,,,,
Patient_1212,CTI prepara Encaminhamento,448661.6585553024,complete,,0.0,,,,
Patient_1212,Encaminha_para a Clinica Medica,448661.6585553024,complete,,,para a Clinica Medica,448661.6585553024,,
Patient_1212,Discharge,448661.6585553024,complete,,,,,,8800.929944778152
Patient_1213,Arrival,440165.35445022344,complete,,0.0,,,,
Patient_1213,Origem_do Pronto Socorro,440165.35445022344,complete,,,do Pronto Socorro,440165.35445022344,,
Patient_1213,CTI (PS),440165.35445022344,start,ctiBeds,0.0,,,,
Patient_1213,CTI (PS),459776.19325073663,complete,ctiBeds,0.0,,,,
Patient_1213,CTI prepara Encaminhamento,459776.19325073663,start,,0.0,,,,
Patient_1213,CTI prepara Encaminhamento,459823.3063633622,complete,,0.0,,,,
Patient_1213,Encaminha_para a Clinica Cirurgica,459823.3063633622,complete,,,para a Clinica Cirurgica,459823.3063633622,,
Patient_1213,Discharge,459823.3063633622,complete,,,,,,19657.951913138735
Patient_1214,Arrival,440367.37459304195,complete,,0.0,,,,
Patient_1214,Origem_do Centro Cirurgico,440367.37459304195,complete,,,do Centro Cirurgico,440367.37459304195,,
Patient_1214,CTI (CC),440367.37459304195,start,ctiBeds,0.0,,,,
Patient_1214,CTI (CC),447449.25354571326,complete,ctiBeds,0.0,,,,
Patient_1214,CTI prepara Encaminhamento,447449.25354571326,start,,0.0,,,,
Patient_1214,CTI prepara Encaminhamento,447492.62551798526,complete,,0.0,,,,
Patient_1214,Encaminha_para a Clinica Cirurgica,447492.62551798526,complete,,,para a Clinica Cirurgica,447492.62551798526,,
Patient_1214,Discharge,447492.62551798526,complete,,,,,,7125.250924943306
Patient_1215,Arrival,441216.96970902215,complete,,0.0,,,,
Patient_1215,Origem_do Centro Cirurgico,441216.96970902215,complete,,,do Centro Cirurgico,441216.96970902215,,
Patient_1215,CTI (CC),441216.96970902215,start,ctiBeds,0.0,,,,
Patient_1215,CTI (CC),441834.8346511963,complete,ctiBeds,0.0,,,,
Patient_1215,CTI prepara Encaminhamento,441834.8346511963,start,,0.0,,,,
Patient_1215,CTI prepara Encaminhamento,441891.4961168362,complete,,0.0,,,,
Patient_1215,Encaminha_para a Clinica Medica,441891.4961168362,complete,,,para a Clinica Medica,441891.4961168362,,
Patient_1215,Discharge,441891.4961168362,complete,,,,,,674.5264078140608
Patient_1216,Arrival,441982.2005889885,complete,,0.0,,,,
Patient_1216,Origem_do Centro Cirurgico,441982.2005889885,complete,,,do Centro Cirurgico,441982.2005889885,,
Patient_1216,CTI (CC),441982.2005889885,start,ctiBeds,0.0,,,,
Patient_1216,CTI (CC),448275.8767702414,complete,ctiBeds,0.0,,,,
Patient_1216,CTI prepara Encaminhamento,448275.8767702414,start,,0.0,,,,
Patient_1216,CTI prepara Encaminhamento,448332.2684900125,complete,,0.0,,,,
Patient_1216,Encaminha_para a Clinica Cirurgica,448332.2684900125,complete,,,para a Clinica Cirurgica,448332.2684900125,,
Patient_1216,Discharge,448332.2684900125,complete,,,,,,6350.067901024013
Patient_1217,Arrival,442320.8967606147,complete,,0.0,,,,
Patient_1217,Origem_do Pronto Socorro,442320.8967606147,complete,,,do Pronto Socorro,442320.8967606147,,
Patient_1217,CTI (PS),442320.8967606147,start,ctiBeds,0.0,,,,
Patient_1217,CTI (PS),474817.12747746037,complete,ctiBeds,0.0,,,,
Patient_1217,CTI prepara Encaminhamento,474817.12747746037,start,,0.0,,,,
Patient_1217,CTI prepara Encaminhamento,474865.87703571003,complete,,0.0,,,,
Patient_1217,Encaminha_Obito,474865.87703571003,complete,,,Obito,474865.87703571003,,
Patient_1217,Discharge,474865.87703571003,complete,,,,,,32544.980275095324
Patient_1218,Arrival,442455.3433723989,complete,,0.0,,,,
Patient_1218,Origem_do Centro Cirurgico,442455.3433723989,complete,,,do Centro Cirurgico,442455.3433723989,,
Patient_1218,CTI (CC),442455.3433723989,start,ctiBeds,0.0,,,,
Patient_1218,CTI (CC),443594.5131940577,complete,ctiBeds,0.0,,,,
Patient_1218,CTI prepara Encaminhamento,443594.5131940577,start,,0.0,,,,
Patient_1218,CTI prepara Encaminhamento,443640.4114554618,complete,,0.0,,,,
Patient_1218,Encaminha_Obito,443640.4114554618,complete,,,Obito,443640.4114554618,,
Patient_1218,Discharge,443640.4114554618,complete,,,,,,1185.0680830629426
Patient_1219,Arrival,442704.7528953356,complete,,0.0,,,,
Patient_1219,Origem_do Pronto Socorro,442704.7528953356,complete,,,do Pronto Socorro,442704.7528953356,,
Patient_1219,CTI (PS),442704.7528953356,start,ctiBeds,0.0,,,,
Patient_1219,CTI (PS),463655.2388447254,complete,ctiBeds,0.0,,,,
Patient_1219,CTI prepara Encaminhamento,463655.2388447254,start,,0.0,,,,
Patient_1219,CTI prepara Encaminhamento,463703.08568284556,complete,,0.0,,,,
Patient_1219,Encaminha_para a Clinica Medica,463703.08568284556,complete,,,para a Clinica Medica,463703.08568284556,,
Patient_1219,Discharge,463703.08568284556,complete,,,,,,20998.33278750995
Patient_122,Arrival,35093.0992821009,complete,,0.0,,,,
Patient_122,Origem_do Pronto Socorro,35093.0992821009,complete,,,do Pronto Socorro,35093.0992821009,,
Patient_122,CTI (PS),35093.0992821009,start,ctiBeds,0.0,,,,
Patient_122,CTI (PS),41380.894801978364,complete,ctiBeds,0.0,,,,
Patient_122,CTI prepara Encaminhamento,41380.894801978364,start,,0.0,,,,
Patient_122,CTI prepara Encaminhamento,41437.4095523191,complete,,0.0,,,,
Patient_122,Encaminha_Obito,41437.4095523191,complete,,,Obito,41437.4095523191,,
Patient_122,Discharge,41437.4095523191,complete,,,,,,6344.3102702182005
Patient_1220,Arrival,443007.4473522381,complete,,0.0,,,,
Patient_1220,Origem_do Centro Cirurgico,443007.4473522381,complete,,,do Centro Cirurgico,443007.4473522381,,
Patient_1220,CTI (CC),443007.4473522381,start,ctiBeds,0.0,,,,
Patient_1220,CTI (CC),448562.48105393356,complete,ctiBeds,0.0,,,,
Patient_1220,CTI prepara Encaminhamento,448562.48105393356,start,,0.0,,,,
Patient_1220,CTI prepara Encaminhamento,448596.6442359129,complete,,0.0,,,,
Patient_1220,Encaminha_para a Clinica Medica,448596.6442359129,complete,,,para a Clinica Medica,448596.6442359129,,
Patient_1220,Discharge,448596.6442359129,complete,,,,,,5589.196883674769
Patient_1221,Arrival,443457.6258164448,complete,,0.0,,,,
Patient_1221,Origem_do Pronto Socorro,443457.6258164448,complete,,,do Pronto Socorro,443457.6258164448,,
Patient_1221,CTI (PS),443457.6258164448,start,ctiBeds,0.0,,,,
Patient_1221,CTI (PS),447692.5782981921,complete,ctiBeds,0.0,,,,
Patient_1221,CTI prepara Encaminhamento,447692.5782981921,start,,0.0,,,,
Patient_1221,CTI prepara Encaminhamento,447749.9627220224,complete,,0.0,,,,
Patient_1221,Encaminha_para a Maternidade,447749.9627220224,complete,,,para a Maternidade,447749.9627220224,,
Patient_1221,Discharge,447749.9627220224,complete,,,,,,4292.336905577569
Patient_1222,Arrival,444444.47276868194,complete,,0.0,,,,
Patient_1222,Origem_do Pronto Socorro,444444.47276868194,complete,,,do Pronto Socorro,444444.47276868194,,
Patient_1222,CTI (PS),444444.47276868194,start,ctiBeds,0.0,,,,
Patient_1222,CTI (PS),450267.34374704224,complete,ctiBeds,0.0,,,,
Patient_1222,CTI prepara Encaminhamento,450267.34374704224,start,,0.0,,,,
Patient_1222,CTI prepara Encaminhamento,450324.5821890767,complete,,0.0,,,,
Patient_1222,Encaminha_para a Clinica Cirurgica,450324.5821890767,complete,,,para a Clinica Cirurgica,450324.5821890767,,
Patient_1222,Discharge,450324.5821890767,complete,,,,,,5880.109420394758
Patient_1223,Arrival,444658.711053556,complete,,0.0,,,,
Patient_1223,Origem_do Pronto Socorro,444658.711053556,complete,,,do Pronto Socorro,444658.711053556,,
Patient_1223,CTI (PS),444658.711053556,start,ctiBeds,0.0,,,,
Patient_1223,CTI (PS),468094.8872531883,complete,ctiBeds,0.0,,,,
Patient_1223,CTI prepara Encaminhamento,468094.8872531883,start,,0.0,,,,
Patient_1223,CTI prepara Encaminhamento,468133.51539024763,complete,,0.0,,,,
Patient_1223,Encaminha_para a Clinica Medica,468133.51539024763,complete,,,para a Clinica Medica,468133.51539024763,,
Patient_1223,Discharge,468133.51539024763,complete,,,,,,23474.804336691624
Patient_1224,Arrival,444861.52541884006,complete,,0.0,,,,
Patient_1224,Origem_do Pronto Socorro,444861.52541884006,complete,,,do Pronto Socorro,444861.52541884006,,
Patient_1224,CTI (PS),444861.52541884006,start,ctiBeds,0.0,,,,
Patient_1224,CTI (PS),446993.757334086,complete,ctiBeds,0.0,,,,
Patient_1224,CTI prepara Encaminhamento,446993.757334086,start,,0.0,,,,
Patient_1224,CTI prepara Encaminhamento,447051.32963194686,complete,,0.0,,,,
Patient_1224,Encaminha_para a Clinica Medica,447051.32963194686,complete,,,para a Clinica Medica,447051.32963194686,,
Patient_1224,Discharge,447051.32963194686,complete,,,,,,2189.804213106807
Patient_1225,Arrival,445240.94210376433,complete,,0.0,,,,
Patient_1225,Origem_do Pronto Socorro,445240.94210376433,complete,,,do Pronto Socorro,445240.94210376433,,
Patient_1225,CTI (PS),445240.94210376433,start,ctiBeds,0.0,,,,
Patient_1225,CTI (PS),452943.8990187556,complete,ctiBeds,0.0,,,,
Patient_1225,CTI prepara Encaminhamento,452943.8990187556,start,,0.0,,,,
Patient_1225,CTI prepara Encaminhamento,452999.86989282415,complete,,0.0,,,,
Patient_1225,Encaminha_para a Clinica Medica,452999.86989282415,complete,,,para a Clinica Medica,452999.86989282415,,
Patient_1225,Discharge,452999.86989282415,complete,,,,,,7758.927789059817
Patient_1226,Arrival,445927.5077316524,complete,,0.0,,,,
Patient_1226,Origem_da Clinica Cirurgica,445927.5077316524,complete,,,da Clinica Cirurgica,445927.5077316524,,
Patient_1226,CTI (CLIC),445927.5077316524,start,ctiBeds,0.0,,,,
Patient_1226,CTI (CLIC),448564.2702260885,complete,ctiBeds,0.0,,,,
Patient_1226,CTI prepara Encaminhamento,448564.2702260885,start,,0.0,,,,
Patient_1226,CTI prepara Encaminhamento,448615.8088866479,complete,,0.0,,,,
Patient_1226,Encaminha_para a Clinica Medica,448615.8088866479,complete,,,para a Clinica Medica,448615.8088866479,,
Patient_1226,Discharge,448615.8088866479,complete,,,,,,2688.3011549955118
Patient_1227,Arrival,446107.87033115467,complete,,0.0,,,,
Patient_1227,Origem_da Clinica Medica,446107.87033115467,complete,,,da Clinica Medica,446107.87033115467,,
Patient_1227,CTI (CLIM),446107.87033115467,start,ctiBeds,0.0,,,,
Patient_1227,CTI (CLIM),458233.6615024391,complete,ctiBeds,0.0,,,,
Patient_1227,CTI prepara Encaminhamento,458233.6615024391,start,,0.0,,,,
Patient_1227,CTI prepara Encaminhamento,458265.91336096893,complete,,0.0,,,,
Patient_1227,Encaminha_para a Clinica Cirurgica,458265.91336096893,complete,,,para a Clinica Cirurgica,458265.91336096893,,
Patient_1227,Discharge,458265.91336096893,complete,,,,,,12158.04302981426
Patient_1228,Arrival,446404.9654030022,complete,,0.0,,,,
Patient_1228,Origem_do Pronto Socorro,446404.9654030022,complete,,,do Pronto Socorro,446404.9654030022,,
Patient_1228,CTI (PS),446404.9654030022,start,ctiBeds,0.0,,,,
Patient_1228,CTI (PS),459738.7369306248,complete,ctiBeds,0.0,,,,
Patient_1228,CTI prepara Encaminhamento,459738.7369306248,start,,0.0,,,,
Patient_1228,CTI prepara Encaminhamento,459785.63912379683,complete,,0.0,,,,
Patient_1228,Encaminha_Obito,459785.63912379683,complete,,,Obito,459785.63912379683,,
Patient_1228,Discharge,459785.63912379683,complete,,,,,,13380.673720794613
Patient_1229,Arrival,446831.25384162937,complete,,0.0,,,,
Patient_1229,Origem_da Clinica Cirurgica,446831.25384162937,complete,,,da Clinica Cirurgica,446831.25384162937,,
Patient_1229,CTI (CLIC),446831.25384162937,start,ctiBeds,0.0,,,,
Patient_1229,CTI (CLIC),468336.54559851706,complete,ctiBeds,0.0,,,,
Patient_1229,CTI prepara Encaminhamento,468336.54559851706,start,,0.0,,,,
Patient_1229,CTI prepara Encaminhamento,468382.59951671393,complete,,0.0,,,,
Patient_1229,Encaminha_Transferencia Externa,468382.59951671393,complete,,,Transferencia Externa,468382.59951671393,,
Patient_1229,Discharge,468382.59951671393,complete,,,,,,21551.345675084565
Patient_123,Arrival,35680.77762285337,complete,,0.0,,,,
Patient_123,Origem_da Clinica Cirurgica,35680.77762285337,complete,,,da Clinica Cirurgica,35680.77762285337,,
Patient_123,CTI (CLIC),35680.77762285337,start,ctiBeds,0.0,,,,
Patient_123,CTI (CLIC),46000.528937810275,complete,ctiBeds,0.0,,,,
Patient_123,CTI prepara Encaminhamento,46000.528937810275,start,,0.0,,,,
Patient_123,CTI prepara Encaminhamento,46050.78055480822,complete,,0.0,,,,
Patient_123,Encaminha_para a Clinica Cirurgica,46050.78055480822,complete,,,para a Clinica Cirurgica,46050.78055480822,,
Patient_123,Discharge,46050.78055480822,complete,,,,,,10370.002931954848
Patient_1230,Arrival,447595.508685724,complete,,0.0,,,,
Patient_1230,Origem_do Pronto Socorro,447595.508685724,complete,,,do Pronto Socorro,447595.508685724,,
Patient_1230,CTI (PS),447595.508685724,start,ctiBeds,0.0,,,,
Patient_1230,CTI (PS),453148.13414345344,complete,ctiBeds,0.0,,,,
Patient_1230,CTI prepara Encaminhamento,453148.13414345344,start,,0.0,,,,
Patient_1230,CTI prepara Encaminhamento,453190.99184815574,complete,,0.0,,,,
Patient_1230,Encaminha_Obito,453190.99184815574,complete,,,Obito,453190.99184815574,,
Patient_1230,Discharge,453190.99184815574,complete,,,,,,5595.483162431745
Patient_1231,Arrival,447709.8686936344,complete,,0.0,,,,
Patient_1231,Origem_do Centro Cirurgico,447709.8686936344,complete,,,do Centro Cirurgico,447709.8686936344,,
Patient_1231,CTI (CC),447709.8686936344,start,ctiBeds,0.0,,,,
Patient_1231,CTI (CC),451984.31313831185,complete,ctiBeds,0.0,,,,
Patient_1231,CTI prepara Encaminhamento,451984.31313831185,start,,0.0,,,,
Patient_1231,CTI prepara Encaminhamento,452022.8307444818,complete,,0.0,,,,
Patient_1231,Encaminha_Obito,452022.8307444818,complete,,,Obito,452022.8307444818,,
Patient_1231,Discharge,452022.8307444818,complete,,,,,,4312.962050847418
Patient_1232,Arrival,447743.9261095804,complete,,0.0,,,,
Patient_1232,Origem_do Centro Cirurgico,447743.9261095804,complete,,,do Centro Cirurgico,447743.9261095804,,
Patient_1232,CTI (CC),447743.9261095804,start,ctiBeds,0.0,,,,
Patient_1232,CTI (CC),458116.48281659005,complete,ctiBeds,0.0,,,,
Patient_1232,CTI prepara Encaminhamento,458116.48281659005,start,,0.0,,,,
Patient_1232,CTI prepara Encaminhamento,458163.09189741587,complete,,0.0,,,,
Patient_1232,Encaminha_Transferencia Externa,458163.09189741587,complete,,,Transferencia Externa,458163.09189741587,,
Patient_1232,Discharge,458163.09189741587,complete,,,,,,10419.165787835489
Patient_1233,Arrival,447840.835246362,complete,,0.0,,,,
Patient_1233,Origem_do Pronto Socorro,447840.835246362,complete,,,do Pronto Socorro,447840.835246362,,
Patient_1233,CTI (PS),447840.835246362,start,ctiBeds,0.0,,,,
Patient_1233,CTI (PS),461385.07240454445,complete,ctiBeds,0.0,,,,
Patient_1233,CTI prepara Encaminhamento,461385.07240454445,start,,0.0,,,,
Patient_1233,CTI prepara Encaminhamento,461437.20140748046,complete,,0.0,,,,
Patient_1233,Encaminha_para a Clinica Medica,461437.20140748046,complete,,,para a Clinica Medica,461437.20140748046,,
Patient_1233,Discharge,461437.20140748046,complete,,,,,,13596.366161118436
Patient_1234,Arrival,447882.3346254301,complete,,0.0,,,,
Patient_1234,Origem_do Centro Cirurgico,447882.3346254301,complete,,,do Centro Cirurgico,447882.3346254301,,
Patient_1234,CTI (CC),447882.3346254301,start,ctiBeds,0.0,,,,
Patient_1234,CTI (CC),449855.8400794557,complete,ctiBeds,0.0,,,,
Patient_1234,CTI prepara Encaminhamento,449855.8400794557,start,,0.0,,,,
Patient_1234,CTI prepara Encaminhamento,449898.5284571769,complete,,0.0,,,,
Patient_1234,Encaminha_para a Clinica Medica,449898.5284571769,complete,,,para a Clinica Medica,449898.5284571769,,
Patient_1234,Discharge,449898.5284571769,complete,,,,,,2016.1938317467575
Patient_1235,Arrival,447980.6033524964,complete,,0.0,,,,
Patient_1235,Origem_da Clinica Medica,447980.6033524964,complete,,,da Clinica Medica,447980.6033524964,,
Patient_1235,CTI (CLIM),447980.6033524964,start,ctiBeds,0.0,,,,
Patient_1235,CTI (CLIM),462467.0761100515,complete,ctiBeds,0.0,,,,
Patient_1235,CTI prepara Encaminhamento,462467.0761100515,start,,0.0,,,,
Patient_1235,CTI prepara Encaminhamento,462503.7892280792,complete,,0.0,,,,
Patient_1235,Encaminha_Obito,462503.7892280792,complete,,,Obito,462503.7892280792,,
Patient_1235,Discharge,462503.7892280792,complete,,,,,,14523.1858755828
Patient_1236,Arrival,448366.04691506765,complete,,0.0,,,,
Patient_1236,Origem_do Centro Cirurgico,448366.04691506765,complete,,,do Centro Cirurgico,448366.04691506765,,
Patient_1236,CTI (CC),448366.04691506765,start,ctiBeds,0.0,,,,
Patient_1236,CTI (CC),516407.93488936464,complete,ctiBeds,0.0,,,,
Patient_1236,CTI prepara Encaminhamento,516407.93488936464,start,,0.0,,,,
Patient_1236,CTI prepara Encaminhamento,516441.66421678604,complete,,0.0,,,,
Patient_1236,Encaminha_Obito,516441.66421678604,complete,,,Obito,516441.66421678604,,
Patient_1236,Discharge,516441.66421678604,complete,,,,,,68075.61730171839
Patient_1237,Arrival,448397.9927334036,complete,,0.0,,,,
Patient_1237,Origem_do Centro Cirurgico,448397.9927334036,complete,,,do Centro Cirurgico,448397.9927334036,,
Patient_1237,CTI (CC),448397.9927334036,start,ctiBeds,0.0,,,,
Patient_1237,CTI (CC),453888.358298834,complete,ctiBeds,0.0,,,,
Patient_1237,CTI prepara Encaminhamento,453888.358298834,start,,0.0,,,,
Patient_1237,CTI prepara Encaminhamento,453919.8607613857,complete,,0.0,,,,
Patient_1237,Encaminha_Transferencia Externa,453919.8607613857,complete,,,Transferencia Externa,453919.8607613857,,
Patient_1237,Discharge,453919.8607613857,complete,,,,,,5521.868027982127
Patient_1238,Arrival,448459.841603483,complete,,0.0,,,,
Patient_1238,Origem_do Centro Cirurgico,448459.841603483,complete,,,do Centro Cirurgico,448459.841603483,,
Patient_1238,CTI (CC),448459.841603483,start,ctiBeds,0.0,,,,
Patient_1238,CTI (CC),449916.190898151,complete,ctiBeds,0.0,,,,
Patient_1238,CTI prepara Encaminhamento,449916.190898151,start,,0.0,,,,
Patient_1238,CTI prepara Encaminhamento,449965.04425475176,complete,,0.0,,,,
Patient_1238,Encaminha_para a Clinica Medica,449965.04425475176,complete,,,para a Clinica Medica,449965.04425475176,,
Patient_1238,Discharge,449965.04425475176,complete,,,,,,1505.2026512687444
Patient_1239,Arrival,449255.48096591176,complete,,0.0,,,,
Patient_1239,Origem_da Clinica Medica,449255.48096591176,complete,,,da Clinica Medica,449255.48096591176,,
Patient_1239,CTI (CLIM),449255.48096591176,start,ctiBeds,0.0,,,,
Patient_1239,CTI (CLIM),462318.6784448997,complete,ctiBeds,0.0,,,,
Patient_1239,CTI prepara Encaminhamento,462318.6784448997,start,,0.0,,,,
Patient_1239,CTI prepara Encaminhamento,462361.45324933913,complete,,0.0,,,,
Patient_1239,Encaminha_para a Clinica Cirurgica,462361.45324933913,complete,,,para a Clinica Cirurgica,462361.45324933913,,
Patient_1239,Discharge,462361.45324933913,complete,,,,,,13105.97228342737
Patient_124,Arrival,36275.55042644886,complete,,0.0,,,,
Patient_124,Origem_do Pronto Socorro,36275.55042644886,complete,,,do Pronto Socorro,36275.55042644886,,
Patient_124,CTI (PS),36275.55042644886,start,ctiBeds,0.0,,,,
Patient_124,CTI (PS),48546.60008781393,complete,ctiBeds,0.0,,,,
Patient_124,CTI prepara Encaminhamento,48546.60008781393,start,,0.0,,,,
Patient_124,CTI prepara Encaminhamento,48596.456794708894,complete,,0.0,,,,
Patient_124,Encaminha_para a Clinica Medica,48596.456794708894,complete,,,para a Clinica Medica,48596.456794708894,,
Patient_124,Discharge,48596.456794708894,complete,,,,,,12320.906368260032
Patient_1240,Arrival,449278.7619841597,complete,,0.0,,,,
Patient_1240,Origem_do Pronto Socorro,449278.7619841597,complete,,,do Pronto Socorro,449278.7619841597,,
Patient_1240,CTI (PS),449278.7619841597,start,ctiBeds,0.0,,,,
Patient_1240,CTI (PS),455567.6046373078,complete,ctiBeds,0.0,,,,
Patient_1240,CTI prepara Encaminhamento,455567.6046373078,start,,0.0,,,,
Patient_1240,CTI prepara Encaminhamento,455612.13028279354,complete,,0.0,,,,
Patient_1240,Encaminha_para a Clinica Cirurgica,455612.13028279354,complete,,,para a Clinica Cirurgica,455612.13028279354,,
Patient_1240,Discharge,455612.13028279354,complete,,,,,,6333.368298633839
Patient_1241,Arrival,449287.5877265765,complete,,0.0,,,,
Patient_1241,Origem_do Pronto Socorro,449287.5877265765,complete,,,do Pronto Socorro,449287.5877265765,,
Patient_1241,CTI (PS),449287.5877265765,start,ctiBeds,0.0,,,,
Patient_1241,CTI (PS),454552.92889758764,complete,ctiBeds,0.0,,,,
Patient_1241,CTI prepara Encaminhamento,454552.92889758764,start,,0.0,,,,
Patient_1241,CTI prepara Encaminhamento,454607.56152084615,complete,,0.0,,,,
Patient_1241,Encaminha_para a Clinica Medica,454607.56152084615,complete,,,para a Clinica Medica,454607.56152084615,,
Patient_1241,Discharge,454607.56152084615,complete,,,,,,5319.9737942696665
Patient_1242,Arrival,449521.0769875038,complete,,0.0,,,,
Patient_1242,Origem_do Pronto Socorro,449521.0769875038,complete,,,do Pronto Socorro,449521.0769875038,,
Patient_1242,CTI (PS),449521.0769875038,start,ctiBeds,0.0,,,,
Patient_1242,CTI (PS),453328.52068695595,complete,ctiBeds,0.0,,,,
Patient_1242,CTI prepara Encaminhamento,453328.52068695595,start,,0.0,,,,
Patient_1242,CTI prepara Encaminhamento,453384.02074602613,complete,,0.0,,,,
Patient_1242,Encaminha_Obito,453384.02074602613,complete,,,Obito,453384.02074602613,,
Patient_1242,Discharge,453384.02074602613,complete,,,,,,3862.943758522335
Patient_1243,Arrival,450153.2602463908,complete,,0.0,,,,
Patient_1243,Origem_do Pronto Socorro,450153.2602463908,complete,,,do Pronto Socorro,450153.2602463908,,
Patient_1243,CTI (PS),450153.2602463908,start,ctiBeds,0.0,,,,
Patient_1243,CTI (PS),452513.34556702577,complete,ctiBeds,0.0,,,,
Patient_1243,CTI prepara Encaminhamento,452513.34556702577,start,,0.0,,,,
Patient_1243,CTI prepara Encaminhamento,452549.0616174414,complete,,0.0,,,,
Patient_1243,Encaminha_para a Clinica Cirurgica,452549.0616174414,complete,,,para a Clinica Cirurgica,452549.0616174414,,
Patient_1243,Discharge,452549.0616174414,complete,,,,,,2395.801371050591
Patient_1244,Arrival,450917.4997198582,complete,,0.0,,,,
Patient_1244,Origem_do Pronto Socorro,450917.4997198582,complete,,,do Pronto Socorro,450917.4997198582,,
Patient_1244,CTI (PS),450917.4997198582,start,ctiBeds,0.0,,,,
Patient_1244,CTI (PS),465150.85819714214,complete,ctiBeds,0.0,,,,
Patient_1244,CTI prepara Encaminhamento,465150.85819714214,start,,0.0,,,,
Patient_1244,CTI prepara Encaminhamento,465184.7713502969,complete,,0.0,,,,
Patient_1244,Encaminha_para a Clinica Cirurgica,465184.7713502969,complete,,,para a Clinica Cirurgica,465184.7713502969,,
Patient_1244,Discharge,465184.7713502969,complete,,,,,,14267.271630438685
Patient_1245,Arrival,452566.6971607366,complete,,0.0,,,,
Patient_1245,Origem_do Centro Cirurgico,452566.6971607366,complete,,,do Centro Cirurgico,452566.6971607366,,
Patient_1245,CTI (CC),452566.6971607366,start,ctiBeds,0.0,,,,
Patient_1245,CTI (CC),453551.69349822437,complete,ctiBeds,0.0,,,,
Patient_1245,CTI prepara Encaminhamento,453551.69349822437,start,,0.0,,,,
Patient_1245,CTI prepara Encaminhamento,453611.01324874227,complete,,0.0,,,,
Patient_1245,Encaminha_Obito,453611.01324874227,complete,,,Obito,453611.01324874227,,
Patient_1245,Discharge,453611.01324874227,complete,,,,,,1044.3160880056676
Patient_1246,Arrival,453616.8668171622,complete,,0.0,,,,
Patient_1246,Origem_da Clinica Cirurgica,453616.8668171622,complete,,,da Clinica Cirurgica,453616.8668171622,,
Patient_1246,CTI (CLIC),453616.8668171622,start,ctiBeds,0.0,,,,
Patient_1246,CTI (CLIC),463655.7043716022,complete,ctiBeds,0.0,,,,
Patient_1246,CTI prepara Encaminhamento,463655.7043716022,start,,0.0,,,,
Patient_1246,CTI prepara Encaminhamento,463706.58388391376,complete,,0.0,,,,
Patient_1246,Encaminha_para a Clinica Cirurgica,463706.58388391376,complete,,,para a Clinica Cirurgica,463706.58388391376,,
Patient_1246,Discharge,463706.58388391376,complete,,,,,,10089.71706675156
Patient_1247,Arrival,453983.88959570153,complete,,0.0,,,,
Patient_1247,Origem_do Centro Cirurgico,453983.88959570153,complete,,,do Centro Cirurgico,453983.88959570153,,
Patient_1247,CTI (CC),453983.88959570153,start,ctiBeds,0.0,,,,
Patient_1247,CTI (CC),466662.6046413399,complete,ctiBeds,0.0,,,,
Patient_1247,CTI prepara Encaminhamento,466662.6046413399,start,,0.0,,,,
Patient_1247,CTI prepara Encaminhamento,466708.1682723968,complete,,0.0,,,,
Patient_1247,Encaminha_para a Clinica Cirurgica,466708.1682723968,complete,,,para a Clinica Cirurgica,466708.1682723968,,
Patient_1247,Discharge,466708.1682723968,complete,,,,,,12724.278676695249
Patient_1248,Arrival,454495.13416199834,complete,,0.0,,,,
Patient_1248,Origem_do Centro Cirurgico,454495.13416199834,complete,,,do Centro Cirurgico,454495.13416199834,,
Patient_1248,CTI (CC),454495.13416199834,start,ctiBeds,0.0,,,,
Patient_1248,CTI (CC),456036.0065521647,complete,ctiBeds,0.0,,,,
Patient_1248,CTI prepara Encaminhamento,456036.0065521647,start,,0.0,,,,
Patient_1248,CTI prepara Encaminhamento,456090.7179932326,complete,,0.0,,,,
Patient_1248,Encaminha_para a Clinica Medica,456090.7179932326,complete,,,para a Clinica Medica,456090.7179932326,,
Patient_1248,Discharge,456090.7179932326,complete,,,,,,1595.583831234253
Patient_1249,Arrival,454683.22979005636,complete,,0.0,,,,
Patient_1249,Origem_do Centro Cirurgico,454683.22979005636,complete,,,do Centro Cirurgico,454683.22979005636,,
Patient_1249,CTI (CC),454683.22979005636,start,ctiBeds,0.0,,,,
Patient_1249,CTI (CC),457031.0556497857,complete,ctiBeds,0.0,,,,
Patient_1249,CTI prepara Encaminhamento,457031.0556497857,start,,0.0,,,,
Patient_1249,CTI prepara Encaminhamento,457087.2841968714,complete,,0.0,,,,
Patient_1249,Encaminha_para a Clinica Cirurgica,457087.2841968714,complete,,,para a Clinica Cirurgica,457087.2841968714,,
Patient_1249,Discharge,457087.2841968714,complete,,,,,,2404.054406815034
Patient_125,Arrival,36336.2371446328,complete,,0.0,,,,
Patient_125,Origem_do Pronto Socorro,36336.2371446328,complete,,,do Pronto Socorro,36336.2371446328,,
Patient_125,CTI (PS),36336.2371446328,start,ctiBeds,0.0,,,,
Patient_125,CTI (PS),49234.235366830726,complete,ctiBeds,0.0,,,,
Patient_125,CTI prepara Encaminhamento,49234.235366830726,start,,0.0,,,,
Patient_125,CTI prepara Encaminhamento,49273.066694989866,complete,,0.0,,,,
Patient_125,Encaminha_para a Clinica Medica,49273.066694989866,complete,,,para a Clinica Medica,49273.066694989866,,
Patient_125,Discharge,49273.066694989866,complete,,,,,,12936.829550357063
Patient_1250,Arrival,454950.7217170122,complete,,0.0,,,,
Patient_1250,Origem_do Pronto Socorro,454950.7217170122,complete,,,do Pronto Socorro,454950.7217170122,,
Patient_1250,CTI (PS),454950.7217170122,start,ctiBeds,0.0,,,,
Patient_1250,CTI (PS),467342.396814315,complete,ctiBeds,0.0,,,,
Patient_1250,CTI prepara Encaminhamento,467342.396814315,start,,0.0,,,,
Patient_1250,CTI prepara Encaminhamento,467392.9267798305,complete,,0.0,,,,
Patient_1250,Encaminha_Obito,467392.9267798305,complete,,,Obito,467392.9267798305,,
Patient_1250,Discharge,467392.9267798305,complete,,,,,,12442.205062818306
Patient_1251,Arrival,455024.74763755105,complete,,0.0,,,,
Patient_1251,Origem_da Clinica Medica,455024.74763755105,complete,,,da Clinica Medica,455024.74763755105,,
Patient_1251,CTI (CLIM),455024.74763755105,start,ctiBeds,0.0,,,,
Patient_1251,CTI (CLIM),463987.6722424843,complete,ctiBeds,0.0,,,,
Patient_1251,CTI prepara Encaminhamento,463987.6722424843,start,,0.0,,,,
Patient_1251,CTI prepara Encaminhamento,464038.9464046477,complete,,0.0,,,,
Patient_1251,Encaminha_para a Clinica Cirurgica,464038.9464046477,complete,,,para a Clinica Cirurgica,464038.9464046477,,
Patient_1251,Discharge,464038.9464046477,complete,,,,,,9014.198767096677
Patient_1252,Arrival,455132.00117946754,complete,,0.0,,,,
Patient_1252,Origem_do Pronto Socorro,455132.00117946754,complete,,,do Pronto Socorro,455132.00117946754,,
Patient_1252,CTI (PS),455132.00117946754,start,ctiBeds,0.0,,,,
Patient_1252,CTI (PS),460671.87485085917,complete,ctiBeds,0.0,,,,
Patient_1252,CTI prepara Encaminhamento,460671.87485085917,start,,0.0,,,,
Patient_1252,CTI prepara Encaminhamento,460724.89350576897,complete,,0.0,,,,
Patient_1252,Encaminha_para a Clinica Medica,460724.89350576897,complete,,,para a Clinica Medica,460724.89350576897,,
Patient_1252,Discharge,460724.89350576897,complete,,,,,,5592.892326301429
Patient_1253,Arrival,455850.7915558878,complete,,0.0,,,,
Patient_1253,Origem_do Centro Cirurgico,455850.7915558878,complete,,,do Centro Cirurgico,455850.7915558878,,
Patient_1253,CTI (CC),455850.7915558878,start,ctiBeds,0.0,,,,
Patient_1253,CTI (CC),460241.001918944,complete,ctiBeds,0.0,,,,
Patient_1253,CTI prepara Encaminhamento,460241.001918944,start,,0.0,,,,
Patient_1253,CTI prepara Encaminhamento,460296.2203136159,complete,,0.0,,,,
Patient_1253,Encaminha_Transferencia Externa,460296.2203136159,complete,,,Transferencia Externa,460296.2203136159,,
Patient_1253,Discharge,460296.2203136159,complete,,,,,,4445.428757728136
Patient_1254,Arrival,455887.7987762697,complete,,0.0,,,,
Patient_1254,Origem_da Clinica Cirurgica,455887.7987762697,complete,,,da Clinica Cirurgica,455887.7987762697,,
Patient_1254,CTI (CLIC),455887.7987762697,start,ctiBeds,0.0,,,,
Patient_1254,CTI (CLIC),456817.81858383946,complete,ctiBeds,0.0,,,,
Patient_1254,CTI prepara Encaminhamento,456817.81858383946,start,,0.0,,,,
Patient_1254,CTI prepara Encaminhamento,456861.4687399406,complete,,0.0,,,,
Patient_1254,Encaminha_Transferencia Externa,456861.4687399406,complete,,,Transferencia Externa,456861.4687399406,,
Patient_1254,Discharge,456861.4687399406,complete,,,,,,973.6699636708945
Patient_1255,Arrival,455938.7923930952,complete,,0.0,,,,
Patient_1255,Origem_do Centro Cirurgico,455938.7923930952,complete,,,do Centro Cirurgico,455938.7923930952,,
Patient_1255,CTI (CC),455938.7923930952,start,ctiBeds,0.0,,,,
Patient_1255,CTI (CC),458843.3198548062,complete,ctiBeds,0.0,,,,
Patient_1255,CTI prepara Encaminhamento,458843.3198548062,start,,0.0,,,,
Patient_1255,CTI prepara Encaminhamento,458901.3565984015,complete,,0.0,,,,
Patient_1255,Encaminha_para a Clinica Medica,458901.3565984015,complete,,,para a Clinica Medica,458901.3565984015,,
Patient_1255,Discharge,458901.3565984015,complete,,,,,,2962.564205306291
Patient_1256,Arrival,456437.4636232439,complete,,0.0,,,,
Patient_1256,Origem_do Pronto Socorro,456437.4636232439,complete,,,do Pronto Socorro,456437.4636232439,,
Patient_1256,CTI (PS),456437.4636232439,start,ctiBeds,0.0,,,,
Patient_1256,CTI (PS),461778.66397138446,complete,ctiBeds,0.0,,,,
Patient_1256,CTI prepara Encaminhamento,461778.66397138446,start,,0.0,,,,
Patient_1256,CTI prepara Encaminhamento,461828.7599594771,complete,,0.0,,,,
Patient_1256,Encaminha_Obito,461828.7599594771,complete,,,Obito,461828.7599594771,,
Patient_1256,Discharge,461828.7599594771,complete,,,,,,5391.296336233208
Patient_1257,Arrival,456829.6163666418,complete,,0.0,,,,
Patient_1257,Origem_do Pronto Socorro,456829.6163666418,complete,,,do Pronto Socorro,456829.6163666418,,
Patient_1257,CTI (PS),456829.6163666418,start,ctiBeds,0.0,,,,
Patient_1257,CTI (PS),488693.78509477456,complete,ctiBeds,0.0,,,,
Patient_1257,CTI prepara Encaminhamento,488693.78509477456,start,,0.0,,,,
Patient_1257,CTI prepara Encaminhamento,488731.85189020535,complete,,0.0,,,,
Patient_1257,Encaminha_Obito,488731.85189020535,complete,,,Obito,488731.85189020535,,
Patient_1257,Discharge,488731.85189020535,complete,,,,,,31902.23552356352
Patient_1258,Arrival,457162.88751954364,complete,,0.0,,,,
Patient_1258,Origem_do Centro Cirurgico,457162.88751954364,complete,,,do Centro Cirurgico,457162.88751954364,,
Patient_1258,CTI (CC),457162.88751954364,start,ctiBeds,0.0,,,,
Patient_1258,CTI (CC),457682.140287029,complete,ctiBeds,0.0,,,,
Patient_1258,CTI prepara Encaminhamento,457682.140287029,start,,0.0,,,,
Patient_1258,CTI prepara Encaminhamento,457729.6037038771,complete,,0.0,,,,
Patient_1258,Encaminha_para a Clinica Medica,457729.6037038771,complete,,,para a Clinica Medica,457729.6037038771,,
Patient_1258,Discharge,457729.6037038771,complete,,,,,,566.7161843334325
Patient_1259,Arrival,457437.7000647733,complete,,0.0,,,,
Patient_1259,Origem_do Centro Cirurgico,457437.7000647733,complete,,,do Centro Cirurgico,457437.7000647733,,
Patient_1259,CTI (CC),457437.7000647733,start,ctiBeds,0.0,,,,
Patient_1259,CTI (CC),462030.0821642533,complete,ctiBeds,0.0,,,,
Patient_1259,CTI prepara Encaminhamento,462030.0821642533,start,,0.0,,,,
Patient_1259,CTI prepara Encaminhamento,462075.8684553648,complete,,0.0,,,,
Patient_1259,Encaminha_para a Clinica Medica,462075.8684553648,complete,,,para a Clinica Medica,462075.8684553648,,
Patient_1259,Discharge,462075.8684553648,complete,,,,,,4638.168390591454
Patient_126,Arrival,36741.41919949701,complete,,0.0,,,,
Patient_126,Origem_do Pronto Socorro,36741.41919949701,complete,,,do Pronto Socorro,36741.41919949701,,
Patient_126,CTI (PS),36741.41919949701,start,ctiBeds,0.0,,,,
Patient_126,CTI (PS),42101.054566670464,complete,ctiBeds,0.0,,,,
Patient_126,CTI prepara Encaminhamento,42101.054566670464,start,,0.0,,,,
Patient_126,CTI prepara Encaminhamento,42154.800406564755,complete,,0.0,,,,
Patient_126,Encaminha_Obito,42154.800406564755,complete,,,Obito,42154.800406564755,,
Patient_126,Discharge,42154.800406564755,complete,,,,,,5413.381207067745
Patient_1260,Arrival,457463.63432962424,complete,,0.0,,,,
Patient_1260,Origem_do Centro Cirurgico,457463.63432962424,complete,,,do Centro Cirurgico,457463.63432962424,,
Patient_1260,CTI (CC),457463.63432962424,start,ctiBeds,0.0,,,,
Patient_1260,CTI (CC),460758.0615655763,complete,ctiBeds,0.0,,,,
Patient_1260,CTI prepara Encaminhamento,460758.0615655763,start,,0.0,,,,
Patient_1260,CTI prepara Encaminhamento,460796.73476756236,complete,,0.0,,,,
Patient_1260,Encaminha_para a Clinica Cirurgica,460796.73476756236,complete,,,para a Clinica Cirurgica,460796.73476756236,,
Patient_1260,Discharge,460796.73476756236,complete,,,,,,3333.1004379381193
Patient_1261,Arrival,457706.64836539654,complete,,0.0,,,,
Patient_1261,Origem_do Pronto Socorro,457706.64836539654,complete,,,do Pronto Socorro,457706.64836539654,,
Patient_1261,CTI (PS),457706.64836539654,start,ctiBeds,0.0,,,,
Patient_1261,CTI (PS),463634.4825959496,complete,ctiBeds,0.0,,,,
Patient_1261,CTI prepara Encaminhamento,463634.4825959496,start,,0.0,,,,
Patient_1261,CTI prepara Encaminhamento,463681.6388763082,complete,,0.0,,,,
Patient_1261,Encaminha_para a Clinica Medica,463681.6388763082,complete,,,para a Clinica Medica,463681.6388763082,,
Patient_1261,Discharge,463681.6388763082,complete,,,,,,5974.990510911681
Patient_1262,Arrival,457789.06302987004,complete,,0.0,,,,
Patient_1262,Origem_do Centro Cirurgico,457789.06302987004,complete,,,do Centro Cirurgico,457789.06302987004,,
Patient_1262,CTI (CC),457789.06302987004,start,ctiBeds,0.0,,,,
Patient_1262,CTI (CC),461844.1605338857,complete,ctiBeds,0.0,,,,
Patient_1262,CTI prepara Encaminhamento,461844.1605338857,start,,0.0,,,,
Patient_1262,CTI prepara Encaminhamento,461888.0500421729,complete,,0.0,,,,
Patient_1262,Encaminha_para a Maternidade,461888.0500421729,complete,,,para a Maternidade,461888.0500421729,,
Patient_1262,Discharge,461888.0500421729,complete,,,,,,4098.987012302852
Patient_1263,Arrival,459934.3935662262,complete,,0.0,,,,
Patient_1263,Origem_do Pronto Socorro,459934.3935662262,complete,,,do Pronto Socorro,459934.3935662262,,
Patient_1263,CTI (PS),459934.3935662262,start,ctiBeds,0.0,,,,
Patient_1263,CTI (PS),470701.78090390953,complete,ctiBeds,0.0,,,,
Patient_1263,CTI prepara Encaminhamento,470701.78090390953,start,,0.0,,,,
Patient_1263,CTI prepara Encaminhamento,470748.03872581874,complete,,0.0,,,,
Patient_1263,Encaminha_para a Clinica Cirurgica,470748.03872581874,complete,,,para a Clinica Cirurgica,470748.03872581874,,
Patient_1263,Discharge,470748.03872581874,complete,,,,,,10813.645159592561
Patient_1264,Arrival,460022.6591858161,complete,,0.0,,,,
Patient_1264,Origem_do Pronto Socorro,460022.6591858161,complete,,,do Pronto Socorro,460022.6591858161,,
Patient_1264,CTI (PS),460022.6591858161,start,ctiBeds,0.0,,,,
Patient_1264,CTI (PS),468874.8336101391,complete,ctiBeds,0.0,,,,
Patient_1264,CTI prepara Encaminhamento,468874.8336101391,start,,0.0,,,,
Patient_1264,CTI prepara Encaminhamento,468927.2890825616,complete,,0.0,,,,
Patient_1264,Encaminha_para a Clinica Medica,468927.2890825616,complete,,,para a Clinica Medica,468927.2890825616,,
Patient_1264,Discharge,468927.2890825616,complete,,,,,,8904.629896745493
Patient_1265,Arrival,460026.1429160814,complete,,0.0,,,,
Patient_1265,Origem_do Pronto Socorro,460026.1429160814,complete,,,do Pronto Socorro,460026.1429160814,,
Patient_1265,CTI (PS),460026.1429160814,start,ctiBeds,0.0,,,,
Patient_1265,CTI (PS),475069.2312993824,complete,ctiBeds,0.0,,,,
Patient_1265,CTI prepara Encaminhamento,475069.2312993824,start,,0.0,,,,
Patient_1265,CTI prepara Encaminhamento,475122.4903597313,complete,,0.0,,,,
Patient_1265,Encaminha_Obito,475122.4903597313,complete,,,Obito,475122.4903597313,,
Patient_1265,Discharge,475122.4903597313,complete,,,,,,15096.347443649895
Patient_1266,Arrival,461850.664461167,complete,,0.0,,,,
Patient_1266,Origem_do Pronto Socorro,461850.664461167,complete,,,do Pronto Socorro,461850.664461167,,
Patient_1266,CTI (PS),461850.664461167,start,ctiBeds,0.0,,,,
Patient_1266,CTI (PS),470706.3595060767,complete,ctiBeds,0.0,,,,
Patient_1266,CTI prepara Encaminhamento,470706.3595060767,start,,0.0,,,,
Patient_1266,CTI prepara Encaminhamento,470762.25544410327,complete,,0.0,,,,
Patient_1266,Encaminha_para a Clinica Medica,470762.25544410327,complete,,,para a Clinica Medica,470762.25544410327,,
Patient_1266,Discharge,470762.25544410327,complete,,,,,,8911.590982936264
Patient_1267,Arrival,462454.5381374163,complete,,0.0,,,,
Patient_1267,Origem_do Centro Cirurgico,462454.5381374163,complete,,,do Centro Cirurgico,462454.5381374163,,
Patient_1267,CTI (CC),462454.5381374163,start,ctiBeds,0.0,,,,
Patient_1267,CTI (CC),473891.113544779,complete,ctiBeds,0.0,,,,
Patient_1267,CTI prepara Encaminhamento,473891.113544779,start,,0.0,,,,
Patient_1267,CTI prepara Encaminhamento,473921.3733978154,complete,,0.0,,,,
Patient_1267,Encaminha_para a Clinica Cirurgica,473921.3733978154,complete,,,para a Clinica Cirurgica,473921.3733978154,,
Patient_1267,Discharge,473921.3733978154,complete,,,,,,11466.835260399093
Patient_1268,Arrival,462492.34742037265,complete,,0.0,,,,
Patient_1268,Origem_do Centro Cirurgico,462492.34742037265,complete,,,do Centro Cirurgico,462492.34742037265,,
Patient_1268,CTI (CC),462492.34742037265,start,ctiBeds,0.0,,,,
Patient_1268,CTI (CC),464313.96435810643,complete,ctiBeds,0.0,,,,
Patient_1268,CTI prepara Encaminhamento,464313.96435810643,start,,0.0,,,,
Patient_1268,CTI prepara Encaminhamento,464364.4801541641,complete,,0.0,,,,
Patient_1268,Encaminha_para a Clinica Cirurgica,464364.4801541641,complete,,,para a Clinica Cirurgica,464364.4801541641,,
Patient_1268,Discharge,464364.4801541641,complete,,,,,,1872.1327337914263
Patient_1269,Arrival,462554.6592348592,complete,,0.0,,,,
Patient_1269,Origem_do Pronto Socorro,462554.6592348592,complete,,,do Pronto Socorro,462554.6592348592,,
Patient_1269,CTI (PS),462554.6592348592,start,ctiBeds,0.0,,,,
Patient_1269,CTI (PS),464730.61313159054,complete,ctiBeds,0.0,,,,
Patient_1269,CTI prepara Encaminhamento,464730.61313159054,start,,0.0,,,,
Patient_1269,CTI prepara Encaminhamento,464768.47777383716,complete,,0.0,,,,
Patient_1269,Encaminha_Obito,464768.47777383716,complete,,,Obito,464768.47777383716,,
Patient_1269,Discharge,464768.47777383716,complete,,,,,,2213.818538977939
Patient_127,Arrival,37901.78830931011,complete,,0.0,,,,
Patient_127,Origem_da Maternidade,37901.78830931011,complete,,,da Maternidade,37901.78830931011,,
Patient_127,CTI (MAT),37901.78830931011,start,ctiBeds,0.0,,,,
Patient_127,CTI (MAT),40394.55259733045,complete,ctiBeds,0.0,,,,
Patient_127,CTI prepara Encaminhamento,40394.55259733045,start,,0.0,,,,
Patient_127,CTI prepara Encaminhamento,40440.043502018634,complete,,0.0,,,,
Patient_127,Encaminha_para a Clinica Cirurgica,40440.043502018634,complete,,,para a Clinica Cirurgica,40440.043502018634,,
Patient_127,Discharge,40440.043502018634,complete,,,,,,2538.2551927085224
Patient_1270,Arrival,462666.7301177198,complete,,0.0,,,,
Patient_1270,Origem_do Centro Cirurgico,462666.7301177198,complete,,,do Centro Cirurgico,462666.7301177198,,
Patient_1270,CTI (CC),462666.7301177198,start,ctiBeds,0.0,,,,
Patient_1270,CTI (CC),464527.6672191496,complete,ctiBeds,0.0,,,,
Patient_1270,CTI prepara Encaminhamento,464527.6672191496,start,,0.0,,,,
Patient_1270,CTI prepara Encaminhamento,464563.10545879795,complete,,0.0,,,,
Patient_1270,Encaminha_para a Clinica Cirurgica,464563.10545879795,complete,,,para a Clinica Cirurgica,464563.10545879795,,
Patient_1270,Discharge,464563.10545879795,complete,,,,,,1896.37534107815
Patient_1271,Arrival,462678.7217871272,complete,,0.0,,,,
Patient_1271,Origem_do Centro Cirurgico,462678.7217871272,complete,,,do Centro Cirurgico,462678.7217871272,,
Patient_1271,CTI (CC),462678.7217871272,start,ctiBeds,0.0,,,,
Patient_1271,CTI (CC),473775.66439647373,complete,ctiBeds,0.0,,,,
Patient_1271,CTI prepara Encaminhamento,473775.66439647373,start,,0.0,,,,
Patient_1271,CTI prepara Encaminhamento,473805.74499688775,complete,,0.0,,,,
Patient_1271,Encaminha_Obito,473805.74499688775,complete,,,Obito,473805.74499688775,,
Patient_1271,Discharge,473805.74499688775,complete,,,,,,11127.023209760548
Patient_1272,Arrival,462690.71368968266,complete,,0.0,,,,
Patient_1272,Origem_do Centro Cirurgico,462690.71368968266,complete,,,do Centro Cirurgico,462690.71368968266,,
Patient_1272,CTI (CC),462690.71368968266,start,ctiBeds,0.0,,,,
Patient_1272,CTI (CC),463892.6682166009,complete,ctiBeds,0.0,,,,
Patient_1272,CTI prepara Encaminhamento,463892.6682166009,start,,0.0,,,,
Patient_1272,CTI prepara Encaminhamento,463937.03102675086,complete,,0.0,,,,
Patient_1272,Encaminha_para a Clinica Medica,463937.03102675086,complete,,,para a Clinica Medica,463937.03102675086,,
Patient_1272,Discharge,463937.03102675086,complete,,,,,,1246.3173370682052
Patient_1273,Arrival,462693.2312308487,complete,,0.0,,,,
Patient_1273,Origem_do Pronto Socorro,462693.2312308487,complete,,,do Pronto Socorro,462693.2312308487,,
Patient_1273,CTI (PS),462693.2312308487,start,ctiBeds,0.0,,,,
Patient_1273,CTI (PS),465650.69513810845,complete,ctiBeds,0.0,,,,
Patient_1273,CTI prepara Encaminhamento,465650.69513810845,start,,0.0,,,,
Patient_1273,CTI prepara Encaminhamento,465684.8986615905,complete,,0.0,,,,
Patient_1273,Encaminha_para a Clinica Cirurgica,465684.8986615905,complete,,,para a Clinica Cirurgica,465684.8986615905,,
Patient_1273,Discharge,465684.8986615905,complete,,,,,,2991.6674307417707
Patient_1274,Arrival,462858.24201886734,complete,,0.0,,,,
Patient_1274,Origem_do Pronto Socorro,462858.24201886734,complete,,,do Pronto Socorro,462858.24201886734,,
Patient_1274,CTI (PS),462858.24201886734,start,ctiBeds,0.0,,,,
Patient_1274,CTI (PS),465784.3277286829,complete,ctiBeds,0.0,,,,
Patient_1274,CTI prepara Encaminhamento,465784.3277286829,start,,0.0,,,,
Patient_1274,CTI prepara Encaminhamento,465826.2807199318,complete,,0.0,,,,
Patient_1274,Encaminha_para a Maternidade,465826.2807199318,complete,,,para a Maternidade,465826.2807199318,,
Patient_1274,Discharge,465826.2807199318,complete,,,,,,2968.038701064477
Patient_1275,Arrival,463415.4998955338,complete,,0.0,,,,
Patient_1275,Origem_do Pronto Socorro,463415.4998955338,complete,,,do Pronto Socorro,463415.4998955338,,
Patient_1275,CTI (PS),463415.4998955338,start,ctiBeds,0.0,,,,
Patient_1275,CTI (PS),466846.86608904036,complete,ctiBeds,0.0,,,,
Patient_1275,CTI prepara Encaminhamento,466846.86608904036,start,,0.0,,,,
Patient_1275,CTI prepara Encaminhamento,466880.5404039723,complete,,0.0,,,,
Patient_1275,Encaminha_Obito,466880.5404039723,complete,,,Obito,466880.5404039723,,
Patient_1275,Discharge,466880.5404039723,complete,,,,,,3465.040508438542
Patient_1276,Arrival,463997.24560409435,complete,,0.0,,,,
Patient_1276,Origem_do Pronto Socorro,463997.24560409435,complete,,,do Pronto Socorro,463997.24560409435,,
Patient_1276,CTI (PS),463997.24560409435,start,ctiBeds,0.0,,,,
Patient_1276,CTI (PS),482398.09085107927,complete,ctiBeds,0.0,,,,
Patient_1276,CTI prepara Encaminhamento,482398.09085107927,start,,0.0,,,,
Patient_1276,CTI prepara Encaminhamento,482447.97719448456,complete,,0.0,,,,
Patient_1276,Encaminha_para a Clinica Medica,482447.97719448456,complete,,,para a Clinica Medica,482447.97719448456,,
Patient_1276,Discharge,482447.97719448456,complete,,,,,,18450.731590390205
Patient_1277,Arrival,464876.69475820387,complete,,0.0,,,,
Patient_1277,Origem_do Pronto Socorro,464876.69475820387,complete,,,do Pronto Socorro,464876.69475820387,,
Patient_1277,CTI (PS),464876.69475820387,start,ctiBeds,0.0,,,,
Patient_1277,CTI (PS),473434.3893356166,complete,ctiBeds,0.0,,,,
Patient_1277,CTI prepara Encaminhamento,473434.3893356166,start,,0.0,,,,
Patient_1277,CTI prepara Encaminhamento,473470.9927808055,complete,,0.0,,,,
Patient_1277,Encaminha_Obito,473470.9927808055,complete,,,Obito,473470.9927808055,,
Patient_1277,Discharge,473470.9927808055,complete,,,,,,8594.298022601637
Patient_1278,Arrival,464913.55098502163,complete,,0.0,,,,
Patient_1278,Origem_do Centro Cirurgico,464913.55098502163,complete,,,do Centro Cirurgico,464913.55098502163,,
Patient_1278,CTI (CC),464913.55098502163,start,ctiBeds,0.0,,,,
Patient_1278,CTI (CC),467182.42353922094,complete,ctiBeds,0.0,,,,
Patient_1278,CTI prepara Encaminhamento,467182.42353922094,start,,0.0,,,,
Patient_1278,CTI prepara Encaminhamento,467237.00899664586,complete,,0.0,,,,
Patient_1278,Encaminha_para a Clinica Cirurgica,467237.00899664586,complete,,,para a Clinica Cirurgica,467237.00899664586,,
Patient_1278,Discharge,467237.00899664586,complete,,,,,,2323.4580116242287
Patient_1279,Arrival,465314.3055029808,complete,,0.0,,,,
Patient_1279,Origem_do Pronto Socorro,465314.3055029808,complete,,,do Pronto Socorro,465314.3055029808,,
Patient_1279,CTI (PS),465314.3055029808,start,ctiBeds,0.0,,,,
Patient_1279,CTI (PS),469187.14061908994,complete,ctiBeds,0.0,,,,
Patient_1279,CTI prepara Encaminhamento,469187.14061908994,start,,0.0,,,,
Patient_1279,CTI prepara Encaminhamento,469222.68768876826,complete,,0.0,,,,
Patient_1279,Encaminha_para a Clinica Cirurgica,469222.68768876826,complete,,,para a Clinica Cirurgica,469222.68768876826,,
Patient_1279,Discharge,469222.68768876826,complete,,,,,,3908.3821857874864
Patient_128,Arrival,37985.23173613082,complete,,0.0,,,,
Patient_128,Origem_do Centro Cirurgico,37985.23173613082,complete,,,do Centro Cirurgico,37985.23173613082,,
Patient_128,CTI (CC),37985.23173613082,start,ctiBeds,0.0,,,,
Patient_128,CTI (CC),43437.44858330922,complete,ctiBeds,0.0,,,,
Patient_128,CTI prepara Encaminhamento,43437.44858330922,start,,0.0,,,,
Patient_128,CTI prepara Encaminhamento,43496.68668089137,complete,,0.0,,,,
Patient_128,Encaminha_para a Clinica Cirurgica,43496.68668089137,complete,,,para a Clinica Cirurgica,43496.68668089137,,
Patient_128,Discharge,43496.68668089137,complete,,,,,,5511.454944760546
Patient_1280,Arrival,466166.25753355765,complete,,0.0,,,,
Patient_1280,Origem_do Pronto Socorro,466166.25753355765,complete,,,do Pronto Socorro,466166.25753355765,,
Patient_1280,CTI (PS),466166.25753355765,start,ctiBeds,0.0,,,,
Patient_1280,CTI (PS),480059.8459692592,complete,ctiBeds,0.0,,,,
Patient_1280,CTI prepara Encaminhamento,480059.8459692592,start,,0.0,,,,
Patient_1280,CTI prepara Encaminhamento,480090.2845269434,complete,,0.0,,,,
Patient_1280,Encaminha_Obito,480090.2845269434,complete,,,Obito,480090.2845269434,,
Patient_1280,Discharge,480090.2845269434,complete,,,,,,13924.026993385749
Patient_1281,Arrival,466416.400847881,complete,,0.0,,,,
Patient_1281,Origem_da Clinica Cirurgica,466416.400847881,complete,,,da Clinica Cirurgica,466416.400847881,,
Patient_1281,CTI (CLIC),466416.400847881,start,ctiBeds,0.0,,,,
Patient_1281,CTI (CLIC),468241.28205657774,complete,ctiBeds,0.0,,,,
Patient_1281,CTI prepara Encaminhamento,468241.28205657774,start,,0.0,,,,
Patient_1281,CTI prepara Encaminhamento,468294.7015681919,complete,,0.0,,,,
Patient_1281,Encaminha_Transferencia Externa,468294.7015681919,complete,,,Transferencia Externa,468294.7015681919,,
Patient_1281,Discharge,468294.7015681919,complete,,,,,,1878.3007203108864
Patient_1282,Arrival,466694.1563719265,complete,,0.0,,,,
Patient_1282,Origem_da Clinica Cirurgica,466694.1563719265,complete,,,da Clinica Cirurgica,466694.1563719265,,
Patient_1282,CTI (CLIC),466694.1563719265,start,ctiBeds,0.0,,,,
Patient_1282,CTI (CLIC),470876.86685015634,complete,ctiBeds,0.0,,,,
Patient_1282,CTI prepara Encaminhamento,470876.86685015634,start,,0.0,,,,
Patient_1282,CTI prepara Encaminhamento,470923.38917759794,complete,,0.0,,,,
Patient_1282,Encaminha_para a Clinica Medica,470923.38917759794,complete,,,para a Clinica Medica,470923.38917759794,,
Patient_1282,Discharge,470923.38917759794,complete,,,,,,4229.232805671461
Patient_1283,Arrival,466803.01936368353,complete,,0.0,,,,
Patient_1283,Origem_do Centro Cirurgico,466803.01936368353,complete,,,do Centro Cirurgico,466803.01936368353,,
Patient_1283,CTI (CC),466803.01936368353,start,ctiBeds,0.0,,,,
Patient_1283,CTI (CC),480972.7271552166,complete,ctiBeds,0.0,,,,
Patient_1283,CTI prepara Encaminhamento,480972.7271552166,start,,0.0,,,,
Patient_1283,CTI prepara Encaminhamento,481020.2684579319,complete,,0.0,,,,
Patient_1283,Encaminha_para a Clinica Medica,481020.2684579319,complete,,,para a Clinica Medica,481020.2684579319,,
Patient_1283,Discharge,481020.2684579319,complete,,,,,,14217.249094248342
Patient_1284,Arrival,466900.59852483845,complete,,0.0,,,,
Patient_1284,Origem_do Centro Cirurgico,466900.59852483845,complete,,,do Centro Cirurgico,466900.59852483845,,
Patient_1284,CTI (CC),466900.59852483845,start,ctiBeds,0.0,,,,
Patient_1284,CTI (CC),469198.8389068588,complete,ctiBeds,0.0,,,,
Patient_1284,CTI prepara Encaminhamento,469198.8389068588,start,,0.0,,,,
Patient_1284,CTI prepara Encaminhamento,469240.3028168982,complete,,0.0,,,,
Patient_1284,Encaminha_Transferencia Externa,469240.3028168982,complete,,,Transferencia Externa,469240.3028168982,,
Patient_1284,Discharge,469240.3028168982,complete,,,,,,2339.7042920597596
Patient_1285,Arrival,467125.0134310995,complete,,0.0,,,,
Patient_1285,Origem_do Centro Cirurgico,467125.0134310995,complete,,,do Centro Cirurgico,467125.0134310995,,
Patient_1285,CTI (CC),467125.0134310995,start,ctiBeds,0.0,,,,
Patient_1285,CTI (CC),472834.9507123697,complete,ctiBeds,0.0,,,,
Patient_1285,CTI prepara Encaminhamento,472834.9507123697,start,,0.0,,,,
Patient_1285,CTI prepara Encaminhamento,472894.8184389504,complete,,0.0,,,,
Patient_1285,Encaminha_para a Clinica Cirurgica,472894.8184389504,complete,,,para a Clinica Cirurgica,472894.8184389504,,
Patient_1285,Discharge,472894.8184389504,complete,,,,,,5769.805007850926
Patient_1286,Arrival,467493.68626690825,complete,,0.0,,,,
Patient_1286,Origem_do Centro Cirurgico,467493.68626690825,complete,,,do Centro Cirurgico,467493.68626690825,,
Patient_1286,CTI (CC),467493.68626690825,start,ctiBeds,0.0,,,,
Patient_1286,CTI (CC),485786.2496112324,complete,ctiBeds,0.0,,,,
Patient_1286,CTI prepara Encaminhamento,485786.2496112324,start,,0.0,,,,
Patient_1286,CTI prepara Encaminhamento,485823.06058925955,complete,,0.0,,,,
Patient_1286,Encaminha_para a Clinica Cirurgica,485823.06058925955,complete,,,para a Clinica Cirurgica,485823.06058925955,,
Patient_1286,Discharge,485823.06058925955,complete,,,,,,18329.3743223513
Patient_1287,Arrival,468053.1497399733,complete,,0.0,,,,
Patient_1287,Origem_do Pronto Socorro,468053.1497399733,complete,,,do Pronto Socorro,468053.1497399733,,
Patient_1287,CTI (PS),468053.1497399733,start,ctiBeds,0.0,,,,
Patient_1287,CTI (PS),470524.93451357266,complete,ctiBeds,0.0,,,,
Patient_1287,CTI prepara Encaminhamento,470524.93451357266,start,,0.0,,,,
Patient_1287,CTI prepara Encaminhamento,470565.89151978015,complete,,0.0,,,,
Patient_1287,Encaminha_Obito,470565.89151978015,complete,,,Obito,470565.89151978015,,
Patient_1287,Discharge,470565.89151978015,complete,,,,,,2512.741779806849
Patient_1288,Arrival,468199.20875438716,complete,,0.0,,,,
Patient_1288,Origem_da Maternidade,468199.20875438716,complete,,,da Maternidade,468199.20875438716,,
Patient_1288,CTI (MAT),468199.20875438716,start,ctiBeds,0.0,,,,
Patient_1288,CTI (MAT),468697.34940711025,complete,ctiBeds,0.0,,,,
Patient_1288,CTI prepara Encaminhamento,468697.34940711025,start,,0.0,,,,
Patient_1288,CTI prepara Encaminhamento,468736.36779455387,complete,,0.0,,,,
Patient_1288,Encaminha_para a Clinica Cirurgica,468736.36779455387,complete,,,para a Clinica Cirurgica,468736.36779455387,,
Patient_1288,Discharge,468736.36779455387,complete,,,,,,537.1590401667054
Patient_1289,Arrival,469331.41130065627,complete,,0.0,,,,
Patient_1289,Origem_do Centro Cirurgico,469331.41130065627,complete,,,do Centro Cirurgico,469331.41130065627,,
Patient_1289,CTI (CC),469331.41130065627,start,ctiBeds,0.0,,,,
Patient_1289,CTI (CC),481928.3161165091,complete,ctiBeds,0.0,,,,
Patient_1289,CTI prepara Encaminhamento,481928.3161165091,start,,0.0,,,,
Patient_1289,CTI prepara Encaminhamento,481974.21942520427,complete,,0.0,,,,
Patient_1289,Encaminha_para a Clinica Medica,481974.21942520427,complete,,,para a Clinica Medica,481974.21942520427,,
Patient_1289,Discharge,481974.21942520427,complete,,,,,,12642.808124547999
Patient_129,Arrival,38102.7638374482,complete,,0.0,,,,
Patient_129,Origem_do Centro Cirurgico,38102.7638374482,complete,,,do Centro Cirurgico,38102.7638374482,,
Patient_129,CTI (CC),38102.7638374482,start,ctiBeds,0.0,,,,
Patient_129,CTI (CC),250385.63139605135,complete,ctiBeds,0.0,,,,
Patient_129,CTI prepara Encaminhamento,250385.63139605135,start,,0.0,,,,
Patient_129,CTI prepara Encaminhamento,250423.35146857586,complete,,0.0,,,,
Patient_129,Encaminha_para a Clinica Cirurgica,250423.35146857586,complete,,,para a Clinica Cirurgica,250423.35146857586,,
Patient_129,Discharge,250423.35146857586,complete,,,,,,212320.58763112765
Patient_1290,Arrival,469607.71445780253,complete,,0.0,,,,
Patient_1290,Origem_do Centro Cirurgico,469607.71445780253,complete,,,do Centro Cirurgico,469607.71445780253,,
Patient_1290,CTI (CC),469607.71445780253,start,ctiBeds,0.0,,,,
Patient_1290,CTI (CC),471152.02979180845,complete,ctiBeds,0.0,,,,
Patient_1290,CTI prepara Encaminhamento,471152.02979180845,start,,0.0,,,,
Patient_1290,CTI prepara Encaminhamento,471190.862514012,complete,,0.0,,,,
Patient_1290,Encaminha_para a Clinica Medica,471190.862514012,complete,,,para a Clinica Medica,471190.862514012,,
Patient_1290,Discharge,471190.862514012,complete,,,,,,1583.1480562094948
Patient_1291,Arrival,469803.8038023827,complete,,0.0,,,,
Patient_1291,Origem_da Clinica Medica,469803.8038023827,complete,,,da Clinica Medica,469803.8038023827,,
Patient_1291,CTI (CLIM),469803.8038023827,start,ctiBeds,0.0,,,,
Patient_1291,CTI (CLIM),472204.76754399366,complete,ctiBeds,0.0,,,,
Patient_1291,CTI prepara Encaminhamento,472204.76754399366,start,,0.0,,,,
Patient_1291,CTI prepara Encaminhamento,472252.850024635,complete,,0.0,,,,
Patient_1291,Encaminha_para a Clinica Cirurgica,472252.850024635,complete,,,para a Clinica Cirurgica,472252.850024635,,
Patient_1291,Discharge,472252.850024635,complete,,,,,,2449.0462222522474
Patient_1292,Arrival,470440.1897944672,complete,,0.0,,,,
Patient_1292,Origem_do Pronto Socorro,470440.1897944672,complete,,,do Pronto Socorro,470440.1897944672,,
Patient_1292,CTI (PS),470440.1897944672,start,ctiBeds,0.0,,,,
Patient_1292,CTI (PS),475353.2591253522,complete,ctiBeds,0.0,,,,
Patient_1292,CTI prepara Encaminhamento,475353.2591253522,start,,0.0,,,,
Patient_1292,CTI prepara Encaminhamento,475398.52519858594,complete,,0.0,,,,
Patient_1292,Encaminha_Obito,475398.52519858594,complete,,,Obito,475398.52519858594,,
Patient_1292,Discharge,475398.52519858594,complete,,,,,,4958.335404118756
Patient_1293,Arrival,470853.55267539516,complete,,0.0,,,,
Patient_1293,Origem_do Pronto Socorro,470853.55267539516,complete,,,do Pronto Socorro,470853.55267539516,,
Patient_1293,CTI (PS),470853.55267539516,start,ctiBeds,0.0,,,,
Patient_1293,CTI (PS),483319.88713793864,complete,ctiBeds,0.0,,,,
Patient_1293,CTI prepara Encaminhamento,483319.88713793864,start,,0.0,,,,
Patient_1293,CTI prepara Encaminhamento,483374.5264208542,complete,,0.0,,,,
Patient_1293,Encaminha_para a Clinica Medica,483374.5264208542,complete,,,para a Clinica Medica,483374.5264208542,,
Patient_1293,Discharge,483374.5264208542,complete,,,,,,12520.97374545905
Patient_1294,Arrival,471063.3485144706,complete,,0.0,,,,
Patient_1294,Origem_do Pronto Socorro,471063.3485144706,complete,,,do Pronto Socorro,471063.3485144706,,
Patient_1294,CTI (PS),471063.3485144706,start,ctiBeds,0.0,,,,
Patient_1294,CTI (PS),493361.5167257118,complete,ctiBeds,0.0,,,,
Patient_1294,CTI prepara Encaminhamento,493361.5167257118,start,,0.0,,,,
Patient_1294,CTI prepara Encaminhamento,493397.4041495259,complete,,0.0,,,,
Patient_1294,Encaminha_para a Clinica Medica,493397.4041495259,complete,,,para a Clinica Medica,493397.4041495259,,
Patient_1294,Discharge,493397.4041495259,complete,,,,,,22334.055635055294
Patient_1295,Arrival,471194.483905359,complete,,0.0,,,,
Patient_1295,Origem_da Clinica Cirurgica,471194.483905359,complete,,,da Clinica Cirurgica,471194.483905359,,
Patient_1295,CTI (CLIC),471194.483905359,start,ctiBeds,0.0,,,,
Patient_1295,CTI (CLIC),471242.4481026752,complete,ctiBeds,0.0,,,,
Patient_1295,CTI prepara Encaminhamento,471242.4481026752,start,,0.0,,,,
Patient_1295,CTI prepara Encaminhamento,471286.68386385794,complete,,0.0,,,,
Patient_1295,Encaminha_para a Clinica Medica,471286.68386385794,complete,,,para a Clinica Medica,471286.68386385794,,
Patient_1295,Discharge,471286.68386385794,complete,,,,,,92.19995849893894
Patient_1296,Arrival,472338.37704750634,complete,,0.0,,,,
Patient_1296,Origem_da Clinica Cirurgica,472338.37704750634,complete,,,da Clinica Cirurgica,472338.37704750634,,
Patient_1296,CTI (CLIC),472338.37704750634,start,ctiBeds,0.0,,,,
Patient_1296,CTI (CLIC),472852.1983709267,complete,ctiBeds,0.0,,,,
Patient_1296,CTI prepara Encaminhamento,472852.1983709267,start,,0.0,,,,
Patient_1296,CTI prepara Encaminhamento,472890.63455816207,complete,,0.0,,,,
Patient_1296,Encaminha_para a Clinica Medica,472890.63455816207,complete,,,para a Clinica Medica,472890.63455816207,,
Patient_1296,Discharge,472890.63455816207,complete,,,,,,552.2575106557342
Patient_1297,Arrival,472354.6854545391,complete,,0.0,,,,
Patient_1297,Origem_do Centro Cirurgico,472354.6854545391,complete,,,do Centro Cirurgico,472354.6854545391,,
Patient_1297,CTI (CC),472354.6854545391,start,ctiBeds,0.0,,,,
Patient_1297,CTI (CC),472511.54568789457,complete,ctiBeds,0.0,,,,
Patient_1297,CTI prepara Encaminhamento,472511.54568789457,start,,0.0,,,,
Patient_1297,CTI prepara Encaminhamento,472542.66234177235,complete,,0.0,,,,
Patient_1297,Encaminha_para a Clinica Cirurgica,472542.66234177235,complete,,,para a Clinica Cirurgica,472542.66234177235,,
Patient_1297,Discharge,472542.66234177235,complete,,,,,,187.97688723326428
Patient_1298,Arrival,472994.91464349267,complete,,0.0,,,,
Patient_1298,Origem_da Maternidade,472994.91464349267,complete,,,da Maternidade,472994.91464349267,,
Patient_1298,CTI (MAT),472994.91464349267,start,ctiBeds,0.0,,,,
Patient_1298,CTI (MAT),475873.52129863086,complete,ctiBeds,0.0,,,,
Patient_1298,CTI prepara Encaminhamento,475873.52129863086,start,,0.0,,,,
Patient_1298,CTI prepara Encaminhamento,475904.2549314184,complete,,0.0,,,,
Patient_1298,Encaminha_para a Clinica Medica,475904.2549314184,complete,,,para a Clinica Medica,475904.2549314184,,
Patient_1298,Discharge,475904.2549314184,complete,,,,,,2909.3402879257337
Patient_1299,Arrival,473063.54276091355,complete,,0.0,,,,
Patient_1299,Origem_do Pronto Socorro,473063.54276091355,complete,,,do Pronto Socorro,473063.54276091355,,
Patient_1299,CTI (PS),473063.54276091355,start,ctiBeds,0.0,,,,
Patient_1299,CTI (PS),477203.5119045312,complete,ctiBeds,0.0,,,,
Patient_1299,CTI prepara Encaminhamento,477203.5119045312,start,,0.0,,,,
Patient_1299,CTI prepara Encaminhamento,477255.4048174186,complete,,0.0,,,,
Patient_1299,Encaminha_para a Clinica Medica,477255.4048174186,complete,,,para a Clinica Medica,477255.4048174186,,
Patient_1299,Discharge,477255.4048174186,complete,,,,,,4191.862056505051
Patient_13,Arrival,4301.470781104197,complete,,0.0,,,,
Patient_13,Origem_do Centro Cirurgico,4301.470781104197,complete,,,do Centro Cirurgico,4301.470781104197,,
Patient_13,CTI (CC),4301.470781104197,start,ctiBeds,0.0,,,,
Patient_13,CTI (CC),52041.066396150374,complete,ctiBeds,0.0,,,,
Patient_13,CTI prepara Encaminhamento,52041.066396150374,start,,0.0,,,,
Patient_13,CTI prepara Encaminhamento,52092.044116357625,complete,,0.0,,,,
Patient_13,Encaminha_para a Clinica Cirurgica,52092.044116357625,complete,,,para a Clinica Cirurgica,52092.044116357625,,
Patient_13,Discharge,52092.044116357625,complete,,,,,,47790.57333525343
Patient_130,Arrival,38450.129931739735,complete,,0.0,,,,
Patient_130,Origem_do Centro Cirurgico,38450.129931739735,complete,,,do Centro Cirurgico,38450.129931739735,,
Patient_130,CTI (CC),38450.129931739735,start,ctiBeds,0.0,,,,
Patient_130,CTI (CC),74938.97477448403,complete,ctiBeds,0.0,,,,
Patient_130,CTI prepara Encaminhamento,74938.97477448403,start,,0.0,,,,
Patient_130,CTI prepara Encaminhamento,74978.74549718115,complete,,0.0,,,,
Patient_130,Encaminha_para a Clinica Medica,74978.74549718115,complete,,,para a Clinica Medica,74978.74549718115,,
Patient_130,Discharge,74978.74549718115,complete,,,,,,36528.61556544142
Patient_1300,Arrival,473084.7200234979,complete,,0.0,,,,
Patient_1300,Origem_do Centro Cirurgico,473084.7200234979,complete,,,do Centro Cirurgico,473084.7200234979,,
Patient_1300,CTI (CC),473084.7200234979,start,ctiBeds,0.0,,,,
Patient_1300,CTI (CC),488222.99144761404,complete,ctiBeds,0.0,,,,
Patient_1300,CTI prepara Encaminhamento,488222.99144761404,start,,0.0,,,,
Patient_1300,CTI prepara Encaminhamento,488258.25194986037,complete,,0.0,,,,
Patient_1300,Encaminha_para a Clinica Medica,488258.25194986037,complete,,,para a Clinica Medica,488258.25194986037,,
Patient_1300,Discharge,488258.25194986037,complete,,,,,,15173.531926362484
Patient_1301,Arrival,473598.8878339969,complete,,0.0,,,,
Patient_1301,Origem_do Pronto Socorro,473598.8878339969,complete,,,do Pronto Socorro,473598.8878339969,,
Patient_1301,CTI (PS),473598.8878339969,start,ctiBeds,0.0,,,,
Patient_1301,CTI (PS),497405.69604701555,complete,ctiBeds,0.0,,,,
Patient_1301,CTI prepara Encaminhamento,497405.69604701555,start,,0.0,,,,
Patient_1301,CTI prepara Encaminhamento,497455.21840513253,complete,,0.0,,,,
Patient_1301,Encaminha_para a Clinica Medica,497455.21840513253,complete,,,para a Clinica Medica,497455.21840513253,,
Patient_1301,Discharge,497455.21840513253,complete,,,,,,23856.330571135622
Patient_1302,Arrival,474114.38964120625,complete,,0.0,,,,
Patient_1302,Origem_do Centro Cirurgico,474114.38964120625,complete,,,do Centro Cirurgico,474114.38964120625,,
Patient_1302,CTI (CC),474114.38964120625,start,ctiBeds,0.0,,,,
Patient_1302,CTI (CC),483605.7184968706,complete,ctiBeds,0.0,,,,
Patient_1302,CTI prepara Encaminhamento,483605.7184968706,start,,0.0,,,,
Patient_1302,CTI prepara Encaminhamento,483648.1207262405,complete,,0.0,,,,
Patient_1302,Encaminha_para a Clinica Medica,483648.1207262405,complete,,,para a Clinica Medica,483648.1207262405,,
Patient_1302,Discharge,483648.1207262405,complete,,,,,,9533.731085034262
Patient_1303,Arrival,474557.9345508882,complete,,0.0,,,,
Patient_1303,Origem_do Pronto Socorro,474557.9345508882,complete,,,do Pronto Socorro,474557.9345508882,,
Patient_1303,CTI (PS),474557.9345508882,start,ctiBeds,0.0,,,,
Patient_1303,CTI (PS),501648.1084783906,complete,ctiBeds,0.0,,,,
Patient_1303,CTI prepara Encaminhamento,501648.1084783906,start,,0.0,,,,
Patient_1303,CTI prepara Encaminhamento,501686.2716883563,complete,,0.0,,,,
Patient_1303,Encaminha_para a Clinica Medica,501686.2716883563,complete,,,para a Clinica Medica,501686.2716883563,,
Patient_1303,Discharge,501686.2716883563,complete,,,,,,27128.3371374681
Patient_1304,Arrival,474750.18042461795,complete,,0.0,,,,
Patient_1304,Origem_da Clinica Cirurgica,474750.18042461795,complete,,,da Clinica Cirurgica,474750.18042461795,,
Patient_1304,CTI (CLIC),474750.18042461795,start,ctiBeds,0.0,,,,
Patient_1304,CTI (CLIC),483966.4385885048,complete,ctiBeds,0.0,,,,
Patient_1304,CTI prepara Encaminhamento,483966.4385885048,start,,0.0,,,,
Patient_1304,CTI prepara Encaminhamento,484023.4207462161,complete,,0.0,,,,
Patient_1304,Encaminha_para a Clinica Cirurgica,484023.4207462161,complete,,,para a Clinica Cirurgica,484023.4207462161,,
Patient_1304,Discharge,484023.4207462161,complete,,,,,,9273.240321598132
Patient_1305,Arrival,475187.2322746954,complete,,0.0,,,,
Patient_1305,Origem_do Pronto Socorro,475187.2322746954,complete,,,do Pronto Socorro,475187.2322746954,,
Patient_1305,CTI (PS),475187.2322746954,start,ctiBeds,0.0,,,,
Patient_1305,CTI (PS),476628.08579539595,complete,ctiBeds,0.0,,,,
Patient_1305,CTI prepara Encaminhamento,476628.08579539595,start,,0.0,,,,
Patient_1305,CTI prepara Encaminhamento,476684.7850448505,complete,,0.0,,,,
Patient_1305,Encaminha_para a Clinica Cirurgica,476684.7850448505,complete,,,para a Clinica Cirurgica,476684.7850448505,,
Patient_1305,Discharge,476684.7850448505,complete,,,,,,1497.5527701550745
Patient_1306,Arrival,475430.87677484326,complete,,0.0,,,,
Patient_1306,Origem_da Clinica Medica,475430.87677484326,complete,,,da Clinica Medica,475430.87677484326,,
Patient_1306,CTI (CLIM),475430.87677484326,start,ctiBeds,0.0,,,,
Patient_1306,CTI (CLIM),478964.12805593625,complete,ctiBeds,0.0,,,,
Patient_1306,CTI prepara Encaminhamento,478964.12805593625,start,,0.0,,,,
Patient_1306,CTI prepara Encaminhamento,479000.44005951483,complete,,0.0,,,,
Patient_1306,Encaminha_Obito,479000.44005951483,complete,,,Obito,479000.44005951483,,
Patient_1306,Discharge,479000.44005951483,complete,,,,,,3569.5632846715744
Patient_1307,Arrival,476192.28830527194,complete,,0.0,,,,
Patient_1307,Origem_do Pronto Socorro,476192.28830527194,complete,,,do Pronto Socorro,476192.28830527194,,
Patient_1307,CTI (PS),476192.28830527194,start,ctiBeds,0.0,,,,
Patient_1307,CTI (PS),494613.8016943232,complete,ctiBeds,0.0,,,,
Patient_1307,CTI prepara Encaminhamento,494613.8016943232,start,,0.0,,,,
Patient_1307,CTI prepara Encaminhamento,494654.53752331407,complete,,0.0,,,,
Patient_1307,Encaminha_para a Clinica Cirurgica,494654.53752331407,complete,,,para a Clinica Cirurgica,494654.53752331407,,
Patient_1307,Discharge,494654.53752331407,complete,,,,,,18462.249218042125
Patient_1308,Arrival,476416.1884713848,complete,,0.0,,,,
Patient_1308,Origem_da Clinica Cirurgica,476416.1884713848,complete,,,da Clinica Cirurgica,476416.1884713848,,
Patient_1308,CTI (CLIC),476416.1884713848,start,ctiBeds,0.0,,,,
Patient_1308,CTI (CLIC),481179.9737122727,complete,ctiBeds,0.0,,,,
Patient_1308,CTI prepara Encaminhamento,481179.9737122727,start,,0.0,,,,
Patient_1308,CTI prepara Encaminhamento,481238.37449156697,complete,,0.0,,,,
Patient_1308,Encaminha_para a Clinica Medica,481238.37449156697,complete,,,para a Clinica Medica,481238.37449156697,,
Patient_1308,Discharge,481238.37449156697,complete,,,,,,4822.186020182155
Patient_1309,Arrival,476469.88759883435,complete,,0.0,,,,
Patient_1309,Origem_do Pronto Socorro,476469.88759883435,complete,,,do Pronto Socorro,476469.88759883435,,
Patient_1309,CTI (PS),476469.88759883435,start,ctiBeds,0.0,,,,
Patient_1309,CTI (PS),477715.96783528995,complete,ctiBeds,0.0,,,,
Patient_1309,CTI prepara Encaminhamento,477715.96783528995,start,,0.0,,,,
Patient_1309,CTI prepara Encaminhamento,477753.58196893724,complete,,0.0,,,,
Patient_1309,Encaminha_para a Clinica Medica,477753.58196893724,complete,,,para a Clinica Medica,477753.58196893724,,
Patient_1309,Discharge,477753.58196893724,complete,,,,,,1283.694370102894
Patient_131,Arrival,38467.57050938171,complete,,0.0,,,,
Patient_131,Origem_do Centro Cirurgico,38467.57050938171,complete,,,do Centro Cirurgico,38467.57050938171,,
Patient_131,CTI (CC),38467.57050938171,start,ctiBeds,0.0,,,,
Patient_131,CTI (CC),39627.323046765945,complete,ctiBeds,0.0,,,,
Patient_131,CTI prepara Encaminhamento,39627.323046765945,start,,0.0,,,,
Patient_131,CTI prepara Encaminhamento,39684.19827087477,complete,,0.0,,,,
Patient_131,Encaminha_Obito,39684.19827087477,complete,,,Obito,39684.19827087477,,
Patient_131,Discharge,39684.19827087477,complete,,,,,,1216.6277614930586
Patient_1310,Arrival,476598.7466880083,complete,,0.0,,,,
Patient_1310,Origem_do Pronto Socorro,476598.7466880083,complete,,,do Pronto Socorro,476598.7466880083,,
Patient_1310,CTI (PS),476598.7466880083,start,ctiBeds,0.0,,,,
Patient_1310,CTI (PS),478053.8664466712,complete,ctiBeds,0.0,,,,
Patient_1310,CTI prepara Encaminhamento,478053.8664466712,start,,0.0,,,,
Patient_1310,CTI prepara Encaminhamento,478094.20626416535,complete,,0.0,,,,
Patient_1310,Encaminha_para a Clinica Cirurgica,478094.20626416535,complete,,,para a Clinica Cirurgica,478094.20626416535,,
Patient_1310,Discharge,478094.20626416535,complete,,,,,,1495.459576157038
Patient_1311,Arrival,477105.2560315661,complete,,0.0,,,,
Patient_1311,Origem_do Pronto Socorro,477105.2560315661,complete,,,do Pronto Socorro,477105.2560315661,,
Patient_1311,CTI (PS),477105.2560315661,start,ctiBeds,0.0,,,,
Patient_1311,CTI (PS),480322.1238971476,complete,ctiBeds,0.0,,,,
Patient_1311,CTI prepara Encaminhamento,480322.1238971476,start,,0.0,,,,
Patient_1311,CTI prepara Encaminhamento,480373.77574238786,complete,,0.0,,,,
Patient_1311,Encaminha_para a Clinica Cirurgica,480373.77574238786,complete,,,para a Clinica Cirurgica,480373.77574238786,,
Patient_1311,Discharge,480373.77574238786,complete,,,,,,3268.51971082174
Patient_1312,Arrival,478281.15217585233,complete,,0.0,,,,
Patient_1312,Origem_do Centro Cirurgico,478281.15217585233,complete,,,do Centro Cirurgico,478281.15217585233,,
Patient_1312,CTI (CC),478281.15217585233,start,ctiBeds,0.0,,,,
Patient_1313,Arrival,478504.9668014254,complete,,0.0,,,,
Patient_1313,Origem_do Pronto Socorro,478504.9668014254,complete,,,do Pronto Socorro,478504.9668014254,,
Patient_1313,CTI (PS),478504.9668014254,start,ctiBeds,0.0,,,,
Patient_1313,CTI (PS),496994.21496862837,complete,ctiBeds,0.0,,,,
Patient_1313,CTI prepara Encaminhamento,496994.21496862837,start,,0.0,,,,
Patient_1313,CTI prepara Encaminhamento,497046.913454073,complete,,0.0,,,,
Patient_1313,Encaminha_para a Clinica Medica,497046.913454073,complete,,,para a Clinica Medica,497046.913454073,,
Patient_1313,Discharge,497046.913454073,complete,,,,,,18541.94665264763
Patient_1314,Arrival,479045.9618230943,complete,,0.0,,,,
Patient_1314,Origem_do Centro Cirurgico,479045.9618230943,complete,,,do Centro Cirurgico,479045.9618230943,,
Patient_1314,CTI (CC),479045.9618230943,start,ctiBeds,0.0,,,,
Patient_1314,CTI (CC),479764.50676412164,complete,ctiBeds,0.0,,,,
Patient_1314,CTI prepara Encaminhamento,479764.50676412164,start,,0.0,,,,
Patient_1314,CTI prepara Encaminhamento,479819.5901968532,complete,,0.0,,,,
Patient_1314,Encaminha_para a Clinica Cirurgica,479819.5901968532,complete,,,para a Clinica Cirurgica,479819.5901968532,,
Patient_1314,Discharge,479819.5901968532,complete,,,,,,773.6283737589256
Patient_1315,Arrival,479568.4794515327,complete,,0.0,,,,
Patient_1315,Origem_do Pronto Socorro,479568.4794515327,complete,,,do Pronto Socorro,479568.4794515327,,
Patient_1315,CTI (PS),479568.4794515327,start,ctiBeds,0.0,,,,
Patient_1315,CTI (PS),503036.2793754993,complete,ctiBeds,0.0,,,,
Patient_1315,CTI prepara Encaminhamento,503036.2793754993,start,,0.0,,,,
Patient_1315,CTI prepara Encaminhamento,503086.50557142554,complete,,0.0,,,,
Patient_1315,Encaminha_para a Clinica Cirurgica,503086.50557142554,complete,,,para a Clinica Cirurgica,503086.50557142554,,
Patient_1315,Discharge,503086.50557142554,complete,,,,,,23518.026119892835
Patient_1316,Arrival,480502.5504452033,complete,,0.0,,,,
Patient_1316,Origem_do Pronto Socorro,480502.5504452033,complete,,,do Pronto Socorro,480502.5504452033,,
Patient_1316,CTI (PS),480502.5504452033,start,ctiBeds,0.0,,,,
Patient_1316,CTI (PS),486592.8340206518,complete,ctiBeds,0.0,,,,
Patient_1316,CTI prepara Encaminhamento,486592.8340206518,start,,0.0,,,,
Patient_1316,CTI prepara Encaminhamento,486629.1585924954,complete,,0.0,,,,
Patient_1316,Encaminha_para a Clinica Cirurgica,486629.1585924954,complete,,,para a Clinica Cirurgica,486629.1585924954,,
Patient_1316,Discharge,486629.1585924954,complete,,,,,,6126.608147292107
Patient_1317,Arrival,480646.10232045624,complete,,0.0,,,,
Patient_1317,Origem_do Pronto Socorro,480646.10232045624,complete,,,do Pronto Socorro,480646.10232045624,,
Patient_1317,CTI (PS),480646.10232045624,start,ctiBeds,0.0,,,,
Patient_1317,CTI (PS),489011.7624964443,complete,ctiBeds,0.0,,,,
Patient_1317,CTI prepara Encaminhamento,489011.7624964443,start,,0.0,,,,
Patient_1317,CTI prepara Encaminhamento,489071.745617358,complete,,0.0,,,,
Patient_1317,Encaminha_para a Clinica Cirurgica,489071.745617358,complete,,,para a Clinica Cirurgica,489071.745617358,,
Patient_1317,Discharge,489071.745617358,complete,,,,,,8425.643296901777
Patient_1318,Arrival,481289.13166179846,complete,,0.0,,,,
Patient_1318,Origem_do Centro Cirurgico,481289.13166179846,complete,,,do Centro Cirurgico,481289.13166179846,,
Patient_1318,CTI (CC),481289.13166179846,start,ctiBeds,0.0,,,,
Patient_1318,CTI (CC),487484.3187151937,complete,ctiBeds,0.0,,,,
Patient_1318,CTI prepara Encaminhamento,487484.3187151937,start,,0.0,,,,
Patient_1318,CTI prepara Encaminhamento,487521.19208575756,complete,,0.0,,,,
Patient_1318,Encaminha_para a Clinica Medica,487521.19208575756,complete,,,para a Clinica Medica,487521.19208575756,,
Patient_1318,Discharge,487521.19208575756,complete,,,,,,6232.060423959105
Patient_1319,Arrival,482069.04312111734,complete,,0.0,,,,
Patient_1319,Origem_da Clinica Cirurgica,482069.04312111734,complete,,,da Clinica Cirurgica,482069.04312111734,,
Patient_1319,CTI (CLIC),482069.04312111734,start,ctiBeds,0.0,,,,
Patient_1319,CTI (CLIC),492862.71967539395,complete,ctiBeds,0.0,,,,
Patient_1319,CTI prepara Encaminhamento,492862.71967539395,start,,0.0,,,,
Patient_1319,CTI prepara Encaminhamento,492896.263181863,complete,,0.0,,,,
Patient_1319,Encaminha_Obito,492896.263181863,complete,,,Obito,492896.263181863,,
Patient_1319,Discharge,492896.263181863,complete,,,,,,10827.220060745662
Patient_132,Arrival,38511.026383543875,complete,,0.0,,,,
Patient_132,Origem_da Clinica Cirurgica,38511.026383543875,complete,,,da Clinica Cirurgica,38511.026383543875,,
Patient_132,CTI (CLIC),38511.026383543875,start,ctiBeds,0.0,,,,
Patient_132,CTI (CLIC),42403.21060359249,complete,ctiBeds,0.0,,,,
Patient_132,CTI prepara Encaminhamento,42403.21060359249,start,,0.0,,,,
Patient_132,CTI prepara Encaminhamento,42459.71802541446,complete,,0.0,,,,
Patient_132,Encaminha_para a Clinica Cirurgica,42459.71802541446,complete,,,para a Clinica Cirurgica,42459.71802541446,,
Patient_132,Discharge,42459.71802541446,complete,,,,,,3948.691641870588
Patient_1320,Arrival,482182.71053934813,complete,,0.0,,,,
Patient_1320,Origem_da Clinica Cirurgica,482182.71053934813,complete,,,da Clinica Cirurgica,482182.71053934813,,
Patient_1320,CTI (CLIC),482182.71053934813,start,ctiBeds,0.0,,,,
Patient_1320,CTI (CLIC),483635.1634691749,complete,ctiBeds,0.0,,,,
Patient_1320,CTI prepara Encaminhamento,483635.1634691749,start,,0.0,,,,
Patient_1320,CTI prepara Encaminhamento,483667.4353482309,complete,,0.0,,,,
Patient_1320,Encaminha_para a Clinica Medica,483667.4353482309,complete,,,para a Clinica Medica,483667.4353482309,,
Patient_1320,Discharge,483667.4353482309,complete,,,,,,1484.7248088827473
Patient_1321,Arrival,482367.07123791054,complete,,0.0,,,,
Patient_1321,Origem_da Clinica Cirurgica,482367.07123791054,complete,,,da Clinica Cirurgica,482367.07123791054,,
Patient_1321,CTI (CLIC),482367.07123791054,start,ctiBeds,0.0,,,,
Patient_1321,CTI (CLIC),488386.55931578024,complete,ctiBeds,0.0,,,,
Patient_1321,CTI prepara Encaminhamento,488386.55931578024,start,,0.0,,,,
Patient_1321,CTI prepara Encaminhamento,488442.85091871384,complete,,0.0,,,,
Patient_1321,Encaminha_para a Clinica Cirurgica,488442.85091871384,complete,,,para a Clinica Cirurgica,488442.85091871384,,
Patient_1321,Discharge,488442.85091871384,complete,,,,,,6075.779680803302
Patient_1322,Arrival,483076.88145216607,complete,,0.0,,,,
Patient_1322,Origem_do Centro Cirurgico,483076.88145216607,complete,,,do Centro Cirurgico,483076.88145216607,,
Patient_1322,CTI (CC),483076.88145216607,start,ctiBeds,0.0,,,,
Patient_1322,CTI (CC),485370.3653784418,complete,ctiBeds,0.0,,,,
Patient_1322,CTI prepara Encaminhamento,485370.3653784418,start,,0.0,,,,
Patient_1322,CTI prepara Encaminhamento,485430.11853508075,complete,,0.0,,,,
Patient_1322,Encaminha_para a Clinica Medica,485430.11853508075,complete,,,para a Clinica Medica,485430.11853508075,,
Patient_1322,Discharge,485430.11853508075,complete,,,,,,2353.237082914682
Patient_1323,Arrival,483230.7448203398,complete,,0.0,,,,
Patient_1323,Origem_do Centro Cirurgico,483230.7448203398,complete,,,do Centro Cirurgico,483230.7448203398,,
Patient_1323,CTI (CC),483230.7448203398,start,ctiBeds,0.0,,,,
Patient_1323,CTI (CC),488551.1700800702,complete,ctiBeds,0.0,,,,
Patient_1323,CTI prepara Encaminhamento,488551.1700800702,start,,0.0,,,,
Patient_1323,CTI prepara Encaminhamento,488592.0879097091,complete,,0.0,,,,
Patient_1323,Encaminha_Obito,488592.0879097091,complete,,,Obito,488592.0879097091,,
Patient_1323,Discharge,488592.0879097091,complete,,,,,,5361.3430893693
Patient_1324,Arrival,484176.5360618426,complete,,0.0,,,,
Patient_1324,Origem_do Centro Cirurgico,484176.5360618426,complete,,,do Centro Cirurgico,484176.5360618426,,
Patient_1324,CTI (CC),484176.5360618426,start,ctiBeds,0.0,,,,
Patient_1324,CTI (CC),488432.64104649023,complete,ctiBeds,0.0,,,,
Patient_1324,CTI prepara Encaminhamento,488432.64104649023,start,,0.0,,,,
Patient_1324,CTI prepara Encaminhamento,488468.0014526671,complete,,0.0,,,,
Patient_1324,Encaminha_Transferencia Externa,488468.0014526671,complete,,,Transferencia Externa,488468.0014526671,,
Patient_1324,Discharge,488468.0014526671,complete,,,,,,4291.465390824538
Patient_1325,Arrival,484311.7227482963,complete,,0.0,,,,
Patient_1325,Origem_do Centro Cirurgico,484311.7227482963,complete,,,do Centro Cirurgico,484311.7227482963,,
Patient_1325,CTI (CC),484311.7227482963,start,ctiBeds,0.0,,,,
Patient_1325,CTI (CC),489141.5602193965,complete,ctiBeds,0.0,,,,
Patient_1325,CTI prepara Encaminhamento,489141.5602193965,start,,0.0,,,,
Patient_1325,CTI prepara Encaminhamento,489172.62287533697,complete,,0.0,,,,
Patient_1325,Encaminha_para a Clinica Cirurgica,489172.62287533697,complete,,,para a Clinica Cirurgica,489172.62287533697,,
Patient_1325,Discharge,489172.62287533697,complete,,,,,,4860.900127040688
Patient_1326,Arrival,484342.2054265596,complete,,0.0,,,,
Patient_1326,Origem_do Pronto Socorro,484342.2054265596,complete,,,do Pronto Socorro,484342.2054265596,,
Patient_1326,CTI (PS),484342.2054265596,start,ctiBeds,0.0,,,,
Patient_1326,CTI (PS),507427.4041416215,complete,ctiBeds,0.0,,,,
Patient_1326,CTI prepara Encaminhamento,507427.4041416215,start,,0.0,,,,
Patient_1326,CTI prepara Encaminhamento,507463.591887867,complete,,0.0,,,,
Patient_1326,Encaminha_para a Clinica Medica,507463.591887867,complete,,,para a Clinica Medica,507463.591887867,,
Patient_1326,Discharge,507463.591887867,complete,,,,,,23121.38646130741
Patient_1327,Arrival,484549.3021964684,complete,,0.0,,,,
Patient_1327,Origem_do Centro Cirurgico,484549.3021964684,complete,,,do Centro Cirurgico,484549.3021964684,,
Patient_1327,CTI (CC),484549.3021964684,start,ctiBeds,0.0,,,,
Patient_1327,CTI (CC),492979.6396858321,complete,ctiBeds,0.0,,,,
Patient_1327,CTI prepara Encaminhamento,492979.6396858321,start,,0.0,,,,
Patient_1327,CTI prepara Encaminhamento,493014.6893234083,complete,,0.0,,,,
Patient_1327,Encaminha_para a Clinica Cirurgica,493014.6893234083,complete,,,para a Clinica Cirurgica,493014.6893234083,,
Patient_1327,Discharge,493014.6893234083,complete,,,,,,8465.387126939895
Patient_1328,Arrival,485138.09249623975,complete,,0.0,,,,
Patient_1328,Origem_do Centro Cirurgico,485138.09249623975,complete,,,do Centro Cirurgico,485138.09249623975,,
Patient_1328,CTI (CC),485138.09249623975,start,ctiBeds,0.0,,,,
Patient_1328,CTI (CC),487541.48754177487,complete,ctiBeds,0.0,,,,
Patient_1328,CTI prepara Encaminhamento,487541.48754177487,start,,0.0,,,,
Patient_1328,CTI prepara Encaminhamento,487599.4523756885,complete,,0.0,,,,
Patient_1328,Encaminha_para a Clinica Medica,487599.4523756885,complete,,,para a Clinica Medica,487599.4523756885,,
Patient_1328,Discharge,487599.4523756885,complete,,,,,,2461.359879448719
Patient_1329,Arrival,485571.65804882743,complete,,0.0,,,,
Patient_1329,Origem_do Centro Cirurgico,485571.65804882743,complete,,,do Centro Cirurgico,485571.65804882743,,
Patient_1329,CTI (CC),485571.65804882743,start,ctiBeds,0.0,,,,
Patient_1329,CTI (CC),486757.4955915018,complete,ctiBeds,0.0,,,,
Patient_1329,CTI prepara Encaminhamento,486757.4955915018,start,,0.0,,,,
Patient_1329,CTI prepara Encaminhamento,486815.5195548367,complete,,0.0,,,,
Patient_1329,Encaminha_para a Clinica Cirurgica,486815.5195548367,complete,,,para a Clinica Cirurgica,486815.5195548367,,
Patient_1329,Discharge,486815.5195548367,complete,,,,,,1243.8615060092416
Patient_133,Arrival,38855.02721707782,complete,,0.0,,,,
Patient_133,Origem_da Clinica Cirurgica,38855.02721707782,complete,,,da Clinica Cirurgica,38855.02721707782,,
Patient_133,CTI (CLIC),38855.02721707782,start,ctiBeds,0.0,,,,
Patient_133,CTI (CLIC),41101.53226583549,complete,ctiBeds,0.0,,,,
Patient_133,CTI prepara Encaminhamento,41101.53226583549,start,,0.0,,,,
Patient_133,CTI prepara Encaminhamento,41147.66297879732,complete,,0.0,,,,
Patient_133,Encaminha_para a Clinica Cirurgica,41147.66297879732,complete,,,para a Clinica Cirurgica,41147.66297879732,,
Patient_133,Discharge,41147.66297879732,complete,,,,,,2292.6357617195026
Patient_1330,Arrival,485651.1751886465,complete,,0.0,,,,
Patient_1330,Origem_do Pronto Socorro,485651.1751886465,complete,,,do Pronto Socorro,485651.1751886465,,
Patient_1330,CTI (PS),485651.1751886465,start,ctiBeds,0.0,,,,
Patient_1330,CTI (PS),493193.77509412233,complete,ctiBeds,0.0,,,,
Patient_1330,CTI prepara Encaminhamento,493193.77509412233,start,,0.0,,,,
Patient_1330,CTI prepara Encaminhamento,493250.87439240416,complete,,0.0,,,,
Patient_1330,Encaminha_para a Clinica Medica,493250.87439240416,complete,,,para a Clinica Medica,493250.87439240416,,
Patient_1330,Discharge,493250.87439240416,complete,,,,,,7599.699203757686
Patient_1331,Arrival,485707.9180503009,complete,,0.0,,,,
Patient_1331,Origem_do Pronto Socorro,485707.9180503009,complete,,,do Pronto Socorro,485707.9180503009,,
Patient_1331,CTI (PS),485707.9180503009,start,ctiBeds,0.0,,,,
Patient_1331,CTI (PS),495455.8008892853,complete,ctiBeds,0.0,,,,
Patient_1331,CTI prepara Encaminhamento,495455.8008892853,start,,0.0,,,,
Patient_1331,CTI prepara Encaminhamento,495501.8559923032,complete,,0.0,,,,
Patient_1331,Encaminha_para a Clinica Medica,495501.8559923032,complete,,,para a Clinica Medica,495501.8559923032,,
Patient_1331,Discharge,495501.8559923032,complete,,,,,,9793.93794200226
Patient_1332,Arrival,485760.537352508,complete,,0.0,,,,
Patient_1332,Origem_do Pronto Socorro,485760.537352508,complete,,,do Pronto Socorro,485760.537352508,,
Patient_1332,CTI (PS),485760.537352508,start,ctiBeds,0.0,,,,
Patient_1332,CTI (PS),504557.8561056924,complete,ctiBeds,0.0,,,,
Patient_1332,CTI prepara Encaminhamento,504557.8561056924,start,,0.0,,,,
Patient_1332,CTI prepara Encaminhamento,504595.2593561336,complete,,0.0,,,,
Patient_1332,Encaminha_Obito,504595.2593561336,complete,,,Obito,504595.2593561336,,
Patient_1332,Discharge,504595.2593561336,complete,,,,,,18834.72200362559
Patient_1333,Arrival,485915.6389524275,complete,,0.0,,,,
Patient_1333,Origem_do Pronto Socorro,485915.6389524275,complete,,,do Pronto Socorro,485915.6389524275,,
Patient_1333,CTI (PS),485915.6389524275,start,ctiBeds,0.0,,,,
Patient_1333,CTI (PS),491032.68745959114,complete,ctiBeds,0.0,,,,
Patient_1333,CTI prepara Encaminhamento,491032.68745959114,start,,0.0,,,,
Patient_1333,CTI prepara Encaminhamento,491064.49404736044,complete,,0.0,,,,
Patient_1333,Encaminha_para a Clinica Medica,491064.49404736044,complete,,,para a Clinica Medica,491064.49404736044,,
Patient_1333,Discharge,491064.49404736044,complete,,,,,,5148.855094932951
Patient_1334,Arrival,486005.0014476115,complete,,0.0,,,,
Patient_1334,Origem_do Pronto Socorro,486005.0014476115,complete,,,do Pronto Socorro,486005.0014476115,,
Patient_1334,CTI (PS),486005.0014476115,start,ctiBeds,0.0,,,,
Patient_1334,CTI (PS),486973.3874751063,complete,ctiBeds,0.0,,,,
Patient_1334,CTI prepara Encaminhamento,486973.3874751063,start,,0.0,,,,
Patient_1334,CTI prepara Encaminhamento,487009.2148827694,complete,,0.0,,,,
Patient_1334,Encaminha_para a Clinica Medica,487009.2148827694,complete,,,para a Clinica Medica,487009.2148827694,,
Patient_1334,Discharge,487009.2148827694,complete,,,,,,1004.2134351579007
Patient_1335,Arrival,486005.62899803906,complete,,0.0,,,,
Patient_1335,Origem_do Pronto Socorro,486005.62899803906,complete,,,do Pronto Socorro,486005.62899803906,,
Patient_1335,CTI (PS),486005.62899803906,start,ctiBeds,0.0,,,,
Patient_1335,CTI (PS),508757.25604352955,complete,ctiBeds,0.0,,,,
Patient_1335,CTI prepara Encaminhamento,508757.25604352955,start,,0.0,,,,
Patient_1335,CTI prepara Encaminhamento,508800.50087340845,complete,,0.0,,,,
Patient_1335,Encaminha_para a Clinica Medica,508800.50087340845,complete,,,para a Clinica Medica,508800.50087340845,,
Patient_1335,Discharge,508800.50087340845,complete,,,,,,22794.871875369397
Patient_1336,Arrival,487053.00094975077,complete,,0.0,,,,
Patient_1336,Origem_do Pronto Socorro,487053.00094975077,complete,,,do Pronto Socorro,487053.00094975077,,
Patient_1336,CTI (PS),487053.00094975077,start,ctiBeds,0.0,,,,
Patient_1336,CTI (PS),491214.93423422455,complete,ctiBeds,0.0,,,,
Patient_1336,CTI prepara Encaminhamento,491214.93423422455,start,,0.0,,,,
Patient_1336,CTI prepara Encaminhamento,491274.631847567,complete,,0.0,,,,
Patient_1336,Encaminha_para a Clinica Medica,491274.631847567,complete,,,para a Clinica Medica,491274.631847567,,
Patient_1336,Discharge,491274.631847567,complete,,,,,,4221.630897816212
Patient_1337,Arrival,488043.0167002016,complete,,0.0,,,,
Patient_1337,Origem_do Centro Cirurgico,488043.0167002016,complete,,,do Centro Cirurgico,488043.0167002016,,
Patient_1337,CTI (CC),488043.0167002016,start,ctiBeds,0.0,,,,
Patient_1337,CTI (CC),490384.9996949017,complete,ctiBeds,0.0,,,,
Patient_1337,CTI prepara Encaminhamento,490384.9996949017,start,,0.0,,,,
Patient_1337,CTI prepara Encaminhamento,490435.20347443863,complete,,0.0,,,,
Patient_1337,Encaminha_para a Clinica Cirurgica,490435.20347443863,complete,,,para a Clinica Cirurgica,490435.20347443863,,
Patient_1337,Discharge,490435.20347443863,complete,,,,,,2392.186774237023
Patient_1338,Arrival,488403.19085712807,complete,,0.0,,,,
Patient_1338,Origem_do Centro Cirurgico,488403.19085712807,complete,,,do Centro Cirurgico,488403.19085712807,,
Patient_1338,CTI (CC),488403.19085712807,start,ctiBeds,0.0,,,,
Patient_1338,CTI (CC),520118.60754433414,complete,ctiBeds,0.0,,,,
Patient_1338,CTI prepara Encaminhamento,520118.60754433414,start,,0.0,,,,
Patient_1338,CTI prepara Encaminhamento,520173.4294360975,complete,,0.0,,,,
Patient_1338,Encaminha_Obito,520173.4294360975,complete,,,Obito,520173.4294360975,,
Patient_1338,Discharge,520173.4294360975,complete,,,,,,31770.238578969438
Patient_1339,Arrival,488726.7511012806,complete,,0.0,,,,
Patient_1339,Origem_do Pronto Socorro,488726.7511012806,complete,,,do Pronto Socorro,488726.7511012806,,
Patient_1339,CTI (PS),488726.7511012806,start,ctiBeds,0.0,,,,
Patient_1339,CTI (PS),509016.0213108279,complete,ctiBeds,0.0,,,,
Patient_1339,CTI prepara Encaminhamento,509016.0213108279,start,,0.0,,,,
Patient_1339,CTI prepara Encaminhamento,509069.6262843538,complete,,0.0,,,,
Patient_1339,Encaminha_para a Clinica Cirurgica,509069.6262843538,complete,,,para a Clinica Cirurgica,509069.6262843538,,
Patient_1339,Discharge,509069.6262843538,complete,,,,,,20342.875183073163
Patient_134,Arrival,38939.38889333265,complete,,0.0,,,,
Patient_134,Origem_do Pronto Socorro,38939.38889333265,complete,,,do Pronto Socorro,38939.38889333265,,
Patient_134,CTI (PS),38939.38889333265,start,ctiBeds,0.0,,,,
Patient_134,CTI (PS),62346.48338950073,complete,ctiBeds,0.0,,,,
Patient_134,CTI prepara Encaminhamento,62346.48338950073,start,,0.0,,,,
Patient_134,CTI prepara Encaminhamento,62397.6991760854,complete,,0.0,,,,
Patient_134,Encaminha_para a Clinica Cirurgica,62397.6991760854,complete,,,para a Clinica Cirurgica,62397.6991760854,,
Patient_134,Discharge,62397.6991760854,complete,,,,,,23458.310282752747
Patient_1340,Arrival,488843.0783439768,complete,,0.0,,,,
Patient_1340,Origem_do Pronto Socorro,488843.0783439768,complete,,,do Pronto Socorro,488843.0783439768,,
Patient_1340,CTI (PS),488843.0783439768,start,ctiBeds,0.0,,,,
Patient_1340,CTI (PS),494727.001850709,complete,ctiBeds,0.0,,,,
Patient_1340,CTI prepara Encaminhamento,494727.001850709,start,,0.0,,,,
Patient_1340,CTI prepara Encaminhamento,494778.7596317277,complete,,0.0,,,,
Patient_1340,Encaminha_Obito,494778.7596317277,complete,,,Obito,494778.7596317277,,
Patient_1340,Discharge,494778.7596317277,complete,,,,,,5935.681287750893
Patient_1341,Arrival,491004.0006962154,complete,,0.0,,,,
Patient_1341,Origem_do Pronto Socorro,491004.0006962154,complete,,,do Pronto Socorro,491004.0006962154,,
Patient_1341,CTI (PS),491004.0006962154,start,ctiBeds,0.0,,,,
Patient_1342,Arrival,491711.86705677246,complete,,0.0,,,,
Patient_1342,Origem_do Pronto Socorro,491711.86705677246,complete,,,do Pronto Socorro,491711.86705677246,,
Patient_1342,CTI (PS),491711.86705677246,start,ctiBeds,0.0,,,,
Patient_1342,CTI (PS),494843.29313402175,complete,ctiBeds,0.0,,,,
Patient_1342,CTI prepara Encaminhamento,494843.29313402175,start,,0.0,,,,
Patient_1342,CTI prepara Encaminhamento,494900.7998916586,complete,,0.0,,,,
Patient_1342,Encaminha_para a Clinica Medica,494900.7998916586,complete,,,para a Clinica Medica,494900.7998916586,,
Patient_1342,Discharge,494900.7998916586,complete,,,,,,3188.932834886131
Patient_1343,Arrival,491829.4407149789,complete,,0.0,,,,
Patient_1343,Origem_do Centro Cirurgico,491829.4407149789,complete,,,do Centro Cirurgico,491829.4407149789,,
Patient_1343,CTI (CC),491829.4407149789,start,ctiBeds,0.0,,,,
Patient_1343,CTI (CC),492666.2915574762,complete,ctiBeds,0.0,,,,
Patient_1343,CTI prepara Encaminhamento,492666.2915574762,start,,0.0,,,,
Patient_1343,CTI prepara Encaminhamento,492726.10813375417,complete,,0.0,,,,
Patient_1343,Encaminha_para a Clinica Cirurgica,492726.10813375417,complete,,,para a Clinica Cirurgica,492726.10813375417,,
Patient_1343,Discharge,492726.10813375417,complete,,,,,,896.6674187752651
Patient_1344,Arrival,491888.4909698876,complete,,0.0,,,,
Patient_1344,Origem_do Pronto Socorro,491888.4909698876,complete,,,do Pronto Socorro,491888.4909698876,,
Patient_1344,CTI (PS),491888.4909698876,start,ctiBeds,0.0,,,,
Patient_1344,CTI (PS),513067.77863863064,complete,ctiBeds,0.0,,,,
Patient_1344,CTI prepara Encaminhamento,513067.77863863064,start,,0.0,,,,
Patient_1344,CTI prepara Encaminhamento,513124.39368843264,complete,,0.0,,,,
Patient_1344,Encaminha_para a Clinica Medica,513124.39368843264,complete,,,para a Clinica Medica,513124.39368843264,,
Patient_1344,Discharge,513124.39368843264,complete,,,,,,21235.902718545054
Patient_1345,Arrival,492237.78748320974,complete,,0.0,,,,
Patient_1345,Origem_do Centro Cirurgico,492237.78748320974,complete,,,do Centro Cirurgico,492237.78748320974,,
Patient_1345,CTI (CC),492237.78748320974,start,ctiBeds,0.0,,,,
Patient_1345,CTI (CC),493392.97473295697,complete,ctiBeds,0.0,,,,
Patient_1345,CTI prepara Encaminhamento,493392.97473295697,start,,0.0,,,,
Patient_1345,CTI prepara Encaminhamento,493442.203115334,complete,,0.0,,,,
Patient_1345,Encaminha_para a Clinica Cirurgica,493442.203115334,complete,,,para a Clinica Cirurgica,493442.203115334,,
Patient_1345,Discharge,493442.203115334,complete,,,,,,1204.4156321242335
Patient_1346,Arrival,492575.6417446179,complete,,0.0,,,,
Patient_1346,Origem_do Pronto Socorro,492575.6417446179,complete,,,do Pronto Socorro,492575.6417446179,,
Patient_1346,CTI (PS),492575.6417446179,start,ctiBeds,0.0,,,,
Patient_1346,CTI (PS),499047.9038461199,complete,ctiBeds,0.0,,,,
Patient_1346,CTI prepara Encaminhamento,499047.9038461199,start,,0.0,,,,
Patient_1346,CTI prepara Encaminhamento,499100.6402099102,complete,,0.0,,,,
Patient_1346,Encaminha_Obito,499100.6402099102,complete,,,Obito,499100.6402099102,,
Patient_1346,Discharge,499100.6402099102,complete,,,,,,6524.99846529233
Patient_1347,Arrival,492818.0625476328,complete,,0.0,,,,
Patient_1347,Origem_do Centro Cirurgico,492818.0625476328,complete,,,do Centro Cirurgico,492818.0625476328,,
Patient_1347,CTI (CC),492818.0625476328,start,ctiBeds,0.0,,,,
Patient_1347,CTI (CC),511709.7283085128,complete,ctiBeds,0.0,,,,
Patient_1347,CTI prepara Encaminhamento,511709.7283085128,start,,0.0,,,,
Patient_1347,CTI prepara Encaminhamento,511754.62385928084,complete,,0.0,,,,
Patient_1347,Encaminha_Obito,511754.62385928084,complete,,,Obito,511754.62385928084,,
Patient_1347,Discharge,511754.62385928084,complete,,,,,,18936.561311648053
Patient_1348,Arrival,492991.5589805235,complete,,0.0,,,,
Patient_1348,Origem_do Pronto Socorro,492991.5589805235,complete,,,do Pronto Socorro,492991.5589805235,,
Patient_1348,CTI (PS),492991.5589805235,start,ctiBeds,0.0,,,,
Patient_1348,CTI (PS),495399.3733530267,complete,ctiBeds,0.0,,,,
Patient_1348,CTI prepara Encaminhamento,495399.3733530267,start,,0.0,,,,
Patient_1348,CTI prepara Encaminhamento,495446.4212059972,complete,,0.0,,,,
Patient_1348,Encaminha_para a Clinica Medica,495446.4212059972,complete,,,para a Clinica Medica,495446.4212059972,,
Patient_1348,Discharge,495446.4212059972,complete,,,,,,2454.862225473684
Patient_1349,Arrival,493746.73052476963,complete,,0.0,,,,
Patient_1349,Origem_do Centro Cirurgico,493746.73052476963,complete,,,do Centro Cirurgico,493746.73052476963,,
Patient_1349,CTI (CC),493746.73052476963,start,ctiBeds,0.0,,,,
Patient_1349,CTI (CC),493991.52786411665,complete,ctiBeds,0.0,,,,
Patient_1349,CTI prepara Encaminhamento,493991.52786411665,start,,0.0,,,,
Patient_1349,CTI prepara Encaminhamento,494044.0162027769,complete,,0.0,,,,
Patient_1349,Encaminha_para a Clinica Cirurgica,494044.0162027769,complete,,,para a Clinica Cirurgica,494044.0162027769,,
Patient_1349,Discharge,494044.0162027769,complete,,,,,,297.2856780072907
Patient_135,Arrival,39127.73635483726,complete,,0.0,,,,
Patient_135,Origem_da Maternidade,39127.73635483726,complete,,,da Maternidade,39127.73635483726,,
Patient_135,CTI (MAT),39127.73635483726,start,ctiBeds,0.0,,,,
Patient_135,CTI (MAT),42670.20933264304,complete,ctiBeds,0.0,,,,
Patient_135,CTI prepara Encaminhamento,42670.20933264304,start,,0.0,,,,
Patient_135,CTI prepara Encaminhamento,42726.49551797583,complete,,0.0,,,,
Patient_135,Encaminha_para a Clinica Medica,42726.49551797583,complete,,,para a Clinica Medica,42726.49551797583,,
Patient_135,Discharge,42726.49551797583,complete,,,,,,3598.759163138573
Patient_1350,Arrival,494636.5162458,complete,,0.0,,,,
Patient_1350,Origem_do Pronto Socorro,494636.5162458,complete,,,do Pronto Socorro,494636.5162458,,
Patient_1350,CTI (PS),494636.5162458,start,ctiBeds,0.0,,,,
Patient_1350,CTI (PS),494924.2218448817,complete,ctiBeds,0.0,,,,
Patient_1350,CTI prepara Encaminhamento,494924.2218448817,start,,0.0,,,,
Patient_1350,CTI prepara Encaminhamento,494982.8634737521,complete,,0.0,,,,
Patient_1350,Encaminha_Transferencia Externa,494982.8634737521,complete,,,Transferencia Externa,494982.8634737521,,
Patient_1350,Discharge,494982.8634737521,complete,,,,,,346.3472279520938
Patient_1351,Arrival,495139.86957868264,complete,,0.0,,,,
Patient_1351,Origem_do Pronto Socorro,495139.86957868264,complete,,,do Pronto Socorro,495139.86957868264,,
Patient_1351,CTI (PS),495139.86957868264,start,ctiBeds,0.0,,,,
Patient_1351,CTI (PS),495245.06704971247,complete,ctiBeds,0.0,,,,
Patient_1351,CTI prepara Encaminhamento,495245.06704971247,start,,0.0,,,,
Patient_1351,CTI prepara Encaminhamento,495286.29629123094,complete,,0.0,,,,
Patient_1351,Encaminha_para a Clinica Medica,495286.29629123094,complete,,,para a Clinica Medica,495286.29629123094,,
Patient_1351,Discharge,495286.29629123094,complete,,,,,,146.42671254830202
Patient_1352,Arrival,495328.94233593444,complete,,0.0,,,,
Patient_1352,Origem_do Centro Cirurgico,495328.94233593444,complete,,,do Centro Cirurgico,495328.94233593444,,
Patient_1352,CTI (CC),495328.94233593444,start,ctiBeds,0.0,,,,
Patient_1352,CTI (CC),496446.093006424,complete,ctiBeds,0.0,,,,
Patient_1352,CTI prepara Encaminhamento,496446.093006424,start,,0.0,,,,
Patient_1352,CTI prepara Encaminhamento,496499.0336977396,complete,,0.0,,,,
Patient_1352,Encaminha_para a Clinica Medica,496499.0336977396,complete,,,para a Clinica Medica,496499.0336977396,,
Patient_1352,Discharge,496499.0336977396,complete,,,,,,1170.0913618051563
Patient_1353,Arrival,495841.49061498157,complete,,0.0,,,,
Patient_1353,Origem_do Pronto Socorro,495841.49061498157,complete,,,do Pronto Socorro,495841.49061498157,,
Patient_1353,CTI (PS),495841.49061498157,start,ctiBeds,0.0,,,,
Patient_1353,CTI (PS),496743.9754347541,complete,ctiBeds,0.0,,,,
Patient_1353,CTI prepara Encaminhamento,496743.9754347541,start,,0.0,,,,
Patient_1353,CTI prepara Encaminhamento,496798.0103861751,complete,,0.0,,,,
Patient_1353,Encaminha_Obito,496798.0103861751,complete,,,Obito,496798.0103861751,,
Patient_1353,Discharge,496798.0103861751,complete,,,,,,956.5197711935616
Patient_1354,Arrival,496215.0648730053,complete,,0.0,,,,
Patient_1354,Origem_do Pronto Socorro,496215.0648730053,complete,,,do Pronto Socorro,496215.0648730053,,
Patient_1354,CTI (PS),496215.0648730053,start,ctiBeds,0.0,,,,
Patient_1354,CTI (PS),509938.3573573209,complete,ctiBeds,0.0,,,,
Patient_1354,CTI prepara Encaminhamento,509938.3573573209,start,,0.0,,,,
Patient_1354,CTI prepara Encaminhamento,509985.658042814,complete,,0.0,,,,
Patient_1354,Encaminha_para a Clinica Cirurgica,509985.658042814,complete,,,para a Clinica Cirurgica,509985.658042814,,
Patient_1354,Discharge,509985.658042814,complete,,,,,,13770.593169808679
Patient_1355,Arrival,497236.83692134847,complete,,0.0,,,,
Patient_1355,Origem_do Pronto Socorro,497236.83692134847,complete,,,do Pronto Socorro,497236.83692134847,,
Patient_1355,CTI (PS),497236.83692134847,start,ctiBeds,0.0,,,,
Patient_1355,CTI (PS),507523.4668509409,complete,ctiBeds,0.0,,,,
Patient_1355,CTI prepara Encaminhamento,507523.4668509409,start,,0.0,,,,
Patient_1355,CTI prepara Encaminhamento,507570.87752001017,complete,,0.0,,,,
Patient_1355,Encaminha_para a Clinica Cirurgica,507570.87752001017,complete,,,para a Clinica Cirurgica,507570.87752001017,,
Patient_1355,Discharge,507570.87752001017,complete,,,,,,10334.040598661697
Patient_1356,Arrival,497561.8485068825,complete,,0.0,,,,
Patient_1356,Origem_do Pronto Socorro,497561.8485068825,complete,,,do Pronto Socorro,497561.8485068825,,
Patient_1356,CTI (PS),497561.8485068825,start,ctiBeds,0.0,,,,
Patient_1356,CTI (PS),499941.09074921865,complete,ctiBeds,0.0,,,,
Patient_1356,CTI prepara Encaminhamento,499941.09074921865,start,,0.0,,,,
Patient_1356,CTI prepara Encaminhamento,499982.19678317657,complete,,0.0,,,,
Patient_1356,Encaminha_para a Clinica Medica,499982.19678317657,complete,,,para a Clinica Medica,499982.19678317657,,
Patient_1356,Discharge,499982.19678317657,complete,,,,,,2420.3482762940694
Patient_1357,Arrival,498161.819747819,complete,,0.0,,,,
Patient_1357,Origem_do Centro Cirurgico,498161.819747819,complete,,,do Centro Cirurgico,498161.819747819,,
Patient_1357,CTI (CC),498161.819747819,start,ctiBeds,0.0,,,,
Patient_1357,CTI (CC),500122.96052502695,complete,ctiBeds,0.0,,,,
Patient_1357,CTI prepara Encaminhamento,500122.96052502695,start,,0.0,,,,
Patient_1357,CTI prepara Encaminhamento,500174.990479767,complete,,0.0,,,,
Patient_1357,Encaminha_Obito,500174.990479767,complete,,,Obito,500174.990479767,,
Patient_1357,Discharge,500174.990479767,complete,,,,,,2013.1707319479901
Patient_1358,Arrival,498682.4062015396,complete,,0.0,,,,
Patient_1358,Origem_da Maternidade,498682.4062015396,complete,,,da Maternidade,498682.4062015396,,
Patient_1358,CTI (MAT),498682.4062015396,start,ctiBeds,0.0,,,,
Patient_1358,CTI (MAT),503644.8163099563,complete,ctiBeds,0.0,,,,
Patient_1358,CTI prepara Encaminhamento,503644.8163099563,start,,0.0,,,,
Patient_1358,CTI prepara Encaminhamento,503689.91528188775,complete,,0.0,,,,
Patient_1358,Encaminha_para a Clinica Cirurgica,503689.91528188775,complete,,,para a Clinica Cirurgica,503689.91528188775,,
Patient_1358,Discharge,503689.91528188775,complete,,,,,,5007.509080348129
Patient_1359,Arrival,498727.45296521805,complete,,0.0,,,,
Patient_1359,Origem_do Pronto Socorro,498727.45296521805,complete,,,do Pronto Socorro,498727.45296521805,,
Patient_1359,CTI (PS),498727.45296521805,start,ctiBeds,0.0,,,,
Patient_136,Arrival,39266.39018023445,complete,,0.0,,,,
Patient_136,Origem_do Pronto Socorro,39266.39018023445,complete,,,do Pronto Socorro,39266.39018023445,,
Patient_136,CTI (PS),39266.39018023445,start,ctiBeds,0.0,,,,
Patient_136,CTI (PS),59199.67091562272,complete,ctiBeds,0.0,,,,
Patient_136,CTI prepara Encaminhamento,59199.67091562272,start,,0.0,,,,
Patient_136,CTI prepara Encaminhamento,59258.88243431567,complete,,0.0,,,,
Patient_136,Encaminha_Obito,59258.88243431567,complete,,,Obito,59258.88243431567,,
Patient_136,Discharge,59258.88243431567,complete,,,,,,19992.49225408122
Patient_1360,Arrival,498880.79431100324,complete,,0.0,,,,
Patient_1360,Origem_do Pronto Socorro,498880.79431100324,complete,,,do Pronto Socorro,498880.79431100324,,
Patient_1360,CTI (PS),498880.79431100324,start,ctiBeds,0.0,,,,
Patient_1360,CTI (PS),504874.82035279507,complete,ctiBeds,0.0,,,,
Patient_1360,CTI prepara Encaminhamento,504874.82035279507,start,,0.0,,,,
Patient_1360,CTI prepara Encaminhamento,504930.3630766477,complete,,0.0,,,,
Patient_1360,Encaminha_Transferencia Externa,504930.3630766477,complete,,,Transferencia Externa,504930.3630766477,,
Patient_1360,Discharge,504930.3630766477,complete,,,,,,6049.56876564445
Patient_1361,Arrival,499005.1331107939,complete,,0.0,,,,
Patient_1361,Origem_do Centro Cirurgico,499005.1331107939,complete,,,do Centro Cirurgico,499005.1331107939,,
Patient_1361,CTI (CC),499005.1331107939,start,ctiBeds,0.0,,,,
Patient_1362,Arrival,499103.5956378499,complete,,0.0,,,,
Patient_1362,Origem_do Pronto Socorro,499103.5956378499,complete,,,do Pronto Socorro,499103.5956378499,,
Patient_1362,CTI (PS),499103.5956378499,start,ctiBeds,0.0,,,,
Patient_1362,CTI (PS),502363.6410398609,complete,ctiBeds,0.0,,,,
Patient_1362,CTI prepara Encaminhamento,502363.6410398609,start,,0.0,,,,
Patient_1362,CTI prepara Encaminhamento,502398.66576655424,complete,,0.0,,,,
Patient_1362,Encaminha_para a Clinica Medica,502398.66576655424,complete,,,para a Clinica Medica,502398.66576655424,,
Patient_1362,Discharge,502398.66576655424,complete,,,,,,3295.070128704363
Patient_1363,Arrival,499204.7124908896,complete,,0.0,,,,
Patient_1363,Origem_do Pronto Socorro,499204.7124908896,complete,,,do Pronto Socorro,499204.7124908896,,
Patient_1363,CTI (PS),499204.7124908896,start,ctiBeds,0.0,,,,
Patient_1364,Arrival,499939.07191694074,complete,,0.0,,,,
Patient_1364,Origem_do Centro Cirurgico,499939.07191694074,complete,,,do Centro Cirurgico,499939.07191694074,,
Patient_1364,CTI (CC),499939.07191694074,start,ctiBeds,0.0,,,,
Patient_1364,CTI (CC),500580.74420967564,complete,ctiBeds,0.0,,,,
Patient_1364,CTI prepara Encaminhamento,500580.74420967564,start,,0.0,,,,
Patient_1364,CTI prepara Encaminhamento,500632.6269346666,complete,,0.0,,,,
Patient_1364,Encaminha_para a Clinica Cirurgica,500632.6269346666,complete,,,para a Clinica Cirurgica,500632.6269346666,,
Patient_1364,Discharge,500632.6269346666,complete,,,,,,693.5550177258556
Patient_1365,Arrival,500028.4597155629,complete,,0.0,,,,
Patient_1365,Origem_do Pronto Socorro,500028.4597155629,complete,,,do Pronto Socorro,500028.4597155629,,
Patient_1365,CTI (PS),500028.4597155629,start,ctiBeds,0.0,,,,
Patient_1365,CTI (PS),504072.2143303566,complete,ctiBeds,0.0,,,,
Patient_1365,CTI prepara Encaminhamento,504072.2143303566,start,,0.0,,,,
Patient_1365,CTI prepara Encaminhamento,504131.69327182585,complete,,0.0,,,,
Patient_1365,Encaminha_para a Clinica Medica,504131.69327182585,complete,,,para a Clinica Medica,504131.69327182585,,
Patient_1365,Discharge,504131.69327182585,complete,,,,,,4103.233556262974
Patient_1366,Arrival,500333.599877275,complete,,0.0,,,,
Patient_1366,Origem_do Pronto Socorro,500333.599877275,complete,,,do Pronto Socorro,500333.599877275,,
Patient_1366,CTI (PS),500333.599877275,start,ctiBeds,0.0,,,,
Patient_1366,CTI (PS),501315.3012713118,complete,ctiBeds,0.0,,,,
Patient_1366,CTI prepara Encaminhamento,501315.3012713118,start,,0.0,,,,
Patient_1366,CTI prepara Encaminhamento,501363.5437082522,complete,,0.0,,,,
Patient_1366,Encaminha_Obito,501363.5437082522,complete,,,Obito,501363.5437082522,,
Patient_1366,Discharge,501363.5437082522,complete,,,,,,1029.943830977194
Patient_1367,Arrival,500723.781308748,complete,,0.0,,,,
Patient_1367,Origem_do Centro Cirurgico,500723.781308748,complete,,,do Centro Cirurgico,500723.781308748,,
Patient_1367,CTI (CC),500723.781308748,start,ctiBeds,0.0,,,,
Patient_1367,CTI (CC),517756.09834682074,complete,ctiBeds,0.0,,,,
Patient_1367,CTI prepara Encaminhamento,517756.09834682074,start,,0.0,,,,
Patient_1367,CTI prepara Encaminhamento,517813.761188086,complete,,0.0,,,,
Patient_1367,Encaminha_Obito,517813.761188086,complete,,,Obito,517813.761188086,,
Patient_1367,Discharge,517813.761188086,complete,,,,,,17089.979879338003
Patient_1368,Arrival,500779.22547696106,complete,,0.0,,,,
Patient_1368,Origem_do Pronto Socorro,500779.22547696106,complete,,,do Pronto Socorro,500779.22547696106,,
Patient_1368,CTI (PS),500779.22547696106,start,ctiBeds,0.0,,,,
Patient_1368,CTI (PS),522763.9080919074,complete,ctiBeds,0.0,,,,
Patient_1368,CTI prepara Encaminhamento,522763.9080919074,start,,0.0,,,,
Patient_1368,CTI prepara Encaminhamento,522800.0001270085,complete,,0.0,,,,
Patient_1368,Encaminha_para a Clinica Medica,522800.0001270085,complete,,,para a Clinica Medica,522800.0001270085,,
Patient_1368,Discharge,522800.0001270085,complete,,,,,,22020.774650047417
Patient_1369,Arrival,500943.43697173364,complete,,0.0,,,,
Patient_1369,Origem_do Centro Cirurgico,500943.43697173364,complete,,,do Centro Cirurgico,500943.43697173364,,
Patient_1369,CTI (CC),500943.43697173364,start,ctiBeds,0.0,,,,
Patient_1369,CTI (CC),503718.71472578903,complete,ctiBeds,0.0,,,,
Patient_1369,CTI prepara Encaminhamento,503718.71472578903,start,,0.0,,,,
Patient_1369,CTI prepara Encaminhamento,503754.01211259986,complete,,0.0,,,,
Patient_1369,Encaminha_para a Clinica Cirurgica,503754.01211259986,complete,,,para a Clinica Cirurgica,503754.01211259986,,
Patient_1369,Discharge,503754.01211259986,complete,,,,,,2810.575140866218
Patient_137,Arrival,39377.35503026467,complete,,0.0,,,,
Patient_137,Origem_do Pronto Socorro,39377.35503026467,complete,,,do Pronto Socorro,39377.35503026467,,
Patient_137,CTI (PS),39377.35503026467,start,ctiBeds,0.0,,,,
Patient_137,CTI (PS),82857.3785264304,complete,ctiBeds,0.0,,,,
Patient_137,CTI prepara Encaminhamento,82857.3785264304,start,,0.0,,,,
Patient_137,CTI prepara Encaminhamento,82888.28350779705,complete,,0.0,,,,
Patient_137,Encaminha_para a Clinica Cirurgica,82888.28350779705,complete,,,para a Clinica Cirurgica,82888.28350779705,,
Patient_137,Discharge,82888.28350779705,complete,,,,,,43510.92847753238
Patient_1370,Arrival,500996.7465237811,complete,,0.0,,,,
Patient_1370,Origem_do Pronto Socorro,500996.7465237811,complete,,,do Pronto Socorro,500996.7465237811,,
Patient_1370,CTI (PS),500996.7465237811,start,ctiBeds,0.0,,,,
Patient_1370,CTI (PS),518000.3799613131,complete,ctiBeds,0.0,,,,
Patient_1370,CTI prepara Encaminhamento,518000.3799613131,start,,0.0,,,,
Patient_1370,CTI prepara Encaminhamento,518039.1813178614,complete,,0.0,,,,
Patient_1370,Encaminha_para a Clinica Medica,518039.1813178614,complete,,,para a Clinica Medica,518039.1813178614,,
Patient_1370,Discharge,518039.1813178614,complete,,,,,,17042.434794080327
Patient_1371,Arrival,501073.6069028888,complete,,0.0,,,,
Patient_1371,Origem_da Clinica Cirurgica,501073.6069028888,complete,,,da Clinica Cirurgica,501073.6069028888,,
Patient_1371,CTI (CLIC),501073.6069028888,start,ctiBeds,0.0,,,,
Patient_1371,CTI (CLIC),505390.238355859,complete,ctiBeds,0.0,,,,
Patient_1371,CTI prepara Encaminhamento,505390.238355859,start,,0.0,,,,
Patient_1371,CTI prepara Encaminhamento,505443.97824313154,complete,,0.0,,,,
Patient_1371,Encaminha_Obito,505443.97824313154,complete,,,Obito,505443.97824313154,,
Patient_1371,Discharge,505443.97824313154,complete,,,,,,4370.371340242738
Patient_1372,Arrival,501110.7225640198,complete,,0.0,,,,
Patient_1372,Origem_do Centro Cirurgico,501110.7225640198,complete,,,do Centro Cirurgico,501110.7225640198,,
Patient_1372,CTI (CC),501110.7225640198,start,ctiBeds,0.0,,,,
Patient_1372,CTI (CC),512547.1949242647,complete,ctiBeds,0.0,,,,
Patient_1372,CTI prepara Encaminhamento,512547.1949242647,start,,0.0,,,,
Patient_1372,CTI prepara Encaminhamento,512589.2705662855,complete,,0.0,,,,
Patient_1372,Encaminha_para a Clinica Cirurgica,512589.2705662855,complete,,,para a Clinica Cirurgica,512589.2705662855,,
Patient_1372,Discharge,512589.2705662855,complete,,,,,,11478.548002265685
Patient_1373,Arrival,501147.03188277216,complete,,0.0,,,,
Patient_1373,Origem_da Clinica Cirurgica,501147.03188277216,complete,,,da Clinica Cirurgica,501147.03188277216,,
Patient_1373,CTI (CLIC),501147.03188277216,start,ctiBeds,0.0,,,,
Patient_1373,CTI (CLIC),514143.65236306854,complete,ctiBeds,0.0,,,,
Patient_1373,CTI prepara Encaminhamento,514143.65236306854,start,,0.0,,,,
Patient_1373,CTI prepara Encaminhamento,514190.2949938321,complete,,0.0,,,,
Patient_1373,Encaminha_para a Clinica Medica,514190.2949938321,complete,,,para a Clinica Medica,514190.2949938321,,
Patient_1373,Discharge,514190.2949938321,complete,,,,,,13043.263111059961
Patient_1374,Arrival,501917.1024202673,complete,,0.0,,,,
Patient_1374,Origem_do Centro Cirurgico,501917.1024202673,complete,,,do Centro Cirurgico,501917.1024202673,,
Patient_1374,CTI (CC),501917.1024202673,start,ctiBeds,0.0,,,,
Patient_1374,CTI (CC),514750.28269735846,complete,ctiBeds,0.0,,,,
Patient_1374,CTI prepara Encaminhamento,514750.28269735846,start,,0.0,,,,
Patient_1374,CTI prepara Encaminhamento,514797.76852885954,complete,,0.0,,,,
Patient_1374,Encaminha_Obito,514797.76852885954,complete,,,Obito,514797.76852885954,,
Patient_1374,Discharge,514797.76852885954,complete,,,,,,12880.666108592239
Patient_1375,Arrival,501920.2009267121,complete,,0.0,,,,
Patient_1375,Origem_do Pronto Socorro,501920.2009267121,complete,,,do Pronto Socorro,501920.2009267121,,
Patient_1375,CTI (PS),501920.2009267121,start,ctiBeds,0.0,,,,
Patient_1375,CTI (PS),508047.66250445525,complete,ctiBeds,0.0,,,,
Patient_1375,CTI prepara Encaminhamento,508047.66250445525,start,,0.0,,,,
Patient_1375,CTI prepara Encaminhamento,508090.7373827458,complete,,0.0,,,,
Patient_1375,Encaminha_Obito,508090.7373827458,complete,,,Obito,508090.7373827458,,
Patient_1375,Discharge,508090.7373827458,complete,,,,,,6170.536456033704
Patient_1376,Arrival,503202.04405252164,complete,,0.0,,,,
Patient_1376,Origem_do Centro Cirurgico,503202.04405252164,complete,,,do Centro Cirurgico,503202.04405252164,,
Patient_1376,CTI (CC),503202.04405252164,start,ctiBeds,0.0,,,,
Patient_1376,CTI (CC),508044.676974805,complete,ctiBeds,0.0,,,,
Patient_1376,CTI prepara Encaminhamento,508044.676974805,start,,0.0,,,,
Patient_1376,CTI prepara Encaminhamento,508088.7503590629,complete,,0.0,,,,
Patient_1376,Encaminha_para a Clinica Cirurgica,508088.7503590629,complete,,,para a Clinica Cirurgica,508088.7503590629,,
Patient_1376,Discharge,508088.7503590629,complete,,,,,,4886.70630654128
Patient_1377,Arrival,503307.1882635564,complete,,0.0,,,,
Patient_1377,Origem_do Pronto Socorro,503307.1882635564,complete,,,do Pronto Socorro,503307.1882635564,,
Patient_1377,CTI (PS),503307.1882635564,start,ctiBeds,0.0,,,,
Patient_1377,CTI (PS),507652.50630682707,complete,ctiBeds,0.0,,,,
Patient_1377,CTI prepara Encaminhamento,507652.50630682707,start,,0.0,,,,
Patient_1377,CTI prepara Encaminhamento,507683.16499262356,complete,,0.0,,,,
Patient_1377,Encaminha_para a Clinica Medica,507683.16499262356,complete,,,para a Clinica Medica,507683.16499262356,,
Patient_1377,Discharge,507683.16499262356,complete,,,,,,4375.976729067159
Patient_1378,Arrival,504128.84304026543,complete,,0.0,,,,
Patient_1378,Origem_do Pronto Socorro,504128.84304026543,complete,,,do Pronto Socorro,504128.84304026543,,
Patient_1378,CTI (PS),504128.84304026543,start,ctiBeds,0.0,,,,
Patient_1378,CTI (PS),505549.93237030844,complete,ctiBeds,0.0,,,,
Patient_1378,CTI prepara Encaminhamento,505549.93237030844,start,,0.0,,,,
Patient_1378,CTI prepara Encaminhamento,505600.2940532333,complete,,0.0,,,,
Patient_1378,Encaminha_para a Clinica Cirurgica,505600.2940532333,complete,,,para a Clinica Cirurgica,505600.2940532333,,
Patient_1378,Discharge,505600.2940532333,complete,,,,,,1471.4510129678529
Patient_1379,Arrival,504720.9468781854,complete,,0.0,,,,
Patient_1379,Origem_do Centro Cirurgico,504720.9468781854,complete,,,do Centro Cirurgico,504720.9468781854,,
Patient_1379,CTI (CC),504720.9468781854,start,ctiBeds,0.0,,,,
Patient_138,Arrival,39476.15548992409,complete,,0.0,,,,
Patient_138,Origem_do Pronto Socorro,39476.15548992409,complete,,,do Pronto Socorro,39476.15548992409,,
Patient_138,CTI (PS),39476.15548992409,start,ctiBeds,0.0,,,,
Patient_138,CTI (PS),59111.00050413546,complete,ctiBeds,0.0,,,,
Patient_138,CTI prepara Encaminhamento,59111.00050413546,start,,0.0,,,,
Patient_138,CTI prepara Encaminhamento,59158.128898231655,complete,,0.0,,,,
Patient_138,Encaminha_Obito,59158.128898231655,complete,,,Obito,59158.128898231655,,
Patient_138,Discharge,59158.128898231655,complete,,,,,,19681.973408307567
Patient_1380,Arrival,504950.644073583,complete,,0.0,,,,
Patient_1380,Origem_do Centro Cirurgico,504950.644073583,complete,,,do Centro Cirurgico,504950.644073583,,
Patient_1380,CTI (CC),504950.644073583,start,ctiBeds,0.0,,,,
Patient_1380,CTI (CC),505157.0799410687,complete,ctiBeds,0.0,,,,
Patient_1380,CTI prepara Encaminhamento,505157.0799410687,start,,0.0,,,,
Patient_1380,CTI prepara Encaminhamento,505208.11614288256,complete,,0.0,,,,
Patient_1380,Encaminha_para a Clinica Medica,505208.11614288256,complete,,,para a Clinica Medica,505208.11614288256,,
Patient_1380,Discharge,505208.11614288256,complete,,,,,,257.472069299547
Patient_1381,Arrival,504990.4240070938,complete,,0.0,,,,
Patient_1381,Origem_do Pronto Socorro,504990.4240070938,complete,,,do Pronto Socorro,504990.4240070938,,
Patient_1381,CTI (PS),504990.4240070938,start,ctiBeds,0.0,,,,
Patient_1382,Arrival,505175.14611239417,complete,,0.0,,,,
Patient_1382,Origem_da Clinica Cirurgica,505175.14611239417,complete,,,da Clinica Cirurgica,505175.14611239417,,
Patient_1382,CTI (CLIC),505175.14611239417,start,ctiBeds,0.0,,,,
Patient_1382,CTI (CLIC),516251.96069044364,complete,ctiBeds,0.0,,,,
Patient_1382,CTI prepara Encaminhamento,516251.96069044364,start,,0.0,,,,
Patient_1382,CTI prepara Encaminhamento,516309.28726985777,complete,,0.0,,,,
Patient_1382,Encaminha_para a Clinica Medica,516309.28726985777,complete,,,para a Clinica Medica,516309.28726985777,,
Patient_1382,Discharge,516309.28726985777,complete,,,,,,11134.1411574636
Patient_1383,Arrival,505602.2019961095,complete,,0.0,,,,
Patient_1383,Origem_do Pronto Socorro,505602.2019961095,complete,,,do Pronto Socorro,505602.2019961095,,
Patient_1383,CTI (PS),505602.2019961095,start,ctiBeds,0.0,,,,
Patient_1384,Arrival,505876.5428770013,complete,,0.0,,,,
Patient_1384,Origem_do Centro Cirurgico,505876.5428770013,complete,,,do Centro Cirurgico,505876.5428770013,,
Patient_1384,CTI (CC),505876.5428770013,start,ctiBeds,0.0,,,,
Patient_1384,CTI (CC),511395.2602919132,complete,ctiBeds,0.0,,,,
Patient_1384,CTI prepara Encaminhamento,511395.2602919132,start,,0.0,,,,
Patient_1384,CTI prepara Encaminhamento,511446.47347224184,complete,,0.0,,,,
Patient_1384,Encaminha_Obito,511446.47347224184,complete,,,Obito,511446.47347224184,,
Patient_1384,Discharge,511446.47347224184,complete,,,,,,5569.930595240556
Patient_1385,Arrival,505888.5540330894,complete,,0.0,,,,
Patient_1385,Origem_do Centro Cirurgico,505888.5540330894,complete,,,do Centro Cirurgico,505888.5540330894,,
Patient_1385,CTI (CC),505888.5540330894,start,ctiBeds,0.0,,,,
Patient_1385,CTI (CC),510403.1100894668,complete,ctiBeds,0.0,,,,
Patient_1385,CTI prepara Encaminhamento,510403.1100894668,start,,0.0,,,,
Patient_1385,CTI prepara Encaminhamento,510442.0931087954,complete,,0.0,,,,
Patient_1385,Encaminha_para a Clinica Cirurgica,510442.0931087954,complete,,,para a Clinica Cirurgica,510442.0931087954,,
Patient_1385,Discharge,510442.0931087954,complete,,,,,,4553.539075706038
Patient_1386,Arrival,505967.3607618412,complete,,0.0,,,,
Patient_1386,Origem_do Centro Cirurgico,505967.3607618412,complete,,,do Centro Cirurgico,505967.3607618412,,
Patient_1386,CTI (CC),505967.3607618412,start,ctiBeds,0.0,,,,
Patient_1386,CTI (CC),523171.28176843084,complete,ctiBeds,0.0,,,,
Patient_1386,CTI prepara Encaminhamento,523171.28176843084,start,,0.0,,,,
Patient_1386,CTI prepara Encaminhamento,523227.515713245,complete,,0.0,,,,
Patient_1386,Encaminha_para a Clinica Medica,523227.515713245,complete,,,para a Clinica Medica,523227.515713245,,
Patient_1386,Discharge,523227.515713245,complete,,,,,,17260.15495140385
Patient_1387,Arrival,506311.37539575255,complete,,0.0,,,,
Patient_1387,Origem_do Centro Cirurgico,506311.37539575255,complete,,,do Centro Cirurgico,506311.37539575255,,
Patient_1387,CTI (CC),506311.37539575255,start,ctiBeds,0.0,,,,
Patient_1387,CTI (CC),507737.8952255893,complete,ctiBeds,0.0,,,,
Patient_1387,CTI prepara Encaminhamento,507737.8952255893,start,,0.0,,,,
Patient_1387,CTI prepara Encaminhamento,507795.62071131676,complete,,0.0,,,,
Patient_1387,Encaminha_para a Clinica Medica,507795.62071131676,complete,,,para a Clinica Medica,507795.62071131676,,
Patient_1387,Discharge,507795.62071131676,complete,,,,,,1484.2453155642143
Patient_1388,Arrival,506629.32388032856,complete,,0.0,,,,
Patient_1388,Origem_do Centro Cirurgico,506629.32388032856,complete,,,do Centro Cirurgico,506629.32388032856,,
Patient_1388,CTI (CC),506629.32388032856,start,ctiBeds,0.0,,,,
Patient_1388,CTI (CC),511659.2084281822,complete,ctiBeds,0.0,,,,
Patient_1388,CTI prepara Encaminhamento,511659.2084281822,start,,0.0,,,,
Patient_1388,CTI prepara Encaminhamento,511703.8473927234,complete,,0.0,,,,
Patient_1388,Encaminha_para a Clinica Cirurgica,511703.8473927234,complete,,,para a Clinica Cirurgica,511703.8473927234,,
Patient_1388,Discharge,511703.8473927234,complete,,,,,,5074.523512394808
Patient_1389,Arrival,506788.6259528381,complete,,0.0,,,,
Patient_1389,Origem_do Pronto Socorro,506788.6259528381,complete,,,do Pronto Socorro,506788.6259528381,,
Patient_1389,CTI (PS),506788.6259528381,start,ctiBeds,0.0,,,,
Patient_1389,CTI (PS),512762.6063136725,complete,ctiBeds,0.0,,,,
Patient_1389,CTI prepara Encaminhamento,512762.6063136725,start,,0.0,,,,
Patient_1389,CTI prepara Encaminhamento,512795.97454718826,complete,,0.0,,,,
Patient_1389,Encaminha_para a Clinica Medica,512795.97454718826,complete,,,para a Clinica Medica,512795.97454718826,,
Patient_1389,Discharge,512795.97454718826,complete,,,,,,6007.348594350158
Patient_139,Arrival,39607.494877536476,complete,,0.0,,,,
Patient_139,Origem_da Clinica Cirurgica,39607.494877536476,complete,,,da Clinica Cirurgica,39607.494877536476,,
Patient_139,CTI (CLIC),39607.494877536476,start,ctiBeds,0.0,,,,
Patient_139,CTI (CLIC),44264.116823804805,complete,ctiBeds,0.0,,,,
Patient_139,CTI prepara Encaminhamento,44264.116823804805,start,,0.0,,,,
Patient_139,CTI prepara Encaminhamento,44294.8688411978,complete,,0.0,,,,
Patient_139,Encaminha_Transferencia Externa,44294.8688411978,complete,,,Transferencia Externa,44294.8688411978,,
Patient_139,Discharge,44294.8688411978,complete,,,,,,4687.3739636613245
Patient_1390,Arrival,506848.90679780237,complete,,0.0,,,,
Patient_1390,Origem_do Pronto Socorro,506848.90679780237,complete,,,do Pronto Socorro,506848.90679780237,,
Patient_1390,CTI (PS),506848.90679780237,start,ctiBeds,0.0,,,,
Patient_1390,CTI (PS),514288.71294417756,complete,ctiBeds,0.0,,,,
Patient_1390,CTI prepara Encaminhamento,514288.71294417756,start,,0.0,,,,
Patient_1390,CTI prepara Encaminhamento,514337.06037902966,complete,,0.0,,,,
Patient_1390,Encaminha_Obito,514337.06037902966,complete,,,Obito,514337.06037902966,,
Patient_1390,Discharge,514337.06037902966,complete,,,,,,7488.153581227292
Patient_1391,Arrival,507188.64172955905,complete,,0.0,,,,
Patient_1391,Origem_do Centro Cirurgico,507188.64172955905,complete,,,do Centro Cirurgico,507188.64172955905,,
Patient_1391,CTI (CC),507188.64172955905,start,ctiBeds,0.0,,,,
Patient_1391,CTI (CC),508986.7164436141,complete,ctiBeds,0.0,,,,
Patient_1391,CTI prepara Encaminhamento,508986.7164436141,start,,0.0,,,,
Patient_1391,CTI prepara Encaminhamento,509044.8011215389,complete,,0.0,,,,
Patient_1391,Encaminha_para a Clinica Cirurgica,509044.8011215389,complete,,,para a Clinica Cirurgica,509044.8011215389,,
Patient_1391,Discharge,509044.8011215389,complete,,,,,,1856.1593919798615
Patient_1392,Arrival,507445.94894717494,complete,,0.0,,,,
Patient_1392,Origem_do Pronto Socorro,507445.94894717494,complete,,,do Pronto Socorro,507445.94894717494,,
Patient_1392,CTI (PS),507445.94894717494,start,ctiBeds,0.0,,,,
Patient_1393,Arrival,507503.3709059597,complete,,0.0,,,,
Patient_1393,Origem_do Centro Cirurgico,507503.3709059597,complete,,,do Centro Cirurgico,507503.3709059597,,
Patient_1393,CTI (CC),507503.3709059597,start,ctiBeds,0.0,,,,
Patient_1394,Arrival,507572.42574949237,complete,,0.0,,,,
Patient_1394,Origem_da Clinica Cirurgica,507572.42574949237,complete,,,da Clinica Cirurgica,507572.42574949237,,
Patient_1394,CTI (CLIC),507572.42574949237,start,ctiBeds,0.0,,,,
Patient_1394,CTI (CLIC),514487.8037158804,complete,ctiBeds,0.0,,,,
Patient_1394,CTI prepara Encaminhamento,514487.8037158804,start,,0.0,,,,
Patient_1394,CTI prepara Encaminhamento,514528.13225942204,complete,,0.0,,,,
Patient_1394,Encaminha_Obito,514528.13225942204,complete,,,Obito,514528.13225942204,,
Patient_1394,Discharge,514528.13225942204,complete,,,,,,6955.706509929674
Patient_1395,Arrival,507701.07107146864,complete,,0.0,,,,
Patient_1395,Origem_da Clinica Medica,507701.07107146864,complete,,,da Clinica Medica,507701.07107146864,,
Patient_1395,CTI (CLIM),507701.07107146864,start,ctiBeds,0.0,,,,
Patient_1395,CTI (CLIM),519155.8008050149,complete,ctiBeds,0.0,,,,
Patient_1395,CTI prepara Encaminhamento,519155.8008050149,start,,0.0,,,,
Patient_1395,CTI prepara Encaminhamento,519192.7230403146,complete,,0.0,,,,
Patient_1395,Encaminha_Obito,519192.7230403146,complete,,,Obito,519192.7230403146,,
Patient_1395,Discharge,519192.7230403146,complete,,,,,,11491.651968845981
Patient_1396,Arrival,508239.6455705326,complete,,0.0,,,,
Patient_1396,Origem_do Pronto Socorro,508239.6455705326,complete,,,do Pronto Socorro,508239.6455705326,,
Patient_1396,CTI (PS),508239.6455705326,start,ctiBeds,0.0,,,,
Patient_1396,CTI (PS),508886.359667287,complete,ctiBeds,0.0,,,,
Patient_1396,CTI prepara Encaminhamento,508886.359667287,start,,0.0,,,,
Patient_1396,CTI prepara Encaminhamento,508940.1716083814,complete,,0.0,,,,
Patient_1396,Encaminha_para a Clinica Cirurgica,508940.1716083814,complete,,,para a Clinica Cirurgica,508940.1716083814,,
Patient_1396,Discharge,508940.1716083814,complete,,,,,,700.5260378487874
Patient_1397,Arrival,508320.65590862907,complete,,0.0,,,,
Patient_1397,Origem_do Pronto Socorro,508320.65590862907,complete,,,do Pronto Socorro,508320.65590862907,,
Patient_1397,CTI (PS),508320.65590862907,start,ctiBeds,0.0,,,,
Patient_1397,CTI (PS),510694.50519957236,complete,ctiBeds,0.0,,,,
Patient_1397,CTI prepara Encaminhamento,510694.50519957236,start,,0.0,,,,
Patient_1397,CTI prepara Encaminhamento,510735.52087184036,complete,,0.0,,,,
Patient_1397,Encaminha_Obito,510735.52087184036,complete,,,Obito,510735.52087184036,,
Patient_1397,Discharge,510735.52087184036,complete,,,,,,2414.864963211294
Patient_1398,Arrival,508381.6287873542,complete,,0.0,,,,
Patient_1398,Origem_do Centro Cirurgico,508381.6287873542,complete,,,do Centro Cirurgico,508381.6287873542,,
Patient_1398,CTI (CC),508381.6287873542,start,ctiBeds,0.0,,,,
Patient_1398,CTI (CC),508569.314684244,complete,ctiBeds,0.0,,,,
Patient_1398,CTI prepara Encaminhamento,508569.314684244,start,,0.0,,,,
Patient_1398,CTI prepara Encaminhamento,508602.5471300253,complete,,0.0,,,,
Patient_1398,Encaminha_para a Clinica Cirurgica,508602.5471300253,complete,,,para a Clinica Cirurgica,508602.5471300253,,
Patient_1398,Discharge,508602.5471300253,complete,,,,,,220.91834267106606
Patient_1399,Arrival,508635.64423279196,complete,,0.0,,,,
Patient_1399,Origem_do Centro Cirurgico,508635.64423279196,complete,,,do Centro Cirurgico,508635.64423279196,,
Patient_1399,CTI (CC),508635.64423279196,start,ctiBeds,0.0,,,,
Patient_1399,CTI (CC),513252.9006421351,complete,ctiBeds,0.0,,,,
Patient_1399,CTI prepara Encaminhamento,513252.9006421351,start,,0.0,,,,
Patient_1399,CTI prepara Encaminhamento,513299.2375999996,complete,,0.0,,,,
Patient_1399,Encaminha_Obito,513299.2375999996,complete,,,Obito,513299.2375999996,,
Patient_1399,Discharge,513299.2375999996,complete,,,,,,4663.593367207621
Patient_14,Arrival,4357.951025256185,complete,,0.0,,,,
Patient_14,Origem_do Centro Cirurgico,4357.951025256185,complete,,,do Centro Cirurgico,4357.951025256185,,
Patient_14,CTI (CC),4357.951025256185,start,ctiBeds,0.0,,,,
Patient_14,CTI (CC),7682.785847475319,complete,ctiBeds,0.0,,,,
Patient_14,CTI prepara Encaminhamento,7682.785847475319,start,,0.0,,,,
Patient_14,CTI prepara Encaminhamento,7724.517560540602,complete,,0.0,,,,
Patient_14,Encaminha_para a Clinica Cirurgica,7724.517560540602,complete,,,para a Clinica Cirurgica,7724.517560540602,,
Patient_14,Discharge,7724.517560540602,complete,,,,,,3366.566535284417
Patient_140,Arrival,39624.30812084326,complete,,0.0,,,,
Patient_140,Origem_do Centro Cirurgico,39624.30812084326,complete,,,do Centro Cirurgico,39624.30812084326,,
Patient_140,CTI (CC),39624.30812084326,start,ctiBeds,0.0,,,,
Patient_140,CTI (CC),40459.630847504865,complete,ctiBeds,0.0,,,,
Patient_140,CTI prepara Encaminhamento,40459.630847504865,start,,0.0,,,,
Patient_140,CTI prepara Encaminhamento,40503.67558109695,complete,,0.0,,,,
Patient_140,Encaminha_para a Clinica Medica,40503.67558109695,complete,,,para a Clinica Medica,40503.67558109695,,
Patient_140,Discharge,40503.67558109695,complete,,,,,,879.3674602536848
Patient_1400,Arrival,508756.1340670821,complete,,0.0,,,,
Patient_1400,Origem_do Centro Cirurgico,508756.1340670821,complete,,,do Centro Cirurgico,508756.1340670821,,
Patient_1400,CTI (CC),508756.1340670821,start,ctiBeds,0.0,,,,
Patient_1400,CTI (CC),509726.6793298572,complete,ctiBeds,0.0,,,,
Patient_1400,CTI prepara Encaminhamento,509726.6793298572,start,,0.0,,,,
Patient_1400,CTI prepara Encaminhamento,509756.79320413695,complete,,0.0,,,,
Patient_1400,Encaminha_para a Clinica Cirurgica,509756.79320413695,complete,,,para a Clinica Cirurgica,509756.79320413695,,
Patient_1400,Discharge,509756.79320413695,complete,,,,,,1000.6591370548704
Patient_1401,Arrival,508971.63880899537,complete,,0.0,,,,
Patient_1401,Origem_do Pronto Socorro,508971.63880899537,complete,,,do Pronto Socorro,508971.63880899537,,
Patient_1401,CTI (PS),508971.63880899537,start,ctiBeds,0.0,,,,
Patient_1401,CTI (PS),521280.3053217695,complete,ctiBeds,0.0,,,,
Patient_1401,CTI prepara Encaminhamento,521280.3053217695,start,,0.0,,,,
Patient_1401,CTI prepara Encaminhamento,521340.208902792,complete,,0.0,,,,
Patient_1401,Encaminha_Obito,521340.208902792,complete,,,Obito,521340.208902792,,
Patient_1401,Discharge,521340.208902792,complete,,,,,,12368.570093796647
Patient_1402,Arrival,509537.8822650508,complete,,0.0,,,,
Patient_1402,Origem_do Pronto Socorro,509537.8822650508,complete,,,do Pronto Socorro,509537.8822650508,,
Patient_1402,CTI (PS),509537.8822650508,start,ctiBeds,0.0,,,,
Patient_1402,CTI (PS),515704.2989952844,complete,ctiBeds,0.0,,,,
Patient_1402,CTI prepara Encaminhamento,515704.2989952844,start,,0.0,,,,
Patient_1402,CTI prepara Encaminhamento,515742.5693411962,complete,,0.0,,,,
Patient_1402,Encaminha_para a Clinica Medica,515742.5693411962,complete,,,para a Clinica Medica,515742.5693411962,,
Patient_1402,Discharge,515742.5693411962,complete,,,,,,6204.687076145434
Patient_1403,Arrival,509986.61877931864,complete,,0.0,,,,
Patient_1403,Origem_do Pronto Socorro,509986.61877931864,complete,,,do Pronto Socorro,509986.61877931864,,
Patient_1403,CTI (PS),509986.61877931864,start,ctiBeds,0.0,,,,
Patient_1404,Arrival,510287.4761641457,complete,,0.0,,,,
Patient_1404,Origem_do Pronto Socorro,510287.4761641457,complete,,,do Pronto Socorro,510287.4761641457,,
Patient_1404,CTI (PS),510287.4761641457,start,ctiBeds,0.0,,,,
Patient_1404,CTI (PS),515720.6467043834,complete,ctiBeds,0.0,,,,
Patient_1404,CTI prepara Encaminhamento,515720.6467043834,start,,0.0,,,,
Patient_1404,CTI prepara Encaminhamento,515752.87528303446,complete,,0.0,,,,
Patient_1404,Encaminha_para a Clinica Cirurgica,515752.87528303446,complete,,,para a Clinica Cirurgica,515752.87528303446,,
Patient_1404,Discharge,515752.87528303446,complete,,,,,,5465.399118888774
Patient_1405,Arrival,510315.95428171544,complete,,0.0,,,,
Patient_1405,Origem_da Clinica Cirurgica,510315.95428171544,complete,,,da Clinica Cirurgica,510315.95428171544,,
Patient_1405,CTI (CLIC),510315.95428171544,start,ctiBeds,0.0,,,,
Patient_1405,CTI (CLIC),522446.44778053276,complete,ctiBeds,0.0,,,,
Patient_1405,CTI prepara Encaminhamento,522446.44778053276,start,,0.0,,,,
Patient_1405,CTI prepara Encaminhamento,522497.10896944406,complete,,0.0,,,,
Patient_1405,Encaminha_Obito,522497.10896944406,complete,,,Obito,522497.10896944406,,
Patient_1405,Discharge,522497.10896944406,complete,,,,,,12181.154687728616
Patient_1406,Arrival,510865.4740061183,complete,,0.0,,,,
Patient_1406,Origem_do Centro Cirurgico,510865.4740061183,complete,,,do Centro Cirurgico,510865.4740061183,,
Patient_1406,CTI (CC),510865.4740061183,start,ctiBeds,0.0,,,,
Patient_1406,CTI (CC),516772.5812904555,complete,ctiBeds,0.0,,,,
Patient_1406,CTI prepara Encaminhamento,516772.5812904555,start,,0.0,,,,
Patient_1406,CTI prepara Encaminhamento,516804.91450416704,complete,,0.0,,,,
Patient_1406,Encaminha_para a Clinica Cirurgica,516804.91450416704,complete,,,para a Clinica Cirurgica,516804.91450416704,,
Patient_1406,Discharge,516804.91450416704,complete,,,,,,5939.440498048731
Patient_1407,Arrival,510925.7115267166,complete,,0.0,,,,
Patient_1407,Origem_do Pronto Socorro,510925.7115267166,complete,,,do Pronto Socorro,510925.7115267166,,
Patient_1407,CTI (PS),510925.7115267166,start,ctiBeds,0.0,,,,
Patient_1407,CTI (PS),520391.0382520858,complete,ctiBeds,0.0,,,,
Patient_1407,CTI prepara Encaminhamento,520391.0382520858,start,,0.0,,,,
Patient_1407,CTI prepara Encaminhamento,520442.80775338045,complete,,0.0,,,,
Patient_1407,Encaminha_para a Clinica Medica,520442.80775338045,complete,,,para a Clinica Medica,520442.80775338045,,
Patient_1407,Discharge,520442.80775338045,complete,,,,,,9517.096226663853
Patient_1408,Arrival,512054.2168279064,complete,,0.0,,,,
Patient_1408,Origem_do Pronto Socorro,512054.2168279064,complete,,,do Pronto Socorro,512054.2168279064,,
Patient_1408,CTI (PS),512054.2168279064,start,ctiBeds,0.0,,,,
Patient_1409,Arrival,512123.27709376556,complete,,0.0,,,,
Patient_1409,Origem_do Pronto Socorro,512123.27709376556,complete,,,do Pronto Socorro,512123.27709376556,,
Patient_1409,CTI (PS),512123.27709376556,start,ctiBeds,0.0,,,,
Patient_1409,CTI (PS),516380.51334585395,complete,ctiBeds,0.0,,,,
Patient_1409,CTI prepara Encaminhamento,516380.51334585395,start,,0.0,,,,
Patient_1409,CTI prepara Encaminhamento,516431.41913663794,complete,,0.0,,,,
Patient_1409,Encaminha_Obito,516431.41913663794,complete,,,Obito,516431.41913663794,,
Patient_1409,Discharge,516431.41913663794,complete,,,,,,4308.1420428723795
Patient_141,Arrival,39909.56678395991,complete,,0.0,,,,
Patient_141,Origem_do Centro Cirurgico,39909.56678395991,complete,,,do Centro Cirurgico,39909.56678395991,,
Patient_141,CTI (CC),39909.56678395991,start,ctiBeds,0.0,,,,
Patient_141,CTI (CC),55449.3118896829,complete,ctiBeds,0.0,,,,
Patient_141,CTI prepara Encaminhamento,55449.3118896829,start,,0.0,,,,
Patient_141,CTI prepara Encaminhamento,55492.728143179826,complete,,0.0,,,,
Patient_141,Encaminha_para a Clinica Cirurgica,55492.728143179826,complete,,,para a Clinica Cirurgica,55492.728143179826,,
Patient_141,Discharge,55492.728143179826,complete,,,,,,15583.161359219914
Patient_1410,Arrival,512655.65216057986,complete,,0.0,,,,
Patient_1410,Origem_da Clinica Cirurgica,512655.65216057986,complete,,,da Clinica Cirurgica,512655.65216057986,,
Patient_1410,CTI (CLIC),512655.65216057986,start,ctiBeds,0.0,,,,
Patient_1410,CTI (CLIC),515059.87617445755,complete,ctiBeds,0.0,,,,
Patient_1410,CTI prepara Encaminhamento,515059.87617445755,start,,0.0,,,,
Patient_1410,CTI prepara Encaminhamento,515111.3169547106,complete,,0.0,,,,
Patient_1410,Encaminha_Obito,515111.3169547106,complete,,,Obito,515111.3169547106,,
Patient_1410,Discharge,515111.3169547106,complete,,,,,,2455.6647941307165
Patient_1411,Arrival,512706.07699567673,complete,,0.0,,,,
Patient_1411,Origem_do Pronto Socorro,512706.07699567673,complete,,,do Pronto Socorro,512706.07699567673,,
Patient_1411,CTI (PS),512706.07699567673,start,ctiBeds,0.0,,,,
Patient_1411,CTI (PS),519802.4634576397,complete,ctiBeds,0.0,,,,
Patient_1411,CTI prepara Encaminhamento,519802.4634576397,start,,0.0,,,,
Patient_1411,CTI prepara Encaminhamento,519845.9379494944,complete,,0.0,,,,
Patient_1411,Encaminha_para a Clinica Medica,519845.9379494944,complete,,,para a Clinica Medica,519845.9379494944,,
Patient_1411,Discharge,519845.9379494944,complete,,,,,,7139.860953817668
Patient_1412,Arrival,514041.7959901387,complete,,0.0,,,,
Patient_1412,Origem_do Centro Cirurgico,514041.7959901387,complete,,,do Centro Cirurgico,514041.7959901387,,
Patient_1412,CTI (CC),514041.7959901387,start,ctiBeds,0.0,,,,
Patient_1412,CTI (CC),514329.5725446573,complete,ctiBeds,0.0,,,,
Patient_1412,CTI prepara Encaminhamento,514329.5725446573,start,,0.0,,,,
Patient_1412,CTI prepara Encaminhamento,514385.4236621947,complete,,0.0,,,,
Patient_1412,Encaminha_para a Clinica Cirurgica,514385.4236621947,complete,,,para a Clinica Cirurgica,514385.4236621947,,
Patient_1412,Discharge,514385.4236621947,complete,,,,,,343.627672055969
Patient_1413,Arrival,514331.9209942955,complete,,0.0,,,,
Patient_1413,Origem_do Pronto Socorro,514331.9209942955,complete,,,do Pronto Socorro,514331.9209942955,,
Patient_1413,CTI (PS),514331.9209942955,start,ctiBeds,0.0,,,,
Patient_1413,CTI (PS),517976.7102097959,complete,ctiBeds,0.0,,,,
Patient_1413,CTI prepara Encaminhamento,517976.7102097959,start,,0.0,,,,
Patient_1413,CTI prepara Encaminhamento,518023.45611554105,complete,,0.0,,,,
Patient_1413,Encaminha_para a Clinica Medica,518023.45611554105,complete,,,para a Clinica Medica,518023.45611554105,,
Patient_1413,Discharge,518023.45611554105,complete,,,,,,3691.5351212455425
Patient_1414,Arrival,514400.0065813618,complete,,0.0,,,,
Patient_1414,Origem_do Centro Cirurgico,514400.0065813618,complete,,,do Centro Cirurgico,514400.0065813618,,
Patient_1414,CTI (CC),514400.0065813618,start,ctiBeds,0.0,,,,
Patient_1414,CTI (CC),519655.5812102241,complete,ctiBeds,0.0,,,,
Patient_1414,CTI prepara Encaminhamento,519655.5812102241,start,,0.0,,,,
Patient_1414,CTI prepara Encaminhamento,519704.7095030423,complete,,0.0,,,,
Patient_1414,Encaminha_para a Clinica Medica,519704.7095030423,complete,,,para a Clinica Medica,519704.7095030423,,
Patient_1414,Discharge,519704.7095030423,complete,,,,,,5304.702921680466
Patient_1415,Arrival,514803.1387783104,complete,,0.0,,,,
Patient_1415,Origem_do Centro Cirurgico,514803.1387783104,complete,,,do Centro Cirurgico,514803.1387783104,,
Patient_1415,CTI (CC),514803.1387783104,start,ctiBeds,0.0,,,,
Patient_1415,CTI (CC),515956.08957402245,complete,ctiBeds,0.0,,,,
Patient_1415,CTI prepara Encaminhamento,515956.08957402245,start,,0.0,,,,
Patient_1415,CTI prepara Encaminhamento,516007.4025285391,complete,,0.0,,,,
Patient_1415,Encaminha_para a Clinica Medica,516007.4025285391,complete,,,para a Clinica Medica,516007.4025285391,,
Patient_1415,Discharge,516007.4025285391,complete,,,,,,1204.2637502287398
Patient_1416,Arrival,515074.0172628224,complete,,0.0,,,,
Patient_1416,Origem_da Clinica Cirurgica,515074.0172628224,complete,,,da Clinica Cirurgica,515074.0172628224,,
Patient_1416,CTI (CLIC),515074.0172628224,start,ctiBeds,0.0,,,,
Patient_1417,Arrival,515250.45549608296,complete,,0.0,,,,
Patient_1417,Origem_do Centro Cirurgico,515250.45549608296,complete,,,do Centro Cirurgico,515250.45549608296,,
Patient_1417,CTI (CC),515250.45549608296,start,ctiBeds,0.0,,,,
Patient_1417,CTI (CC),518587.5389971893,complete,ctiBeds,0.0,,,,
Patient_1417,CTI prepara Encaminhamento,518587.5389971893,start,,0.0,,,,
Patient_1417,CTI prepara Encaminhamento,518636.1450622054,complete,,0.0,,,,
Patient_1417,Encaminha_para a Clinica Medica,518636.1450622054,complete,,,para a Clinica Medica,518636.1450622054,,
Patient_1417,Discharge,518636.1450622054,complete,,,,,,3385.689566122426
Patient_1418,Arrival,515703.7755492171,complete,,0.0,,,,
Patient_1418,Origem_do Pronto Socorro,515703.7755492171,complete,,,do Pronto Socorro,515703.7755492171,,
Patient_1418,CTI (PS),515703.7755492171,start,ctiBeds,0.0,,,,
Patient_1418,CTI (PS),516688.5893715382,complete,ctiBeds,0.0,,,,
Patient_1418,CTI prepara Encaminhamento,516688.5893715382,start,,0.0,,,,
Patient_1418,CTI prepara Encaminhamento,516746.4693057107,complete,,0.0,,,,
Patient_1418,Encaminha_para a Clinica Cirurgica,516746.4693057107,complete,,,para a Clinica Cirurgica,516746.4693057107,,
Patient_1418,Discharge,516746.4693057107,complete,,,,,,1042.6937564935652
Patient_1419,Arrival,516249.8793802351,complete,,0.0,,,,
Patient_1419,Origem_do Pronto Socorro,516249.8793802351,complete,,,do Pronto Socorro,516249.8793802351,,
Patient_1419,CTI (PS),516249.8793802351,start,ctiBeds,0.0,,,,
Patient_1419,CTI (PS),519636.88291689445,complete,ctiBeds,0.0,,,,
Patient_1419,CTI prepara Encaminhamento,519636.88291689445,start,,0.0,,,,
Patient_1419,CTI prepara Encaminhamento,519695.71283541707,complete,,0.0,,,,
Patient_1419,Encaminha_para a Clinica Medica,519695.71283541707,complete,,,para a Clinica Medica,519695.71283541707,,
Patient_1419,Discharge,519695.71283541707,complete,,,,,,3445.8334551819717
Patient_142,Arrival,40224.53756296655,complete,,0.0,,,,
Patient_142,Origem_do Pronto Socorro,40224.53756296655,complete,,,do Pronto Socorro,40224.53756296655,,
Patient_142,CTI (PS),40224.53756296655,start,ctiBeds,0.0,,,,
Patient_142,CTI (PS),51239.077029555694,complete,ctiBeds,0.0,,,,
Patient_142,CTI prepara Encaminhamento,51239.077029555694,start,,0.0,,,,
Patient_142,CTI prepara Encaminhamento,51297.57133506968,complete,,0.0,,,,
Patient_142,Encaminha_para a Clinica Medica,51297.57133506968,complete,,,para a Clinica Medica,51297.57133506968,,
Patient_142,Discharge,51297.57133506968,complete,,,,,,11073.033772103132
Patient_1420,Arrival,516267.3152825116,complete,,0.0,,,,
Patient_1420,Origem_do Pronto Socorro,516267.3152825116,complete,,,do Pronto Socorro,516267.3152825116,,
Patient_1420,CTI (PS),516267.3152825116,start,ctiBeds,0.0,,,,
Patient_1420,CTI (PS),522962.2162173252,complete,ctiBeds,0.0,,,,
Patient_1420,CTI prepara Encaminhamento,522962.2162173252,start,,0.0,,,,
Patient_1420,CTI prepara Encaminhamento,522999.529508927,complete,,0.0,,,,
Patient_1420,Encaminha_Obito,522999.529508927,complete,,,Obito,522999.529508927,,
Patient_1420,Discharge,522999.529508927,complete,,,,,,6732.214226415439
Patient_1421,Arrival,517338.1757230857,complete,,0.0,,,,
Patient_1421,Origem_do Pronto Socorro,517338.1757230857,complete,,,do Pronto Socorro,517338.1757230857,,
Patient_1421,CTI (PS),517338.1757230857,start,ctiBeds,0.0,,,,
Patient_1421,CTI (PS),520349.30692755606,complete,ctiBeds,0.0,,,,
Patient_1421,CTI prepara Encaminhamento,520349.30692755606,start,,0.0,,,,
Patient_1421,CTI prepara Encaminhamento,520407.82485914155,complete,,0.0,,,,
Patient_1421,Encaminha_para a Clinica Medica,520407.82485914155,complete,,,para a Clinica Medica,520407.82485914155,,
Patient_1421,Discharge,520407.82485914155,complete,,,,,,3069.649136055843
Patient_1422,Arrival,517999.5318930005,complete,,0.0,,,,
Patient_1422,Origem_do Centro Cirurgico,517999.5318930005,complete,,,do Centro Cirurgico,517999.5318930005,,
Patient_1422,CTI (CC),517999.5318930005,start,ctiBeds,0.0,,,,
Patient_1422,CTI (CC),518651.27045140933,complete,ctiBeds,0.0,,,,
Patient_1422,CTI prepara Encaminhamento,518651.27045140933,start,,0.0,,,,
Patient_1422,CTI prepara Encaminhamento,518704.5599039527,complete,,0.0,,,,
Patient_1422,Encaminha_para a Clinica Medica,518704.5599039527,complete,,,para a Clinica Medica,518704.5599039527,,
Patient_1422,Discharge,518704.5599039527,complete,,,,,,705.0280109522282
Patient_1423,Arrival,518000.9287575776,complete,,0.0,,,,
Patient_1423,Origem_do Pronto Socorro,518000.9287575776,complete,,,do Pronto Socorro,518000.9287575776,,
Patient_1423,CTI (PS),518000.9287575776,start,ctiBeds,0.0,,,,
Patient_1423,CTI (PS),522548.042783335,complete,ctiBeds,0.0,,,,
Patient_1423,CTI prepara Encaminhamento,522548.042783335,start,,0.0,,,,
Patient_1423,CTI prepara Encaminhamento,522580.4740171511,complete,,0.0,,,,
Patient_1423,Encaminha_Obito,522580.4740171511,complete,,,Obito,522580.4740171511,,
Patient_1423,Discharge,522580.4740171511,complete,,,,,,4579.545259573497
Patient_1424,Arrival,518347.1240756291,complete,,0.0,,,,
Patient_1424,Origem_do Pronto Socorro,518347.1240756291,complete,,,do Pronto Socorro,518347.1240756291,,
Patient_1424,CTI (PS),518347.1240756291,start,ctiBeds,0.0,,,,
Patient_1425,Arrival,518427.5902570277,complete,,0.0,,,,
Patient_1425,Origem_do Pronto Socorro,518427.5902570277,complete,,,do Pronto Socorro,518427.5902570277,,
Patient_1425,CTI (PS),518427.5902570277,start,ctiBeds,0.0,,,,
Patient_1426,Arrival,519683.5209475944,complete,,0.0,,,,
Patient_1426,Origem_do Pronto Socorro,519683.5209475944,complete,,,do Pronto Socorro,519683.5209475944,,
Patient_1426,CTI (PS),519683.5209475944,start,ctiBeds,0.0,,,,
Patient_1427,Arrival,520018.9389324216,complete,,0.0,,,,
Patient_1427,Origem_da Clinica Cirurgica,520018.9389324216,complete,,,da Clinica Cirurgica,520018.9389324216,,
Patient_1427,CTI (CLIC),520018.9389324216,start,ctiBeds,0.0,,,,
Patient_1427,CTI (CLIC),520590.84287765174,complete,ctiBeds,0.0,,,,
Patient_1427,CTI prepara Encaminhamento,520590.84287765174,start,,0.0,,,,
Patient_1427,CTI prepara Encaminhamento,520622.9375721585,complete,,0.0,,,,
Patient_1427,Encaminha_Obito,520622.9375721585,complete,,,Obito,520622.9375721585,,
Patient_1427,Discharge,520622.9375721585,complete,,,,,,603.9986397369066
Patient_1428,Arrival,520070.376281014,complete,,0.0,,,,
Patient_1428,Origem_do Pronto Socorro,520070.376281014,complete,,,do Pronto Socorro,520070.376281014,,
Patient_1428,CTI (PS),520070.376281014,start,ctiBeds,0.0,,,,
Patient_1428,CTI (PS),522364.0251699754,complete,ctiBeds,0.0,,,,
Patient_1428,CTI prepara Encaminhamento,522364.0251699754,start,,0.0,,,,
Patient_1428,CTI prepara Encaminhamento,522395.7722732263,complete,,0.0,,,,
Patient_1428,Encaminha_Transferencia Externa,522395.7722732263,complete,,,Transferencia Externa,522395.7722732263,,
Patient_1428,Discharge,522395.7722732263,complete,,,,,,2325.3959922122885
Patient_1429,Arrival,520564.99196921877,complete,,0.0,,,,
Patient_1429,Origem_do Centro Cirurgico,520564.99196921877,complete,,,do Centro Cirurgico,520564.99196921877,,
Patient_1429,CTI (CC),520564.99196921877,start,ctiBeds,0.0,,,,
Patient_143,Arrival,40778.21401432931,complete,,0.0,,,,
Patient_143,Origem_do Centro Cirurgico,40778.21401432931,complete,,,do Centro Cirurgico,40778.21401432931,,
Patient_143,CTI (CC),40778.21401432931,start,ctiBeds,0.0,,,,
Patient_143,CTI (CC),41157.21114891549,complete,ctiBeds,0.0,,,,
Patient_143,CTI prepara Encaminhamento,41157.21114891549,start,,0.0,,,,
Patient_143,CTI prepara Encaminhamento,41189.02987461412,complete,,0.0,,,,
Patient_143,Encaminha_Obito,41189.02987461412,complete,,,Obito,41189.02987461412,,
Patient_143,Discharge,41189.02987461412,complete,,,,,,410.8158602848125
Patient_1430,Arrival,520800.6498942936,complete,,0.0,,,,
Patient_1430,Origem_do Centro Cirurgico,520800.6498942936,complete,,,do Centro Cirurgico,520800.6498942936,,
Patient_1430,CTI (CC),520800.6498942936,start,ctiBeds,0.0,,,,
Patient_1430,CTI (CC),522499.1253201424,complete,ctiBeds,0.0,,,,
Patient_1430,CTI prepara Encaminhamento,522499.1253201424,start,,0.0,,,,
Patient_1430,CTI prepara Encaminhamento,522547.9172270577,complete,,0.0,,,,
Patient_1430,Encaminha_Obito,522547.9172270577,complete,,,Obito,522547.9172270577,,
Patient_1430,Discharge,522547.9172270577,complete,,,,,,1747.2673327641096
Patient_1431,Arrival,520842.82119018276,complete,,0.0,,,,
Patient_1431,Origem_do Centro Cirurgico,520842.82119018276,complete,,,do Centro Cirurgico,520842.82119018276,,
Patient_1431,CTI (CC),520842.82119018276,start,ctiBeds,0.0,,,,
Patient_1431,CTI (CC),524056.43561170634,complete,ctiBeds,0.0,,,,
Patient_1431,CTI prepara Encaminhamento,524056.43561170634,start,,0.0,,,,
Patient_1431,CTI prepara Encaminhamento,524087.3658991946,complete,,0.0,,,,
Patient_1431,Encaminha_para a Clinica Medica,524087.3658991946,complete,,,para a Clinica Medica,524087.3658991946,,
Patient_1431,Discharge,524087.3658991946,complete,,,,,,3244.544709011854
Patient_1432,Arrival,521604.63885386934,complete,,0.0,,,,
Patient_1432,Origem_do Pronto Socorro,521604.63885386934,complete,,,do Pronto Socorro,521604.63885386934,,
Patient_1432,CTI (PS),521604.63885386934,start,ctiBeds,0.0,,,,
Patient_1433,Arrival,521886.33566512534,complete,,0.0,,,,
Patient_1433,Origem_do Centro Cirurgico,521886.33566512534,complete,,,do Centro Cirurgico,521886.33566512534,,
Patient_1433,CTI (CC),521886.33566512534,start,ctiBeds,0.0,,,,
Patient_1434,Arrival,522154.0491691437,complete,,0.0,,,,
Patient_1434,Origem_da Maternidade,522154.0491691437,complete,,,da Maternidade,522154.0491691437,,
Patient_1434,CTI (MAT),522154.0491691437,start,ctiBeds,0.0,,,,
Patient_1434,CTI (MAT),525361.5411380663,complete,ctiBeds,0.0,,,,
Patient_1434,CTI prepara Encaminhamento,525361.5411380663,start,,0.0,,,,
Patient_1434,CTI prepara Encaminhamento,525407.6183809806,complete,,0.0,,,,
Patient_1434,Encaminha_para a Clinica Medica,525407.6183809806,complete,,,para a Clinica Medica,525407.6183809806,,
Patient_1434,Discharge,525407.6183809806,complete,,,,,,3253.569211836846
Patient_1435,Arrival,522411.0810530353,complete,,0.0,,,,
Patient_1435,Origem_da Clinica Medica,522411.0810530353,complete,,,da Clinica Medica,522411.0810530353,,
Patient_1435,CTI (CLIM),522411.0810530353,start,ctiBeds,0.0,,,,
Patient_1435,CTI (CLIM),522600.91168186534,complete,ctiBeds,0.0,,,,
Patient_1435,CTI prepara Encaminhamento,522600.91168186534,start,,0.0,,,,
Patient_1435,CTI prepara Encaminhamento,522652.0460313021,complete,,0.0,,,,
Patient_1435,Encaminha_para a Clinica Cirurgica,522652.0460313021,complete,,,para a Clinica Cirurgica,522652.0460313021,,
Patient_1435,Discharge,522652.0460313021,complete,,,,,,240.96497826679843
Patient_1436,Arrival,523019.88689651096,complete,,0.0,,,,
Patient_1436,Origem_da Clinica Medica,523019.88689651096,complete,,,da Clinica Medica,523019.88689651096,,
Patient_1436,CTI (CLIM),523019.88689651096,start,ctiBeds,0.0,,,,
Patient_1437,Arrival,523069.37336899136,complete,,0.0,,,,
Patient_1437,Origem_do Centro Cirurgico,523069.37336899136,complete,,,do Centro Cirurgico,523069.37336899136,,
Patient_1437,CTI (CC),523069.37336899136,start,ctiBeds,0.0,,,,
Patient_1438,Arrival,523344.25488944235,complete,,0.0,,,,
Patient_1438,Origem_do Centro Cirurgico,523344.25488944235,complete,,,do Centro Cirurgico,523344.25488944235,,
Patient_1438,CTI (CC),523344.25488944235,start,ctiBeds,0.0,,,,
Patient_1439,Arrival,523721.96191339777,complete,,0.0,,,,
Patient_1439,Origem_do Centro Cirurgico,523721.96191339777,complete,,,do Centro Cirurgico,523721.96191339777,,
Patient_1439,CTI (CC),523721.96191339777,start,ctiBeds,0.0,,,,
Patient_144,Arrival,41262.36026425503,complete,,0.0,,,,
Patient_144,Origem_do Pronto Socorro,41262.36026425503,complete,,,do Pronto Socorro,41262.36026425503,,
Patient_144,CTI (PS),41262.36026425503,start,ctiBeds,0.0,,,,
Patient_144,CTI (PS),48502.081590186026,complete,ctiBeds,0.0,,,,
Patient_144,CTI prepara Encaminhamento,48502.081590186026,start,,0.0,,,,
Patient_144,CTI prepara Encaminhamento,48532.15125807349,complete,,0.0,,,,
Patient_144,Encaminha_para a Clinica Cirurgica,48532.15125807349,complete,,,para a Clinica Cirurgica,48532.15125807349,,
Patient_144,Discharge,48532.15125807349,complete,,,,,,7269.79099381846
Patient_1440,Arrival,523726.39478434273,complete,,0.0,,,,
Patient_1440,Origem_da Clinica Medica,523726.39478434273,complete,,,da Clinica Medica,523726.39478434273,,
Patient_1440,CTI (CLIM),523726.39478434273,start,ctiBeds,0.0,,,,
Patient_1441,Arrival,523851.9116942204,complete,,0.0,,,,
Patient_1441,Origem_do Pronto Socorro,523851.9116942204,complete,,,do Pronto Socorro,523851.9116942204,,
Patient_1441,CTI (PS),523851.9116942204,start,ctiBeds,0.0,,,,
Patient_1442,Arrival,524131.88907614455,complete,,0.0,,,,
Patient_1442,Origem_do Centro Cirurgico,524131.88907614455,complete,,,do Centro Cirurgico,524131.88907614455,,
Patient_1442,CTI (CC),524131.88907614455,start,ctiBeds,0.0,,,,
Patient_145,Arrival,42221.58307804043,complete,,0.0,,,,
Patient_145,Origem_da Clinica Cirurgica,42221.58307804043,complete,,,da Clinica Cirurgica,42221.58307804043,,
Patient_145,CTI (CLIC),42221.58307804043,start,ctiBeds,0.0,,,,
Patient_145,CTI (CLIC),46473.993579717346,complete,ctiBeds,0.0,,,,
Patient_145,CTI prepara Encaminhamento,46473.993579717346,start,,0.0,,,,
Patient_145,CTI prepara Encaminhamento,46530.77275282648,complete,,0.0,,,,
Patient_145,Encaminha_para a Clinica Medica,46530.77275282648,complete,,,para a Clinica Medica,46530.77275282648,,
Patient_145,Discharge,46530.77275282648,complete,,,,,,4309.189674786052
Patient_146,Arrival,42731.49132429697,complete,,0.0,,,,
Patient_146,Origem_do Centro Cirurgico,42731.49132429697,complete,,,do Centro Cirurgico,42731.49132429697,,
Patient_146,CTI (CC),42731.49132429697,start,ctiBeds,0.0,,,,
Patient_146,CTI (CC),45068.68968881482,complete,ctiBeds,0.0,,,,
Patient_146,CTI prepara Encaminhamento,45068.68968881482,start,,0.0,,,,
Patient_146,CTI prepara Encaminhamento,45098.942609173224,complete,,0.0,,,,
Patient_146,Encaminha_para a Clinica Cirurgica,45098.942609173224,complete,,,para a Clinica Cirurgica,45098.942609173224,,
Patient_146,Discharge,45098.942609173224,complete,,,,,,2367.4512848762533
Patient_147,Arrival,42802.80295303993,complete,,0.0,,,,
Patient_147,Origem_do Centro Cirurgico,42802.80295303993,complete,,,do Centro Cirurgico,42802.80295303993,,
Patient_147,CTI (CC),42802.80295303993,start,ctiBeds,0.0,,,,
Patient_147,CTI (CC),50267.25037413062,complete,ctiBeds,0.0,,,,
Patient_147,CTI prepara Encaminhamento,50267.25037413062,start,,0.0,,,,
Patient_147,CTI prepara Encaminhamento,50300.21058129706,complete,,0.0,,,,
Patient_147,Encaminha_Obito,50300.21058129706,complete,,,Obito,50300.21058129706,,
Patient_147,Discharge,50300.21058129706,complete,,,,,,7497.407628257133
Patient_148,Arrival,42973.765378465585,complete,,0.0,,,,
Patient_148,Origem_do Pronto Socorro,42973.765378465585,complete,,,do Pronto Socorro,42973.765378465585,,
Patient_148,CTI (PS),42973.765378465585,start,ctiBeds,0.0,,,,
Patient_148,CTI (PS),62981.97959563691,complete,ctiBeds,0.0,,,,
Patient_148,CTI prepara Encaminhamento,62981.97959563691,start,,0.0,,,,
Patient_148,CTI prepara Encaminhamento,63012.49969077754,complete,,0.0,,,,
Patient_148,Encaminha_para a Clinica Cirurgica,63012.49969077754,complete,,,para a Clinica Cirurgica,63012.49969077754,,
Patient_148,Discharge,63012.49969077754,complete,,,,,,20038.734312311957
Patient_149,Arrival,43232.11714790612,complete,,0.0,,,,
Patient_149,Origem_do Centro Cirurgico,43232.11714790612,complete,,,do Centro Cirurgico,43232.11714790612,,
Patient_149,CTI (CC),43232.11714790612,start,ctiBeds,0.0,,,,
Patient_149,CTI (CC),53691.08595561975,complete,ctiBeds,0.0,,,,
Patient_149,CTI prepara Encaminhamento,53691.08595561975,start,,0.0,,,,
Patient_149,CTI prepara Encaminhamento,53749.81380301795,complete,,0.0,,,,
Patient_149,Encaminha_para a Clinica Cirurgica,53749.81380301795,complete,,,para a Clinica Cirurgica,53749.81380301795,,
Patient_149,Discharge,53749.81380301795,complete,,,,,,10517.696655111824
Patient_15,Arrival,4639.440739107101,complete,,0.0,,,,
Patient_15,Origem_da Clinica Cirurgica,4639.440739107101,complete,,,da Clinica Cirurgica,4639.440739107101,,
Patient_15,CTI (CLIC),4639.440739107101,start,ctiBeds,0.0,,,,
Patient_15,CTI (CLIC),8387.384112670927,complete,ctiBeds,0.0,,,,
Patient_15,CTI prepara Encaminhamento,8387.384112670927,start,,0.0,,,,
Patient_15,CTI prepara Encaminhamento,8419.752803491487,complete,,0.0,,,,
Patient_15,Encaminha_para a Clinica Medica,8419.752803491487,complete,,,para a Clinica Medica,8419.752803491487,,
Patient_15,Discharge,8419.752803491487,complete,,,,,,3780.312064384386
Patient_150,Arrival,43249.63936845929,complete,,0.0,,,,
Patient_150,Origem_do Pronto Socorro,43249.63936845929,complete,,,do Pronto Socorro,43249.63936845929,,
Patient_150,CTI (PS),43249.63936845929,start,ctiBeds,0.0,,,,
Patient_150,CTI (PS),44615.596238495134,complete,ctiBeds,0.0,,,,
Patient_150,CTI prepara Encaminhamento,44615.596238495134,start,,0.0,,,,
Patient_150,CTI prepara Encaminhamento,44659.70376191847,complete,,0.0,,,,
Patient_150,Encaminha_Obito,44659.70376191847,complete,,,Obito,44659.70376191847,,
Patient_150,Discharge,44659.70376191847,complete,,,,,,1410.064393459179
Patient_151,Arrival,43556.34622210175,complete,,0.0,,,,
Patient_151,Origem_do Centro Cirurgico,43556.34622210175,complete,,,do Centro Cirurgico,43556.34622210175,,
Patient_151,CTI (CC),43556.34622210175,start,ctiBeds,0.0,,,,
Patient_151,CTI (CC),73816.12502710224,complete,ctiBeds,0.0,,,,
Patient_151,CTI prepara Encaminhamento,73816.12502710224,start,,0.0,,,,
Patient_151,CTI prepara Encaminhamento,73871.19230432695,complete,,0.0,,,,
Patient_151,Encaminha_para o Centro Cirurgico,73871.19230432695,complete,,,para o Centro Cirurgico,73871.19230432695,,
Patient_151,Discharge,73871.19230432695,complete,,,,,,30314.846082225202
Patient_152,Arrival,43852.966352949676,complete,,0.0,,,,
Patient_152,Origem_do Centro Cirurgico,43852.966352949676,complete,,,do Centro Cirurgico,43852.966352949676,,
Patient_152,CTI (CC),43852.966352949676,start,ctiBeds,0.0,,,,
Patient_152,CTI (CC),45825.97465560003,complete,ctiBeds,0.0,,,,
Patient_152,CTI prepara Encaminhamento,45825.97465560003,start,,0.0,,,,
Patient_152,CTI prepara Encaminhamento,45861.260168619956,complete,,0.0,,,,
Patient_152,Encaminha_para a Clinica Medica,45861.260168619956,complete,,,para a Clinica Medica,45861.260168619956,,
Patient_152,Discharge,45861.260168619956,complete,,,,,,2008.2938156702803
Patient_153,Arrival,44303.68726927509,complete,,0.0,,,,
Patient_153,Origem_do Centro Cirurgico,44303.68726927509,complete,,,do Centro Cirurgico,44303.68726927509,,
Patient_153,CTI (CC),44303.68726927509,start,ctiBeds,0.0,,,,
Patient_153,CTI (CC),47066.10949626076,complete,ctiBeds,0.0,,,,
Patient_153,CTI prepara Encaminhamento,47066.10949626076,start,,0.0,,,,
Patient_153,CTI prepara Encaminhamento,47101.50180405487,complete,,0.0,,,,
Patient_153,Encaminha_para a Clinica Cirurgica,47101.50180405487,complete,,,para a Clinica Cirurgica,47101.50180405487,,
Patient_153,Discharge,47101.50180405487,complete,,,,,,2797.8145347797763
Patient_154,Arrival,44530.64346570701,complete,,0.0,,,,
Patient_154,Origem_do Centro Cirurgico,44530.64346570701,complete,,,do Centro Cirurgico,44530.64346570701,,
Patient_154,CTI (CC),44530.64346570701,start,ctiBeds,0.0,,,,
Patient_154,CTI (CC),47536.089374734634,complete,ctiBeds,0.0,,,,
Patient_154,CTI prepara Encaminhamento,47536.089374734634,start,,0.0,,,,
Patient_154,CTI prepara Encaminhamento,47585.60075584641,complete,,0.0,,,,
Patient_154,Encaminha_para a Clinica Cirurgica,47585.60075584641,complete,,,para a Clinica Cirurgica,47585.60075584641,,
Patient_154,Discharge,47585.60075584641,complete,,,,,,3054.9572901393985
Patient_155,Arrival,44719.70635486669,complete,,0.0,,,,
Patient_155,Origem_do Pronto Socorro,44719.70635486669,complete,,,do Pronto Socorro,44719.70635486669,,
Patient_155,CTI (PS),44719.70635486669,start,ctiBeds,0.0,,,,
Patient_155,CTI (PS),47523.90644639205,complete,ctiBeds,0.0,,,,
Patient_155,CTI prepara Encaminhamento,47523.90644639205,start,,0.0,,,,
Patient_155,CTI prepara Encaminhamento,47564.500744887846,complete,,0.0,,,,
Patient_155,Encaminha_para a Clinica Medica,47564.500744887846,complete,,,para a Clinica Medica,47564.500744887846,,
Patient_155,Discharge,47564.500744887846,complete,,,,,,2844.794390021154
Patient_156,Arrival,45376.379175847476,complete,,0.0,,,,
Patient_156,Origem_do Centro Cirurgico,45376.379175847476,complete,,,do Centro Cirurgico,45376.379175847476,,
Patient_156,CTI (CC),45376.379175847476,start,ctiBeds,0.0,,,,
Patient_156,CTI (CC),47460.28692037681,complete,ctiBeds,0.0,,,,
Patient_156,CTI prepara Encaminhamento,47460.28692037681,start,,0.0,,,,
Patient_156,CTI prepara Encaminhamento,47496.05081260678,complete,,0.0,,,,
Patient_156,Encaminha_para a Clinica Cirurgica,47496.05081260678,complete,,,para a Clinica Cirurgica,47496.05081260678,,
Patient_156,Discharge,47496.05081260678,complete,,,,,,2119.6716367593035
Patient_157,Arrival,45875.587660577316,complete,,0.0,,,,
Patient_157,Origem_do Centro Cirurgico,45875.587660577316,complete,,,do Centro Cirurgico,45875.587660577316,,
Patient_157,CTI (CC),45875.587660577316,start,ctiBeds,0.0,,,,
Patient_157,CTI (CC),49314.93476403802,complete,ctiBeds,0.0,,,,
Patient_157,CTI prepara Encaminhamento,49314.93476403802,start,,0.0,,,,
Patient_157,CTI prepara Encaminhamento,49359.81828722646,complete,,0.0,,,,
Patient_157,Encaminha_para a Clinica Cirurgica,49359.81828722646,complete,,,para a Clinica Cirurgica,49359.81828722646,,
Patient_157,Discharge,49359.81828722646,complete,,,,,,3484.2306266491432
Patient_158,Arrival,46714.1244258417,complete,,0.0,,,,
Patient_158,Origem_da Clinica Medica,46714.1244258417,complete,,,da Clinica Medica,46714.1244258417,,
Patient_158,CTI (CLIM),46714.1244258417,start,ctiBeds,0.0,,,,
Patient_158,CTI (CLIM),59299.17306928934,complete,ctiBeds,0.0,,,,
Patient_158,CTI prepara Encaminhamento,59299.17306928934,start,,0.0,,,,
Patient_158,CTI prepara Encaminhamento,59357.81693058225,complete,,0.0,,,,
Patient_158,Encaminha_para a Clinica Medica,59357.81693058225,complete,,,para a Clinica Medica,59357.81693058225,,
Patient_158,Discharge,59357.81693058225,complete,,,,,,12643.692504740553
Patient_159,Arrival,47405.00006157112,complete,,0.0,,,,
Patient_159,Origem_do Centro Cirurgico,47405.00006157112,complete,,,do Centro Cirurgico,47405.00006157112,,
Patient_159,CTI (CC),47405.00006157112,start,ctiBeds,0.0,,,,
Patient_159,CTI (CC),47660.0676669695,complete,ctiBeds,0.0,,,,
Patient_159,CTI prepara Encaminhamento,47660.0676669695,start,,0.0,,,,
Patient_159,CTI prepara Encaminhamento,47701.17881038813,complete,,0.0,,,,
Patient_159,Encaminha_para o Centro Cirurgico,47701.17881038813,complete,,,para o Centro Cirurgico,47701.17881038813,,
Patient_159,Discharge,47701.17881038813,complete,,,,,,296.17874881701573
Patient_16,Arrival,4830.1022592132795,complete,,0.0,,,,
Patient_16,Origem_do Pronto Socorro,4830.1022592132795,complete,,,do Pronto Socorro,4830.1022592132795,,
Patient_16,CTI (PS),4830.1022592132795,start,ctiBeds,0.0,,,,
Patient_16,CTI (PS),24510.232247449887,complete,ctiBeds,0.0,,,,
Patient_16,CTI prepara Encaminhamento,24510.232247449887,start,,0.0,,,,
Patient_16,CTI prepara Encaminhamento,24563.543177545973,complete,,0.0,,,,
Patient_16,Encaminha_para a Clinica Cirurgica,24563.543177545973,complete,,,para a Clinica Cirurgica,24563.543177545973,,
Patient_16,Discharge,24563.543177545973,complete,,,,,,19733.440918332693
Patient_160,Arrival,48121.55557944108,complete,,0.0,,,,
Patient_160,Origem_da Clinica Cirurgica,48121.55557944108,complete,,,da Clinica Cirurgica,48121.55557944108,,
Patient_160,CTI (CLIC),48121.55557944108,start,ctiBeds,0.0,,,,
Patient_160,CTI (CLIC),70879.03029320031,complete,ctiBeds,0.0,,,,
Patient_160,CTI prepara Encaminhamento,70879.03029320031,start,,0.0,,,,
Patient_160,CTI prepara Encaminhamento,70919.07329179498,complete,,0.0,,,,
Patient_160,Encaminha_para a Clinica Cirurgica,70919.07329179498,complete,,,para a Clinica Cirurgica,70919.07329179498,,
Patient_160,Discharge,70919.07329179498,complete,,,,,,22797.517712353896
Patient_161,Arrival,48390.39704767784,complete,,0.0,,,,
Patient_161,Origem_da Clinica Medica,48390.39704767784,complete,,,da Clinica Medica,48390.39704767784,,
Patient_161,CTI (CLIM),48390.39704767784,start,ctiBeds,0.0,,,,
Patient_161,CTI (CLIM),65048.250678002034,complete,ctiBeds,0.0,,,,
Patient_161,CTI prepara Encaminhamento,65048.250678002034,start,,0.0,,,,
Patient_161,CTI prepara Encaminhamento,65081.494514497914,complete,,0.0,,,,
Patient_161,Encaminha_Obito,65081.494514497914,complete,,,Obito,65081.494514497914,,
Patient_161,Discharge,65081.494514497914,complete,,,,,,16691.097466820072
Patient_162,Arrival,48879.41109798729,complete,,0.0,,,,
Patient_162,Origem_do Centro Cirurgico,48879.41109798729,complete,,,do Centro Cirurgico,48879.41109798729,,
Patient_162,CTI (CC),48879.41109798729,start,ctiBeds,0.0,,,,
Patient_162,CTI (CC),103336.64066631235,complete,ctiBeds,0.0,,,,
Patient_162,CTI prepara Encaminhamento,103336.64066631235,start,,0.0,,,,
Patient_162,CTI prepara Encaminhamento,103391.6903224503,complete,,0.0,,,,
Patient_162,Encaminha_Obito,103391.6903224503,complete,,,Obito,103391.6903224503,,
Patient_162,Discharge,103391.6903224503,complete,,,,,,54512.27922446301
Patient_163,Arrival,48931.652208382475,complete,,0.0,,,,
Patient_163,Origem_do Pronto Socorro,48931.652208382475,complete,,,do Pronto Socorro,48931.652208382475,,
Patient_163,CTI (PS),48931.652208382475,start,ctiBeds,0.0,,,,
Patient_163,CTI (PS),54320.41537774807,complete,ctiBeds,0.0,,,,
Patient_163,CTI prepara Encaminhamento,54320.41537774807,start,,0.0,,,,
Patient_163,CTI prepara Encaminhamento,54365.18901898415,complete,,0.0,,,,
Patient_163,Encaminha_para a Clinica Cirurgica,54365.18901898415,complete,,,para a Clinica Cirurgica,54365.18901898415,,
Patient_163,Discharge,54365.18901898415,complete,,,,,,5433.536810601676
Patient_164,Arrival,49088.24656566992,complete,,0.0,,,,
Patient_164,Origem_do Pronto Socorro,49088.24656566992,complete,,,do Pronto Socorro,49088.24656566992,,
Patient_164,CTI (PS),49088.24656566992,start,ctiBeds,0.0,,,,
Patient_164,CTI (PS),51291.77401031989,complete,ctiBeds,0.0,,,,
Patient_164,CTI prepara Encaminhamento,51291.77401031989,start,,0.0,,,,
Patient_164,CTI prepara Encaminhamento,51341.36784588304,complete,,0.0,,,,
Patient_164,Encaminha_para a Clinica Cirurgica,51341.36784588304,complete,,,para a Clinica Cirurgica,51341.36784588304,,
Patient_164,Discharge,51341.36784588304,complete,,,,,,2253.1212802131195
Patient_165,Arrival,50177.91305880799,complete,,0.0,,,,
Patient_165,Origem_do Pronto Socorro,50177.91305880799,complete,,,do Pronto Socorro,50177.91305880799,,
Patient_165,CTI (PS),50177.91305880799,start,ctiBeds,0.0,,,,
Patient_165,CTI (PS),69401.80354165983,complete,ctiBeds,0.0,,,,
Patient_165,CTI prepara Encaminhamento,69401.80354165983,start,,0.0,,,,
Patient_165,CTI prepara Encaminhamento,69434.87217425692,complete,,0.0,,,,
Patient_165,Encaminha_para a Clinica Medica,69434.87217425692,complete,,,para a Clinica Medica,69434.87217425692,,
Patient_165,Discharge,69434.87217425692,complete,,,,,,19256.959115448924
Patient_166,Arrival,50748.09349463615,complete,,0.0,,,,
Patient_166,Origem_do Pronto Socorro,50748.09349463615,complete,,,do Pronto Socorro,50748.09349463615,,
Patient_166,CTI (PS),50748.09349463615,start,ctiBeds,0.0,,,,
Patient_166,CTI (PS),55278.53345906761,complete,ctiBeds,0.0,,,,
Patient_166,CTI prepara Encaminhamento,55278.53345906761,start,,0.0,,,,
Patient_166,CTI prepara Encaminhamento,55329.79799114269,complete,,0.0,,,,
Patient_166,Encaminha_para a Clinica Cirurgica,55329.79799114269,complete,,,para a Clinica Cirurgica,55329.79799114269,,
Patient_166,Discharge,55329.79799114269,complete,,,,,,4581.704496506536
Patient_167,Arrival,52382.96675730856,complete,,0.0,,,,
Patient_167,Origem_da Clinica Cirurgica,52382.96675730856,complete,,,da Clinica Cirurgica,52382.96675730856,,
Patient_167,CTI (CLIC),52382.96675730856,start,ctiBeds,0.0,,,,
Patient_167,CTI (CLIC),66751.50286461908,complete,ctiBeds,0.0,,,,
Patient_167,CTI prepara Encaminhamento,66751.50286461908,start,,0.0,,,,
Patient_167,CTI prepara Encaminhamento,66786.59144112583,complete,,0.0,,,,
Patient_167,Encaminha_para a Clinica Medica,66786.59144112583,complete,,,para a Clinica Medica,66786.59144112583,,
Patient_167,Discharge,66786.59144112583,complete,,,,,,14403.624683817266
Patient_168,Arrival,52525.22850625958,complete,,0.0,,,,
Patient_168,Origem_da Clinica Medica,52525.22850625958,complete,,,da Clinica Medica,52525.22850625958,,
Patient_168,CTI (CLIM),52525.22850625958,start,ctiBeds,0.0,,,,
Patient_168,CTI (CLIM),55173.90651207015,complete,ctiBeds,0.0,,,,
Patient_168,CTI prepara Encaminhamento,55173.90651207015,start,,0.0,,,,
Patient_168,CTI prepara Encaminhamento,55227.77508695938,complete,,0.0,,,,
Patient_168,Encaminha_para a Clinica Cirurgica,55227.77508695938,complete,,,para a Clinica Cirurgica,55227.77508695938,,
Patient_168,Discharge,55227.77508695938,complete,,,,,,2702.5465806998036
Patient_169,Arrival,52582.129862306705,complete,,0.0,,,,
Patient_169,Origem_do Centro Cirurgico,52582.129862306705,complete,,,do Centro Cirurgico,52582.129862306705,,
Patient_169,CTI (CC),52582.129862306705,start,ctiBeds,0.0,,,,
Patient_169,CTI (CC),61820.07885752036,complete,ctiBeds,0.0,,,,
Patient_169,CTI prepara Encaminhamento,61820.07885752036,start,,0.0,,,,
Patient_169,CTI prepara Encaminhamento,61864.94669279071,complete,,0.0,,,,
Patient_169,Encaminha_Obito,61864.94669279071,complete,,,Obito,61864.94669279071,,
Patient_169,Discharge,61864.94669279071,complete,,,,,,9282.816830484007
Patient_17,Arrival,4983.849957683406,complete,,0.0,,,,
Patient_17,Origem_do Centro Cirurgico,4983.849957683406,complete,,,do Centro Cirurgico,4983.849957683406,,
Patient_17,CTI (CC),4983.849957683406,start,ctiBeds,0.0,,,,
Patient_17,CTI (CC),6595.432888111056,complete,ctiBeds,0.0,,,,
Patient_17,CTI prepara Encaminhamento,6595.432888111056,start,,0.0,,,,
Patient_17,CTI prepara Encaminhamento,6651.392318550759,complete,,0.0,,,,
Patient_17,Encaminha_para a Clinica Cirurgica,6651.392318550759,complete,,,para a Clinica Cirurgica,6651.392318550759,,
Patient_17,Discharge,6651.392318550759,complete,,,,,,1667.5423608673536
Patient_170,Arrival,52715.33162130555,complete,,0.0,,,,
Patient_170,Origem_do Centro Cirurgico,52715.33162130555,complete,,,do Centro Cirurgico,52715.33162130555,,
Patient_170,CTI (CC),52715.33162130555,start,ctiBeds,0.0,,,,
Patient_170,CTI (CC),54642.04360349899,complete,ctiBeds,0.0,,,,
Patient_170,CTI prepara Encaminhamento,54642.04360349899,start,,0.0,,,,
Patient_170,CTI prepara Encaminhamento,54682.540070399504,complete,,0.0,,,,
Patient_170,Encaminha_para a Clinica Cirurgica,54682.540070399504,complete,,,para a Clinica Cirurgica,54682.540070399504,,
Patient_170,Discharge,54682.540070399504,complete,,,,,,1967.2084490939524
Patient_171,Arrival,53296.05643168087,complete,,0.0,,,,
Patient_171,Origem_do Pronto Socorro,53296.05643168087,complete,,,do Pronto Socorro,53296.05643168087,,
Patient_171,CTI (PS),53296.05643168087,start,ctiBeds,0.0,,,,
Patient_171,CTI (PS),54152.89930644996,complete,ctiBeds,0.0,,,,
Patient_171,CTI prepara Encaminhamento,54152.89930644996,start,,0.0,,,,
Patient_171,CTI prepara Encaminhamento,54192.99305892015,complete,,0.0,,,,
Patient_171,Encaminha_para a Clinica Medica,54192.99305892015,complete,,,para a Clinica Medica,54192.99305892015,,
Patient_171,Discharge,54192.99305892015,complete,,,,,,896.9366272392799
Patient_172,Arrival,53308.20529868165,complete,,0.0,,,,
Patient_172,Origem_do Pronto Socorro,53308.20529868165,complete,,,do Pronto Socorro,53308.20529868165,,
Patient_172,CTI (PS),53308.20529868165,start,ctiBeds,0.0,,,,
Patient_172,CTI (PS),76656.35663187166,complete,ctiBeds,0.0,,,,
Patient_172,CTI prepara Encaminhamento,76656.35663187166,start,,0.0,,,,
Patient_172,CTI prepara Encaminhamento,76714.02286864909,complete,,0.0,,,,
Patient_172,Encaminha_para a Clinica Cirurgica,76714.02286864909,complete,,,para a Clinica Cirurgica,76714.02286864909,,
Patient_172,Discharge,76714.02286864909,complete,,,,,,23405.81756996744
Patient_173,Arrival,53552.699953140655,complete,,0.0,,,,
Patient_173,Origem_do Pronto Socorro,53552.699953140655,complete,,,do Pronto Socorro,53552.699953140655,,
Patient_173,CTI (PS),53552.699953140655,start,ctiBeds,0.0,,,,
Patient_173,CTI (PS),53933.09089266632,complete,ctiBeds,0.0,,,,
Patient_173,CTI prepara Encaminhamento,53933.09089266632,start,,0.0,,,,
Patient_173,CTI prepara Encaminhamento,53989.28459379554,complete,,0.0,,,,
Patient_173,Encaminha_para a Clinica Medica,53989.28459379554,complete,,,para a Clinica Medica,53989.28459379554,,
Patient_173,Discharge,53989.28459379554,complete,,,,,,436.58464065488806
Patient_174,Arrival,53558.2379669454,complete,,0.0,,,,
Patient_174,Origem_do Pronto Socorro,53558.2379669454,complete,,,do Pronto Socorro,53558.2379669454,,
Patient_174,CTI (PS),53558.2379669454,start,ctiBeds,0.0,,,,
Patient_174,CTI (PS),77155.06763267785,complete,ctiBeds,0.0,,,,
Patient_174,CTI prepara Encaminhamento,77155.06763267785,start,,0.0,,,,
Patient_174,CTI prepara Encaminhamento,77199.24939283943,complete,,0.0,,,,
Patient_174,Encaminha_para a Clinica Cirurgica,77199.24939283943,complete,,,para a Clinica Cirurgica,77199.24939283943,,
Patient_174,Discharge,77199.24939283943,complete,,,,,,23641.011425894023
Patient_175,Arrival,54409.3931029254,complete,,0.0,,,,
Patient_175,Origem_da Clinica Cirurgica,54409.3931029254,complete,,,da Clinica Cirurgica,54409.3931029254,,
Patient_175,CTI (CLIC),54409.3931029254,start,ctiBeds,0.0,,,,
Patient_175,CTI (CLIC),58366.125941807404,complete,ctiBeds,0.0,,,,
Patient_175,CTI prepara Encaminhamento,58366.125941807404,start,,0.0,,,,
Patient_175,CTI prepara Encaminhamento,58411.388393540474,complete,,0.0,,,,
Patient_175,Encaminha_para a Clinica Cirurgica,58411.388393540474,complete,,,para a Clinica Cirurgica,58411.388393540474,,
Patient_175,Discharge,58411.388393540474,complete,,,,,,4001.995290615072
Patient_176,Arrival,54965.535438233695,complete,,0.0,,,,
Patient_176,Origem_da Clinica Cirurgica,54965.535438233695,complete,,,da Clinica Cirurgica,54965.535438233695,,
Patient_176,CTI (CLIC),54965.535438233695,start,ctiBeds,0.0,,,,
Patient_176,CTI (CLIC),56169.322673773924,complete,ctiBeds,0.0,,,,
Patient_176,CTI prepara Encaminhamento,56169.322673773924,start,,0.0,,,,
Patient_176,CTI prepara Encaminhamento,56211.65888896537,complete,,0.0,,,,
Patient_176,Encaminha_para a Clinica Cirurgica,56211.65888896537,complete,,,para a Clinica Cirurgica,56211.65888896537,,
Patient_176,Discharge,56211.65888896537,complete,,,,,,1246.1234507316767
Patient_177,Arrival,55247.56962538328,complete,,0.0,,,,
Patient_177,Origem_da Clinica Cirurgica,55247.56962538328,complete,,,da Clinica Cirurgica,55247.56962538328,,
Patient_177,CTI (CLIC),55247.56962538328,start,ctiBeds,0.0,,,,
Patient_177,CTI (CLIC),55532.055537271175,complete,ctiBeds,0.0,,,,
Patient_177,CTI prepara Encaminhamento,55532.055537271175,start,,0.0,,,,
Patient_177,CTI prepara Encaminhamento,55571.97630659245,complete,,0.0,,,,
Patient_177,Encaminha_Obito,55571.97630659245,complete,,,Obito,55571.97630659245,,
Patient_177,Discharge,55571.97630659245,complete,,,,,,324.4066812091696
Patient_178,Arrival,55799.26542944446,complete,,0.0,,,,
Patient_178,Origem_do Pronto Socorro,55799.26542944446,complete,,,do Pronto Socorro,55799.26542944446,,
Patient_178,CTI (PS),55799.26542944446,start,ctiBeds,0.0,,,,
Patient_178,CTI (PS),61297.66351727192,complete,ctiBeds,0.0,,,,
Patient_178,CTI prepara Encaminhamento,61297.66351727192,start,,0.0,,,,
Patient_178,CTI prepara Encaminhamento,61349.45223878443,complete,,0.0,,,,
Patient_178,Encaminha_para a Clinica Cirurgica,61349.45223878443,complete,,,para a Clinica Cirurgica,61349.45223878443,,
Patient_178,Discharge,61349.45223878443,complete,,,,,,5550.186809339975
Patient_179,Arrival,56597.27316676732,complete,,0.0,,,,
Patient_179,Origem_do Pronto Socorro,56597.27316676732,complete,,,do Pronto Socorro,56597.27316676732,,
Patient_179,CTI (PS),56597.27316676732,start,ctiBeds,0.0,,,,
Patient_179,CTI (PS),59071.3797231399,complete,ctiBeds,0.0,,,,
Patient_179,CTI prepara Encaminhamento,59071.3797231399,start,,0.0,,,,
Patient_179,CTI prepara Encaminhamento,59114.60355461584,complete,,0.0,,,,
Patient_179,Encaminha_para a Clinica Cirurgica,59114.60355461584,complete,,,para a Clinica Cirurgica,59114.60355461584,,
Patient_179,Discharge,59114.60355461584,complete,,,,,,2517.3303878485167
Patient_18,Arrival,5201.679184940225,complete,,0.0,,,,
Patient_18,Origem_do Pronto Socorro,5201.679184940225,complete,,,do Pronto Socorro,5201.679184940225,,
Patient_18,CTI (PS),5201.679184940225,start,ctiBeds,0.0,,,,
Patient_18,CTI (PS),7618.258086899123,complete,ctiBeds,0.0,,,,
Patient_18,CTI prepara Encaminhamento,7618.258086899123,start,,0.0,,,,
Patient_18,CTI prepara Encaminhamento,7676.510914016634,complete,,0.0,,,,
Patient_18,Encaminha_Obito,7676.510914016634,complete,,,Obito,7676.510914016634,,
Patient_18,Discharge,7676.510914016634,complete,,,,,,2474.831729076409
Patient_180,Arrival,57193.34839516213,complete,,0.0,,,,
Patient_180,Origem_do Pronto Socorro,57193.34839516213,complete,,,do Pronto Socorro,57193.34839516213,,
Patient_180,CTI (PS),57193.34839516213,start,ctiBeds,0.0,,,,
Patient_180,CTI (PS),65180.793855969474,complete,ctiBeds,0.0,,,,
Patient_180,CTI prepara Encaminhamento,65180.793855969474,start,,0.0,,,,
Patient_180,CTI prepara Encaminhamento,65224.7912368392,complete,,0.0,,,,
Patient_180,Encaminha_para a Clinica Medica,65224.7912368392,complete,,,para a Clinica Medica,65224.7912368392,,
Patient_180,Discharge,65224.7912368392,complete,,,,,,8031.442841677068
Patient_181,Arrival,57350.067458556754,complete,,0.0,,,,
Patient_181,Origem_do Pronto Socorro,57350.067458556754,complete,,,do Pronto Socorro,57350.067458556754,,
Patient_181,CTI (PS),57350.067458556754,start,ctiBeds,0.0,,,,
Patient_181,CTI (PS),59790.43221031532,complete,ctiBeds,0.0,,,,
Patient_181,CTI prepara Encaminhamento,59790.43221031532,start,,0.0,,,,
Patient_181,CTI prepara Encaminhamento,59831.37710500997,complete,,0.0,,,,
Patient_181,Encaminha_para a Clinica Cirurgica,59831.37710500997,complete,,,para a Clinica Cirurgica,59831.37710500997,,
Patient_181,Discharge,59831.37710500997,complete,,,,,,2481.3096464532136
Patient_182,Arrival,57608.46663874981,complete,,0.0,,,,
Patient_182,Origem_do Centro Cirurgico,57608.46663874981,complete,,,do Centro Cirurgico,57608.46663874981,,
Patient_182,CTI (CC),57608.46663874981,start,ctiBeds,0.0,,,,
Patient_182,CTI (CC),58271.515179480375,complete,ctiBeds,0.0,,,,
Patient_182,CTI prepara Encaminhamento,58271.515179480375,start,,0.0,,,,
Patient_182,CTI prepara Encaminhamento,58322.67570814023,complete,,0.0,,,,
Patient_182,Encaminha_para a Clinica Medica,58322.67570814023,complete,,,para a Clinica Medica,58322.67570814023,,
Patient_182,Discharge,58322.67570814023,complete,,,,,,714.2090693904247
Patient_183,Arrival,58077.916178138636,complete,,0.0,,,,
Patient_183,Origem_do Pronto Socorro,58077.916178138636,complete,,,do Pronto Socorro,58077.916178138636,,
Patient_183,CTI (PS),58077.916178138636,start,ctiBeds,0.0,,,,
Patient_183,CTI (PS),65374.52955985312,complete,ctiBeds,0.0,,,,
Patient_183,CTI prepara Encaminhamento,65374.52955985312,start,,0.0,,,,
Patient_183,CTI prepara Encaminhamento,65426.817353526945,complete,,0.0,,,,
Patient_183,Encaminha_para a Clinica Medica,65426.817353526945,complete,,,para a Clinica Medica,65426.817353526945,,
Patient_183,Discharge,65426.817353526945,complete,,,,,,7348.90117538831
Patient_184,Arrival,58550.974839701215,complete,,0.0,,,,
Patient_184,Origem_do Pronto Socorro,58550.974839701215,complete,,,do Pronto Socorro,58550.974839701215,,
Patient_184,CTI (PS),58550.974839701215,start,ctiBeds,0.0,,,,
Patient_184,CTI (PS),62367.02266138435,complete,ctiBeds,0.0,,,,
Patient_184,CTI prepara Encaminhamento,62367.02266138435,start,,0.0,,,,
Patient_184,CTI prepara Encaminhamento,62419.99183478274,complete,,0.0,,,,
Patient_184,Encaminha_para a Clinica Cirurgica,62419.99183478274,complete,,,para a Clinica Cirurgica,62419.99183478274,,
Patient_184,Discharge,62419.99183478274,complete,,,,,,3869.0169950815252
Patient_185,Arrival,58581.21090017508,complete,,0.0,,,,
Patient_185,Origem_da Clinica Medica,58581.21090017508,complete,,,da Clinica Medica,58581.21090017508,,
Patient_185,CTI (CLIM),58581.21090017508,start,ctiBeds,0.0,,,,
Patient_185,CTI (CLIM),75691.91043929412,complete,ctiBeds,0.0,,,,
Patient_185,CTI prepara Encaminhamento,75691.91043929412,start,,0.0,,,,
Patient_185,CTI prepara Encaminhamento,75731.17612520866,complete,,0.0,,,,
Patient_185,Encaminha_para a Clinica Medica,75731.17612520866,complete,,,para a Clinica Medica,75731.17612520866,,
Patient_185,Discharge,75731.17612520866,complete,,,,,,17149.96522503358
Patient_186,Arrival,58815.26546033854,complete,,0.0,,,,
Patient_186,Origem_do Pronto Socorro,58815.26546033854,complete,,,do Pronto Socorro,58815.26546033854,,
Patient_186,CTI (PS),58815.26546033854,start,ctiBeds,0.0,,,,
Patient_186,CTI (PS),81064.47723556941,complete,ctiBeds,0.0,,,,
Patient_186,CTI prepara Encaminhamento,81064.47723556941,start,,0.0,,,,
Patient_186,CTI prepara Encaminhamento,81110.301316301,complete,,0.0,,,,
Patient_186,Encaminha_Obito,81110.301316301,complete,,,Obito,81110.301316301,,
Patient_186,Discharge,81110.301316301,complete,,,,,,22295.035855962466
Patient_187,Arrival,59482.04414474784,complete,,0.0,,,,
Patient_187,Origem_do Pronto Socorro,59482.04414474784,complete,,,do Pronto Socorro,59482.04414474784,,
Patient_187,CTI (PS),59482.04414474784,start,ctiBeds,0.0,,,,
Patient_187,CTI (PS),61787.50299228204,complete,ctiBeds,0.0,,,,
Patient_187,CTI prepara Encaminhamento,61787.50299228204,start,,0.0,,,,
Patient_187,CTI prepara Encaminhamento,61835.64334937754,complete,,0.0,,,,
Patient_187,Encaminha_para a Clinica Medica,61835.64334937754,complete,,,para a Clinica Medica,61835.64334937754,,
Patient_187,Discharge,61835.64334937754,complete,,,,,,2353.5992046297033
Patient_188,Arrival,59765.43823942049,complete,,0.0,,,,
Patient_188,Origem_do Centro Cirurgico,59765.43823942049,complete,,,do Centro Cirurgico,59765.43823942049,,
Patient_188,CTI (CC),59765.43823942049,start,ctiBeds,0.0,,,,
Patient_188,CTI (CC),61955.223142121744,complete,ctiBeds,0.0,,,,
Patient_188,CTI prepara Encaminhamento,61955.223142121744,start,,0.0,,,,
Patient_188,CTI prepara Encaminhamento,62006.79083092377,complete,,0.0,,,,
Patient_188,Encaminha_para a Clinica Cirurgica,62006.79083092377,complete,,,para a Clinica Cirurgica,62006.79083092377,,
Patient_188,Discharge,62006.79083092377,complete,,,,,,2241.3525915032806
Patient_189,Arrival,59800.23778943237,complete,,0.0,,,,
Patient_189,Origem_do Pronto Socorro,59800.23778943237,complete,,,do Pronto Socorro,59800.23778943237,,
Patient_189,CTI (PS),59800.23778943237,start,ctiBeds,0.0,,,,
Patient_189,CTI (PS),73517.51690089125,complete,ctiBeds,0.0,,,,
Patient_189,CTI prepara Encaminhamento,73517.51690089125,start,,0.0,,,,
Patient_189,CTI prepara Encaminhamento,73548.22974383131,complete,,0.0,,,,
Patient_189,Encaminha_para a Clinica Medica,73548.22974383131,complete,,,para a Clinica Medica,73548.22974383131,,
Patient_189,Discharge,73548.22974383131,complete,,,,,,13747.991954398938
Patient_19,Arrival,5261.610770291128,complete,,0.0,,,,
Patient_19,Origem_do Pronto Socorro,5261.610770291128,complete,,,do Pronto Socorro,5261.610770291128,,
Patient_19,CTI (PS),5261.610770291128,start,ctiBeds,0.0,,,,
Patient_19,CTI (PS),6011.087887557531,complete,ctiBeds,0.0,,,,
Patient_19,CTI prepara Encaminhamento,6011.087887557531,start,,0.0,,,,
Patient_19,CTI prepara Encaminhamento,6045.623591611752,complete,,0.0,,,,
Patient_19,Encaminha_para a Clinica Cirurgica,6045.623591611752,complete,,,para a Clinica Cirurgica,6045.623591611752,,
Patient_19,Discharge,6045.623591611752,complete,,,,,,784.0128213206244
Patient_190,Arrival,59883.60162244029,complete,,0.0,,,,
Patient_190,Origem_do Pronto Socorro,59883.60162244029,complete,,,do Pronto Socorro,59883.60162244029,,
Patient_190,CTI (PS),59883.60162244029,start,ctiBeds,0.0,,,,
Patient_190,CTI (PS),60237.54590372686,complete,ctiBeds,0.0,,,,
Patient_190,CTI prepara Encaminhamento,60237.54590372686,start,,0.0,,,,
Patient_190,CTI prepara Encaminhamento,60292.86259097968,complete,,0.0,,,,
Patient_190,Encaminha_para a Clinica Cirurgica,60292.86259097968,complete,,,para a Clinica Cirurgica,60292.86259097968,,
Patient_190,Discharge,60292.86259097968,complete,,,,,,409.2609685393909
Patient_191,Arrival,59993.21059231072,complete,,0.0,,,,
Patient_191,Origem_do Centro Cirurgico,59993.21059231072,complete,,,do Centro Cirurgico,59993.21059231072,,
Patient_191,CTI (CC),59993.21059231072,start,ctiBeds,0.0,,,,
Patient_191,CTI (CC),75245.48839515784,complete,ctiBeds,0.0,,,,
Patient_191,CTI prepara Encaminhamento,75245.48839515784,start,,0.0,,,,
Patient_191,CTI prepara Encaminhamento,75279.6478968724,complete,,0.0,,,,
Patient_191,Encaminha_Transferencia Externa,75279.6478968724,complete,,,Transferencia Externa,75279.6478968724,,
Patient_191,Discharge,75279.6478968724,complete,,,,,,15286.437304561674
Patient_192,Arrival,60302.025386167945,complete,,0.0,,,,
Patient_192,Origem_da Maternidade,60302.025386167945,complete,,,da Maternidade,60302.025386167945,,
Patient_192,CTI (MAT),60302.025386167945,start,ctiBeds,0.0,,,,
Patient_192,CTI (MAT),62772.020917297756,complete,ctiBeds,0.0,,,,
Patient_192,CTI prepara Encaminhamento,62772.020917297756,start,,0.0,,,,
Patient_192,CTI prepara Encaminhamento,62825.154136082914,complete,,0.0,,,,
Patient_192,Encaminha_Transferencia Externa,62825.154136082914,complete,,,Transferencia Externa,62825.154136082914,,
Patient_192,Discharge,62825.154136082914,complete,,,,,,2523.1287499149694
Patient_193,Arrival,60753.41814945631,complete,,0.0,,,,
Patient_193,Origem_da Clinica Medica,60753.41814945631,complete,,,da Clinica Medica,60753.41814945631,,
Patient_193,CTI (CLIM),60753.41814945631,start,ctiBeds,0.0,,,,
Patient_193,CTI (CLIM),68014.23471300489,complete,ctiBeds,0.0,,,,
Patient_193,CTI prepara Encaminhamento,68014.23471300489,start,,0.0,,,,
Patient_193,CTI prepara Encaminhamento,68056.21918823647,complete,,0.0,,,,
Patient_193,Encaminha_para a Clinica Medica,68056.21918823647,complete,,,para a Clinica Medica,68056.21918823647,,
Patient_193,Discharge,68056.21918823647,complete,,,,,,7302.801038780162
Patient_194,Arrival,60866.57464490169,complete,,0.0,,,,
Patient_194,Origem_do Centro Cirurgico,60866.57464490169,complete,,,do Centro Cirurgico,60866.57464490169,,
Patient_194,CTI (CC),60866.57464490169,start,ctiBeds,0.0,,,,
Patient_194,CTI (CC),61627.01470549254,complete,ctiBeds,0.0,,,,
Patient_194,CTI prepara Encaminhamento,61627.01470549254,start,,0.0,,,,
Patient_194,CTI prepara Encaminhamento,61685.93989472429,complete,,0.0,,,,
Patient_194,Encaminha_para a Clinica Cirurgica,61685.93989472429,complete,,,para a Clinica Cirurgica,61685.93989472429,,
Patient_194,Discharge,61685.93989472429,complete,,,,,,819.3652498226002
Patient_195,Arrival,61903.90426599731,complete,,0.0,,,,
Patient_195,Origem_do Centro Cirurgico,61903.90426599731,complete,,,do Centro Cirurgico,61903.90426599731,,
Patient_195,CTI (CC),61903.90426599731,start,ctiBeds,0.0,,,,
Patient_195,CTI (CC),65511.19792699824,complete,ctiBeds,0.0,,,,
Patient_195,CTI prepara Encaminhamento,65511.19792699824,start,,0.0,,,,
Patient_195,CTI prepara Encaminhamento,65553.44219856482,complete,,0.0,,,,
Patient_195,Encaminha_para a Clinica Cirurgica,65553.44219856482,complete,,,para a Clinica Cirurgica,65553.44219856482,,
Patient_195,Discharge,65553.44219856482,complete,,,,,,3649.5379325675094
Patient_196,Arrival,61936.77644370618,complete,,0.0,,,,
Patient_196,Origem_da Clinica Cirurgica,61936.77644370618,complete,,,da Clinica Cirurgica,61936.77644370618,,
Patient_196,CTI (CLIC),61936.77644370618,start,ctiBeds,0.0,,,,
Patient_196,CTI (CLIC),73285.67011688995,complete,ctiBeds,0.0,,,,
Patient_196,CTI prepara Encaminhamento,73285.67011688995,start,,0.0,,,,
Patient_196,CTI prepara Encaminhamento,73344.82113139518,complete,,0.0,,,,
Patient_196,Encaminha_para a Clinica Medica,73344.82113139518,complete,,,para a Clinica Medica,73344.82113139518,,
Patient_196,Discharge,73344.82113139518,complete,,,,,,11408.044687688998
Patient_197,Arrival,62032.9785536355,complete,,0.0,,,,
Patient_197,Origem_do Pronto Socorro,62032.9785536355,complete,,,do Pronto Socorro,62032.9785536355,,
Patient_197,CTI (PS),62032.9785536355,start,ctiBeds,0.0,,,,
Patient_197,CTI (PS),68823.25453006054,complete,ctiBeds,0.0,,,,
Patient_197,CTI prepara Encaminhamento,68823.25453006054,start,,0.0,,,,
Patient_197,CTI prepara Encaminhamento,68866.56322595873,complete,,0.0,,,,
Patient_197,Encaminha_para a Clinica Cirurgica,68866.56322595873,complete,,,para a Clinica Cirurgica,68866.56322595873,,
Patient_197,Discharge,68866.56322595873,complete,,,,,,6833.584672323232
Patient_198,Arrival,62544.01302542807,complete,,0.0,,,,
Patient_198,Origem_do Centro Cirurgico,62544.01302542807,complete,,,do Centro Cirurgico,62544.01302542807,,
Patient_198,CTI (CC),62544.01302542807,start,ctiBeds,0.0,,,,
Patient_198,CTI (CC),65695.3489480798,complete,ctiBeds,0.0,,,,
Patient_198,CTI prepara Encaminhamento,65695.3489480798,start,,0.0,,,,
Patient_198,CTI prepara Encaminhamento,65755.05682879651,complete,,0.0,,,,
Patient_198,Encaminha_Transferencia Externa,65755.05682879651,complete,,,Transferencia Externa,65755.05682879651,,
Patient_198,Discharge,65755.05682879651,complete,,,,,,3211.0438033684477
Patient_199,Arrival,62591.78253335093,complete,,0.0,,,,
Patient_199,Origem_do Pronto Socorro,62591.78253335093,complete,,,do Pronto Socorro,62591.78253335093,,
Patient_199,CTI (PS),62591.78253335093,start,ctiBeds,0.0,,,,
Patient_199,CTI (PS),73255.61774187772,complete,ctiBeds,0.0,,,,
Patient_199,CTI prepara Encaminhamento,73255.61774187772,start,,0.0,,,,
Patient_199,CTI prepara Encaminhamento,73300.57261840317,complete,,0.0,,,,
Patient_199,Encaminha_para a Clinica Medica,73300.57261840317,complete,,,para a Clinica Medica,73300.57261840317,,
Patient_199,Discharge,73300.57261840317,complete,,,,,,10708.790085052235
Patient_2,Arrival,49.55080306834018,complete,,0.0,,,,
Patient_2,Origem_do Centro Cirurgico,49.55080306834018,complete,,,do Centro Cirurgico,49.55080306834018,,
Patient_2,CTI (CC),49.55080306834018,start,ctiBeds,0.0,,,,
Patient_2,CTI (CC),3457.2175779995864,complete,ctiBeds,0.0,,,,
Patient_2,CTI prepara Encaminhamento,3457.2175779995864,start,,0.0,,,,
Patient_2,CTI prepara Encaminhamento,3501.47605710101,complete,,0.0,,,,
Patient_2,Encaminha_para a Clinica Medica,3501.47605710101,complete,,,para a Clinica Medica,3501.47605710101,,
Patient_2,Discharge,3501.47605710101,complete,,,,,,3451.92525403267
Patient_20,Arrival,6367.23651045075,complete,,0.0,,,,
Patient_20,Origem_do Pronto Socorro,6367.23651045075,complete,,,do Pronto Socorro,6367.23651045075,,
Patient_20,CTI (PS),6367.23651045075,start,ctiBeds,0.0,,,,
Patient_20,CTI (PS),7980.8331603738225,complete,ctiBeds,0.0,,,,
Patient_20,CTI prepara Encaminhamento,7980.8331603738225,start,,0.0,,,,
Patient_20,CTI prepara Encaminhamento,8031.238838477762,complete,,0.0,,,,
Patient_20,Encaminha_para a Clinica Medica,8031.238838477762,complete,,,para a Clinica Medica,8031.238838477762,,
Patient_20,Discharge,8031.238838477762,complete,,,,,,1664.0023280270125
Patient_200,Arrival,63023.55414181806,complete,,0.0,,,,
Patient_200,Origem_do Pronto Socorro,63023.55414181806,complete,,,do Pronto Socorro,63023.55414181806,,
Patient_200,CTI (PS),63023.55414181806,start,ctiBeds,0.0,,,,
Patient_200,CTI (PS),63091.77817718309,complete,ctiBeds,0.0,,,,
Patient_200,CTI prepara Encaminhamento,63091.77817718309,start,,0.0,,,,
Patient_200,CTI prepara Encaminhamento,63149.20780985312,complete,,0.0,,,,
Patient_200,Encaminha_Obito,63149.20780985312,complete,,,Obito,63149.20780985312,,
Patient_200,Discharge,63149.20780985312,complete,,,,,,125.65366803506186
Patient_201,Arrival,63289.216079515245,complete,,0.0,,,,
Patient_201,Origem_do Pronto Socorro,63289.216079515245,complete,,,do Pronto Socorro,63289.216079515245,,
Patient_201,CTI (PS),63289.216079515245,start,ctiBeds,0.0,,,,
Patient_201,CTI (PS),76128.27360866971,complete,ctiBeds,0.0,,,,
Patient_201,CTI prepara Encaminhamento,76128.27360866971,start,,0.0,,,,
Patient_201,CTI prepara Encaminhamento,76181.94260988769,complete,,0.0,,,,
Patient_201,Encaminha_Transferencia Externa,76181.94260988769,complete,,,Transferencia Externa,76181.94260988769,,
Patient_201,Discharge,76181.94260988769,complete,,,,,,12892.726530372442
Patient_202,Arrival,63347.776920137585,complete,,0.0,,,,
Patient_202,Origem_do Centro Cirurgico,63347.776920137585,complete,,,do Centro Cirurgico,63347.776920137585,,
Patient_202,CTI (CC),63347.776920137585,start,ctiBeds,0.0,,,,
Patient_202,CTI (CC),67362.11533793302,complete,ctiBeds,0.0,,,,
Patient_202,CTI prepara Encaminhamento,67362.11533793302,start,,0.0,,,,
Patient_202,CTI prepara Encaminhamento,67409.61715075398,complete,,0.0,,,,
Patient_202,Encaminha_para a Clinica Medica,67409.61715075398,complete,,,para a Clinica Medica,67409.61715075398,,
Patient_202,Discharge,67409.61715075398,complete,,,,,,4061.840230616399
Patient_203,Arrival,64138.97596484647,complete,,0.0,,,,
Patient_203,Origem_do Centro Cirurgico,64138.97596484647,complete,,,do Centro Cirurgico,64138.97596484647,,
Patient_203,CTI (CC),64138.97596484647,start,ctiBeds,0.0,,,,
Patient_203,CTI (CC),64911.13258696496,complete,ctiBeds,0.0,,,,
Patient_203,CTI prepara Encaminhamento,64911.13258696496,start,,0.0,,,,
Patient_203,CTI prepara Encaminhamento,64950.73268027323,complete,,0.0,,,,
Patient_203,Encaminha_para a Clinica Medica,64950.73268027323,complete,,,para a Clinica Medica,64950.73268027323,,
Patient_203,Discharge,64950.73268027323,complete,,,,,,811.7567154267599
Patient_204,Arrival,64444.09402305686,complete,,0.0,,,,
Patient_204,Origem_do Pronto Socorro,64444.09402305686,complete,,,do Pronto Socorro,64444.09402305686,,
Patient_204,CTI (PS),64444.09402305686,start,ctiBeds,0.0,,,,
Patient_204,CTI (PS),71791.33205261151,complete,ctiBeds,0.0,,,,
Patient_204,CTI prepara Encaminhamento,71791.33205261151,start,,0.0,,,,
Patient_204,CTI prepara Encaminhamento,71844.46636032283,complete,,0.0,,,,
Patient_204,Encaminha_para a Clinica Cirurgica,71844.46636032283,complete,,,para a Clinica Cirurgica,71844.46636032283,,
Patient_204,Discharge,71844.46636032283,complete,,,,,,7400.372337265966
Patient_205,Arrival,64702.864016814834,complete,,0.0,,,,
Patient_205,Origem_do Centro Cirurgico,64702.864016814834,complete,,,do Centro Cirurgico,64702.864016814834,,
Patient_205,CTI (CC),64702.864016814834,start,ctiBeds,0.0,,,,
Patient_205,CTI (CC),66915.54377827806,complete,ctiBeds,0.0,,,,
Patient_205,CTI prepara Encaminhamento,66915.54377827806,start,,0.0,,,,
Patient_205,CTI prepara Encaminhamento,66966.10620929686,complete,,0.0,,,,
Patient_205,Encaminha_Obito,66966.10620929686,complete,,,Obito,66966.10620929686,,
Patient_205,Discharge,66966.10620929686,complete,,,,,,2263.24219248203
Patient_206,Arrival,65433.77789318424,complete,,0.0,,,,
Patient_206,Origem_do Pronto Socorro,65433.77789318424,complete,,,do Pronto Socorro,65433.77789318424,,
Patient_206,CTI (PS),65433.77789318424,start,ctiBeds,0.0,,,,
Patient_206,CTI (PS),68827.29945362848,complete,ctiBeds,0.0,,,,
Patient_206,CTI prepara Encaminhamento,68827.29945362848,start,,0.0,,,,
Patient_206,CTI prepara Encaminhamento,68882.38972599019,complete,,0.0,,,,
Patient_206,Encaminha_Transferencia Externa,68882.38972599019,complete,,,Transferencia Externa,68882.38972599019,,
Patient_206,Discharge,68882.38972599019,complete,,,,,,3448.6118328059456
Patient_207,Arrival,65796.92498180123,complete,,0.0,,,,
Patient_207,Origem_do Pronto Socorro,65796.92498180123,complete,,,do Pronto Socorro,65796.92498180123,,
Patient_207,CTI (PS),65796.92498180123,start,ctiBeds,0.0,,,,
Patient_207,CTI (PS),67238.10470118615,complete,ctiBeds,0.0,,,,
Patient_207,CTI prepara Encaminhamento,67238.10470118615,start,,0.0,,,,
Patient_207,CTI prepara Encaminhamento,67297.78696184714,complete,,0.0,,,,
Patient_207,Encaminha_para a Clinica Cirurgica,67297.78696184714,complete,,,para a Clinica Cirurgica,67297.78696184714,,
Patient_207,Discharge,67297.78696184714,complete,,,,,,1500.8619800459128
Patient_208,Arrival,65899.09376917129,complete,,0.0,,,,
Patient_208,Origem_do Pronto Socorro,65899.09376917129,complete,,,do Pronto Socorro,65899.09376917129,,
Patient_208,CTI (PS),65899.09376917129,start,ctiBeds,0.0,,,,
Patient_208,CTI (PS),89403.36403671495,complete,ctiBeds,0.0,,,,
Patient_208,CTI prepara Encaminhamento,89403.36403671495,start,,0.0,,,,
Patient_208,CTI prepara Encaminhamento,89459.48099761576,complete,,0.0,,,,
Patient_208,Encaminha_Obito,89459.48099761576,complete,,,Obito,89459.48099761576,,
Patient_208,Discharge,89459.48099761576,complete,,,,,,23560.387228444466
Patient_209,Arrival,65901.35619573605,complete,,0.0,,,,
Patient_209,Origem_da Clinica Cirurgica,65901.35619573605,complete,,,da Clinica Cirurgica,65901.35619573605,,
Patient_209,CTI (CLIC),65901.35619573605,start,ctiBeds,0.0,,,,
Patient_209,CTI (CLIC),67793.68335095739,complete,ctiBeds,0.0,,,,
Patient_209,CTI prepara Encaminhamento,67793.68335095739,start,,0.0,,,,
Patient_209,CTI prepara Encaminhamento,67834.7952999904,complete,,0.0,,,,
Patient_209,Encaminha_para a Clinica Cirurgica,67834.7952999904,complete,,,para a Clinica Cirurgica,67834.7952999904,,
Patient_209,Discharge,67834.7952999904,complete,,,,,,1933.439104254343
Patient_21,Arrival,6477.321637145224,complete,,0.0,,,,
Patient_21,Origem_do Pronto Socorro,6477.321637145224,complete,,,do Pronto Socorro,6477.321637145224,,
Patient_21,CTI (PS),6477.321637145224,start,ctiBeds,0.0,,,,
Patient_21,CTI (PS),11952.020750807726,complete,ctiBeds,0.0,,,,
Patient_21,CTI prepara Encaminhamento,11952.020750807726,start,,0.0,,,,
Patient_21,CTI prepara Encaminhamento,12004.293626310126,complete,,0.0,,,,
Patient_21,Encaminha_Obito,12004.293626310126,complete,,,Obito,12004.293626310126,,
Patient_21,Discharge,12004.293626310126,complete,,,,,,5526.971989164902
Patient_210,Arrival,66146.24004598727,complete,,0.0,,,,
Patient_210,Origem_do Centro Cirurgico,66146.24004598727,complete,,,do Centro Cirurgico,66146.24004598727,,
Patient_210,CTI (CC),66146.24004598727,start,ctiBeds,0.0,,,,
Patient_210,CTI (CC),67467.78030223168,complete,ctiBeds,0.0,,,,
Patient_210,CTI prepara Encaminhamento,67467.78030223168,start,,0.0,,,,
Patient_210,CTI prepara Encaminhamento,67501.1770798521,complete,,0.0,,,,
Patient_210,Encaminha_para a Clinica Medica,67501.1770798521,complete,,,para a Clinica Medica,67501.1770798521,,
Patient_210,Discharge,67501.1770798521,complete,,,,,,1354.9370338648296
Patient_211,Arrival,66401.73895104822,complete,,0.0,,,,
Patient_211,Origem_do Centro Cirurgico,66401.73895104822,complete,,,do Centro Cirurgico,66401.73895104822,,
Patient_211,CTI (CC),66401.73895104822,start,ctiBeds,0.0,,,,
Patient_211,CTI (CC),66746.21810643452,complete,ctiBeds,0.0,,,,
Patient_211,CTI prepara Encaminhamento,66746.21810643452,start,,0.0,,,,
Patient_211,CTI prepara Encaminhamento,66776.49123548303,complete,,0.0,,,,
Patient_211,Encaminha_para a Clinica Medica,66776.49123548303,complete,,,para a Clinica Medica,66776.49123548303,,
Patient_211,Discharge,66776.49123548303,complete,,,,,,374.7522844348132
Patient_212,Arrival,67065.90416258656,complete,,0.0,,,,
Patient_212,Origem_do Centro Cirurgico,67065.90416258656,complete,,,do Centro Cirurgico,67065.90416258656,,
Patient_212,CTI (CC),67065.90416258656,start,ctiBeds,0.0,,,,
Patient_212,CTI (CC),74120.21863751487,complete,ctiBeds,0.0,,,,
Patient_212,CTI prepara Encaminhamento,74120.21863751487,start,,0.0,,,,
Patient_212,CTI prepara Encaminhamento,74155.69920651065,complete,,0.0,,,,
Patient_212,Encaminha_para a Clinica Medica,74155.69920651065,complete,,,para a Clinica Medica,74155.69920651065,,
Patient_212,Discharge,74155.69920651065,complete,,,,,,7089.795043924081
Patient_213,Arrival,67981.80733527409,complete,,0.0,,,,
Patient_213,Origem_do Centro Cirurgico,67981.80733527409,complete,,,do Centro Cirurgico,67981.80733527409,,
Patient_213,CTI (CC),67981.80733527409,start,ctiBeds,0.0,,,,
Patient_213,CTI (CC),74767.48445327306,complete,ctiBeds,0.0,,,,
Patient_213,CTI prepara Encaminhamento,74767.48445327306,start,,0.0,,,,
Patient_213,CTI prepara Encaminhamento,74825.70495682878,complete,,0.0,,,,
Patient_213,Encaminha_para a Clinica Cirurgica,74825.70495682878,complete,,,para a Clinica Cirurgica,74825.70495682878,,
Patient_213,Discharge,74825.70495682878,complete,,,,,,6843.897621554686
Patient_214,Arrival,67997.50728869288,complete,,0.0,,,,
Patient_214,Origem_do Centro Cirurgico,67997.50728869288,complete,,,do Centro Cirurgico,67997.50728869288,,
Patient_214,CTI (CC),67997.50728869288,start,ctiBeds,0.0,,,,
Patient_214,CTI (CC),77034.29529046167,complete,ctiBeds,0.0,,,,
Patient_214,CTI prepara Encaminhamento,77034.29529046167,start,,0.0,,,,
Patient_214,CTI prepara Encaminhamento,77078.09145187827,complete,,0.0,,,,
Patient_214,Encaminha_Transferencia Externa,77078.09145187827,complete,,,Transferencia Externa,77078.09145187827,,
Patient_214,Discharge,77078.09145187827,complete,,,,,,9080.584163185384
Patient_215,Arrival,68074.57232447615,complete,,0.0,,,,
Patient_215,Origem_do Centro Cirurgico,68074.57232447615,complete,,,do Centro Cirurgico,68074.57232447615,,
Patient_215,CTI (CC),68074.57232447615,start,ctiBeds,0.0,,,,
Patient_215,CTI (CC),68278.42750094179,complete,ctiBeds,0.0,,,,
Patient_215,CTI prepara Encaminhamento,68278.42750094179,start,,0.0,,,,
Patient_215,CTI prepara Encaminhamento,68313.09329874253,complete,,0.0,,,,
Patient_215,Encaminha_para a Clinica Medica,68313.09329874253,complete,,,para a Clinica Medica,68313.09329874253,,
Patient_215,Discharge,68313.09329874253,complete,,,,,,238.52097426638647
Patient_216,Arrival,68316.52616075013,complete,,0.0,,,,
Patient_216,Origem_da Clinica Medica,68316.52616075013,complete,,,da Clinica Medica,68316.52616075013,,
Patient_216,CTI (CLIM),68316.52616075013,start,ctiBeds,0.0,,,,
Patient_216,CTI (CLIM),74226.3623484078,complete,ctiBeds,0.0,,,,
Patient_216,CTI prepara Encaminhamento,74226.3623484078,start,,0.0,,,,
Patient_216,CTI prepara Encaminhamento,74284.40192226601,complete,,0.0,,,,
Patient_216,Encaminha_para a Clinica Cirurgica,74284.40192226601,complete,,,para a Clinica Cirurgica,74284.40192226601,,
Patient_216,Discharge,74284.40192226601,complete,,,,,,5967.875761515883
Patient_217,Arrival,68422.7976697558,complete,,0.0,,,,
Patient_217,Origem_do Pronto Socorro,68422.7976697558,complete,,,do Pronto Socorro,68422.7976697558,,
Patient_217,CTI (PS),68422.7976697558,start,ctiBeds,0.0,,,,
Patient_217,CTI (PS),80879.3855365651,complete,ctiBeds,0.0,,,,
Patient_217,CTI prepara Encaminhamento,80879.3855365651,start,,0.0,,,,
Patient_217,CTI prepara Encaminhamento,80919.76569455327,complete,,0.0,,,,
Patient_217,Encaminha_para a Clinica Medica,80919.76569455327,complete,,,para a Clinica Medica,80919.76569455327,,
Patient_217,Discharge,80919.76569455327,complete,,,,,,12496.968024797461
Patient_218,Arrival,68537.37501639682,complete,,0.0,,,,
Patient_218,Origem_do Pronto Socorro,68537.37501639682,complete,,,do Pronto Socorro,68537.37501639682,,
Patient_218,CTI (PS),68537.37501639682,start,ctiBeds,0.0,,,,
Patient_218,CTI (PS),70329.77048605392,complete,ctiBeds,0.0,,,,
Patient_218,CTI prepara Encaminhamento,70329.77048605392,start,,0.0,,,,
Patient_218,CTI prepara Encaminhamento,70372.73177961819,complete,,0.0,,,,
Patient_218,Encaminha_para a Clinica Cirurgica,70372.73177961819,complete,,,para a Clinica Cirurgica,70372.73177961819,,
Patient_218,Discharge,70372.73177961819,complete,,,,,,1835.3567632213671
Patient_219,Arrival,68667.57767094336,complete,,0.0,,,,
Patient_219,Origem_do Centro Cirurgico,68667.57767094336,complete,,,do Centro Cirurgico,68667.57767094336,,
Patient_219,CTI (CC),68667.57767094336,start,ctiBeds,0.0,,,,
Patient_219,CTI (CC),76579.60182783598,complete,ctiBeds,0.0,,,,
Patient_219,CTI prepara Encaminhamento,76579.60182783598,start,,0.0,,,,
Patient_219,CTI prepara Encaminhamento,76633.52523989776,complete,,0.0,,,,
Patient_219,Encaminha_para a Clinica Cirurgica,76633.52523989776,complete,,,para a Clinica Cirurgica,76633.52523989776,,
Patient_219,Discharge,76633.52523989776,complete,,,,,,7965.947568954405
Patient_22,Arrival,6486.647796663464,complete,,0.0,,,,
Patient_22,Origem_do Pronto Socorro,6486.647796663464,complete,,,do Pronto Socorro,6486.647796663464,,
Patient_22,CTI (PS),6486.647796663464,start,ctiBeds,0.0,,,,
Patient_22,CTI (PS),10105.49958934092,complete,ctiBeds,0.0,,,,
Patient_22,CTI prepara Encaminhamento,10105.49958934092,start,,0.0,,,,
Patient_22,CTI prepara Encaminhamento,10138.932624754307,complete,,0.0,,,,
Patient_22,Encaminha_para a Clinica Cirurgica,10138.932624754307,complete,,,para a Clinica Cirurgica,10138.932624754307,,
Patient_22,Discharge,10138.932624754307,complete,,,,,,3652.284828090843
Patient_220,Arrival,68710.39168103901,complete,,0.0,,,,
Patient_220,Origem_do Centro Cirurgico,68710.39168103901,complete,,,do Centro Cirurgico,68710.39168103901,,
Patient_220,CTI (CC),68710.39168103901,start,ctiBeds,0.0,,,,
Patient_220,CTI (CC),76943.18621062822,complete,ctiBeds,0.0,,,,
Patient_220,CTI prepara Encaminhamento,76943.18621062822,start,,0.0,,,,
Patient_220,CTI prepara Encaminhamento,76974.61183527051,complete,,0.0,,,,
Patient_220,Encaminha_para a Clinica Medica,76974.61183527051,complete,,,para a Clinica Medica,76974.61183527051,,
Patient_220,Discharge,76974.61183527051,complete,,,,,,8264.220154231502
Patient_221,Arrival,68773.8475336762,complete,,0.0,,,,
Patient_221,Origem_do Centro Cirurgico,68773.8475336762,complete,,,do Centro Cirurgico,68773.8475336762,,
Patient_221,CTI (CC),68773.8475336762,start,ctiBeds,0.0,,,,
Patient_221,CTI (CC),105812.91432477091,complete,ctiBeds,0.0,,,,
Patient_221,CTI prepara Encaminhamento,105812.91432477091,start,,0.0,,,,
Patient_221,CTI prepara Encaminhamento,105855.21312103765,complete,,0.0,,,,
Patient_221,Encaminha_para a Clinica Cirurgica,105855.21312103765,complete,,,para a Clinica Cirurgica,105855.21312103765,,
Patient_221,Discharge,105855.21312103765,complete,,,,,,37081.36558736145
Patient_222,Arrival,69514.85740050222,complete,,0.0,,,,
Patient_222,Origem_do Centro Cirurgico,69514.85740050222,complete,,,do Centro Cirurgico,69514.85740050222,,
Patient_222,CTI (CC),69514.85740050222,start,ctiBeds,0.0,,,,
Patient_222,CTI (CC),83113.73453008916,complete,ctiBeds,0.0,,,,
Patient_222,CTI prepara Encaminhamento,83113.73453008916,start,,0.0,,,,
Patient_222,CTI prepara Encaminhamento,83173.41395661588,complete,,0.0,,,,
Patient_222,Encaminha_para a Clinica Medica,83173.41395661588,complete,,,para a Clinica Medica,83173.41395661588,,
Patient_222,Discharge,83173.41395661588,complete,,,,,,13658.556556113661
Patient_223,Arrival,69644.45860531609,complete,,0.0,,,,
Patient_223,Origem_do Centro Cirurgico,69644.45860531609,complete,,,do Centro Cirurgico,69644.45860531609,,
Patient_223,CTI (CC),69644.45860531609,start,ctiBeds,0.0,,,,
Patient_223,CTI (CC),71027.4356123104,complete,ctiBeds,0.0,,,,
Patient_223,CTI prepara Encaminhamento,71027.4356123104,start,,0.0,,,,
Patient_223,CTI prepara Encaminhamento,71061.4073722577,complete,,0.0,,,,
Patient_223,Encaminha_Obito,71061.4073722577,complete,,,Obito,71061.4073722577,,
Patient_223,Discharge,71061.4073722577,complete,,,,,,1416.9487669416121
Patient_224,Arrival,70149.693346164,complete,,0.0,,,,
Patient_224,Origem_do Centro Cirurgico,70149.693346164,complete,,,do Centro Cirurgico,70149.693346164,,
Patient_224,CTI (CC),70149.693346164,start,ctiBeds,0.0,,,,
Patient_224,CTI (CC),72421.92932483154,complete,ctiBeds,0.0,,,,
Patient_224,CTI prepara Encaminhamento,72421.92932483154,start,,0.0,,,,
Patient_224,CTI prepara Encaminhamento,72474.9002732456,complete,,0.0,,,,
Patient_224,Encaminha_para a Clinica Cirurgica,72474.9002732456,complete,,,para a Clinica Cirurgica,72474.9002732456,,
Patient_224,Discharge,72474.9002732456,complete,,,,,,2325.206927081599
Patient_225,Arrival,70254.4879885062,complete,,0.0,,,,
Patient_225,Origem_do Centro Cirurgico,70254.4879885062,complete,,,do Centro Cirurgico,70254.4879885062,,
Patient_225,CTI (CC),70254.4879885062,start,ctiBeds,0.0,,,,
Patient_225,CTI (CC),107953.26463507998,complete,ctiBeds,0.0,,,,
Patient_225,CTI prepara Encaminhamento,107953.26463507998,start,,0.0,,,,
Patient_225,CTI prepara Encaminhamento,108002.80420391995,complete,,0.0,,,,
Patient_225,Encaminha_Obito,108002.80420391995,complete,,,Obito,108002.80420391995,,
Patient_225,Discharge,108002.80420391995,complete,,,,,,37748.31621541375
Patient_226,Arrival,70832.14377236342,complete,,0.0,,,,
Patient_226,Origem_da Clinica Cirurgica,70832.14377236342,complete,,,da Clinica Cirurgica,70832.14377236342,,
Patient_226,CTI (CLIC),70832.14377236342,start,ctiBeds,0.0,,,,
Patient_226,CTI (CLIC),72492.71049713503,complete,ctiBeds,0.0,,,,
Patient_226,CTI prepara Encaminhamento,72492.71049713503,start,,0.0,,,,
Patient_226,CTI prepara Encaminhamento,72544.49940149144,complete,,0.0,,,,
Patient_226,Encaminha_Obito,72544.49940149144,complete,,,Obito,72544.49940149144,,
Patient_226,Discharge,72544.49940149144,complete,,,,,,1712.3556291280256
Patient_227,Arrival,71440.86230228287,complete,,0.0,,,,
Patient_227,Origem_do Pronto Socorro,71440.86230228287,complete,,,do Pronto Socorro,71440.86230228287,,
Patient_227,CTI (PS),71440.86230228287,start,ctiBeds,0.0,,,,
Patient_227,CTI (PS),88567.82286093771,complete,ctiBeds,0.0,,,,
Patient_227,CTI prepara Encaminhamento,88567.82286093771,start,,0.0,,,,
Patient_227,CTI prepara Encaminhamento,88612.64734791551,complete,,0.0,,,,
Patient_227,Encaminha_para a Clinica Cirurgica,88612.64734791551,complete,,,para a Clinica Cirurgica,88612.64734791551,,
Patient_227,Discharge,88612.64734791551,complete,,,,,,17171.78504563264
Patient_228,Arrival,71991.64677504088,complete,,0.0,,,,
Patient_228,Origem_do Centro Cirurgico,71991.64677504088,complete,,,do Centro Cirurgico,71991.64677504088,,
Patient_228,CTI (CC),71991.64677504088,start,ctiBeds,0.0,,,,
Patient_228,CTI (CC),76709.93312531404,complete,ctiBeds,0.0,,,,
Patient_228,CTI prepara Encaminhamento,76709.93312531404,start,,0.0,,,,
Patient_228,CTI prepara Encaminhamento,76743.72348721676,complete,,0.0,,,,
Patient_228,Encaminha_para a Clinica Cirurgica,76743.72348721676,complete,,,para a Clinica Cirurgica,76743.72348721676,,
Patient_228,Discharge,76743.72348721676,complete,,,,,,4752.076712175884
Patient_229,Arrival,72137.21625154823,complete,,0.0,,,,
Patient_229,Origem_do Centro Cirurgico,72137.21625154823,complete,,,do Centro Cirurgico,72137.21625154823,,
Patient_229,CTI (CC),72137.21625154823,start,ctiBeds,0.0,,,,
Patient_229,CTI (CC),73452.12906047847,complete,ctiBeds,0.0,,,,
Patient_229,CTI prepara Encaminhamento,73452.12906047847,start,,0.0,,,,
Patient_229,CTI prepara Encaminhamento,73489.10829198603,complete,,0.0,,,,
Patient_229,Encaminha_para a Maternidade,73489.10829198603,complete,,,para a Maternidade,73489.10829198603,,
Patient_229,Discharge,73489.10829198603,complete,,,,,,1351.8920404378005
Patient_23,Arrival,6495.013426223605,complete,,0.0,,,,
Patient_23,Origem_da Clinica Medica,6495.013426223605,complete,,,da Clinica Medica,6495.013426223605,,
Patient_23,CTI (CLIM),6495.013426223605,start,ctiBeds,0.0,,,,
Patient_23,CTI (CLIM),7860.594932005656,complete,ctiBeds,0.0,,,,
Patient_23,CTI prepara Encaminhamento,7860.594932005656,start,,0.0,,,,
Patient_23,CTI prepara Encaminhamento,7911.999149111135,complete,,0.0,,,,
Patient_23,Encaminha_para a Clinica Medica,7911.999149111135,complete,,,para a Clinica Medica,7911.999149111135,,
Patient_23,Discharge,7911.999149111135,complete,,,,,,1416.9857228875298
Patient_230,Arrival,72203.24163786661,complete,,0.0,,,,
Patient_230,Origem_do Pronto Socorro,72203.24163786661,complete,,,do Pronto Socorro,72203.24163786661,,
Patient_230,CTI (PS),72203.24163786661,start,ctiBeds,0.0,,,,
Patient_230,CTI (PS),76421.27716011857,complete,ctiBeds,0.0,,,,
Patient_230,CTI prepara Encaminhamento,76421.27716011857,start,,0.0,,,,
Patient_230,CTI prepara Encaminhamento,76471.90258813133,complete,,0.0,,,,
Patient_230,Encaminha_para a Clinica Cirurgica,76471.90258813133,complete,,,para a Clinica Cirurgica,76471.90258813133,,
Patient_230,Discharge,76471.90258813133,complete,,,,,,4268.660950264719
Patient_231,Arrival,72286.38155139399,complete,,0.0,,,,
Patient_231,Origem_do Pronto Socorro,72286.38155139399,complete,,,do Pronto Socorro,72286.38155139399,,
Patient_231,CTI (PS),72286.38155139399,start,ctiBeds,0.0,,,,
Patient_231,CTI (PS),72862.44228609081,complete,ctiBeds,0.0,,,,
Patient_231,CTI prepara Encaminhamento,72862.44228609081,start,,0.0,,,,
Patient_231,CTI prepara Encaminhamento,72892.72750696747,complete,,0.0,,,,
Patient_231,Encaminha_para a Clinica Cirurgica,72892.72750696747,complete,,,para a Clinica Cirurgica,72892.72750696747,,
Patient_231,Discharge,72892.72750696747,complete,,,,,,606.3459555734735
Patient_232,Arrival,72665.66682897719,complete,,0.0,,,,
Patient_232,Origem_do Pronto Socorro,72665.66682897719,complete,,,do Pronto Socorro,72665.66682897719,,
Patient_232,CTI (PS),72665.66682897719,start,ctiBeds,0.0,,,,
Patient_232,CTI (PS),89145.81154380806,complete,ctiBeds,0.0,,,,
Patient_232,CTI prepara Encaminhamento,89145.81154380806,start,,0.0,,,,
Patient_232,CTI prepara Encaminhamento,89183.9854310195,complete,,0.0,,,,
Patient_232,Encaminha_para a Clinica Medica,89183.9854310195,complete,,,para a Clinica Medica,89183.9854310195,,
Patient_232,Discharge,89183.9854310195,complete,,,,,,16518.3186020423
Patient_233,Arrival,73049.5366976537,complete,,0.0,,,,
Patient_233,Origem_do Pronto Socorro,73049.5366976537,complete,,,do Pronto Socorro,73049.5366976537,,
Patient_233,CTI (PS),73049.5366976537,start,ctiBeds,0.0,,,,
Patient_233,CTI (PS),77699.78598893802,complete,ctiBeds,0.0,,,,
Patient_233,CTI prepara Encaminhamento,77699.78598893802,start,,0.0,,,,
Patient_233,CTI prepara Encaminhamento,77758.20135795185,complete,,0.0,,,,
Patient_233,Encaminha_para a Clinica Cirurgica,77758.20135795185,complete,,,para a Clinica Cirurgica,77758.20135795185,,
Patient_233,Discharge,77758.20135795185,complete,,,,,,4708.664660298149
Patient_234,Arrival,73266.08149038558,complete,,0.0,,,,
Patient_234,Origem_do Pronto Socorro,73266.08149038558,complete,,,do Pronto Socorro,73266.08149038558,,
Patient_234,CTI (PS),73266.08149038558,start,ctiBeds,0.0,,,,
Patient_234,CTI (PS),81832.26536921269,complete,ctiBeds,0.0,,,,
Patient_234,CTI prepara Encaminhamento,81832.26536921269,start,,0.0,,,,
Patient_234,CTI prepara Encaminhamento,81888.80026188136,complete,,0.0,,,,
Patient_234,Encaminha_para a Clinica Medica,81888.80026188136,complete,,,para a Clinica Medica,81888.80026188136,,
Patient_234,Discharge,81888.80026188136,complete,,,,,,8622.718771495784
Patient_235,Arrival,73635.1695317958,complete,,0.0,,,,
Patient_235,Origem_do Centro Cirurgico,73635.1695317958,complete,,,do Centro Cirurgico,73635.1695317958,,
Patient_235,CTI (CC),73635.1695317958,start,ctiBeds,0.0,,,,
Patient_235,CTI (CC),82826.46612404042,complete,ctiBeds,0.0,,,,
Patient_235,CTI prepara Encaminhamento,82826.46612404042,start,,0.0,,,,
Patient_235,CTI prepara Encaminhamento,82858.969587596,complete,,0.0,,,,
Patient_235,Encaminha_para a Clinica Medica,82858.969587596,complete,,,para a Clinica Medica,82858.969587596,,
Patient_235,Discharge,82858.969587596,complete,,,,,,9223.80005580021
Patient_236,Arrival,73754.63383994203,complete,,0.0,,,,
Patient_236,Origem_do Pronto Socorro,73754.63383994203,complete,,,do Pronto Socorro,73754.63383994203,,
Patient_236,CTI (PS),73754.63383994203,start,ctiBeds,0.0,,,,
Patient_236,CTI (PS),103852.29505684314,complete,ctiBeds,0.0,,,,
Patient_236,CTI prepara Encaminhamento,103852.29505684314,start,,0.0,,,,
Patient_236,CTI prepara Encaminhamento,103893.73394795679,complete,,0.0,,,,
Patient_236,Encaminha_para a Clinica Cirurgica,103893.73394795679,complete,,,para a Clinica Cirurgica,103893.73394795679,,
Patient_236,Discharge,103893.73394795679,complete,,,,,,30139.100108014754
Patient_237,Arrival,74074.10269496088,complete,,0.0,,,,
Patient_237,Origem_do Centro Cirurgico,74074.10269496088,complete,,,do Centro Cirurgico,74074.10269496088,,
Patient_237,CTI (CC),74074.10269496088,start,ctiBeds,0.0,,,,
Patient_237,CTI (CC),76344.76887497777,complete,ctiBeds,0.0,,,,
Patient_237,CTI prepara Encaminhamento,76344.76887497777,start,,0.0,,,,
Patient_237,CTI prepara Encaminhamento,76403.78095978177,complete,,0.0,,,,
Patient_237,Encaminha_para a Clinica Medica,76403.78095978177,complete,,,para a Clinica Medica,76403.78095978177,,
Patient_237,Discharge,76403.78095978177,complete,,,,,,2329.67826482089
Patient_238,Arrival,74128.66085719163,complete,,0.0,,,,
Patient_238,Origem_do Centro Cirurgico,74128.66085719163,complete,,,do Centro Cirurgico,74128.66085719163,,
Patient_238,CTI (CC),74128.66085719163,start,ctiBeds,0.0,,,,
Patient_238,CTI (CC),99320.92241353479,complete,ctiBeds,0.0,,,,
Patient_238,CTI prepara Encaminhamento,99320.92241353479,start,,0.0,,,,
Patient_238,CTI prepara Encaminhamento,99371.92765193002,complete,,0.0,,,,
Patient_238,Encaminha_para a Clinica Cirurgica,99371.92765193002,complete,,,para a Clinica Cirurgica,99371.92765193002,,
Patient_238,Discharge,99371.92765193002,complete,,,,,,25243.26679473839
Patient_239,Arrival,74510.0204909601,complete,,0.0,,,,
Patient_239,Origem_do Centro Cirurgico,74510.0204909601,complete,,,do Centro Cirurgico,74510.0204909601,,
Patient_239,CTI (CC),74510.0204909601,start,ctiBeds,0.0,,,,
Patient_239,CTI (CC),75440.68893062044,complete,ctiBeds,0.0,,,,
Patient_239,CTI prepara Encaminhamento,75440.68893062044,start,,0.0,,,,
Patient_239,CTI prepara Encaminhamento,75493.09315532108,complete,,0.0,,,,
Patient_239,Encaminha_para a Clinica Cirurgica,75493.09315532108,complete,,,para a Clinica Cirurgica,75493.09315532108,,
Patient_239,Discharge,75493.09315532108,complete,,,,,,983.0726643609814
Patient_24,Arrival,6617.633498864534,complete,,0.0,,,,
Patient_24,Origem_do Pronto Socorro,6617.633498864534,complete,,,do Pronto Socorro,6617.633498864534,,
Patient_24,CTI (PS),6617.633498864534,start,ctiBeds,0.0,,,,
Patient_24,CTI (PS),7285.222297267175,complete,ctiBeds,0.0,,,,
Patient_24,CTI prepara Encaminhamento,7285.222297267175,start,,0.0,,,,
Patient_24,CTI prepara Encaminhamento,7324.61262892243,complete,,0.0,,,,
Patient_24,Encaminha_para a Clinica Medica,7324.61262892243,complete,,,para a Clinica Medica,7324.61262892243,,
Patient_24,Discharge,7324.61262892243,complete,,,,,,706.9791300578963
Patient_240,Arrival,74734.95447923719,complete,,0.0,,,,
Patient_240,Origem_da Clinica Cirurgica,74734.95447923719,complete,,,da Clinica Cirurgica,74734.95447923719,,
Patient_240,CTI (CLIC),74734.95447923719,start,ctiBeds,0.0,,,,
Patient_240,CTI (CLIC),83710.02882134786,complete,ctiBeds,0.0,,,,
Patient_240,CTI prepara Encaminhamento,83710.02882134786,start,,0.0,,,,
Patient_240,CTI prepara Encaminhamento,83752.55756479908,complete,,0.0,,,,
Patient_240,Encaminha_para a Clinica Medica,83752.55756479908,complete,,,para a Clinica Medica,83752.55756479908,,
Patient_240,Discharge,83752.55756479908,complete,,,,,,9017.603085561888
Patient_241,Arrival,74979.58700034609,complete,,0.0,,,,
Patient_241,Origem_do Pronto Socorro,74979.58700034609,complete,,,do Pronto Socorro,74979.58700034609,,
Patient_241,CTI (PS),74979.58700034609,start,ctiBeds,0.0,,,,
Patient_241,CTI (PS),86372.23166380545,complete,ctiBeds,0.0,,,,
Patient_241,CTI prepara Encaminhamento,86372.23166380545,start,,0.0,,,,
Patient_241,CTI prepara Encaminhamento,86410.56627889336,complete,,0.0,,,,
Patient_241,Encaminha_para a Clinica Cirurgica,86410.56627889336,complete,,,para a Clinica Cirurgica,86410.56627889336,,
Patient_241,Discharge,86410.56627889336,complete,,,,,,11430.979278547267
Patient_242,Arrival,75266.23400270424,complete,,0.0,,,,
Patient_242,Origem_do Pronto Socorro,75266.23400270424,complete,,,do Pronto Socorro,75266.23400270424,,
Patient_242,CTI (PS),75266.23400270424,start,ctiBeds,0.0,,,,
Patient_242,CTI (PS),84902.15321000738,complete,ctiBeds,0.0,,,,
Patient_242,CTI prepara Encaminhamento,84902.15321000738,start,,0.0,,,,
Patient_242,CTI prepara Encaminhamento,84961.87036173412,complete,,0.0,,,,
Patient_242,Encaminha_para a Clinica Cirurgica,84961.87036173412,complete,,,para a Clinica Cirurgica,84961.87036173412,,
Patient_242,Discharge,84961.87036173412,complete,,,,,,9695.636359029886
Patient_243,Arrival,75445.13118944311,complete,,0.0,,,,
Patient_243,Origem_do Centro Cirurgico,75445.13118944311,complete,,,do Centro Cirurgico,75445.13118944311,,
Patient_243,CTI (CC),75445.13118944311,start,ctiBeds,0.0,,,,
Patient_243,CTI (CC),86651.4345649414,complete,ctiBeds,0.0,,,,
Patient_243,CTI prepara Encaminhamento,86651.4345649414,start,,0.0,,,,
Patient_243,CTI prepara Encaminhamento,86699.19773306209,complete,,0.0,,,,
Patient_243,Encaminha_Obito,86699.19773306209,complete,,,Obito,86699.19773306209,,
Patient_243,Discharge,86699.19773306209,complete,,,,,,11254.066543618974
Patient_244,Arrival,75904.39050086173,complete,,0.0,,,,
Patient_244,Origem_do Centro Cirurgico,75904.39050086173,complete,,,do Centro Cirurgico,75904.39050086173,,
Patient_244,CTI (CC),75904.39050086173,start,ctiBeds,0.0,,,,
Patient_244,CTI (CC),97622.97891303999,complete,ctiBeds,0.0,,,,
Patient_244,CTI prepara Encaminhamento,97622.97891303999,start,,0.0,,,,
Patient_244,CTI prepara Encaminhamento,97662.64340136501,complete,,0.0,,,,
Patient_244,Encaminha_para a Clinica Medica,97662.64340136501,complete,,,para a Clinica Medica,97662.64340136501,,
Patient_244,Discharge,97662.64340136501,complete,,,,,,21758.252900503285
Patient_245,Arrival,76328.45472589649,complete,,0.0,,,,
Patient_245,Origem_do Pronto Socorro,76328.45472589649,complete,,,do Pronto Socorro,76328.45472589649,,
Patient_245,CTI (PS),76328.45472589649,start,ctiBeds,0.0,,,,
Patient_245,CTI (PS),79592.41514667042,complete,ctiBeds,0.0,,,,
Patient_245,CTI prepara Encaminhamento,79592.41514667042,start,,0.0,,,,
Patient_245,CTI prepara Encaminhamento,79629.82068302561,complete,,0.0,,,,
Patient_245,Encaminha_Obito,79629.82068302561,complete,,,Obito,79629.82068302561,,
Patient_245,Discharge,79629.82068302561,complete,,,,,,3301.365957129121
Patient_246,Arrival,77325.22637755418,complete,,0.0,,,,
Patient_246,Origem_do Centro Cirurgico,77325.22637755418,complete,,,do Centro Cirurgico,77325.22637755418,,
Patient_246,CTI (CC),77325.22637755418,start,ctiBeds,0.0,,,,
Patient_246,CTI (CC),200500.25663563516,complete,ctiBeds,0.0,,,,
Patient_246,CTI prepara Encaminhamento,200500.25663563516,start,,0.0,,,,
Patient_246,CTI prepara Encaminhamento,200548.17589492947,complete,,0.0,,,,
Patient_246,Encaminha_para a Clinica Cirurgica,200548.17589492947,complete,,,para a Clinica Cirurgica,200548.17589492947,,
Patient_246,Discharge,200548.17589492947,complete,,,,,,123222.9495173753
Patient_247,Arrival,77859.95640011241,complete,,0.0,,,,
Patient_247,Origem_do Centro Cirurgico,77859.95640011241,complete,,,do Centro Cirurgico,77859.95640011241,,
Patient_247,CTI (CC),77859.95640011241,start,ctiBeds,0.0,,,,
Patient_247,CTI (CC),82240.60178492252,complete,ctiBeds,0.0,,,,
Patient_247,CTI prepara Encaminhamento,82240.60178492252,start,,0.0,,,,
Patient_247,CTI prepara Encaminhamento,82281.41674706987,complete,,0.0,,,,
Patient_247,Encaminha_para a Clinica Medica,82281.41674706987,complete,,,para a Clinica Medica,82281.41674706987,,
Patient_247,Discharge,82281.41674706987,complete,,,,,,4421.460346957465
Patient_248,Arrival,78424.07642190419,complete,,0.0,,,,
Patient_248,Origem_do Pronto Socorro,78424.07642190419,complete,,,do Pronto Socorro,78424.07642190419,,
Patient_248,CTI (PS),78424.07642190419,start,ctiBeds,0.0,,,,
Patient_248,CTI (PS),85048.65489709773,complete,ctiBeds,0.0,,,,
Patient_248,CTI prepara Encaminhamento,85048.65489709773,start,,0.0,,,,
Patient_248,CTI prepara Encaminhamento,85087.85406380992,complete,,0.0,,,,
Patient_248,Encaminha_para a Clinica Medica,85087.85406380992,complete,,,para a Clinica Medica,85087.85406380992,,
Patient_248,Discharge,85087.85406380992,complete,,,,,,6663.777641905734
Patient_249,Arrival,78526.57381409356,complete,,0.0,,,,
Patient_249,Origem_do Pronto Socorro,78526.57381409356,complete,,,do Pronto Socorro,78526.57381409356,,
Patient_249,CTI (PS),78526.57381409356,start,ctiBeds,0.0,,,,
Patient_249,CTI (PS),79360.41639373684,complete,ctiBeds,0.0,,,,
Patient_249,CTI prepara Encaminhamento,79360.41639373684,start,,0.0,,,,
Patient_249,CTI prepara Encaminhamento,79405.27635672767,complete,,0.0,,,,
Patient_249,Encaminha_para a Clinica Medica,79405.27635672767,complete,,,para a Clinica Medica,79405.27635672767,,
Patient_249,Discharge,79405.27635672767,complete,,,,,,878.7025426341133
Patient_25,Arrival,6636.5393200509225,complete,,0.0,,,,
Patient_25,Origem_da Clinica Cirurgica,6636.5393200509225,complete,,,da Clinica Cirurgica,6636.5393200509225,,
Patient_25,CTI (CLIC),6636.5393200509225,start,ctiBeds,0.0,,,,
Patient_25,CTI (CLIC),13009.403801122851,complete,ctiBeds,0.0,,,,
Patient_25,CTI prepara Encaminhamento,13009.403801122851,start,,0.0,,,,
Patient_25,CTI prepara Encaminhamento,13056.043614480668,complete,,0.0,,,,
Patient_25,Encaminha_Obito,13056.043614480668,complete,,,Obito,13056.043614480668,,
Patient_25,Discharge,13056.043614480668,complete,,,,,,6419.504294429746
Patient_250,Arrival,78591.19254839358,complete,,0.0,,,,
Patient_250,Origem_do Pronto Socorro,78591.19254839358,complete,,,do Pronto Socorro,78591.19254839358,,
Patient_250,CTI (PS),78591.19254839358,start,ctiBeds,0.0,,,,
Patient_250,CTI (PS),89046.71077857922,complete,ctiBeds,0.0,,,,
Patient_250,CTI prepara Encaminhamento,89046.71077857922,start,,0.0,,,,
Patient_250,CTI prepara Encaminhamento,89083.08356961906,complete,,0.0,,,,
Patient_250,Encaminha_Obito,89083.08356961906,complete,,,Obito,89083.08356961906,,
Patient_250,Discharge,89083.08356961906,complete,,,,,,10491.891021225485
Patient_251,Arrival,78863.9168277253,complete,,0.0,,,,
Patient_251,Origem_do Pronto Socorro,78863.9168277253,complete,,,do Pronto Socorro,78863.9168277253,,
Patient_251,CTI (PS),78863.9168277253,start,ctiBeds,0.0,,,,
Patient_251,CTI (PS),100298.8014869191,complete,ctiBeds,0.0,,,,
Patient_251,CTI prepara Encaminhamento,100298.8014869191,start,,0.0,,,,
Patient_251,CTI prepara Encaminhamento,100352.34789401136,complete,,0.0,,,,
Patient_251,Encaminha_para a Clinica Cirurgica,100352.34789401136,complete,,,para a Clinica Cirurgica,100352.34789401136,,
Patient_251,Discharge,100352.34789401136,complete,,,,,,21488.43106628605
Patient_252,Arrival,78969.0897007476,complete,,0.0,,,,
Patient_252,Origem_da Clinica Medica,78969.0897007476,complete,,,da Clinica Medica,78969.0897007476,,
Patient_252,CTI (CLIM),78969.0897007476,start,ctiBeds,0.0,,,,
Patient_252,CTI (CLIM),91693.23428792362,complete,ctiBeds,0.0,,,,
Patient_252,CTI prepara Encaminhamento,91693.23428792362,start,,0.0,,,,
Patient_252,CTI prepara Encaminhamento,91741.56711779886,complete,,0.0,,,,
Patient_252,Encaminha_para a Clinica Cirurgica,91741.56711779886,complete,,,para a Clinica Cirurgica,91741.56711779886,,
Patient_252,Discharge,91741.56711779886,complete,,,,,,12772.477417051254
Patient_253,Arrival,79547.69118996804,complete,,0.0,,,,
Patient_253,Origem_do Pronto Socorro,79547.69118996804,complete,,,do Pronto Socorro,79547.69118996804,,
Patient_253,CTI (PS),79547.69118996804,start,ctiBeds,0.0,,,,
Patient_253,CTI (PS),86830.08211310893,complete,ctiBeds,0.0,,,,
Patient_253,CTI prepara Encaminhamento,86830.08211310893,start,,0.0,,,,
Patient_253,CTI prepara Encaminhamento,86867.59657547231,complete,,0.0,,,,
Patient_253,Encaminha_para a Clinica Medica,86867.59657547231,complete,,,para a Clinica Medica,86867.59657547231,,
Patient_253,Discharge,86867.59657547231,complete,,,,,,7319.905385504273
Patient_254,Arrival,80023.64180845382,complete,,0.0,,,,
Patient_254,Origem_do Pronto Socorro,80023.64180845382,complete,,,do Pronto Socorro,80023.64180845382,,
Patient_254,CTI (PS),80023.64180845382,start,ctiBeds,0.0,,,,
Patient_254,CTI (PS),93473.17452260842,complete,ctiBeds,0.0,,,,
Patient_254,CTI prepara Encaminhamento,93473.17452260842,start,,0.0,,,,
Patient_254,CTI prepara Encaminhamento,93506.44967201761,complete,,0.0,,,,
Patient_254,Encaminha_para a Clinica Cirurgica,93506.44967201761,complete,,,para a Clinica Cirurgica,93506.44967201761,,
Patient_254,Discharge,93506.44967201761,complete,,,,,,13482.807863563794
Patient_255,Arrival,80728.8254089726,complete,,0.0,,,,
Patient_255,Origem_da Clinica Cirurgica,80728.8254089726,complete,,,da Clinica Cirurgica,80728.8254089726,,
Patient_255,CTI (CLIC),80728.8254089726,start,ctiBeds,0.0,,,,
Patient_255,CTI (CLIC),92480.84077130383,complete,ctiBeds,0.0,,,,
Patient_255,CTI prepara Encaminhamento,92480.84077130383,start,,0.0,,,,
Patient_255,CTI prepara Encaminhamento,92521.45403768543,complete,,0.0,,,,
Patient_255,Encaminha_para a Clinica Medica,92521.45403768543,complete,,,para a Clinica Medica,92521.45403768543,,
Patient_255,Discharge,92521.45403768543,complete,,,,,,11792.628628712831
Patient_256,Arrival,80905.09365265215,complete,,0.0,,,,
Patient_256,Origem_do Pronto Socorro,80905.09365265215,complete,,,do Pronto Socorro,80905.09365265215,,
Patient_256,CTI (PS),80905.09365265215,start,ctiBeds,0.0,,,,
Patient_256,CTI (PS),118757.3668344914,complete,ctiBeds,0.0,,,,
Patient_256,CTI prepara Encaminhamento,118757.3668344914,start,,0.0,,,,
Patient_256,CTI prepara Encaminhamento,118793.23405880746,complete,,0.0,,,,
Patient_256,Encaminha_Obito,118793.23405880746,complete,,,Obito,118793.23405880746,,
Patient_256,Discharge,118793.23405880746,complete,,,,,,37888.140406155304
Patient_257,Arrival,81704.31314087761,complete,,0.0,,,,
Patient_257,Origem_do Pronto Socorro,81704.31314087761,complete,,,do Pronto Socorro,81704.31314087761,,
Patient_257,CTI (PS),81704.31314087761,start,ctiBeds,0.0,,,,
Patient_257,CTI (PS),83798.1284199212,complete,ctiBeds,0.0,,,,
Patient_257,CTI prepara Encaminhamento,83798.1284199212,start,,0.0,,,,
Patient_257,CTI prepara Encaminhamento,83843.31956058332,complete,,0.0,,,,
Patient_257,Encaminha_para a Clinica Cirurgica,83843.31956058332,complete,,,para a Clinica Cirurgica,83843.31956058332,,
Patient_257,Discharge,83843.31956058332,complete,,,,,,2139.0064197057072
Patient_258,Arrival,82477.25120541536,complete,,0.0,,,,
Patient_258,Origem_da Clinica Cirurgica,82477.25120541536,complete,,,da Clinica Cirurgica,82477.25120541536,,
Patient_258,CTI (CLIC),82477.25120541536,start,ctiBeds,0.0,,,,
Patient_258,CTI (CLIC),89481.71901377471,complete,ctiBeds,0.0,,,,
Patient_258,CTI prepara Encaminhamento,89481.71901377471,start,,0.0,,,,
Patient_258,CTI prepara Encaminhamento,89530.11497303721,complete,,0.0,,,,
Patient_258,Encaminha_para a Clinica Medica,89530.11497303721,complete,,,para a Clinica Medica,89530.11497303721,,
Patient_258,Discharge,89530.11497303721,complete,,,,,,7052.86376762185
Patient_259,Arrival,82641.66144269562,complete,,0.0,,,,
Patient_259,Origem_do Pronto Socorro,82641.66144269562,complete,,,do Pronto Socorro,82641.66144269562,,
Patient_259,CTI (PS),82641.66144269562,start,ctiBeds,0.0,,,,
Patient_259,CTI (PS),95186.5038509473,complete,ctiBeds,0.0,,,,
Patient_259,CTI prepara Encaminhamento,95186.5038509473,start,,0.0,,,,
Patient_259,CTI prepara Encaminhamento,95221.40836583254,complete,,0.0,,,,
Patient_259,Encaminha_para a Clinica Medica,95221.40836583254,complete,,,para a Clinica Medica,95221.40836583254,,
Patient_259,Discharge,95221.40836583254,complete,,,,,,12579.746923136918
Patient_26,Arrival,6667.990625647887,complete,,0.0,,,,
Patient_26,Origem_do Centro Cirurgico,6667.990625647887,complete,,,do Centro Cirurgico,6667.990625647887,,
Patient_26,CTI (CC),6667.990625647887,start,ctiBeds,0.0,,,,
Patient_26,CTI (CC),13491.164544700747,complete,ctiBeds,0.0,,,,
Patient_26,CTI prepara Encaminhamento,13491.164544700747,start,,0.0,,,,
Patient_26,CTI prepara Encaminhamento,13546.368017533012,complete,,0.0,,,,
Patient_26,Encaminha_para a Clinica Medica,13546.368017533012,complete,,,para a Clinica Medica,13546.368017533012,,
Patient_26,Discharge,13546.368017533012,complete,,,,,,6878.377391885125
Patient_260,Arrival,83087.24914494868,complete,,0.0,,,,
Patient_260,Origem_do Pronto Socorro,83087.24914494868,complete,,,do Pronto Socorro,83087.24914494868,,
Patient_260,CTI (PS),83087.24914494868,start,ctiBeds,0.0,,,,
Patient_260,CTI (PS),97016.85496486744,complete,ctiBeds,0.0,,,,
Patient_260,CTI prepara Encaminhamento,97016.85496486744,start,,0.0,,,,
Patient_260,CTI prepara Encaminhamento,97070.09372359855,complete,,0.0,,,,
Patient_260,Encaminha_para a Clinica Medica,97070.09372359855,complete,,,para a Clinica Medica,97070.09372359855,,
Patient_260,Discharge,97070.09372359855,complete,,,,,,13982.844578649863
Patient_261,Arrival,83581.32581302879,complete,,0.0,,,,
Patient_261,Origem_do Pronto Socorro,83581.32581302879,complete,,,do Pronto Socorro,83581.32581302879,,
Patient_261,CTI (PS),83581.32581302879,start,ctiBeds,0.0,,,,
Patient_261,CTI (PS),94822.27484717198,complete,ctiBeds,0.0,,,,
Patient_261,CTI prepara Encaminhamento,94822.27484717198,start,,0.0,,,,
Patient_261,CTI prepara Encaminhamento,94879.9205538861,complete,,0.0,,,,
Patient_261,Encaminha_Obito,94879.9205538861,complete,,,Obito,94879.9205538861,,
Patient_261,Discharge,94879.9205538861,complete,,,,,,11298.594740857312
Patient_262,Arrival,84118.39808348534,complete,,0.0,,,,
Patient_262,Origem_do Pronto Socorro,84118.39808348534,complete,,,do Pronto Socorro,84118.39808348534,,
Patient_262,CTI (PS),84118.39808348534,start,ctiBeds,0.0,,,,
Patient_262,CTI (PS),97644.05421403785,complete,ctiBeds,0.0,,,,
Patient_262,CTI prepara Encaminhamento,97644.05421403785,start,,0.0,,,,
Patient_262,CTI prepara Encaminhamento,97697.50980553043,complete,,0.0,,,,
Patient_262,Encaminha_Obito,97697.50980553043,complete,,,Obito,97697.50980553043,,
Patient_262,Discharge,97697.50980553043,complete,,,,,,13579.111722045083
Patient_263,Arrival,84240.13980945131,complete,,0.0,,,,
Patient_263,Origem_do Centro Cirurgico,84240.13980945131,complete,,,do Centro Cirurgico,84240.13980945131,,
Patient_263,CTI (CC),84240.13980945131,start,ctiBeds,0.0,,,,
Patient_263,CTI (CC),91619.47407432529,complete,ctiBeds,0.0,,,,
Patient_263,CTI prepara Encaminhamento,91619.47407432529,start,,0.0,,,,
Patient_263,CTI prepara Encaminhamento,91673.66799799603,complete,,0.0,,,,
Patient_263,Encaminha_para a Clinica Cirurgica,91673.66799799603,complete,,,para a Clinica Cirurgica,91673.66799799603,,
Patient_263,Discharge,91673.66799799603,complete,,,,,,7433.528188544718
Patient_264,Arrival,85935.40623856227,complete,,0.0,,,,
Patient_264,Origem_do Centro Cirurgico,85935.40623856227,complete,,,do Centro Cirurgico,85935.40623856227,,
Patient_264,CTI (CC),85935.40623856227,start,ctiBeds,0.0,,,,
Patient_264,CTI (CC),91675.78942813698,complete,ctiBeds,0.0,,,,
Patient_264,CTI prepara Encaminhamento,91675.78942813698,start,,0.0,,,,
Patient_264,CTI prepara Encaminhamento,91722.1636733142,complete,,0.0,,,,
Patient_264,Encaminha_para a Clinica Medica,91722.1636733142,complete,,,para a Clinica Medica,91722.1636733142,,
Patient_264,Discharge,91722.1636733142,complete,,,,,,5786.757434751926
Patient_265,Arrival,86296.98061679139,complete,,0.0,,,,
Patient_265,Origem_do Centro Cirurgico,86296.98061679139,complete,,,do Centro Cirurgico,86296.98061679139,,
Patient_265,CTI (CC),86296.98061679139,start,ctiBeds,0.0,,,,
Patient_265,CTI (CC),88468.0983723873,complete,ctiBeds,0.0,,,,
Patient_265,CTI prepara Encaminhamento,88468.0983723873,start,,0.0,,,,
Patient_265,CTI prepara Encaminhamento,88507.69903652636,complete,,0.0,,,,
Patient_265,Encaminha_para a Clinica Cirurgica,88507.69903652636,complete,,,para a Clinica Cirurgica,88507.69903652636,,
Patient_265,Discharge,88507.69903652636,complete,,,,,,2210.7184197349707
Patient_266,Arrival,86485.23721035838,complete,,0.0,,,,
Patient_266,Origem_da Clinica Cirurgica,86485.23721035838,complete,,,da Clinica Cirurgica,86485.23721035838,,
Patient_266,CTI (CLIC),86485.23721035838,start,ctiBeds,0.0,,,,
Patient_266,CTI (CLIC),100452.82204981518,complete,ctiBeds,0.0,,,,
Patient_266,CTI prepara Encaminhamento,100452.82204981518,start,,0.0,,,,
Patient_266,CTI prepara Encaminhamento,100510.37047883908,complete,,0.0,,,,
Patient_266,Encaminha_Obito,100510.37047883908,complete,,,Obito,100510.37047883908,,
Patient_266,Discharge,100510.37047883908,complete,,,,,,14025.133268480698
Patient_267,Arrival,86891.27044040353,complete,,0.0,,,,
Patient_267,Origem_do Centro Cirurgico,86891.27044040353,complete,,,do Centro Cirurgico,86891.27044040353,,
Patient_267,CTI (CC),86891.27044040353,start,ctiBeds,0.0,,,,
Patient_267,CTI (CC),97043.29979160454,complete,ctiBeds,0.0,,,,
Patient_267,CTI prepara Encaminhamento,97043.29979160454,start,,0.0,,,,
Patient_267,CTI prepara Encaminhamento,97092.05873568468,complete,,0.0,,,,
Patient_267,Encaminha_Transferencia Externa,97092.05873568468,complete,,,Transferencia Externa,97092.05873568468,,
Patient_267,Discharge,97092.05873568468,complete,,,,,,10200.788295281149
Patient_268,Arrival,87507.65468605969,complete,,0.0,,,,
Patient_268,Origem_do Centro Cirurgico,87507.65468605969,complete,,,do Centro Cirurgico,87507.65468605969,,
Patient_268,CTI (CC),87507.65468605969,start,ctiBeds,0.0,,,,
Patient_268,CTI (CC),143024.48601780637,complete,ctiBeds,0.0,,,,
Patient_268,CTI prepara Encaminhamento,143024.48601780637,start,,0.0,,,,
Patient_268,CTI prepara Encaminhamento,143076.2606752585,complete,,0.0,,,,
Patient_268,Encaminha_para a Clinica Cirurgica,143076.2606752585,complete,,,para a Clinica Cirurgica,143076.2606752585,,
Patient_268,Discharge,143076.2606752585,complete,,,,,,55568.60598919881
Patient_269,Arrival,88415.25208078463,complete,,0.0,,,,
Patient_269,Origem_da Clinica Medica,88415.25208078463,complete,,,da Clinica Medica,88415.25208078463,,
Patient_269,CTI (CLIM),88415.25208078463,start,ctiBeds,0.0,,,,
Patient_269,CTI (CLIM),125706.56636543357,complete,ctiBeds,0.0,,,,
Patient_269,CTI prepara Encaminhamento,125706.56636543357,start,,0.0,,,,
Patient_269,CTI prepara Encaminhamento,125765.44568432526,complete,,0.0,,,,
Patient_269,Encaminha_para a Clinica Medica,125765.44568432526,complete,,,para a Clinica Medica,125765.44568432526,,
Patient_269,Discharge,125765.44568432526,complete,,,,,,37350.193603540625
Patient_27,Arrival,6849.984830992254,complete,,0.0,,,,
Patient_27,Origem_do Pronto Socorro,6849.984830992254,complete,,,do Pronto Socorro,6849.984830992254,,
Patient_27,CTI (PS),6849.984830992254,start,ctiBeds,0.0,,,,
Patient_27,CTI (PS),9060.650814727602,complete,ctiBeds,0.0,,,,
Patient_27,CTI prepara Encaminhamento,9060.650814727602,start,,0.0,,,,
Patient_27,CTI prepara Encaminhamento,9103.69873259426,complete,,0.0,,,,
Patient_27,Encaminha_para a Clinica Cirurgica,9103.69873259426,complete,,,para a Clinica Cirurgica,9103.69873259426,,
Patient_27,Discharge,9103.69873259426,complete,,,,,,2253.7139016020055
Patient_270,Arrival,88686.28864793792,complete,,0.0,,,,
Patient_270,Origem_do Pronto Socorro,88686.28864793792,complete,,,do Pronto Socorro,88686.28864793792,,
Patient_270,CTI (PS),88686.28864793792,start,ctiBeds,0.0,,,,
Patient_270,CTI (PS),92579.91752367864,complete,ctiBeds,0.0,,,,
Patient_270,CTI prepara Encaminhamento,92579.91752367864,start,,0.0,,,,
Patient_270,CTI prepara Encaminhamento,92639.26928424368,complete,,0.0,,,,
Patient_270,Encaminha_para a Clinica Cirurgica,92639.26928424368,complete,,,para a Clinica Cirurgica,92639.26928424368,,
Patient_270,Discharge,92639.26928424368,complete,,,,,,3952.980636305758
Patient_271,Arrival,89213.73590083809,complete,,0.0,,,,
Patient_271,Origem_do Pronto Socorro,89213.73590083809,complete,,,do Pronto Socorro,89213.73590083809,,
Patient_271,CTI (PS),89213.73590083809,start,ctiBeds,0.0,,,,
Patient_271,CTI (PS),89323.1202441258,complete,ctiBeds,0.0,,,,
Patient_271,CTI prepara Encaminhamento,89323.1202441258,start,,0.0,,,,
Patient_271,CTI prepara Encaminhamento,89354.25702443994,complete,,0.0,,,,
Patient_271,Encaminha_para a Clinica Cirurgica,89354.25702443994,complete,,,para a Clinica Cirurgica,89354.25702443994,,
Patient_271,Discharge,89354.25702443994,complete,,,,,,140.5211236018513
Patient_272,Arrival,90061.67174913989,complete,,0.0,,,,
Patient_272,Origem_do Centro Cirurgico,90061.67174913989,complete,,,do Centro Cirurgico,90061.67174913989,,
Patient_272,CTI (CC),90061.67174913989,start,ctiBeds,0.0,,,,
Patient_272,CTI (CC),93322.41123649292,complete,ctiBeds,0.0,,,,
Patient_272,CTI prepara Encaminhamento,93322.41123649292,start,,0.0,,,,
Patient_272,CTI prepara Encaminhamento,93363.93575233535,complete,,0.0,,,,
Patient_272,Encaminha_para a Clinica Cirurgica,93363.93575233535,complete,,,para a Clinica Cirurgica,93363.93575233535,,
Patient_272,Discharge,93363.93575233535,complete,,,,,,3302.264003195465
Patient_273,Arrival,90361.87136358087,complete,,0.0,,,,
Patient_273,Origem_da Clinica Medica,90361.87136358087,complete,,,da Clinica Medica,90361.87136358087,,
Patient_273,CTI (CLIM),90361.87136358087,start,ctiBeds,0.0,,,,
Patient_273,CTI (CLIM),95252.0126514729,complete,ctiBeds,0.0,,,,
Patient_273,CTI prepara Encaminhamento,95252.0126514729,start,,0.0,,,,
Patient_273,CTI prepara Encaminhamento,95307.32429104393,complete,,0.0,,,,
Patient_273,Encaminha_para a Clinica Medica,95307.32429104393,complete,,,para a Clinica Medica,95307.32429104393,,
Patient_273,Discharge,95307.32429104393,complete,,,,,,4945.452927463062
Patient_274,Arrival,91378.81666097004,complete,,0.0,,,,
Patient_274,Origem_do Pronto Socorro,91378.81666097004,complete,,,do Pronto Socorro,91378.81666097004,,
Patient_274,CTI (PS),91378.81666097004,start,ctiBeds,0.0,,,,
Patient_274,CTI (PS),109504.68965240249,complete,ctiBeds,0.0,,,,
Patient_274,CTI prepara Encaminhamento,109504.68965240249,start,,0.0,,,,
Patient_274,CTI prepara Encaminhamento,109554.95355570223,complete,,0.0,,,,
Patient_274,Encaminha_para a Clinica Medica,109554.95355570223,complete,,,para a Clinica Medica,109554.95355570223,,
Patient_274,Discharge,109554.95355570223,complete,,,,,,18176.13689473219
Patient_275,Arrival,91417.5194261341,complete,,0.0,,,,
Patient_275,Origem_do Centro Cirurgico,91417.5194261341,complete,,,do Centro Cirurgico,91417.5194261341,,
Patient_275,CTI (CC),91417.5194261341,start,ctiBeds,0.0,,,,
Patient_275,CTI (CC),97185.25383354907,complete,ctiBeds,0.0,,,,
Patient_275,CTI prepara Encaminhamento,97185.25383354907,start,,0.0,,,,
Patient_275,CTI prepara Encaminhamento,97231.75811746388,complete,,0.0,,,,
Patient_275,Encaminha_para a Clinica Cirurgica,97231.75811746388,complete,,,para a Clinica Cirurgica,97231.75811746388,,
Patient_275,Discharge,97231.75811746388,complete,,,,,,5814.238691329781
Patient_276,Arrival,91883.2831274069,complete,,0.0,,,,
Patient_276,Origem_do Centro Cirurgico,91883.2831274069,complete,,,do Centro Cirurgico,91883.2831274069,,
Patient_276,CTI (CC),91883.2831274069,start,ctiBeds,0.0,,,,
Patient_276,CTI (CC),118207.83602472034,complete,ctiBeds,0.0,,,,
Patient_276,CTI prepara Encaminhamento,118207.83602472034,start,,0.0,,,,
Patient_276,CTI prepara Encaminhamento,118250.24835309666,complete,,0.0,,,,
Patient_276,Encaminha_Obito,118250.24835309666,complete,,,Obito,118250.24835309666,,
Patient_276,Discharge,118250.24835309666,complete,,,,,,26366.965225689753
Patient_277,Arrival,91977.26521249156,complete,,0.0,,,,
Patient_277,Origem_do Pronto Socorro,91977.26521249156,complete,,,do Pronto Socorro,91977.26521249156,,
Patient_277,CTI (PS),91977.26521249156,start,ctiBeds,0.0,,,,
Patient_277,CTI (PS),93818.0695220256,complete,ctiBeds,0.0,,,,
Patient_277,CTI prepara Encaminhamento,93818.0695220256,start,,0.0,,,,
Patient_277,CTI prepara Encaminhamento,93864.03567473304,complete,,0.0,,,,
Patient_277,Encaminha_Obito,93864.03567473304,complete,,,Obito,93864.03567473304,,
Patient_277,Discharge,93864.03567473304,complete,,,,,,1886.770462241475
Patient_278,Arrival,92333.4427013203,complete,,0.0,,,,
Patient_278,Origem_da Clinica Medica,92333.4427013203,complete,,,da Clinica Medica,92333.4427013203,,
Patient_278,CTI (CLIM),92333.4427013203,start,ctiBeds,0.0,,,,
Patient_278,CTI (CLIM),96572.34671431052,complete,ctiBeds,0.0,,,,
Patient_278,CTI prepara Encaminhamento,96572.34671431052,start,,0.0,,,,
Patient_278,CTI prepara Encaminhamento,96620.16679547708,complete,,0.0,,,,
Patient_278,Encaminha_para a Clinica Cirurgica,96620.16679547708,complete,,,para a Clinica Cirurgica,96620.16679547708,,
Patient_278,Discharge,96620.16679547708,complete,,,,,,4286.724094156787
Patient_279,Arrival,92342.46892742309,complete,,0.0,,,,
Patient_279,Origem_do Pronto Socorro,92342.46892742309,complete,,,do Pronto Socorro,92342.46892742309,,
Patient_279,CTI (PS),92342.46892742309,start,ctiBeds,0.0,,,,
Patient_279,CTI (PS),95198.66389212938,complete,ctiBeds,0.0,,,,
Patient_279,CTI prepara Encaminhamento,95198.66389212938,start,,0.0,,,,
Patient_279,CTI prepara Encaminhamento,95247.53513886093,complete,,0.0,,,,
Patient_279,Encaminha_para a Clinica Medica,95247.53513886093,complete,,,para a Clinica Medica,95247.53513886093,,
Patient_279,Discharge,95247.53513886093,complete,,,,,,2905.0662114378356
Patient_28,Arrival,7818.004008230038,complete,,0.0,,,,
Patient_28,Origem_do Pronto Socorro,7818.004008230038,complete,,,do Pronto Socorro,7818.004008230038,,
Patient_28,CTI (PS),7818.004008230038,start,ctiBeds,0.0,,,,
Patient_28,CTI (PS),9069.170481595887,complete,ctiBeds,0.0,,,,
Patient_28,CTI prepara Encaminhamento,9069.170481595887,start,,0.0,,,,
Patient_28,CTI prepara Encaminhamento,9111.961842371727,complete,,0.0,,,,
Patient_28,Encaminha_para a Clinica Medica,9111.961842371727,complete,,,para a Clinica Medica,9111.961842371727,,
Patient_28,Discharge,9111.961842371727,complete,,,,,,1293.957834141689
Patient_280,Arrival,92713.0795331146,complete,,0.0,,,,
Patient_280,Origem_do Centro Cirurgico,92713.0795331146,complete,,,do Centro Cirurgico,92713.0795331146,,
Patient_280,CTI (CC),92713.0795331146,start,ctiBeds,0.0,,,,
Patient_280,CTI (CC),97067.24930964201,complete,ctiBeds,0.0,,,,
Patient_280,CTI prepara Encaminhamento,97067.24930964201,start,,0.0,,,,
Patient_280,CTI prepara Encaminhamento,97101.72484669583,complete,,0.0,,,,
Patient_280,Encaminha_para a Clinica Cirurgica,97101.72484669583,complete,,,para a Clinica Cirurgica,97101.72484669583,,
Patient_280,Discharge,97101.72484669583,complete,,,,,,4388.6453135812335
Patient_281,Arrival,92763.25307714577,complete,,0.0,,,,
Patient_281,Origem_do Centro Cirurgico,92763.25307714577,complete,,,do Centro Cirurgico,92763.25307714577,,
Patient_281,CTI (CC),92763.25307714577,start,ctiBeds,0.0,,,,
Patient_281,CTI (CC),100709.25355645026,complete,ctiBeds,0.0,,,,
Patient_281,CTI prepara Encaminhamento,100709.25355645026,start,,0.0,,,,
Patient_281,CTI prepara Encaminhamento,100763.60282160163,complete,,0.0,,,,
Patient_281,Encaminha_para a Clinica Medica,100763.60282160163,complete,,,para a Clinica Medica,100763.60282160163,,
Patient_281,Discharge,100763.60282160163,complete,,,,,,8000.34974445586
Patient_282,Arrival,93570.87223501629,complete,,0.0,,,,
Patient_282,Origem_da Clinica Medica,93570.87223501629,complete,,,da Clinica Medica,93570.87223501629,,
Patient_282,CTI (CLIM),93570.87223501629,start,ctiBeds,0.0,,,,
Patient_282,CTI (CLIM),98205.28344198776,complete,ctiBeds,0.0,,,,
Patient_282,CTI prepara Encaminhamento,98205.28344198776,start,,0.0,,,,
Patient_282,CTI prepara Encaminhamento,98237.3164666377,complete,,0.0,,,,
Patient_282,Encaminha_Obito,98237.3164666377,complete,,,Obito,98237.3164666377,,
Patient_282,Discharge,98237.3164666377,complete,,,,,,4666.444231621412
Patient_283,Arrival,93686.34447997718,complete,,0.0,,,,
Patient_283,Origem_da Maternidade,93686.34447997718,complete,,,da Maternidade,93686.34447997718,,
Patient_283,CTI (MAT),93686.34447997718,start,ctiBeds,0.0,,,,
Patient_283,CTI (MAT),95909.28443097202,complete,ctiBeds,0.0,,,,
Patient_283,CTI prepara Encaminhamento,95909.28443097202,start,,0.0,,,,
Patient_283,CTI prepara Encaminhamento,95962.0657134559,complete,,0.0,,,,
Patient_283,Encaminha_para a Clinica Cirurgica,95962.0657134559,complete,,,para a Clinica Cirurgica,95962.0657134559,,
Patient_283,Discharge,95962.0657134559,complete,,,,,,2275.721233478718
Patient_284,Arrival,93951.64406966936,complete,,0.0,,,,
Patient_284,Origem_do Pronto Socorro,93951.64406966936,complete,,,do Pronto Socorro,93951.64406966936,,
Patient_284,CTI (PS),93951.64406966936,start,ctiBeds,0.0,,,,
Patient_284,CTI (PS),128955.97309727203,complete,ctiBeds,0.0,,,,
Patient_284,CTI prepara Encaminhamento,128955.97309727203,start,,0.0,,,,
Patient_284,CTI prepara Encaminhamento,128988.50160924978,complete,,0.0,,,,
Patient_284,Encaminha_Obito,128988.50160924978,complete,,,Obito,128988.50160924978,,
Patient_284,Discharge,128988.50160924978,complete,,,,,,35036.85753958042
Patient_285,Arrival,94938.51885626721,complete,,0.0,,,,
Patient_285,Origem_do Pronto Socorro,94938.51885626721,complete,,,do Pronto Socorro,94938.51885626721,,
Patient_285,CTI (PS),94938.51885626721,start,ctiBeds,0.0,,,,
Patient_285,CTI (PS),102746.2430203028,complete,ctiBeds,0.0,,,,
Patient_285,CTI prepara Encaminhamento,102746.2430203028,start,,0.0,,,,
Patient_285,CTI prepara Encaminhamento,102788.61523794424,complete,,0.0,,,,
Patient_285,Encaminha_para a Clinica Medica,102788.61523794424,complete,,,para a Clinica Medica,102788.61523794424,,
Patient_285,Discharge,102788.61523794424,complete,,,,,,7850.096381677024
Patient_286,Arrival,95279.39624291065,complete,,0.0,,,,
Patient_286,Origem_da Clinica Medica,95279.39624291065,complete,,,da Clinica Medica,95279.39624291065,,
Patient_286,CTI (CLIM),95279.39624291065,start,ctiBeds,0.0,,,,
Patient_286,CTI (CLIM),99543.70684220591,complete,ctiBeds,0.0,,,,
Patient_286,CTI prepara Encaminhamento,99543.70684220591,start,,0.0,,,,
Patient_286,CTI prepara Encaminhamento,99600.84975701667,complete,,0.0,,,,
Patient_286,Encaminha_para a Clinica Cirurgica,99600.84975701667,complete,,,para a Clinica Cirurgica,99600.84975701667,,
Patient_286,Discharge,99600.84975701667,complete,,,,,,4321.453514106019
Patient_287,Arrival,95895.55807988835,complete,,0.0,,,,
Patient_287,Origem_do Pronto Socorro,95895.55807988835,complete,,,do Pronto Socorro,95895.55807988835,,
Patient_287,CTI (PS),95895.55807988835,start,ctiBeds,0.0,,,,
Patient_287,CTI (PS),100001.23030589502,complete,ctiBeds,0.0,,,,
Patient_287,CTI prepara Encaminhamento,100001.23030589502,start,,0.0,,,,
Patient_287,CTI prepara Encaminhamento,100044.90044846514,complete,,0.0,,,,
Patient_287,Encaminha_para a Clinica Medica,100044.90044846514,complete,,,para a Clinica Medica,100044.90044846514,,
Patient_287,Discharge,100044.90044846514,complete,,,,,,4149.342368576792
Patient_288,Arrival,96007.78081849916,complete,,0.0,,,,
Patient_288,Origem_do Pronto Socorro,96007.78081849916,complete,,,do Pronto Socorro,96007.78081849916,,
Patient_288,CTI (PS),96007.78081849916,start,ctiBeds,0.0,,,,
Patient_288,CTI (PS),100402.42313616998,complete,ctiBeds,0.0,,,,
Patient_288,CTI prepara Encaminhamento,100402.42313616998,start,,0.0,,,,
Patient_288,CTI prepara Encaminhamento,100456.92775361722,complete,,0.0,,,,
Patient_288,Encaminha_para a Clinica Cirurgica,100456.92775361722,complete,,,para a Clinica Cirurgica,100456.92775361722,,
Patient_288,Discharge,100456.92775361722,complete,,,,,,4449.146935118057
Patient_289,Arrival,96240.64113809091,complete,,0.0,,,,
Patient_289,Origem_do Pronto Socorro,96240.64113809091,complete,,,do Pronto Socorro,96240.64113809091,,
Patient_289,CTI (PS),96240.64113809091,start,ctiBeds,0.0,,,,
Patient_289,CTI (PS),117372.88612660363,complete,ctiBeds,0.0,,,,
Patient_289,CTI prepara Encaminhamento,117372.88612660363,start,,0.0,,,,
Patient_289,CTI prepara Encaminhamento,117404.32545530231,complete,,0.0,,,,
Patient_289,Encaminha_para a Clinica Medica,117404.32545530231,complete,,,para a Clinica Medica,117404.32545530231,,
Patient_289,Discharge,117404.32545530231,complete,,,,,,21163.684317211402
Patient_29,Arrival,8084.997470469187,complete,,0.0,,,,
Patient_29,Origem_do Centro Cirurgico,8084.997470469187,complete,,,do Centro Cirurgico,8084.997470469187,,
Patient_29,CTI (CC),8084.997470469187,start,ctiBeds,0.0,,,,
Patient_29,CTI (CC),16512.16450783311,complete,ctiBeds,0.0,,,,
Patient_29,CTI prepara Encaminhamento,16512.16450783311,start,,0.0,,,,
Patient_29,CTI prepara Encaminhamento,16550.763517793876,complete,,0.0,,,,
Patient_29,Encaminha_para a Clinica Medica,16550.763517793876,complete,,,para a Clinica Medica,16550.763517793876,,
Patient_29,Discharge,16550.763517793876,complete,,,,,,8465.766047324689
Patient_290,Arrival,96326.82188373266,complete,,0.0,,,,
Patient_290,Origem_do Centro Cirurgico,96326.82188373266,complete,,,do Centro Cirurgico,96326.82188373266,,
Patient_290,CTI (CC),96326.82188373266,start,ctiBeds,0.0,,,,
Patient_290,CTI (CC),99127.16072990204,complete,ctiBeds,0.0,,,,
Patient_290,CTI prepara Encaminhamento,99127.16072990204,start,,0.0,,,,
Patient_290,CTI prepara Encaminhamento,99171.76379787215,complete,,0.0,,,,
Patient_290,Encaminha_para a Clinica Cirurgica,99171.76379787215,complete,,,para a Clinica Cirurgica,99171.76379787215,,
Patient_290,Discharge,99171.76379787215,complete,,,,,,2844.94191413949
Patient_291,Arrival,96796.05457294437,complete,,0.0,,,,
Patient_291,Origem_do Centro Cirurgico,96796.05457294437,complete,,,do Centro Cirurgico,96796.05457294437,,
Patient_291,CTI (CC),96796.05457294437,start,ctiBeds,0.0,,,,
Patient_291,CTI (CC),105316.69961690115,complete,ctiBeds,0.0,,,,
Patient_291,CTI prepara Encaminhamento,105316.69961690115,start,,0.0,,,,
Patient_291,CTI prepara Encaminhamento,105373.31833646756,complete,,0.0,,,,
Patient_291,Encaminha_para a Clinica Medica,105373.31833646756,complete,,,para a Clinica Medica,105373.31833646756,,
Patient_291,Discharge,105373.31833646756,complete,,,,,,8577.263763523195
Patient_292,Arrival,96798.95119022133,complete,,0.0,,,,
Patient_292,Origem_do Pronto Socorro,96798.95119022133,complete,,,do Pronto Socorro,96798.95119022133,,
Patient_292,CTI (PS),96798.95119022133,start,ctiBeds,0.0,,,,
Patient_292,CTI (PS),108789.50055158786,complete,ctiBeds,0.0,,,,
Patient_292,CTI prepara Encaminhamento,108789.50055158786,start,,0.0,,,,
Patient_292,CTI prepara Encaminhamento,108820.98499747153,complete,,0.0,,,,
Patient_292,Encaminha_para a Clinica Cirurgica,108820.98499747153,complete,,,para a Clinica Cirurgica,108820.98499747153,,
Patient_292,Discharge,108820.98499747153,complete,,,,,,12022.033807250205
Patient_293,Arrival,96924.6494203694,complete,,0.0,,,,
Patient_293,Origem_do Centro Cirurgico,96924.6494203694,complete,,,do Centro Cirurgico,96924.6494203694,,
Patient_293,CTI (CC),96924.6494203694,start,ctiBeds,0.0,,,,
Patient_293,CTI (CC),106944.68621882483,complete,ctiBeds,0.0,,,,
Patient_293,CTI prepara Encaminhamento,106944.68621882483,start,,0.0,,,,
Patient_293,CTI prepara Encaminhamento,106983.78936953201,complete,,0.0,,,,
Patient_293,Encaminha_Transferencia Externa,106983.78936953201,complete,,,Transferencia Externa,106983.78936953201,,
Patient_293,Discharge,106983.78936953201,complete,,,,,,10059.139949162607
Patient_294,Arrival,97701.35140953082,complete,,0.0,,,,
Patient_294,Origem_do Pronto Socorro,97701.35140953082,complete,,,do Pronto Socorro,97701.35140953082,,
Patient_294,CTI (PS),97701.35140953082,start,ctiBeds,0.0,,,,
Patient_294,CTI (PS),99875.6228376753,complete,ctiBeds,0.0,,,,
Patient_294,CTI prepara Encaminhamento,99875.6228376753,start,,0.0,,,,
Patient_294,CTI prepara Encaminhamento,99919.11154459137,complete,,0.0,,,,
Patient_294,Encaminha_para a Clinica Medica,99919.11154459137,complete,,,para a Clinica Medica,99919.11154459137,,
Patient_294,Discharge,99919.11154459137,complete,,,,,,2217.7601350605546
Patient_295,Arrival,97781.68444162485,complete,,0.0,,,,
Patient_295,Origem_do Pronto Socorro,97781.68444162485,complete,,,do Pronto Socorro,97781.68444162485,,
Patient_295,CTI (PS),97781.68444162485,start,ctiBeds,0.0,,,,
Patient_295,CTI (PS),112432.81043575527,complete,ctiBeds,0.0,,,,
Patient_295,CTI prepara Encaminhamento,112432.81043575527,start,,0.0,,,,
Patient_295,CTI prepara Encaminhamento,112467.97103753428,complete,,0.0,,,,
Patient_295,Encaminha_Obito,112467.97103753428,complete,,,Obito,112467.97103753428,,
Patient_295,Discharge,112467.97103753428,complete,,,,,,14686.286595909434
Patient_296,Arrival,97979.66929056992,complete,,0.0,,,,
Patient_296,Origem_do Centro Cirurgico,97979.66929056992,complete,,,do Centro Cirurgico,97979.66929056992,,
Patient_296,CTI (CC),97979.66929056992,start,ctiBeds,0.0,,,,
Patient_296,CTI (CC),98925.57911442216,complete,ctiBeds,0.0,,,,
Patient_296,CTI prepara Encaminhamento,98925.57911442216,start,,0.0,,,,
Patient_296,CTI prepara Encaminhamento,98961.00317998177,complete,,0.0,,,,
Patient_296,Encaminha_para a Clinica Medica,98961.00317998177,complete,,,para a Clinica Medica,98961.00317998177,,
Patient_296,Discharge,98961.00317998177,complete,,,,,,981.3338894118497
Patient_297,Arrival,98160.34732407189,complete,,0.0,,,,
Patient_297,Origem_da Clinica Medica,98160.34732407189,complete,,,da Clinica Medica,98160.34732407189,,
Patient_297,CTI (CLIM),98160.34732407189,start,ctiBeds,0.0,,,,
Patient_297,CTI (CLIM),105725.85132561736,complete,ctiBeds,0.0,,,,
Patient_297,CTI prepara Encaminhamento,105725.85132561736,start,,0.0,,,,
Patient_297,CTI prepara Encaminhamento,105767.17707084998,complete,,0.0,,,,
Patient_297,Encaminha_para a Clinica Cirurgica,105767.17707084998,complete,,,para a Clinica Cirurgica,105767.17707084998,,
Patient_297,Discharge,105767.17707084998,complete,,,,,,7606.829746778094
Patient_298,Arrival,98192.40139696158,complete,,0.0,,,,
Patient_298,Origem_do Pronto Socorro,98192.40139696158,complete,,,do Pronto Socorro,98192.40139696158,,
Patient_298,CTI (PS),98192.40139696158,start,ctiBeds,0.0,,,,
Patient_298,CTI (PS),108828.84329416815,complete,ctiBeds,0.0,,,,
Patient_298,CTI prepara Encaminhamento,108828.84329416815,start,,0.0,,,,
Patient_298,CTI prepara Encaminhamento,108880.54385226396,complete,,0.0,,,,
Patient_298,Encaminha_Obito,108880.54385226396,complete,,,Obito,108880.54385226396,,
Patient_298,Discharge,108880.54385226396,complete,,,,,,10688.142455302383
Patient_299,Arrival,98261.85378823921,complete,,0.0,,,,
Patient_299,Origem_do Centro Cirurgico,98261.85378823921,complete,,,do Centro Cirurgico,98261.85378823921,,
Patient_299,CTI (CC),98261.85378823921,start,ctiBeds,0.0,,,,
Patient_299,CTI (CC),102706.06334870732,complete,ctiBeds,0.0,,,,
Patient_299,CTI prepara Encaminhamento,102706.06334870732,start,,0.0,,,,
Patient_299,CTI prepara Encaminhamento,102757.90322594777,complete,,0.0,,,,
Patient_299,Encaminha_Obito,102757.90322594777,complete,,,Obito,102757.90322594777,,
Patient_299,Discharge,102757.90322594777,complete,,,,,,4496.049437708556
Patient_3,Arrival,170.66249734041133,complete,,0.0,,,,
Patient_3,Origem_do Pronto Socorro,170.66249734041133,complete,,,do Pronto Socorro,170.66249734041133,,
Patient_3,CTI (PS),170.66249734041133,start,ctiBeds,0.0,,,,
Patient_3,CTI (PS),7092.050160745545,complete,ctiBeds,0.0,,,,
Patient_3,CTI prepara Encaminhamento,7092.050160745545,start,,0.0,,,,
Patient_3,CTI prepara Encaminhamento,7130.052597293885,complete,,0.0,,,,
Patient_3,Encaminha_para a Clinica Medica,7130.052597293885,complete,,,para a Clinica Medica,7130.052597293885,,
Patient_3,Discharge,7130.052597293885,complete,,,,,,6959.3900999534735
Patient_30,Arrival,8122.073242375033,complete,,0.0,,,,
Patient_30,Origem_do Pronto Socorro,8122.073242375033,complete,,,do Pronto Socorro,8122.073242375033,,
Patient_30,CTI (PS),8122.073242375033,start,ctiBeds,0.0,,,,
Patient_30,CTI (PS),42369.280899155325,complete,ctiBeds,0.0,,,,
Patient_30,CTI prepara Encaminhamento,42369.280899155325,start,,0.0,,,,
Patient_30,CTI prepara Encaminhamento,42411.20625356647,complete,,0.0,,,,
Patient_30,Encaminha_para a Clinica Medica,42411.20625356647,complete,,,para a Clinica Medica,42411.20625356647,,
Patient_30,Discharge,42411.20625356647,complete,,,,,,34289.13301119144
Patient_300,Arrival,98424.81715504875,complete,,0.0,,,,
Patient_300,Origem_do Centro Cirurgico,98424.81715504875,complete,,,do Centro Cirurgico,98424.81715504875,,
Patient_300,CTI (CC),98424.81715504875,start,ctiBeds,0.0,,,,
Patient_300,CTI (CC),123568.4577749399,complete,ctiBeds,0.0,,,,
Patient_300,CTI prepara Encaminhamento,123568.4577749399,start,,0.0,,,,
Patient_300,CTI prepara Encaminhamento,123612.286839911,complete,,0.0,,,,
Patient_300,Encaminha_para a Clinica Cirurgica,123612.286839911,complete,,,para a Clinica Cirurgica,123612.286839911,,
Patient_300,Discharge,123612.286839911,complete,,,,,,25187.469684862255
Patient_301,Arrival,98530.74668255124,complete,,0.0,,,,
Patient_301,Origem_do Centro Cirurgico,98530.74668255124,complete,,,do Centro Cirurgico,98530.74668255124,,
Patient_301,CTI (CC),98530.74668255124,start,ctiBeds,0.0,,,,
Patient_301,CTI (CC),100246.44598072587,complete,ctiBeds,0.0,,,,
Patient_301,CTI prepara Encaminhamento,100246.44598072587,start,,0.0,,,,
Patient_301,CTI prepara Encaminhamento,100301.9659558132,complete,,0.0,,,,
Patient_301,Encaminha_para a Clinica Cirurgica,100301.9659558132,complete,,,para a Clinica Cirurgica,100301.9659558132,,
Patient_301,Discharge,100301.9659558132,complete,,,,,,1771.2192732619587
Patient_302,Arrival,99023.32244491119,complete,,0.0,,,,
Patient_302,Origem_do Pronto Socorro,99023.32244491119,complete,,,do Pronto Socorro,99023.32244491119,,
Patient_302,CTI (PS),99023.32244491119,start,ctiBeds,0.0,,,,
Patient_302,CTI (PS),110969.24407708249,complete,ctiBeds,0.0,,,,
Patient_302,CTI prepara Encaminhamento,110969.24407708249,start,,0.0,,,,
Patient_302,CTI prepara Encaminhamento,111011.90320411934,complete,,0.0,,,,
Patient_302,Encaminha_para a Clinica Cirurgica,111011.90320411934,complete,,,para a Clinica Cirurgica,111011.90320411934,,
Patient_302,Discharge,111011.90320411934,complete,,,,,,11988.580759208155
Patient_303,Arrival,99571.59586793237,complete,,0.0,,,,
Patient_303,Origem_do Pronto Socorro,99571.59586793237,complete,,,do Pronto Socorro,99571.59586793237,,
Patient_303,CTI (PS),99571.59586793237,start,ctiBeds,0.0,,,,
Patient_303,CTI (PS),107605.36404566729,complete,ctiBeds,0.0,,,,
Patient_303,CTI prepara Encaminhamento,107605.36404566729,start,,0.0,,,,
Patient_303,CTI prepara Encaminhamento,107658.10929340246,complete,,0.0,,,,
Patient_303,Encaminha_Obito,107658.10929340246,complete,,,Obito,107658.10929340246,,
Patient_303,Discharge,107658.10929340246,complete,,,,,,8086.513425470097
Patient_304,Arrival,99786.25376902313,complete,,0.0,,,,
Patient_304,Origem_do Pronto Socorro,99786.25376902313,complete,,,do Pronto Socorro,99786.25376902313,,
Patient_304,CTI (PS),99786.25376902313,start,ctiBeds,0.0,,,,
Patient_304,CTI (PS),107760.19437408823,complete,ctiBeds,0.0,,,,
Patient_304,CTI prepara Encaminhamento,107760.19437408823,start,,0.0,,,,
Patient_304,CTI prepara Encaminhamento,107810.37471518136,complete,,0.0,,,,
Patient_304,Encaminha_para a Clinica Medica,107810.37471518136,complete,,,para a Clinica Medica,107810.37471518136,,
Patient_304,Discharge,107810.37471518136,complete,,,,,,8024.120946158233
Patient_305,Arrival,100183.80568463568,complete,,0.0,,,,
Patient_305,Origem_do Pronto Socorro,100183.80568463568,complete,,,do Pronto Socorro,100183.80568463568,,
Patient_305,CTI (PS),100183.80568463568,start,ctiBeds,0.0,,,,
Patient_305,CTI (PS),131402.93151237274,complete,ctiBeds,0.0,,,,
Patient_305,CTI prepara Encaminhamento,131402.93151237274,start,,0.0,,,,
Patient_305,CTI prepara Encaminhamento,131453.8440494304,complete,,0.0,,,,
Patient_305,Encaminha_para a Clinica Medica,131453.8440494304,complete,,,para a Clinica Medica,131453.8440494304,,
Patient_305,Discharge,131453.8440494304,complete,,,,,,31270.038364794716
Patient_306,Arrival,100501.33690838062,complete,,0.0,,,,
Patient_306,Origem_do Pronto Socorro,100501.33690838062,complete,,,do Pronto Socorro,100501.33690838062,,
Patient_306,CTI (PS),100501.33690838062,start,ctiBeds,0.0,,,,
Patient_306,CTI (PS),100832.22700617836,complete,ctiBeds,0.0,,,,
Patient_306,CTI prepara Encaminhamento,100832.22700617836,start,,0.0,,,,
Patient_306,CTI prepara Encaminhamento,100880.46684004656,complete,,0.0,,,,
Patient_306,Encaminha_para a Clinica Medica,100880.46684004656,complete,,,para a Clinica Medica,100880.46684004656,,
Patient_306,Discharge,100880.46684004656,complete,,,,,,379.1299316659424
Patient_307,Arrival,100672.0073031728,complete,,0.0,,,,
Patient_307,Origem_da Clinica Medica,100672.0073031728,complete,,,da Clinica Medica,100672.0073031728,,
Patient_307,CTI (CLIM),100672.0073031728,start,ctiBeds,0.0,,,,
Patient_307,CTI (CLIM),106115.76573488595,complete,ctiBeds,0.0,,,,
Patient_307,CTI prepara Encaminhamento,106115.76573488595,start,,0.0,,,,
Patient_307,CTI prepara Encaminhamento,106173.52050283158,complete,,0.0,,,,
Patient_307,Encaminha_para a Clinica Medica,106173.52050283158,complete,,,para a Clinica Medica,106173.52050283158,,
Patient_307,Discharge,106173.52050283158,complete,,,,,,5501.513199658788
Patient_308,Arrival,100695.04745833081,complete,,0.0,,,,
Patient_308,Origem_do Pronto Socorro,100695.04745833081,complete,,,do Pronto Socorro,100695.04745833081,,
Patient_308,CTI (PS),100695.04745833081,start,ctiBeds,0.0,,,,
Patient_308,CTI (PS),109148.63854678924,complete,ctiBeds,0.0,,,,
Patient_308,CTI prepara Encaminhamento,109148.63854678924,start,,0.0,,,,
Patient_308,CTI prepara Encaminhamento,109194.11393177205,complete,,0.0,,,,
Patient_308,Encaminha_para a Clinica Medica,109194.11393177205,complete,,,para a Clinica Medica,109194.11393177205,,
Patient_308,Discharge,109194.11393177205,complete,,,,,,8499.066473441242
Patient_309,Arrival,101405.32258098823,complete,,0.0,,,,
Patient_309,Origem_do Pronto Socorro,101405.32258098823,complete,,,do Pronto Socorro,101405.32258098823,,
Patient_309,CTI (PS),101405.32258098823,start,ctiBeds,0.0,,,,
Patient_309,CTI (PS),113051.51207693687,complete,ctiBeds,0.0,,,,
Patient_309,CTI prepara Encaminhamento,113051.51207693687,start,,0.0,,,,
Patient_309,CTI prepara Encaminhamento,113092.57252645525,complete,,0.0,,,,
Patient_309,Encaminha_para a Clinica Cirurgica,113092.57252645525,complete,,,para a Clinica Cirurgica,113092.57252645525,,
Patient_309,Discharge,113092.57252645525,complete,,,,,,11687.249945467018
Patient_31,Arrival,8318.640733535723,complete,,0.0,,,,
Patient_31,Origem_do Pronto Socorro,8318.640733535723,complete,,,do Pronto Socorro,8318.640733535723,,
Patient_31,CTI (PS),8318.640733535723,start,ctiBeds,0.0,,,,
Patient_31,CTI (PS),32339.800603372285,complete,ctiBeds,0.0,,,,
Patient_31,CTI prepara Encaminhamento,32339.800603372285,start,,0.0,,,,
Patient_31,CTI prepara Encaminhamento,32392.635355034916,complete,,0.0,,,,
Patient_31,Encaminha_para a Clinica Medica,32392.635355034916,complete,,,para a Clinica Medica,32392.635355034916,,
Patient_31,Discharge,32392.635355034916,complete,,,,,,24073.994621499194
Patient_310,Arrival,101749.14724815598,complete,,0.0,,,,
Patient_310,Origem_do Pronto Socorro,101749.14724815598,complete,,,do Pronto Socorro,101749.14724815598,,
Patient_310,CTI (PS),101749.14724815598,start,ctiBeds,0.0,,,,
Patient_310,CTI (PS),107072.59435810975,complete,ctiBeds,0.0,,,,
Patient_310,CTI prepara Encaminhamento,107072.59435810975,start,,0.0,,,,
Patient_310,CTI prepara Encaminhamento,107124.2805044945,complete,,0.0,,,,
Patient_310,Encaminha_para a Clinica Medica,107124.2805044945,complete,,,para a Clinica Medica,107124.2805044945,,
Patient_310,Discharge,107124.2805044945,complete,,,,,,5375.133256338522
Patient_311,Arrival,102012.18452269679,complete,,0.0,,,,
Patient_311,Origem_do Pronto Socorro,102012.18452269679,complete,,,do Pronto Socorro,102012.18452269679,,
Patient_311,CTI (PS),102012.18452269679,start,ctiBeds,0.0,,,,
Patient_311,CTI (PS),104705.71069520853,complete,ctiBeds,0.0,,,,
Patient_311,CTI prepara Encaminhamento,104705.71069520853,start,,0.0,,,,
Patient_311,CTI prepara Encaminhamento,104760.46113733221,complete,,0.0,,,,
Patient_311,Encaminha_Obito,104760.46113733221,complete,,,Obito,104760.46113733221,,
Patient_311,Discharge,104760.46113733221,complete,,,,,,2748.276614635426
Patient_312,Arrival,102680.1822719877,complete,,0.0,,,,
Patient_312,Origem_do Centro Cirurgico,102680.1822719877,complete,,,do Centro Cirurgico,102680.1822719877,,
Patient_312,CTI (CC),102680.1822719877,start,ctiBeds,0.0,,,,
Patient_312,CTI (CC),113895.6773591863,complete,ctiBeds,0.0,,,,
Patient_312,CTI prepara Encaminhamento,113895.6773591863,start,,0.0,,,,
Patient_312,CTI prepara Encaminhamento,113927.45425406202,complete,,0.0,,,,
Patient_312,Encaminha_para a Clinica Cirurgica,113927.45425406202,complete,,,para a Clinica Cirurgica,113927.45425406202,,
Patient_312,Discharge,113927.45425406202,complete,,,,,,11247.271982074322
Patient_313,Arrival,102827.59721566865,complete,,0.0,,,,
Patient_313,Origem_do Pronto Socorro,102827.59721566865,complete,,,do Pronto Socorro,102827.59721566865,,
Patient_313,CTI (PS),102827.59721566865,start,ctiBeds,0.0,,,,
Patient_313,CTI (PS),109009.55070521879,complete,ctiBeds,0.0,,,,
Patient_313,CTI prepara Encaminhamento,109009.55070521879,start,,0.0,,,,
Patient_313,CTI prepara Encaminhamento,109041.98868979486,complete,,0.0,,,,
Patient_313,Encaminha_para a Clinica Cirurgica,109041.98868979486,complete,,,para a Clinica Cirurgica,109041.98868979486,,
Patient_313,Discharge,109041.98868979486,complete,,,,,,6214.391474126212
Patient_314,Arrival,103272.20737685998,complete,,0.0,,,,
Patient_314,Origem_da Clinica Cirurgica,103272.20737685998,complete,,,da Clinica Cirurgica,103272.20737685998,,
Patient_314,CTI (CLIC),103272.20737685998,start,ctiBeds,0.0,,,,
Patient_314,CTI (CLIC),119874.67261234672,complete,ctiBeds,0.0,,,,
Patient_314,CTI prepara Encaminhamento,119874.67261234672,start,,0.0,,,,
Patient_314,CTI prepara Encaminhamento,119921.93789553706,complete,,0.0,,,,
Patient_314,Encaminha_Transferencia Externa,119921.93789553706,complete,,,Transferencia Externa,119921.93789553706,,
Patient_314,Discharge,119921.93789553706,complete,,,,,,16649.730518677083
Patient_315,Arrival,103676.87664491199,complete,,0.0,,,,
Patient_315,Origem_do Pronto Socorro,103676.87664491199,complete,,,do Pronto Socorro,103676.87664491199,,
Patient_315,CTI (PS),103676.87664491199,start,ctiBeds,0.0,,,,
Patient_315,CTI (PS),119360.55377624952,complete,ctiBeds,0.0,,,,
Patient_315,CTI prepara Encaminhamento,119360.55377624952,start,,0.0,,,,
Patient_315,CTI prepara Encaminhamento,119393.26451349084,complete,,0.0,,,,
Patient_315,Encaminha_para a Clinica Medica,119393.26451349084,complete,,,para a Clinica Medica,119393.26451349084,,
Patient_315,Discharge,119393.26451349084,complete,,,,,,15716.387868578851
Patient_316,Arrival,103941.38916586369,complete,,0.0,,,,
Patient_316,Origem_do Pronto Socorro,103941.38916586369,complete,,,do Pronto Socorro,103941.38916586369,,
Patient_316,CTI (PS),103941.38916586369,start,ctiBeds,0.0,,,,
Patient_316,CTI (PS),120332.19571143005,complete,ctiBeds,0.0,,,,
Patient_316,CTI prepara Encaminhamento,120332.19571143005,start,,0.0,,,,
Patient_316,CTI prepara Encaminhamento,120381.83748221947,complete,,0.0,,,,
Patient_316,Encaminha_para a Clinica Medica,120381.83748221947,complete,,,para a Clinica Medica,120381.83748221947,,
Patient_316,Discharge,120381.83748221947,complete,,,,,,16440.44831635579
Patient_317,Arrival,104364.00269023232,complete,,0.0,,,,
Patient_317,Origem_do Pronto Socorro,104364.00269023232,complete,,,do Pronto Socorro,104364.00269023232,,
Patient_317,CTI (PS),104364.00269023232,start,ctiBeds,0.0,,,,
Patient_317,CTI (PS),112309.34876096049,complete,ctiBeds,0.0,,,,
Patient_317,CTI prepara Encaminhamento,112309.34876096049,start,,0.0,,,,
Patient_317,CTI prepara Encaminhamento,112347.54733697127,complete,,0.0,,,,
Patient_317,Encaminha_para a Clinica Medica,112347.54733697127,complete,,,para a Clinica Medica,112347.54733697127,,
Patient_317,Discharge,112347.54733697127,complete,,,,,,7983.544646738956
Patient_318,Arrival,104695.95360974509,complete,,0.0,,,,
Patient_318,Origem_do Pronto Socorro,104695.95360974509,complete,,,do Pronto Socorro,104695.95360974509,,
Patient_318,CTI (PS),104695.95360974509,start,ctiBeds,0.0,,,,
Patient_318,CTI (PS),140632.59032807662,complete,ctiBeds,0.0,,,,
Patient_318,CTI prepara Encaminhamento,140632.59032807662,start,,0.0,,,,
Patient_318,CTI prepara Encaminhamento,140670.05618244957,complete,,0.0,,,,
Patient_318,Encaminha_para a Clinica Medica,140670.05618244957,complete,,,para a Clinica Medica,140670.05618244957,,
Patient_318,Discharge,140670.05618244957,complete,,,,,,35974.102572704476
Patient_319,Arrival,104967.04550558288,complete,,0.0,,,,
Patient_319,Origem_do Pronto Socorro,104967.04550558288,complete,,,do Pronto Socorro,104967.04550558288,,
Patient_319,CTI (PS),104967.04550558288,start,ctiBeds,0.0,,,,
Patient_319,CTI (PS),129014.65012760999,complete,ctiBeds,0.0,,,,
Patient_319,CTI prepara Encaminhamento,129014.65012760999,start,,0.0,,,,
Patient_319,CTI prepara Encaminhamento,129054.08965733273,complete,,0.0,,,,
Patient_319,Encaminha_Obito,129054.08965733273,complete,,,Obito,129054.08965733273,,
Patient_319,Discharge,129054.08965733273,complete,,,,,,24087.044151749855
Patient_32,Arrival,8457.897150366123,complete,,0.0,,,,
Patient_32,Origem_do Pronto Socorro,8457.897150366123,complete,,,do Pronto Socorro,8457.897150366123,,
Patient_32,CTI (PS),8457.897150366123,start,ctiBeds,0.0,,,,
Patient_32,CTI (PS),26531.87545756283,complete,ctiBeds,0.0,,,,
Patient_32,CTI prepara Encaminhamento,26531.87545756283,start,,0.0,,,,
Patient_32,CTI prepara Encaminhamento,26565.391030498613,complete,,0.0,,,,
Patient_32,Encaminha_para a Clinica Medica,26565.391030498613,complete,,,para a Clinica Medica,26565.391030498613,,
Patient_32,Discharge,26565.391030498613,complete,,,,,,18107.49388013249
Patient_320,Arrival,105015.29231602968,complete,,0.0,,,,
Patient_320,Origem_do Pronto Socorro,105015.29231602968,complete,,,do Pronto Socorro,105015.29231602968,,
Patient_320,CTI (PS),105015.29231602968,start,ctiBeds,0.0,,,,
Patient_320,CTI (PS),128577.91755220224,complete,ctiBeds,0.0,,,,
Patient_320,CTI prepara Encaminhamento,128577.91755220224,start,,0.0,,,,
Patient_320,CTI prepara Encaminhamento,128614.64274678548,complete,,0.0,,,,
Patient_320,Encaminha_Obito,128614.64274678548,complete,,,Obito,128614.64274678548,,
Patient_320,Discharge,128614.64274678548,complete,,,,,,23599.350430755803
Patient_321,Arrival,105524.6724540098,complete,,0.0,,,,
Patient_321,Origem_do Pronto Socorro,105524.6724540098,complete,,,do Pronto Socorro,105524.6724540098,,
Patient_321,CTI (PS),105524.6724540098,start,ctiBeds,0.0,,,,
Patient_321,CTI (PS),125573.14986220037,complete,ctiBeds,0.0,,,,
Patient_321,CTI prepara Encaminhamento,125573.14986220037,start,,0.0,,,,
Patient_321,CTI prepara Encaminhamento,125622.3704006247,complete,,0.0,,,,
Patient_321,Encaminha_Obito,125622.3704006247,complete,,,Obito,125622.3704006247,,
Patient_321,Discharge,125622.3704006247,complete,,,,,,20097.697946614906
Patient_322,Arrival,106026.60664718942,complete,,0.0,,,,
Patient_322,Origem_do Pronto Socorro,106026.60664718942,complete,,,do Pronto Socorro,106026.60664718942,,
Patient_322,CTI (PS),106026.60664718942,start,ctiBeds,0.0,,,,
Patient_322,CTI (PS),111993.22332926746,complete,ctiBeds,0.0,,,,
Patient_322,CTI prepara Encaminhamento,111993.22332926746,start,,0.0,,,,
Patient_322,CTI prepara Encaminhamento,112029.64510683418,complete,,0.0,,,,
Patient_322,Encaminha_para a Clinica Cirurgica,112029.64510683418,complete,,,para a Clinica Cirurgica,112029.64510683418,,
Patient_322,Discharge,112029.64510683418,complete,,,,,,6003.038459644769
Patient_323,Arrival,106134.61160822317,complete,,0.0,,,,
Patient_323,Origem_do Centro Cirurgico,106134.61160822317,complete,,,do Centro Cirurgico,106134.61160822317,,
Patient_323,CTI (CC),106134.61160822317,start,ctiBeds,0.0,,,,
Patient_323,CTI (CC),113324.70209231126,complete,ctiBeds,0.0,,,,
Patient_323,CTI prepara Encaminhamento,113324.70209231126,start,,0.0,,,,
Patient_323,CTI prepara Encaminhamento,113359.76316236201,complete,,0.0,,,,
Patient_323,Encaminha_para a Clinica Cirurgica,113359.76316236201,complete,,,para a Clinica Cirurgica,113359.76316236201,,
Patient_323,Discharge,113359.76316236201,complete,,,,,,7225.151554138836
Patient_324,Arrival,106747.07254997917,complete,,0.0,,,,
Patient_324,Origem_do Centro Cirurgico,106747.07254997917,complete,,,do Centro Cirurgico,106747.07254997917,,
Patient_324,CTI (CC),106747.07254997917,start,ctiBeds,0.0,,,,
Patient_324,CTI (CC),110522.57598678672,complete,ctiBeds,0.0,,,,
Patient_324,CTI prepara Encaminhamento,110522.57598678672,start,,0.0,,,,
Patient_324,CTI prepara Encaminhamento,110581.05363937361,complete,,0.0,,,,
Patient_324,Encaminha_para a Clinica Medica,110581.05363937361,complete,,,para a Clinica Medica,110581.05363937361,,
Patient_324,Discharge,110581.05363937361,complete,,,,,,3833.9810893944377
Patient_325,Arrival,107176.84811187223,complete,,0.0,,,,
Patient_325,Origem_do Pronto Socorro,107176.84811187223,complete,,,do Pronto Socorro,107176.84811187223,,
Patient_325,CTI (PS),107176.84811187223,start,ctiBeds,0.0,,,,
Patient_325,CTI (PS),120979.84685560744,complete,ctiBeds,0.0,,,,
Patient_325,CTI prepara Encaminhamento,120979.84685560744,start,,0.0,,,,
Patient_325,CTI prepara Encaminhamento,121020.15036593754,complete,,0.0,,,,
Patient_325,Encaminha_para a Clinica Medica,121020.15036593754,complete,,,para a Clinica Medica,121020.15036593754,,
Patient_325,Discharge,121020.15036593754,complete,,,,,,13843.302254065318
Patient_326,Arrival,108372.40941168615,complete,,0.0,,,,
Patient_326,Origem_da Clinica Medica,108372.40941168615,complete,,,da Clinica Medica,108372.40941168615,,
Patient_326,CTI (CLIM),108372.40941168615,start,ctiBeds,0.0,,,,
Patient_326,CTI (CLIM),116801.09716512282,complete,ctiBeds,0.0,,,,
Patient_326,CTI prepara Encaminhamento,116801.09716512282,start,,0.0,,,,
Patient_326,CTI prepara Encaminhamento,116845.61734247165,complete,,0.0,,,,
Patient_326,Encaminha_para a Clinica Medica,116845.61734247165,complete,,,para a Clinica Medica,116845.61734247165,,
Patient_326,Discharge,116845.61734247165,complete,,,,,,8473.207930785502
Patient_327,Arrival,108610.41844206679,complete,,0.0,,,,
Patient_327,Origem_da Clinica Medica,108610.41844206679,complete,,,da Clinica Medica,108610.41844206679,,
Patient_327,CTI (CLIM),108610.41844206679,start,ctiBeds,0.0,,,,
Patient_327,CTI (CLIM),111599.55099943055,complete,ctiBeds,0.0,,,,
Patient_327,CTI prepara Encaminhamento,111599.55099943055,start,,0.0,,,,
Patient_327,CTI prepara Encaminhamento,111640.92357736881,complete,,0.0,,,,
Patient_327,Encaminha_para a Clinica Cirurgica,111640.92357736881,complete,,,para a Clinica Cirurgica,111640.92357736881,,
Patient_327,Discharge,111640.92357736881,complete,,,,,,3030.5051353020244
Patient_328,Arrival,109142.69094413909,complete,,0.0,,,,
Patient_328,Origem_da Clinica Medica,109142.69094413909,complete,,,da Clinica Medica,109142.69094413909,,
Patient_328,CTI (CLIM),109142.69094413909,start,ctiBeds,0.0,,,,
Patient_328,CTI (CLIM),109903.86157294335,complete,ctiBeds,0.0,,,,
Patient_328,CTI prepara Encaminhamento,109903.86157294335,start,,0.0,,,,
Patient_328,CTI prepara Encaminhamento,109955.38975124202,complete,,0.0,,,,
Patient_328,Encaminha_para a Clinica Cirurgica,109955.38975124202,complete,,,para a Clinica Cirurgica,109955.38975124202,,
Patient_328,Discharge,109955.38975124202,complete,,,,,,812.6988071029336
Patient_329,Arrival,109210.49260569902,complete,,0.0,,,,
Patient_329,Origem_do Centro Cirurgico,109210.49260569902,complete,,,do Centro Cirurgico,109210.49260569902,,
Patient_329,CTI (CC),109210.49260569902,start,ctiBeds,0.0,,,,
Patient_329,CTI (CC),115032.90294497907,complete,ctiBeds,0.0,,,,
Patient_329,CTI prepara Encaminhamento,115032.90294497907,start,,0.0,,,,
Patient_329,CTI prepara Encaminhamento,115075.53839394721,complete,,0.0,,,,
Patient_329,Encaminha_Obito,115075.53839394721,complete,,,Obito,115075.53839394721,,
Patient_329,Discharge,115075.53839394721,complete,,,,,,5865.045788248186
Patient_33,Arrival,8708.88094918494,complete,,0.0,,,,
Patient_33,Origem_da Clinica Medica,8708.88094918494,complete,,,da Clinica Medica,8708.88094918494,,
Patient_33,CTI (CLIM),8708.88094918494,start,ctiBeds,0.0,,,,
Patient_33,CTI (CLIM),34304.87115760462,complete,ctiBeds,0.0,,,,
Patient_33,CTI prepara Encaminhamento,34304.87115760462,start,,0.0,,,,
Patient_33,CTI prepara Encaminhamento,34354.94477111385,complete,,0.0,,,,
Patient_33,Encaminha_Obito,34354.94477111385,complete,,,Obito,34354.94477111385,,
Patient_33,Discharge,34354.94477111385,complete,,,,,,25646.06382192891
Patient_330,Arrival,109458.23441620497,complete,,0.0,,,,
Patient_330,Origem_do Pronto Socorro,109458.23441620497,complete,,,do Pronto Socorro,109458.23441620497,,
Patient_330,CTI (PS),109458.23441620497,start,ctiBeds,0.0,,,,
Patient_330,CTI (PS),114748.03666991947,complete,ctiBeds,0.0,,,,
Patient_330,CTI prepara Encaminhamento,114748.03666991947,start,,0.0,,,,
Patient_330,CTI prepara Encaminhamento,114783.13617030323,complete,,0.0,,,,
Patient_330,Encaminha_para a Clinica Cirurgica,114783.13617030323,complete,,,para a Clinica Cirurgica,114783.13617030323,,
Patient_330,Discharge,114783.13617030323,complete,,,,,,5324.90175409826
Patient_331,Arrival,109995.25392729901,complete,,0.0,,,,
Patient_331,Origem_do Centro Cirurgico,109995.25392729901,complete,,,do Centro Cirurgico,109995.25392729901,,
Patient_331,CTI (CC),109995.25392729901,start,ctiBeds,0.0,,,,
Patient_331,CTI (CC),111230.7003980864,complete,ctiBeds,0.0,,,,
Patient_331,CTI prepara Encaminhamento,111230.7003980864,start,,0.0,,,,
Patient_331,CTI prepara Encaminhamento,111288.24220224585,complete,,0.0,,,,
Patient_331,Encaminha_para a Clinica Medica,111288.24220224585,complete,,,para a Clinica Medica,111288.24220224585,,
Patient_331,Discharge,111288.24220224585,complete,,,,,,1292.988274946838
Patient_332,Arrival,110206.23976833215,complete,,0.0,,,,
Patient_332,Origem_do Centro Cirurgico,110206.23976833215,complete,,,do Centro Cirurgico,110206.23976833215,,
Patient_332,CTI (CC),110206.23976833215,start,ctiBeds,0.0,,,,
Patient_332,CTI (CC),111116.19681325175,complete,ctiBeds,0.0,,,,
Patient_332,CTI prepara Encaminhamento,111116.19681325175,start,,0.0,,,,
Patient_332,CTI prepara Encaminhamento,111153.32409598697,complete,,0.0,,,,
Patient_332,Encaminha_Obito,111153.32409598697,complete,,,Obito,111153.32409598697,,
Patient_332,Discharge,111153.32409598697,complete,,,,,,947.0843276548258
Patient_333,Arrival,110366.30060130855,complete,,0.0,,,,
Patient_333,Origem_do Pronto Socorro,110366.30060130855,complete,,,do Pronto Socorro,110366.30060130855,,
Patient_333,CTI (PS),110366.30060130855,start,ctiBeds,0.0,,,,
Patient_333,CTI (PS),116875.35813257143,complete,ctiBeds,0.0,,,,
Patient_333,CTI prepara Encaminhamento,116875.35813257143,start,,0.0,,,,
Patient_333,CTI prepara Encaminhamento,116914.92394694437,complete,,0.0,,,,
Patient_333,Encaminha_Obito,116914.92394694437,complete,,,Obito,116914.92394694437,,
Patient_333,Discharge,116914.92394694437,complete,,,,,,6548.623345635817
Patient_334,Arrival,110399.65488358353,complete,,0.0,,,,
Patient_334,Origem_da Clinica Medica,110399.65488358353,complete,,,da Clinica Medica,110399.65488358353,,
Patient_334,CTI (CLIM),110399.65488358353,start,ctiBeds,0.0,,,,
Patient_334,CTI (CLIM),115849.73527890221,complete,ctiBeds,0.0,,,,
Patient_334,CTI prepara Encaminhamento,115849.73527890221,start,,0.0,,,,
Patient_334,CTI prepara Encaminhamento,115902.27997112444,complete,,0.0,,,,
Patient_334,Encaminha_para a Clinica Medica,115902.27997112444,complete,,,para a Clinica Medica,115902.27997112444,,
Patient_334,Discharge,115902.27997112444,complete,,,,,,5502.625087540917
Patient_335,Arrival,110670.18464729737,complete,,0.0,,,,
Patient_335,Origem_do Pronto Socorro,110670.18464729737,complete,,,do Pronto Socorro,110670.18464729737,,
Patient_335,CTI (PS),110670.18464729737,start,ctiBeds,0.0,,,,
Patient_335,CTI (PS),138926.13241605874,complete,ctiBeds,0.0,,,,
Patient_335,CTI prepara Encaminhamento,138926.13241605874,start,,0.0,,,,
Patient_335,CTI prepara Encaminhamento,138959.6707334888,complete,,0.0,,,,
Patient_335,Encaminha_Obito,138959.6707334888,complete,,,Obito,138959.6707334888,,
Patient_335,Discharge,138959.6707334888,complete,,,,,,28289.486086191435
Patient_336,Arrival,110716.84488048615,complete,,0.0,,,,
Patient_336,Origem_do Pronto Socorro,110716.84488048615,complete,,,do Pronto Socorro,110716.84488048615,,
Patient_336,CTI (PS),110716.84488048615,start,ctiBeds,0.0,,,,
Patient_336,CTI (PS),119658.76221291286,complete,ctiBeds,0.0,,,,
Patient_336,CTI prepara Encaminhamento,119658.76221291286,start,,0.0,,,,
Patient_336,CTI prepara Encaminhamento,119691.02177014048,complete,,0.0,,,,
Patient_336,Encaminha_Obito,119691.02177014048,complete,,,Obito,119691.02177014048,,
Patient_336,Discharge,119691.02177014048,complete,,,,,,8974.176889654322
Patient_337,Arrival,110803.84035636604,complete,,0.0,,,,
Patient_337,Origem_do Centro Cirurgico,110803.84035636604,complete,,,do Centro Cirurgico,110803.84035636604,,
Patient_337,CTI (CC),110803.84035636604,start,ctiBeds,0.0,,,,
Patient_337,CTI (CC),115841.22789990378,complete,ctiBeds,0.0,,,,
Patient_337,CTI prepara Encaminhamento,115841.22789990378,start,,0.0,,,,
Patient_337,CTI prepara Encaminhamento,115891.16201244095,complete,,0.0,,,,
Patient_337,Encaminha_para a Clinica Cirurgica,115891.16201244095,complete,,,para a Clinica Cirurgica,115891.16201244095,,
Patient_337,Discharge,115891.16201244095,complete,,,,,,5087.321656074913
Patient_338,Arrival,110959.67584495606,complete,,0.0,,,,
Patient_338,Origem_do Pronto Socorro,110959.67584495606,complete,,,do Pronto Socorro,110959.67584495606,,
Patient_338,CTI (PS),110959.67584495606,start,ctiBeds,0.0,,,,
Patient_338,CTI (PS),111608.80184785253,complete,ctiBeds,0.0,,,,
Patient_338,CTI prepara Encaminhamento,111608.80184785253,start,,0.0,,,,
Patient_338,CTI prepara Encaminhamento,111643.98445622412,complete,,0.0,,,,
Patient_338,Encaminha_para a Clinica Cirurgica,111643.98445622412,complete,,,para a Clinica Cirurgica,111643.98445622412,,
Patient_338,Discharge,111643.98445622412,complete,,,,,,684.3086112680612
Patient_339,Arrival,111289.5345466466,complete,,0.0,,,,
Patient_339,Origem_do Centro Cirurgico,111289.5345466466,complete,,,do Centro Cirurgico,111289.5345466466,,
Patient_339,CTI (CC),111289.5345466466,start,ctiBeds,0.0,,,,
Patient_339,CTI (CC),120828.1358879739,complete,ctiBeds,0.0,,,,
Patient_339,CTI prepara Encaminhamento,120828.1358879739,start,,0.0,,,,
Patient_339,CTI prepara Encaminhamento,120876.2834181626,complete,,0.0,,,,
Patient_339,Encaminha_para a Clinica Medica,120876.2834181626,complete,,,para a Clinica Medica,120876.2834181626,,
Patient_339,Discharge,120876.2834181626,complete,,,,,,9586.748871516
Patient_34,Arrival,8767.027509035544,complete,,0.0,,,,
Patient_34,Origem_do Pronto Socorro,8767.027509035544,complete,,,do Pronto Socorro,8767.027509035544,,
Patient_34,CTI (PS),8767.027509035544,start,ctiBeds,0.0,,,,
Patient_34,CTI (PS),16436.403112531414,complete,ctiBeds,0.0,,,,
Patient_34,CTI prepara Encaminhamento,16436.403112531414,start,,0.0,,,,
Patient_34,CTI prepara Encaminhamento,16482.918999033292,complete,,0.0,,,,
Patient_34,Encaminha_Obito,16482.918999033292,complete,,,Obito,16482.918999033292,,
Patient_34,Discharge,16482.918999033292,complete,,,,,,7715.891489997748
Patient_340,Arrival,112177.35986928237,complete,,0.0,,,,
Patient_340,Origem_do Centro Cirurgico,112177.35986928237,complete,,,do Centro Cirurgico,112177.35986928237,,
Patient_340,CTI (CC),112177.35986928237,start,ctiBeds,0.0,,,,
Patient_340,CTI (CC),117247.89664206486,complete,ctiBeds,0.0,,,,
Patient_340,CTI prepara Encaminhamento,117247.89664206486,start,,0.0,,,,
Patient_340,CTI prepara Encaminhamento,117297.38685156264,complete,,0.0,,,,
Patient_340,Encaminha_para a Clinica Medica,117297.38685156264,complete,,,para a Clinica Medica,117297.38685156264,,
Patient_340,Discharge,117297.38685156264,complete,,,,,,5120.026982280266
Patient_341,Arrival,112404.79840609533,complete,,0.0,,,,
Patient_341,Origem_do Centro Cirurgico,112404.79840609533,complete,,,do Centro Cirurgico,112404.79840609533,,
Patient_341,CTI (CC),112404.79840609533,start,ctiBeds,0.0,,,,
Patient_341,CTI (CC),114457.52867322449,complete,ctiBeds,0.0,,,,
Patient_341,CTI prepara Encaminhamento,114457.52867322449,start,,0.0,,,,
Patient_341,CTI prepara Encaminhamento,114508.52169721431,complete,,0.0,,,,
Patient_341,Encaminha_Transferencia Externa,114508.52169721431,complete,,,Transferencia Externa,114508.52169721431,,
Patient_341,Discharge,114508.52169721431,complete,,,,,,2103.7232911189785
Patient_342,Arrival,113186.77006124998,complete,,0.0,,,,
Patient_342,Origem_da Clinica Cirurgica,113186.77006124998,complete,,,da Clinica Cirurgica,113186.77006124998,,
Patient_342,CTI (CLIC),113186.77006124998,start,ctiBeds,0.0,,,,
Patient_342,CTI (CLIC),115075.09811076295,complete,ctiBeds,0.0,,,,
Patient_342,CTI prepara Encaminhamento,115075.09811076295,start,,0.0,,,,
Patient_342,CTI prepara Encaminhamento,115127.84491793904,complete,,0.0,,,,
Patient_342,Encaminha_Obito,115127.84491793904,complete,,,Obito,115127.84491793904,,
Patient_342,Discharge,115127.84491793904,complete,,,,,,1941.0748566890688
Patient_343,Arrival,113620.69285880425,complete,,0.0,,,,
Patient_343,Origem_do Pronto Socorro,113620.69285880425,complete,,,do Pronto Socorro,113620.69285880425,,
Patient_343,CTI (PS),113620.69285880425,start,ctiBeds,0.0,,,,
Patient_343,CTI (PS),116768.90306634936,complete,ctiBeds,0.0,,,,
Patient_343,CTI prepara Encaminhamento,116768.90306634936,start,,0.0,,,,
Patient_343,CTI prepara Encaminhamento,116818.00912213023,complete,,0.0,,,,
Patient_343,Encaminha_para a Clinica Cirurgica,116818.00912213023,complete,,,para a Clinica Cirurgica,116818.00912213023,,
Patient_343,Discharge,116818.00912213023,complete,,,,,,3197.316263325978
Patient_344,Arrival,113957.24947519228,complete,,0.0,,,,
Patient_344,Origem_da Maternidade,113957.24947519228,complete,,,da Maternidade,113957.24947519228,,
Patient_344,CTI (MAT),113957.24947519228,start,ctiBeds,0.0,,,,
Patient_344,CTI (MAT),114863.68980531009,complete,ctiBeds,0.0,,,,
Patient_344,CTI prepara Encaminhamento,114863.68980531009,start,,0.0,,,,
Patient_344,CTI prepara Encaminhamento,114920.63715951062,complete,,0.0,,,,
Patient_344,Encaminha_para a Clinica Medica,114920.63715951062,complete,,,para a Clinica Medica,114920.63715951062,,
Patient_344,Discharge,114920.63715951062,complete,,,,,,963.3876843183389
Patient_345,Arrival,114297.75506598617,complete,,0.0,,,,
Patient_345,Origem_do Pronto Socorro,114297.75506598617,complete,,,do Pronto Socorro,114297.75506598617,,
Patient_345,CTI (PS),114297.75506598617,start,ctiBeds,0.0,,,,
Patient_345,CTI (PS),124319.63640133424,complete,ctiBeds,0.0,,,,
Patient_345,CTI prepara Encaminhamento,124319.63640133424,start,,0.0,,,,
Patient_345,CTI prepara Encaminhamento,124376.32293633757,complete,,0.0,,,,
Patient_345,Encaminha_para a Clinica Medica,124376.32293633757,complete,,,para a Clinica Medica,124376.32293633757,,
Patient_345,Discharge,124376.32293633757,complete,,,,,,10078.567870351399
Patient_346,Arrival,114619.16941627278,complete,,0.0,,,,
Patient_346,Origem_do Centro Cirurgico,114619.16941627278,complete,,,do Centro Cirurgico,114619.16941627278,,
Patient_346,CTI (CC),114619.16941627278,start,ctiBeds,0.0,,,,
Patient_346,CTI (CC),116280.4080973204,complete,ctiBeds,0.0,,,,
Patient_346,CTI prepara Encaminhamento,116280.4080973204,start,,0.0,,,,
Patient_346,CTI prepara Encaminhamento,116337.03059692285,complete,,0.0,,,,
Patient_346,Encaminha_para a Clinica Medica,116337.03059692285,complete,,,para a Clinica Medica,116337.03059692285,,
Patient_346,Discharge,116337.03059692285,complete,,,,,,1717.8611806500703
Patient_347,Arrival,115060.83795576847,complete,,0.0,,,,
Patient_347,Origem_do Centro Cirurgico,115060.83795576847,complete,,,do Centro Cirurgico,115060.83795576847,,
Patient_347,CTI (CC),115060.83795576847,start,ctiBeds,0.0,,,,
Patient_347,CTI (CC),115951.3998038196,complete,ctiBeds,0.0,,,,
Patient_347,CTI prepara Encaminhamento,115951.3998038196,start,,0.0,,,,
Patient_347,CTI prepara Encaminhamento,115992.4703621708,complete,,0.0,,,,
Patient_347,Encaminha_para a Clinica Cirurgica,115992.4703621708,complete,,,para a Clinica Cirurgica,115992.4703621708,,
Patient_347,Discharge,115992.4703621708,complete,,,,,,931.6324064023356
Patient_348,Arrival,115242.77574981743,complete,,0.0,,,,
Patient_348,Origem_do Pronto Socorro,115242.77574981743,complete,,,do Pronto Socorro,115242.77574981743,,
Patient_348,CTI (PS),115242.77574981743,start,ctiBeds,0.0,,,,
Patient_348,CTI (PS),121972.42394283983,complete,ctiBeds,0.0,,,,
Patient_348,CTI prepara Encaminhamento,121972.42394283983,start,,0.0,,,,
Patient_348,CTI prepara Encaminhamento,122003.53976459871,complete,,0.0,,,,
Patient_348,Encaminha_para a Clinica Cirurgica,122003.53976459871,complete,,,para a Clinica Cirurgica,122003.53976459871,,
Patient_348,Discharge,122003.53976459871,complete,,,,,,6760.764014781278
Patient_349,Arrival,115296.19410804697,complete,,0.0,,,,
Patient_349,Origem_do Centro Cirurgico,115296.19410804697,complete,,,do Centro Cirurgico,115296.19410804697,,
Patient_349,CTI (CC),115296.19410804697,start,ctiBeds,0.0,,,,
Patient_349,CTI (CC),152620.09038758284,complete,ctiBeds,0.0,,,,
Patient_349,CTI prepara Encaminhamento,152620.09038758284,start,,0.0,,,,
Patient_349,CTI prepara Encaminhamento,152652.45313715923,complete,,0.0,,,,
Patient_349,Encaminha_para a Clinica Medica,152652.45313715923,complete,,,para a Clinica Medica,152652.45313715923,,
Patient_349,Discharge,152652.45313715923,complete,,,,,,37356.25902911226
Patient_35,Arrival,9155.115583082279,complete,,0.0,,,,
Patient_35,Origem_do Centro Cirurgico,9155.115583082279,complete,,,do Centro Cirurgico,9155.115583082279,,
Patient_35,CTI (CC),9155.115583082279,start,ctiBeds,0.0,,,,
Patient_35,CTI (CC),16175.0934202807,complete,ctiBeds,0.0,,,,
Patient_35,CTI prepara Encaminhamento,16175.0934202807,start,,0.0,,,,
Patient_35,CTI prepara Encaminhamento,16228.826325518163,complete,,0.0,,,,
Patient_35,Encaminha_para a Clinica Cirurgica,16228.826325518163,complete,,,para a Clinica Cirurgica,16228.826325518163,,
Patient_35,Discharge,16228.826325518163,complete,,,,,,7073.710742435884
Patient_350,Arrival,115715.39016012533,complete,,0.0,,,,
Patient_350,Origem_do Pronto Socorro,115715.39016012533,complete,,,do Pronto Socorro,115715.39016012533,,
Patient_350,CTI (PS),115715.39016012533,start,ctiBeds,0.0,,,,
Patient_350,CTI (PS),116363.20876140163,complete,ctiBeds,0.0,,,,
Patient_350,CTI prepara Encaminhamento,116363.20876140163,start,,0.0,,,,
Patient_350,CTI prepara Encaminhamento,116420.52963386955,complete,,0.0,,,,
Patient_350,Encaminha_Transferencia Externa,116420.52963386955,complete,,,Transferencia Externa,116420.52963386955,,
Patient_350,Discharge,116420.52963386955,complete,,,,,,705.139473744217
Patient_351,Arrival,116447.23109418554,complete,,0.0,,,,
Patient_351,Origem_do Centro Cirurgico,116447.23109418554,complete,,,do Centro Cirurgico,116447.23109418554,,
Patient_351,CTI (CC),116447.23109418554,start,ctiBeds,0.0,,,,
Patient_351,CTI (CC),118346.02906076571,complete,ctiBeds,0.0,,,,
Patient_351,CTI prepara Encaminhamento,118346.02906076571,start,,0.0,,,,
Patient_351,CTI prepara Encaminhamento,118386.3428601357,complete,,0.0,,,,
Patient_351,Encaminha_para a Clinica Cirurgica,118386.3428601357,complete,,,para a Clinica Cirurgica,118386.3428601357,,
Patient_351,Discharge,118386.3428601357,complete,,,,,,1939.1117659501615
Patient_352,Arrival,116694.26714339938,complete,,0.0,,,,
Patient_352,Origem_da Maternidade,116694.26714339938,complete,,,da Maternidade,116694.26714339938,,
Patient_352,CTI (MAT),116694.26714339938,start,ctiBeds,0.0,,,,
Patient_352,CTI (MAT),119194.74850631373,complete,ctiBeds,0.0,,,,
Patient_352,CTI prepara Encaminhamento,119194.74850631373,start,,0.0,,,,
Patient_352,CTI prepara Encaminhamento,119227.93663689199,complete,,0.0,,,,
Patient_352,Encaminha_Obito,119227.93663689199,complete,,,Obito,119227.93663689199,,
Patient_352,Discharge,119227.93663689199,complete,,,,,,2533.6694934926054
Patient_353,Arrival,116743.29575011757,complete,,0.0,,,,
Patient_353,Origem_do Pronto Socorro,116743.29575011757,complete,,,do Pronto Socorro,116743.29575011757,,
Patient_353,CTI (PS),116743.29575011757,start,ctiBeds,0.0,,,,
Patient_353,CTI (PS),117207.61371055445,complete,ctiBeds,0.0,,,,
Patient_353,CTI prepara Encaminhamento,117207.61371055445,start,,0.0,,,,
Patient_353,CTI prepara Encaminhamento,117238.50503921359,complete,,0.0,,,,
Patient_353,Encaminha_para a Clinica Medica,117238.50503921359,complete,,,para a Clinica Medica,117238.50503921359,,
Patient_353,Discharge,117238.50503921359,complete,,,,,,495.20928909601935
Patient_354,Arrival,117052.46707641985,complete,,0.0,,,,
Patient_354,Origem_do Pronto Socorro,117052.46707641985,complete,,,do Pronto Socorro,117052.46707641985,,
Patient_354,CTI (PS),117052.46707641985,start,ctiBeds,0.0,,,,
Patient_354,CTI (PS),120701.24499163285,complete,ctiBeds,0.0,,,,
Patient_354,CTI prepara Encaminhamento,120701.24499163285,start,,0.0,,,,
Patient_354,CTI prepara Encaminhamento,120753.34228696911,complete,,0.0,,,,
Patient_354,Encaminha_Obito,120753.34228696911,complete,,,Obito,120753.34228696911,,
Patient_354,Discharge,120753.34228696911,complete,,,,,,3700.8752105492604
Patient_355,Arrival,117068.44358244693,complete,,0.0,,,,
Patient_355,Origem_do Pronto Socorro,117068.44358244693,complete,,,do Pronto Socorro,117068.44358244693,,
Patient_355,CTI (PS),117068.44358244693,start,ctiBeds,0.0,,,,
Patient_355,CTI (PS),119972.33043528396,complete,ctiBeds,0.0,,,,
Patient_355,CTI prepara Encaminhamento,119972.33043528396,start,,0.0,,,,
Patient_355,CTI prepara Encaminhamento,120014.4876943685,complete,,0.0,,,,
Patient_355,Encaminha_para a Clinica Medica,120014.4876943685,complete,,,para a Clinica Medica,120014.4876943685,,
Patient_355,Discharge,120014.4876943685,complete,,,,,,2946.0441119215684
Patient_356,Arrival,117792.51616271476,complete,,0.0,,,,
Patient_356,Origem_do Pronto Socorro,117792.51616271476,complete,,,do Pronto Socorro,117792.51616271476,,
Patient_356,CTI (PS),117792.51616271476,start,ctiBeds,0.0,,,,
Patient_356,CTI (PS),118791.01783460737,complete,ctiBeds,0.0,,,,
Patient_356,CTI prepara Encaminhamento,118791.01783460737,start,,0.0,,,,
Patient_356,CTI prepara Encaminhamento,118825.97895008301,complete,,0.0,,,,
Patient_356,Encaminha_para a Clinica Cirurgica,118825.97895008301,complete,,,para a Clinica Cirurgica,118825.97895008301,,
Patient_356,Discharge,118825.97895008301,complete,,,,,,1033.4627873682475
Patient_357,Arrival,118408.72415790439,complete,,0.0,,,,
Patient_357,Origem_do Pronto Socorro,118408.72415790439,complete,,,do Pronto Socorro,118408.72415790439,,
Patient_357,CTI (PS),118408.72415790439,start,ctiBeds,0.0,,,,
Patient_357,CTI (PS),125192.58079982754,complete,ctiBeds,0.0,,,,
Patient_357,CTI prepara Encaminhamento,125192.58079982754,start,,0.0,,,,
Patient_357,CTI prepara Encaminhamento,125252.35200785627,complete,,0.0,,,,
Patient_357,Encaminha_para a Clinica Cirurgica,125252.35200785627,complete,,,para a Clinica Cirurgica,125252.35200785627,,
Patient_357,Discharge,125252.35200785627,complete,,,,,,6843.627849951881
Patient_358,Arrival,118527.23108503428,complete,,0.0,,,,
Patient_358,Origem_da Clinica Medica,118527.23108503428,complete,,,da Clinica Medica,118527.23108503428,,
Patient_358,CTI (CLIM),118527.23108503428,start,ctiBeds,0.0,,,,
Patient_358,CTI (CLIM),135930.38091975194,complete,ctiBeds,0.0,,,,
Patient_358,CTI prepara Encaminhamento,135930.38091975194,start,,0.0,,,,
Patient_358,CTI prepara Encaminhamento,135961.75586714674,complete,,0.0,,,,
Patient_358,Encaminha_para a Clinica Cirurgica,135961.75586714674,complete,,,para a Clinica Cirurgica,135961.75586714674,,
Patient_358,Discharge,135961.75586714674,complete,,,,,,17434.524782112465
Patient_359,Arrival,118762.75470532119,complete,,0.0,,,,
Patient_359,Origem_do Pronto Socorro,118762.75470532119,complete,,,do Pronto Socorro,118762.75470532119,,
Patient_359,CTI (PS),118762.75470532119,start,ctiBeds,0.0,,,,
Patient_359,CTI (PS),127426.62184695655,complete,ctiBeds,0.0,,,,
Patient_359,CTI prepara Encaminhamento,127426.62184695655,start,,0.0,,,,
Patient_359,CTI prepara Encaminhamento,127477.51389169284,complete,,0.0,,,,
Patient_359,Encaminha_para a Clinica Medica,127477.51389169284,complete,,,para a Clinica Medica,127477.51389169284,,
Patient_359,Discharge,127477.51389169284,complete,,,,,,8714.759186371652
Patient_36,Arrival,9281.045519931065,complete,,0.0,,,,
Patient_36,Origem_do Pronto Socorro,9281.045519931065,complete,,,do Pronto Socorro,9281.045519931065,,
Patient_36,CTI (PS),9281.045519931065,start,ctiBeds,0.0,,,,
Patient_36,CTI (PS),9566.640975777236,complete,ctiBeds,0.0,,,,
Patient_36,CTI prepara Encaminhamento,9566.640975777236,start,,0.0,,,,
Patient_36,CTI prepara Encaminhamento,9600.750915163617,complete,,0.0,,,,
Patient_36,Encaminha_para a Clinica Medica,9600.750915163617,complete,,,para a Clinica Medica,9600.750915163617,,
Patient_36,Discharge,9600.750915163617,complete,,,,,,319.7053952325514
Patient_360,Arrival,118768.9511257809,complete,,0.0,,,,
Patient_360,Origem_do Centro Cirurgico,118768.9511257809,complete,,,do Centro Cirurgico,118768.9511257809,,
Patient_360,CTI (CC),118768.9511257809,start,ctiBeds,0.0,,,,
Patient_360,CTI (CC),120963.0216098291,complete,ctiBeds,0.0,,,,
Patient_360,CTI prepara Encaminhamento,120963.0216098291,start,,0.0,,,,
Patient_360,CTI prepara Encaminhamento,121015.67716058064,complete,,0.0,,,,
Patient_360,Encaminha_para a Clinica Medica,121015.67716058064,complete,,,para a Clinica Medica,121015.67716058064,,
Patient_360,Discharge,121015.67716058064,complete,,,,,,2246.726034799736
Patient_361,Arrival,119867.27266359805,complete,,0.0,,,,
Patient_361,Origem_do Pronto Socorro,119867.27266359805,complete,,,do Pronto Socorro,119867.27266359805,,
Patient_361,CTI (PS),119867.27266359805,start,ctiBeds,0.0,,,,
Patient_361,CTI (PS),120769.5770349313,complete,ctiBeds,0.0,,,,
Patient_361,CTI prepara Encaminhamento,120769.5770349313,start,,0.0,,,,
Patient_361,CTI prepara Encaminhamento,120820.4742978606,complete,,0.0,,,,
Patient_361,Encaminha_Obito,120820.4742978606,complete,,,Obito,120820.4742978606,,
Patient_361,Discharge,120820.4742978606,complete,,,,,,953.2016342625429
Patient_362,Arrival,120373.40195275663,complete,,0.0,,,,
Patient_362,Origem_do Centro Cirurgico,120373.40195275663,complete,,,do Centro Cirurgico,120373.40195275663,,
Patient_362,CTI (CC),120373.40195275663,start,ctiBeds,0.0,,,,
Patient_362,CTI (CC),123887.01822118071,complete,ctiBeds,0.0,,,,
Patient_362,CTI prepara Encaminhamento,123887.01822118071,start,,0.0,,,,
Patient_362,CTI prepara Encaminhamento,123918.1691885442,complete,,0.0,,,,
Patient_362,Encaminha_para a Clinica Medica,123918.1691885442,complete,,,para a Clinica Medica,123918.1691885442,,
Patient_362,Discharge,123918.1691885442,complete,,,,,,3544.767235787571
Patient_363,Arrival,120529.33506639407,complete,,0.0,,,,
Patient_363,Origem_do Centro Cirurgico,120529.33506639407,complete,,,do Centro Cirurgico,120529.33506639407,,
Patient_363,CTI (CC),120529.33506639407,start,ctiBeds,0.0,,,,
Patient_363,CTI (CC),135926.33176070053,complete,ctiBeds,0.0,,,,
Patient_363,CTI prepara Encaminhamento,135926.33176070053,start,,0.0,,,,
Patient_363,CTI prepara Encaminhamento,135958.06153926338,complete,,0.0,,,,
Patient_363,Encaminha_para a Clinica Cirurgica,135958.06153926338,complete,,,para a Clinica Cirurgica,135958.06153926338,,
Patient_363,Discharge,135958.06153926338,complete,,,,,,15428.726472869312
Patient_364,Arrival,120736.63363243002,complete,,0.0,,,,
Patient_364,Origem_da Clinica Medica,120736.63363243002,complete,,,da Clinica Medica,120736.63363243002,,
Patient_364,CTI (CLIM),120736.63363243002,start,ctiBeds,0.0,,,,
Patient_364,CTI (CLIM),127181.29971683868,complete,ctiBeds,0.0,,,,
Patient_364,CTI prepara Encaminhamento,127181.29971683868,start,,0.0,,,,
Patient_364,CTI prepara Encaminhamento,127227.9888077997,complete,,0.0,,,,
Patient_364,Encaminha_Obito,127227.9888077997,complete,,,Obito,127227.9888077997,,
Patient_364,Discharge,127227.9888077997,complete,,,,,,6491.355175369681
Patient_365,Arrival,120883.00640378628,complete,,0.0,,,,
Patient_365,Origem_do Centro Cirurgico,120883.00640378628,complete,,,do Centro Cirurgico,120883.00640378628,,
Patient_365,CTI (CC),120883.00640378628,start,ctiBeds,0.0,,,,
Patient_365,CTI (CC),144268.59136136156,complete,ctiBeds,0.0,,,,
Patient_365,CTI prepara Encaminhamento,144268.59136136156,start,,0.0,,,,
Patient_365,CTI prepara Encaminhamento,144299.74660523148,complete,,0.0,,,,
Patient_365,Encaminha_para a Clinica Cirurgica,144299.74660523148,complete,,,para a Clinica Cirurgica,144299.74660523148,,
Patient_365,Discharge,144299.74660523148,complete,,,,,,23416.74020144521
Patient_366,Arrival,121063.14506604266,complete,,0.0,,,,
Patient_366,Origem_do Centro Cirurgico,121063.14506604266,complete,,,do Centro Cirurgico,121063.14506604266,,
Patient_366,CTI (CC),121063.14506604266,start,ctiBeds,0.0,,,,
Patient_366,CTI (CC),123705.37502253616,complete,ctiBeds,0.0,,,,
Patient_366,CTI prepara Encaminhamento,123705.37502253616,start,,0.0,,,,
Patient_366,CTI prepara Encaminhamento,123760.96103326778,complete,,0.0,,,,
Patient_366,Encaminha_Obito,123760.96103326778,complete,,,Obito,123760.96103326778,,
Patient_366,Discharge,123760.96103326778,complete,,,,,,2697.8159672251204
Patient_367,Arrival,122042.37562423259,complete,,0.0,,,,
Patient_367,Origem_da Clinica Medica,122042.37562423259,complete,,,da Clinica Medica,122042.37562423259,,
Patient_367,CTI (CLIM),122042.37562423259,start,ctiBeds,0.0,,,,
Patient_367,CTI (CLIM),128883.07128613547,complete,ctiBeds,0.0,,,,
Patient_367,CTI prepara Encaminhamento,128883.07128613547,start,,0.0,,,,
Patient_367,CTI prepara Encaminhamento,128934.84859202677,complete,,0.0,,,,
Patient_367,Encaminha_para a Clinica Medica,128934.84859202677,complete,,,para a Clinica Medica,128934.84859202677,,
Patient_367,Discharge,128934.84859202677,complete,,,,,,6892.47296779418
Patient_368,Arrival,122419.8338173435,complete,,0.0,,,,
Patient_368,Origem_do Pronto Socorro,122419.8338173435,complete,,,do Pronto Socorro,122419.8338173435,,
Patient_368,CTI (PS),122419.8338173435,start,ctiBeds,0.0,,,,
Patient_368,CTI (PS),141459.72382147601,complete,ctiBeds,0.0,,,,
Patient_368,CTI prepara Encaminhamento,141459.72382147601,start,,0.0,,,,
Patient_368,CTI prepara Encaminhamento,141491.6097104447,complete,,0.0,,,,
Patient_368,Encaminha_para a Maternidade,141491.6097104447,complete,,,para a Maternidade,141491.6097104447,,
Patient_368,Discharge,141491.6097104447,complete,,,,,,19071.775893101192
Patient_369,Arrival,122900.63460183066,complete,,0.0,,,,
Patient_369,Origem_do Centro Cirurgico,122900.63460183066,complete,,,do Centro Cirurgico,122900.63460183066,,
Patient_369,CTI (CC),122900.63460183066,start,ctiBeds,0.0,,,,
Patient_369,CTI (CC),123516.48170632288,complete,ctiBeds,0.0,,,,
Patient_369,CTI prepara Encaminhamento,123516.48170632288,start,,0.0,,,,
Patient_369,CTI prepara Encaminhamento,123560.59192790993,complete,,0.0,,,,
Patient_369,Encaminha_Obito,123560.59192790993,complete,,,Obito,123560.59192790993,,
Patient_369,Discharge,123560.59192790993,complete,,,,,,659.9573260792677
Patient_37,Arrival,9365.48775848322,complete,,0.0,,,,
Patient_37,Origem_do Centro Cirurgico,9365.48775848322,complete,,,do Centro Cirurgico,9365.48775848322,,
Patient_37,CTI (CC),9365.48775848322,start,ctiBeds,0.0,,,,
Patient_37,CTI (CC),38271.816908181754,complete,ctiBeds,0.0,,,,
Patient_37,CTI prepara Encaminhamento,38271.816908181754,start,,0.0,,,,
Patient_37,CTI prepara Encaminhamento,38308.899935144436,complete,,0.0,,,,
Patient_37,Encaminha_para a Clinica Cirurgica,38308.899935144436,complete,,,para a Clinica Cirurgica,38308.899935144436,,
Patient_37,Discharge,38308.899935144436,complete,,,,,,28943.412176661215
Patient_370,Arrival,122998.56666519756,complete,,0.0,,,,
Patient_370,Origem_do Pronto Socorro,122998.56666519756,complete,,,do Pronto Socorro,122998.56666519756,,
Patient_370,CTI (PS),122998.56666519756,start,ctiBeds,0.0,,,,
Patient_370,CTI (PS),132377.931197209,complete,ctiBeds,0.0,,,,
Patient_370,CTI prepara Encaminhamento,132377.931197209,start,,0.0,,,,
Patient_370,CTI prepara Encaminhamento,132418.8727186813,complete,,0.0,,,,
Patient_370,Encaminha_Transferencia Externa,132418.8727186813,complete,,,Transferencia Externa,132418.8727186813,,
Patient_370,Discharge,132418.8727186813,complete,,,,,,9420.306053483728
Patient_371,Arrival,124853.68707252666,complete,,0.0,,,,
Patient_371,Origem_do Centro Cirurgico,124853.68707252666,complete,,,do Centro Cirurgico,124853.68707252666,,
Patient_371,CTI (CC),124853.68707252666,start,ctiBeds,0.0,,,,
Patient_371,CTI (CC),126347.25089930391,complete,ctiBeds,0.0,,,,
Patient_371,CTI prepara Encaminhamento,126347.25089930391,start,,0.0,,,,
Patient_371,CTI prepara Encaminhamento,126402.18149286689,complete,,0.0,,,,
Patient_371,Encaminha_para a Clinica Cirurgica,126402.18149286689,complete,,,para a Clinica Cirurgica,126402.18149286689,,
Patient_371,Discharge,126402.18149286689,complete,,,,,,1548.4944203402265
Patient_372,Arrival,125248.06133367328,complete,,0.0,,,,
Patient_372,Origem_do Pronto Socorro,125248.06133367328,complete,,,do Pronto Socorro,125248.06133367328,,
Patient_372,CTI (PS),125248.06133367328,start,ctiBeds,0.0,,,,
Patient_372,CTI (PS),128842.07648808944,complete,ctiBeds,0.0,,,,
Patient_372,CTI prepara Encaminhamento,128842.07648808944,start,,0.0,,,,
Patient_372,CTI prepara Encaminhamento,128872.91457824408,complete,,0.0,,,,
Patient_372,Encaminha_para a Clinica Medica,128872.91457824408,complete,,,para a Clinica Medica,128872.91457824408,,
Patient_372,Discharge,128872.91457824408,complete,,,,,,3624.853244570797
Patient_373,Arrival,125368.70685269502,complete,,0.0,,,,
Patient_373,Origem_do Centro Cirurgico,125368.70685269502,complete,,,do Centro Cirurgico,125368.70685269502,,
Patient_373,CTI (CC),125368.70685269502,start,ctiBeds,0.0,,,,
Patient_373,CTI (CC),133174.0113049014,complete,ctiBeds,0.0,,,,
Patient_373,CTI prepara Encaminhamento,133174.0113049014,start,,0.0,,,,
Patient_373,CTI prepara Encaminhamento,133228.35695211374,complete,,0.0,,,,
Patient_373,Encaminha_para a Clinica Medica,133228.35695211374,complete,,,para a Clinica Medica,133228.35695211374,,
Patient_373,Discharge,133228.35695211374,complete,,,,,,7859.650099418723
Patient_374,Arrival,125595.17571430201,complete,,0.0,,,,
Patient_374,Origem_do Pronto Socorro,125595.17571430201,complete,,,do Pronto Socorro,125595.17571430201,,
Patient_374,CTI (PS),125595.17571430201,start,ctiBeds,0.0,,,,
Patient_374,CTI (PS),142454.9075825952,complete,ctiBeds,0.0,,,,
Patient_374,CTI prepara Encaminhamento,142454.9075825952,start,,0.0,,,,
Patient_374,CTI prepara Encaminhamento,142487.54599670274,complete,,0.0,,,,
Patient_374,Encaminha_para a Clinica Medica,142487.54599670274,complete,,,para a Clinica Medica,142487.54599670274,,
Patient_374,Discharge,142487.54599670274,complete,,,,,,16892.370282400734
Patient_375,Arrival,126402.84037377987,complete,,0.0,,,,
Patient_375,Origem_do Pronto Socorro,126402.84037377987,complete,,,do Pronto Socorro,126402.84037377987,,
Patient_375,CTI (PS),126402.84037377987,start,ctiBeds,0.0,,,,
Patient_375,CTI (PS),147990.90139292637,complete,ctiBeds,0.0,,,,
Patient_375,CTI prepara Encaminhamento,147990.90139292637,start,,0.0,,,,
Patient_375,CTI prepara Encaminhamento,148039.8418949586,complete,,0.0,,,,
Patient_375,Encaminha_para a Clinica Cirurgica,148039.8418949586,complete,,,para a Clinica Cirurgica,148039.8418949586,,
Patient_375,Discharge,148039.8418949586,complete,,,,,,21637.00152117874
Patient_376,Arrival,126408.92782972749,complete,,0.0,,,,
Patient_376,Origem_do Pronto Socorro,126408.92782972749,complete,,,do Pronto Socorro,126408.92782972749,,
Patient_376,CTI (PS),126408.92782972749,start,ctiBeds,0.0,,,,
Patient_376,CTI (PS),129638.08576083108,complete,ctiBeds,0.0,,,,
Patient_376,CTI prepara Encaminhamento,129638.08576083108,start,,0.0,,,,
Patient_376,CTI prepara Encaminhamento,129684.22500503485,complete,,0.0,,,,
Patient_376,Encaminha_Transferencia Externa,129684.22500503485,complete,,,Transferencia Externa,129684.22500503485,,
Patient_376,Discharge,129684.22500503485,complete,,,,,,3275.2971753073653
Patient_377,Arrival,126713.88009597665,complete,,0.0,,,,
Patient_377,Origem_da Clinica Cirurgica,126713.88009597665,complete,,,da Clinica Cirurgica,126713.88009597665,,
Patient_377,CTI (CLIC),126713.88009597665,start,ctiBeds,0.0,,,,
Patient_377,CTI (CLIC),127313.06006156227,complete,ctiBeds,0.0,,,,
Patient_377,CTI prepara Encaminhamento,127313.06006156227,start,,0.0,,,,
Patient_377,CTI prepara Encaminhamento,127365.04652590487,complete,,0.0,,,,
Patient_377,Encaminha_para a Clinica Medica,127365.04652590487,complete,,,para a Clinica Medica,127365.04652590487,,
Patient_377,Discharge,127365.04652590487,complete,,,,,,651.1664299282129
Patient_378,Arrival,126730.81894425544,complete,,0.0,,,,
Patient_378,Origem_do Centro Cirurgico,126730.81894425544,complete,,,do Centro Cirurgico,126730.81894425544,,
Patient_378,CTI (CC),126730.81894425544,start,ctiBeds,0.0,,,,
Patient_378,CTI (CC),135551.02156486484,complete,ctiBeds,0.0,,,,
Patient_378,CTI prepara Encaminhamento,135551.02156486484,start,,0.0,,,,
Patient_378,CTI prepara Encaminhamento,135595.37161301557,complete,,0.0,,,,
Patient_378,Encaminha_Transferencia Externa,135595.37161301557,complete,,,Transferencia Externa,135595.37161301557,,
Patient_378,Discharge,135595.37161301557,complete,,,,,,8864.552668760123
Patient_379,Arrival,126933.80428004394,complete,,0.0,,,,
Patient_379,Origem_da Clinica Medica,126933.80428004394,complete,,,da Clinica Medica,126933.80428004394,,
Patient_379,CTI (CLIM),126933.80428004394,start,ctiBeds,0.0,,,,
Patient_379,CTI (CLIM),129402.98087225315,complete,ctiBeds,0.0,,,,
Patient_379,CTI prepara Encaminhamento,129402.98087225315,start,,0.0,,,,
Patient_379,CTI prepara Encaminhamento,129459.51871196047,complete,,0.0,,,,
Patient_379,Encaminha_para a Clinica Medica,129459.51871196047,complete,,,para a Clinica Medica,129459.51871196047,,
Patient_379,Discharge,129459.51871196047,complete,,,,,,2525.7144319165236
Patient_38,Arrival,9675.577833384004,complete,,0.0,,,,
Patient_38,Origem_do Centro Cirurgico,9675.577833384004,complete,,,do Centro Cirurgico,9675.577833384004,,
Patient_38,CTI (CC),9675.577833384004,start,ctiBeds,0.0,,,,
Patient_38,CTI (CC),11411.052861069127,complete,ctiBeds,0.0,,,,
Patient_38,CTI prepara Encaminhamento,11411.052861069127,start,,0.0,,,,
Patient_38,CTI prepara Encaminhamento,11454.5937410255,complete,,0.0,,,,
Patient_38,Encaminha_Transferencia Externa,11454.5937410255,complete,,,Transferencia Externa,11454.5937410255,,
Patient_38,Discharge,11454.5937410255,complete,,,,,,1779.0159076414948
Patient_380,Arrival,127148.07542394777,complete,,0.0,,,,
Patient_380,Origem_do Pronto Socorro,127148.07542394777,complete,,,do Pronto Socorro,127148.07542394777,,
Patient_380,CTI (PS),127148.07542394777,start,ctiBeds,0.0,,,,
Patient_380,CTI (PS),129165.85020340927,complete,ctiBeds,0.0,,,,
Patient_380,CTI prepara Encaminhamento,129165.85020340927,start,,0.0,,,,
Patient_380,CTI prepara Encaminhamento,129206.26852429975,complete,,0.0,,,,
Patient_380,Encaminha_para a Clinica Medica,129206.26852429975,complete,,,para a Clinica Medica,129206.26852429975,,
Patient_380,Discharge,129206.26852429975,complete,,,,,,2058.193100351986
Patient_381,Arrival,127352.25355130358,complete,,0.0,,,,
Patient_381,Origem_do Pronto Socorro,127352.25355130358,complete,,,do Pronto Socorro,127352.25355130358,,
Patient_381,CTI (PS),127352.25355130358,start,ctiBeds,0.0,,,,
Patient_381,CTI (PS),141971.29448875666,complete,ctiBeds,0.0,,,,
Patient_381,CTI prepara Encaminhamento,141971.29448875666,start,,0.0,,,,
Patient_381,CTI prepara Encaminhamento,142023.1694484999,complete,,0.0,,,,
Patient_381,Encaminha_para a Clinica Medica,142023.1694484999,complete,,,para a Clinica Medica,142023.1694484999,,
Patient_381,Discharge,142023.1694484999,complete,,,,,,14670.915897196304
Patient_382,Arrival,127463.42617778301,complete,,0.0,,,,
Patient_382,Origem_da Clinica Cirurgica,127463.42617778301,complete,,,da Clinica Cirurgica,127463.42617778301,,
Patient_382,CTI (CLIC),127463.42617778301,start,ctiBeds,0.0,,,,
Patient_382,CTI (CLIC),127991.57922589665,complete,ctiBeds,0.0,,,,
Patient_382,CTI prepara Encaminhamento,127991.57922589665,start,,0.0,,,,
Patient_382,CTI prepara Encaminhamento,128029.54230433429,complete,,0.0,,,,
Patient_382,Encaminha_para a Clinica Medica,128029.54230433429,complete,,,para a Clinica Medica,128029.54230433429,,
Patient_382,Discharge,128029.54230433429,complete,,,,,,566.1161265512783
Patient_383,Arrival,127504.50045043028,complete,,0.0,,,,
Patient_383,Origem_do Pronto Socorro,127504.50045043028,complete,,,do Pronto Socorro,127504.50045043028,,
Patient_383,CTI (PS),127504.50045043028,start,ctiBeds,0.0,,,,
Patient_383,CTI (PS),128943.1907442791,complete,ctiBeds,0.0,,,,
Patient_383,CTI prepara Encaminhamento,128943.1907442791,start,,0.0,,,,
Patient_383,CTI prepara Encaminhamento,128987.63999806179,complete,,0.0,,,,
Patient_383,Encaminha_Obito,128987.63999806179,complete,,,Obito,128987.63999806179,,
Patient_383,Discharge,128987.63999806179,complete,,,,,,1483.1395476315083
Patient_384,Arrival,127837.22900471058,complete,,0.0,,,,
Patient_384,Origem_do Centro Cirurgico,127837.22900471058,complete,,,do Centro Cirurgico,127837.22900471058,,
Patient_384,CTI (CC),127837.22900471058,start,ctiBeds,0.0,,,,
Patient_384,CTI (CC),169461.1747688717,complete,ctiBeds,0.0,,,,
Patient_384,CTI prepara Encaminhamento,169461.1747688717,start,,0.0,,,,
Patient_384,CTI prepara Encaminhamento,169514.15749691855,complete,,0.0,,,,
Patient_384,Encaminha_para a Clinica Medica,169514.15749691855,complete,,,para a Clinica Medica,169514.15749691855,,
Patient_384,Discharge,169514.15749691855,complete,,,,,,41676.92849220797
Patient_385,Arrival,127871.3417792964,complete,,0.0,,,,
Patient_385,Origem_do Pronto Socorro,127871.3417792964,complete,,,do Pronto Socorro,127871.3417792964,,
Patient_385,CTI (PS),127871.3417792964,start,ctiBeds,0.0,,,,
Patient_385,CTI (PS),150627.27416692738,complete,ctiBeds,0.0,,,,
Patient_385,CTI prepara Encaminhamento,150627.27416692738,start,,0.0,,,,
Patient_385,CTI prepara Encaminhamento,150683.2287565794,complete,,0.0,,,,
Patient_385,Encaminha_Obito,150683.2287565794,complete,,,Obito,150683.2287565794,,
Patient_385,Discharge,150683.2287565794,complete,,,,,,22811.886977282993
Patient_386,Arrival,127906.00424735137,complete,,0.0,,,,
Patient_386,Origem_da Clinica Medica,127906.00424735137,complete,,,da Clinica Medica,127906.00424735137,,
Patient_386,CTI (CLIM),127906.00424735137,start,ctiBeds,0.0,,,,
Patient_386,CTI (CLIM),139171.37432116838,complete,ctiBeds,0.0,,,,
Patient_386,CTI prepara Encaminhamento,139171.37432116838,start,,0.0,,,,
Patient_386,CTI prepara Encaminhamento,139220.2943714886,complete,,0.0,,,,
Patient_386,Encaminha_para a Clinica Cirurgica,139220.2943714886,complete,,,para a Clinica Cirurgica,139220.2943714886,,
Patient_386,Discharge,139220.2943714886,complete,,,,,,11314.290124137216
Patient_387,Arrival,128515.82879070556,complete,,0.0,,,,
Patient_387,Origem_do Pronto Socorro,128515.82879070556,complete,,,do Pronto Socorro,128515.82879070556,,
Patient_387,CTI (PS),128515.82879070556,start,ctiBeds,0.0,,,,
Patient_387,CTI (PS),130937.22153579538,complete,ctiBeds,0.0,,,,
Patient_387,CTI prepara Encaminhamento,130937.22153579538,start,,0.0,,,,
Patient_387,CTI prepara Encaminhamento,130974.05654211961,complete,,0.0,,,,
Patient_387,Encaminha_para a Clinica Cirurgica,130974.05654211961,complete,,,para a Clinica Cirurgica,130974.05654211961,,
Patient_387,Discharge,130974.05654211961,complete,,,,,,2458.227751414044
Patient_388,Arrival,128526.74043948033,complete,,0.0,,,,
Patient_388,Origem_do Centro Cirurgico,128526.74043948033,complete,,,do Centro Cirurgico,128526.74043948033,,
Patient_388,CTI (CC),128526.74043948033,start,ctiBeds,0.0,,,,
Patient_388,CTI (CC),136454.1344704385,complete,ctiBeds,0.0,,,,
Patient_388,CTI prepara Encaminhamento,136454.1344704385,start,,0.0,,,,
Patient_388,CTI prepara Encaminhamento,136500.14968020862,complete,,0.0,,,,
Patient_388,Encaminha_Obito,136500.14968020862,complete,,,Obito,136500.14968020862,,
Patient_388,Discharge,136500.14968020862,complete,,,,,,7973.409240728288
Patient_389,Arrival,129028.8551964053,complete,,0.0,,,,
Patient_389,Origem_do Pronto Socorro,129028.8551964053,complete,,,do Pronto Socorro,129028.8551964053,,
Patient_389,CTI (PS),129028.8551964053,start,ctiBeds,0.0,,,,
Patient_389,CTI (PS),149000.31787426973,complete,ctiBeds,0.0,,,,
Patient_389,CTI prepara Encaminhamento,149000.31787426973,start,,0.0,,,,
Patient_389,CTI prepara Encaminhamento,149042.60840923814,complete,,0.0,,,,
Patient_389,Encaminha_Obito,149042.60840923814,complete,,,Obito,149042.60840923814,,
Patient_389,Discharge,149042.60840923814,complete,,,,,,20013.75321283283
Patient_39,Arrival,9843.176824546836,complete,,0.0,,,,
Patient_39,Origem_do Centro Cirurgico,9843.176824546836,complete,,,do Centro Cirurgico,9843.176824546836,,
Patient_39,CTI (CC),9843.176824546836,start,ctiBeds,0.0,,,,
Patient_39,CTI (CC),12446.368001394316,complete,ctiBeds,0.0,,,,
Patient_39,CTI prepara Encaminhamento,12446.368001394316,start,,0.0,,,,
Patient_39,CTI prepara Encaminhamento,12496.3947005955,complete,,0.0,,,,
Patient_39,Encaminha_Transferencia Externa,12496.3947005955,complete,,,Transferencia Externa,12496.3947005955,,
Patient_39,Discharge,12496.3947005955,complete,,,,,,2653.217876048664
Patient_390,Arrival,129264.52652366021,complete,,0.0,,,,
Patient_390,Origem_do Pronto Socorro,129264.52652366021,complete,,,do Pronto Socorro,129264.52652366021,,
Patient_390,CTI (PS),129264.52652366021,start,ctiBeds,0.0,,,,
Patient_390,CTI (PS),141894.32950967905,complete,ctiBeds,0.0,,,,
Patient_390,CTI prepara Encaminhamento,141894.32950967905,start,,0.0,,,,
Patient_390,CTI prepara Encaminhamento,141941.31653002385,complete,,0.0,,,,
Patient_390,Encaminha_para a Clinica Cirurgica,141941.31653002385,complete,,,para a Clinica Cirurgica,141941.31653002385,,
Patient_390,Discharge,141941.31653002385,complete,,,,,,12676.790006363633
Patient_391,Arrival,129450.79840765902,complete,,0.0,,,,
Patient_391,Origem_do Pronto Socorro,129450.79840765902,complete,,,do Pronto Socorro,129450.79840765902,,
Patient_391,CTI (PS),129450.79840765902,start,ctiBeds,0.0,,,,
Patient_391,CTI (PS),147024.04385996485,complete,ctiBeds,0.0,,,,
Patient_391,CTI prepara Encaminhamento,147024.04385996485,start,,0.0,,,,
Patient_391,CTI prepara Encaminhamento,147070.73350888066,complete,,0.0,,,,
Patient_391,Encaminha_Obito,147070.73350888066,complete,,,Obito,147070.73350888066,,
Patient_391,Discharge,147070.73350888066,complete,,,,,,17619.935101221636
Patient_392,Arrival,129569.99855931375,complete,,0.0,,,,
Patient_392,Origem_do Pronto Socorro,129569.99855931375,complete,,,do Pronto Socorro,129569.99855931375,,
Patient_392,CTI (PS),129569.99855931375,start,ctiBeds,0.0,,,,
Patient_392,CTI (PS),131604.7229857042,complete,ctiBeds,0.0,,,,
Patient_392,CTI prepara Encaminhamento,131604.7229857042,start,,0.0,,,,
Patient_392,CTI prepara Encaminhamento,131651.43388035658,complete,,0.0,,,,
Patient_392,Encaminha_para a Clinica Medica,131651.43388035658,complete,,,para a Clinica Medica,131651.43388035658,,
Patient_392,Discharge,131651.43388035658,complete,,,,,,2081.4353210428235
Patient_393,Arrival,130259.04081582392,complete,,0.0,,,,
Patient_393,Origem_do Pronto Socorro,130259.04081582392,complete,,,do Pronto Socorro,130259.04081582392,,
Patient_393,CTI (PS),130259.04081582392,start,ctiBeds,0.0,,,,
Patient_393,CTI (PS),152033.0195687926,complete,ctiBeds,0.0,,,,
Patient_393,CTI prepara Encaminhamento,152033.0195687926,start,,0.0,,,,
Patient_393,CTI prepara Encaminhamento,152090.09524942437,complete,,0.0,,,,
Patient_393,Encaminha_para a Clinica Medica,152090.09524942437,complete,,,para a Clinica Medica,152090.09524942437,,
Patient_393,Discharge,152090.09524942437,complete,,,,,,21831.054433600453
Patient_394,Arrival,130527.68839472582,complete,,0.0,,,,
Patient_394,Origem_do Centro Cirurgico,130527.68839472582,complete,,,do Centro Cirurgico,130527.68839472582,,
Patient_394,CTI (CC),130527.68839472582,start,ctiBeds,0.0,,,,
Patient_394,CTI (CC),151802.10042305017,complete,ctiBeds,0.0,,,,
Patient_394,CTI prepara Encaminhamento,151802.10042305017,start,,0.0,,,,
Patient_394,CTI prepara Encaminhamento,151836.64913563235,complete,,0.0,,,,
Patient_394,Encaminha_para a Clinica Medica,151836.64913563235,complete,,,para a Clinica Medica,151836.64913563235,,
Patient_394,Discharge,151836.64913563235,complete,,,,,,21308.960740906536
Patient_395,Arrival,130586.86137671284,complete,,0.0,,,,
Patient_395,Origem_do Centro Cirurgico,130586.86137671284,complete,,,do Centro Cirurgico,130586.86137671284,,
Patient_395,CTI (CC),130586.86137671284,start,ctiBeds,0.0,,,,
Patient_395,CTI (CC),133286.94076158965,complete,ctiBeds,0.0,,,,
Patient_395,CTI prepara Encaminhamento,133286.94076158965,start,,0.0,,,,
Patient_395,CTI prepara Encaminhamento,133333.3284131226,complete,,0.0,,,,
Patient_395,Encaminha_para a Clinica Medica,133333.3284131226,complete,,,para a Clinica Medica,133333.3284131226,,
Patient_395,Discharge,133333.3284131226,complete,,,,,,2746.4670364097547
Patient_396,Arrival,130667.325121621,complete,,0.0,,,,
Patient_396,Origem_da Clinica Cirurgica,130667.325121621,complete,,,da Clinica Cirurgica,130667.325121621,,
Patient_396,CTI (CLIC),130667.325121621,start,ctiBeds,0.0,,,,
Patient_396,CTI (CLIC),143007.41018016866,complete,ctiBeds,0.0,,,,
Patient_396,CTI prepara Encaminhamento,143007.41018016866,start,,0.0,,,,
Patient_396,CTI prepara Encaminhamento,143063.37933046088,complete,,0.0,,,,
Patient_396,Encaminha_para a Clinica Cirurgica,143063.37933046088,complete,,,para a Clinica Cirurgica,143063.37933046088,,
Patient_396,Discharge,143063.37933046088,complete,,,,,,12396.05420883988
Patient_397,Arrival,131011.9170915826,complete,,0.0,,,,
Patient_397,Origem_do Pronto Socorro,131011.9170915826,complete,,,do Pronto Socorro,131011.9170915826,,
Patient_397,CTI (PS),131011.9170915826,start,ctiBeds,0.0,,,,
Patient_397,CTI (PS),132155.9091691874,complete,ctiBeds,0.0,,,,
Patient_397,CTI prepara Encaminhamento,132155.9091691874,start,,0.0,,,,
Patient_397,CTI prepara Encaminhamento,132206.97836447982,complete,,0.0,,,,
Patient_397,Encaminha_para a Clinica Cirurgica,132206.97836447982,complete,,,para a Clinica Cirurgica,132206.97836447982,,
Patient_397,Discharge,132206.97836447982,complete,,,,,,1195.0612728972192
Patient_398,Arrival,131759.2351530548,complete,,0.0,,,,
Patient_398,Origem_da Clinica Medica,131759.2351530548,complete,,,da Clinica Medica,131759.2351530548,,
Patient_398,CTI (CLIM),131759.2351530548,start,ctiBeds,0.0,,,,
Patient_398,CTI (CLIM),135101.86262016735,complete,ctiBeds,0.0,,,,
Patient_398,CTI prepara Encaminhamento,135101.86262016735,start,,0.0,,,,
Patient_398,CTI prepara Encaminhamento,135157.54742309748,complete,,0.0,,,,
Patient_398,Encaminha_para a Clinica Cirurgica,135157.54742309748,complete,,,para a Clinica Cirurgica,135157.54742309748,,
Patient_398,Discharge,135157.54742309748,complete,,,,,,3398.31227004269
Patient_399,Arrival,132172.68128091577,complete,,0.0,,,,
Patient_399,Origem_do Pronto Socorro,132172.68128091577,complete,,,do Pronto Socorro,132172.68128091577,,
Patient_399,CTI (PS),132172.68128091577,start,ctiBeds,0.0,,,,
Patient_399,CTI (PS),134152.87495007773,complete,ctiBeds,0.0,,,,
Patient_399,CTI prepara Encaminhamento,134152.87495007773,start,,0.0,,,,
Patient_399,CTI prepara Encaminhamento,134201.4007764924,complete,,0.0,,,,
Patient_399,Encaminha_para a Clinica Cirurgica,134201.4007764924,complete,,,para a Clinica Cirurgica,134201.4007764924,,
Patient_399,Discharge,134201.4007764924,complete,,,,,,2028.7194955766317
Patient_4,Arrival,456.1531913313369,complete,,0.0,,,,
Patient_4,Origem_do Centro Cirurgico,456.1531913313369,complete,,,do Centro Cirurgico,456.1531913313369,,
Patient_4,CTI (CC),456.1531913313369,start,ctiBeds,0.0,,,,
Patient_4,CTI (CC),3309.2734726313065,complete,ctiBeds,0.0,,,,
Patient_4,CTI prepara Encaminhamento,3309.2734726313065,start,,0.0,,,,
Patient_4,CTI prepara Encaminhamento,3364.6400453287583,complete,,0.0,,,,
Patient_4,Encaminha_para a Clinica Medica,3364.6400453287583,complete,,,para a Clinica Medica,3364.6400453287583,,
Patient_4,Discharge,3364.6400453287583,complete,,,,,,2908.4868539974213
Patient_40,Arrival,10368.590809347457,complete,,0.0,,,,
Patient_40,Origem_do Centro Cirurgico,10368.590809347457,complete,,,do Centro Cirurgico,10368.590809347457,,
Patient_40,CTI (CC),10368.590809347457,start,ctiBeds,0.0,,,,
Patient_40,CTI (CC),12471.236104349822,complete,ctiBeds,0.0,,,,
Patient_40,CTI prepara Encaminhamento,12471.236104349822,start,,0.0,,,,
Patient_40,CTI prepara Encaminhamento,12505.405721324765,complete,,0.0,,,,
Patient_40,Encaminha_para a Clinica Medica,12505.405721324765,complete,,,para a Clinica Medica,12505.405721324765,,
Patient_40,Discharge,12505.405721324765,complete,,,,,,2136.814911977308
Patient_400,Arrival,132447.8917282834,complete,,0.0,,,,
Patient_400,Origem_do Centro Cirurgico,132447.8917282834,complete,,,do Centro Cirurgico,132447.8917282834,,
Patient_400,CTI (CC),132447.8917282834,start,ctiBeds,0.0,,,,
Patient_400,CTI (CC),140943.4252739851,complete,ctiBeds,0.0,,,,
Patient_400,CTI prepara Encaminhamento,140943.4252739851,start,,0.0,,,,
Patient_400,CTI prepara Encaminhamento,140977.0864413438,complete,,0.0,,,,
Patient_400,Encaminha_para a Clinica Medica,140977.0864413438,complete,,,para a Clinica Medica,140977.0864413438,,
Patient_400,Discharge,140977.0864413438,complete,,,,,,8529.194713060395
Patient_401,Arrival,132481.47087536208,complete,,0.0,,,,
Patient_401,Origem_do Centro Cirurgico,132481.47087536208,complete,,,do Centro Cirurgico,132481.47087536208,,
Patient_401,CTI (CC),132481.47087536208,start,ctiBeds,0.0,,,,
Patient_401,CTI (CC),133560.62510499166,complete,ctiBeds,0.0,,,,
Patient_401,CTI prepara Encaminhamento,133560.62510499166,start,,0.0,,,,
Patient_401,CTI prepara Encaminhamento,133601.49353814853,complete,,0.0,,,,
Patient_401,Encaminha_para a Clinica Cirurgica,133601.49353814853,complete,,,para a Clinica Cirurgica,133601.49353814853,,
Patient_401,Discharge,133601.49353814853,complete,,,,,,1120.0226627864467
Patient_402,Arrival,132482.36854344365,complete,,0.0,,,,
Patient_402,Origem_do Pronto Socorro,132482.36854344365,complete,,,do Pronto Socorro,132482.36854344365,,
Patient_402,CTI (PS),132482.36854344365,start,ctiBeds,0.0,,,,
Patient_402,CTI (PS),137197.00543081964,complete,ctiBeds,0.0,,,,
Patient_402,CTI prepara Encaminhamento,137197.00543081964,start,,0.0,,,,
Patient_402,CTI prepara Encaminhamento,137241.83021878634,complete,,0.0,,,,
Patient_402,Encaminha_Obito,137241.83021878634,complete,,,Obito,137241.83021878634,,
Patient_402,Discharge,137241.83021878634,complete,,,,,,4759.461675342696
Patient_403,Arrival,133904.69412622912,complete,,0.0,,,,
Patient_403,Origem_do Centro Cirurgico,133904.69412622912,complete,,,do Centro Cirurgico,133904.69412622912,,
Patient_403,CTI (CC),133904.69412622912,start,ctiBeds,0.0,,,,
Patient_403,CTI (CC),151154.11306837827,complete,ctiBeds,0.0,,,,
Patient_403,CTI prepara Encaminhamento,151154.11306837827,start,,0.0,,,,
Patient_403,CTI prepara Encaminhamento,151194.29836507337,complete,,0.0,,,,
Patient_403,Encaminha_para a Clinica Cirurgica,151194.29836507337,complete,,,para a Clinica Cirurgica,151194.29836507337,,
Patient_403,Discharge,151194.29836507337,complete,,,,,,17289.604238844244
Patient_404,Arrival,134295.6508176705,complete,,0.0,,,,
Patient_404,Origem_do Pronto Socorro,134295.6508176705,complete,,,do Pronto Socorro,134295.6508176705,,
Patient_404,CTI (PS),134295.6508176705,start,ctiBeds,0.0,,,,
Patient_404,CTI (PS),151510.70329049113,complete,ctiBeds,0.0,,,,
Patient_404,CTI prepara Encaminhamento,151510.70329049113,start,,0.0,,,,
Patient_404,CTI prepara Encaminhamento,151541.45798885816,complete,,0.0,,,,
Patient_404,Encaminha_para a Maternidade,151541.45798885816,complete,,,para a Maternidade,151541.45798885816,,
Patient_404,Discharge,151541.45798885816,complete,,,,,,17245.807171187655
Patient_405,Arrival,135157.09503669027,complete,,0.0,,,,
Patient_405,Origem_do Pronto Socorro,135157.09503669027,complete,,,do Pronto Socorro,135157.09503669027,,
Patient_405,CTI (PS),135157.09503669027,start,ctiBeds,0.0,,,,
Patient_405,CTI (PS),140231.59025893404,complete,ctiBeds,0.0,,,,
Patient_405,CTI prepara Encaminhamento,140231.59025893404,start,,0.0,,,,
Patient_405,CTI prepara Encaminhamento,140268.79724712402,complete,,0.0,,,,
Patient_405,Encaminha_para a Clinica Medica,140268.79724712402,complete,,,para a Clinica Medica,140268.79724712402,,
Patient_405,Discharge,140268.79724712402,complete,,,,,,5111.702210433752
Patient_406,Arrival,135412.53054897822,complete,,0.0,,,,
Patient_406,Origem_do Pronto Socorro,135412.53054897822,complete,,,do Pronto Socorro,135412.53054897822,,
Patient_406,CTI (PS),135412.53054897822,start,ctiBeds,0.0,,,,
Patient_406,CTI (PS),141752.65462068812,complete,ctiBeds,0.0,,,,
Patient_406,CTI prepara Encaminhamento,141752.65462068812,start,,0.0,,,,
Patient_406,CTI prepara Encaminhamento,141804.91631830647,complete,,0.0,,,,
Patient_406,Encaminha_para a Clinica Cirurgica,141804.91631830647,complete,,,para a Clinica Cirurgica,141804.91631830647,,
Patient_406,Discharge,141804.91631830647,complete,,,,,,6392.385769328248
Patient_407,Arrival,135574.860429638,complete,,0.0,,,,
Patient_407,Origem_do Pronto Socorro,135574.860429638,complete,,,do Pronto Socorro,135574.860429638,,
Patient_407,CTI (PS),135574.860429638,start,ctiBeds,0.0,,,,
Patient_407,CTI (PS),144112.89008262818,complete,ctiBeds,0.0,,,,
Patient_407,CTI prepara Encaminhamento,144112.89008262818,start,,0.0,,,,
Patient_407,CTI prepara Encaminhamento,144170.23675815188,complete,,0.0,,,,
Patient_407,Encaminha_para a Clinica Medica,144170.23675815188,complete,,,para a Clinica Medica,144170.23675815188,,
Patient_407,Discharge,144170.23675815188,complete,,,,,,8595.37632851387
Patient_408,Arrival,135642.19009798366,complete,,0.0,,,,
Patient_408,Origem_do Centro Cirurgico,135642.19009798366,complete,,,do Centro Cirurgico,135642.19009798366,,
Patient_408,CTI (CC),135642.19009798366,start,ctiBeds,0.0,,,,
Patient_408,CTI (CC),151674.6481203708,complete,ctiBeds,0.0,,,,
Patient_408,CTI prepara Encaminhamento,151674.6481203708,start,,0.0,,,,
Patient_408,CTI prepara Encaminhamento,151719.808317449,complete,,0.0,,,,
Patient_408,Encaminha_para a Clinica Cirurgica,151719.808317449,complete,,,para a Clinica Cirurgica,151719.808317449,,
Patient_408,Discharge,151719.808317449,complete,,,,,,16077.618219465337
Patient_409,Arrival,136734.88468325319,complete,,0.0,,,,
Patient_409,Origem_do Centro Cirurgico,136734.88468325319,complete,,,do Centro Cirurgico,136734.88468325319,,
Patient_409,CTI (CC),136734.88468325319,start,ctiBeds,0.0,,,,
Patient_409,CTI (CC),137389.92763917436,complete,ctiBeds,0.0,,,,
Patient_409,CTI prepara Encaminhamento,137389.92763917436,start,,0.0,,,,
Patient_409,CTI prepara Encaminhamento,137428.6082263036,complete,,0.0,,,,
Patient_409,Encaminha_Obito,137428.6082263036,complete,,,Obito,137428.6082263036,,
Patient_409,Discharge,137428.6082263036,complete,,,,,,693.7235430504079
Patient_41,Arrival,10671.146297603533,complete,,0.0,,,,
Patient_41,Origem_da Clinica Cirurgica,10671.146297603533,complete,,,da Clinica Cirurgica,10671.146297603533,,
Patient_41,CTI (CLIC),10671.146297603533,start,ctiBeds,0.0,,,,
Patient_41,CTI (CLIC),11782.940028992565,complete,ctiBeds,0.0,,,,
Patient_41,CTI prepara Encaminhamento,11782.940028992565,start,,0.0,,,,
Patient_41,CTI prepara Encaminhamento,11825.2586734147,complete,,0.0,,,,
Patient_41,Encaminha_para a Clinica Cirurgica,11825.2586734147,complete,,,para a Clinica Cirurgica,11825.2586734147,,
Patient_41,Discharge,11825.2586734147,complete,,,,,,1154.112375811168
Patient_410,Arrival,136971.61246669493,complete,,0.0,,,,
Patient_410,Origem_do Pronto Socorro,136971.61246669493,complete,,,do Pronto Socorro,136971.61246669493,,
Patient_410,CTI (PS),136971.61246669493,start,ctiBeds,0.0,,,,
Patient_410,CTI (PS),150509.11436465025,complete,ctiBeds,0.0,,,,
Patient_410,CTI prepara Encaminhamento,150509.11436465025,start,,0.0,,,,
Patient_410,CTI prepara Encaminhamento,150554.40738239585,complete,,0.0,,,,
Patient_410,Encaminha_para a Clinica Medica,150554.40738239585,complete,,,para a Clinica Medica,150554.40738239585,,
Patient_410,Discharge,150554.40738239585,complete,,,,,,13582.794915700913
Patient_411,Arrival,137306.6111843374,complete,,0.0,,,,
Patient_411,Origem_do Centro Cirurgico,137306.6111843374,complete,,,do Centro Cirurgico,137306.6111843374,,
Patient_411,CTI (CC),137306.6111843374,start,ctiBeds,0.0,,,,
Patient_411,CTI (CC),144409.42977041524,complete,ctiBeds,0.0,,,,
Patient_411,CTI prepara Encaminhamento,144409.42977041524,start,,0.0,,,,
Patient_411,CTI prepara Encaminhamento,144454.0081610807,complete,,0.0,,,,
Patient_411,Encaminha_para a Clinica Medica,144454.0081610807,complete,,,para a Clinica Medica,144454.0081610807,,
Patient_411,Discharge,144454.0081610807,complete,,,,,,7147.396976743301
Patient_412,Arrival,137717.07947253095,complete,,0.0,,,,
Patient_412,Origem_do Centro Cirurgico,137717.07947253095,complete,,,do Centro Cirurgico,137717.07947253095,,
Patient_412,CTI (CC),137717.07947253095,start,ctiBeds,0.0,,,,
Patient_412,CTI (CC),152464.0712258336,complete,ctiBeds,0.0,,,,
Patient_412,CTI prepara Encaminhamento,152464.0712258336,start,,0.0,,,,
Patient_412,CTI prepara Encaminhamento,152499.25091335562,complete,,0.0,,,,
Patient_412,Encaminha_Obito,152499.25091335562,complete,,,Obito,152499.25091335562,,
Patient_412,Discharge,152499.25091335562,complete,,,,,,14782.171440824663
Patient_413,Arrival,138044.87494184272,complete,,0.0,,,,
Patient_413,Origem_do Centro Cirurgico,138044.87494184272,complete,,,do Centro Cirurgico,138044.87494184272,,
Patient_413,CTI (CC),138044.87494184272,start,ctiBeds,0.0,,,,
Patient_413,CTI (CC),139837.72573621848,complete,ctiBeds,0.0,,,,
Patient_413,CTI prepara Encaminhamento,139837.72573621848,start,,0.0,,,,
Patient_413,CTI prepara Encaminhamento,139868.95593779755,complete,,0.0,,,,
Patient_413,Encaminha_Obito,139868.95593779755,complete,,,Obito,139868.95593779755,,
Patient_413,Discharge,139868.95593779755,complete,,,,,,1824.080995954835
Patient_414,Arrival,138604.57963392322,complete,,0.0,,,,
Patient_414,Origem_da Clinica Cirurgica,138604.57963392322,complete,,,da Clinica Cirurgica,138604.57963392322,,
Patient_414,CTI (CLIC),138604.57963392322,start,ctiBeds,0.0,,,,
Patient_414,CTI (CLIC),141120.47859633292,complete,ctiBeds,0.0,,,,
Patient_414,CTI prepara Encaminhamento,141120.47859633292,start,,0.0,,,,
Patient_414,CTI prepara Encaminhamento,141157.54964712396,complete,,0.0,,,,
Patient_414,Encaminha_para a Clinica Medica,141157.54964712396,complete,,,para a Clinica Medica,141157.54964712396,,
Patient_414,Discharge,141157.54964712396,complete,,,,,,2552.970013200742
Patient_415,Arrival,138956.6406304513,complete,,0.0,,,,
Patient_415,Origem_do Centro Cirurgico,138956.6406304513,complete,,,do Centro Cirurgico,138956.6406304513,,
Patient_415,CTI (CC),138956.6406304513,start,ctiBeds,0.0,,,,
Patient_415,CTI (CC),140947.07523188647,complete,ctiBeds,0.0,,,,
Patient_415,CTI prepara Encaminhamento,140947.07523188647,start,,0.0,,,,
Patient_415,CTI prepara Encaminhamento,140977.9454896302,complete,,0.0,,,,
Patient_415,Encaminha_para a Clinica Medica,140977.9454896302,complete,,,para a Clinica Medica,140977.9454896302,,
Patient_415,Discharge,140977.9454896302,complete,,,,,,2021.3048591788975
Patient_416,Arrival,139183.02803262768,complete,,0.0,,,,
Patient_416,Origem_do Pronto Socorro,139183.02803262768,complete,,,do Pronto Socorro,139183.02803262768,,
Patient_416,CTI (PS),139183.02803262768,start,ctiBeds,0.0,,,,
Patient_416,CTI (PS),141164.89321145104,complete,ctiBeds,0.0,,,,
Patient_416,CTI prepara Encaminhamento,141164.89321145104,start,,0.0,,,,
Patient_416,CTI prepara Encaminhamento,141219.449535848,complete,,0.0,,,,
Patient_416,Encaminha_para a Clinica Medica,141219.449535848,complete,,,para a Clinica Medica,141219.449535848,,
Patient_416,Discharge,141219.449535848,complete,,,,,,2036.4215032203065
Patient_417,Arrival,139877.73689230555,complete,,0.0,,,,
Patient_417,Origem_da Clinica Medica,139877.73689230555,complete,,,da Clinica Medica,139877.73689230555,,
Patient_417,CTI (CLIM),139877.73689230555,start,ctiBeds,0.0,,,,
Patient_417,CTI (CLIM),151694.48634511358,complete,ctiBeds,0.0,,,,
Patient_417,CTI prepara Encaminhamento,151694.48634511358,start,,0.0,,,,
Patient_417,CTI prepara Encaminhamento,151728.4299148385,complete,,0.0,,,,
Patient_417,Encaminha_Obito,151728.4299148385,complete,,,Obito,151728.4299148385,,
Patient_417,Discharge,151728.4299148385,complete,,,,,,11850.693022532942
Patient_418,Arrival,140574.15289799406,complete,,0.0,,,,
Patient_418,Origem_do Centro Cirurgico,140574.15289799406,complete,,,do Centro Cirurgico,140574.15289799406,,
Patient_418,CTI (CC),140574.15289799406,start,ctiBeds,0.0,,,,
Patient_418,CTI (CC),153546.77955833275,complete,ctiBeds,0.0,,,,
Patient_418,CTI prepara Encaminhamento,153546.77955833275,start,,0.0,,,,
Patient_418,CTI prepara Encaminhamento,153603.97274569815,complete,,0.0,,,,
Patient_418,Encaminha_para a Clinica Cirurgica,153603.97274569815,complete,,,para a Clinica Cirurgica,153603.97274569815,,
Patient_418,Discharge,153603.97274569815,complete,,,,,,13029.819847704086
Patient_419,Arrival,141102.61446949316,complete,,0.0,,,,
Patient_419,Origem_do Centro Cirurgico,141102.61446949316,complete,,,do Centro Cirurgico,141102.61446949316,,
Patient_419,CTI (CC),141102.61446949316,start,ctiBeds,0.0,,,,
Patient_419,CTI (CC),182147.81783661546,complete,ctiBeds,0.0,,,,
Patient_419,CTI prepara Encaminhamento,182147.81783661546,start,,0.0,,,,
Patient_419,CTI prepara Encaminhamento,182180.13141280468,complete,,0.0,,,,
Patient_419,Encaminha_para a Clinica Cirurgica,182180.13141280468,complete,,,para a Clinica Cirurgica,182180.13141280468,,
Patient_419,Discharge,182180.13141280468,complete,,,,,,41077.51694331152
Patient_42,Arrival,10718.553043007447,complete,,0.0,,,,
Patient_42,Origem_do Pronto Socorro,10718.553043007447,complete,,,do Pronto Socorro,10718.553043007447,,
Patient_42,CTI (PS),10718.553043007447,start,ctiBeds,0.0,,,,
Patient_42,CTI (PS),23270.544110887768,complete,ctiBeds,0.0,,,,
Patient_42,CTI prepara Encaminhamento,23270.544110887768,start,,0.0,,,,
Patient_42,CTI prepara Encaminhamento,23314.30751474405,complete,,0.0,,,,
Patient_42,Encaminha_Transferencia Externa,23314.30751474405,complete,,,Transferencia Externa,23314.30751474405,,
Patient_42,Discharge,23314.30751474405,complete,,,,,,12595.754471736604
Patient_420,Arrival,142051.4972035687,complete,,0.0,,,,
Patient_420,Origem_do Pronto Socorro,142051.4972035687,complete,,,do Pronto Socorro,142051.4972035687,,
Patient_420,CTI (PS),142051.4972035687,start,ctiBeds,0.0,,,,
Patient_420,CTI (PS),152397.76411479645,complete,ctiBeds,0.0,,,,
Patient_420,CTI prepara Encaminhamento,152397.76411479645,start,,0.0,,,,
Patient_420,CTI prepara Encaminhamento,152453.1854623076,complete,,0.0,,,,
Patient_420,Encaminha_Obito,152453.1854623076,complete,,,Obito,152453.1854623076,,
Patient_420,Discharge,152453.1854623076,complete,,,,,,10401.688258738897
Patient_421,Arrival,142858.76966195134,complete,,0.0,,,,
Patient_421,Origem_do Centro Cirurgico,142858.76966195134,complete,,,do Centro Cirurgico,142858.76966195134,,
Patient_421,CTI (CC),142858.76966195134,start,ctiBeds,0.0,,,,
Patient_421,CTI (CC),147246.7867456708,complete,ctiBeds,0.0,,,,
Patient_421,CTI prepara Encaminhamento,147246.7867456708,start,,0.0,,,,
Patient_421,CTI prepara Encaminhamento,147301.27321270478,complete,,0.0,,,,
Patient_421,Encaminha_para a Clinica Medica,147301.27321270478,complete,,,para a Clinica Medica,147301.27321270478,,
Patient_421,Discharge,147301.27321270478,complete,,,,,,4442.503550753434
Patient_422,Arrival,143482.51924317304,complete,,0.0,,,,
Patient_422,Origem_do Centro Cirurgico,143482.51924317304,complete,,,do Centro Cirurgico,143482.51924317304,,
Patient_422,CTI (CC),143482.51924317304,start,ctiBeds,0.0,,,,
Patient_422,CTI (CC),144204.93915924596,complete,ctiBeds,0.0,,,,
Patient_422,CTI prepara Encaminhamento,144204.93915924596,start,,0.0,,,,
Patient_422,CTI prepara Encaminhamento,144251.62119599784,complete,,0.0,,,,
Patient_422,Encaminha_para a Clinica Cirurgica,144251.62119599784,complete,,,para a Clinica Cirurgica,144251.62119599784,,
Patient_422,Discharge,144251.62119599784,complete,,,,,,769.1019528247998
Patient_423,Arrival,143532.04317551132,complete,,0.0,,,,
Patient_423,Origem_do Centro Cirurgico,143532.04317551132,complete,,,do Centro Cirurgico,143532.04317551132,,
Patient_423,CTI (CC),143532.04317551132,start,ctiBeds,0.0,,,,
Patient_423,CTI (CC),167241.77529055433,complete,ctiBeds,0.0,,,,
Patient_423,CTI prepara Encaminhamento,167241.77529055433,start,,0.0,,,,
Patient_423,CTI prepara Encaminhamento,167279.63183045166,complete,,0.0,,,,
Patient_423,Encaminha_para a Clinica Cirurgica,167279.63183045166,complete,,,para a Clinica Cirurgica,167279.63183045166,,
Patient_423,Discharge,167279.63183045166,complete,,,,,,23747.588654940337
Patient_424,Arrival,143865.14644203,complete,,0.0,,,,
Patient_424,Origem_do Centro Cirurgico,143865.14644203,complete,,,do Centro Cirurgico,143865.14644203,,
Patient_424,CTI (CC),143865.14644203,start,ctiBeds,0.0,,,,
Patient_424,CTI (CC),144838.59169047335,complete,ctiBeds,0.0,,,,
Patient_424,CTI prepara Encaminhamento,144838.59169047335,start,,0.0,,,,
Patient_424,CTI prepara Encaminhamento,144889.64886895605,complete,,0.0,,,,
Patient_424,Encaminha_para a Clinica Medica,144889.64886895605,complete,,,para a Clinica Medica,144889.64886895605,,
Patient_424,Discharge,144889.64886895605,complete,,,,,,1024.5024269260466
Patient_425,Arrival,144120.84879668258,complete,,0.0,,,,
Patient_425,Origem_do Pronto Socorro,144120.84879668258,complete,,,do Pronto Socorro,144120.84879668258,,
Patient_425,CTI (PS),144120.84879668258,start,ctiBeds,0.0,,,,
Patient_425,CTI (PS),159429.5074509604,complete,ctiBeds,0.0,,,,
Patient_425,CTI prepara Encaminhamento,159429.5074509604,start,,0.0,,,,
Patient_425,CTI prepara Encaminhamento,159472.7886745213,complete,,0.0,,,,
Patient_425,Encaminha_Obito,159472.7886745213,complete,,,Obito,159472.7886745213,,
Patient_425,Discharge,159472.7886745213,complete,,,,,,15351.939877838711
Patient_426,Arrival,144583.67339722958,complete,,0.0,,,,
Patient_426,Origem_do Pronto Socorro,144583.67339722958,complete,,,do Pronto Socorro,144583.67339722958,,
Patient_426,CTI (PS),144583.67339722958,start,ctiBeds,0.0,,,,
Patient_426,CTI (PS),154733.77109531985,complete,ctiBeds,0.0,,,,
Patient_426,CTI prepara Encaminhamento,154733.77109531985,start,,0.0,,,,
Patient_426,CTI prepara Encaminhamento,154788.88424332222,complete,,0.0,,,,
Patient_426,Encaminha_para a Clinica Medica,154788.88424332222,complete,,,para a Clinica Medica,154788.88424332222,,
Patient_426,Discharge,154788.88424332222,complete,,,,,,10205.21084609264
Patient_427,Arrival,144644.0397027897,complete,,0.0,,,,
Patient_427,Origem_da Clinica Cirurgica,144644.0397027897,complete,,,da Clinica Cirurgica,144644.0397027897,,
Patient_427,CTI (CLIC),144644.0397027897,start,ctiBeds,0.0,,,,
Patient_427,CTI (CLIC),150796.05123548672,complete,ctiBeds,0.0,,,,
Patient_427,CTI prepara Encaminhamento,150796.05123548672,start,,0.0,,,,
Patient_427,CTI prepara Encaminhamento,150838.042739023,complete,,0.0,,,,
Patient_427,Encaminha_para a Clinica Medica,150838.042739023,complete,,,para a Clinica Medica,150838.042739023,,
Patient_427,Discharge,150838.042739023,complete,,,,,,6194.003036233276
Patient_428,Arrival,146179.67161745226,complete,,0.0,,,,
Patient_428,Origem_da Maternidade,146179.67161745226,complete,,,da Maternidade,146179.67161745226,,
Patient_428,CTI (MAT),146179.67161745226,start,ctiBeds,0.0,,,,
Patient_428,CTI (MAT),148959.56283742114,complete,ctiBeds,0.0,,,,
Patient_428,CTI prepara Encaminhamento,148959.56283742114,start,,0.0,,,,
Patient_428,CTI prepara Encaminhamento,149004.9720823648,complete,,0.0,,,,
Patient_428,Encaminha_para a Clinica Cirurgica,149004.9720823648,complete,,,para a Clinica Cirurgica,149004.9720823648,,
Patient_428,Discharge,149004.9720823648,complete,,,,,,2825.3004649125505
Patient_429,Arrival,147257.2750310841,complete,,0.0,,,,
Patient_429,Origem_do Centro Cirurgico,147257.2750310841,complete,,,do Centro Cirurgico,147257.2750310841,,
Patient_429,CTI (CC),147257.2750310841,start,ctiBeds,0.0,,,,
Patient_429,CTI (CC),147700.06771064823,complete,ctiBeds,0.0,,,,
Patient_429,CTI prepara Encaminhamento,147700.06771064823,start,,0.0,,,,
Patient_429,CTI prepara Encaminhamento,147746.0503941269,complete,,0.0,,,,
Patient_429,Encaminha_para a Clinica Medica,147746.0503941269,complete,,,para a Clinica Medica,147746.0503941269,,
Patient_429,Discharge,147746.0503941269,complete,,,,,,488.7753630428051
Patient_43,Arrival,10759.592231569837,complete,,0.0,,,,
Patient_43,Origem_do Pronto Socorro,10759.592231569837,complete,,,do Pronto Socorro,10759.592231569837,,
Patient_43,CTI (PS),10759.592231569837,start,ctiBeds,0.0,,,,
Patient_43,CTI (PS),45633.778690384366,complete,ctiBeds,0.0,,,,
Patient_43,CTI prepara Encaminhamento,45633.778690384366,start,,0.0,,,,
Patient_43,CTI prepara Encaminhamento,45691.74733489687,complete,,0.0,,,,
Patient_43,Encaminha_Obito,45691.74733489687,complete,,,Obito,45691.74733489687,,
Patient_43,Discharge,45691.74733489687,complete,,,,,,34932.15510332704
Patient_430,Arrival,147816.38346171877,complete,,0.0,,,,
Patient_430,Origem_do Pronto Socorro,147816.38346171877,complete,,,do Pronto Socorro,147816.38346171877,,
Patient_430,CTI (PS),147816.38346171877,start,ctiBeds,0.0,,,,
Patient_430,CTI (PS),176304.73799563508,complete,ctiBeds,0.0,,,,
Patient_430,CTI prepara Encaminhamento,176304.73799563508,start,,0.0,,,,
Patient_430,CTI prepara Encaminhamento,176338.26351265682,complete,,0.0,,,,
Patient_430,Encaminha_Obito,176338.26351265682,complete,,,Obito,176338.26351265682,,
Patient_430,Discharge,176338.26351265682,complete,,,,,,28521.880050938053
Patient_431,Arrival,148109.85152048426,complete,,0.0,,,,
Patient_431,Origem_do Centro Cirurgico,148109.85152048426,complete,,,do Centro Cirurgico,148109.85152048426,,
Patient_431,CTI (CC),148109.85152048426,start,ctiBeds,0.0,,,,
Patient_431,CTI (CC),149224.60321622094,complete,ctiBeds,0.0,,,,
Patient_431,CTI prepara Encaminhamento,149224.60321622094,start,,0.0,,,,
Patient_431,CTI prepara Encaminhamento,149268.87562253446,complete,,0.0,,,,
Patient_431,Encaminha_para a Clinica Medica,149268.87562253446,complete,,,para a Clinica Medica,149268.87562253446,,
Patient_431,Discharge,149268.87562253446,complete,,,,,,1159.0241020501999
Patient_432,Arrival,148569.44217052488,complete,,0.0,,,,
Patient_432,Origem_do Centro Cirurgico,148569.44217052488,complete,,,do Centro Cirurgico,148569.44217052488,,
Patient_432,CTI (CC),148569.44217052488,start,ctiBeds,0.0,,,,
Patient_432,CTI (CC),149703.01753742437,complete,ctiBeds,0.0,,,,
Patient_432,CTI prepara Encaminhamento,149703.01753742437,start,,0.0,,,,
Patient_432,CTI prepara Encaminhamento,149742.04932681785,complete,,0.0,,,,
Patient_432,Encaminha_para a Clinica Cirurgica,149742.04932681785,complete,,,para a Clinica Cirurgica,149742.04932681785,,
Patient_432,Discharge,149742.04932681785,complete,,,,,,1172.607156292972
Patient_433,Arrival,149172.56424185948,complete,,0.0,,,,
Patient_433,Origem_do Centro Cirurgico,149172.56424185948,complete,,,do Centro Cirurgico,149172.56424185948,,
Patient_433,CTI (CC),149172.56424185948,start,ctiBeds,0.0,,,,
Patient_433,CTI (CC),153411.52094738156,complete,ctiBeds,0.0,,,,
Patient_433,CTI prepara Encaminhamento,153411.52094738156,start,,0.0,,,,
Patient_433,CTI prepara Encaminhamento,153459.27911041747,complete,,0.0,,,,
Patient_433,Encaminha_Transferencia Externa,153459.27911041747,complete,,,Transferencia Externa,153459.27911041747,,
Patient_433,Discharge,153459.27911041747,complete,,,,,,4286.714868557989
Patient_434,Arrival,150190.03025040752,complete,,0.0,,,,
Patient_434,Origem_da Clinica Cirurgica,150190.03025040752,complete,,,da Clinica Cirurgica,150190.03025040752,,
Patient_434,CTI (CLIC),150190.03025040752,start,ctiBeds,0.0,,,,
Patient_434,CTI (CLIC),195202.04665189906,complete,ctiBeds,0.0,,,,
Patient_434,CTI prepara Encaminhamento,195202.04665189906,start,,0.0,,,,
Patient_434,CTI prepara Encaminhamento,195257.29588595053,complete,,0.0,,,,
Patient_434,Encaminha_para a Clinica Cirurgica,195257.29588595053,complete,,,para a Clinica Cirurgica,195257.29588595053,,
Patient_434,Discharge,195257.29588595053,complete,,,,,,45067.26563554301
Patient_435,Arrival,151078.7107474092,complete,,0.0,,,,
Patient_435,Origem_do Pronto Socorro,151078.7107474092,complete,,,do Pronto Socorro,151078.7107474092,,
Patient_435,CTI (PS),151078.7107474092,start,ctiBeds,0.0,,,,
Patient_435,CTI (PS),167744.77544401432,complete,ctiBeds,0.0,,,,
Patient_435,CTI prepara Encaminhamento,167744.77544401432,start,,0.0,,,,
Patient_435,CTI prepara Encaminhamento,167786.46954796987,complete,,0.0,,,,
Patient_435,Encaminha_para a Clinica Medica,167786.46954796987,complete,,,para a Clinica Medica,167786.46954796987,,
Patient_435,Discharge,167786.46954796987,complete,,,,,,16707.758800560667
Patient_436,Arrival,151795.91548212897,complete,,0.0,,,,
Patient_436,Origem_do Centro Cirurgico,151795.91548212897,complete,,,do Centro Cirurgico,151795.91548212897,,
Patient_436,CTI (CC),151795.91548212897,start,ctiBeds,0.0,,,,
Patient_436,CTI (CC),152708.34447732157,complete,ctiBeds,0.0,,,,
Patient_436,CTI prepara Encaminhamento,152708.34447732157,start,,0.0,,,,
Patient_436,CTI prepara Encaminhamento,152741.73498977392,complete,,0.0,,,,
Patient_436,Encaminha_para a Clinica Cirurgica,152741.73498977392,complete,,,para a Clinica Cirurgica,152741.73498977392,,
Patient_436,Discharge,152741.73498977392,complete,,,,,,945.8195076449483
Patient_437,Arrival,152058.52452934827,complete,,0.0,,,,
Patient_437,Origem_do Centro Cirurgico,152058.52452934827,complete,,,do Centro Cirurgico,152058.52452934827,,
Patient_437,CTI (CC),152058.52452934827,start,ctiBeds,0.0,,,,
Patient_437,CTI (CC),172797.1731389253,complete,ctiBeds,0.0,,,,
Patient_437,CTI prepara Encaminhamento,172797.1731389253,start,,0.0,,,,
Patient_437,CTI prepara Encaminhamento,172840.94629424214,complete,,0.0,,,,
Patient_437,Encaminha_Obito,172840.94629424214,complete,,,Obito,172840.94629424214,,
Patient_437,Discharge,172840.94629424214,complete,,,,,,20782.421764893865
Patient_438,Arrival,152470.94377438538,complete,,0.0,,,,
Patient_438,Origem_do Pronto Socorro,152470.94377438538,complete,,,do Pronto Socorro,152470.94377438538,,
Patient_438,CTI (PS),152470.94377438538,start,ctiBeds,0.0,,,,
Patient_438,CTI (PS),169326.25439642608,complete,ctiBeds,0.0,,,,
Patient_438,CTI prepara Encaminhamento,169326.25439642608,start,,0.0,,,,
Patient_438,CTI prepara Encaminhamento,169360.4467330878,complete,,0.0,,,,
Patient_438,Encaminha_Transferencia Externa,169360.4467330878,complete,,,Transferencia Externa,169360.4467330878,,
Patient_438,Discharge,169360.4467330878,complete,,,,,,16889.50295870242
Patient_439,Arrival,152864.94135267523,complete,,0.0,,,,
Patient_439,Origem_do Centro Cirurgico,152864.94135267523,complete,,,do Centro Cirurgico,152864.94135267523,,
Patient_439,CTI (CC),152864.94135267523,start,ctiBeds,0.0,,,,
Patient_439,CTI (CC),283027.28307228663,complete,ctiBeds,0.0,,,,
Patient_439,CTI prepara Encaminhamento,283027.28307228663,start,,0.0,,,,
Patient_439,CTI prepara Encaminhamento,283059.0661655343,complete,,0.0,,,,
Patient_439,Encaminha_para a Maternidade,283059.0661655343,complete,,,para a Maternidade,283059.0661655343,,
Patient_439,Discharge,283059.0661655343,complete,,,,,,130194.12481285908
Patient_44,Arrival,11078.250562947023,complete,,0.0,,,,
Patient_44,Origem_do Pronto Socorro,11078.250562947023,complete,,,do Pronto Socorro,11078.250562947023,,
Patient_44,CTI (PS),11078.250562947023,start,ctiBeds,0.0,,,,
Patient_44,CTI (PS),24327.373498944515,complete,ctiBeds,0.0,,,,
Patient_44,CTI prepara Encaminhamento,24327.373498944515,start,,0.0,,,,
Patient_44,CTI prepara Encaminhamento,24364.489220322295,complete,,0.0,,,,
Patient_44,Encaminha_para a Maternidade,24364.489220322295,complete,,,para a Maternidade,24364.489220322295,,
Patient_44,Discharge,24364.489220322295,complete,,,,,,13286.238657375272
Patient_440,Arrival,153801.06965374958,complete,,0.0,,,,
Patient_440,Origem_do Centro Cirurgico,153801.06965374958,complete,,,do Centro Cirurgico,153801.06965374958,,
Patient_440,CTI (CC),153801.06965374958,start,ctiBeds,0.0,,,,
Patient_440,CTI (CC),163850.12505231955,complete,ctiBeds,0.0,,,,
Patient_440,CTI prepara Encaminhamento,163850.12505231955,start,,0.0,,,,
Patient_440,CTI prepara Encaminhamento,163901.1805917616,complete,,0.0,,,,
Patient_440,Encaminha_para a Clinica Medica,163901.1805917616,complete,,,para a Clinica Medica,163901.1805917616,,
Patient_440,Discharge,163901.1805917616,complete,,,,,,10100.110938012018
Patient_441,Arrival,154133.70466499944,complete,,0.0,,,,
Patient_441,Origem_do Centro Cirurgico,154133.70466499944,complete,,,do Centro Cirurgico,154133.70466499944,,
Patient_441,CTI (CC),154133.70466499944,start,ctiBeds,0.0,,,,
Patient_441,CTI (CC),161687.9759423789,complete,ctiBeds,0.0,,,,
Patient_441,CTI prepara Encaminhamento,161687.9759423789,start,,0.0,,,,
Patient_441,CTI prepara Encaminhamento,161741.8595793587,complete,,0.0,,,,
Patient_441,Encaminha_para a Clinica Cirurgica,161741.8595793587,complete,,,para a Clinica Cirurgica,161741.8595793587,,
Patient_441,Discharge,161741.8595793587,complete,,,,,,7608.154914359242
Patient_442,Arrival,154976.67991809378,complete,,0.0,,,,
Patient_442,Origem_do Centro Cirurgico,154976.67991809378,complete,,,do Centro Cirurgico,154976.67991809378,,
Patient_442,CTI (CC),154976.67991809378,start,ctiBeds,0.0,,,,
Patient_442,CTI (CC),158512.02015173165,complete,ctiBeds,0.0,,,,
Patient_442,CTI prepara Encaminhamento,158512.02015173165,start,,0.0,,,,
Patient_442,CTI prepara Encaminhamento,158567.33377832168,complete,,0.0,,,,
Patient_442,Encaminha_Transferencia Externa,158567.33377832168,complete,,,Transferencia Externa,158567.33377832168,,
Patient_442,Discharge,158567.33377832168,complete,,,,,,3590.6538602279034
Patient_443,Arrival,155360.61781440472,complete,,0.0,,,,
Patient_443,Origem_do Centro Cirurgico,155360.61781440472,complete,,,do Centro Cirurgico,155360.61781440472,,
Patient_443,CTI (CC),155360.61781440472,start,ctiBeds,0.0,,,,
Patient_443,CTI (CC),158324.7624534939,complete,ctiBeds,0.0,,,,
Patient_443,CTI prepara Encaminhamento,158324.7624534939,start,,0.0,,,,
Patient_443,CTI prepara Encaminhamento,158367.70439853144,complete,,0.0,,,,
Patient_443,Encaminha_para a Clinica Medica,158367.70439853144,complete,,,para a Clinica Medica,158367.70439853144,,
Patient_443,Discharge,158367.70439853144,complete,,,,,,3007.0865841267223
Patient_444,Arrival,156850.6866854275,complete,,0.0,,,,
Patient_444,Origem_do Pronto Socorro,156850.6866854275,complete,,,do Pronto Socorro,156850.6866854275,,
Patient_444,CTI (PS),156850.6866854275,start,ctiBeds,0.0,,,,
Patient_444,CTI (PS),159173.471700837,complete,ctiBeds,0.0,,,,
Patient_444,CTI prepara Encaminhamento,159173.471700837,start,,0.0,,,,
Patient_444,CTI prepara Encaminhamento,159224.40823953753,complete,,0.0,,,,
Patient_444,Encaminha_para a Clinica Medica,159224.40823953753,complete,,,para a Clinica Medica,159224.40823953753,,
Patient_444,Discharge,159224.40823953753,complete,,,,,,2373.7215541100304
Patient_445,Arrival,156926.5633001527,complete,,0.0,,,,
Patient_445,Origem_do Pronto Socorro,156926.5633001527,complete,,,do Pronto Socorro,156926.5633001527,,
Patient_445,CTI (PS),156926.5633001527,start,ctiBeds,0.0,,,,
Patient_445,CTI (PS),170033.6928426501,complete,ctiBeds,0.0,,,,
Patient_445,CTI prepara Encaminhamento,170033.6928426501,start,,0.0,,,,
Patient_445,CTI prepara Encaminhamento,170079.57494424848,complete,,0.0,,,,
Patient_445,Encaminha_para a Clinica Medica,170079.57494424848,complete,,,para a Clinica Medica,170079.57494424848,,
Patient_445,Discharge,170079.57494424848,complete,,,,,,13153.011644095794
Patient_446,Arrival,157334.89296528616,complete,,0.0,,,,
Patient_446,Origem_do Centro Cirurgico,157334.89296528616,complete,,,do Centro Cirurgico,157334.89296528616,,
Patient_446,CTI (CC),157334.89296528616,start,ctiBeds,0.0,,,,
Patient_446,CTI (CC),168577.80130997126,complete,ctiBeds,0.0,,,,
Patient_446,CTI prepara Encaminhamento,168577.80130997126,start,,0.0,,,,
Patient_446,CTI prepara Encaminhamento,168618.14566604004,complete,,0.0,,,,
Patient_446,Encaminha_para a Clinica Cirurgica,168618.14566604004,complete,,,para a Clinica Cirurgica,168618.14566604004,,
Patient_446,Discharge,168618.14566604004,complete,,,,,,11283.252700753888
Patient_447,Arrival,157520.58621546417,complete,,0.0,,,,
Patient_447,Origem_do Pronto Socorro,157520.58621546417,complete,,,do Pronto Socorro,157520.58621546417,,
Patient_447,CTI (PS),157520.58621546417,start,ctiBeds,0.0,,,,
Patient_447,CTI (PS),159552.1047311115,complete,ctiBeds,0.0,,,,
Patient_447,CTI prepara Encaminhamento,159552.1047311115,start,,0.0,,,,
Patient_447,CTI prepara Encaminhamento,159598.64869103176,complete,,0.0,,,,
Patient_447,Encaminha_Obito,159598.64869103176,complete,,,Obito,159598.64869103176,,
Patient_447,Discharge,159598.64869103176,complete,,,,,,2078.0624755675963
Patient_448,Arrival,158300.89600071666,complete,,0.0,,,,
Patient_448,Origem_do Centro Cirurgico,158300.89600071666,complete,,,do Centro Cirurgico,158300.89600071666,,
Patient_448,CTI (CC),158300.89600071666,start,ctiBeds,0.0,,,,
Patient_448,CTI (CC),195357.85710616165,complete,ctiBeds,0.0,,,,
Patient_448,CTI prepara Encaminhamento,195357.85710616165,start,,0.0,,,,
Patient_448,CTI prepara Encaminhamento,195410.8641501512,complete,,0.0,,,,
Patient_448,Encaminha_Obito,195410.8641501512,complete,,,Obito,195410.8641501512,,
Patient_448,Discharge,195410.8641501512,complete,,,,,,37109.96814943454
Patient_449,Arrival,158481.65489034055,complete,,0.0,,,,
Patient_449,Origem_da Clinica Medica,158481.65489034055,complete,,,da Clinica Medica,158481.65489034055,,
Patient_449,CTI (CLIM),158481.65489034055,start,ctiBeds,0.0,,,,
Patient_449,CTI (CLIM),161649.43143168875,complete,ctiBeds,0.0,,,,
Patient_449,CTI prepara Encaminhamento,161649.43143168875,start,,0.0,,,,
Patient_449,CTI prepara Encaminhamento,161703.5291368709,complete,,0.0,,,,
Patient_449,Encaminha_para a Clinica Medica,161703.5291368709,complete,,,para a Clinica Medica,161703.5291368709,,
Patient_449,Discharge,161703.5291368709,complete,,,,,,3221.8742465303512
Patient_45,Arrival,11084.575518922853,complete,,0.0,,,,
Patient_45,Origem_do Centro Cirurgico,11084.575518922853,complete,,,do Centro Cirurgico,11084.575518922853,,
Patient_45,CTI (CC),11084.575518922853,start,ctiBeds,0.0,,,,
Patient_45,CTI (CC),13270.604424746418,complete,ctiBeds,0.0,,,,
Patient_45,CTI prepara Encaminhamento,13270.604424746418,start,,0.0,,,,
Patient_45,CTI prepara Encaminhamento,13325.00755470422,complete,,0.0,,,,
Patient_45,Encaminha_para a Clinica Cirurgica,13325.00755470422,complete,,,para a Clinica Cirurgica,13325.00755470422,,
Patient_45,Discharge,13325.00755470422,complete,,,,,,2240.4320357813667
Patient_450,Arrival,158938.2690431835,complete,,0.0,,,,
Patient_450,Origem_do Pronto Socorro,158938.2690431835,complete,,,do Pronto Socorro,158938.2690431835,,
Patient_450,CTI (PS),158938.2690431835,start,ctiBeds,0.0,,,,
Patient_450,CTI (PS),163758.9119313523,complete,ctiBeds,0.0,,,,
Patient_450,CTI prepara Encaminhamento,163758.9119313523,start,,0.0,,,,
Patient_450,CTI prepara Encaminhamento,163806.37291760967,complete,,0.0,,,,
Patient_450,Encaminha_para a Clinica Medica,163806.37291760967,complete,,,para a Clinica Medica,163806.37291760967,,
Patient_450,Discharge,163806.37291760967,complete,,,,,,4868.1038744261605
Patient_451,Arrival,158991.34660532323,complete,,0.0,,,,
Patient_451,Origem_do Pronto Socorro,158991.34660532323,complete,,,do Pronto Socorro,158991.34660532323,,
Patient_451,CTI (PS),158991.34660532323,start,ctiBeds,0.0,,,,
Patient_451,CTI (PS),163274.54318755755,complete,ctiBeds,0.0,,,,
Patient_451,CTI prepara Encaminhamento,163274.54318755755,start,,0.0,,,,
Patient_451,CTI prepara Encaminhamento,163322.4031426491,complete,,0.0,,,,
Patient_451,Encaminha_Obito,163322.4031426491,complete,,,Obito,163322.4031426491,,
Patient_451,Discharge,163322.4031426491,complete,,,,,,4331.056537325872
Patient_452,Arrival,159501.80474365634,complete,,0.0,,,,
Patient_452,Origem_do Pronto Socorro,159501.80474365634,complete,,,do Pronto Socorro,159501.80474365634,,
Patient_452,CTI (PS),159501.80474365634,start,ctiBeds,0.0,,,,
Patient_452,CTI (PS),165573.6112797197,complete,ctiBeds,0.0,,,,
Patient_452,CTI prepara Encaminhamento,165573.6112797197,start,,0.0,,,,
Patient_452,CTI prepara Encaminhamento,165606.80555050157,complete,,0.0,,,,
Patient_452,Encaminha_para a Clinica Medica,165606.80555050157,complete,,,para a Clinica Medica,165606.80555050157,,
Patient_452,Discharge,165606.80555050157,complete,,,,,,6105.00080684523
Patient_453,Arrival,159783.45137287772,complete,,0.0,,,,
Patient_453,Origem_da Clinica Cirurgica,159783.45137287772,complete,,,da Clinica Cirurgica,159783.45137287772,,
Patient_453,CTI (CLIC),159783.45137287772,start,ctiBeds,0.0,,,,
Patient_453,CTI (CLIC),169500.413437753,complete,ctiBeds,0.0,,,,
Patient_453,CTI prepara Encaminhamento,169500.413437753,start,,0.0,,,,
Patient_453,CTI prepara Encaminhamento,169549.21184025676,complete,,0.0,,,,
Patient_453,Encaminha_para o Centro Cirurgico,169549.21184025676,complete,,,para o Centro Cirurgico,169549.21184025676,,
Patient_453,Discharge,169549.21184025676,complete,,,,,,9765.760467379034
Patient_454,Arrival,159991.2161539252,complete,,0.0,,,,
Patient_454,Origem_do Centro Cirurgico,159991.2161539252,complete,,,do Centro Cirurgico,159991.2161539252,,
Patient_454,CTI (CC),159991.2161539252,start,ctiBeds,0.0,,,,
Patient_454,CTI (CC),161541.4629990947,complete,ctiBeds,0.0,,,,
Patient_454,CTI prepara Encaminhamento,161541.4629990947,start,,0.0,,,,
Patient_454,CTI prepara Encaminhamento,161580.90720307245,complete,,0.0,,,,
Patient_454,Encaminha_para a Clinica Medica,161580.90720307245,complete,,,para a Clinica Medica,161580.90720307245,,
Patient_454,Discharge,161580.90720307245,complete,,,,,,1589.6910491472518
Patient_455,Arrival,160038.5836010397,complete,,0.0,,,,
Patient_455,Origem_do Pronto Socorro,160038.5836010397,complete,,,do Pronto Socorro,160038.5836010397,,
Patient_455,CTI (PS),160038.5836010397,start,ctiBeds,0.0,,,,
Patient_455,CTI (PS),177419.42061811787,complete,ctiBeds,0.0,,,,
Patient_455,CTI prepara Encaminhamento,177419.42061811787,start,,0.0,,,,
Patient_455,CTI prepara Encaminhamento,177450.27174912274,complete,,0.0,,,,
Patient_455,Encaminha_para a Clinica Cirurgica,177450.27174912274,complete,,,para a Clinica Cirurgica,177450.27174912274,,
Patient_455,Discharge,177450.27174912274,complete,,,,,,17411.68814808305
Patient_456,Arrival,160134.27056150252,complete,,0.0,,,,
Patient_456,Origem_do Centro Cirurgico,160134.27056150252,complete,,,do Centro Cirurgico,160134.27056150252,,
Patient_456,CTI (CC),160134.27056150252,start,ctiBeds,0.0,,,,
Patient_456,CTI (CC),172539.83497703294,complete,ctiBeds,0.0,,,,
Patient_456,CTI prepara Encaminhamento,172539.83497703294,start,,0.0,,,,
Patient_456,CTI prepara Encaminhamento,172574.3710228507,complete,,0.0,,,,
Patient_456,Encaminha_Transferencia Externa,172574.3710228507,complete,,,Transferencia Externa,172574.3710228507,,
Patient_456,Discharge,172574.3710228507,complete,,,,,,12440.100461348193
Patient_457,Arrival,160665.4426552202,complete,,0.0,,,,
Patient_457,Origem_do Pronto Socorro,160665.4426552202,complete,,,do Pronto Socorro,160665.4426552202,,
Patient_457,CTI (PS),160665.4426552202,start,ctiBeds,0.0,,,,
Patient_457,CTI (PS),173369.9456323807,complete,ctiBeds,0.0,,,,
Patient_457,CTI prepara Encaminhamento,173369.9456323807,start,,0.0,,,,
Patient_457,CTI prepara Encaminhamento,173409.89310614442,complete,,0.0,,,,
Patient_457,Encaminha_para a Clinica Medica,173409.89310614442,complete,,,para a Clinica Medica,173409.89310614442,,
Patient_457,Discharge,173409.89310614442,complete,,,,,,12744.450450924225
Patient_458,Arrival,161463.09702060258,complete,,0.0,,,,
Patient_458,Origem_do Pronto Socorro,161463.09702060258,complete,,,do Pronto Socorro,161463.09702060258,,
Patient_458,CTI (PS),161463.09702060258,start,ctiBeds,0.0,,,,
Patient_458,CTI (PS),176337.90286073124,complete,ctiBeds,0.0,,,,
Patient_458,CTI prepara Encaminhamento,176337.90286073124,start,,0.0,,,,
Patient_458,CTI prepara Encaminhamento,176386.15722983412,complete,,0.0,,,,
Patient_458,Encaminha_para a Clinica Medica,176386.15722983412,complete,,,para a Clinica Medica,176386.15722983412,,
Patient_458,Discharge,176386.15722983412,complete,,,,,,14923.060209231538
Patient_459,Arrival,161534.68458187004,complete,,0.0,,,,
Patient_459,Origem_do Pronto Socorro,161534.68458187004,complete,,,do Pronto Socorro,161534.68458187004,,
Patient_459,CTI (PS),161534.68458187004,start,ctiBeds,0.0,,,,
Patient_459,CTI (PS),175006.10009239826,complete,ctiBeds,0.0,,,,
Patient_459,CTI prepara Encaminhamento,175006.10009239826,start,,0.0,,,,
Patient_459,CTI prepara Encaminhamento,175053.2782699809,complete,,0.0,,,,
Patient_459,Encaminha_para a Clinica Medica,175053.2782699809,complete,,,para a Clinica Medica,175053.2782699809,,
Patient_459,Discharge,175053.2782699809,complete,,,,,,13518.59368811085
Patient_46,Arrival,12245.065691333388,complete,,0.0,,,,
Patient_46,Origem_do Centro Cirurgico,12245.065691333388,complete,,,do Centro Cirurgico,12245.065691333388,,
Patient_46,CTI (CC),12245.065691333388,start,ctiBeds,0.0,,,,
Patient_46,CTI (CC),12806.402870040047,complete,ctiBeds,0.0,,,,
Patient_46,CTI prepara Encaminhamento,12806.402870040047,start,,0.0,,,,
Patient_46,CTI prepara Encaminhamento,12864.144811050239,complete,,0.0,,,,
Patient_46,Encaminha_para a Clinica Medica,12864.144811050239,complete,,,para a Clinica Medica,12864.144811050239,,
Patient_46,Discharge,12864.144811050239,complete,,,,,,619.079119716851
Patient_460,Arrival,161915.80823213485,complete,,0.0,,,,
Patient_460,Origem_do Pronto Socorro,161915.80823213485,complete,,,do Pronto Socorro,161915.80823213485,,
Patient_460,CTI (PS),161915.80823213485,start,ctiBeds,0.0,,,,
Patient_460,CTI (PS),195097.40604447827,complete,ctiBeds,0.0,,,,
Patient_460,CTI prepara Encaminhamento,195097.40604447827,start,,0.0,,,,
Patient_460,CTI prepara Encaminhamento,195157.23308663705,complete,,0.0,,,,
Patient_460,Encaminha_Transferencia Externa,195157.23308663705,complete,,,Transferencia Externa,195157.23308663705,,
Patient_460,Discharge,195157.23308663705,complete,,,,,,33241.4248545022
Patient_461,Arrival,162337.45171416018,complete,,0.0,,,,
Patient_461,Origem_do Pronto Socorro,162337.45171416018,complete,,,do Pronto Socorro,162337.45171416018,,
Patient_461,CTI (PS),162337.45171416018,start,ctiBeds,0.0,,,,
Patient_461,CTI (PS),170019.80600845534,complete,ctiBeds,0.0,,,,
Patient_461,CTI prepara Encaminhamento,170019.80600845534,start,,0.0,,,,
Patient_461,CTI prepara Encaminhamento,170068.3747714438,complete,,0.0,,,,
Patient_461,Encaminha_para a Clinica Cirurgica,170068.3747714438,complete,,,para a Clinica Cirurgica,170068.3747714438,,
Patient_461,Discharge,170068.3747714438,complete,,,,,,7730.923057283624
Patient_462,Arrival,162378.0131773069,complete,,0.0,,,,
Patient_462,Origem_do Pronto Socorro,162378.0131773069,complete,,,do Pronto Socorro,162378.0131773069,,
Patient_462,CTI (PS),162378.0131773069,start,ctiBeds,0.0,,,,
Patient_462,CTI (PS),185732.99037658257,complete,ctiBeds,0.0,,,,
Patient_462,CTI prepara Encaminhamento,185732.99037658257,start,,0.0,,,,
Patient_462,CTI prepara Encaminhamento,185778.63166450826,complete,,0.0,,,,
Patient_462,Encaminha_para a Clinica Medica,185778.63166450826,complete,,,para a Clinica Medica,185778.63166450826,,
Patient_462,Discharge,185778.63166450826,complete,,,,,,23400.61848720137
Patient_463,Arrival,162602.51771111257,complete,,0.0,,,,
Patient_463,Origem_do Pronto Socorro,162602.51771111257,complete,,,do Pronto Socorro,162602.51771111257,,
Patient_463,CTI (PS),162602.51771111257,start,ctiBeds,0.0,,,,
Patient_463,CTI (PS),188488.77772826309,complete,ctiBeds,0.0,,,,
Patient_463,CTI prepara Encaminhamento,188488.77772826309,start,,0.0,,,,
Patient_463,CTI prepara Encaminhamento,188528.48971493746,complete,,0.0,,,,
Patient_463,Encaminha_Obito,188528.48971493746,complete,,,Obito,188528.48971493746,,
Patient_463,Discharge,188528.48971493746,complete,,,,,,25925.972003824892
Patient_464,Arrival,163209.0744963913,complete,,0.0,,,,
Patient_464,Origem_do Centro Cirurgico,163209.0744963913,complete,,,do Centro Cirurgico,163209.0744963913,,
Patient_464,CTI (CC),163209.0744963913,start,ctiBeds,0.0,,,,
Patient_464,CTI (CC),171159.6466429646,complete,ctiBeds,0.0,,,,
Patient_464,CTI prepara Encaminhamento,171159.6466429646,start,,0.0,,,,
Patient_464,CTI prepara Encaminhamento,171191.39349331014,complete,,0.0,,,,
Patient_464,Encaminha_para a Clinica Cirurgica,171191.39349331014,complete,,,para a Clinica Cirurgica,171191.39349331014,,
Patient_464,Discharge,171191.39349331014,complete,,,,,,7982.318996918853
Patient_465,Arrival,163305.39675925803,complete,,0.0,,,,
Patient_465,Origem_do Centro Cirurgico,163305.39675925803,complete,,,do Centro Cirurgico,163305.39675925803,,
Patient_465,CTI (CC),163305.39675925803,start,ctiBeds,0.0,,,,
Patient_465,CTI (CC),190039.06070334636,complete,ctiBeds,0.0,,,,
Patient_465,CTI prepara Encaminhamento,190039.06070334636,start,,0.0,,,,
Patient_465,CTI prepara Encaminhamento,190098.35598856324,complete,,0.0,,,,
Patient_465,Encaminha_para a Clinica Cirurgica,190098.35598856324,complete,,,para a Clinica Cirurgica,190098.35598856324,,
Patient_465,Discharge,190098.35598856324,complete,,,,,,26792.959229305212
Patient_466,Arrival,163766.88285853132,complete,,0.0,,,,
Patient_466,Origem_do Pronto Socorro,163766.88285853132,complete,,,do Pronto Socorro,163766.88285853132,,
Patient_466,CTI (PS),163766.88285853132,start,ctiBeds,0.0,,,,
Patient_466,CTI (PS),171883.24339848946,complete,ctiBeds,0.0,,,,
Patient_466,CTI prepara Encaminhamento,171883.24339848946,start,,0.0,,,,
Patient_466,CTI prepara Encaminhamento,171940.8027756139,complete,,0.0,,,,
Patient_466,Encaminha_para a Clinica Medica,171940.8027756139,complete,,,para a Clinica Medica,171940.8027756139,,
Patient_466,Discharge,171940.8027756139,complete,,,,,,8173.919917082589
Patient_467,Arrival,164041.31184989048,complete,,0.0,,,,
Patient_467,Origem_da Maternidade,164041.31184989048,complete,,,da Maternidade,164041.31184989048,,
Patient_467,CTI (MAT),164041.31184989048,start,ctiBeds,0.0,,,,
Patient_467,CTI (MAT),167048.43443297053,complete,ctiBeds,0.0,,,,
Patient_467,CTI prepara Encaminhamento,167048.43443297053,start,,0.0,,,,
Patient_467,CTI prepara Encaminhamento,167084.23577868173,complete,,0.0,,,,
Patient_467,Encaminha_Obito,167084.23577868173,complete,,,Obito,167084.23577868173,,
Patient_467,Discharge,167084.23577868173,complete,,,,,,3042.9239287912496
Patient_468,Arrival,164214.00728925972,complete,,0.0,,,,
Patient_468,Origem_do Centro Cirurgico,164214.00728925972,complete,,,do Centro Cirurgico,164214.00728925972,,
Patient_468,CTI (CC),164214.00728925972,start,ctiBeds,0.0,,,,
Patient_468,CTI (CC),169751.803262098,complete,ctiBeds,0.0,,,,
Patient_468,CTI prepara Encaminhamento,169751.803262098,start,,0.0,,,,
Patient_468,CTI prepara Encaminhamento,169785.4383457575,complete,,0.0,,,,
Patient_468,Encaminha_para a Clinica Cirurgica,169785.4383457575,complete,,,para a Clinica Cirurgica,169785.4383457575,,
Patient_468,Discharge,169785.4383457575,complete,,,,,,5571.431056497764
Patient_469,Arrival,164526.25790173578,complete,,0.0,,,,
Patient_469,Origem_do Centro Cirurgico,164526.25790173578,complete,,,do Centro Cirurgico,164526.25790173578,,
Patient_469,CTI (CC),164526.25790173578,start,ctiBeds,0.0,,,,
Patient_469,CTI (CC),169143.49348048205,complete,ctiBeds,0.0,,,,
Patient_469,CTI prepara Encaminhamento,169143.49348048205,start,,0.0,,,,
Patient_469,CTI prepara Encaminhamento,169178.54592963925,complete,,0.0,,,,
Patient_469,Encaminha_para a Clinica Cirurgica,169178.54592963925,complete,,,para a Clinica Cirurgica,169178.54592963925,,
Patient_469,Discharge,169178.54592963925,complete,,,,,,4652.2880279034725
Patient_47,Arrival,12332.255145095107,complete,,0.0,,,,
Patient_47,Origem_da Clinica Medica,12332.255145095107,complete,,,da Clinica Medica,12332.255145095107,,
Patient_47,CTI (CLIM),12332.255145095107,start,ctiBeds,0.0,,,,
Patient_47,CTI (CLIM),33740.23366584491,complete,ctiBeds,0.0,,,,
Patient_47,CTI prepara Encaminhamento,33740.23366584491,start,,0.0,,,,
Patient_47,CTI prepara Encaminhamento,33775.30593313372,complete,,0.0,,,,
Patient_47,Encaminha_para a Clinica Medica,33775.30593313372,complete,,,para a Clinica Medica,33775.30593313372,,
Patient_47,Discharge,33775.30593313372,complete,,,,,,21443.050788038614
Patient_470,Arrival,164674.8103674766,complete,,0.0,,,,
Patient_470,Origem_do Pronto Socorro,164674.8103674766,complete,,,do Pronto Socorro,164674.8103674766,,
Patient_470,CTI (PS),164674.8103674766,start,ctiBeds,0.0,,,,
Patient_470,CTI (PS),171832.87808962807,complete,ctiBeds,0.0,,,,
Patient_470,CTI prepara Encaminhamento,171832.87808962807,start,,0.0,,,,
Patient_470,CTI prepara Encaminhamento,171891.00045725328,complete,,0.0,,,,
Patient_470,Encaminha_para a Clinica Cirurgica,171891.00045725328,complete,,,para a Clinica Cirurgica,171891.00045725328,,
Patient_470,Discharge,171891.00045725328,complete,,,,,,7216.190089776675
Patient_471,Arrival,164928.53203567027,complete,,0.0,,,,
Patient_471,Origem_do Centro Cirurgico,164928.53203567027,complete,,,do Centro Cirurgico,164928.53203567027,,
Patient_471,CTI (CC),164928.53203567027,start,ctiBeds,0.0,,,,
Patient_471,CTI (CC),168905.68339558734,complete,ctiBeds,0.0,,,,
Patient_471,CTI prepara Encaminhamento,168905.68339558734,start,,0.0,,,,
Patient_471,CTI prepara Encaminhamento,168957.69451452003,complete,,0.0,,,,
Patient_471,Encaminha_Obito,168957.69451452003,complete,,,Obito,168957.69451452003,,
Patient_471,Discharge,168957.69451452003,complete,,,,,,4029.1624788497575
Patient_472,Arrival,166304.56300403771,complete,,0.0,,,,
Patient_472,Origem_do Pronto Socorro,166304.56300403771,complete,,,do Pronto Socorro,166304.56300403771,,
Patient_472,CTI (PS),166304.56300403771,start,ctiBeds,0.0,,,,
Patient_472,CTI (PS),193612.20540460234,complete,ctiBeds,0.0,,,,
Patient_472,CTI prepara Encaminhamento,193612.20540460234,start,,0.0,,,,
Patient_472,CTI prepara Encaminhamento,193648.9122988988,complete,,0.0,,,,
Patient_472,Encaminha_para a Clinica Medica,193648.9122988988,complete,,,para a Clinica Medica,193648.9122988988,,
Patient_472,Discharge,193648.9122988988,complete,,,,,,27344.34929486108
Patient_473,Arrival,166648.09383780672,complete,,0.0,,,,
Patient_473,Origem_da Maternidade,166648.09383780672,complete,,,da Maternidade,166648.09383780672,,
Patient_473,CTI (MAT),166648.09383780672,start,ctiBeds,0.0,,,,
Patient_473,CTI (MAT),174938.14699680117,complete,ctiBeds,0.0,,,,
Patient_473,CTI prepara Encaminhamento,174938.14699680117,start,,0.0,,,,
Patient_473,CTI prepara Encaminhamento,174979.2146358207,complete,,0.0,,,,
Patient_473,Encaminha_para a Clinica Cirurgica,174979.2146358207,complete,,,para a Clinica Cirurgica,174979.2146358207,,
Patient_473,Discharge,174979.2146358207,complete,,,,,,8331.120798013988
Patient_474,Arrival,167040.19101590835,complete,,0.0,,,,
Patient_474,Origem_do Pronto Socorro,167040.19101590835,complete,,,do Pronto Socorro,167040.19101590835,,
Patient_474,CTI (PS),167040.19101590835,start,ctiBeds,0.0,,,,
Patient_474,CTI (PS),174067.19100852017,complete,ctiBeds,0.0,,,,
Patient_474,CTI prepara Encaminhamento,174067.19100852017,start,,0.0,,,,
Patient_474,CTI prepara Encaminhamento,174113.59478380124,complete,,0.0,,,,
Patient_474,Encaminha_para a Clinica Medica,174113.59478380124,complete,,,para a Clinica Medica,174113.59478380124,,
Patient_474,Discharge,174113.59478380124,complete,,,,,,7073.403767892887
Patient_475,Arrival,167270.5353420521,complete,,0.0,,,,
Patient_475,Origem_do Pronto Socorro,167270.5353420521,complete,,,do Pronto Socorro,167270.5353420521,,
Patient_475,CTI (PS),167270.5353420521,start,ctiBeds,0.0,,,,
Patient_475,CTI (PS),182203.97891553477,complete,ctiBeds,0.0,,,,
Patient_475,CTI prepara Encaminhamento,182203.97891553477,start,,0.0,,,,
Patient_475,CTI prepara Encaminhamento,182258.88870760848,complete,,0.0,,,,
Patient_475,Encaminha_para a Clinica Medica,182258.88870760848,complete,,,para a Clinica Medica,182258.88870760848,,
Patient_475,Discharge,182258.88870760848,complete,,,,,,14988.353365556366
Patient_476,Arrival,167728.2373563529,complete,,0.0,,,,
Patient_476,Origem_do Pronto Socorro,167728.2373563529,complete,,,do Pronto Socorro,167728.2373563529,,
Patient_476,CTI (PS),167728.2373563529,start,ctiBeds,0.0,,,,
Patient_476,CTI (PS),195446.43130022872,complete,ctiBeds,0.0,,,,
Patient_476,CTI prepara Encaminhamento,195446.43130022872,start,,0.0,,,,
Patient_476,CTI prepara Encaminhamento,195479.6479483147,complete,,0.0,,,,
Patient_476,Encaminha_para a Clinica Medica,195479.6479483147,complete,,,para a Clinica Medica,195479.6479483147,,
Patient_476,Discharge,195479.6479483147,complete,,,,,,27751.410591961787
Patient_477,Arrival,167819.33438811722,complete,,0.0,,,,
Patient_477,Origem_do Pronto Socorro,167819.33438811722,complete,,,do Pronto Socorro,167819.33438811722,,
Patient_477,CTI (PS),167819.33438811722,start,ctiBeds,0.0,,,,
Patient_477,CTI (PS),168142.9976392774,complete,ctiBeds,0.0,,,,
Patient_477,CTI prepara Encaminhamento,168142.9976392774,start,,0.0,,,,
Patient_477,CTI prepara Encaminhamento,168181.83181834966,complete,,0.0,,,,
Patient_477,Encaminha_para a Clinica Medica,168181.83181834966,complete,,,para a Clinica Medica,168181.83181834966,,
Patient_477,Discharge,168181.83181834966,complete,,,,,,362.4974302324408
Patient_478,Arrival,167947.4652541477,complete,,0.0,,,,
Patient_478,Origem_do Centro Cirurgico,167947.4652541477,complete,,,do Centro Cirurgico,167947.4652541477,,
Patient_478,CTI (CC),167947.4652541477,start,ctiBeds,0.0,,,,
Patient_478,CTI (CC),181734.4021032546,complete,ctiBeds,0.0,,,,
Patient_478,CTI prepara Encaminhamento,181734.4021032546,start,,0.0,,,,
Patient_478,CTI prepara Encaminhamento,181764.75746421888,complete,,0.0,,,,
Patient_478,Encaminha_Obito,181764.75746421888,complete,,,Obito,181764.75746421888,,
Patient_478,Discharge,181764.75746421888,complete,,,,,,13817.292210071173
Patient_479,Arrival,167954.09112366935,complete,,0.0,,,,
Patient_479,Origem_do Centro Cirurgico,167954.09112366935,complete,,,do Centro Cirurgico,167954.09112366935,,
Patient_479,CTI (CC),167954.09112366935,start,ctiBeds,0.0,,,,
Patient_479,CTI (CC),169019.8762902501,complete,ctiBeds,0.0,,,,
Patient_479,CTI prepara Encaminhamento,169019.8762902501,start,,0.0,,,,
Patient_479,CTI prepara Encaminhamento,169067.76556036048,complete,,0.0,,,,
Patient_479,Encaminha_Obito,169067.76556036048,complete,,,Obito,169067.76556036048,,
Patient_479,Discharge,169067.76556036048,complete,,,,,,1113.6744366911298
Patient_48,Arrival,12413.322163367347,complete,,0.0,,,,
Patient_48,Origem_do Centro Cirurgico,12413.322163367347,complete,,,do Centro Cirurgico,12413.322163367347,,
Patient_48,CTI (CC),12413.322163367347,start,ctiBeds,0.0,,,,
Patient_48,CTI (CC),15260.024001431131,complete,ctiBeds,0.0,,,,
Patient_48,CTI prepara Encaminhamento,15260.024001431131,start,,0.0,,,,
Patient_48,CTI prepara Encaminhamento,15316.35907809456,complete,,0.0,,,,
Patient_48,Encaminha_para a Clinica Cirurgica,15316.35907809456,complete,,,para a Clinica Cirurgica,15316.35907809456,,
Patient_48,Discharge,15316.35907809456,complete,,,,,,2903.036914727212
Patient_480,Arrival,168660.7909639801,complete,,0.0,,,,
Patient_480,Origem_do Centro Cirurgico,168660.7909639801,complete,,,do Centro Cirurgico,168660.7909639801,,
Patient_480,CTI (CC),168660.7909639801,start,ctiBeds,0.0,,,,
Patient_480,CTI (CC),172128.85166016754,complete,ctiBeds,0.0,,,,
Patient_480,CTI prepara Encaminhamento,172128.85166016754,start,,0.0,,,,
Patient_480,CTI prepara Encaminhamento,172163.17063874833,complete,,0.0,,,,
Patient_480,Encaminha_para a Clinica Cirurgica,172163.17063874833,complete,,,para a Clinica Cirurgica,172163.17063874833,,
Patient_480,Discharge,172163.17063874833,complete,,,,,,3502.379674768221
Patient_481,Arrival,168782.2032290768,complete,,0.0,,,,
Patient_481,Origem_do Centro Cirurgico,168782.2032290768,complete,,,do Centro Cirurgico,168782.2032290768,,
Patient_481,CTI (CC),168782.2032290768,start,ctiBeds,0.0,,,,
Patient_481,CTI (CC),199171.1428902222,complete,ctiBeds,0.0,,,,
Patient_481,CTI prepara Encaminhamento,199171.1428902222,start,,0.0,,,,
Patient_481,CTI prepara Encaminhamento,199215.7180727733,complete,,0.0,,,,
Patient_481,Encaminha_para a Clinica Cirurgica,199215.7180727733,complete,,,para a Clinica Cirurgica,199215.7180727733,,
Patient_481,Discharge,199215.7180727733,complete,,,,,,30433.514843696496
Patient_482,Arrival,169614.0247872149,complete,,0.0,,,,
Patient_482,Origem_da Clinica Medica,169614.0247872149,complete,,,da Clinica Medica,169614.0247872149,,
Patient_482,CTI (CLIM),169614.0247872149,start,ctiBeds,0.0,,,,
Patient_482,CTI (CLIM),171416.5556697401,complete,ctiBeds,0.0,,,,
Patient_482,CTI prepara Encaminhamento,171416.5556697401,start,,0.0,,,,
Patient_482,CTI prepara Encaminhamento,171463.50854939857,complete,,0.0,,,,
Patient_482,Encaminha_para a Clinica Cirurgica,171463.50854939857,complete,,,para a Clinica Cirurgica,171463.50854939857,,
Patient_482,Discharge,171463.50854939857,complete,,,,,,1849.4837621836632
Patient_483,Arrival,169821.52632927458,complete,,0.0,,,,
Patient_483,Origem_do Pronto Socorro,169821.52632927458,complete,,,do Pronto Socorro,169821.52632927458,,
Patient_483,CTI (PS),169821.52632927458,start,ctiBeds,0.0,,,,
Patient_483,CTI (PS),181761.55269505808,complete,ctiBeds,0.0,,,,
Patient_483,CTI prepara Encaminhamento,181761.55269505808,start,,0.0,,,,
Patient_483,CTI prepara Encaminhamento,181807.90355795034,complete,,0.0,,,,
Patient_483,Encaminha_para a Clinica Cirurgica,181807.90355795034,complete,,,para a Clinica Cirurgica,181807.90355795034,,
Patient_483,Discharge,181807.90355795034,complete,,,,,,11986.37722867576
Patient_484,Arrival,171279.32141613116,complete,,0.0,,,,
Patient_484,Origem_da Clinica Cirurgica,171279.32141613116,complete,,,da Clinica Cirurgica,171279.32141613116,,
Patient_484,CTI (CLIC),171279.32141613116,start,ctiBeds,0.0,,,,
Patient_484,CTI (CLIC),186804.84764664999,complete,ctiBeds,0.0,,,,
Patient_484,CTI prepara Encaminhamento,186804.84764664999,start,,0.0,,,,
Patient_484,CTI prepara Encaminhamento,186838.017210545,complete,,0.0,,,,
Patient_484,Encaminha_para a Clinica Medica,186838.017210545,complete,,,para a Clinica Medica,186838.017210545,,
Patient_484,Discharge,186838.017210545,complete,,,,,,15558.695794413827
Patient_485,Arrival,171901.47864662218,complete,,0.0,,,,
Patient_485,Origem_do Pronto Socorro,171901.47864662218,complete,,,do Pronto Socorro,171901.47864662218,,
Patient_485,CTI (PS),171901.47864662218,start,ctiBeds,0.0,,,,
Patient_485,CTI (PS),183211.46147550375,complete,ctiBeds,0.0,,,,
Patient_485,CTI prepara Encaminhamento,183211.46147550375,start,,0.0,,,,
Patient_485,CTI prepara Encaminhamento,183252.29093505858,complete,,0.0,,,,
Patient_485,Encaminha_para a Clinica Cirurgica,183252.29093505858,complete,,,para a Clinica Cirurgica,183252.29093505858,,
Patient_485,Discharge,183252.29093505858,complete,,,,,,11350.812288436398
Patient_486,Arrival,172037.64769257355,complete,,0.0,,,,
Patient_486,Origem_da Clinica Medica,172037.64769257355,complete,,,da Clinica Medica,172037.64769257355,,
Patient_486,CTI (CLIM),172037.64769257355,start,ctiBeds,0.0,,,,
Patient_486,CTI (CLIM),217116.68806123734,complete,ctiBeds,0.0,,,,
Patient_486,CTI prepara Encaminhamento,217116.68806123734,start,,0.0,,,,
Patient_486,CTI prepara Encaminhamento,217164.7980733616,complete,,0.0,,,,
Patient_486,Encaminha_para a Clinica Cirurgica,217164.7980733616,complete,,,para a Clinica Cirurgica,217164.7980733616,,
Patient_486,Discharge,217164.7980733616,complete,,,,,,45127.15038078805
Patient_487,Arrival,172550.63065364954,complete,,0.0,,,,
Patient_487,Origem_do Pronto Socorro,172550.63065364954,complete,,,do Pronto Socorro,172550.63065364954,,
Patient_487,CTI (PS),172550.63065364954,start,ctiBeds,0.0,,,,
Patient_487,CTI (PS),178157.02263418853,complete,ctiBeds,0.0,,,,
Patient_487,CTI prepara Encaminhamento,178157.02263418853,start,,0.0,,,,
Patient_487,CTI prepara Encaminhamento,178190.98958521136,complete,,0.0,,,,
Patient_487,Encaminha_para a Clinica Medica,178190.98958521136,complete,,,para a Clinica Medica,178190.98958521136,,
Patient_487,Discharge,178190.98958521136,complete,,,,,,5640.358931561816
Patient_488,Arrival,172833.43406042,complete,,0.0,,,,
Patient_488,Origem_do Pronto Socorro,172833.43406042,complete,,,do Pronto Socorro,172833.43406042,,
Patient_488,CTI (PS),172833.43406042,start,ctiBeds,0.0,,,,
Patient_488,CTI (PS),187483.56307533896,complete,ctiBeds,0.0,,,,
Patient_488,CTI prepara Encaminhamento,187483.56307533896,start,,0.0,,,,
Patient_488,CTI prepara Encaminhamento,187543.32827207382,complete,,0.0,,,,
Patient_488,Encaminha_para a Clinica Medica,187543.32827207382,complete,,,para a Clinica Medica,187543.32827207382,,
Patient_488,Discharge,187543.32827207382,complete,,,,,,14709.894211653824
Patient_489,Arrival,173270.5572554456,complete,,0.0,,,,
Patient_489,Origem_do Pronto Socorro,173270.5572554456,complete,,,do Pronto Socorro,173270.5572554456,,
Patient_489,CTI (PS),173270.5572554456,start,ctiBeds,0.0,,,,
Patient_489,CTI (PS),175713.44280565684,complete,ctiBeds,0.0,,,,
Patient_489,CTI prepara Encaminhamento,175713.44280565684,start,,0.0,,,,
Patient_489,CTI prepara Encaminhamento,175773.41021862457,complete,,0.0,,,,
Patient_489,Encaminha_Transferencia Externa,175773.41021862457,complete,,,Transferencia Externa,175773.41021862457,,
Patient_489,Discharge,175773.41021862457,complete,,,,,,2502.8529631789715
Patient_49,Arrival,12497.673277534357,complete,,0.0,,,,
Patient_49,Origem_do Pronto Socorro,12497.673277534357,complete,,,do Pronto Socorro,12497.673277534357,,
Patient_49,CTI (PS),12497.673277534357,start,ctiBeds,0.0,,,,
Patient_49,CTI (PS),17546.911452251457,complete,ctiBeds,0.0,,,,
Patient_49,CTI prepara Encaminhamento,17546.911452251457,start,,0.0,,,,
Patient_49,CTI prepara Encaminhamento,17583.037798865193,complete,,0.0,,,,
Patient_49,Encaminha_para a Clinica Medica,17583.037798865193,complete,,,para a Clinica Medica,17583.037798865193,,
Patient_49,Discharge,17583.037798865193,complete,,,,,,5085.3645213308355
Patient_490,Arrival,173733.2256656829,complete,,0.0,,,,
Patient_490,Origem_do Pronto Socorro,173733.2256656829,complete,,,do Pronto Socorro,173733.2256656829,,
Patient_490,CTI (PS),173733.2256656829,start,ctiBeds,0.0,,,,
Patient_490,CTI (PS),196622.69092007968,complete,ctiBeds,0.0,,,,
Patient_490,CTI prepara Encaminhamento,196622.69092007968,start,,0.0,,,,
Patient_490,CTI prepara Encaminhamento,196674.93924635524,complete,,0.0,,,,
Patient_490,Encaminha_para a Clinica Medica,196674.93924635524,complete,,,para a Clinica Medica,196674.93924635524,,
Patient_490,Discharge,196674.93924635524,complete,,,,,,22941.713580672338
Patient_491,Arrival,173741.82418143912,complete,,0.0,,,,
Patient_491,Origem_do Pronto Socorro,173741.82418143912,complete,,,do Pronto Socorro,173741.82418143912,,
Patient_491,CTI (PS),173741.82418143912,start,ctiBeds,0.0,,,,
Patient_491,CTI (PS),184021.78508370114,complete,ctiBeds,0.0,,,,
Patient_491,CTI prepara Encaminhamento,184021.78508370114,start,,0.0,,,,
Patient_491,CTI prepara Encaminhamento,184081.6284027704,complete,,0.0,,,,
Patient_491,Encaminha_para a Clinica Medica,184081.6284027704,complete,,,para a Clinica Medica,184081.6284027704,,
Patient_491,Discharge,184081.6284027704,complete,,,,,,10339.804221331287
Patient_492,Arrival,174223.2475070593,complete,,0.0,,,,
Patient_492,Origem_da Maternidade,174223.2475070593,complete,,,da Maternidade,174223.2475070593,,
Patient_492,CTI (MAT),174223.2475070593,start,ctiBeds,0.0,,,,
Patient_492,CTI (MAT),176121.22051734655,complete,ctiBeds,0.0,,,,
Patient_492,CTI prepara Encaminhamento,176121.22051734655,start,,0.0,,,,
Patient_492,CTI prepara Encaminhamento,176157.46754468995,complete,,0.0,,,,
Patient_492,Encaminha_Obito,176157.46754468995,complete,,,Obito,176157.46754468995,,
Patient_492,Discharge,176157.46754468995,complete,,,,,,1934.2200376306428
Patient_493,Arrival,175401.17084659127,complete,,0.0,,,,
Patient_493,Origem_do Centro Cirurgico,175401.17084659127,complete,,,do Centro Cirurgico,175401.17084659127,,
Patient_493,CTI (CC),175401.17084659127,start,ctiBeds,0.0,,,,
Patient_493,CTI (CC),178291.92203962305,complete,ctiBeds,0.0,,,,
Patient_493,CTI prepara Encaminhamento,178291.92203962305,start,,0.0,,,,
Patient_493,CTI prepara Encaminhamento,178329.84612188136,complete,,0.0,,,,
Patient_493,Encaminha_para a Clinica Cirurgica,178329.84612188136,complete,,,para a Clinica Cirurgica,178329.84612188136,,
Patient_493,Discharge,178329.84612188136,complete,,,,,,2928.675275290094
Patient_494,Arrival,175520.34704957387,complete,,0.0,,,,
Patient_494,Origem_do Centro Cirurgico,175520.34704957387,complete,,,do Centro Cirurgico,175520.34704957387,,
Patient_494,CTI (CC),175520.34704957387,start,ctiBeds,0.0,,,,
Patient_494,CTI (CC),179974.12249620908,complete,ctiBeds,0.0,,,,
Patient_494,CTI prepara Encaminhamento,179974.12249620908,start,,0.0,,,,
Patient_494,CTI prepara Encaminhamento,180012.9333476283,complete,,0.0,,,,
Patient_494,Encaminha_para a Clinica Medica,180012.9333476283,complete,,,para a Clinica Medica,180012.9333476283,,
Patient_494,Discharge,180012.9333476283,complete,,,,,,4492.586298054433
Patient_495,Arrival,176251.06641269292,complete,,0.0,,,,
Patient_495,Origem_do Pronto Socorro,176251.06641269292,complete,,,do Pronto Socorro,176251.06641269292,,
Patient_495,CTI (PS),176251.06641269292,start,ctiBeds,0.0,,,,
Patient_495,CTI (PS),179855.5465420834,complete,ctiBeds,0.0,,,,
Patient_495,CTI prepara Encaminhamento,179855.5465420834,start,,0.0,,,,
Patient_495,CTI prepara Encaminhamento,179904.61759674596,complete,,0.0,,,,
Patient_495,Encaminha_para a Clinica Cirurgica,179904.61759674596,complete,,,para a Clinica Cirurgica,179904.61759674596,,
Patient_495,Discharge,179904.61759674596,complete,,,,,,3653.551184053038
Patient_496,Arrival,176274.54607663045,complete,,0.0,,,,
Patient_496,Origem_do Pronto Socorro,176274.54607663045,complete,,,do Pronto Socorro,176274.54607663045,,
Patient_496,CTI (PS),176274.54607663045,start,ctiBeds,0.0,,,,
Patient_496,CTI (PS),199695.91704615398,complete,ctiBeds,0.0,,,,
Patient_496,CTI prepara Encaminhamento,199695.91704615398,start,,0.0,,,,
Patient_496,CTI prepara Encaminhamento,199728.0159868095,complete,,0.0,,,,
Patient_496,Encaminha_para a Clinica Medica,199728.0159868095,complete,,,para a Clinica Medica,199728.0159868095,,
Patient_496,Discharge,199728.0159868095,complete,,,,,,23453.46991017906
Patient_497,Arrival,176345.82645986427,complete,,0.0,,,,
Patient_497,Origem_do Pronto Socorro,176345.82645986427,complete,,,do Pronto Socorro,176345.82645986427,,
Patient_497,CTI (PS),176345.82645986427,start,ctiBeds,0.0,,,,
Patient_497,CTI (PS),187294.3414151338,complete,ctiBeds,0.0,,,,
Patient_497,CTI prepara Encaminhamento,187294.3414151338,start,,0.0,,,,
Patient_497,CTI prepara Encaminhamento,187336.630869626,complete,,0.0,,,,
Patient_497,Encaminha_Obito,187336.630869626,complete,,,Obito,187336.630869626,,
Patient_497,Discharge,187336.630869626,complete,,,,,,10990.804409761738
Patient_498,Arrival,176620.01096263077,complete,,0.0,,,,
Patient_498,Origem_do Centro Cirurgico,176620.01096263077,complete,,,do Centro Cirurgico,176620.01096263077,,
Patient_498,CTI (CC),176620.01096263077,start,ctiBeds,0.0,,,,
Patient_498,CTI (CC),177168.75611737208,complete,ctiBeds,0.0,,,,
Patient_498,CTI prepara Encaminhamento,177168.75611737208,start,,0.0,,,,
Patient_498,CTI prepara Encaminhamento,177203.43039955117,complete,,0.0,,,,
Patient_498,Encaminha_para a Clinica Medica,177203.43039955117,complete,,,para a Clinica Medica,177203.43039955117,,
Patient_498,Discharge,177203.43039955117,complete,,,,,,583.4194369204051
Patient_499,Arrival,177421.8362356901,complete,,0.0,,,,
Patient_499,Origem_do Centro Cirurgico,177421.8362356901,complete,,,do Centro Cirurgico,177421.8362356901,,
Patient_499,CTI (CC),177421.8362356901,start,ctiBeds,0.0,,,,
Patient_499,CTI (CC),189263.31586810862,complete,ctiBeds,0.0,,,,
Patient_499,CTI prepara Encaminhamento,189263.31586810862,start,,0.0,,,,
Patient_499,CTI prepara Encaminhamento,189308.5557545793,complete,,0.0,,,,
Patient_499,Encaminha_para a Clinica Medica,189308.5557545793,complete,,,para a Clinica Medica,189308.5557545793,,
Patient_499,Discharge,189308.5557545793,complete,,,,,,11886.719518889207
Patient_5,Arrival,1146.1433375059519,complete,,0.0,,,,
Patient_5,Origem_do Pronto Socorro,1146.1433375059519,complete,,,do Pronto Socorro,1146.1433375059519,,
Patient_5,CTI (PS),1146.1433375059519,start,ctiBeds,0.0,,,,
Patient_5,CTI (PS),19549.59253004287,complete,ctiBeds,0.0,,,,
Patient_5,CTI prepara Encaminhamento,19549.59253004287,start,,0.0,,,,
Patient_5,CTI prepara Encaminhamento,19587.183420393194,complete,,0.0,,,,
Patient_5,Encaminha_para a Clinica Medica,19587.183420393194,complete,,,para a Clinica Medica,19587.183420393194,,
Patient_5,Discharge,19587.183420393194,complete,,,,,,18441.04008288724
Patient_50,Arrival,13253.92721940879,complete,,0.0,,,,
Patient_50,Origem_do Centro Cirurgico,13253.92721940879,complete,,,do Centro Cirurgico,13253.92721940879,,
Patient_50,CTI (CC),13253.92721940879,start,ctiBeds,0.0,,,,
Patient_50,CTI (CC),19038.95859142731,complete,ctiBeds,0.0,,,,
Patient_50,CTI prepara Encaminhamento,19038.95859142731,start,,0.0,,,,
Patient_50,CTI prepara Encaminhamento,19069.684780026473,complete,,0.0,,,,
Patient_50,Encaminha_para a Clinica Cirurgica,19069.684780026473,complete,,,para a Clinica Cirurgica,19069.684780026473,,
Patient_50,Discharge,19069.684780026473,complete,,,,,,5815.757560617683
Patient_500,Arrival,177837.3125208155,complete,,0.0,,,,
Patient_500,Origem_do Pronto Socorro,177837.3125208155,complete,,,do Pronto Socorro,177837.3125208155,,
Patient_500,CTI (PS),177837.3125208155,start,ctiBeds,0.0,,,,
Patient_500,CTI (PS),186097.3239033781,complete,ctiBeds,0.0,,,,
Patient_500,CTI prepara Encaminhamento,186097.3239033781,start,,0.0,,,,
Patient_500,CTI prepara Encaminhamento,186153.86200306972,complete,,0.0,,,,
Patient_500,Encaminha_Transferencia Externa,186153.86200306972,complete,,,Transferencia Externa,186153.86200306972,,
Patient_500,Discharge,186153.86200306972,complete,,,,,,8316.549482254224
Patient_501,Arrival,177853.12409763382,complete,,0.0,,,,
Patient_501,Origem_da Clinica Medica,177853.12409763382,complete,,,da Clinica Medica,177853.12409763382,,
Patient_501,CTI (CLIM),177853.12409763382,start,ctiBeds,0.0,,,,
Patient_501,CTI (CLIM),184703.91448715638,complete,ctiBeds,0.0,,,,
Patient_501,CTI prepara Encaminhamento,184703.91448715638,start,,0.0,,,,
Patient_501,CTI prepara Encaminhamento,184745.81854958198,complete,,0.0,,,,
Patient_501,Encaminha_para a Clinica Cirurgica,184745.81854958198,complete,,,para a Clinica Cirurgica,184745.81854958198,,
Patient_501,Discharge,184745.81854958198,complete,,,,,,6892.694451948162
Patient_502,Arrival,178141.15131757493,complete,,0.0,,,,
Patient_502,Origem_do Pronto Socorro,178141.15131757493,complete,,,do Pronto Socorro,178141.15131757493,,
Patient_502,CTI (PS),178141.15131757493,start,ctiBeds,0.0,,,,
Patient_502,CTI (PS),185010.6514553452,complete,ctiBeds,0.0,,,,
Patient_502,CTI prepara Encaminhamento,185010.6514553452,start,,0.0,,,,
Patient_502,CTI prepara Encaminhamento,185060.54728588252,complete,,0.0,,,,
Patient_502,Encaminha_para a Clinica Medica,185060.54728588252,complete,,,para a Clinica Medica,185060.54728588252,,
Patient_502,Discharge,185060.54728588252,complete,,,,,,6919.3959683075955
Patient_503,Arrival,178179.7810181698,complete,,0.0,,,,
Patient_503,Origem_do Centro Cirurgico,178179.7810181698,complete,,,do Centro Cirurgico,178179.7810181698,,
Patient_503,CTI (CC),178179.7810181698,start,ctiBeds,0.0,,,,
Patient_503,CTI (CC),185651.69167377445,complete,ctiBeds,0.0,,,,
Patient_503,CTI prepara Encaminhamento,185651.69167377445,start,,0.0,,,,
Patient_503,CTI prepara Encaminhamento,185711.2265497474,complete,,0.0,,,,
Patient_503,Encaminha_para a Clinica Cirurgica,185711.2265497474,complete,,,para a Clinica Cirurgica,185711.2265497474,,
Patient_503,Discharge,185711.2265497474,complete,,,,,,7531.4455315775995
Patient_504,Arrival,178437.62969841855,complete,,0.0,,,,
Patient_504,Origem_do Centro Cirurgico,178437.62969841855,complete,,,do Centro Cirurgico,178437.62969841855,,
Patient_504,CTI (CC),178437.62969841855,start,ctiBeds,0.0,,,,
Patient_504,CTI (CC),188843.74070337444,complete,ctiBeds,0.0,,,,
Patient_504,CTI prepara Encaminhamento,188843.74070337444,start,,0.0,,,,
Patient_504,CTI prepara Encaminhamento,188883.4975046305,complete,,0.0,,,,
Patient_504,Encaminha_Obito,188883.4975046305,complete,,,Obito,188883.4975046305,,
Patient_504,Discharge,188883.4975046305,complete,,,,,,10445.867806211958
Patient_505,Arrival,179044.00541112974,complete,,0.0,,,,
Patient_505,Origem_do Pronto Socorro,179044.00541112974,complete,,,do Pronto Socorro,179044.00541112974,,
Patient_505,CTI (PS),179044.00541112974,start,ctiBeds,0.0,,,,
Patient_505,CTI (PS),199069.26521797216,complete,ctiBeds,0.0,,,,
Patient_505,CTI prepara Encaminhamento,199069.26521797216,start,,0.0,,,,
Patient_505,CTI prepara Encaminhamento,199106.8931476201,complete,,0.0,,,,
Patient_505,Encaminha_para a Clinica Cirurgica,199106.8931476201,complete,,,para a Clinica Cirurgica,199106.8931476201,,
Patient_505,Discharge,199106.8931476201,complete,,,,,,20062.887736490375
Patient_506,Arrival,179087.30959506246,complete,,0.0,,,,
Patient_506,Origem_do Pronto Socorro,179087.30959506246,complete,,,do Pronto Socorro,179087.30959506246,,
Patient_506,CTI (PS),179087.30959506246,start,ctiBeds,0.0,,,,
Patient_506,CTI (PS),180012.14897832225,complete,ctiBeds,0.0,,,,
Patient_506,CTI prepara Encaminhamento,180012.14897832225,start,,0.0,,,,
Patient_506,CTI prepara Encaminhamento,180048.21064389756,complete,,0.0,,,,
Patient_506,Encaminha_para a Clinica Medica,180048.21064389756,complete,,,para a Clinica Medica,180048.21064389756,,
Patient_506,Discharge,180048.21064389756,complete,,,,,,960.901048835105
Patient_507,Arrival,179397.2948117233,complete,,0.0,,,,
Patient_507,Origem_do Centro Cirurgico,179397.2948117233,complete,,,do Centro Cirurgico,179397.2948117233,,
Patient_507,CTI (CC),179397.2948117233,start,ctiBeds,0.0,,,,
Patient_507,CTI (CC),183225.42826340385,complete,ctiBeds,0.0,,,,
Patient_507,CTI prepara Encaminhamento,183225.42826340385,start,,0.0,,,,
Patient_507,CTI prepara Encaminhamento,183259.45984939637,complete,,0.0,,,,
Patient_507,Encaminha_para a Clinica Medica,183259.45984939637,complete,,,para a Clinica Medica,183259.45984939637,,
Patient_507,Discharge,183259.45984939637,complete,,,,,,3862.165037673083
Patient_508,Arrival,179867.99399639128,complete,,0.0,,,,
Patient_508,Origem_do Pronto Socorro,179867.99399639128,complete,,,do Pronto Socorro,179867.99399639128,,
Patient_508,CTI (PS),179867.99399639128,start,ctiBeds,0.0,,,,
Patient_508,CTI (PS),184553.12549993003,complete,ctiBeds,0.0,,,,
Patient_508,CTI prepara Encaminhamento,184553.12549993003,start,,0.0,,,,
Patient_508,CTI prepara Encaminhamento,184594.29003362154,complete,,0.0,,,,
Patient_508,Encaminha_Alta Hospitalar,184594.29003362154,complete,,,Alta Hospitalar,184594.29003362154,,
Patient_508,Discharge,184594.29003362154,complete,,,,,,4726.296037230262
Patient_509,Arrival,179899.826022399,complete,,0.0,,,,
Patient_509,Origem_do Pronto Socorro,179899.826022399,complete,,,do Pronto Socorro,179899.826022399,,
Patient_509,CTI (PS),179899.826022399,start,ctiBeds,0.0,,,,
Patient_509,CTI (PS),191868.69589814873,complete,ctiBeds,0.0,,,,
Patient_509,CTI prepara Encaminhamento,191868.69589814873,start,,0.0,,,,
Patient_509,CTI prepara Encaminhamento,191927.39639274843,complete,,0.0,,,,
Patient_509,Encaminha_para a Clinica Cirurgica,191927.39639274843,complete,,,para a Clinica Cirurgica,191927.39639274843,,
Patient_509,Discharge,191927.39639274843,complete,,,,,,12027.570370349422
Patient_51,Arrival,13364.68110131552,complete,,0.0,,,,
Patient_51,Origem_do Pronto Socorro,13364.68110131552,complete,,,do Pronto Socorro,13364.68110131552,,
Patient_51,CTI (PS),13364.68110131552,start,ctiBeds,0.0,,,,
Patient_51,CTI (PS),22460.514273614375,complete,ctiBeds,0.0,,,,
Patient_51,CTI prepara Encaminhamento,22460.514273614375,start,,0.0,,,,
Patient_51,CTI prepara Encaminhamento,22508.054447915205,complete,,0.0,,,,
Patient_51,Encaminha_para a Clinica Medica,22508.054447915205,complete,,,para a Clinica Medica,22508.054447915205,,
Patient_51,Discharge,22508.054447915205,complete,,,,,,9143.373346599685
Patient_510,Arrival,180342.6668982,complete,,0.0,,,,
Patient_510,Origem_do Centro Cirurgico,180342.6668982,complete,,,do Centro Cirurgico,180342.6668982,,
Patient_510,CTI (CC),180342.6668982,start,ctiBeds,0.0,,,,
Patient_510,CTI (CC),192460.87003178443,complete,ctiBeds,0.0,,,,
Patient_510,CTI prepara Encaminhamento,192460.87003178443,start,,0.0,,,,
Patient_510,CTI prepara Encaminhamento,192514.42648879753,complete,,0.0,,,,
Patient_510,Encaminha_Obito,192514.42648879753,complete,,,Obito,192514.42648879753,,
Patient_510,Discharge,192514.42648879753,complete,,,,,,12171.759590597532
Patient_511,Arrival,180615.03875561373,complete,,0.0,,,,
Patient_511,Origem_do Centro Cirurgico,180615.03875561373,complete,,,do Centro Cirurgico,180615.03875561373,,
Patient_511,CTI (CC),180615.03875561373,start,ctiBeds,0.0,,,,
Patient_511,CTI (CC),184237.86866856492,complete,ctiBeds,0.0,,,,
Patient_511,CTI prepara Encaminhamento,184237.86866856492,start,,0.0,,,,
Patient_511,CTI prepara Encaminhamento,184291.14874733344,complete,,0.0,,,,
Patient_511,Encaminha_para a Clinica Cirurgica,184291.14874733344,complete,,,para a Clinica Cirurgica,184291.14874733344,,
Patient_511,Discharge,184291.14874733344,complete,,,,,,3676.1099917197134
Patient_512,Arrival,180749.80257972973,complete,,0.0,,,,
Patient_512,Origem_do Centro Cirurgico,180749.80257972973,complete,,,do Centro Cirurgico,180749.80257972973,,
Patient_512,CTI (CC),180749.80257972973,start,ctiBeds,0.0,,,,
Patient_512,CTI (CC),189564.00685709645,complete,ctiBeds,0.0,,,,
Patient_512,CTI prepara Encaminhamento,189564.00685709645,start,,0.0,,,,
Patient_512,CTI prepara Encaminhamento,189621.4252419193,complete,,0.0,,,,
Patient_512,Encaminha_para a Clinica Cirurgica,189621.4252419193,complete,,,para a Clinica Cirurgica,189621.4252419193,,
Patient_512,Discharge,189621.4252419193,complete,,,,,,8871.622662189562
Patient_513,Arrival,181197.29954987395,complete,,0.0,,,,
Patient_513,Origem_do Centro Cirurgico,181197.29954987395,complete,,,do Centro Cirurgico,181197.29954987395,,
Patient_513,CTI (CC),181197.29954987395,start,ctiBeds,0.0,,,,
Patient_513,CTI (CC),181716.88669797985,complete,ctiBeds,0.0,,,,
Patient_513,CTI prepara Encaminhamento,181716.88669797985,start,,0.0,,,,
Patient_513,CTI prepara Encaminhamento,181750.04813558306,complete,,0.0,,,,
Patient_513,Encaminha_para a Clinica Cirurgica,181750.04813558306,complete,,,para a Clinica Cirurgica,181750.04813558306,,
Patient_513,Discharge,181750.04813558306,complete,,,,,,552.7485857091087
Patient_514,Arrival,181556.23318166542,complete,,0.0,,,,
Patient_514,Origem_do Centro Cirurgico,181556.23318166542,complete,,,do Centro Cirurgico,181556.23318166542,,
Patient_514,CTI (CC),181556.23318166542,start,ctiBeds,0.0,,,,
Patient_514,CTI (CC),194990.2641290497,complete,ctiBeds,0.0,,,,
Patient_514,CTI prepara Encaminhamento,194990.2641290497,start,,0.0,,,,
Patient_514,CTI prepara Encaminhamento,195027.20257440986,complete,,0.0,,,,
Patient_514,Encaminha_para a Clinica Medica,195027.20257440986,complete,,,para a Clinica Medica,195027.20257440986,,
Patient_514,Discharge,195027.20257440986,complete,,,,,,13470.969392744446
Patient_515,Arrival,182369.73015304672,complete,,0.0,,,,
Patient_515,Origem_da Clinica Medica,182369.73015304672,complete,,,da Clinica Medica,182369.73015304672,,
Patient_515,CTI (CLIM),182369.73015304672,start,ctiBeds,0.0,,,,
Patient_515,CTI (CLIM),190127.24235802895,complete,ctiBeds,0.0,,,,
Patient_515,CTI prepara Encaminhamento,190127.24235802895,start,,0.0,,,,
Patient_515,CTI prepara Encaminhamento,190184.09237762413,complete,,0.0,,,,
Patient_515,Encaminha_para a Clinica Medica,190184.09237762413,complete,,,para a Clinica Medica,190184.09237762413,,
Patient_515,Discharge,190184.09237762413,complete,,,,,,7814.362224577402
Patient_516,Arrival,182853.1265864785,complete,,0.0,,,,
Patient_516,Origem_do Pronto Socorro,182853.1265864785,complete,,,do Pronto Socorro,182853.1265864785,,
Patient_516,CTI (PS),182853.1265864785,start,ctiBeds,0.0,,,,
Patient_516,CTI (PS),205548.14109702138,complete,ctiBeds,0.0,,,,
Patient_516,CTI prepara Encaminhamento,205548.14109702138,start,,0.0,,,,
Patient_516,CTI prepara Encaminhamento,205597.02858208545,complete,,0.0,,,,
Patient_516,Encaminha_para a Clinica Cirurgica,205597.02858208545,complete,,,para a Clinica Cirurgica,205597.02858208545,,
Patient_516,Discharge,205597.02858208545,complete,,,,,,22743.901995606953
Patient_517,Arrival,182991.11167361308,complete,,0.0,,,,
Patient_517,Origem_do Centro Cirurgico,182991.11167361308,complete,,,do Centro Cirurgico,182991.11167361308,,
Patient_517,CTI (CC),182991.11167361308,start,ctiBeds,0.0,,,,
Patient_517,CTI (CC),186591.11993267186,complete,ctiBeds,0.0,,,,
Patient_517,CTI prepara Encaminhamento,186591.11993267186,start,,0.0,,,,
Patient_517,CTI prepara Encaminhamento,186634.2088245831,complete,,0.0,,,,
Patient_517,Encaminha_para a Clinica Medica,186634.2088245831,complete,,,para a Clinica Medica,186634.2088245831,,
Patient_517,Discharge,186634.2088245831,complete,,,,,,3643.0971509700175
Patient_518,Arrival,183255.05050358453,complete,,0.0,,,,
Patient_518,Origem_do Centro Cirurgico,183255.05050358453,complete,,,do Centro Cirurgico,183255.05050358453,,
Patient_518,CTI (CC),183255.05050358453,start,ctiBeds,0.0,,,,
Patient_518,CTI (CC),186685.18499403156,complete,ctiBeds,0.0,,,,
Patient_518,CTI prepara Encaminhamento,186685.18499403156,start,,0.0,,,,
Patient_518,CTI prepara Encaminhamento,186719.9080313798,complete,,0.0,,,,
Patient_518,Encaminha_para a Clinica Medica,186719.9080313798,complete,,,para a Clinica Medica,186719.9080313798,,
Patient_518,Discharge,186719.9080313798,complete,,,,,,3464.857527795277
Patient_519,Arrival,183343.2561413414,complete,,0.0,,,,
Patient_519,Origem_da Clinica Cirurgica,183343.2561413414,complete,,,da Clinica Cirurgica,183343.2561413414,,
Patient_519,CTI (CLIC),183343.2561413414,start,ctiBeds,0.0,,,,
Patient_519,CTI (CLIC),230209.15655826885,complete,ctiBeds,0.0,,,,
Patient_519,CTI prepara Encaminhamento,230209.15655826885,start,,0.0,,,,
Patient_519,CTI prepara Encaminhamento,230244.6091744663,complete,,0.0,,,,
Patient_519,Encaminha_para a Clinica Cirurgica,230244.6091744663,complete,,,para a Clinica Cirurgica,230244.6091744663,,
Patient_519,Discharge,230244.6091744663,complete,,,,,,46901.353033124906
Patient_52,Arrival,13896.83934505853,complete,,0.0,,,,
Patient_52,Origem_do Pronto Socorro,13896.83934505853,complete,,,do Pronto Socorro,13896.83934505853,,
Patient_52,CTI (PS),13896.83934505853,start,ctiBeds,0.0,,,,
Patient_52,CTI (PS),39077.51113438566,complete,ctiBeds,0.0,,,,
Patient_52,CTI prepara Encaminhamento,39077.51113438566,start,,0.0,,,,
Patient_52,CTI prepara Encaminhamento,39113.06164616868,complete,,0.0,,,,
Patient_52,Encaminha_para a Clinica Medica,39113.06164616868,complete,,,para a Clinica Medica,39113.06164616868,,
Patient_52,Discharge,39113.06164616868,complete,,,,,,25216.222301110152
Patient_520,Arrival,183616.27289652498,complete,,0.0,,,,
Patient_520,Origem_do Pronto Socorro,183616.27289652498,complete,,,do Pronto Socorro,183616.27289652498,,
Patient_520,CTI (PS),183616.27289652498,start,ctiBeds,0.0,,,,
Patient_520,CTI (PS),215903.62144482048,complete,ctiBeds,0.0,,,,
Patient_520,CTI prepara Encaminhamento,215903.62144482048,start,,0.0,,,,
Patient_520,CTI prepara Encaminhamento,215947.57796808713,complete,,0.0,,,,
Patient_520,Encaminha_para a Clinica Medica,215947.57796808713,complete,,,para a Clinica Medica,215947.57796808713,,
Patient_520,Discharge,215947.57796808713,complete,,,,,,32331.30507156215
Patient_521,Arrival,183621.92996204094,complete,,0.0,,,,
Patient_521,Origem_do Centro Cirurgico,183621.92996204094,complete,,,do Centro Cirurgico,183621.92996204094,,
Patient_521,CTI (CC),183621.92996204094,start,ctiBeds,0.0,,,,
Patient_521,CTI (CC),257153.9935938922,complete,ctiBeds,0.0,,,,
Patient_521,CTI prepara Encaminhamento,257153.9935938922,start,,0.0,,,,
Patient_521,CTI prepara Encaminhamento,257207.22463495738,complete,,0.0,,,,
Patient_521,Encaminha_para o Centro Cirurgico,257207.22463495738,complete,,,para o Centro Cirurgico,257207.22463495738,,
Patient_521,Discharge,257207.22463495738,complete,,,,,,73585.29467291644
Patient_522,Arrival,184014.4535594324,complete,,0.0,,,,
Patient_522,Origem_do Pronto Socorro,184014.4535594324,complete,,,do Pronto Socorro,184014.4535594324,,
Patient_522,CTI (PS),184014.4535594324,start,ctiBeds,0.0,,,,
Patient_522,CTI (PS),186591.58145222426,complete,ctiBeds,0.0,,,,
Patient_522,CTI prepara Encaminhamento,186591.58145222426,start,,0.0,,,,
Patient_522,CTI prepara Encaminhamento,186636.71114550316,complete,,0.0,,,,
Patient_522,Encaminha_para a Clinica Medica,186636.71114550316,complete,,,para a Clinica Medica,186636.71114550316,,
Patient_522,Discharge,186636.71114550316,complete,,,,,,2622.257586070744
Patient_523,Arrival,184444.50773491466,complete,,0.0,,,,
Patient_523,Origem_da Clinica Medica,184444.50773491466,complete,,,da Clinica Medica,184444.50773491466,,
Patient_523,CTI (CLIM),184444.50773491466,start,ctiBeds,0.0,,,,
Patient_523,CTI (CLIM),196498.28839021642,complete,ctiBeds,0.0,,,,
Patient_523,CTI prepara Encaminhamento,196498.28839021642,start,,0.0,,,,
Patient_523,CTI prepara Encaminhamento,196554.29374641573,complete,,0.0,,,,
Patient_523,Encaminha_Obito,196554.29374641573,complete,,,Obito,196554.29374641573,,
Patient_523,Discharge,196554.29374641573,complete,,,,,,12109.78601150107
Patient_524,Arrival,185344.8831010313,complete,,0.0,,,,
Patient_524,Origem_do Centro Cirurgico,185344.8831010313,complete,,,do Centro Cirurgico,185344.8831010313,,
Patient_524,CTI (CC),185344.8831010313,start,ctiBeds,0.0,,,,
Patient_524,CTI (CC),195763.7632368069,complete,ctiBeds,0.0,,,,
Patient_524,CTI prepara Encaminhamento,195763.7632368069,start,,0.0,,,,
Patient_524,CTI prepara Encaminhamento,195799.79108858938,complete,,0.0,,,,
Patient_524,Encaminha_Transferencia Externa,195799.79108858938,complete,,,Transferencia Externa,195799.79108858938,,
Patient_524,Discharge,195799.79108858938,complete,,,,,,10454.90798755808
Patient_525,Arrival,185367.99519084147,complete,,0.0,,,,
Patient_525,Origem_do Centro Cirurgico,185367.99519084147,complete,,,do Centro Cirurgico,185367.99519084147,,
Patient_525,CTI (CC),185367.99519084147,start,ctiBeds,0.0,,,,
Patient_525,CTI (CC),194100.54274985412,complete,ctiBeds,0.0,,,,
Patient_525,CTI prepara Encaminhamento,194100.54274985412,start,,0.0,,,,
Patient_525,CTI prepara Encaminhamento,194146.44304666968,complete,,0.0,,,,
Patient_525,Encaminha_Obito,194146.44304666968,complete,,,Obito,194146.44304666968,,
Patient_525,Discharge,194146.44304666968,complete,,,,,,8778.447855828214
Patient_526,Arrival,185587.96318261873,complete,,0.0,,,,
Patient_526,Origem_do Pronto Socorro,185587.96318261873,complete,,,do Pronto Socorro,185587.96318261873,,
Patient_526,CTI (PS),185587.96318261873,start,ctiBeds,0.0,,,,
Patient_526,CTI (PS),194730.27222388668,complete,ctiBeds,0.0,,,,
Patient_526,CTI prepara Encaminhamento,194730.27222388668,start,,0.0,,,,
Patient_526,CTI prepara Encaminhamento,194777.90688985505,complete,,0.0,,,,
Patient_526,Encaminha_para a Clinica Medica,194777.90688985505,complete,,,para a Clinica Medica,194777.90688985505,,
Patient_526,Discharge,194777.90688985505,complete,,,,,,9189.943707236322
Patient_527,Arrival,185902.70378647943,complete,,0.0,,,,
Patient_527,Origem_do Pronto Socorro,185902.70378647943,complete,,,do Pronto Socorro,185902.70378647943,,
Patient_527,CTI (PS),185902.70378647943,start,ctiBeds,0.0,,,,
Patient_527,CTI (PS),204203.02655472507,complete,ctiBeds,0.0,,,,
Patient_527,CTI prepara Encaminhamento,204203.02655472507,start,,0.0,,,,
Patient_527,CTI prepara Encaminhamento,204254.7228279575,complete,,0.0,,,,
Patient_527,Encaminha_para a Clinica Medica,204254.7228279575,complete,,,para a Clinica Medica,204254.7228279575,,
Patient_527,Discharge,204254.7228279575,complete,,,,,,18352.01904147808
Patient_528,Arrival,186324.54256378172,complete,,0.0,,,,
Patient_528,Origem_do Centro Cirurgico,186324.54256378172,complete,,,do Centro Cirurgico,186324.54256378172,,
Patient_528,CTI (CC),186324.54256378172,start,ctiBeds,0.0,,,,
Patient_528,CTI (CC),188090.71367801866,complete,ctiBeds,0.0,,,,
Patient_528,CTI prepara Encaminhamento,188090.71367801866,start,,0.0,,,,
Patient_528,CTI prepara Encaminhamento,188133.22408768136,complete,,0.0,,,,
Patient_528,Encaminha_para a Clinica Cirurgica,188133.22408768136,complete,,,para a Clinica Cirurgica,188133.22408768136,,
Patient_528,Discharge,188133.22408768136,complete,,,,,,1808.681523899635
Patient_529,Arrival,186364.7858530557,complete,,0.0,,,,
Patient_529,Origem_do Centro Cirurgico,186364.7858530557,complete,,,do Centro Cirurgico,186364.7858530557,,
Patient_529,CTI (CC),186364.7858530557,start,ctiBeds,0.0,,,,
Patient_529,CTI (CC),186969.44211314336,complete,ctiBeds,0.0,,,,
Patient_529,CTI prepara Encaminhamento,186969.44211314336,start,,0.0,,,,
Patient_529,CTI prepara Encaminhamento,187025.4332635691,complete,,0.0,,,,
Patient_529,Encaminha_para a Clinica Medica,187025.4332635691,complete,,,para a Clinica Medica,187025.4332635691,,
Patient_529,Discharge,187025.4332635691,complete,,,,,,660.6474105133966
Patient_53,Arrival,14174.798200118028,complete,,0.0,,,,
Patient_53,Origem_da Clinica Cirurgica,14174.798200118028,complete,,,da Clinica Cirurgica,14174.798200118028,,
Patient_53,CTI (CLIC),14174.798200118028,start,ctiBeds,0.0,,,,
Patient_53,CTI (CLIC),16314.376782775387,complete,ctiBeds,0.0,,,,
Patient_53,CTI prepara Encaminhamento,16314.376782775387,start,,0.0,,,,
Patient_53,CTI prepara Encaminhamento,16347.439850567009,complete,,0.0,,,,
Patient_53,Encaminha_Obito,16347.439850567009,complete,,,Obito,16347.439850567009,,
Patient_53,Discharge,16347.439850567009,complete,,,,,,2172.6416504489807
Patient_530,Arrival,186782.5875099878,complete,,0.0,,,,
Patient_530,Origem_do Centro Cirurgico,186782.5875099878,complete,,,do Centro Cirurgico,186782.5875099878,,
Patient_530,CTI (CC),186782.5875099878,start,ctiBeds,0.0,,,,
Patient_530,CTI (CC),189235.52575209315,complete,ctiBeds,0.0,,,,
Patient_530,CTI prepara Encaminhamento,189235.52575209315,start,,0.0,,,,
Patient_530,CTI prepara Encaminhamento,189279.28810443092,complete,,0.0,,,,
Patient_530,Encaminha_para a Clinica Cirurgica,189279.28810443092,complete,,,para a Clinica Cirurgica,189279.28810443092,,
Patient_530,Discharge,189279.28810443092,complete,,,,,,2496.7005944431294
Patient_531,Arrival,186787.3127144679,complete,,0.0,,,,
Patient_531,Origem_do Pronto Socorro,186787.3127144679,complete,,,do Pronto Socorro,186787.3127144679,,
Patient_531,CTI (PS),186787.3127144679,start,ctiBeds,0.0,,,,
Patient_531,CTI (PS),203828.52953643724,complete,ctiBeds,0.0,,,,
Patient_531,CTI prepara Encaminhamento,203828.52953643724,start,,0.0,,,,
Patient_531,CTI prepara Encaminhamento,203883.65088501014,complete,,0.0,,,,
Patient_531,Encaminha_Obito,203883.65088501014,complete,,,Obito,203883.65088501014,,
Patient_531,Discharge,203883.65088501014,complete,,,,,,17096.338170542236
Patient_532,Arrival,186907.14893280025,complete,,0.0,,,,
Patient_532,Origem_do Centro Cirurgico,186907.14893280025,complete,,,do Centro Cirurgico,186907.14893280025,,
Patient_532,CTI (CC),186907.14893280025,start,ctiBeds,0.0,,,,
Patient_532,CTI (CC),190801.21151780148,complete,ctiBeds,0.0,,,,
Patient_532,CTI prepara Encaminhamento,190801.21151780148,start,,0.0,,,,
Patient_532,CTI prepara Encaminhamento,190859.32349041005,complete,,0.0,,,,
Patient_532,Encaminha_para a Clinica Cirurgica,190859.32349041005,complete,,,para a Clinica Cirurgica,190859.32349041005,,
Patient_532,Discharge,190859.32349041005,complete,,,,,,3952.1745576098037
Patient_533,Arrival,187057.73351743908,complete,,0.0,,,,
Patient_533,Origem_do Centro Cirurgico,187057.73351743908,complete,,,do Centro Cirurgico,187057.73351743908,,
Patient_533,CTI (CC),187057.73351743908,start,ctiBeds,0.0,,,,
Patient_533,CTI (CC),192634.45954466518,complete,ctiBeds,0.0,,,,
Patient_533,CTI prepara Encaminhamento,192634.45954466518,start,,0.0,,,,
Patient_533,CTI prepara Encaminhamento,192686.05389100692,complete,,0.0,,,,
Patient_533,Encaminha_Obito,192686.05389100692,complete,,,Obito,192686.05389100692,,
Patient_533,Discharge,192686.05389100692,complete,,,,,,5628.32037356784
Patient_534,Arrival,187169.87190504593,complete,,0.0,,,,
Patient_534,Origem_do Centro Cirurgico,187169.87190504593,complete,,,do Centro Cirurgico,187169.87190504593,,
Patient_534,CTI (CC),187169.87190504593,start,ctiBeds,0.0,,,,
Patient_534,CTI (CC),187951.45705780355,complete,ctiBeds,0.0,,,,
Patient_534,CTI prepara Encaminhamento,187951.45705780355,start,,0.0,,,,
Patient_534,CTI prepara Encaminhamento,187982.09902588872,complete,,0.0,,,,
Patient_534,Encaminha_para a Clinica Cirurgica,187982.09902588872,complete,,,para a Clinica Cirurgica,187982.09902588872,,
Patient_534,Discharge,187982.09902588872,complete,,,,,,812.2271208427846
Patient_535,Arrival,187402.59553413288,complete,,0.0,,,,
Patient_535,Origem_do Centro Cirurgico,187402.59553413288,complete,,,do Centro Cirurgico,187402.59553413288,,
Patient_535,CTI (CC),187402.59553413288,start,ctiBeds,0.0,,,,
Patient_535,CTI (CC),188693.10775080687,complete,ctiBeds,0.0,,,,
Patient_535,CTI prepara Encaminhamento,188693.10775080687,start,,0.0,,,,
Patient_535,CTI prepara Encaminhamento,188739.90355065715,complete,,0.0,,,,
Patient_535,Encaminha_para a Clinica Medica,188739.90355065715,complete,,,para a Clinica Medica,188739.90355065715,,
Patient_535,Discharge,188739.90355065715,complete,,,,,,1337.3080165242718
Patient_536,Arrival,187774.6498743532,complete,,0.0,,,,
Patient_536,Origem_da Clinica Cirurgica,187774.6498743532,complete,,,da Clinica Cirurgica,187774.6498743532,,
Patient_536,CTI (CLIC),187774.6498743532,start,ctiBeds,0.0,,,,
Patient_536,CTI (CLIC),189281.4262351475,complete,ctiBeds,0.0,,,,
Patient_536,CTI prepara Encaminhamento,189281.4262351475,start,,0.0,,,,
Patient_536,CTI prepara Encaminhamento,189337.69070463078,complete,,0.0,,,,
Patient_536,Encaminha_para a Clinica Cirurgica,189337.69070463078,complete,,,para a Clinica Cirurgica,189337.69070463078,,
Patient_536,Discharge,189337.69070463078,complete,,,,,,1563.0408302775759
Patient_537,Arrival,188246.12198468327,complete,,0.0,,,,
Patient_537,Origem_do Pronto Socorro,188246.12198468327,complete,,,do Pronto Socorro,188246.12198468327,,
Patient_537,CTI (PS),188246.12198468327,start,ctiBeds,0.0,,,,
Patient_537,CTI (PS),201403.63634389875,complete,ctiBeds,0.0,,,,
Patient_537,CTI prepara Encaminhamento,201403.63634389875,start,,0.0,,,,
Patient_537,CTI prepara Encaminhamento,201442.60562946275,complete,,0.0,,,,
Patient_537,Encaminha_para a Clinica Cirurgica,201442.60562946275,complete,,,para a Clinica Cirurgica,201442.60562946275,,
Patient_537,Discharge,201442.60562946275,complete,,,,,,13196.48364477948
Patient_538,Arrival,188326.21985950661,complete,,0.0,,,,
Patient_538,Origem_do Pronto Socorro,188326.21985950661,complete,,,do Pronto Socorro,188326.21985950661,,
Patient_538,CTI (PS),188326.21985950661,start,ctiBeds,0.0,,,,
Patient_538,CTI (PS),191327.14544036667,complete,ctiBeds,0.0,,,,
Patient_538,CTI prepara Encaminhamento,191327.14544036667,start,,0.0,,,,
Patient_538,CTI prepara Encaminhamento,191358.40867029023,complete,,0.0,,,,
Patient_538,Encaminha_para a Clinica Cirurgica,191358.40867029023,complete,,,para a Clinica Cirurgica,191358.40867029023,,
Patient_538,Discharge,191358.40867029023,complete,,,,,,3032.188810783613
Patient_539,Arrival,188468.03939590772,complete,,0.0,,,,
Patient_539,Origem_do Pronto Socorro,188468.03939590772,complete,,,do Pronto Socorro,188468.03939590772,,
Patient_539,CTI (PS),188468.03939590772,start,ctiBeds,0.0,,,,
Patient_539,CTI (PS),201293.82541152404,complete,ctiBeds,0.0,,,,
Patient_539,CTI prepara Encaminhamento,201293.82541152404,start,,0.0,,,,
Patient_539,CTI prepara Encaminhamento,201339.80382355535,complete,,0.0,,,,
Patient_539,Encaminha_Obito,201339.80382355535,complete,,,Obito,201339.80382355535,,
Patient_539,Discharge,201339.80382355535,complete,,,,,,12871.764427647635
Patient_54,Arrival,14363.13017041761,complete,,0.0,,,,
Patient_54,Origem_do Pronto Socorro,14363.13017041761,complete,,,do Pronto Socorro,14363.13017041761,,
Patient_54,CTI (PS),14363.13017041761,start,ctiBeds,0.0,,,,
Patient_54,CTI (PS),38816.646797775815,complete,ctiBeds,0.0,,,,
Patient_54,CTI prepara Encaminhamento,38816.646797775815,start,,0.0,,,,
Patient_54,CTI prepara Encaminhamento,38864.98745361167,complete,,0.0,,,,
Patient_54,Encaminha_para a Clinica Cirurgica,38864.98745361167,complete,,,para a Clinica Cirurgica,38864.98745361167,,
Patient_54,Discharge,38864.98745361167,complete,,,,,,24501.857283194062
Patient_540,Arrival,189082.95774286834,complete,,0.0,,,,
Patient_540,Origem_do Pronto Socorro,189082.95774286834,complete,,,do Pronto Socorro,189082.95774286834,,
Patient_540,CTI (PS),189082.95774286834,start,ctiBeds,0.0,,,,
Patient_540,CTI (PS),195894.85085023404,complete,ctiBeds,0.0,,,,
Patient_540,CTI prepara Encaminhamento,195894.85085023404,start,,0.0,,,,
Patient_540,CTI prepara Encaminhamento,195939.3580056999,complete,,0.0,,,,
Patient_540,Encaminha_Obito,195939.3580056999,complete,,,Obito,195939.3580056999,,
Patient_540,Discharge,195939.3580056999,complete,,,,,,6856.400262831565
Patient_541,Arrival,189419.39773263872,complete,,0.0,,,,
Patient_541,Origem_do Pronto Socorro,189419.39773263872,complete,,,do Pronto Socorro,189419.39773263872,,
Patient_541,CTI (PS),189419.39773263872,start,ctiBeds,0.0,,,,
Patient_541,CTI (PS),221917.3688943394,complete,ctiBeds,0.0,,,,
Patient_541,CTI prepara Encaminhamento,221917.3688943394,start,,0.0,,,,
Patient_541,CTI prepara Encaminhamento,221954.06311421166,complete,,0.0,,,,
Patient_541,Encaminha_Obito,221954.06311421166,complete,,,Obito,221954.06311421166,,
Patient_541,Discharge,221954.06311421166,complete,,,,,,32534.665381572937
Patient_542,Arrival,189479.37846392122,complete,,0.0,,,,
Patient_542,Origem_do Pronto Socorro,189479.37846392122,complete,,,do Pronto Socorro,189479.37846392122,,
Patient_542,CTI (PS),189479.37846392122,start,ctiBeds,0.0,,,,
Patient_542,CTI (PS),192585.5579958481,complete,ctiBeds,0.0,,,,
Patient_542,CTI prepara Encaminhamento,192585.5579958481,start,,0.0,,,,
Patient_542,CTI prepara Encaminhamento,192624.38181730444,complete,,0.0,,,,
Patient_542,Encaminha_Transferencia Externa,192624.38181730444,complete,,,Transferencia Externa,192624.38181730444,,
Patient_542,Discharge,192624.38181730444,complete,,,,,,3145.0033533832175
Patient_543,Arrival,189912.81506657126,complete,,0.0,,,,
Patient_543,Origem_do Centro Cirurgico,189912.81506657126,complete,,,do Centro Cirurgico,189912.81506657126,,
Patient_543,CTI (CC),189912.81506657126,start,ctiBeds,0.0,,,,
Patient_543,CTI (CC),193238.7191897645,complete,ctiBeds,0.0,,,,
Patient_543,CTI prepara Encaminhamento,193238.7191897645,start,,0.0,,,,
Patient_543,CTI prepara Encaminhamento,193274.19359846206,complete,,0.0,,,,
Patient_543,Encaminha_para a Clinica Cirurgica,193274.19359846206,complete,,,para a Clinica Cirurgica,193274.19359846206,,
Patient_543,Discharge,193274.19359846206,complete,,,,,,3361.378531890805
Patient_544,Arrival,190031.1700983801,complete,,0.0,,,,
Patient_544,Origem_do Pronto Socorro,190031.1700983801,complete,,,do Pronto Socorro,190031.1700983801,,
Patient_544,CTI (PS),190031.1700983801,start,ctiBeds,0.0,,,,
Patient_544,CTI (PS),197806.5442609019,complete,ctiBeds,0.0,,,,
Patient_544,CTI prepara Encaminhamento,197806.5442609019,start,,0.0,,,,
Patient_544,CTI prepara Encaminhamento,197853.74660701494,complete,,0.0,,,,
Patient_544,Encaminha_para a Clinica Cirurgica,197853.74660701494,complete,,,para a Clinica Cirurgica,197853.74660701494,,
Patient_544,Discharge,197853.74660701494,complete,,,,,,7822.57650863484
Patient_545,Arrival,191042.77749875817,complete,,0.0,,,,
Patient_545,Origem_do Centro Cirurgico,191042.77749875817,complete,,,do Centro Cirurgico,191042.77749875817,,
Patient_545,CTI (CC),191042.77749875817,start,ctiBeds,0.0,,,,
Patient_545,CTI (CC),194954.58239642467,complete,ctiBeds,0.0,,,,
Patient_545,CTI prepara Encaminhamento,194954.58239642467,start,,0.0,,,,
Patient_545,CTI prepara Encaminhamento,194991.65886431804,complete,,0.0,,,,
Patient_545,Encaminha_para a Clinica Cirurgica,194991.65886431804,complete,,,para a Clinica Cirurgica,194991.65886431804,,
Patient_545,Discharge,194991.65886431804,complete,,,,,,3948.8813655598788
Patient_546,Arrival,191465.32511715204,complete,,0.0,,,,
Patient_546,Origem_do Centro Cirurgico,191465.32511715204,complete,,,do Centro Cirurgico,191465.32511715204,,
Patient_546,CTI (CC),191465.32511715204,start,ctiBeds,0.0,,,,
Patient_546,CTI (CC),197913.15622813033,complete,ctiBeds,0.0,,,,
Patient_546,CTI prepara Encaminhamento,197913.15622813033,start,,0.0,,,,
Patient_546,CTI prepara Encaminhamento,197946.75765198414,complete,,0.0,,,,
Patient_546,Encaminha_para a Clinica Medica,197946.75765198414,complete,,,para a Clinica Medica,197946.75765198414,,
Patient_546,Discharge,197946.75765198414,complete,,,,,,6481.4325348321
Patient_547,Arrival,192522.0568579929,complete,,0.0,,,,
Patient_547,Origem_da Clinica Medica,192522.0568579929,complete,,,da Clinica Medica,192522.0568579929,,
Patient_547,CTI (CLIM),192522.0568579929,start,ctiBeds,0.0,,,,
Patient_547,CTI (CLIM),223752.8441210296,complete,ctiBeds,0.0,,,,
Patient_547,CTI prepara Encaminhamento,223752.8441210296,start,,0.0,,,,
Patient_547,CTI prepara Encaminhamento,223794.77858518134,complete,,0.0,,,,
Patient_547,Encaminha_para a Clinica Medica,223794.77858518134,complete,,,para a Clinica Medica,223794.77858518134,,
Patient_547,Discharge,223794.77858518134,complete,,,,,,31272.721727188444
Patient_548,Arrival,192581.75045454336,complete,,0.0,,,,
Patient_548,Origem_do Pronto Socorro,192581.75045454336,complete,,,do Pronto Socorro,192581.75045454336,,
Patient_548,CTI (PS),192581.75045454336,start,ctiBeds,0.0,,,,
Patient_548,CTI (PS),207468.0990938975,complete,ctiBeds,0.0,,,,
Patient_548,CTI prepara Encaminhamento,207468.0990938975,start,,0.0,,,,
Patient_548,CTI prepara Encaminhamento,207526.13626249286,complete,,0.0,,,,
Patient_548,Encaminha_para a Clinica Medica,207526.13626249286,complete,,,para a Clinica Medica,207526.13626249286,,
Patient_548,Discharge,207526.13626249286,complete,,,,,,14944.385807949497
Patient_549,Arrival,192607.84630901457,complete,,0.0,,,,
Patient_549,Origem_do Centro Cirurgico,192607.84630901457,complete,,,do Centro Cirurgico,192607.84630901457,,
Patient_549,CTI (CC),192607.84630901457,start,ctiBeds,0.0,,,,
Patient_549,CTI (CC),345360.122644318,complete,ctiBeds,0.0,,,,
Patient_549,CTI prepara Encaminhamento,345360.122644318,start,,0.0,,,,
Patient_549,CTI prepara Encaminhamento,345409.9950563132,complete,,0.0,,,,
Patient_549,Encaminha_Obito,345409.9950563132,complete,,,Obito,345409.9950563132,,
Patient_549,Discharge,345409.9950563132,complete,,,,,,152802.1487472986
Patient_55,Arrival,14448.112957939898,complete,,0.0,,,,
Patient_55,Origem_do Pronto Socorro,14448.112957939898,complete,,,do Pronto Socorro,14448.112957939898,,
Patient_55,CTI (PS),14448.112957939898,start,ctiBeds,0.0,,,,
Patient_55,CTI (PS),31701.643635478973,complete,ctiBeds,0.0,,,,
Patient_55,CTI prepara Encaminhamento,31701.643635478973,start,,0.0,,,,
Patient_55,CTI prepara Encaminhamento,31757.312207476647,complete,,0.0,,,,
Patient_55,Encaminha_para a Clinica Medica,31757.312207476647,complete,,,para a Clinica Medica,31757.312207476647,,
Patient_55,Discharge,31757.312207476647,complete,,,,,,17309.19924953675
Patient_550,Arrival,192608.905949971,complete,,0.0,,,,
Patient_550,Origem_do Centro Cirurgico,192608.905949971,complete,,,do Centro Cirurgico,192608.905949971,,
Patient_550,CTI (CC),192608.905949971,start,ctiBeds,0.0,,,,
Patient_550,CTI (CC),194268.49749761942,complete,ctiBeds,0.0,,,,
Patient_550,CTI prepara Encaminhamento,194268.49749761942,start,,0.0,,,,
Patient_550,CTI prepara Encaminhamento,194318.87162640083,complete,,0.0,,,,
Patient_550,Encaminha_para a Clinica Medica,194318.87162640083,complete,,,para a Clinica Medica,194318.87162640083,,
Patient_550,Discharge,194318.87162640083,complete,,,,,,1709.965676429827
Patient_551,Arrival,192634.54384552516,complete,,0.0,,,,
Patient_551,Origem_do Pronto Socorro,192634.54384552516,complete,,,do Pronto Socorro,192634.54384552516,,
Patient_551,CTI (PS),192634.54384552516,start,ctiBeds,0.0,,,,
Patient_551,CTI (PS),208348.81867565782,complete,ctiBeds,0.0,,,,
Patient_551,CTI prepara Encaminhamento,208348.81867565782,start,,0.0,,,,
Patient_551,CTI prepara Encaminhamento,208393.54465656585,complete,,0.0,,,,
Patient_551,Encaminha_para a Clinica Medica,208393.54465656585,complete,,,para a Clinica Medica,208393.54465656585,,
Patient_551,Discharge,208393.54465656585,complete,,,,,,15759.000811040692
Patient_552,Arrival,193182.45212127382,complete,,0.0,,,,
Patient_552,Origem_do Centro Cirurgico,193182.45212127382,complete,,,do Centro Cirurgico,193182.45212127382,,
Patient_552,CTI (CC),193182.45212127382,start,ctiBeds,0.0,,,,
Patient_552,CTI (CC),195146.36669765992,complete,ctiBeds,0.0,,,,
Patient_552,CTI prepara Encaminhamento,195146.36669765992,start,,0.0,,,,
Patient_552,CTI prepara Encaminhamento,195191.63708673455,complete,,0.0,,,,
Patient_552,Encaminha_Obito,195191.63708673455,complete,,,Obito,195191.63708673455,,
Patient_552,Discharge,195191.63708673455,complete,,,,,,2009.1849654607358
Patient_553,Arrival,193813.89130988854,complete,,0.0,,,,
Patient_553,Origem_do Pronto Socorro,193813.89130988854,complete,,,do Pronto Socorro,193813.89130988854,,
Patient_553,CTI (PS),193813.89130988854,start,ctiBeds,0.0,,,,
Patient_553,CTI (PS),208954.04264657566,complete,ctiBeds,0.0,,,,
Patient_553,CTI prepara Encaminhamento,208954.04264657566,start,,0.0,,,,
Patient_553,CTI prepara Encaminhamento,209010.38492242325,complete,,0.0,,,,
Patient_553,Encaminha_para a Clinica Medica,209010.38492242325,complete,,,para a Clinica Medica,209010.38492242325,,
Patient_553,Discharge,209010.38492242325,complete,,,,,,15196.493612534716
Patient_554,Arrival,193994.61522551047,complete,,0.0,,,,
Patient_554,Origem_do Centro Cirurgico,193994.61522551047,complete,,,do Centro Cirurgico,193994.61522551047,,
Patient_554,CTI (CC),193994.61522551047,start,ctiBeds,0.0,,,,
Patient_554,CTI (CC),197963.5239140966,complete,ctiBeds,0.0,,,,
Patient_554,CTI prepara Encaminhamento,197963.5239140966,start,,0.0,,,,
Patient_554,CTI prepara Encaminhamento,198000.6843918912,complete,,0.0,,,,
Patient_554,Encaminha_Transferencia Externa,198000.6843918912,complete,,,Transferencia Externa,198000.6843918912,,
Patient_554,Discharge,198000.6843918912,complete,,,,,,4006.0691663807374
Patient_555,Arrival,194206.13700713526,complete,,0.0,,,,
Patient_555,Origem_do Pronto Socorro,194206.13700713526,complete,,,do Pronto Socorro,194206.13700713526,,
Patient_555,CTI (PS),194206.13700713526,start,ctiBeds,0.0,,,,
Patient_555,CTI (PS),203126.23102992392,complete,ctiBeds,0.0,,,,
Patient_555,CTI prepara Encaminhamento,203126.23102992392,start,,0.0,,,,
Patient_555,CTI prepara Encaminhamento,203172.47513845173,complete,,0.0,,,,
Patient_555,Encaminha_para a Clinica Cirurgica,203172.47513845173,complete,,,para a Clinica Cirurgica,203172.47513845173,,
Patient_555,Discharge,203172.47513845173,complete,,,,,,8966.338131316472
Patient_556,Arrival,194324.21394812828,complete,,0.0,,,,
Patient_556,Origem_do Pronto Socorro,194324.21394812828,complete,,,do Pronto Socorro,194324.21394812828,,
Patient_556,CTI (PS),194324.21394812828,start,ctiBeds,0.0,,,,
Patient_556,CTI (PS),199637.44819755858,complete,ctiBeds,0.0,,,,
Patient_556,CTI prepara Encaminhamento,199637.44819755858,start,,0.0,,,,
Patient_556,CTI prepara Encaminhamento,199680.9285637556,complete,,0.0,,,,
Patient_556,Encaminha_Obito,199680.9285637556,complete,,,Obito,199680.9285637556,,
Patient_556,Discharge,199680.9285637556,complete,,,,,,5356.714615627308
Patient_557,Arrival,195139.09523494303,complete,,0.0,,,,
Patient_557,Origem_do Centro Cirurgico,195139.09523494303,complete,,,do Centro Cirurgico,195139.09523494303,,
Patient_557,CTI (CC),195139.09523494303,start,ctiBeds,0.0,,,,
Patient_557,CTI (CC),202321.04978955362,complete,ctiBeds,0.0,,,,
Patient_557,CTI prepara Encaminhamento,202321.04978955362,start,,0.0,,,,
Patient_557,CTI prepara Encaminhamento,202355.84458941285,complete,,0.0,,,,
Patient_557,Encaminha_para a Clinica Cirurgica,202355.84458941285,complete,,,para a Clinica Cirurgica,202355.84458941285,,
Patient_557,Discharge,202355.84458941285,complete,,,,,,7216.749354469823
Patient_558,Arrival,195292.0663173377,complete,,0.0,,,,
Patient_558,Origem_do Centro Cirurgico,195292.0663173377,complete,,,do Centro Cirurgico,195292.0663173377,,
Patient_558,CTI (CC),195292.0663173377,start,ctiBeds,0.0,,,,
Patient_558,CTI (CC),217079.02039555146,complete,ctiBeds,0.0,,,,
Patient_558,CTI prepara Encaminhamento,217079.02039555146,start,,0.0,,,,
Patient_558,CTI prepara Encaminhamento,217129.2412391639,complete,,0.0,,,,
Patient_558,Encaminha_para a Clinica Cirurgica,217129.2412391639,complete,,,para a Clinica Cirurgica,217129.2412391639,,
Patient_558,Discharge,217129.2412391639,complete,,,,,,21837.174921826198
Patient_559,Arrival,195469.16383005807,complete,,0.0,,,,
Patient_559,Origem_da Clinica Cirurgica,195469.16383005807,complete,,,da Clinica Cirurgica,195469.16383005807,,
Patient_559,CTI (CLIC),195469.16383005807,start,ctiBeds,0.0,,,,
Patient_559,CTI (CLIC),207269.68842171042,complete,ctiBeds,0.0,,,,
Patient_559,CTI prepara Encaminhamento,207269.68842171042,start,,0.0,,,,
Patient_559,CTI prepara Encaminhamento,207301.86808918472,complete,,0.0,,,,
Patient_559,Encaminha_para a Clinica Medica,207301.86808918472,complete,,,para a Clinica Medica,207301.86808918472,,
Patient_559,Discharge,207301.86808918472,complete,,,,,,11832.70425912665
Patient_56,Arrival,14790.377255295922,complete,,0.0,,,,
Patient_56,Origem_do Centro Cirurgico,14790.377255295922,complete,,,do Centro Cirurgico,14790.377255295922,,
Patient_56,CTI (CC),14790.377255295922,start,ctiBeds,0.0,,,,
Patient_56,CTI (CC),28383.685923343575,complete,ctiBeds,0.0,,,,
Patient_56,CTI prepara Encaminhamento,28383.685923343575,start,,0.0,,,,
Patient_56,CTI prepara Encaminhamento,28415.47976037873,complete,,0.0,,,,
Patient_56,Encaminha_para a Clinica Cirurgica,28415.47976037873,complete,,,para a Clinica Cirurgica,28415.47976037873,,
Patient_56,Discharge,28415.47976037873,complete,,,,,,13625.102505082808
Patient_560,Arrival,195554.39652107915,complete,,0.0,,,,
Patient_560,Origem_do Pronto Socorro,195554.39652107915,complete,,,do Pronto Socorro,195554.39652107915,,
Patient_560,CTI (PS),195554.39652107915,start,ctiBeds,0.0,,,,
Patient_560,CTI (PS),202703.3757814186,complete,ctiBeds,0.0,,,,
Patient_560,CTI prepara Encaminhamento,202703.3757814186,start,,0.0,,,,
Patient_560,CTI prepara Encaminhamento,202739.0885502332,complete,,0.0,,,,
Patient_560,Encaminha_Obito,202739.0885502332,complete,,,Obito,202739.0885502332,,
Patient_560,Discharge,202739.0885502332,complete,,,,,,7184.692029154045
Patient_561,Arrival,197177.85645722548,complete,,0.0,,,,
Patient_561,Origem_do Pronto Socorro,197177.85645722548,complete,,,do Pronto Socorro,197177.85645722548,,
Patient_561,CTI (PS),197177.85645722548,start,ctiBeds,0.0,,,,
Patient_561,CTI (PS),208612.45051924314,complete,ctiBeds,0.0,,,,
Patient_561,CTI prepara Encaminhamento,208612.45051924314,start,,0.0,,,,
Patient_561,CTI prepara Encaminhamento,208667.60098828562,complete,,0.0,,,,
Patient_561,Encaminha_Obito,208667.60098828562,complete,,,Obito,208667.60098828562,,
Patient_561,Discharge,208667.60098828562,complete,,,,,,11489.744531060132
Patient_562,Arrival,197439.94339893656,complete,,0.0,,,,
Patient_562,Origem_da Maternidade,197439.94339893656,complete,,,da Maternidade,197439.94339893656,,
Patient_562,CTI (MAT),197439.94339893656,start,ctiBeds,0.0,,,,
Patient_562,CTI (MAT),201574.29830989212,complete,ctiBeds,0.0,,,,
Patient_562,CTI prepara Encaminhamento,201574.29830989212,start,,0.0,,,,
Patient_562,CTI prepara Encaminhamento,201612.2310154877,complete,,0.0,,,,
Patient_562,Encaminha_Obito,201612.2310154877,complete,,,Obito,201612.2310154877,,
Patient_562,Discharge,201612.2310154877,complete,,,,,,4172.287616551126
Patient_563,Arrival,197600.59290771687,complete,,0.0,,,,
Patient_563,Origem_do Centro Cirurgico,197600.59290771687,complete,,,do Centro Cirurgico,197600.59290771687,,
Patient_563,CTI (CC),197600.59290771687,start,ctiBeds,0.0,,,,
Patient_563,CTI (CC),290324.38395546965,complete,ctiBeds,0.0,,,,
Patient_563,CTI prepara Encaminhamento,290324.38395546965,start,,0.0,,,,
Patient_563,CTI prepara Encaminhamento,290374.63713892654,complete,,0.0,,,,
Patient_563,Encaminha_para a Clinica Medica,290374.63713892654,complete,,,para a Clinica Medica,290374.63713892654,,
Patient_563,Discharge,290374.63713892654,complete,,,,,,92774.04423120967
Patient_564,Arrival,197962.83696048008,complete,,0.0,,,,
Patient_564,Origem_da Clinica Cirurgica,197962.83696048008,complete,,,da Clinica Cirurgica,197962.83696048008,,
Patient_564,CTI (CLIC),197962.83696048008,start,ctiBeds,0.0,,,,
Patient_564,CTI (CLIC),206847.6421626927,complete,ctiBeds,0.0,,,,
Patient_564,CTI prepara Encaminhamento,206847.6421626927,start,,0.0,,,,
Patient_564,CTI prepara Encaminhamento,206881.57690971656,complete,,0.0,,,,
Patient_564,Encaminha_Obito,206881.57690971656,complete,,,Obito,206881.57690971656,,
Patient_564,Discharge,206881.57690971656,complete,,,,,,8918.739949236478
Patient_565,Arrival,198279.92830389447,complete,,0.0,,,,
Patient_565,Origem_do Pronto Socorro,198279.92830389447,complete,,,do Pronto Socorro,198279.92830389447,,
Patient_565,CTI (PS),198279.92830389447,start,ctiBeds,0.0,,,,
Patient_565,CTI (PS),201834.0511884659,complete,ctiBeds,0.0,,,,
Patient_565,CTI prepara Encaminhamento,201834.0511884659,start,,0.0,,,,
Patient_565,CTI prepara Encaminhamento,201881.9303337983,complete,,0.0,,,,
Patient_565,Encaminha_para a Clinica Cirurgica,201881.9303337983,complete,,,para a Clinica Cirurgica,201881.9303337983,,
Patient_565,Discharge,201881.9303337983,complete,,,,,,3602.002029903815
Patient_566,Arrival,198906.54793941902,complete,,0.0,,,,
Patient_566,Origem_do Pronto Socorro,198906.54793941902,complete,,,do Pronto Socorro,198906.54793941902,,
Patient_566,CTI (PS),198906.54793941902,start,ctiBeds,0.0,,,,
Patient_566,CTI (PS),206421.70028176246,complete,ctiBeds,0.0,,,,
Patient_566,CTI prepara Encaminhamento,206421.70028176246,start,,0.0,,,,
Patient_566,CTI prepara Encaminhamento,206455.41069314146,complete,,0.0,,,,
Patient_566,Encaminha_Obito,206455.41069314146,complete,,,Obito,206455.41069314146,,
Patient_566,Discharge,206455.41069314146,complete,,,,,,7548.862753722438
Patient_567,Arrival,199333.08550270394,complete,,0.0,,,,
Patient_567,Origem_do Centro Cirurgico,199333.08550270394,complete,,,do Centro Cirurgico,199333.08550270394,,
Patient_567,CTI (CC),199333.08550270394,start,ctiBeds,0.0,,,,
Patient_567,CTI (CC),235173.9551289984,complete,ctiBeds,0.0,,,,
Patient_567,CTI prepara Encaminhamento,235173.9551289984,start,,0.0,,,,
Patient_567,CTI prepara Encaminhamento,235211.11209415458,complete,,0.0,,,,
Patient_567,Encaminha_para a Clinica Cirurgica,235211.11209415458,complete,,,para a Clinica Cirurgica,235211.11209415458,,
Patient_567,Discharge,235211.11209415458,complete,,,,,,35878.026591450645
Patient_568,Arrival,199515.09772262097,complete,,0.0,,,,
Patient_568,Origem_do Centro Cirurgico,199515.09772262097,complete,,,do Centro Cirurgico,199515.09772262097,,
Patient_568,CTI (CC),199515.09772262097,start,ctiBeds,0.0,,,,
Patient_568,CTI (CC),204861.67563045645,complete,ctiBeds,0.0,,,,
Patient_568,CTI prepara Encaminhamento,204861.67563045645,start,,0.0,,,,
Patient_568,CTI prepara Encaminhamento,204900.40604351147,complete,,0.0,,,,
Patient_568,Encaminha_para a Clinica Medica,204900.40604351147,complete,,,para a Clinica Medica,204900.40604351147,,
Patient_568,Discharge,204900.40604351147,complete,,,,,,5385.308320890501
Patient_569,Arrival,199590.69029597304,complete,,0.0,,,,
Patient_569,Origem_do Pronto Socorro,199590.69029597304,complete,,,do Pronto Socorro,199590.69029597304,,
Patient_569,CTI (PS),199590.69029597304,start,ctiBeds,0.0,,,,
Patient_569,CTI (PS),211641.62067671132,complete,ctiBeds,0.0,,,,
Patient_569,CTI prepara Encaminhamento,211641.62067671132,start,,0.0,,,,
Patient_569,CTI prepara Encaminhamento,211679.06004658728,complete,,0.0,,,,
Patient_569,Encaminha_para a Clinica Cirurgica,211679.06004658728,complete,,,para a Clinica Cirurgica,211679.06004658728,,
Patient_569,Discharge,211679.06004658728,complete,,,,,,12088.369750614249
Patient_57,Arrival,14879.38352565466,complete,,0.0,,,,
Patient_57,Origem_do Pronto Socorro,14879.38352565466,complete,,,do Pronto Socorro,14879.38352565466,,
Patient_57,CTI (PS),14879.38352565466,start,ctiBeds,0.0,,,,
Patient_57,CTI (PS),23249.327459381686,complete,ctiBeds,0.0,,,,
Patient_57,CTI prepara Encaminhamento,23249.327459381686,start,,0.0,,,,
Patient_57,CTI prepara Encaminhamento,23285.71914198208,complete,,0.0,,,,
Patient_57,Encaminha_para a Clinica Cirurgica,23285.71914198208,complete,,,para a Clinica Cirurgica,23285.71914198208,,
Patient_57,Discharge,23285.71914198208,complete,,,,,,8406.33561632742
Patient_570,Arrival,199823.7434976161,complete,,0.0,,,,
Patient_570,Origem_da Clinica Cirurgica,199823.7434976161,complete,,,da Clinica Cirurgica,199823.7434976161,,
Patient_570,CTI (CLIC),199823.7434976161,start,ctiBeds,0.0,,,,
Patient_570,CTI (CLIC),200733.86766437837,complete,ctiBeds,0.0,,,,
Patient_570,CTI prepara Encaminhamento,200733.86766437837,start,,0.0,,,,
Patient_570,CTI prepara Encaminhamento,200791.89637105065,complete,,0.0,,,,
Patient_570,Encaminha_para a Clinica Cirurgica,200791.89637105065,complete,,,para a Clinica Cirurgica,200791.89637105065,,
Patient_570,Discharge,200791.89637105065,complete,,,,,,968.1528734345629
Patient_571,Arrival,200709.35242125284,complete,,0.0,,,,
Patient_571,Origem_do Pronto Socorro,200709.35242125284,complete,,,do Pronto Socorro,200709.35242125284,,
Patient_571,CTI (PS),200709.35242125284,start,ctiBeds,0.0,,,,
Patient_571,CTI (PS),222803.82704178168,complete,ctiBeds,0.0,,,,
Patient_571,CTI prepara Encaminhamento,222803.82704178168,start,,0.0,,,,
Patient_571,CTI prepara Encaminhamento,222843.32978296955,complete,,0.0,,,,
Patient_571,Encaminha_para a Clinica Cirurgica,222843.32978296955,complete,,,para a Clinica Cirurgica,222843.32978296955,,
Patient_571,Discharge,222843.32978296955,complete,,,,,,22133.97736171671
Patient_572,Arrival,200962.61395616442,complete,,0.0,,,,
Patient_572,Origem_do Centro Cirurgico,200962.61395616442,complete,,,do Centro Cirurgico,200962.61395616442,,
Patient_572,CTI (CC),200962.61395616442,start,ctiBeds,0.0,,,,
Patient_572,CTI (CC),203530.56143175098,complete,ctiBeds,0.0,,,,
Patient_572,CTI prepara Encaminhamento,203530.56143175098,start,,0.0,,,,
Patient_572,CTI prepara Encaminhamento,203569.05632583876,complete,,0.0,,,,
Patient_572,Encaminha_para a Clinica Medica,203569.05632583876,complete,,,para a Clinica Medica,203569.05632583876,,
Patient_572,Discharge,203569.05632583876,complete,,,,,,2606.4423696743324
Patient_573,Arrival,200976.3346120387,complete,,0.0,,,,
Patient_573,Origem_do Centro Cirurgico,200976.3346120387,complete,,,do Centro Cirurgico,200976.3346120387,,
Patient_573,CTI (CC),200976.3346120387,start,ctiBeds,0.0,,,,
Patient_573,CTI (CC),203651.78979690754,complete,ctiBeds,0.0,,,,
Patient_573,CTI prepara Encaminhamento,203651.78979690754,start,,0.0,,,,
Patient_573,CTI prepara Encaminhamento,203699.07153904502,complete,,0.0,,,,
Patient_573,Encaminha_para a Clinica Medica,203699.07153904502,complete,,,para a Clinica Medica,203699.07153904502,,
Patient_573,Discharge,203699.07153904502,complete,,,,,,2722.7369270063064
Patient_574,Arrival,201030.91456971195,complete,,0.0,,,,
Patient_574,Origem_do Pronto Socorro,201030.91456971195,complete,,,do Pronto Socorro,201030.91456971195,,
Patient_574,CTI (PS),201030.91456971195,start,ctiBeds,0.0,,,,
Patient_574,CTI (PS),223226.63956849,complete,ctiBeds,0.0,,,,
Patient_574,CTI prepara Encaminhamento,223226.63956849,start,,0.0,,,,
Patient_574,CTI prepara Encaminhamento,223276.02990610056,complete,,0.0,,,,
Patient_574,Encaminha_Obito,223276.02990610056,complete,,,Obito,223276.02990610056,,
Patient_574,Discharge,223276.02990610056,complete,,,,,,22245.11533638861
Patient_575,Arrival,201249.97943776022,complete,,0.0,,,,
Patient_575,Origem_da Clinica Cirurgica,201249.97943776022,complete,,,da Clinica Cirurgica,201249.97943776022,,
Patient_575,CTI (CLIC),201249.97943776022,start,ctiBeds,0.0,,,,
Patient_575,CTI (CLIC),202911.76509999938,complete,ctiBeds,0.0,,,,
Patient_575,CTI prepara Encaminhamento,202911.76509999938,start,,0.0,,,,
Patient_575,CTI prepara Encaminhamento,202968.26658404057,complete,,0.0,,,,
Patient_575,Encaminha_para a Clinica Medica,202968.26658404057,complete,,,para a Clinica Medica,202968.26658404057,,
Patient_575,Discharge,202968.26658404057,complete,,,,,,1718.287146280345
Patient_576,Arrival,201722.8763066675,complete,,0.0,,,,
Patient_576,Origem_do Pronto Socorro,201722.8763066675,complete,,,do Pronto Socorro,201722.8763066675,,
Patient_576,CTI (PS),201722.8763066675,start,ctiBeds,0.0,,,,
Patient_576,CTI (PS),204109.62097667006,complete,ctiBeds,0.0,,,,
Patient_576,CTI prepara Encaminhamento,204109.62097667006,start,,0.0,,,,
Patient_576,CTI prepara Encaminhamento,204153.0074417064,complete,,0.0,,,,
Patient_576,Encaminha_para a Clinica Medica,204153.0074417064,complete,,,para a Clinica Medica,204153.0074417064,,
Patient_576,Discharge,204153.0074417064,complete,,,,,,2430.131135038915
Patient_577,Arrival,202458.34539704153,complete,,0.0,,,,
Patient_577,Origem_do Centro Cirurgico,202458.34539704153,complete,,,do Centro Cirurgico,202458.34539704153,,
Patient_577,CTI (CC),202458.34539704153,start,ctiBeds,0.0,,,,
Patient_577,CTI (CC),205759.85595333244,complete,ctiBeds,0.0,,,,
Patient_577,CTI prepara Encaminhamento,205759.85595333244,start,,0.0,,,,
Patient_577,CTI prepara Encaminhamento,205815.694804373,complete,,0.0,,,,
Patient_577,Encaminha_para a Clinica Medica,205815.694804373,complete,,,para a Clinica Medica,205815.694804373,,
Patient_577,Discharge,205815.694804373,complete,,,,,,3357.349407331465
Patient_578,Arrival,202476.31048092426,complete,,0.0,,,,
Patient_578,Origem_do Pronto Socorro,202476.31048092426,complete,,,do Pronto Socorro,202476.31048092426,,
Patient_578,CTI (PS),202476.31048092426,start,ctiBeds,0.0,,,,
Patient_578,CTI (PS),203015.63565812111,complete,ctiBeds,0.0,,,,
Patient_578,CTI prepara Encaminhamento,203015.63565812111,start,,0.0,,,,
Patient_578,CTI prepara Encaminhamento,203070.3866684878,complete,,0.0,,,,
Patient_578,Encaminha_para a Clinica Cirurgica,203070.3866684878,complete,,,para a Clinica Cirurgica,203070.3866684878,,
Patient_578,Discharge,203070.3866684878,complete,,,,,,594.0761875635362
Patient_579,Arrival,202693.78140611268,complete,,0.0,,,,
Patient_579,Origem_do Centro Cirurgico,202693.78140611268,complete,,,do Centro Cirurgico,202693.78140611268,,
Patient_579,CTI (CC),202693.78140611268,start,ctiBeds,0.0,,,,
Patient_579,CTI (CC),231976.38047899,complete,ctiBeds,0.0,,,,
Patient_579,CTI prepara Encaminhamento,231976.38047899,start,,0.0,,,,
Patient_579,CTI prepara Encaminhamento,232017.1388624396,complete,,0.0,,,,
Patient_579,Encaminha_para a Clinica Medica,232017.1388624396,complete,,,para a Clinica Medica,232017.1388624396,,
Patient_579,Discharge,232017.1388624396,complete,,,,,,29323.35745632692
Patient_58,Arrival,15491.782890356677,complete,,0.0,,,,
Patient_58,Origem_da Clinica Cirurgica,15491.782890356677,complete,,,da Clinica Cirurgica,15491.782890356677,,
Patient_58,CTI (CLIC),15491.782890356677,start,ctiBeds,0.0,,,,
Patient_58,CTI (CLIC),22707.108830489244,complete,ctiBeds,0.0,,,,
Patient_58,CTI prepara Encaminhamento,22707.108830489244,start,,0.0,,,,
Patient_58,CTI prepara Encaminhamento,22761.411392410533,complete,,0.0,,,,
Patient_58,Encaminha_para a Clinica Medica,22761.411392410533,complete,,,para a Clinica Medica,22761.411392410533,,
Patient_58,Discharge,22761.411392410533,complete,,,,,,7269.628502053856
Patient_580,Arrival,202741.7741267817,complete,,0.0,,,,
Patient_580,Origem_do Pronto Socorro,202741.7741267817,complete,,,do Pronto Socorro,202741.7741267817,,
Patient_580,CTI (PS),202741.7741267817,start,ctiBeds,0.0,,,,
Patient_580,CTI (PS),213055.0199561976,complete,ctiBeds,0.0,,,,
Patient_580,CTI prepara Encaminhamento,213055.0199561976,start,,0.0,,,,
Patient_580,CTI prepara Encaminhamento,213098.10334019616,complete,,0.0,,,,
Patient_580,Encaminha_Transferencia Externa,213098.10334019616,complete,,,Transferencia Externa,213098.10334019616,,
Patient_580,Discharge,213098.10334019616,complete,,,,,,10356.329213414458
Patient_581,Arrival,202757.1964642166,complete,,0.0,,,,
Patient_581,Origem_do Pronto Socorro,202757.1964642166,complete,,,do Pronto Socorro,202757.1964642166,,
Patient_581,CTI (PS),202757.1964642166,start,ctiBeds,0.0,,,,
Patient_581,CTI (PS),212936.55418460548,complete,ctiBeds,0.0,,,,
Patient_581,CTI prepara Encaminhamento,212936.55418460548,start,,0.0,,,,
Patient_581,CTI prepara Encaminhamento,212974.0085930169,complete,,0.0,,,,
Patient_581,Encaminha_para a Clinica Medica,212974.0085930169,complete,,,para a Clinica Medica,212974.0085930169,,
Patient_581,Discharge,212974.0085930169,complete,,,,,,10216.812128800288
Patient_582,Arrival,203636.3455351482,complete,,0.0,,,,
Patient_582,Origem_da Clinica Medica,203636.3455351482,complete,,,da Clinica Medica,203636.3455351482,,
Patient_582,CTI (CLIM),203636.3455351482,start,ctiBeds,0.0,,,,
Patient_582,CTI (CLIM),204913.03473153166,complete,ctiBeds,0.0,,,,
Patient_582,CTI prepara Encaminhamento,204913.03473153166,start,,0.0,,,,
Patient_582,CTI prepara Encaminhamento,204962.26059598385,complete,,0.0,,,,
Patient_582,Encaminha_para a Clinica Medica,204962.26059598385,complete,,,para a Clinica Medica,204962.26059598385,,
Patient_582,Discharge,204962.26059598385,complete,,,,,,1325.9150608356576
Patient_583,Arrival,203637.24567360253,complete,,0.0,,,,
Patient_583,Origem_do Centro Cirurgico,203637.24567360253,complete,,,do Centro Cirurgico,203637.24567360253,,
Patient_583,CTI (CC),203637.24567360253,start,ctiBeds,0.0,,,,
Patient_583,CTI (CC),207689.69738586587,complete,ctiBeds,0.0,,,,
Patient_583,CTI prepara Encaminhamento,207689.69738586587,start,,0.0,,,,
Patient_583,CTI prepara Encaminhamento,207732.2695147677,complete,,0.0,,,,
Patient_583,Encaminha_Obito,207732.2695147677,complete,,,Obito,207732.2695147677,,
Patient_583,Discharge,207732.2695147677,complete,,,,,,4095.0238411651517
Patient_584,Arrival,203732.74957518146,complete,,0.0,,,,
Patient_584,Origem_do Pronto Socorro,203732.74957518146,complete,,,do Pronto Socorro,203732.74957518146,,
Patient_584,CTI (PS),203732.74957518146,start,ctiBeds,0.0,,,,
Patient_584,CTI (PS),207010.130603476,complete,ctiBeds,0.0,,,,
Patient_584,CTI prepara Encaminhamento,207010.130603476,start,,0.0,,,,
Patient_584,CTI prepara Encaminhamento,207054.81030106937,complete,,0.0,,,,
Patient_584,Encaminha_para a Clinica Cirurgica,207054.81030106937,complete,,,para a Clinica Cirurgica,207054.81030106937,,
Patient_584,Discharge,207054.81030106937,complete,,,,,,3322.060725887917
Patient_585,Arrival,203999.4030551091,complete,,0.0,,,,
Patient_585,Origem_da Clinica Medica,203999.4030551091,complete,,,da Clinica Medica,203999.4030551091,,
Patient_585,CTI (CLIM),203999.4030551091,start,ctiBeds,0.0,,,,
Patient_585,CTI (CLIM),208401.3595526862,complete,ctiBeds,0.0,,,,
Patient_585,CTI prepara Encaminhamento,208401.3595526862,start,,0.0,,,,
Patient_585,CTI prepara Encaminhamento,208461.23150946366,complete,,0.0,,,,
Patient_585,Encaminha_Obito,208461.23150946366,complete,,,Obito,208461.23150946366,,
Patient_585,Discharge,208461.23150946366,complete,,,,,,4461.828454354545
Patient_586,Arrival,204647.60359005973,complete,,0.0,,,,
Patient_586,Origem_do Pronto Socorro,204647.60359005973,complete,,,do Pronto Socorro,204647.60359005973,,
Patient_586,CTI (PS),204647.60359005973,start,ctiBeds,0.0,,,,
Patient_586,CTI (PS),210657.73135238705,complete,ctiBeds,0.0,,,,
Patient_586,CTI prepara Encaminhamento,210657.73135238705,start,,0.0,,,,
Patient_586,CTI prepara Encaminhamento,210694.99342176577,complete,,0.0,,,,
Patient_586,Encaminha_para a Clinica Cirurgica,210694.99342176577,complete,,,para a Clinica Cirurgica,210694.99342176577,,
Patient_586,Discharge,210694.99342176577,complete,,,,,,6047.3898317060375
Patient_587,Arrival,204926.26793033403,complete,,0.0,,,,
Patient_587,Origem_da Clinica Medica,204926.26793033403,complete,,,da Clinica Medica,204926.26793033403,,
Patient_587,CTI (CLIM),204926.26793033403,start,ctiBeds,0.0,,,,
Patient_587,CTI (CLIM),247959.05452183972,complete,ctiBeds,0.0,,,,
Patient_587,CTI prepara Encaminhamento,247959.05452183972,start,,0.0,,,,
Patient_587,CTI prepara Encaminhamento,248014.17188512484,complete,,0.0,,,,
Patient_587,Encaminha_para a Clinica Medica,248014.17188512484,complete,,,para a Clinica Medica,248014.17188512484,,
Patient_587,Discharge,248014.17188512484,complete,,,,,,43087.90395479082
Patient_588,Arrival,205069.84190231486,complete,,0.0,,,,
Patient_588,Origem_do Centro Cirurgico,205069.84190231486,complete,,,do Centro Cirurgico,205069.84190231486,,
Patient_588,CTI (CC),205069.84190231486,start,ctiBeds,0.0,,,,
Patient_588,CTI (CC),207128.77134153488,complete,ctiBeds,0.0,,,,
Patient_588,CTI prepara Encaminhamento,207128.77134153488,start,,0.0,,,,
Patient_588,CTI prepara Encaminhamento,207178.00191560498,complete,,0.0,,,,
Patient_588,Encaminha_Obito,207178.00191560498,complete,,,Obito,207178.00191560498,,
Patient_588,Discharge,207178.00191560498,complete,,,,,,2108.160013290122
Patient_589,Arrival,205579.359828902,complete,,0.0,,,,
Patient_589,Origem_do Pronto Socorro,205579.359828902,complete,,,do Pronto Socorro,205579.359828902,,
Patient_589,CTI (PS),205579.359828902,start,ctiBeds,0.0,,,,
Patient_589,CTI (PS),207277.10601929395,complete,ctiBeds,0.0,,,,
Patient_589,CTI prepara Encaminhamento,207277.10601929395,start,,0.0,,,,
Patient_589,CTI prepara Encaminhamento,207311.7438731394,complete,,0.0,,,,
Patient_589,Encaminha_para a Clinica Medica,207311.7438731394,complete,,,para a Clinica Medica,207311.7438731394,,
Patient_589,Discharge,207311.7438731394,complete,,,,,,1732.3840442374058
Patient_59,Arrival,16018.9420426786,complete,,0.0,,,,
Patient_59,Origem_do Pronto Socorro,16018.9420426786,complete,,,do Pronto Socorro,16018.9420426786,,
Patient_59,CTI (PS),16018.9420426786,start,ctiBeds,0.0,,,,
Patient_59,CTI (PS),24534.215785986642,complete,ctiBeds,0.0,,,,
Patient_59,CTI prepara Encaminhamento,24534.215785986642,start,,0.0,,,,
Patient_59,CTI prepara Encaminhamento,24589.48560779742,complete,,0.0,,,,
Patient_59,Encaminha_Obito,24589.48560779742,complete,,,Obito,24589.48560779742,,
Patient_59,Discharge,24589.48560779742,complete,,,,,,8570.543565118818
Patient_590,Arrival,205755.70948015345,complete,,0.0,,,,
Patient_590,Origem_do Pronto Socorro,205755.70948015345,complete,,,do Pronto Socorro,205755.70948015345,,
Patient_590,CTI (PS),205755.70948015345,start,ctiBeds,0.0,,,,
Patient_590,CTI (PS),212742.4665568017,complete,ctiBeds,0.0,,,,
Patient_590,CTI prepara Encaminhamento,212742.4665568017,start,,0.0,,,,
Patient_590,CTI prepara Encaminhamento,212785.6317740171,complete,,0.0,,,,
Patient_590,Encaminha_Transferencia Externa,212785.6317740171,complete,,,Transferencia Externa,212785.6317740171,,
Patient_590,Discharge,212785.6317740171,complete,,,,,,7029.922293863638
Patient_591,Arrival,205814.36632138945,complete,,0.0,,,,
Patient_591,Origem_do Centro Cirurgico,205814.36632138945,complete,,,do Centro Cirurgico,205814.36632138945,,
Patient_591,CTI (CC),205814.36632138945,start,ctiBeds,0.0,,,,
Patient_591,CTI (CC),211853.4866975015,complete,ctiBeds,0.0,,,,
Patient_591,CTI prepara Encaminhamento,211853.4866975015,start,,0.0,,,,
Patient_591,CTI prepara Encaminhamento,211888.01447357435,complete,,0.0,,,,
Patient_591,Encaminha_para a Clinica Cirurgica,211888.01447357435,complete,,,para a Clinica Cirurgica,211888.01447357435,,
Patient_591,Discharge,211888.01447357435,complete,,,,,,6073.6481521849055
Patient_592,Arrival,206177.06157438667,complete,,0.0,,,,
Patient_592,Origem_do Centro Cirurgico,206177.06157438667,complete,,,do Centro Cirurgico,206177.06157438667,,
Patient_592,CTI (CC),206177.06157438667,start,ctiBeds,0.0,,,,
Patient_592,CTI (CC),223807.43986798328,complete,ctiBeds,0.0,,,,
Patient_592,CTI prepara Encaminhamento,223807.43986798328,start,,0.0,,,,
Patient_592,CTI prepara Encaminhamento,223853.5978305926,complete,,0.0,,,,
Patient_592,Encaminha_para a Clinica Cirurgica,223853.5978305926,complete,,,para a Clinica Cirurgica,223853.5978305926,,
Patient_592,Discharge,223853.5978305926,complete,,,,,,17676.53625620593
Patient_593,Arrival,206511.8856935522,complete,,0.0,,,,
Patient_593,Origem_do Centro Cirurgico,206511.8856935522,complete,,,do Centro Cirurgico,206511.8856935522,,
Patient_593,CTI (CC),206511.8856935522,start,ctiBeds,0.0,,,,
Patient_593,CTI (CC),208321.71067260267,complete,ctiBeds,0.0,,,,
Patient_593,CTI prepara Encaminhamento,208321.71067260267,start,,0.0,,,,
Patient_593,CTI prepara Encaminhamento,208375.04474276496,complete,,0.0,,,,
Patient_593,Encaminha_para a Clinica Cirurgica,208375.04474276496,complete,,,para a Clinica Cirurgica,208375.04474276496,,
Patient_593,Discharge,208375.04474276496,complete,,,,,,1863.159049212758
Patient_594,Arrival,206616.37590131385,complete,,0.0,,,,
Patient_594,Origem_do Centro Cirurgico,206616.37590131385,complete,,,do Centro Cirurgico,206616.37590131385,,
Patient_594,CTI (CC),206616.37590131385,start,ctiBeds,0.0,,,,
Patient_594,CTI (CC),212730.90859021086,complete,ctiBeds,0.0,,,,
Patient_594,CTI prepara Encaminhamento,212730.90859021086,start,,0.0,,,,
Patient_594,CTI prepara Encaminhamento,212772.65161450428,complete,,0.0,,,,
Patient_594,Encaminha_para a Clinica Medica,212772.65161450428,complete,,,para a Clinica Medica,212772.65161450428,,
Patient_594,Discharge,212772.65161450428,complete,,,,,,6156.275713190436
Patient_595,Arrival,206713.88256492055,complete,,0.0,,,,
Patient_595,Origem_do Centro Cirurgico,206713.88256492055,complete,,,do Centro Cirurgico,206713.88256492055,,
Patient_595,CTI (CC),206713.88256492055,start,ctiBeds,0.0,,,,
Patient_595,CTI (CC),207782.55970779975,complete,ctiBeds,0.0,,,,
Patient_595,CTI prepara Encaminhamento,207782.55970779975,start,,0.0,,,,
Patient_595,CTI prepara Encaminhamento,207814.1463624917,complete,,0.0,,,,
Patient_595,Encaminha_para a Clinica Medica,207814.1463624917,complete,,,para a Clinica Medica,207814.1463624917,,
Patient_595,Discharge,207814.1463624917,complete,,,,,,1100.263797571155
Patient_596,Arrival,206726.97047779523,complete,,0.0,,,,
Patient_596,Origem_do Pronto Socorro,206726.97047779523,complete,,,do Pronto Socorro,206726.97047779523,,
Patient_596,CTI (PS),206726.97047779523,start,ctiBeds,0.0,,,,
Patient_596,CTI (PS),298008.7691944229,complete,ctiBeds,0.0,,,,
Patient_596,CTI prepara Encaminhamento,298008.7691944229,start,,0.0,,,,
Patient_596,CTI prepara Encaminhamento,298049.9157759317,complete,,0.0,,,,
Patient_596,Encaminha_para a Clinica Medica,298049.9157759317,complete,,,para a Clinica Medica,298049.9157759317,,
Patient_596,Discharge,298049.9157759317,complete,,,,,,91322.94529813644
Patient_597,Arrival,206803.83813317883,complete,,0.0,,,,
Patient_597,Origem_do Pronto Socorro,206803.83813317883,complete,,,do Pronto Socorro,206803.83813317883,,
Patient_597,CTI (PS),206803.83813317883,start,ctiBeds,0.0,,,,
Patient_597,CTI (PS),210190.75425096703,complete,ctiBeds,0.0,,,,
Patient_597,CTI prepara Encaminhamento,210190.75425096703,start,,0.0,,,,
Patient_597,CTI prepara Encaminhamento,210224.22807178993,complete,,0.0,,,,
Patient_597,Encaminha_Obito,210224.22807178993,complete,,,Obito,210224.22807178993,,
Patient_597,Discharge,210224.22807178993,complete,,,,,,3420.3899386111007
Patient_598,Arrival,207438.01114123242,complete,,0.0,,,,
Patient_598,Origem_do Centro Cirurgico,207438.01114123242,complete,,,do Centro Cirurgico,207438.01114123242,,
Patient_598,CTI (CC),207438.01114123242,start,ctiBeds,0.0,,,,
Patient_598,CTI (CC),210083.61312995572,complete,ctiBeds,0.0,,,,
Patient_598,CTI prepara Encaminhamento,210083.61312995572,start,,0.0,,,,
Patient_598,CTI prepara Encaminhamento,210141.8759656495,complete,,0.0,,,,
Patient_598,Encaminha_para a Clinica Medica,210141.8759656495,complete,,,para a Clinica Medica,210141.8759656495,,
Patient_598,Discharge,210141.8759656495,complete,,,,,,2703.8648244170763
Patient_599,Arrival,207483.4598333658,complete,,0.0,,,,
Patient_599,Origem_do Centro Cirurgico,207483.4598333658,complete,,,do Centro Cirurgico,207483.4598333658,,
Patient_599,CTI (CC),207483.4598333658,start,ctiBeds,0.0,,,,
Patient_599,CTI (CC),209584.94531183477,complete,ctiBeds,0.0,,,,
Patient_599,CTI prepara Encaminhamento,209584.94531183477,start,,0.0,,,,
Patient_599,CTI prepara Encaminhamento,209624.08898186253,complete,,0.0,,,,
Patient_599,Encaminha_para a Clinica Cirurgica,209624.08898186253,complete,,,para a Clinica Cirurgica,209624.08898186253,,
Patient_599,Discharge,209624.08898186253,complete,,,,,,2140.6291484967223
Patient_6,Arrival,1337.6876122509432,complete,,0.0,,,,
Patient_6,Origem_do Pronto Socorro,1337.6876122509432,complete,,,do Pronto Socorro,1337.6876122509432,,
Patient_6,CTI (PS),1337.6876122509432,start,ctiBeds,0.0,,,,
Patient_6,CTI (PS),5009.965355276783,complete,ctiBeds,0.0,,,,
Patient_6,CTI prepara Encaminhamento,5009.965355276783,start,,0.0,,,,
Patient_6,CTI prepara Encaminhamento,5044.937797833627,complete,,0.0,,,,
Patient_6,Encaminha_para a Clinica Cirurgica,5044.937797833627,complete,,,para a Clinica Cirurgica,5044.937797833627,,
Patient_6,Discharge,5044.937797833627,complete,,,,,,3707.250185582684
Patient_60,Arrival,16257.064376095488,complete,,0.0,,,,
Patient_60,Origem_do Pronto Socorro,16257.064376095488,complete,,,do Pronto Socorro,16257.064376095488,,
Patient_60,CTI (PS),16257.064376095488,start,ctiBeds,0.0,,,,
Patient_60,CTI (PS),20388.67564290048,complete,ctiBeds,0.0,,,,
Patient_60,CTI prepara Encaminhamento,20388.67564290048,start,,0.0,,,,
Patient_60,CTI prepara Encaminhamento,20442.027797698567,complete,,0.0,,,,
Patient_60,Encaminha_para a Clinica Medica,20442.027797698567,complete,,,para a Clinica Medica,20442.027797698567,,
Patient_60,Discharge,20442.027797698567,complete,,,,,,4184.963421603079
Patient_600,Arrival,208623.55415612893,complete,,0.0,,,,
Patient_600,Origem_do Pronto Socorro,208623.55415612893,complete,,,do Pronto Socorro,208623.55415612893,,
Patient_600,CTI (PS),208623.55415612893,start,ctiBeds,0.0,,,,
Patient_600,CTI (PS),211036.94233135387,complete,ctiBeds,0.0,,,,
Patient_600,CTI prepara Encaminhamento,211036.94233135387,start,,0.0,,,,
Patient_600,CTI prepara Encaminhamento,211071.3753549477,complete,,0.0,,,,
Patient_600,Encaminha_Obito,211071.3753549477,complete,,,Obito,211071.3753549477,,
Patient_600,Discharge,211071.3753549477,complete,,,,,,2447.8211988187686
Patient_601,Arrival,209295.18890896035,complete,,0.0,,,,
Patient_601,Origem_do Pronto Socorro,209295.18890896035,complete,,,do Pronto Socorro,209295.18890896035,,
Patient_601,CTI (PS),209295.18890896035,start,ctiBeds,0.0,,,,
Patient_601,CTI (PS),232943.87456654388,complete,ctiBeds,0.0,,,,
Patient_601,CTI prepara Encaminhamento,232943.87456654388,start,,0.0,,,,
Patient_601,CTI prepara Encaminhamento,232985.91362902775,complete,,0.0,,,,
Patient_601,Encaminha_para a Clinica Medica,232985.91362902775,complete,,,para a Clinica Medica,232985.91362902775,,
Patient_601,Discharge,232985.91362902775,complete,,,,,,23690.724720067403
Patient_602,Arrival,209328.24857290406,complete,,0.0,,,,
Patient_602,Origem_do Pronto Socorro,209328.24857290406,complete,,,do Pronto Socorro,209328.24857290406,,
Patient_602,CTI (PS),209328.24857290406,start,ctiBeds,0.0,,,,
Patient_602,CTI (PS),235870.88427442138,complete,ctiBeds,0.0,,,,
Patient_602,CTI prepara Encaminhamento,235870.88427442138,start,,0.0,,,,
Patient_602,CTI prepara Encaminhamento,235907.6318506377,complete,,0.0,,,,
Patient_602,Encaminha_Obito,235907.6318506377,complete,,,Obito,235907.6318506377,,
Patient_602,Discharge,235907.6318506377,complete,,,,,,26579.383277733636
Patient_603,Arrival,209807.69607577447,complete,,0.0,,,,
Patient_603,Origem_do Pronto Socorro,209807.69607577447,complete,,,do Pronto Socorro,209807.69607577447,,
Patient_603,CTI (PS),209807.69607577447,start,ctiBeds,0.0,,,,
Patient_603,CTI (PS),227034.06905234777,complete,ctiBeds,0.0,,,,
Patient_603,CTI prepara Encaminhamento,227034.06905234777,start,,0.0,,,,
Patient_603,CTI prepara Encaminhamento,227089.89631791078,complete,,0.0,,,,
Patient_603,Encaminha_para a Clinica Cirurgica,227089.89631791078,complete,,,para a Clinica Cirurgica,227089.89631791078,,
Patient_603,Discharge,227089.89631791078,complete,,,,,,17282.200242136314
Patient_604,Arrival,209889.40477829473,complete,,0.0,,,,
Patient_604,Origem_do Pronto Socorro,209889.40477829473,complete,,,do Pronto Socorro,209889.40477829473,,
Patient_604,CTI (PS),209889.40477829473,start,ctiBeds,0.0,,,,
Patient_604,CTI (PS),230739.5594126415,complete,ctiBeds,0.0,,,,
Patient_604,CTI prepara Encaminhamento,230739.5594126415,start,,0.0,,,,
Patient_604,CTI prepara Encaminhamento,230787.39846670383,complete,,0.0,,,,
Patient_604,Encaminha_para a Maternidade,230787.39846670383,complete,,,para a Maternidade,230787.39846670383,,
Patient_604,Discharge,230787.39846670383,complete,,,,,,20897.9936884091
Patient_605,Arrival,210622.8184862616,complete,,0.0,,,,
Patient_605,Origem_do Centro Cirurgico,210622.8184862616,complete,,,do Centro Cirurgico,210622.8184862616,,
Patient_605,CTI (CC),210622.8184862616,start,ctiBeds,0.0,,,,
Patient_605,CTI (CC),213094.59688299958,complete,ctiBeds,0.0,,,,
Patient_605,CTI prepara Encaminhamento,213094.59688299958,start,,0.0,,,,
Patient_605,CTI prepara Encaminhamento,213150.24790621435,complete,,0.0,,,,
Patient_605,Encaminha_para a Clinica Cirurgica,213150.24790621435,complete,,,para a Clinica Cirurgica,213150.24790621435,,
Patient_605,Discharge,213150.24790621435,complete,,,,,,2527.429419952765
Patient_606,Arrival,210934.56870446572,complete,,0.0,,,,
Patient_606,Origem_da Clinica Cirurgica,210934.56870446572,complete,,,da Clinica Cirurgica,210934.56870446572,,
Patient_606,CTI (CLIC),210934.56870446572,start,ctiBeds,0.0,,,,
Patient_606,CTI (CLIC),219315.83290965654,complete,ctiBeds,0.0,,,,
Patient_606,CTI prepara Encaminhamento,219315.83290965654,start,,0.0,,,,
Patient_606,CTI prepara Encaminhamento,219349.0802462064,complete,,0.0,,,,
Patient_606,Encaminha_Transferencia Externa,219349.0802462064,complete,,,Transferencia Externa,219349.0802462064,,
Patient_606,Discharge,219349.0802462064,complete,,,,,,8414.511541740678
Patient_607,Arrival,212373.70498709433,complete,,0.0,,,,
Patient_607,Origem_do Pronto Socorro,212373.70498709433,complete,,,do Pronto Socorro,212373.70498709433,,
Patient_607,CTI (PS),212373.70498709433,start,ctiBeds,0.0,,,,
Patient_607,CTI (PS),232734.70376791203,complete,ctiBeds,0.0,,,,
Patient_607,CTI prepara Encaminhamento,232734.70376791203,start,,0.0,,,,
Patient_607,CTI prepara Encaminhamento,232767.88112905968,complete,,0.0,,,,
Patient_607,Encaminha_Obito,232767.88112905968,complete,,,Obito,232767.88112905968,,
Patient_607,Discharge,232767.88112905968,complete,,,,,,20394.17614196535
Patient_608,Arrival,212524.77009728146,complete,,0.0,,,,
Patient_608,Origem_do Centro Cirurgico,212524.77009728146,complete,,,do Centro Cirurgico,212524.77009728146,,
Patient_608,CTI (CC),212524.77009728146,start,ctiBeds,0.0,,,,
Patient_608,CTI (CC),215217.21412108032,complete,ctiBeds,0.0,,,,
Patient_608,CTI prepara Encaminhamento,215217.21412108032,start,,0.0,,,,
Patient_608,CTI prepara Encaminhamento,215271.27772795965,complete,,0.0,,,,
Patient_608,Encaminha_para a Clinica Cirurgica,215271.27772795965,complete,,,para a Clinica Cirurgica,215271.27772795965,,
Patient_608,Discharge,215271.27772795965,complete,,,,,,2746.507630678185
Patient_609,Arrival,212847.2259124872,complete,,0.0,,,,
Patient_609,Origem_do Centro Cirurgico,212847.2259124872,complete,,,do Centro Cirurgico,212847.2259124872,,
Patient_609,CTI (CC),212847.2259124872,start,ctiBeds,0.0,,,,
Patient_609,CTI (CC),214143.94989136653,complete,ctiBeds,0.0,,,,
Patient_609,CTI prepara Encaminhamento,214143.94989136653,start,,0.0,,,,
Patient_609,CTI prepara Encaminhamento,214176.0711588869,complete,,0.0,,,,
Patient_609,Encaminha_para a Clinica Cirurgica,214176.0711588869,complete,,,para a Clinica Cirurgica,214176.0711588869,,
Patient_609,Discharge,214176.0711588869,complete,,,,,,1328.8452463996946
Patient_61,Arrival,16410.068587304162,complete,,0.0,,,,
Patient_61,Origem_do Centro Cirurgico,16410.068587304162,complete,,,do Centro Cirurgico,16410.068587304162,,
Patient_61,CTI (CC),16410.068587304162,start,ctiBeds,0.0,,,,
Patient_61,CTI (CC),17460.15297037195,complete,ctiBeds,0.0,,,,
Patient_61,CTI prepara Encaminhamento,17460.15297037195,start,,0.0,,,,
Patient_61,CTI prepara Encaminhamento,17500.841518852823,complete,,0.0,,,,
Patient_61,Encaminha_para a Clinica Cirurgica,17500.841518852823,complete,,,para a Clinica Cirurgica,17500.841518852823,,
Patient_61,Discharge,17500.841518852823,complete,,,,,,1090.7729315486613
Patient_610,Arrival,213711.2656765503,complete,,0.0,,,,
Patient_610,Origem_do Centro Cirurgico,213711.2656765503,complete,,,do Centro Cirurgico,213711.2656765503,,
Patient_610,CTI (CC),213711.2656765503,start,ctiBeds,0.0,,,,
Patient_610,CTI (CC),223584.23650649135,complete,ctiBeds,0.0,,,,
Patient_610,CTI prepara Encaminhamento,223584.23650649135,start,,0.0,,,,
Patient_610,CTI prepara Encaminhamento,223624.0813513943,complete,,0.0,,,,
Patient_610,Encaminha_para a Clinica Medica,223624.0813513943,complete,,,para a Clinica Medica,223624.0813513943,,
Patient_610,Discharge,223624.0813513943,complete,,,,,,9912.815674843994
Patient_611,Arrival,214027.3343982568,complete,,0.0,,,,
Patient_611,Origem_da Clinica Medica,214027.3343982568,complete,,,da Clinica Medica,214027.3343982568,,
Patient_611,CTI (CLIM),214027.3343982568,start,ctiBeds,0.0,,,,
Patient_611,CTI (CLIM),221932.3837536293,complete,ctiBeds,0.0,,,,
Patient_611,CTI prepara Encaminhamento,221932.3837536293,start,,0.0,,,,
Patient_611,CTI prepara Encaminhamento,221964.58306373333,complete,,0.0,,,,
Patient_611,Encaminha_para a Clinica Cirurgica,221964.58306373333,complete,,,para a Clinica Cirurgica,221964.58306373333,,
Patient_611,Discharge,221964.58306373333,complete,,,,,,7937.248665476538
Patient_612,Arrival,214056.96714622877,complete,,0.0,,,,
Patient_612,Origem_do Pronto Socorro,214056.96714622877,complete,,,do Pronto Socorro,214056.96714622877,,
Patient_612,CTI (PS),214056.96714622877,start,ctiBeds,0.0,,,,
Patient_612,CTI (PS),215935.46732931916,complete,ctiBeds,0.0,,,,
Patient_612,CTI prepara Encaminhamento,215935.46732931916,start,,0.0,,,,
Patient_612,CTI prepara Encaminhamento,215994.39243674965,complete,,0.0,,,,
Patient_612,Encaminha_para a Clinica Medica,215994.39243674965,complete,,,para a Clinica Medica,215994.39243674965,,
Patient_612,Discharge,215994.39243674965,complete,,,,,,1937.425290520885
Patient_613,Arrival,215193.37251431568,complete,,0.0,,,,
Patient_613,Origem_do Centro Cirurgico,215193.37251431568,complete,,,do Centro Cirurgico,215193.37251431568,,
Patient_613,CTI (CC),215193.37251431568,start,ctiBeds,0.0,,,,
Patient_613,CTI (CC),216971.9331196095,complete,ctiBeds,0.0,,,,
Patient_613,CTI prepara Encaminhamento,216971.9331196095,start,,0.0,,,,
Patient_613,CTI prepara Encaminhamento,217019.93836650872,complete,,0.0,,,,
Patient_613,Encaminha_para a Clinica Cirurgica,217019.93836650872,complete,,,para a Clinica Cirurgica,217019.93836650872,,
Patient_613,Discharge,217019.93836650872,complete,,,,,,1826.5658521930454
Patient_614,Arrival,215463.6512542419,complete,,0.0,,,,
Patient_614,Origem_do Centro Cirurgico,215463.6512542419,complete,,,do Centro Cirurgico,215463.6512542419,,
Patient_614,CTI (CC),215463.6512542419,start,ctiBeds,0.0,,,,
Patient_614,CTI (CC),216407.624069018,complete,ctiBeds,0.0,,,,
Patient_614,CTI prepara Encaminhamento,216407.624069018,start,,0.0,,,,
Patient_614,CTI prepara Encaminhamento,216459.10843392764,complete,,0.0,,,,
Patient_614,Encaminha_para a Clinica Medica,216459.10843392764,complete,,,para a Clinica Medica,216459.10843392764,,
Patient_614,Discharge,216459.10843392764,complete,,,,,,995.4571796857344
Patient_615,Arrival,215946.81357573072,complete,,0.0,,,,
Patient_615,Origem_do Centro Cirurgico,215946.81357573072,complete,,,do Centro Cirurgico,215946.81357573072,,
Patient_615,CTI (CC),215946.81357573072,start,ctiBeds,0.0,,,,
Patient_615,CTI (CC),219801.22979931958,complete,ctiBeds,0.0,,,,
Patient_615,CTI prepara Encaminhamento,219801.22979931958,start,,0.0,,,,
Patient_615,CTI prepara Encaminhamento,219852.44987640993,complete,,0.0,,,,
Patient_615,Encaminha_para a Clinica Medica,219852.44987640993,complete,,,para a Clinica Medica,219852.44987640993,,
Patient_615,Discharge,219852.44987640993,complete,,,,,,3905.636300679209
Patient_616,Arrival,216921.71340887275,complete,,0.0,,,,
Patient_616,Origem_do Centro Cirurgico,216921.71340887275,complete,,,do Centro Cirurgico,216921.71340887275,,
Patient_616,CTI (CC),216921.71340887275,start,ctiBeds,0.0,,,,
Patient_616,CTI (CC),217361.12648788997,complete,ctiBeds,0.0,,,,
Patient_616,CTI prepara Encaminhamento,217361.12648788997,start,,0.0,,,,
Patient_616,CTI prepara Encaminhamento,217419.90258294344,complete,,0.0,,,,
Patient_616,Encaminha_para a Clinica Cirurgica,217419.90258294344,complete,,,para a Clinica Cirurgica,217419.90258294344,,
Patient_616,Discharge,217419.90258294344,complete,,,,,,498.1891740706924
Patient_617,Arrival,216978.82887105885,complete,,0.0,,,,
Patient_617,Origem_do Centro Cirurgico,216978.82887105885,complete,,,do Centro Cirurgico,216978.82887105885,,
Patient_617,CTI (CC),216978.82887105885,start,ctiBeds,0.0,,,,
Patient_617,CTI (CC),218072.7666385784,complete,ctiBeds,0.0,,,,
Patient_617,CTI prepara Encaminhamento,218072.7666385784,start,,0.0,,,,
Patient_617,CTI prepara Encaminhamento,218129.25813032847,complete,,0.0,,,,
Patient_617,Encaminha_para a Clinica Medica,218129.25813032847,complete,,,para a Clinica Medica,218129.25813032847,,
Patient_617,Discharge,218129.25813032847,complete,,,,,,1150.4292592696147
Patient_618,Arrival,217005.75679971973,complete,,0.0,,,,
Patient_618,Origem_do Pronto Socorro,217005.75679971973,complete,,,do Pronto Socorro,217005.75679971973,,
Patient_618,CTI (PS),217005.75679971973,start,ctiBeds,0.0,,,,
Patient_618,CTI (PS),229881.6952987571,complete,ctiBeds,0.0,,,,
Patient_618,CTI prepara Encaminhamento,229881.6952987571,start,,0.0,,,,
Patient_618,CTI prepara Encaminhamento,229927.4538928533,complete,,0.0,,,,
Patient_618,Encaminha_para a Clinica Medica,229927.4538928533,complete,,,para a Clinica Medica,229927.4538928533,,
Patient_618,Discharge,229927.4538928533,complete,,,,,,12921.697093133553
Patient_619,Arrival,217235.43868330866,complete,,0.0,,,,
Patient_619,Origem_do Pronto Socorro,217235.43868330866,complete,,,do Pronto Socorro,217235.43868330866,,
Patient_619,CTI (PS),217235.43868330866,start,ctiBeds,0.0,,,,
Patient_619,CTI (PS),240130.70960169323,complete,ctiBeds,0.0,,,,
Patient_619,CTI prepara Encaminhamento,240130.70960169323,start,,0.0,,,,
Patient_619,CTI prepara Encaminhamento,240178.02704796853,complete,,0.0,,,,
Patient_619,Encaminha_para a Clinica Medica,240178.02704796853,complete,,,para a Clinica Medica,240178.02704796853,,
Patient_619,Discharge,240178.02704796853,complete,,,,,,22942.588364659867
Patient_62,Arrival,16490.502708091295,complete,,0.0,,,,
Patient_62,Origem_do Centro Cirurgico,16490.502708091295,complete,,,do Centro Cirurgico,16490.502708091295,,
Patient_62,CTI (CC),16490.502708091295,start,ctiBeds,0.0,,,,
Patient_62,CTI (CC),24599.068420087013,complete,ctiBeds,0.0,,,,
Patient_62,CTI prepara Encaminhamento,24599.068420087013,start,,0.0,,,,
Patient_62,CTI prepara Encaminhamento,24642.695812463175,complete,,0.0,,,,
Patient_62,Encaminha_para a Clinica Cirurgica,24642.695812463175,complete,,,para a Clinica Cirurgica,24642.695812463175,,
Patient_62,Discharge,24642.695812463175,complete,,,,,,8152.19310437188
Patient_620,Arrival,217389.37834415166,complete,,0.0,,,,
Patient_620,Origem_do Centro Cirurgico,217389.37834415166,complete,,,do Centro Cirurgico,217389.37834415166,,
Patient_620,CTI (CC),217389.37834415166,start,ctiBeds,0.0,,,,
Patient_620,CTI (CC),227762.4039166969,complete,ctiBeds,0.0,,,,
Patient_620,CTI prepara Encaminhamento,227762.4039166969,start,,0.0,,,,
Patient_620,CTI prepara Encaminhamento,227800.66673963194,complete,,0.0,,,,
Patient_620,Encaminha_Obito,227800.66673963194,complete,,,Obito,227800.66673963194,,
Patient_620,Discharge,227800.66673963194,complete,,,,,,10411.288395480282
Patient_621,Arrival,217512.82224712236,complete,,0.0,,,,
Patient_621,Origem_do Centro Cirurgico,217512.82224712236,complete,,,do Centro Cirurgico,217512.82224712236,,
Patient_621,CTI (CC),217512.82224712236,start,ctiBeds,0.0,,,,
Patient_621,CTI (CC),218813.47557706674,complete,ctiBeds,0.0,,,,
Patient_621,CTI prepara Encaminhamento,218813.47557706674,start,,0.0,,,,
Patient_621,CTI prepara Encaminhamento,218868.047082256,complete,,0.0,,,,
Patient_621,Encaminha_Obito,218868.047082256,complete,,,Obito,218868.047082256,,
Patient_621,Discharge,218868.047082256,complete,,,,,,1355.2248351336457
Patient_622,Arrival,218023.3876794249,complete,,0.0,,,,
Patient_622,Origem_da Clinica Cirurgica,218023.3876794249,complete,,,da Clinica Cirurgica,218023.3876794249,,
Patient_622,CTI (CLIC),218023.3876794249,start,ctiBeds,0.0,,,,
Patient_622,CTI (CLIC),234749.57044214144,complete,ctiBeds,0.0,,,,
Patient_622,CTI prepara Encaminhamento,234749.57044214144,start,,0.0,,,,
Patient_622,CTI prepara Encaminhamento,234784.86580775047,complete,,0.0,,,,
Patient_622,Encaminha_para a Clinica Cirurgica,234784.86580775047,complete,,,para a Clinica Cirurgica,234784.86580775047,,
Patient_622,Discharge,234784.86580775047,complete,,,,,,16761.478128325572
Patient_623,Arrival,218417.64388018948,complete,,0.0,,,,
Patient_623,Origem_do Pronto Socorro,218417.64388018948,complete,,,do Pronto Socorro,218417.64388018948,,
Patient_623,CTI (PS),218417.64388018948,start,ctiBeds,0.0,,,,
Patient_623,CTI (PS),236835.641051753,complete,ctiBeds,0.0,,,,
Patient_623,CTI prepara Encaminhamento,236835.641051753,start,,0.0,,,,
Patient_623,CTI prepara Encaminhamento,236871.67863492656,complete,,0.0,,,,
Patient_623,Encaminha_para a Clinica Cirurgica,236871.67863492656,complete,,,para a Clinica Cirurgica,236871.67863492656,,
Patient_623,Discharge,236871.67863492656,complete,,,,,,18454.034754737077
Patient_624,Arrival,218564.78415419656,complete,,0.0,,,,
Patient_624,Origem_do Pronto Socorro,218564.78415419656,complete,,,do Pronto Socorro,218564.78415419656,,
Patient_624,CTI (PS),218564.78415419656,start,ctiBeds,0.0,,,,
Patient_624,CTI (PS),240087.83168895362,complete,ctiBeds,0.0,,,,
Patient_624,CTI prepara Encaminhamento,240087.83168895362,start,,0.0,,,,
Patient_624,CTI prepara Encaminhamento,240144.27843022623,complete,,0.0,,,,
Patient_624,Encaminha_para a Clinica Medica,240144.27843022623,complete,,,para a Clinica Medica,240144.27843022623,,
Patient_624,Discharge,240144.27843022623,complete,,,,,,21579.49427602967
Patient_625,Arrival,218827.18968954,complete,,0.0,,,,
Patient_625,Origem_do Centro Cirurgico,218827.18968954,complete,,,do Centro Cirurgico,218827.18968954,,
Patient_625,CTI (CC),218827.18968954,start,ctiBeds,0.0,,,,
Patient_625,CTI (CC),220077.28249532374,complete,ctiBeds,0.0,,,,
Patient_625,CTI prepara Encaminhamento,220077.28249532374,start,,0.0,,,,
Patient_625,CTI prepara Encaminhamento,220136.30990996538,complete,,0.0,,,,
Patient_625,Encaminha_para a Clinica Medica,220136.30990996538,complete,,,para a Clinica Medica,220136.30990996538,,
Patient_625,Discharge,220136.30990996538,complete,,,,,,1309.120220425364
Patient_626,Arrival,218946.09828538867,complete,,0.0,,,,
Patient_626,Origem_do Pronto Socorro,218946.09828538867,complete,,,do Pronto Socorro,218946.09828538867,,
Patient_626,CTI (PS),218946.09828538867,start,ctiBeds,0.0,,,,
Patient_626,CTI (PS),238574.8087534277,complete,ctiBeds,0.0,,,,
Patient_626,CTI prepara Encaminhamento,238574.8087534277,start,,0.0,,,,
Patient_626,CTI prepara Encaminhamento,238610.79032101764,complete,,0.0,,,,
Patient_626,Encaminha_para a Clinica Cirurgica,238610.79032101764,complete,,,para a Clinica Cirurgica,238610.79032101764,,
Patient_626,Discharge,238610.79032101764,complete,,,,,,19664.692035628977
Patient_627,Arrival,219167.9444891245,complete,,0.0,,,,
Patient_627,Origem_da Clinica Medica,219167.9444891245,complete,,,da Clinica Medica,219167.9444891245,,
Patient_627,CTI (CLIM),219167.9444891245,start,ctiBeds,0.0,,,,
Patient_627,CTI (CLIM),232853.32329083493,complete,ctiBeds,0.0,,,,
Patient_627,CTI prepara Encaminhamento,232853.32329083493,start,,0.0,,,,
Patient_627,CTI prepara Encaminhamento,232902.67591134593,complete,,0.0,,,,
Patient_627,Encaminha_para a Clinica Cirurgica,232902.67591134593,complete,,,para a Clinica Cirurgica,232902.67591134593,,
Patient_627,Discharge,232902.67591134593,complete,,,,,,13734.731422221434
Patient_628,Arrival,219592.64051811295,complete,,0.0,,,,
Patient_628,Origem_do Pronto Socorro,219592.64051811295,complete,,,do Pronto Socorro,219592.64051811295,,
Patient_628,CTI (PS),219592.64051811295,start,ctiBeds,0.0,,,,
Patient_628,CTI (PS),229316.5338023441,complete,ctiBeds,0.0,,,,
Patient_628,CTI prepara Encaminhamento,229316.5338023441,start,,0.0,,,,
Patient_628,CTI prepara Encaminhamento,229368.1781093179,complete,,0.0,,,,
Patient_628,Encaminha_para a Clinica Cirurgica,229368.1781093179,complete,,,para a Clinica Cirurgica,229368.1781093179,,
Patient_628,Discharge,229368.1781093179,complete,,,,,,9775.53759120495
Patient_629,Arrival,221464.03065966303,complete,,0.0,,,,
Patient_629,Origem_do Pronto Socorro,221464.03065966303,complete,,,do Pronto Socorro,221464.03065966303,,
Patient_629,CTI (PS),221464.03065966303,start,ctiBeds,0.0,,,,
Patient_629,CTI (PS),226983.38020027318,complete,ctiBeds,0.0,,,,
Patient_629,CTI prepara Encaminhamento,226983.38020027318,start,,0.0,,,,
Patient_629,CTI prepara Encaminhamento,227022.8120451398,complete,,0.0,,,,
Patient_629,Encaminha_para a Clinica Medica,227022.8120451398,complete,,,para a Clinica Medica,227022.8120451398,,
Patient_629,Discharge,227022.8120451398,complete,,,,,,5558.781385476788
Patient_63,Arrival,16687.704700877326,complete,,0.0,,,,
Patient_63,Origem_do Pronto Socorro,16687.704700877326,complete,,,do Pronto Socorro,16687.704700877326,,
Patient_63,CTI (PS),16687.704700877326,start,ctiBeds,0.0,,,,
Patient_63,CTI (PS),50646.92110632807,complete,ctiBeds,0.0,,,,
Patient_63,CTI prepara Encaminhamento,50646.92110632807,start,,0.0,,,,
Patient_63,CTI prepara Encaminhamento,50688.97979052731,complete,,0.0,,,,
Patient_63,Encaminha_para a Clinica Cirurgica,50688.97979052731,complete,,,para a Clinica Cirurgica,50688.97979052731,,
Patient_63,Discharge,50688.97979052731,complete,,,,,,34001.27508964998
Patient_630,Arrival,221565.3618709579,complete,,0.0,,,,
Patient_630,Origem_do Centro Cirurgico,221565.3618709579,complete,,,do Centro Cirurgico,221565.3618709579,,
Patient_630,CTI (CC),221565.3618709579,start,ctiBeds,0.0,,,,
Patient_630,CTI (CC),250936.71487359246,complete,ctiBeds,0.0,,,,
Patient_630,CTI prepara Encaminhamento,250936.71487359246,start,,0.0,,,,
Patient_630,CTI prepara Encaminhamento,250986.5830758865,complete,,0.0,,,,
Patient_630,Encaminha_para a Clinica Medica,250986.5830758865,complete,,,para a Clinica Medica,250986.5830758865,,
Patient_630,Discharge,250986.5830758865,complete,,,,,,29421.221204928617
Patient_631,Arrival,222132.8674009393,complete,,0.0,,,,
Patient_631,Origem_do Pronto Socorro,222132.8674009393,complete,,,do Pronto Socorro,222132.8674009393,,
Patient_631,CTI (PS),222132.8674009393,start,ctiBeds,0.0,,,,
Patient_631,CTI (PS),229116.76538909922,complete,ctiBeds,0.0,,,,
Patient_631,CTI prepara Encaminhamento,229116.76538909922,start,,0.0,,,,
Patient_631,CTI prepara Encaminhamento,229173.18392281875,complete,,0.0,,,,
Patient_631,Encaminha_para a Clinica Medica,229173.18392281875,complete,,,para a Clinica Medica,229173.18392281875,,
Patient_631,Discharge,229173.18392281875,complete,,,,,,7040.316521879431
Patient_632,Arrival,223139.54088240323,complete,,0.0,,,,
Patient_632,Origem_do Centro Cirurgico,223139.54088240323,complete,,,do Centro Cirurgico,223139.54088240323,,
Patient_632,CTI (CC),223139.54088240323,start,ctiBeds,0.0,,,,
Patient_632,CTI (CC),223226.77693253328,complete,ctiBeds,0.0,,,,
Patient_632,CTI prepara Encaminhamento,223226.77693253328,start,,0.0,,,,
Patient_632,CTI prepara Encaminhamento,223256.9154899441,complete,,0.0,,,,
Patient_632,Encaminha_para a Clinica Cirurgica,223256.9154899441,complete,,,para a Clinica Cirurgica,223256.9154899441,,
Patient_632,Discharge,223256.9154899441,complete,,,,,,117.37460754087078
Patient_633,Arrival,223185.41143521396,complete,,0.0,,,,
Patient_633,Origem_do Pronto Socorro,223185.41143521396,complete,,,do Pronto Socorro,223185.41143521396,,
Patient_633,CTI (PS),223185.41143521396,start,ctiBeds,0.0,,,,
Patient_633,CTI (PS),228800.34196348873,complete,ctiBeds,0.0,,,,
Patient_633,CTI prepara Encaminhamento,228800.34196348873,start,,0.0,,,,
Patient_633,CTI prepara Encaminhamento,228849.60648393014,complete,,0.0,,,,
Patient_633,Encaminha_para a Clinica Medica,228849.60648393014,complete,,,para a Clinica Medica,228849.60648393014,,
Patient_633,Discharge,228849.60648393014,complete,,,,,,5664.195048716181
Patient_634,Arrival,223258.4077752318,complete,,0.0,,,,
Patient_634,Origem_do Pronto Socorro,223258.4077752318,complete,,,do Pronto Socorro,223258.4077752318,,
Patient_634,CTI (PS),223258.4077752318,start,ctiBeds,0.0,,,,
Patient_634,CTI (PS),228977.50486750976,complete,ctiBeds,0.0,,,,
Patient_634,CTI prepara Encaminhamento,228977.50486750976,start,,0.0,,,,
Patient_634,CTI prepara Encaminhamento,229033.90292121208,complete,,0.0,,,,
Patient_634,Encaminha_Obito,229033.90292121208,complete,,,Obito,229033.90292121208,,
Patient_634,Discharge,229033.90292121208,complete,,,,,,5775.495145980269
Patient_635,Arrival,223346.34533795036,complete,,0.0,,,,
Patient_635,Origem_do Pronto Socorro,223346.34533795036,complete,,,do Pronto Socorro,223346.34533795036,,
Patient_635,CTI (PS),223346.34533795036,start,ctiBeds,0.0,,,,
Patient_635,CTI (PS),230347.4074273945,complete,ctiBeds,0.0,,,,
Patient_635,CTI prepara Encaminhamento,230347.4074273945,start,,0.0,,,,
Patient_635,CTI prepara Encaminhamento,230406.30281815885,complete,,0.0,,,,
Patient_635,Encaminha_Transferencia Externa,230406.30281815885,complete,,,Transferencia Externa,230406.30281815885,,
Patient_635,Discharge,230406.30281815885,complete,,,,,,7059.957480208483
Patient_636,Arrival,225042.0401772463,complete,,0.0,,,,
Patient_636,Origem_do Centro Cirurgico,225042.0401772463,complete,,,do Centro Cirurgico,225042.0401772463,,
Patient_636,CTI (CC),225042.0401772463,start,ctiBeds,0.0,,,,
Patient_636,CTI (CC),234015.4977630986,complete,ctiBeds,0.0,,,,
Patient_636,CTI prepara Encaminhamento,234015.4977630986,start,,0.0,,,,
Patient_636,CTI prepara Encaminhamento,234048.35332261404,complete,,0.0,,,,
Patient_636,Encaminha_para a Clinica Cirurgica,234048.35332261404,complete,,,para a Clinica Cirurgica,234048.35332261404,,
Patient_636,Discharge,234048.35332261404,complete,,,,,,9006.313145367749
Patient_637,Arrival,225776.70601173598,complete,,0.0,,,,
Patient_637,Origem_do Pronto Socorro,225776.70601173598,complete,,,do Pronto Socorro,225776.70601173598,,
Patient_637,CTI (PS),225776.70601173598,start,ctiBeds,0.0,,,,
Patient_637,CTI (PS),237579.37160392254,complete,ctiBeds,0.0,,,,
Patient_637,CTI prepara Encaminhamento,237579.37160392254,start,,0.0,,,,
Patient_637,CTI prepara Encaminhamento,237624.12542502143,complete,,0.0,,,,
Patient_637,Encaminha_para a Clinica Medica,237624.12542502143,complete,,,para a Clinica Medica,237624.12542502143,,
Patient_637,Discharge,237624.12542502143,complete,,,,,,11847.419413285446
Patient_638,Arrival,226040.76265801897,complete,,0.0,,,,
Patient_638,Origem_da Clinica Medica,226040.76265801897,complete,,,da Clinica Medica,226040.76265801897,,
Patient_638,CTI (CLIM),226040.76265801897,start,ctiBeds,0.0,,,,
Patient_638,CTI (CLIM),231879.33729069371,complete,ctiBeds,0.0,,,,
Patient_638,CTI prepara Encaminhamento,231879.33729069371,start,,0.0,,,,
Patient_638,CTI prepara Encaminhamento,231931.91669631572,complete,,0.0,,,,
Patient_638,Encaminha_para a Clinica Medica,231931.91669631572,complete,,,para a Clinica Medica,231931.91669631572,,
Patient_638,Discharge,231931.91669631572,complete,,,,,,5891.1540382967505
Patient_639,Arrival,226567.40191554453,complete,,0.0,,,,
Patient_639,Origem_do Centro Cirurgico,226567.40191554453,complete,,,do Centro Cirurgico,226567.40191554453,,
Patient_639,CTI (CC),226567.40191554453,start,ctiBeds,0.0,,,,
Patient_639,CTI (CC),233328.73269692098,complete,ctiBeds,0.0,,,,
Patient_639,CTI prepara Encaminhamento,233328.73269692098,start,,0.0,,,,
Patient_639,CTI prepara Encaminhamento,233361.72524948005,complete,,0.0,,,,
Patient_639,Encaminha_Obito,233361.72524948005,complete,,,Obito,233361.72524948005,,
Patient_639,Discharge,233361.72524948005,complete,,,,,,6794.323333935521
Patient_64,Arrival,16951.14938364965,complete,,0.0,,,,
Patient_64,Origem_do Centro Cirurgico,16951.14938364965,complete,,,do Centro Cirurgico,16951.14938364965,,
Patient_64,CTI (CC),16951.14938364965,start,ctiBeds,0.0,,,,
Patient_64,CTI (CC),19052.42627414547,complete,ctiBeds,0.0,,,,
Patient_64,CTI prepara Encaminhamento,19052.42627414547,start,,0.0,,,,
Patient_64,CTI prepara Encaminhamento,19093.776390036644,complete,,0.0,,,,
Patient_64,Encaminha_para a Clinica Medica,19093.776390036644,complete,,,para a Clinica Medica,19093.776390036644,,
Patient_64,Discharge,19093.776390036644,complete,,,,,,2142.627006386996
Patient_640,Arrival,226996.2823937325,complete,,0.0,,,,
Patient_640,Origem_do Centro Cirurgico,226996.2823937325,complete,,,do Centro Cirurgico,226996.2823937325,,
Patient_640,CTI (CC),226996.2823937325,start,ctiBeds,0.0,,,,
Patient_640,CTI (CC),231554.2757629269,complete,ctiBeds,0.0,,,,
Patient_640,CTI prepara Encaminhamento,231554.2757629269,start,,0.0,,,,
Patient_640,CTI prepara Encaminhamento,231602.42438480252,complete,,0.0,,,,
Patient_640,Encaminha_para a Clinica Cirurgica,231602.42438480252,complete,,,para a Clinica Cirurgica,231602.42438480252,,
Patient_640,Discharge,231602.42438480252,complete,,,,,,4606.141991070035
Patient_641,Arrival,227174.75303942288,complete,,0.0,,,,
Patient_641,Origem_do Pronto Socorro,227174.75303942288,complete,,,do Pronto Socorro,227174.75303942288,,
Patient_641,CTI (PS),227174.75303942288,start,ctiBeds,0.0,,,,
Patient_641,CTI (PS),255000.34038572406,complete,ctiBeds,0.0,,,,
Patient_641,CTI prepara Encaminhamento,255000.34038572406,start,,0.0,,,,
Patient_641,CTI prepara Encaminhamento,255039.21890910817,complete,,0.0,,,,
Patient_641,Encaminha_para a Clinica Medica,255039.21890910817,complete,,,para a Clinica Medica,255039.21890910817,,
Patient_641,Discharge,255039.21890910817,complete,,,,,,27864.465869685286
Patient_642,Arrival,227522.8974263222,complete,,0.0,,,,
Patient_642,Origem_do Pronto Socorro,227522.8974263222,complete,,,do Pronto Socorro,227522.8974263222,,
Patient_642,CTI (PS),227522.8974263222,start,ctiBeds,0.0,,,,
Patient_642,CTI (PS),235669.2565054383,complete,ctiBeds,0.0,,,,
Patient_642,CTI prepara Encaminhamento,235669.2565054383,start,,0.0,,,,
Patient_642,CTI prepara Encaminhamento,235701.01161931522,complete,,0.0,,,,
Patient_642,Encaminha_Transferencia Externa,235701.01161931522,complete,,,Transferencia Externa,235701.01161931522,,
Patient_642,Discharge,235701.01161931522,complete,,,,,,8178.114192993031
Patient_643,Arrival,227610.362151685,complete,,0.0,,,,
Patient_643,Origem_do Centro Cirurgico,227610.362151685,complete,,,do Centro Cirurgico,227610.362151685,,
Patient_643,CTI (CC),227610.362151685,start,ctiBeds,0.0,,,,
Patient_643,CTI (CC),229604.06330170782,complete,ctiBeds,0.0,,,,
Patient_643,CTI prepara Encaminhamento,229604.06330170782,start,,0.0,,,,
Patient_643,CTI prepara Encaminhamento,229654.45910738283,complete,,0.0,,,,
Patient_643,Encaminha_para a Clinica Cirurgica,229654.45910738283,complete,,,para a Clinica Cirurgica,229654.45910738283,,
Patient_643,Discharge,229654.45910738283,complete,,,,,,2044.096955697838
Patient_644,Arrival,227809.04296839837,complete,,0.0,,,,
Patient_644,Origem_da Clinica Cirurgica,227809.04296839837,complete,,,da Clinica Cirurgica,227809.04296839837,,
Patient_644,CTI (CLIC),227809.04296839837,start,ctiBeds,0.0,,,,
Patient_644,CTI (CLIC),258391.601029432,complete,ctiBeds,0.0,,,,
Patient_644,CTI prepara Encaminhamento,258391.601029432,start,,0.0,,,,
Patient_644,CTI prepara Encaminhamento,258442.43625634155,complete,,0.0,,,,
Patient_644,Encaminha_para a Clinica Cirurgica,258442.43625634155,complete,,,para a Clinica Cirurgica,258442.43625634155,,
Patient_644,Discharge,258442.43625634155,complete,,,,,,30633.39328794318
Patient_645,Arrival,228095.08360223676,complete,,0.0,,,,
Patient_645,Origem_do Pronto Socorro,228095.08360223676,complete,,,do Pronto Socorro,228095.08360223676,,
Patient_645,CTI (PS),228095.08360223676,start,ctiBeds,0.0,,,,
Patient_645,CTI (PS),242763.50130107594,complete,ctiBeds,0.0,,,,
Patient_645,CTI prepara Encaminhamento,242763.50130107594,start,,0.0,,,,
Patient_645,CTI prepara Encaminhamento,242823.07429215542,complete,,0.0,,,,
Patient_645,Encaminha_para a Clinica Medica,242823.07429215542,complete,,,para a Clinica Medica,242823.07429215542,,
Patient_645,Discharge,242823.07429215542,complete,,,,,,14727.99068991866
Patient_646,Arrival,228161.0690037177,complete,,0.0,,,,
Patient_646,Origem_do Centro Cirurgico,228161.0690037177,complete,,,do Centro Cirurgico,228161.0690037177,,
Patient_646,CTI (CC),228161.0690037177,start,ctiBeds,0.0,,,,
Patient_646,CTI (CC),234049.49583839846,complete,ctiBeds,0.0,,,,
Patient_646,CTI prepara Encaminhamento,234049.49583839846,start,,0.0,,,,
Patient_646,CTI prepara Encaminhamento,234101.40340067225,complete,,0.0,,,,
Patient_646,Encaminha_para a Clinica Cirurgica,234101.40340067225,complete,,,para a Clinica Cirurgica,234101.40340067225,,
Patient_646,Discharge,234101.40340067225,complete,,,,,,5940.3343969545385
Patient_647,Arrival,228531.17314674266,complete,,0.0,,,,
Patient_647,Origem_da Clinica Medica,228531.17314674266,complete,,,da Clinica Medica,228531.17314674266,,
Patient_647,CTI (CLIM),228531.17314674266,start,ctiBeds,0.0,,,,
Patient_647,CTI (CLIM),256445.4822166795,complete,ctiBeds,0.0,,,,
Patient_647,CTI prepara Encaminhamento,256445.4822166795,start,,0.0,,,,
Patient_647,CTI prepara Encaminhamento,256489.5188854661,complete,,0.0,,,,
Patient_647,Encaminha_para a Clinica Medica,256489.5188854661,complete,,,para a Clinica Medica,256489.5188854661,,
Patient_647,Discharge,256489.5188854661,complete,,,,,,27958.345738723438
Patient_648,Arrival,230322.25762147244,complete,,0.0,,,,
Patient_648,Origem_do Centro Cirurgico,230322.25762147244,complete,,,do Centro Cirurgico,230322.25762147244,,
Patient_648,CTI (CC),230322.25762147244,start,ctiBeds,0.0,,,,
Patient_648,CTI (CC),230908.8881667791,complete,ctiBeds,0.0,,,,
Patient_648,CTI prepara Encaminhamento,230908.8881667791,start,,0.0,,,,
Patient_648,CTI prepara Encaminhamento,230956.88955368247,complete,,0.0,,,,
Patient_648,Encaminha_para a Clinica Cirurgica,230956.88955368247,complete,,,para a Clinica Cirurgica,230956.88955368247,,
Patient_648,Discharge,230956.88955368247,complete,,,,,,634.6319322100317
Patient_649,Arrival,231133.74134795336,complete,,0.0,,,,
Patient_649,Origem_do Centro Cirurgico,231133.74134795336,complete,,,do Centro Cirurgico,231133.74134795336,,
Patient_649,CTI (CC),231133.74134795336,start,ctiBeds,0.0,,,,
Patient_649,CTI (CC),236972.55463509294,complete,ctiBeds,0.0,,,,
Patient_649,CTI prepara Encaminhamento,236972.55463509294,start,,0.0,,,,
Patient_649,CTI prepara Encaminhamento,237015.10616403603,complete,,0.0,,,,
Patient_649,Encaminha_Obito,237015.10616403603,complete,,,Obito,237015.10616403603,,
Patient_649,Discharge,237015.10616403603,complete,,,,,,5881.364816082671
Patient_65,Arrival,17422.97167064029,complete,,0.0,,,,
Patient_65,Origem_da Clinica Medica,17422.97167064029,complete,,,da Clinica Medica,17422.97167064029,,
Patient_65,CTI (CLIM),17422.97167064029,start,ctiBeds,0.0,,,,
Patient_65,CTI (CLIM),36558.793710265236,complete,ctiBeds,0.0,,,,
Patient_65,CTI prepara Encaminhamento,36558.793710265236,start,,0.0,,,,
Patient_65,CTI prepara Encaminhamento,36593.31712392466,complete,,0.0,,,,
Patient_65,Encaminha_para a Clinica Cirurgica,36593.31712392466,complete,,,para a Clinica Cirurgica,36593.31712392466,,
Patient_65,Discharge,36593.31712392466,complete,,,,,,19170.345453284368
Patient_650,Arrival,231179.85829412309,complete,,0.0,,,,
Patient_650,Origem_do Centro Cirurgico,231179.85829412309,complete,,,do Centro Cirurgico,231179.85829412309,,
Patient_650,CTI (CC),231179.85829412309,start,ctiBeds,0.0,,,,
Patient_650,CTI (CC),260151.11499096974,complete,ctiBeds,0.0,,,,
Patient_650,CTI prepara Encaminhamento,260151.11499096974,start,,0.0,,,,
Patient_650,CTI prepara Encaminhamento,260198.239972242,complete,,0.0,,,,
Patient_650,Encaminha_para a Maternidade,260198.239972242,complete,,,para a Maternidade,260198.239972242,,
Patient_650,Discharge,260198.239972242,complete,,,,,,29018.381678118923
Patient_651,Arrival,231417.78225294658,complete,,0.0,,,,
Patient_651,Origem_do Centro Cirurgico,231417.78225294658,complete,,,do Centro Cirurgico,231417.78225294658,,
Patient_651,CTI (CC),231417.78225294658,start,ctiBeds,0.0,,,,
Patient_651,CTI (CC),233321.788398216,complete,ctiBeds,0.0,,,,
Patient_651,CTI prepara Encaminhamento,233321.788398216,start,,0.0,,,,
Patient_651,CTI prepara Encaminhamento,233354.13159505534,complete,,0.0,,,,
Patient_651,Encaminha_para a Clinica Cirurgica,233354.13159505534,complete,,,para a Clinica Cirurgica,233354.13159505534,,
Patient_651,Discharge,233354.13159505534,complete,,,,,,1936.3493421087624
Patient_652,Arrival,231660.88665314022,complete,,0.0,,,,
Patient_652,Origem_do Pronto Socorro,231660.88665314022,complete,,,do Pronto Socorro,231660.88665314022,,
Patient_652,CTI (PS),231660.88665314022,start,ctiBeds,0.0,,,,
Patient_652,CTI (PS),239389.94395598385,complete,ctiBeds,0.0,,,,
Patient_652,CTI prepara Encaminhamento,239389.94395598385,start,,0.0,,,,
Patient_652,CTI prepara Encaminhamento,239434.24654069456,complete,,0.0,,,,
Patient_652,Encaminha_Obito,239434.24654069456,complete,,,Obito,239434.24654069456,,
Patient_652,Discharge,239434.24654069456,complete,,,,,,7773.359887554339
Patient_653,Arrival,233069.1019389609,complete,,0.0,,,,
Patient_653,Origem_do Centro Cirurgico,233069.1019389609,complete,,,do Centro Cirurgico,233069.1019389609,,
Patient_653,CTI (CC),233069.1019389609,start,ctiBeds,0.0,,,,
Patient_653,CTI (CC),235047.2775471487,complete,ctiBeds,0.0,,,,
Patient_653,CTI prepara Encaminhamento,235047.2775471487,start,,0.0,,,,
Patient_653,CTI prepara Encaminhamento,235086.97831142333,complete,,0.0,,,,
Patient_653,Encaminha_para a Clinica Medica,235086.97831142333,complete,,,para a Clinica Medica,235086.97831142333,,
Patient_653,Discharge,235086.97831142333,complete,,,,,,2017.8763724624296
Patient_654,Arrival,233342.36018242958,complete,,0.0,,,,
Patient_654,Origem_do Pronto Socorro,233342.36018242958,complete,,,do Pronto Socorro,233342.36018242958,,
Patient_654,CTI (PS),233342.36018242958,start,ctiBeds,0.0,,,,
Patient_654,CTI (PS),236566.6495399328,complete,ctiBeds,0.0,,,,
Patient_654,CTI prepara Encaminhamento,236566.6495399328,start,,0.0,,,,
Patient_654,CTI prepara Encaminhamento,236597.53661635183,complete,,0.0,,,,
Patient_654,Encaminha_para a Clinica Medica,236597.53661635183,complete,,,para a Clinica Medica,236597.53661635183,,
Patient_654,Discharge,236597.53661635183,complete,,,,,,3255.1764339222573
Patient_655,Arrival,233530.66711853017,complete,,0.0,,,,
Patient_655,Origem_do Pronto Socorro,233530.66711853017,complete,,,do Pronto Socorro,233530.66711853017,,
Patient_655,CTI (PS),233530.66711853017,start,ctiBeds,0.0,,,,
Patient_655,CTI (PS),254337.0884416856,complete,ctiBeds,0.0,,,,
Patient_655,CTI prepara Encaminhamento,254337.0884416856,start,,0.0,,,,
Patient_655,CTI prepara Encaminhamento,254388.46471710125,complete,,0.0,,,,
Patient_655,Encaminha_para a Clinica Cirurgica,254388.46471710125,complete,,,para a Clinica Cirurgica,254388.46471710125,,
Patient_655,Discharge,254388.46471710125,complete,,,,,,20857.79759857108
Patient_656,Arrival,233546.46412755983,complete,,0.0,,,,
Patient_656,Origem_do Pronto Socorro,233546.46412755983,complete,,,do Pronto Socorro,233546.46412755983,,
Patient_656,CTI (PS),233546.46412755983,start,ctiBeds,0.0,,,,
Patient_656,CTI (PS),234561.9001000592,complete,ctiBeds,0.0,,,,
Patient_656,CTI prepara Encaminhamento,234561.9001000592,start,,0.0,,,,
Patient_656,CTI prepara Encaminhamento,234619.96271336256,complete,,0.0,,,,
Patient_656,Encaminha_para a Clinica Medica,234619.96271336256,complete,,,para a Clinica Medica,234619.96271336256,,
Patient_656,Discharge,234619.96271336256,complete,,,,,,1073.4985858027358
Patient_657,Arrival,233797.88387519776,complete,,0.0,,,,
Patient_657,Origem_do Pronto Socorro,233797.88387519776,complete,,,do Pronto Socorro,233797.88387519776,,
Patient_657,CTI (PS),233797.88387519776,start,ctiBeds,0.0,,,,
Patient_657,CTI (PS),264604.1574494877,complete,ctiBeds,0.0,,,,
Patient_657,CTI prepara Encaminhamento,264604.1574494877,start,,0.0,,,,
Patient_657,CTI prepara Encaminhamento,264644.8702811549,complete,,0.0,,,,
Patient_657,Encaminha_para a Clinica Cirurgica,264644.8702811549,complete,,,para a Clinica Cirurgica,264644.8702811549,,
Patient_657,Discharge,264644.8702811549,complete,,,,,,30846.986405957112
Patient_658,Arrival,236298.3335031235,complete,,0.0,,,,
Patient_658,Origem_do Pronto Socorro,236298.3335031235,complete,,,do Pronto Socorro,236298.3335031235,,
Patient_658,CTI (PS),236298.3335031235,start,ctiBeds,0.0,,,,
Patient_658,CTI (PS),247542.41461631344,complete,ctiBeds,0.0,,,,
Patient_658,CTI prepara Encaminhamento,247542.41461631344,start,,0.0,,,,
Patient_658,CTI prepara Encaminhamento,247589.05475201743,complete,,0.0,,,,
Patient_658,Encaminha_para a Clinica Cirurgica,247589.05475201743,complete,,,para a Clinica Cirurgica,247589.05475201743,,
Patient_658,Discharge,247589.05475201743,complete,,,,,,11290.72124889394
Patient_659,Arrival,236322.87998254359,complete,,0.0,,,,
Patient_659,Origem_da Clinica Cirurgica,236322.87998254359,complete,,,da Clinica Cirurgica,236322.87998254359,,
Patient_659,CTI (CLIC),236322.87998254359,start,ctiBeds,0.0,,,,
Patient_659,CTI (CLIC),274266.7302888308,complete,ctiBeds,0.0,,,,
Patient_659,CTI prepara Encaminhamento,274266.7302888308,start,,0.0,,,,
Patient_659,CTI prepara Encaminhamento,274308.1337762832,complete,,0.0,,,,
Patient_659,Encaminha_para a Clinica Cirurgica,274308.1337762832,complete,,,para a Clinica Cirurgica,274308.1337762832,,
Patient_659,Discharge,274308.1337762832,complete,,,,,,37985.2537937396
Patient_66,Arrival,17489.966859676813,complete,,0.0,,,,
Patient_66,Origem_do Pronto Socorro,17489.966859676813,complete,,,do Pronto Socorro,17489.966859676813,,
Patient_66,CTI (PS),17489.966859676813,start,ctiBeds,0.0,,,,
Patient_66,CTI (PS),44549.146837204935,complete,ctiBeds,0.0,,,,
Patient_66,CTI prepara Encaminhamento,44549.146837204935,start,,0.0,,,,
Patient_66,CTI prepara Encaminhamento,44603.10691412207,complete,,0.0,,,,
Patient_66,Encaminha_para a Clinica Medica,44603.10691412207,complete,,,para a Clinica Medica,44603.10691412207,,
Patient_66,Discharge,44603.10691412207,complete,,,,,,27113.14005444526
Patient_660,Arrival,236780.15576179026,complete,,0.0,,,,
Patient_660,Origem_do Pronto Socorro,236780.15576179026,complete,,,do Pronto Socorro,236780.15576179026,,
Patient_660,CTI (PS),236780.15576179026,start,ctiBeds,0.0,,,,
Patient_660,CTI (PS),239632.81680767625,complete,ctiBeds,0.0,,,,
Patient_660,CTI prepara Encaminhamento,239632.81680767625,start,,0.0,,,,
Patient_660,CTI prepara Encaminhamento,239681.52741792818,complete,,0.0,,,,
Patient_660,Encaminha_Transferencia Externa,239681.52741792818,complete,,,Transferencia Externa,239681.52741792818,,
Patient_660,Discharge,239681.52741792818,complete,,,,,,2901.371656137926
Patient_661,Arrival,236932.91982299622,complete,,0.0,,,,
Patient_661,Origem_da Clinica Medica,236932.91982299622,complete,,,da Clinica Medica,236932.91982299622,,
Patient_661,CTI (CLIM),236932.91982299622,start,ctiBeds,0.0,,,,
Patient_661,CTI (CLIM),242793.03855485533,complete,ctiBeds,0.0,,,,
Patient_661,CTI prepara Encaminhamento,242793.03855485533,start,,0.0,,,,
Patient_661,CTI prepara Encaminhamento,242852.16921293433,complete,,0.0,,,,
Patient_661,Encaminha_para a Clinica Cirurgica,242852.16921293433,complete,,,para a Clinica Cirurgica,242852.16921293433,,
Patient_661,Discharge,242852.16921293433,complete,,,,,,5919.249389938108
Patient_662,Arrival,238075.35194150524,complete,,0.0,,,,
Patient_662,Origem_do Pronto Socorro,238075.35194150524,complete,,,do Pronto Socorro,238075.35194150524,,
Patient_662,CTI (PS),238075.35194150524,start,ctiBeds,0.0,,,,
Patient_662,CTI (PS),247854.65289293922,complete,ctiBeds,0.0,,,,
Patient_662,CTI prepara Encaminhamento,247854.65289293922,start,,0.0,,,,
Patient_662,CTI prepara Encaminhamento,247890.96236114815,complete,,0.0,,,,
Patient_662,Encaminha_para a Clinica Medica,247890.96236114815,complete,,,para a Clinica Medica,247890.96236114815,,
Patient_662,Discharge,247890.96236114815,complete,,,,,,9815.610419642908
Patient_663,Arrival,238097.13235912294,complete,,0.0,,,,
Patient_663,Origem_do Pronto Socorro,238097.13235912294,complete,,,do Pronto Socorro,238097.13235912294,,
Patient_663,CTI (PS),238097.13235912294,start,ctiBeds,0.0,,,,
Patient_663,CTI (PS),258740.61043198482,complete,ctiBeds,0.0,,,,
Patient_663,CTI prepara Encaminhamento,258740.61043198482,start,,0.0,,,,
Patient_663,CTI prepara Encaminhamento,258791.4846409452,complete,,0.0,,,,
Patient_663,Encaminha_para a Clinica Medica,258791.4846409452,complete,,,para a Clinica Medica,258791.4846409452,,
Patient_663,Discharge,258791.4846409452,complete,,,,,,20694.35228182224
Patient_664,Arrival,238187.44614829528,complete,,0.0,,,,
Patient_664,Origem_do Pronto Socorro,238187.44614829528,complete,,,do Pronto Socorro,238187.44614829528,,
Patient_664,CTI (PS),238187.44614829528,start,ctiBeds,0.0,,,,
Patient_664,CTI (PS),252072.3907887127,complete,ctiBeds,0.0,,,,
Patient_664,CTI prepara Encaminhamento,252072.3907887127,start,,0.0,,,,
Patient_664,CTI prepara Encaminhamento,252124.29984173257,complete,,0.0,,,,
Patient_664,Encaminha_para a Clinica Medica,252124.29984173257,complete,,,para a Clinica Medica,252124.29984173257,,
Patient_664,Discharge,252124.29984173257,complete,,,,,,13936.853693437297
Patient_665,Arrival,239092.18078305028,complete,,0.0,,,,
Patient_665,Origem_do Centro Cirurgico,239092.18078305028,complete,,,do Centro Cirurgico,239092.18078305028,,
Patient_665,CTI (CC),239092.18078305028,start,ctiBeds,0.0,,,,
Patient_665,CTI (CC),245311.8667705304,complete,ctiBeds,0.0,,,,
Patient_665,CTI prepara Encaminhamento,245311.8667705304,start,,0.0,,,,
Patient_665,CTI prepara Encaminhamento,245348.22973330616,complete,,0.0,,,,
Patient_665,Encaminha_para a Clinica Cirurgica,245348.22973330616,complete,,,para a Clinica Cirurgica,245348.22973330616,,
Patient_665,Discharge,245348.22973330616,complete,,,,,,6256.048950255878
Patient_666,Arrival,239291.05134674313,complete,,0.0,,,,
Patient_666,Origem_do Pronto Socorro,239291.05134674313,complete,,,do Pronto Socorro,239291.05134674313,,
Patient_666,CTI (PS),239291.05134674313,start,ctiBeds,0.0,,,,
Patient_666,CTI (PS),249553.553136684,complete,ctiBeds,0.0,,,,
Patient_666,CTI prepara Encaminhamento,249553.553136684,start,,0.0,,,,
Patient_666,CTI prepara Encaminhamento,249610.70880506706,complete,,0.0,,,,
Patient_666,Encaminha_Obito,249610.70880506706,complete,,,Obito,249610.70880506706,,
Patient_666,Discharge,249610.70880506706,complete,,,,,,10319.657458323927
Patient_667,Arrival,239333.18365329583,complete,,0.0,,,,
Patient_667,Origem_do Pronto Socorro,239333.18365329583,complete,,,do Pronto Socorro,239333.18365329583,,
Patient_667,CTI (PS),239333.18365329583,start,ctiBeds,0.0,,,,
Patient_667,CTI (PS),276217.72365984705,complete,ctiBeds,0.0,,,,
Patient_667,CTI prepara Encaminhamento,276217.72365984705,start,,0.0,,,,
Patient_667,CTI prepara Encaminhamento,276272.39699585794,complete,,0.0,,,,
Patient_667,Encaminha_para a Clinica Medica,276272.39699585794,complete,,,para a Clinica Medica,276272.39699585794,,
Patient_667,Discharge,276272.39699585794,complete,,,,,,36939.213342562114
Patient_668,Arrival,239333.2493602301,complete,,0.0,,,,
Patient_668,Origem_do Pronto Socorro,239333.2493602301,complete,,,do Pronto Socorro,239333.2493602301,,
Patient_668,CTI (PS),239333.2493602301,start,ctiBeds,0.0,,,,
Patient_668,CTI (PS),241730.50338500427,complete,ctiBeds,0.0,,,,
Patient_668,CTI prepara Encaminhamento,241730.50338500427,start,,0.0,,,,
Patient_668,CTI prepara Encaminhamento,241764.69502954333,complete,,0.0,,,,
Patient_668,Encaminha_para a Clinica Medica,241764.69502954333,complete,,,para a Clinica Medica,241764.69502954333,,
Patient_668,Discharge,241764.69502954333,complete,,,,,,2431.4456693132233
Patient_669,Arrival,239777.77995455955,complete,,0.0,,,,
Patient_669,Origem_do Centro Cirurgico,239777.77995455955,complete,,,do Centro Cirurgico,239777.77995455955,,
Patient_669,CTI (CC),239777.77995455955,start,ctiBeds,0.0,,,,
Patient_669,CTI (CC),267977.4814867696,complete,ctiBeds,0.0,,,,
Patient_669,CTI prepara Encaminhamento,267977.4814867696,start,,0.0,,,,
Patient_669,CTI prepara Encaminhamento,268028.6931509227,complete,,0.0,,,,
Patient_669,Encaminha_para a Clinica Cirurgica,268028.6931509227,complete,,,para a Clinica Cirurgica,268028.6931509227,,
Patient_669,Discharge,268028.6931509227,complete,,,,,,28250.913196363166
Patient_67,Arrival,18024.1950760673,complete,,0.0,,,,
Patient_67,Origem_do Pronto Socorro,18024.1950760673,complete,,,do Pronto Socorro,18024.1950760673,,
Patient_67,CTI (PS),18024.1950760673,start,ctiBeds,0.0,,,,
Patient_67,CTI (PS),22832.037193010066,complete,ctiBeds,0.0,,,,
Patient_67,CTI prepara Encaminhamento,22832.037193010066,start,,0.0,,,,
Patient_67,CTI prepara Encaminhamento,22872.85230842706,complete,,0.0,,,,
Patient_67,Encaminha_para a Clinica Medica,22872.85230842706,complete,,,para a Clinica Medica,22872.85230842706,,
Patient_67,Discharge,22872.85230842706,complete,,,,,,4848.657232359761
Patient_670,Arrival,239973.2573547437,complete,,0.0,,,,
Patient_670,Origem_do Pronto Socorro,239973.2573547437,complete,,,do Pronto Socorro,239973.2573547437,,
Patient_670,CTI (PS),239973.2573547437,start,ctiBeds,0.0,,,,
Patient_670,CTI (PS),245160.55471126307,complete,ctiBeds,0.0,,,,
Patient_670,CTI prepara Encaminhamento,245160.55471126307,start,,0.0,,,,
Patient_670,CTI prepara Encaminhamento,245194.75967384665,complete,,0.0,,,,
Patient_670,Encaminha_para a Clinica Cirurgica,245194.75967384665,complete,,,para a Clinica Cirurgica,245194.75967384665,,
Patient_670,Discharge,245194.75967384665,complete,,,,,,5221.502319102961
Patient_671,Arrival,240063.23728241445,complete,,0.0,,,,
Patient_671,Origem_do Pronto Socorro,240063.23728241445,complete,,,do Pronto Socorro,240063.23728241445,,
Patient_671,CTI (PS),240063.23728241445,start,ctiBeds,0.0,,,,
Patient_671,CTI (PS),250161.87119334127,complete,ctiBeds,0.0,,,,
Patient_671,CTI prepara Encaminhamento,250161.87119334127,start,,0.0,,,,
Patient_671,CTI prepara Encaminhamento,250199.18462531627,complete,,0.0,,,,
Patient_671,Encaminha_Obito,250199.18462531627,complete,,,Obito,250199.18462531627,,
Patient_671,Discharge,250199.18462531627,complete,,,,,,10135.94734290181
Patient_672,Arrival,240072.74817016837,complete,,0.0,,,,
Patient_672,Origem_do Pronto Socorro,240072.74817016837,complete,,,do Pronto Socorro,240072.74817016837,,
Patient_672,CTI (PS),240072.74817016837,start,ctiBeds,0.0,,,,
Patient_672,CTI (PS),242258.5104093384,complete,ctiBeds,0.0,,,,
Patient_672,CTI prepara Encaminhamento,242258.5104093384,start,,0.0,,,,
Patient_672,CTI prepara Encaminhamento,242289.91136984812,complete,,0.0,,,,
Patient_672,Encaminha_para a Clinica Cirurgica,242289.91136984812,complete,,,para a Clinica Cirurgica,242289.91136984812,,
Patient_672,Discharge,242289.91136984812,complete,,,,,,2217.1631996797514
Patient_673,Arrival,240258.37188204096,complete,,0.0,,,,
Patient_673,Origem_do Pronto Socorro,240258.37188204096,complete,,,do Pronto Socorro,240258.37188204096,,
Patient_673,CTI (PS),240258.37188204096,start,ctiBeds,0.0,,,,
Patient_673,CTI (PS),276533.84693358064,complete,ctiBeds,0.0,,,,
Patient_673,CTI prepara Encaminhamento,276533.84693358064,start,,0.0,,,,
Patient_673,CTI prepara Encaminhamento,276584.3100215539,complete,,0.0,,,,
Patient_673,Encaminha_para a Clinica Medica,276584.3100215539,complete,,,para a Clinica Medica,276584.3100215539,,
Patient_673,Discharge,276584.3100215539,complete,,,,,,36325.93813951293
Patient_674,Arrival,240433.64192430506,complete,,0.0,,,,
Patient_674,Origem_do Pronto Socorro,240433.64192430506,complete,,,do Pronto Socorro,240433.64192430506,,
Patient_674,CTI (PS),240433.64192430506,start,ctiBeds,0.0,,,,
Patient_674,CTI (PS),249681.87504590632,complete,ctiBeds,0.0,,,,
Patient_674,CTI prepara Encaminhamento,249681.87504590632,start,,0.0,,,,
Patient_674,CTI prepara Encaminhamento,249733.40240867852,complete,,0.0,,,,
Patient_674,Encaminha_para a Clinica Cirurgica,249733.40240867852,complete,,,para a Clinica Cirurgica,249733.40240867852,,
Patient_674,Discharge,249733.40240867852,complete,,,,,,9299.760484373459
Patient_675,Arrival,240927.4314494358,complete,,0.0,,,,
Patient_675,Origem_do Centro Cirurgico,240927.4314494358,complete,,,do Centro Cirurgico,240927.4314494358,,
Patient_675,CTI (CC),240927.4314494358,start,ctiBeds,0.0,,,,
Patient_675,CTI (CC),244012.68404843356,complete,ctiBeds,0.0,,,,
Patient_675,CTI prepara Encaminhamento,244012.68404843356,start,,0.0,,,,
Patient_675,CTI prepara Encaminhamento,244058.98298794482,complete,,0.0,,,,
Patient_675,Encaminha_Obito,244058.98298794482,complete,,,Obito,244058.98298794482,,
Patient_675,Discharge,244058.98298794482,complete,,,,,,3131.5515385090257
Patient_676,Arrival,240945.48295949414,complete,,0.0,,,,
Patient_676,Origem_do Pronto Socorro,240945.48295949414,complete,,,do Pronto Socorro,240945.48295949414,,
Patient_676,CTI (PS),240945.48295949414,start,ctiBeds,0.0,,,,
Patient_676,CTI (PS),245383.1119985925,complete,ctiBeds,0.0,,,,
Patient_676,CTI prepara Encaminhamento,245383.1119985925,start,,0.0,,,,
Patient_676,CTI prepara Encaminhamento,245420.41890956726,complete,,0.0,,,,
Patient_676,Encaminha_Obito,245420.41890956726,complete,,,Obito,245420.41890956726,,
Patient_676,Discharge,245420.41890956726,complete,,,,,,4474.9359500731225
Patient_677,Arrival,241537.40072194033,complete,,0.0,,,,
Patient_677,Origem_do Centro Cirurgico,241537.40072194033,complete,,,do Centro Cirurgico,241537.40072194033,,
Patient_677,CTI (CC),241537.40072194033,start,ctiBeds,0.0,,,,
Patient_677,CTI (CC),250953.2455962865,complete,ctiBeds,0.0,,,,
Patient_677,CTI prepara Encaminhamento,250953.2455962865,start,,0.0,,,,
Patient_677,CTI prepara Encaminhamento,250993.34245439825,complete,,0.0,,,,
Patient_677,Encaminha_Transferencia Externa,250993.34245439825,complete,,,Transferencia Externa,250993.34245439825,,
Patient_677,Discharge,250993.34245439825,complete,,,,,,9455.941732457926
Patient_678,Arrival,241907.46370927576,complete,,0.0,,,,
Patient_678,Origem_do Centro Cirurgico,241907.46370927576,complete,,,do Centro Cirurgico,241907.46370927576,,
Patient_678,CTI (CC),241907.46370927576,start,ctiBeds,0.0,,,,
Patient_678,CTI (CC),250256.583496318,complete,ctiBeds,0.0,,,,
Patient_678,CTI prepara Encaminhamento,250256.583496318,start,,0.0,,,,
Patient_678,CTI prepara Encaminhamento,250308.4742020428,complete,,0.0,,,,
Patient_678,Encaminha_para a Clinica Cirurgica,250308.4742020428,complete,,,para a Clinica Cirurgica,250308.4742020428,,
Patient_678,Discharge,250308.4742020428,complete,,,,,,8401.010492767033
Patient_679,Arrival,242030.00966666563,complete,,0.0,,,,
Patient_679,Origem_da Clinica Medica,242030.00966666563,complete,,,da Clinica Medica,242030.00966666563,,
Patient_679,CTI (CLIM),242030.00966666563,start,ctiBeds,0.0,,,,
Patient_679,CTI (CLIM),247784.97149155344,complete,ctiBeds,0.0,,,,
Patient_679,CTI prepara Encaminhamento,247784.97149155344,start,,0.0,,,,
Patient_679,CTI prepara Encaminhamento,247831.41448598006,complete,,0.0,,,,
Patient_679,Encaminha_para a Clinica Medica,247831.41448598006,complete,,,para a Clinica Medica,247831.41448598006,,
Patient_679,Discharge,247831.41448598006,complete,,,,,,5801.404819314426
Patient_68,Arrival,18327.40437022045,complete,,0.0,,,,
Patient_68,Origem_do Pronto Socorro,18327.40437022045,complete,,,do Pronto Socorro,18327.40437022045,,
Patient_68,CTI (PS),18327.40437022045,start,ctiBeds,0.0,,,,
Patient_68,CTI (PS),45201.29899592341,complete,ctiBeds,0.0,,,,
Patient_68,CTI prepara Encaminhamento,45201.29899592341,start,,0.0,,,,
Patient_68,CTI prepara Encaminhamento,45253.00909085452,complete,,0.0,,,,
Patient_68,Encaminha_Obito,45253.00909085452,complete,,,Obito,45253.00909085452,,
Patient_68,Discharge,45253.00909085452,complete,,,,,,26925.604720634066
Patient_680,Arrival,242167.20738849975,complete,,0.0,,,,
Patient_680,Origem_do Centro Cirurgico,242167.20738849975,complete,,,do Centro Cirurgico,242167.20738849975,,
Patient_680,CTI (CC),242167.20738849975,start,ctiBeds,0.0,,,,
Patient_680,CTI (CC),246062.1954443058,complete,ctiBeds,0.0,,,,
Patient_680,CTI prepara Encaminhamento,246062.1954443058,start,,0.0,,,,
Patient_680,CTI prepara Encaminhamento,246112.63046430878,complete,,0.0,,,,
Patient_680,Encaminha_para a Clinica Medica,246112.63046430878,complete,,,para a Clinica Medica,246112.63046430878,,
Patient_680,Discharge,246112.63046430878,complete,,,,,,3945.423075809027
Patient_681,Arrival,242365.63416807159,complete,,0.0,,,,
Patient_681,Origem_do Centro Cirurgico,242365.63416807159,complete,,,do Centro Cirurgico,242365.63416807159,,
Patient_681,CTI (CC),242365.63416807159,start,ctiBeds,0.0,,,,
Patient_681,CTI (CC),313376.89261864166,complete,ctiBeds,0.0,,,,
Patient_681,CTI prepara Encaminhamento,313376.89261864166,start,,0.0,,,,
Patient_681,CTI prepara Encaminhamento,313417.60367959394,complete,,0.0,,,,
Patient_681,Encaminha_Transferencia Externa,313417.60367959394,complete,,,Transferencia Externa,313417.60367959394,,
Patient_681,Discharge,313417.60367959394,complete,,,,,,71051.96951152236
Patient_682,Arrival,242797.53403104193,complete,,0.0,,,,
Patient_682,Origem_do Centro Cirurgico,242797.53403104193,complete,,,do Centro Cirurgico,242797.53403104193,,
Patient_682,CTI (CC),242797.53403104193,start,ctiBeds,0.0,,,,
Patient_682,CTI (CC),251282.75945685874,complete,ctiBeds,0.0,,,,
Patient_682,CTI prepara Encaminhamento,251282.75945685874,start,,0.0,,,,
Patient_682,CTI prepara Encaminhamento,251329.87026920205,complete,,0.0,,,,
Patient_682,Encaminha_Obito,251329.87026920205,complete,,,Obito,251329.87026920205,,
Patient_682,Discharge,251329.87026920205,complete,,,,,,8532.336238160118
Patient_683,Arrival,242909.4052914537,complete,,0.0,,,,
Patient_683,Origem_do Pronto Socorro,242909.4052914537,complete,,,do Pronto Socorro,242909.4052914537,,
Patient_683,CTI (PS),242909.4052914537,start,ctiBeds,0.0,,,,
Patient_683,CTI (PS),266175.1705671987,complete,ctiBeds,0.0,,,,
Patient_683,CTI prepara Encaminhamento,266175.1705671987,start,,0.0,,,,
Patient_683,CTI prepara Encaminhamento,266214.3497417903,complete,,0.0,,,,
Patient_683,Encaminha_para a Clinica Cirurgica,266214.3497417903,complete,,,para a Clinica Cirurgica,266214.3497417903,,
Patient_683,Discharge,266214.3497417903,complete,,,,,,23304.944450336625
Patient_684,Arrival,243437.01494227804,complete,,0.0,,,,
Patient_684,Origem_do Pronto Socorro,243437.01494227804,complete,,,do Pronto Socorro,243437.01494227804,,
Patient_684,CTI (PS),243437.01494227804,start,ctiBeds,0.0,,,,
Patient_684,CTI (PS),251327.91689753477,complete,ctiBeds,0.0,,,,
Patient_684,CTI prepara Encaminhamento,251327.91689753477,start,,0.0,,,,
Patient_684,CTI prepara Encaminhamento,251387.90130904343,complete,,0.0,,,,
Patient_684,Encaminha_para a Clinica Medica,251387.90130904343,complete,,,para a Clinica Medica,251387.90130904343,,
Patient_684,Discharge,251387.90130904343,complete,,,,,,7950.886366765393
Patient_685,Arrival,243771.2346840397,complete,,0.0,,,,
Patient_685,Origem_do Pronto Socorro,243771.2346840397,complete,,,do Pronto Socorro,243771.2346840397,,
Patient_685,CTI (PS),243771.2346840397,start,ctiBeds,0.0,,,,
Patient_685,CTI (PS),252178.7006295851,complete,ctiBeds,0.0,,,,
Patient_685,CTI prepara Encaminhamento,252178.7006295851,start,,0.0,,,,
Patient_685,CTI prepara Encaminhamento,252216.44982457362,complete,,0.0,,,,
Patient_685,Encaminha_para a Clinica Medica,252216.44982457362,complete,,,para a Clinica Medica,252216.44982457362,,
Patient_685,Discharge,252216.44982457362,complete,,,,,,8445.215140533925
Patient_686,Arrival,244569.14007597524,complete,,0.0,,,,
Patient_686,Origem_do Pronto Socorro,244569.14007597524,complete,,,do Pronto Socorro,244569.14007597524,,
Patient_686,CTI (PS),244569.14007597524,start,ctiBeds,0.0,,,,
Patient_686,CTI (PS),263875.65405791195,complete,ctiBeds,0.0,,,,
Patient_686,CTI prepara Encaminhamento,263875.65405791195,start,,0.0,,,,
Patient_686,CTI prepara Encaminhamento,263928.20290198433,complete,,0.0,,,,
Patient_686,Encaminha_para a Clinica Cirurgica,263928.20290198433,complete,,,para a Clinica Cirurgica,263928.20290198433,,
Patient_686,Discharge,263928.20290198433,complete,,,,,,19359.06282600909
Patient_687,Arrival,244779.43220431323,complete,,0.0,,,,
Patient_687,Origem_do Centro Cirurgico,244779.43220431323,complete,,,do Centro Cirurgico,244779.43220431323,,
Patient_687,CTI (CC),244779.43220431323,start,ctiBeds,0.0,,,,
Patient_687,CTI (CC),246033.18154439333,complete,ctiBeds,0.0,,,,
Patient_687,CTI prepara Encaminhamento,246033.18154439333,start,,0.0,,,,
Patient_687,CTI prepara Encaminhamento,246089.9393743753,complete,,0.0,,,,
Patient_687,Encaminha_para a Clinica Medica,246089.9393743753,complete,,,para a Clinica Medica,246089.9393743753,,
Patient_687,Discharge,246089.9393743753,complete,,,,,,1310.5071700620756
Patient_688,Arrival,244916.89293449704,complete,,0.0,,,,
Patient_688,Origem_do Pronto Socorro,244916.89293449704,complete,,,do Pronto Socorro,244916.89293449704,,
Patient_688,CTI (PS),244916.89293449704,start,ctiBeds,0.0,,,,
Patient_688,CTI (PS),280852.3143357306,complete,ctiBeds,0.0,,,,
Patient_688,CTI prepara Encaminhamento,280852.3143357306,start,,0.0,,,,
Patient_688,CTI prepara Encaminhamento,280908.3855859416,complete,,0.0,,,,
Patient_688,Encaminha_para a Clinica Medica,280908.3855859416,complete,,,para a Clinica Medica,280908.3855859416,,
Patient_688,Discharge,280908.3855859416,complete,,,,,,35991.49265144457
Patient_689,Arrival,244956.62747491372,complete,,0.0,,,,
Patient_689,Origem_do Centro Cirurgico,244956.62747491372,complete,,,do Centro Cirurgico,244956.62747491372,,
Patient_689,CTI (CC),245160.55471126307,start,ctiBeds,0.0,,,,
Patient_689,CTI (CC),250544.90730850396,complete,ctiBeds,0.0,,,,
Patient_689,CTI prepara Encaminhamento,250544.90730850396,start,,0.0,,,,
Patient_689,CTI prepara Encaminhamento,250589.43727484436,complete,,0.0,,,,
Patient_689,Encaminha_para a Clinica Cirurgica,250589.43727484436,complete,,,para a Clinica Cirurgica,250589.43727484436,,
Patient_689,Discharge,250589.43727484436,complete,,,,,,5632.809799930634
Patient_69,Arrival,18330.919861213875,complete,,0.0,,,,
Patient_69,Origem_do Centro Cirurgico,18330.919861213875,complete,,,do Centro Cirurgico,18330.919861213875,,
Patient_69,CTI (CC),18330.919861213875,start,ctiBeds,0.0,,,,
Patient_69,CTI (CC),44832.81993725779,complete,ctiBeds,0.0,,,,
Patient_69,CTI prepara Encaminhamento,44832.81993725779,start,,0.0,,,,
Patient_69,CTI prepara Encaminhamento,44889.97047610271,complete,,0.0,,,,
Patient_69,Encaminha_para a Clinica Medica,44889.97047610271,complete,,,para a Clinica Medica,44889.97047610271,,
Patient_69,Discharge,44889.97047610271,complete,,,,,,26559.050614888834
Patient_690,Arrival,246436.05767718315,complete,,0.0,,,,
Patient_690,Origem_do Pronto Socorro,246436.05767718315,complete,,,do Pronto Socorro,246436.05767718315,,
Patient_690,CTI (PS),246436.05767718315,start,ctiBeds,0.0,,,,
Patient_690,CTI (PS),248721.34150552572,complete,ctiBeds,0.0,,,,
Patient_690,CTI prepara Encaminhamento,248721.34150552572,start,,0.0,,,,
Patient_690,CTI prepara Encaminhamento,248753.45023337365,complete,,0.0,,,,
Patient_690,Encaminha_Obito,248753.45023337365,complete,,,Obito,248753.45023337365,,
Patient_690,Discharge,248753.45023337365,complete,,,,,,2317.3925561904907
Patient_691,Arrival,247005.92162654063,complete,,0.0,,,,
Patient_691,Origem_do Centro Cirurgico,247005.92162654063,complete,,,do Centro Cirurgico,247005.92162654063,,
Patient_691,CTI (CC),247005.92162654063,start,ctiBeds,0.0,,,,
Patient_691,CTI (CC),254318.4259766567,complete,ctiBeds,0.0,,,,
Patient_691,CTI prepara Encaminhamento,254318.4259766567,start,,0.0,,,,
Patient_691,CTI prepara Encaminhamento,254368.6227749394,complete,,0.0,,,,
Patient_691,Encaminha_para a Clinica Cirurgica,254368.6227749394,complete,,,para a Clinica Cirurgica,254368.6227749394,,
Patient_691,Discharge,254368.6227749394,complete,,,,,,7362.7011483987735
Patient_692,Arrival,248662.64222314782,complete,,0.0,,,,
Patient_692,Origem_da Clinica Cirurgica,248662.64222314782,complete,,,da Clinica Cirurgica,248662.64222314782,,
Patient_692,CTI (CLIC),248662.64222314782,start,ctiBeds,0.0,,,,
Patient_692,CTI (CLIC),253516.42368960887,complete,ctiBeds,0.0,,,,
Patient_692,CTI prepara Encaminhamento,253516.42368960887,start,,0.0,,,,
Patient_692,CTI prepara Encaminhamento,253554.29052252308,complete,,0.0,,,,
Patient_692,Encaminha_Transferencia Externa,253554.29052252308,complete,,,Transferencia Externa,253554.29052252308,,
Patient_692,Discharge,253554.29052252308,complete,,,,,,4891.648299375258
Patient_693,Arrival,248738.00306137875,complete,,0.0,,,,
Patient_693,Origem_do Pronto Socorro,248738.00306137875,complete,,,do Pronto Socorro,248738.00306137875,,
Patient_693,CTI (PS),248738.00306137875,start,ctiBeds,0.0,,,,
Patient_693,CTI (PS),250293.58130429962,complete,ctiBeds,0.0,,,,
Patient_693,CTI prepara Encaminhamento,250293.58130429962,start,,0.0,,,,
Patient_693,CTI prepara Encaminhamento,250341.6812221161,complete,,0.0,,,,
Patient_693,Encaminha_para a Clinica Medica,250341.6812221161,complete,,,para a Clinica Medica,250341.6812221161,,
Patient_693,Discharge,250341.6812221161,complete,,,,,,1603.678160737356
Patient_694,Arrival,249177.375469551,complete,,0.0,,,,
Patient_694,Origem_do Pronto Socorro,249177.375469551,complete,,,do Pronto Socorro,249177.375469551,,
Patient_694,CTI (PS),249177.375469551,start,ctiBeds,0.0,,,,
Patient_694,CTI (PS),270584.63852071925,complete,ctiBeds,0.0,,,,
Patient_694,CTI prepara Encaminhamento,270584.63852071925,start,,0.0,,,,
Patient_694,CTI prepara Encaminhamento,270625.90958916297,complete,,0.0,,,,
Patient_694,Encaminha_para a Clinica Medica,270625.90958916297,complete,,,para a Clinica Medica,270625.90958916297,,
Patient_694,Discharge,270625.90958916297,complete,,,,,,21448.534119611955
Patient_695,Arrival,249190.69107121744,complete,,0.0,,,,
Patient_695,Origem_do Centro Cirurgico,249190.69107121744,complete,,,do Centro Cirurgico,249190.69107121744,,
Patient_695,CTI (CC),249190.69107121744,start,ctiBeds,0.0,,,,
Patient_695,CTI (CC),250439.94883529912,complete,ctiBeds,0.0,,,,
Patient_695,CTI prepara Encaminhamento,250439.94883529912,start,,0.0,,,,
Patient_695,CTI prepara Encaminhamento,250493.00222006475,complete,,0.0,,,,
Patient_695,Encaminha_para a Clinica Medica,250493.00222006475,complete,,,para a Clinica Medica,250493.00222006475,,
Patient_695,Discharge,250493.00222006475,complete,,,,,,1302.3111488473078
Patient_696,Arrival,249955.1559258194,complete,,0.0,,,,
Patient_696,Origem_do Centro Cirurgico,249955.1559258194,complete,,,do Centro Cirurgico,249955.1559258194,,
Patient_696,CTI (CC),249955.1559258194,start,ctiBeds,0.0,,,,
Patient_696,CTI (CC),254053.32272198988,complete,ctiBeds,0.0,,,,
Patient_696,CTI prepara Encaminhamento,254053.32272198988,start,,0.0,,,,
Patient_696,CTI prepara Encaminhamento,254092.96815642968,complete,,0.0,,,,
Patient_696,Encaminha_para a Clinica Medica,254092.96815642968,complete,,,para a Clinica Medica,254092.96815642968,,
Patient_696,Discharge,254092.96815642968,complete,,,,,,4137.812230610289
Patient_697,Arrival,250193.61650780446,complete,,0.0,,,,
Patient_697,Origem_do Pronto Socorro,250193.61650780446,complete,,,do Pronto Socorro,250193.61650780446,,
Patient_697,CTI (PS),250193.61650780446,start,ctiBeds,0.0,,,,
Patient_697,CTI (PS),258257.42588080882,complete,ctiBeds,0.0,,,,
Patient_697,CTI prepara Encaminhamento,258257.42588080882,start,,0.0,,,,
Patient_697,CTI prepara Encaminhamento,258293.063292714,complete,,0.0,,,,
Patient_697,Encaminha_para a Clinica Medica,258293.063292714,complete,,,para a Clinica Medica,258293.063292714,,
Patient_697,Discharge,258293.063292714,complete,,,,,,8099.446784909553
Patient_698,Arrival,250546.33280252854,complete,,0.0,,,,
Patient_698,Origem_do Centro Cirurgico,250546.33280252854,complete,,,do Centro Cirurgico,250546.33280252854,,
Patient_698,CTI (CC),250546.33280252854,start,ctiBeds,0.0,,,,
Patient_698,CTI (CC),267941.82053835096,complete,ctiBeds,0.0,,,,
Patient_698,CTI prepara Encaminhamento,267941.82053835096,start,,0.0,,,,
Patient_698,CTI prepara Encaminhamento,267979.29481490154,complete,,0.0,,,,
Patient_698,Encaminha_para a Clinica Medica,267979.29481490154,complete,,,para a Clinica Medica,267979.29481490154,,
Patient_698,Discharge,267979.29481490154,complete,,,,,,17432.962012373
Patient_699,Arrival,251293.3451624334,complete,,0.0,,,,
Patient_699,Origem_do Pronto Socorro,251293.3451624334,complete,,,do Pronto Socorro,251293.3451624334,,
Patient_699,CTI (PS),251293.3451624334,start,ctiBeds,0.0,,,,
Patient_699,CTI (PS),300585.5434626707,complete,ctiBeds,0.0,,,,
Patient_699,CTI prepara Encaminhamento,300585.5434626707,start,,0.0,,,,
Patient_699,CTI prepara Encaminhamento,300638.90893016383,complete,,0.0,,,,
Patient_699,Encaminha_Obito,300638.90893016383,complete,,,Obito,300638.90893016383,,
Patient_699,Discharge,300638.90893016383,complete,,,,,,49345.56376773043
Patient_7,Arrival,1628.1555582058668,complete,,0.0,,,,
Patient_7,Origem_da Clinica Cirurgica,1628.1555582058668,complete,,,da Clinica Cirurgica,1628.1555582058668,,
Patient_7,CTI (CLIC),1628.1555582058668,start,ctiBeds,0.0,,,,
Patient_7,CTI (CLIC),11427.926154263248,complete,ctiBeds,0.0,,,,
Patient_7,CTI prepara Encaminhamento,11427.926154263248,start,,0.0,,,,
Patient_7,CTI prepara Encaminhamento,11481.201657771833,complete,,0.0,,,,
Patient_7,Encaminha_para a Clinica Cirurgica,11481.201657771833,complete,,,para a Clinica Cirurgica,11481.201657771833,,
Patient_7,Discharge,11481.201657771833,complete,,,,,,9853.046099565967
Patient_70,Arrival,18802.14797754025,complete,,0.0,,,,
Patient_70,Origem_do Pronto Socorro,18802.14797754025,complete,,,do Pronto Socorro,18802.14797754025,,
Patient_70,CTI (PS),18802.14797754025,start,ctiBeds,0.0,,,,
Patient_70,CTI (PS),32150.048899647314,complete,ctiBeds,0.0,,,,
Patient_70,CTI prepara Encaminhamento,32150.048899647314,start,,0.0,,,,
Patient_70,CTI prepara Encaminhamento,32189.80154521919,complete,,0.0,,,,
Patient_70,Encaminha_para o Centro Cirurgico,32189.80154521919,complete,,,para o Centro Cirurgico,32189.80154521919,,
Patient_70,Discharge,32189.80154521919,complete,,,,,,13387.653567678939
Patient_700,Arrival,251568.7303599057,complete,,0.0,,,,
Patient_700,Origem_do Pronto Socorro,251568.7303599057,complete,,,do Pronto Socorro,251568.7303599057,,
Patient_700,CTI (PS),251568.7303599057,start,ctiBeds,0.0,,,,
Patient_700,CTI (PS),268095.4802822665,complete,ctiBeds,0.0,,,,
Patient_700,CTI prepara Encaminhamento,268095.4802822665,start,,0.0,,,,
Patient_700,CTI prepara Encaminhamento,268137.40053040645,complete,,0.0,,,,
Patient_700,Encaminha_para a Clinica Medica,268137.40053040645,complete,,,para a Clinica Medica,268137.40053040645,,
Patient_700,Discharge,268137.40053040645,complete,,,,,,16568.670170500758
Patient_701,Arrival,252131.25106727792,complete,,0.0,,,,
Patient_701,Origem_do Centro Cirurgico,252131.25106727792,complete,,,do Centro Cirurgico,252131.25106727792,,
Patient_701,CTI (CC),252131.25106727792,start,ctiBeds,0.0,,,,
Patient_701,CTI (CC),252399.1728104639,complete,ctiBeds,0.0,,,,
Patient_701,CTI prepara Encaminhamento,252399.1728104639,start,,0.0,,,,
Patient_701,CTI prepara Encaminhamento,252438.13618136998,complete,,0.0,,,,
Patient_701,Encaminha_para o Centro Cirurgico,252438.13618136998,complete,,,para o Centro Cirurgico,252438.13618136998,,
Patient_701,Discharge,252438.13618136998,complete,,,,,,306.88511409205967
Patient_702,Arrival,252506.17489066813,complete,,0.0,,,,
Patient_702,Origem_do Centro Cirurgico,252506.17489066813,complete,,,do Centro Cirurgico,252506.17489066813,,
Patient_702,CTI (CC),252506.17489066813,start,ctiBeds,0.0,,,,
Patient_702,CTI (CC),267894.8240886067,complete,ctiBeds,0.0,,,,
Patient_702,CTI prepara Encaminhamento,267894.8240886067,start,,0.0,,,,
Patient_702,CTI prepara Encaminhamento,267950.510495813,complete,,0.0,,,,
Patient_702,Encaminha_para a Clinica Medica,267950.510495813,complete,,,para a Clinica Medica,267950.510495813,,
Patient_702,Discharge,267950.510495813,complete,,,,,,15444.33560514485
Patient_703,Arrival,252928.21614695707,complete,,0.0,,,,
Patient_703,Origem_do Pronto Socorro,252928.21614695707,complete,,,do Pronto Socorro,252928.21614695707,,
Patient_703,CTI (PS),252928.21614695707,start,ctiBeds,0.0,,,,
Patient_703,CTI (PS),254814.13434447735,complete,ctiBeds,0.0,,,,
Patient_703,CTI prepara Encaminhamento,254814.13434447735,start,,0.0,,,,
Patient_703,CTI prepara Encaminhamento,254867.93532235757,complete,,0.0,,,,
Patient_703,Encaminha_para a Clinica Cirurgica,254867.93532235757,complete,,,para a Clinica Cirurgica,254867.93532235757,,
Patient_703,Discharge,254867.93532235757,complete,,,,,,1939.7191754005034
Patient_704,Arrival,253057.8027621238,complete,,0.0,,,,
Patient_704,Origem_do Pronto Socorro,253057.8027621238,complete,,,do Pronto Socorro,253057.8027621238,,
Patient_704,CTI (PS),253057.8027621238,start,ctiBeds,0.0,,,,
Patient_704,CTI (PS),258402.06649985077,complete,ctiBeds,0.0,,,,
Patient_704,CTI prepara Encaminhamento,258402.06649985077,start,,0.0,,,,
Patient_704,CTI prepara Encaminhamento,258440.08774187008,complete,,0.0,,,,
Patient_704,Encaminha_para a Clinica Cirurgica,258440.08774187008,complete,,,para a Clinica Cirurgica,258440.08774187008,,
Patient_704,Discharge,258440.08774187008,complete,,,,,,5382.2849797462695
Patient_705,Arrival,253107.37290065602,complete,,0.0,,,,
Patient_705,Origem_do Pronto Socorro,253107.37290065602,complete,,,do Pronto Socorro,253107.37290065602,,
Patient_705,CTI (PS),253107.37290065602,start,ctiBeds,0.0,,,,
Patient_705,CTI (PS),256629.62843216918,complete,ctiBeds,0.0,,,,
Patient_705,CTI prepara Encaminhamento,256629.62843216918,start,,0.0,,,,
Patient_705,CTI prepara Encaminhamento,256670.04188104798,complete,,0.0,,,,
Patient_705,Encaminha_para a Clinica Medica,256670.04188104798,complete,,,para a Clinica Medica,256670.04188104798,,
Patient_705,Discharge,256670.04188104798,complete,,,,,,3562.668980391958
Patient_706,Arrival,253153.49586538112,complete,,0.0,,,,
Patient_706,Origem_do Pronto Socorro,253153.49586538112,complete,,,do Pronto Socorro,253153.49586538112,,
Patient_706,CTI (PS),253153.49586538112,start,ctiBeds,0.0,,,,
Patient_706,CTI (PS),264224.6836146805,complete,ctiBeds,0.0,,,,
Patient_706,CTI prepara Encaminhamento,264224.6836146805,start,,0.0,,,,
Patient_706,CTI prepara Encaminhamento,264275.74359534204,complete,,0.0,,,,
Patient_706,Encaminha_para a Clinica Cirurgica,264275.74359534204,complete,,,para a Clinica Cirurgica,264275.74359534204,,
Patient_706,Discharge,264275.74359534204,complete,,,,,,11122.247729960916
Patient_707,Arrival,253201.91767417127,complete,,0.0,,,,
Patient_707,Origem_do Pronto Socorro,253201.91767417127,complete,,,do Pronto Socorro,253201.91767417127,,
Patient_707,CTI (PS),253201.91767417127,start,ctiBeds,0.0,,,,
Patient_707,CTI (PS),293516.2591941351,complete,ctiBeds,0.0,,,,
Patient_707,CTI prepara Encaminhamento,293516.2591941351,start,,0.0,,,,
Patient_707,CTI prepara Encaminhamento,293557.9125042699,complete,,0.0,,,,
Patient_707,Encaminha_para a Clinica Cirurgica,293557.9125042699,complete,,,para a Clinica Cirurgica,293557.9125042699,,
Patient_707,Discharge,293557.9125042699,complete,,,,,,40355.99483009864
Patient_708,Arrival,253441.1297506884,complete,,0.0,,,,
Patient_708,Origem_do Centro Cirurgico,253441.1297506884,complete,,,do Centro Cirurgico,253441.1297506884,,
Patient_708,CTI (CC),253441.1297506884,start,ctiBeds,0.0,,,,
Patient_708,CTI (CC),309471.0817521011,complete,ctiBeds,0.0,,,,
Patient_708,CTI prepara Encaminhamento,309471.0817521011,start,,0.0,,,,
Patient_708,CTI prepara Encaminhamento,309511.7036296787,complete,,0.0,,,,
Patient_708,Encaminha_para a Clinica Medica,309511.7036296787,complete,,,para a Clinica Medica,309511.7036296787,,
Patient_708,Discharge,309511.7036296787,complete,,,,,,56070.57387899031
Patient_709,Arrival,253450.11090522626,complete,,0.0,,,,
Patient_709,Origem_da Clinica Medica,253450.11090522626,complete,,,da Clinica Medica,253450.11090522626,,
Patient_709,CTI (CLIM),253450.11090522626,start,ctiBeds,0.0,,,,
Patient_709,CTI (CLIM),281233.7498919005,complete,ctiBeds,0.0,,,,
Patient_709,CTI prepara Encaminhamento,281233.7498919005,start,,0.0,,,,
Patient_709,CTI prepara Encaminhamento,281266.05477317795,complete,,0.0,,,,
Patient_709,Encaminha_para a Clinica Medica,281266.05477317795,complete,,,para a Clinica Medica,281266.05477317795,,
Patient_709,Discharge,281266.05477317795,complete,,,,,,27815.94386795169
Patient_71,Arrival,19447.684304550385,complete,,0.0,,,,
Patient_71,Origem_do Centro Cirurgico,19447.684304550385,complete,,,do Centro Cirurgico,19447.684304550385,,
Patient_71,CTI (CC),19447.684304550385,start,ctiBeds,0.0,,,,
Patient_71,CTI (CC),20100.812770845412,complete,ctiBeds,0.0,,,,
Patient_71,CTI prepara Encaminhamento,20100.812770845412,start,,0.0,,,,
Patient_71,CTI prepara Encaminhamento,20149.881523148746,complete,,0.0,,,,
Patient_71,Encaminha_para a Clinica Medica,20149.881523148746,complete,,,para a Clinica Medica,20149.881523148746,,
Patient_71,Discharge,20149.881523148746,complete,,,,,,702.1972185983614
Patient_710,Arrival,254232.3935613557,complete,,0.0,,,,
Patient_710,Origem_da Clinica Medica,254232.3935613557,complete,,,da Clinica Medica,254232.3935613557,,
Patient_710,CTI (CLIM),254232.3935613557,start,ctiBeds,0.0,,,,
Patient_710,CTI (CLIM),256829.70417690373,complete,ctiBeds,0.0,,,,
Patient_710,CTI prepara Encaminhamento,256829.70417690373,start,,0.0,,,,
Patient_710,CTI prepara Encaminhamento,256860.8607746691,complete,,0.0,,,,
Patient_710,Encaminha_para a Clinica Medica,256860.8607746691,complete,,,para a Clinica Medica,256860.8607746691,,
Patient_710,Discharge,256860.8607746691,complete,,,,,,2628.4672133133863
Patient_711,Arrival,254328.84228768377,complete,,0.0,,,,
Patient_711,Origem_do Centro Cirurgico,254328.84228768377,complete,,,do Centro Cirurgico,254328.84228768377,,
Patient_711,CTI (CC),254328.84228768377,start,ctiBeds,0.0,,,,
Patient_711,CTI (CC),256296.25704252126,complete,ctiBeds,0.0,,,,
Patient_711,CTI prepara Encaminhamento,256296.25704252126,start,,0.0,,,,
Patient_711,CTI prepara Encaminhamento,256339.45326630035,complete,,0.0,,,,
Patient_711,Encaminha_Obito,256339.45326630035,complete,,,Obito,256339.45326630035,,
Patient_711,Discharge,256339.45326630035,complete,,,,,,2010.6109786165762
Patient_712,Arrival,254480.72743571494,complete,,0.0,,,,
Patient_712,Origem_do Pronto Socorro,254480.72743571494,complete,,,do Pronto Socorro,254480.72743571494,,
Patient_712,CTI (PS),254480.72743571494,start,ctiBeds,0.0,,,,
Patient_712,CTI (PS),257770.1238032401,complete,ctiBeds,0.0,,,,
Patient_712,CTI prepara Encaminhamento,257770.1238032401,start,,0.0,,,,
Patient_712,CTI prepara Encaminhamento,257819.3035608571,complete,,0.0,,,,
Patient_712,Encaminha_para a Clinica Medica,257819.3035608571,complete,,,para a Clinica Medica,257819.3035608571,,
Patient_712,Discharge,257819.3035608571,complete,,,,,,3338.5761251421645
Patient_713,Arrival,254768.89296884753,complete,,0.0,,,,
Patient_713,Origem_do Centro Cirurgico,254768.89296884753,complete,,,do Centro Cirurgico,254768.89296884753,,
Patient_713,CTI (CC),254768.89296884753,start,ctiBeds,0.0,,,,
Patient_713,CTI (CC),263520.4456244013,complete,ctiBeds,0.0,,,,
Patient_713,CTI prepara Encaminhamento,263520.4456244013,start,,0.0,,,,
Patient_713,CTI prepara Encaminhamento,263561.9377669772,complete,,0.0,,,,
Patient_713,Encaminha_para a Clinica Medica,263561.9377669772,complete,,,para a Clinica Medica,263561.9377669772,,
Patient_713,Discharge,263561.9377669772,complete,,,,,,8793.044798129646
Patient_714,Arrival,255029.32960608142,complete,,0.0,,,,
Patient_714,Origem_do Centro Cirurgico,255029.32960608142,complete,,,do Centro Cirurgico,255029.32960608142,,
Patient_714,CTI (CC),255029.32960608142,start,ctiBeds,0.0,,,,
Patient_714,CTI (CC),255553.60584731624,complete,ctiBeds,0.0,,,,
Patient_714,CTI prepara Encaminhamento,255553.60584731624,start,,0.0,,,,
Patient_714,CTI prepara Encaminhamento,255598.9890082934,complete,,0.0,,,,
Patient_714,Encaminha_Obito,255598.9890082934,complete,,,Obito,255598.9890082934,,
Patient_714,Discharge,255598.9890082934,complete,,,,,,569.6594022119825
Patient_715,Arrival,255216.566262419,complete,,0.0,,,,
Patient_715,Origem_do Pronto Socorro,255216.566262419,complete,,,do Pronto Socorro,255216.566262419,,
Patient_715,CTI (PS),255216.566262419,start,ctiBeds,0.0,,,,
Patient_715,CTI (PS),271169.02107232506,complete,ctiBeds,0.0,,,,
Patient_715,CTI prepara Encaminhamento,271169.02107232506,start,,0.0,,,,
Patient_715,CTI prepara Encaminhamento,271200.74311831966,complete,,0.0,,,,
Patient_715,Encaminha_Obito,271200.74311831966,complete,,,Obito,271200.74311831966,,
Patient_715,Discharge,271200.74311831966,complete,,,,,,15984.176855900674
Patient_716,Arrival,256316.69635551109,complete,,0.0,,,,
Patient_716,Origem_do Centro Cirurgico,256316.69635551109,complete,,,do Centro Cirurgico,256316.69635551109,,
Patient_716,CTI (CC),256316.69635551109,start,ctiBeds,0.0,,,,
Patient_716,CTI (CC),260072.75519587222,complete,ctiBeds,0.0,,,,
Patient_716,CTI prepara Encaminhamento,260072.75519587222,start,,0.0,,,,
Patient_716,CTI prepara Encaminhamento,260129.90985651212,complete,,0.0,,,,
Patient_716,Encaminha_para a Clinica Cirurgica,260129.90985651212,complete,,,para a Clinica Cirurgica,260129.90985651212,,
Patient_716,Discharge,260129.90985651212,complete,,,,,,3813.213501001039
Patient_717,Arrival,256760.606250728,complete,,0.0,,,,
Patient_717,Origem_do Pronto Socorro,256760.606250728,complete,,,do Pronto Socorro,256760.606250728,,
Patient_717,CTI (PS),256760.606250728,start,ctiBeds,0.0,,,,
Patient_717,CTI (PS),270189.15037663386,complete,ctiBeds,0.0,,,,
Patient_717,CTI prepara Encaminhamento,270189.15037663386,start,,0.0,,,,
Patient_717,CTI prepara Encaminhamento,270247.2056344862,complete,,0.0,,,,
Patient_717,Encaminha_para a Clinica Cirurgica,270247.2056344862,complete,,,para a Clinica Cirurgica,270247.2056344862,,
Patient_717,Discharge,270247.2056344862,complete,,,,,,13486.599383758235
Patient_718,Arrival,257322.76432520457,complete,,0.0,,,,
Patient_718,Origem_da Clinica Cirurgica,257322.76432520457,complete,,,da Clinica Cirurgica,257322.76432520457,,
Patient_718,CTI (CLIC),257322.76432520457,start,ctiBeds,0.0,,,,
Patient_718,CTI (CLIC),266997.4066778515,complete,ctiBeds,0.0,,,,
Patient_718,CTI prepara Encaminhamento,266997.4066778515,start,,0.0,,,,
Patient_718,CTI prepara Encaminhamento,267034.0493900758,complete,,0.0,,,,
Patient_718,Encaminha_para a Clinica Cirurgica,267034.0493900758,complete,,,para a Clinica Cirurgica,267034.0493900758,,
Patient_718,Discharge,267034.0493900758,complete,,,,,,9711.28506487122
Patient_719,Arrival,257338.51411205318,complete,,0.0,,,,
Patient_719,Origem_do Pronto Socorro,257338.51411205318,complete,,,do Pronto Socorro,257338.51411205318,,
Patient_719,CTI (PS),257338.51411205318,start,ctiBeds,0.0,,,,
Patient_719,CTI (PS),264833.33652114135,complete,ctiBeds,0.0,,,,
Patient_719,CTI prepara Encaminhamento,264833.33652114135,start,,0.0,,,,
Patient_719,CTI prepara Encaminhamento,264875.0637845597,complete,,0.0,,,,
Patient_719,Encaminha_para a Clinica Medica,264875.0637845597,complete,,,para a Clinica Medica,264875.0637845597,,
Patient_719,Discharge,264875.0637845597,complete,,,,,,7536.549672506546
Patient_72,Arrival,19612.18999515844,complete,,0.0,,,,
Patient_72,Origem_do Pronto Socorro,19612.18999515844,complete,,,do Pronto Socorro,19612.18999515844,,
Patient_72,CTI (PS),19612.18999515844,start,ctiBeds,0.0,,,,
Patient_72,CTI (PS),38044.1423404292,complete,ctiBeds,0.0,,,,
Patient_72,CTI prepara Encaminhamento,38044.1423404292,start,,0.0,,,,
Patient_72,CTI prepara Encaminhamento,38093.9343849466,complete,,0.0,,,,
Patient_72,Encaminha_Obito,38093.9343849466,complete,,,Obito,38093.9343849466,,
Patient_72,Discharge,38093.9343849466,complete,,,,,,18481.744389788164
Patient_720,Arrival,257551.30245231572,complete,,0.0,,,,
Patient_720,Origem_do Pronto Socorro,257551.30245231572,complete,,,do Pronto Socorro,257551.30245231572,,
Patient_720,CTI (PS),257551.30245231572,start,ctiBeds,0.0,,,,
Patient_720,CTI (PS),264611.28835808823,complete,ctiBeds,0.0,,,,
Patient_720,CTI prepara Encaminhamento,264611.28835808823,start,,0.0,,,,
Patient_720,CTI prepara Encaminhamento,264662.24593862443,complete,,0.0,,,,
Patient_720,Encaminha_para a Clinica Cirurgica,264662.24593862443,complete,,,para a Clinica Cirurgica,264662.24593862443,,
Patient_720,Discharge,264662.24593862443,complete,,,,,,7110.943486308708
Patient_721,Arrival,258250.57051698447,complete,,0.0,,,,
Patient_721,Origem_do Centro Cirurgico,258250.57051698447,complete,,,do Centro Cirurgico,258250.57051698447,,
Patient_721,CTI (CC),258250.57051698447,start,ctiBeds,0.0,,,,
Patient_721,CTI (CC),284723.0180525691,complete,ctiBeds,0.0,,,,
Patient_721,CTI prepara Encaminhamento,284723.0180525691,start,,0.0,,,,
Patient_721,CTI prepara Encaminhamento,284775.11681908095,complete,,0.0,,,,
Patient_721,Encaminha_para a Clinica Medica,284775.11681908095,complete,,,para a Clinica Medica,284775.11681908095,,
Patient_721,Discharge,284775.11681908095,complete,,,,,,26524.54630209648
Patient_722,Arrival,258991.52826323602,complete,,0.0,,,,
Patient_722,Origem_da Clinica Medica,258991.52826323602,complete,,,da Clinica Medica,258991.52826323602,,
Patient_722,CTI (CLIM),258991.52826323602,start,ctiBeds,0.0,,,,
Patient_722,CTI (CLIM),260200.36893810512,complete,ctiBeds,0.0,,,,
Patient_722,CTI prepara Encaminhamento,260200.36893810512,start,,0.0,,,,
Patient_722,CTI prepara Encaminhamento,260254.15445507146,complete,,0.0,,,,
Patient_722,Encaminha_para a Clinica Medica,260254.15445507146,complete,,,para a Clinica Medica,260254.15445507146,,
Patient_722,Discharge,260254.15445507146,complete,,,,,,1262.626191835443
Patient_723,Arrival,259305.15247406802,complete,,0.0,,,,
Patient_723,Origem_do Centro Cirurgico,259305.15247406802,complete,,,do Centro Cirurgico,259305.15247406802,,
Patient_723,CTI (CC),259305.15247406802,start,ctiBeds,0.0,,,,
Patient_723,CTI (CC),278797.8279808933,complete,ctiBeds,0.0,,,,
Patient_723,CTI prepara Encaminhamento,278797.8279808933,start,,0.0,,,,
Patient_723,CTI prepara Encaminhamento,278833.8200608421,complete,,0.0,,,,
Patient_723,Encaminha_para a Clinica Cirurgica,278833.8200608421,complete,,,para a Clinica Cirurgica,278833.8200608421,,
Patient_723,Discharge,278833.8200608421,complete,,,,,,19528.66758677407
Patient_724,Arrival,259342.07301860498,complete,,0.0,,,,
Patient_724,Origem_do Centro Cirurgico,259342.07301860498,complete,,,do Centro Cirurgico,259342.07301860498,,
Patient_724,CTI (CC),259342.07301860498,start,ctiBeds,0.0,,,,
Patient_724,CTI (CC),260402.0533457797,complete,ctiBeds,0.0,,,,
Patient_724,CTI prepara Encaminhamento,260402.0533457797,start,,0.0,,,,
Patient_724,CTI prepara Encaminhamento,260436.85848561634,complete,,0.0,,,,
Patient_724,Encaminha_para a Clinica Medica,260436.85848561634,complete,,,para a Clinica Medica,260436.85848561634,,
Patient_724,Discharge,260436.85848561634,complete,,,,,,1094.7854670113593
Patient_725,Arrival,260144.68151892835,complete,,0.0,,,,
Patient_725,Origem_do Centro Cirurgico,260144.68151892835,complete,,,do Centro Cirurgico,260144.68151892835,,
Patient_725,CTI (CC),260144.68151892835,start,ctiBeds,0.0,,,,
Patient_725,CTI (CC),263512.38229141256,complete,ctiBeds,0.0,,,,
Patient_725,CTI prepara Encaminhamento,263512.38229141256,start,,0.0,,,,
Patient_725,CTI prepara Encaminhamento,263569.47941266984,complete,,0.0,,,,
Patient_725,Encaminha_para a Clinica Medica,263569.47941266984,complete,,,para a Clinica Medica,263569.47941266984,,
Patient_725,Discharge,263569.47941266984,complete,,,,,,3424.797893741488
Patient_726,Arrival,260205.953913342,complete,,0.0,,,,
Patient_726,Origem_da Clinica Cirurgica,260205.953913342,complete,,,da Clinica Cirurgica,260205.953913342,,
Patient_726,CTI (CLIC),260205.953913342,start,ctiBeds,0.0,,,,
Patient_726,CTI (CLIC),269233.67592754134,complete,ctiBeds,0.0,,,,
Patient_726,CTI prepara Encaminhamento,269233.67592754134,start,,0.0,,,,
Patient_726,CTI prepara Encaminhamento,269281.46143864666,complete,,0.0,,,,
Patient_726,Encaminha_Obito,269281.46143864666,complete,,,Obito,269281.46143864666,,
Patient_726,Discharge,269281.46143864666,complete,,,,,,9075.507525304653
Patient_727,Arrival,260888.3265648957,complete,,0.0,,,,
Patient_727,Origem_do Centro Cirurgico,260888.3265648957,complete,,,do Centro Cirurgico,260888.3265648957,,
Patient_727,CTI (CC),260888.3265648957,start,ctiBeds,0.0,,,,
Patient_727,CTI (CC),266169.89204974944,complete,ctiBeds,0.0,,,,
Patient_727,CTI prepara Encaminhamento,266169.89204974944,start,,0.0,,,,
Patient_727,CTI prepara Encaminhamento,266216.9497693043,complete,,0.0,,,,
Patient_727,Encaminha_Obito,266216.9497693043,complete,,,Obito,266216.9497693043,,
Patient_727,Discharge,266216.9497693043,complete,,,,,,5328.623204408621
Patient_728,Arrival,261410.386590483,complete,,0.0,,,,
Patient_728,Origem_da Clinica Cirurgica,261410.386590483,complete,,,da Clinica Cirurgica,261410.386590483,,
Patient_728,CTI (CLIC),261410.386590483,start,ctiBeds,0.0,,,,
Patient_728,CTI (CLIC),269251.1980865036,complete,ctiBeds,0.0,,,,
Patient_728,CTI prepara Encaminhamento,269251.1980865036,start,,0.0,,,,
Patient_728,CTI prepara Encaminhamento,269281.9369796689,complete,,0.0,,,,
Patient_728,Encaminha_para a Clinica Cirurgica,269281.9369796689,complete,,,para a Clinica Cirurgica,269281.9369796689,,
Patient_728,Discharge,269281.9369796689,complete,,,,,,7871.550389185926
Patient_729,Arrival,261414.20006622185,complete,,0.0,,,,
Patient_729,Origem_do Centro Cirurgico,261414.20006622185,complete,,,do Centro Cirurgico,261414.20006622185,,
Patient_729,CTI (CC),261414.20006622185,start,ctiBeds,0.0,,,,
Patient_729,CTI (CC),265161.66840474994,complete,ctiBeds,0.0,,,,
Patient_729,CTI prepara Encaminhamento,265161.66840474994,start,,0.0,,,,
Patient_729,CTI prepara Encaminhamento,265215.82580145856,complete,,0.0,,,,
Patient_729,Encaminha_para a Clinica Cirurgica,265215.82580145856,complete,,,para a Clinica Cirurgica,265215.82580145856,,
Patient_729,Discharge,265215.82580145856,complete,,,,,,3801.62573523671
Patient_73,Arrival,19655.944096023093,complete,,0.0,,,,
Patient_73,Origem_do Pronto Socorro,19655.944096023093,complete,,,do Pronto Socorro,19655.944096023093,,
Patient_73,CTI (PS),19655.944096023093,start,ctiBeds,0.0,,,,
Patient_73,CTI (PS),22840.491909581066,complete,ctiBeds,0.0,,,,
Patient_73,CTI prepara Encaminhamento,22840.491909581066,start,,0.0,,,,
Patient_73,CTI prepara Encaminhamento,22882.794396075955,complete,,0.0,,,,
Patient_73,Encaminha_Obito,22882.794396075955,complete,,,Obito,22882.794396075955,,
Patient_73,Discharge,22882.794396075955,complete,,,,,,3226.8503000528617
Patient_730,Arrival,261925.97647846548,complete,,0.0,,,,
Patient_730,Origem_do Pronto Socorro,261925.97647846548,complete,,,do Pronto Socorro,261925.97647846548,,
Patient_730,CTI (PS),261925.97647846548,start,ctiBeds,0.0,,,,
Patient_730,CTI (PS),262442.8600385516,complete,ctiBeds,0.0,,,,
Patient_730,CTI prepara Encaminhamento,262442.8600385516,start,,0.0,,,,
Patient_730,CTI prepara Encaminhamento,262499.735949408,complete,,0.0,,,,
Patient_730,Encaminha_para a Clinica Cirurgica,262499.735949408,complete,,,para a Clinica Cirurgica,262499.735949408,,
Patient_730,Discharge,262499.735949408,complete,,,,,,573.7594709424884
Patient_731,Arrival,262784.08956511493,complete,,0.0,,,,
Patient_731,Origem_do Pronto Socorro,262784.08956511493,complete,,,do Pronto Socorro,262784.08956511493,,
Patient_731,CTI (PS),262784.08956511493,start,ctiBeds,0.0,,,,
Patient_731,CTI (PS),282474.72981108824,complete,ctiBeds,0.0,,,,
Patient_731,CTI prepara Encaminhamento,282474.72981108824,start,,0.0,,,,
Patient_731,CTI prepara Encaminhamento,282527.1364772215,complete,,0.0,,,,
Patient_731,Encaminha_Obito,282527.1364772215,complete,,,Obito,282527.1364772215,,
Patient_731,Discharge,282527.1364772215,complete,,,,,,19743.04691210657
Patient_732,Arrival,262809.3246520724,complete,,0.0,,,,
Patient_732,Origem_do Pronto Socorro,262809.3246520724,complete,,,do Pronto Socorro,262809.3246520724,,
Patient_732,CTI (PS),262809.3246520724,start,ctiBeds,0.0,,,,
Patient_732,CTI (PS),269085.5725116244,complete,ctiBeds,0.0,,,,
Patient_732,CTI prepara Encaminhamento,269085.5725116244,start,,0.0,,,,
Patient_732,CTI prepara Encaminhamento,269135.7932617467,complete,,0.0,,,,
Patient_732,Encaminha_para a Clinica Cirurgica,269135.7932617467,complete,,,para a Clinica Cirurgica,269135.7932617467,,
Patient_732,Discharge,269135.7932617467,complete,,,,,,6326.46860967431
Patient_733,Arrival,262825.89548181527,complete,,0.0,,,,
Patient_733,Origem_do Centro Cirurgico,262825.89548181527,complete,,,do Centro Cirurgico,262825.89548181527,,
Patient_733,CTI (CC),262825.89548181527,start,ctiBeds,0.0,,,,
Patient_733,CTI (CC),265769.24120005005,complete,ctiBeds,0.0,,,,
Patient_733,CTI prepara Encaminhamento,265769.24120005005,start,,0.0,,,,
Patient_733,CTI prepara Encaminhamento,265823.4295456326,complete,,0.0,,,,
Patient_733,Encaminha_Obito,265823.4295456326,complete,,,Obito,265823.4295456326,,
Patient_733,Discharge,265823.4295456326,complete,,,,,,2997.534063817351
Patient_734,Arrival,263287.35135872953,complete,,0.0,,,,
Patient_734,Origem_do Pronto Socorro,263287.35135872953,complete,,,do Pronto Socorro,263287.35135872953,,
Patient_734,CTI (PS),263287.35135872953,start,ctiBeds,0.0,,,,
Patient_734,CTI (PS),277260.2064737302,complete,ctiBeds,0.0,,,,
Patient_734,CTI prepara Encaminhamento,277260.2064737302,start,,0.0,,,,
Patient_734,CTI prepara Encaminhamento,277317.9458141648,complete,,0.0,,,,
Patient_734,Encaminha_para a Clinica Cirurgica,277317.9458141648,complete,,,para a Clinica Cirurgica,277317.9458141648,,
Patient_734,Discharge,277317.9458141648,complete,,,,,,14030.59445543529
Patient_735,Arrival,263517.5815213595,complete,,0.0,,,,
Patient_735,Origem_do Centro Cirurgico,263517.5815213595,complete,,,do Centro Cirurgico,263517.5815213595,,
Patient_735,CTI (CC),263517.5815213595,start,ctiBeds,0.0,,,,
Patient_735,CTI (CC),374554.59058492805,complete,ctiBeds,0.0,,,,
Patient_735,CTI prepara Encaminhamento,374554.59058492805,start,,0.0,,,,
Patient_735,CTI prepara Encaminhamento,374594.67851832305,complete,,0.0,,,,
Patient_735,Encaminha_para a Clinica Medica,374594.67851832305,complete,,,para a Clinica Medica,374594.67851832305,,
Patient_735,Discharge,374594.67851832305,complete,,,,,,111077.09699696355
Patient_736,Arrival,264392.9444864317,complete,,0.0,,,,
Patient_736,Origem_do Pronto Socorro,264392.9444864317,complete,,,do Pronto Socorro,264392.9444864317,,
Patient_736,CTI (PS),264392.9444864317,start,ctiBeds,0.0,,,,
Patient_736,CTI (PS),267390.36793502816,complete,ctiBeds,0.0,,,,
Patient_736,CTI prepara Encaminhamento,267390.36793502816,start,,0.0,,,,
Patient_736,CTI prepara Encaminhamento,267447.71531078796,complete,,0.0,,,,
Patient_736,Encaminha_para a Clinica Cirurgica,267447.71531078796,complete,,,para a Clinica Cirurgica,267447.71531078796,,
Patient_736,Discharge,267447.71531078796,complete,,,,,,3054.7708243562374
Patient_737,Arrival,264585.1551702818,complete,,0.0,,,,
Patient_737,Origem_do Centro Cirurgico,264585.1551702818,complete,,,do Centro Cirurgico,264585.1551702818,,
Patient_737,CTI (CC),264585.1551702818,start,ctiBeds,0.0,,,,
Patient_737,CTI (CC),303446.26356222335,complete,ctiBeds,0.0,,,,
Patient_737,CTI prepara Encaminhamento,303446.26356222335,start,,0.0,,,,
Patient_737,CTI prepara Encaminhamento,303482.5737626877,complete,,0.0,,,,
Patient_737,Encaminha_para a Clinica Cirurgica,303482.5737626877,complete,,,para a Clinica Cirurgica,303482.5737626877,,
Patient_737,Discharge,303482.5737626877,complete,,,,,,38897.418592405855
Patient_738,Arrival,264595.9719725917,complete,,0.0,,,,
Patient_738,Origem_do Centro Cirurgico,264595.9719725917,complete,,,do Centro Cirurgico,264595.9719725917,,
Patient_738,CTI (CC),264595.9719725917,start,ctiBeds,0.0,,,,
Patient_738,CTI (CC),269386.7631531668,complete,ctiBeds,0.0,,,,
Patient_738,CTI prepara Encaminhamento,269386.7631531668,start,,0.0,,,,
Patient_738,CTI prepara Encaminhamento,269436.5081111371,complete,,0.0,,,,
Patient_738,Encaminha_para a Maternidade,269436.5081111371,complete,,,para a Maternidade,269436.5081111371,,
Patient_738,Discharge,269436.5081111371,complete,,,,,,4840.5361385453725
Patient_739,Arrival,264748.5813003568,complete,,0.0,,,,
Patient_739,Origem_do Pronto Socorro,264748.5813003568,complete,,,do Pronto Socorro,264748.5813003568,,
Patient_739,CTI (PS),264748.5813003568,start,ctiBeds,0.0,,,,
Patient_739,CTI (PS),268396.8300750395,complete,ctiBeds,0.0,,,,
Patient_739,CTI prepara Encaminhamento,268396.8300750395,start,,0.0,,,,
Patient_739,CTI prepara Encaminhamento,268449.4259898283,complete,,0.0,,,,
Patient_739,Encaminha_para a Clinica Cirurgica,268449.4259898283,complete,,,para a Clinica Cirurgica,268449.4259898283,,
Patient_739,Discharge,268449.4259898283,complete,,,,,,3700.8446894715307
Patient_74,Arrival,20314.026050383818,complete,,0.0,,,,
Patient_74,Origem_do Centro Cirurgico,20314.026050383818,complete,,,do Centro Cirurgico,20314.026050383818,,
Patient_74,CTI (CC),20314.026050383818,start,ctiBeds,0.0,,,,
Patient_74,CTI (CC),22103.027134127824,complete,ctiBeds,0.0,,,,
Patient_74,CTI prepara Encaminhamento,22103.027134127824,start,,0.0,,,,
Patient_74,CTI prepara Encaminhamento,22149.076639842944,complete,,0.0,,,,
Patient_74,Encaminha_Obito,22149.076639842944,complete,,,Obito,22149.076639842944,,
Patient_74,Discharge,22149.076639842944,complete,,,,,,1835.050589459126
Patient_740,Arrival,265284.8941456765,complete,,0.0,,,,
Patient_740,Origem_do Pronto Socorro,265284.8941456765,complete,,,do Pronto Socorro,265284.8941456765,,
Patient_740,CTI (PS),265284.8941456765,start,ctiBeds,0.0,,,,
Patient_740,CTI (PS),276939.18583738565,complete,ctiBeds,0.0,,,,
Patient_740,CTI prepara Encaminhamento,276939.18583738565,start,,0.0,,,,
Patient_740,CTI prepara Encaminhamento,276996.4624211584,complete,,0.0,,,,
Patient_740,Encaminha_para a Clinica Medica,276996.4624211584,complete,,,para a Clinica Medica,276996.4624211584,,
Patient_740,Discharge,276996.4624211584,complete,,,,,,11711.56827548187
Patient_741,Arrival,265561.4828375377,complete,,0.0,,,,
Patient_741,Origem_do Centro Cirurgico,265561.4828375377,complete,,,do Centro Cirurgico,265561.4828375377,,
Patient_741,CTI (CC),265561.4828375377,start,ctiBeds,0.0,,,,
Patient_741,CTI (CC),309949.4204356884,complete,ctiBeds,0.0,,,,
Patient_741,CTI prepara Encaminhamento,309949.4204356884,start,,0.0,,,,
Patient_741,CTI prepara Encaminhamento,309997.61235118075,complete,,0.0,,,,
Patient_741,Encaminha_Obito,309997.61235118075,complete,,,Obito,309997.61235118075,,
Patient_741,Discharge,309997.61235118075,complete,,,,,,44436.12951364304
Patient_742,Arrival,265584.81887128163,complete,,0.0,,,,
Patient_742,Origem_do Centro Cirurgico,265584.81887128163,complete,,,do Centro Cirurgico,265584.81887128163,,
Patient_742,CTI (CC),265584.81887128163,start,ctiBeds,0.0,,,,
Patient_742,CTI (CC),287727.8028267654,complete,ctiBeds,0.0,,,,
Patient_742,CTI prepara Encaminhamento,287727.8028267654,start,,0.0,,,,
Patient_742,CTI prepara Encaminhamento,287776.71267660253,complete,,0.0,,,,
Patient_742,Encaminha_Transferencia Externa,287776.71267660253,complete,,,Transferencia Externa,287776.71267660253,,
Patient_742,Discharge,287776.71267660253,complete,,,,,,22191.8938053209
Patient_743,Arrival,265987.9992119778,complete,,0.0,,,,
Patient_743,Origem_do Pronto Socorro,265987.9992119778,complete,,,do Pronto Socorro,265987.9992119778,,
Patient_743,CTI (PS),265987.9992119778,start,ctiBeds,0.0,,,,
Patient_743,CTI (PS),281033.4847676997,complete,ctiBeds,0.0,,,,
Patient_743,CTI prepara Encaminhamento,281033.4847676997,start,,0.0,,,,
Patient_743,CTI prepara Encaminhamento,281083.35681035457,complete,,0.0,,,,
Patient_743,Encaminha_para a Clinica Cirurgica,281083.35681035457,complete,,,para a Clinica Cirurgica,281083.35681035457,,
Patient_743,Discharge,281083.35681035457,complete,,,,,,15095.357598376751
Patient_744,Arrival,266122.6522388956,complete,,0.0,,,,
Patient_744,Origem_do Centro Cirurgico,266122.6522388956,complete,,,do Centro Cirurgico,266122.6522388956,,
Patient_744,CTI (CC),266122.6522388956,start,ctiBeds,0.0,,,,
Patient_744,CTI (CC),271296.34388874925,complete,ctiBeds,0.0,,,,
Patient_744,CTI prepara Encaminhamento,271296.34388874925,start,,0.0,,,,
Patient_744,CTI prepara Encaminhamento,271341.73957286536,complete,,0.0,,,,
Patient_744,Encaminha_Obito,271341.73957286536,complete,,,Obito,271341.73957286536,,
Patient_744,Discharge,271341.73957286536,complete,,,,,,5219.087333969772
Patient_745,Arrival,266531.22780548694,complete,,0.0,,,,
Patient_745,Origem_do Pronto Socorro,266531.22780548694,complete,,,do Pronto Socorro,266531.22780548694,,
Patient_745,CTI (PS),266531.22780548694,start,ctiBeds,0.0,,,,
Patient_745,CTI (PS),267944.954102489,complete,ctiBeds,0.0,,,,
Patient_745,CTI prepara Encaminhamento,267944.954102489,start,,0.0,,,,
Patient_745,CTI prepara Encaminhamento,267986.49668229796,complete,,0.0,,,,
Patient_745,Encaminha_para a Clinica Cirurgica,267986.49668229796,complete,,,para a Clinica Cirurgica,267986.49668229796,,
Patient_745,Discharge,267986.49668229796,complete,,,,,,1455.2688768110238
Patient_746,Arrival,266563.6514065175,complete,,0.0,,,,
Patient_746,Origem_do Pronto Socorro,266563.6514065175,complete,,,do Pronto Socorro,266563.6514065175,,
Patient_746,CTI (PS),266563.6514065175,start,ctiBeds,0.0,,,,
Patient_746,CTI (PS),286742.88055714883,complete,ctiBeds,0.0,,,,
Patient_746,CTI prepara Encaminhamento,286742.88055714883,start,,0.0,,,,
Patient_746,CTI prepara Encaminhamento,286776.6161421546,complete,,0.0,,,,
Patient_746,Encaminha_Obito,286776.6161421546,complete,,,Obito,286776.6161421546,,
Patient_746,Discharge,286776.6161421546,complete,,,,,,20212.964735637128
Patient_747,Arrival,266674.3174889695,complete,,0.0,,,,
Patient_747,Origem_do Pronto Socorro,266674.3174889695,complete,,,do Pronto Socorro,266674.3174889695,,
Patient_747,CTI (PS),266997.4066778515,start,ctiBeds,0.0,,,,
Patient_747,CTI (PS),300300.8316033573,complete,ctiBeds,0.0,,,,
Patient_747,CTI prepara Encaminhamento,300300.8316033573,start,,0.0,,,,
Patient_747,CTI prepara Encaminhamento,300351.7326615818,complete,,0.0,,,,
Patient_747,Encaminha_para a Clinica Cirurgica,300351.7326615818,complete,,,para a Clinica Cirurgica,300351.7326615818,,
Patient_747,Discharge,300351.7326615818,complete,,,,,,33677.415172612295
Patient_748,Arrival,266948.1361113675,complete,,0.0,,,,
Patient_748,Origem_do Centro Cirurgico,266948.1361113675,complete,,,do Centro Cirurgico,266948.1361113675,,
Patient_748,CTI (CC),267390.36793502816,start,ctiBeds,0.0,,,,
Patient_748,CTI (CC),297084.48150266556,complete,ctiBeds,0.0,,,,
Patient_748,CTI prepara Encaminhamento,297084.48150266556,start,,0.0,,,,
Patient_748,CTI prepara Encaminhamento,297120.44392584584,complete,,0.0,,,,
Patient_748,Encaminha_para a Maternidade,297120.44392584584,complete,,,para a Maternidade,297120.44392584584,,
Patient_748,Discharge,297120.44392584584,complete,,,,,,30172.30781447835
Patient_749,Arrival,267267.4136727311,complete,,0.0,,,,
Patient_749,Origem_do Pronto Socorro,267267.4136727311,complete,,,do Pronto Socorro,267267.4136727311,,
Patient_749,CTI (PS),267894.8240886067,start,ctiBeds,0.0,,,,
Patient_749,CTI (PS),285532.9589924259,complete,ctiBeds,0.0,,,,
Patient_749,CTI prepara Encaminhamento,285532.9589924259,start,,0.0,,,,
Patient_749,CTI prepara Encaminhamento,285583.1236521615,complete,,0.0,,,,
Patient_749,Encaminha_para a Clinica Medica,285583.1236521615,complete,,,para a Clinica Medica,285583.1236521615,,
Patient_749,Discharge,285583.1236521615,complete,,,,,,18315.709979430423
Patient_75,Arrival,20820.963136486385,complete,,0.0,,,,
Patient_75,Origem_do Centro Cirurgico,20820.963136486385,complete,,,do Centro Cirurgico,20820.963136486385,,
Patient_75,CTI (CC),20820.963136486385,start,ctiBeds,0.0,,,,
Patient_75,CTI (CC),21676.979259343036,complete,ctiBeds,0.0,,,,
Patient_75,CTI prepara Encaminhamento,21676.979259343036,start,,0.0,,,,
Patient_75,CTI prepara Encaminhamento,21707.097175527848,complete,,0.0,,,,
Patient_75,Encaminha_para a Clinica Cirurgica,21707.097175527848,complete,,,para a Clinica Cirurgica,21707.097175527848,,
Patient_75,Discharge,21707.097175527848,complete,,,,,,886.1340390414625
Patient_750,Arrival,267297.3015623414,complete,,0.0,,,,
Patient_750,Origem_da Clinica Cirurgica,267297.3015623414,complete,,,da Clinica Cirurgica,267297.3015623414,,
Patient_750,CTI (CLIC),267941.82053835096,start,ctiBeds,0.0,,,,
Patient_750,CTI (CLIC),275193.1127743292,complete,ctiBeds,0.0,,,,
Patient_750,CTI prepara Encaminhamento,275193.1127743292,start,,0.0,,,,
Patient_750,CTI prepara Encaminhamento,275245.18541428394,complete,,0.0,,,,
Patient_750,Encaminha_para a Clinica Medica,275245.18541428394,complete,,,para a Clinica Medica,275245.18541428394,,
Patient_750,Discharge,275245.18541428394,complete,,,,,,7947.883851942548
Patient_751,Arrival,267446.81567177473,complete,,0.0,,,,
Patient_751,Origem_da Clinica Cirurgica,267446.81567177473,complete,,,da Clinica Cirurgica,267446.81567177473,,
Patient_751,CTI (CLIC),267944.954102489,start,ctiBeds,0.0,,,,
Patient_751,CTI (CLIC),277170.61418613844,complete,ctiBeds,0.0,,,,
Patient_751,CTI prepara Encaminhamento,277170.61418613844,start,,0.0,,,,
Patient_751,CTI prepara Encaminhamento,277205.41913746163,complete,,0.0,,,,
Patient_751,Encaminha_Transferencia Externa,277205.41913746163,complete,,,Transferencia Externa,277205.41913746163,,
Patient_751,Discharge,277205.41913746163,complete,,,,,,9758.603465686901
Patient_752,Arrival,267493.79802333977,complete,,0.0,,,,
Patient_752,Origem_da Clinica Medica,267493.79802333977,complete,,,da Clinica Medica,267493.79802333977,,
Patient_752,CTI (CLIM),267977.4814867696,start,ctiBeds,0.0,,,,
Patient_752,CTI (CLIM),268141.792257523,complete,ctiBeds,0.0,,,,
Patient_752,CTI prepara Encaminhamento,268141.792257523,start,,0.0,,,,
Patient_752,CTI prepara Encaminhamento,268200.34134098364,complete,,0.0,,,,
Patient_752,Encaminha_para a Clinica Medica,268200.34134098364,complete,,,para a Clinica Medica,268200.34134098364,,
Patient_752,Discharge,268200.34134098364,complete,,,,,,706.5433176438673
Patient_753,Arrival,268080.28286836937,complete,,0.0,,,,
Patient_753,Origem_do Centro Cirurgico,268080.28286836937,complete,,,do Centro Cirurgico,268080.28286836937,,
Patient_753,CTI (CC),268095.4802822665,start,ctiBeds,0.0,,,,
Patient_753,CTI (CC),274713.8040053386,complete,ctiBeds,0.0,,,,
Patient_753,CTI prepara Encaminhamento,274713.8040053386,start,,0.0,,,,
Patient_753,CTI prepara Encaminhamento,274749.9609564574,complete,,0.0,,,,
Patient_753,Encaminha_para a Clinica Cirurgica,274749.9609564574,complete,,,para a Clinica Cirurgica,274749.9609564574,,
Patient_753,Discharge,274749.9609564574,complete,,,,,,6669.678088088054
Patient_754,Arrival,268560.01262189215,complete,,0.0,,,,
Patient_754,Origem_da Clinica Medica,268560.01262189215,complete,,,da Clinica Medica,268560.01262189215,,
Patient_754,CTI (CLIM),268560.01262189215,start,ctiBeds,0.0,,,,
Patient_754,CTI (CLIM),270096.58214506163,complete,ctiBeds,0.0,,,,
Patient_754,CTI prepara Encaminhamento,270096.58214506163,start,,0.0,,,,
Patient_754,CTI prepara Encaminhamento,270140.2012687626,complete,,0.0,,,,
Patient_754,Encaminha_para a Clinica Medica,270140.2012687626,complete,,,para a Clinica Medica,270140.2012687626,,
Patient_754,Discharge,270140.2012687626,complete,,,,,,1580.1886468704324
Patient_755,Arrival,268634.6696652042,complete,,0.0,,,,
Patient_755,Origem_da Clinica Cirurgica,268634.6696652042,complete,,,da Clinica Cirurgica,268634.6696652042,,
Patient_755,CTI (CLIC),268634.6696652042,start,ctiBeds,0.0,,,,
Patient_755,CTI (CLIC),278628.21641060343,complete,ctiBeds,0.0,,,,
Patient_755,CTI prepara Encaminhamento,278628.21641060343,start,,0.0,,,,
Patient_755,CTI prepara Encaminhamento,278662.8943082205,complete,,0.0,,,,
Patient_755,Encaminha_para a Clinica Cirurgica,278662.8943082205,complete,,,para a Clinica Cirurgica,278662.8943082205,,
Patient_755,Discharge,278662.8943082205,complete,,,,,,10028.224643016292
Patient_756,Arrival,268702.12556810083,complete,,0.0,,,,
Patient_756,Origem_do Centro Cirurgico,268702.12556810083,complete,,,do Centro Cirurgico,268702.12556810083,,
Patient_756,CTI (CC),269085.5725116244,start,ctiBeds,0.0,,,,
Patient_756,CTI (CC),270841.52911411005,complete,ctiBeds,0.0,,,,
Patient_756,CTI prepara Encaminhamento,270841.52911411005,start,,0.0,,,,
Patient_756,CTI prepara Encaminhamento,270873.34895493276,complete,,0.0,,,,
Patient_756,Encaminha_para a Clinica Cirurgica,270873.34895493276,complete,,,para a Clinica Cirurgica,270873.34895493276,,
Patient_756,Discharge,270873.34895493276,complete,,,,,,2171.223386831931
Patient_757,Arrival,269052.01018004224,complete,,0.0,,,,
Patient_757,Origem_do Pronto Socorro,269052.01018004224,complete,,,do Pronto Socorro,269052.01018004224,,
Patient_757,CTI (PS),269233.67592754134,start,ctiBeds,0.0,,,,
Patient_757,CTI (PS),277252.5690081988,complete,ctiBeds,0.0,,,,
Patient_757,CTI prepara Encaminhamento,277252.5690081988,start,,0.0,,,,
Patient_757,CTI prepara Encaminhamento,277284.81730810367,complete,,0.0,,,,
Patient_757,Encaminha_para a Clinica Medica,277284.81730810367,complete,,,para a Clinica Medica,277284.81730810367,,
Patient_757,Discharge,277284.81730810367,complete,,,,,,8232.807128061424
Patient_758,Arrival,269643.93568119494,complete,,0.0,,,,
Patient_758,Origem_do Centro Cirurgico,269643.93568119494,complete,,,do Centro Cirurgico,269643.93568119494,,
Patient_758,CTI (CC),269643.93568119494,start,ctiBeds,0.0,,,,
Patient_758,CTI (CC),270723.20523520996,complete,ctiBeds,0.0,,,,
Patient_758,CTI prepara Encaminhamento,270723.20523520996,start,,0.0,,,,
Patient_758,CTI prepara Encaminhamento,270770.93847794476,complete,,0.0,,,,
Patient_758,Encaminha_Transferencia Externa,270770.93847794476,complete,,,Transferencia Externa,270770.93847794476,,
Patient_758,Discharge,270770.93847794476,complete,,,,,,1127.0027967498172
Patient_759,Arrival,270068.9847891376,complete,,0.0,,,,
Patient_759,Origem_da Clinica Medica,270068.9847891376,complete,,,da Clinica Medica,270068.9847891376,,
Patient_759,CTI (CLIM),270068.9847891376,start,ctiBeds,0.0,,,,
Patient_759,CTI (CLIM),289850.62646764476,complete,ctiBeds,0.0,,,,
Patient_759,CTI prepara Encaminhamento,289850.62646764476,start,,0.0,,,,
Patient_759,CTI prepara Encaminhamento,289898.5009956545,complete,,0.0,,,,
Patient_759,Encaminha_para a Clinica Cirurgica,289898.5009956545,complete,,,para a Clinica Cirurgica,289898.5009956545,,
Patient_759,Discharge,289898.5009956545,complete,,,,,,19829.516206516884
Patient_76,Arrival,21372.249470240902,complete,,0.0,,,,
Patient_76,Origem_da Clinica Medica,21372.249470240902,complete,,,da Clinica Medica,21372.249470240902,,
Patient_76,CTI (CLIM),21372.249470240902,start,ctiBeds,0.0,,,,
Patient_76,CTI (CLIM),23945.236430835663,complete,ctiBeds,0.0,,,,
Patient_76,CTI prepara Encaminhamento,23945.236430835663,start,,0.0,,,,
Patient_76,CTI prepara Encaminhamento,23998.33204165998,complete,,0.0,,,,
Patient_76,Encaminha_para a Clinica Cirurgica,23998.33204165998,complete,,,para a Clinica Cirurgica,23998.33204165998,,
Patient_76,Discharge,23998.33204165998,complete,,,,,,2626.0825714190796
Patient_760,Arrival,270507.7946287864,complete,,0.0,,,,
Patient_760,Origem_do Pronto Socorro,270507.7946287864,complete,,,do Pronto Socorro,270507.7946287864,,
Patient_760,CTI (PS),270507.7946287864,start,ctiBeds,0.0,,,,
Patient_760,CTI (PS),276093.21956143616,complete,ctiBeds,0.0,,,,
Patient_760,CTI prepara Encaminhamento,276093.21956143616,start,,0.0,,,,
Patient_760,CTI prepara Encaminhamento,276142.79046456114,complete,,0.0,,,,
Patient_760,Encaminha_Obito,276142.79046456114,complete,,,Obito,276142.79046456114,,
Patient_760,Discharge,276142.79046456114,complete,,,,,,5634.995835774753
Patient_761,Arrival,274113.0021808547,complete,,0.0,,,,
Patient_761,Origem_do Pronto Socorro,274113.0021808547,complete,,,do Pronto Socorro,274113.0021808547,,
Patient_761,CTI (PS),274113.0021808547,start,ctiBeds,0.0,,,,
Patient_761,CTI (PS),278312.06378621334,complete,ctiBeds,0.0,,,,
Patient_761,CTI prepara Encaminhamento,278312.06378621334,start,,0.0,,,,
Patient_761,CTI prepara Encaminhamento,278354.9217652415,complete,,0.0,,,,
Patient_761,Encaminha_para a Maternidade,278354.9217652415,complete,,,para a Maternidade,278354.9217652415,,
Patient_761,Discharge,278354.9217652415,complete,,,,,,4241.919584386807
Patient_762,Arrival,274538.3208793264,complete,,0.0,,,,
Patient_762,Origem_do Centro Cirurgico,274538.3208793264,complete,,,do Centro Cirurgico,274538.3208793264,,
Patient_762,CTI (CC),274538.3208793264,start,ctiBeds,0.0,,,,
Patient_762,CTI (CC),276883.7666816322,complete,ctiBeds,0.0,,,,
Patient_762,CTI prepara Encaminhamento,276883.7666816322,start,,0.0,,,,
Patient_762,CTI prepara Encaminhamento,276938.6017283672,complete,,0.0,,,,
Patient_762,Encaminha_para a Clinica Cirurgica,276938.6017283672,complete,,,para a Clinica Cirurgica,276938.6017283672,,
Patient_762,Discharge,276938.6017283672,complete,,,,,,2400.280849040835
Patient_763,Arrival,274785.7284888743,complete,,0.0,,,,
Patient_763,Origem_do Pronto Socorro,274785.7284888743,complete,,,do Pronto Socorro,274785.7284888743,,
Patient_763,CTI (PS),274785.7284888743,start,ctiBeds,0.0,,,,
Patient_763,CTI (PS),285807.6716814577,complete,ctiBeds,0.0,,,,
Patient_763,CTI prepara Encaminhamento,285807.6716814577,start,,0.0,,,,
Patient_763,CTI prepara Encaminhamento,285837.945893042,complete,,0.0,,,,
Patient_763,Encaminha_para a Clinica Cirurgica,285837.945893042,complete,,,para a Clinica Cirurgica,285837.945893042,,
Patient_763,Discharge,285837.945893042,complete,,,,,,11052.21740416775
Patient_764,Arrival,275105.419167849,complete,,0.0,,,,
Patient_764,Origem_do Pronto Socorro,275105.419167849,complete,,,do Pronto Socorro,275105.419167849,,
Patient_764,CTI (PS),275105.419167849,start,ctiBeds,0.0,,,,
Patient_764,CTI (PS),276991.8069842744,complete,ctiBeds,0.0,,,,
Patient_764,CTI prepara Encaminhamento,276991.8069842744,start,,0.0,,,,
Patient_764,CTI prepara Encaminhamento,277026.4980395584,complete,,0.0,,,,
Patient_764,Encaminha_para a Clinica Cirurgica,277026.4980395584,complete,,,para a Clinica Cirurgica,277026.4980395584,,
Patient_764,Discharge,277026.4980395584,complete,,,,,,1921.078871709411
Patient_765,Arrival,275683.84345322254,complete,,0.0,,,,
Patient_765,Origem_do Pronto Socorro,275683.84345322254,complete,,,do Pronto Socorro,275683.84345322254,,
Patient_765,CTI (PS),275683.84345322254,start,ctiBeds,0.0,,,,
Patient_765,CTI (PS),291281.85170926753,complete,ctiBeds,0.0,,,,
Patient_765,CTI prepara Encaminhamento,291281.85170926753,start,,0.0,,,,
Patient_765,CTI prepara Encaminhamento,291313.7053921183,complete,,0.0,,,,
Patient_765,Encaminha_para a Clinica Cirurgica,291313.7053921183,complete,,,para a Clinica Cirurgica,291313.7053921183,,
Patient_765,Discharge,291313.7053921183,complete,,,,,,15629.861938895774
Patient_766,Arrival,275720.38978153735,complete,,0.0,,,,
Patient_766,Origem_do Pronto Socorro,275720.38978153735,complete,,,do Pronto Socorro,275720.38978153735,,
Patient_766,CTI (PS),275720.38978153735,start,ctiBeds,0.0,,,,
Patient_766,CTI (PS),283192.032281681,complete,ctiBeds,0.0,,,,
Patient_766,CTI prepara Encaminhamento,283192.032281681,start,,0.0,,,,
Patient_766,CTI prepara Encaminhamento,283238.772727982,complete,,0.0,,,,
Patient_766,Encaminha_para a Clinica Medica,283238.772727982,complete,,,para a Clinica Medica,283238.772727982,,
Patient_766,Discharge,283238.772727982,complete,,,,,,7518.382946444675
Patient_767,Arrival,275809.337178268,complete,,0.0,,,,
Patient_767,Origem_do Pronto Socorro,275809.337178268,complete,,,do Pronto Socorro,275809.337178268,,
Patient_767,CTI (PS),275809.337178268,start,ctiBeds,0.0,,,,
Patient_767,CTI (PS),308201.30072035623,complete,ctiBeds,0.0,,,,
Patient_767,CTI prepara Encaminhamento,308201.30072035623,start,,0.0,,,,
Patient_767,CTI prepara Encaminhamento,308235.00970940496,complete,,0.0,,,,
Patient_767,Encaminha_Obito,308235.00970940496,complete,,,Obito,308235.00970940496,,
Patient_767,Discharge,308235.00970940496,complete,,,,,,32425.672531136952
Patient_768,Arrival,275879.898178105,complete,,0.0,,,,
Patient_768,Origem_do Pronto Socorro,275879.898178105,complete,,,do Pronto Socorro,275879.898178105,,
Patient_768,CTI (PS),275879.898178105,start,ctiBeds,0.0,,,,
Patient_768,CTI (PS),287884.26379049546,complete,ctiBeds,0.0,,,,
Patient_768,CTI prepara Encaminhamento,287884.26379049546,start,,0.0,,,,
Patient_768,CTI prepara Encaminhamento,287931.5645681232,complete,,0.0,,,,
Patient_768,Encaminha_para a Clinica Medica,287931.5645681232,complete,,,para a Clinica Medica,287931.5645681232,,
Patient_768,Discharge,287931.5645681232,complete,,,,,,12051.666390018188
Patient_769,Arrival,276098.13809171424,complete,,0.0,,,,
Patient_769,Origem_do Pronto Socorro,276098.13809171424,complete,,,do Pronto Socorro,276098.13809171424,,
Patient_769,CTI (PS),276098.13809171424,start,ctiBeds,0.0,,,,
Patient_769,CTI (PS),276901.1463061715,complete,ctiBeds,0.0,,,,
Patient_769,CTI prepara Encaminhamento,276901.1463061715,start,,0.0,,,,
Patient_769,CTI prepara Encaminhamento,276950.92307350825,complete,,0.0,,,,
Patient_769,Encaminha_para a Clinica Medica,276950.92307350825,complete,,,para a Clinica Medica,276950.92307350825,,
Patient_769,Discharge,276950.92307350825,complete,,,,,,852.784981794015
Patient_77,Arrival,21735.865338525964,complete,,0.0,,,,
Patient_77,Origem_do Pronto Socorro,21735.865338525964,complete,,,do Pronto Socorro,21735.865338525964,,
Patient_77,CTI (PS),21735.865338525964,start,ctiBeds,0.0,,,,
Patient_77,CTI (PS),22827.067432293734,complete,ctiBeds,0.0,,,,
Patient_77,CTI prepara Encaminhamento,22827.067432293734,start,,0.0,,,,
Patient_77,CTI prepara Encaminhamento,22864.419889783927,complete,,0.0,,,,
Patient_77,Encaminha_Transferencia Externa,22864.419889783927,complete,,,Transferencia Externa,22864.419889783927,,
Patient_77,Discharge,22864.419889783927,complete,,,,,,1128.5545512579629
Patient_770,Arrival,276564.25895021413,complete,,0.0,,,,
Patient_770,Origem_da Clinica Medica,276564.25895021413,complete,,,da Clinica Medica,276564.25895021413,,
Patient_770,CTI (CLIM),276564.25895021413,start,ctiBeds,0.0,,,,
Patient_770,CTI (CLIM),284333.0565447957,complete,ctiBeds,0.0,,,,
Patient_770,CTI prepara Encaminhamento,284333.0565447957,start,,0.0,,,,
Patient_770,CTI prepara Encaminhamento,284371.0792377075,complete,,0.0,,,,
Patient_770,Encaminha_Obito,284371.0792377075,complete,,,Obito,284371.0792377075,,
Patient_770,Discharge,284371.0792377075,complete,,,,,,7806.820287493349
Patient_771,Arrival,276782.95810029894,complete,,0.0,,,,
Patient_771,Origem_do Pronto Socorro,276782.95810029894,complete,,,do Pronto Socorro,276782.95810029894,,
Patient_771,CTI (PS),276782.95810029894,start,ctiBeds,0.0,,,,
Patient_771,CTI (PS),279308.7596009417,complete,ctiBeds,0.0,,,,
Patient_771,CTI prepara Encaminhamento,279308.7596009417,start,,0.0,,,,
Patient_771,CTI prepara Encaminhamento,279341.3595412906,complete,,0.0,,,,
Patient_771,Encaminha_Obito,279341.3595412906,complete,,,Obito,279341.3595412906,,
Patient_771,Discharge,279341.3595412906,complete,,,,,,2558.401440991671
Patient_772,Arrival,277657.288293269,complete,,0.0,,,,
Patient_772,Origem_da Clinica Cirurgica,277657.288293269,complete,,,da Clinica Cirurgica,277657.288293269,,
Patient_772,CTI (CLIC),277657.288293269,start,ctiBeds,0.0,,,,
Patient_772,CTI (CLIC),287198.9161315436,complete,ctiBeds,0.0,,,,
Patient_772,CTI prepara Encaminhamento,287198.9161315436,start,,0.0,,,,
Patient_772,CTI prepara Encaminhamento,287243.2378747513,complete,,0.0,,,,
Patient_772,Encaminha_para a Clinica Cirurgica,287243.2378747513,complete,,,para a Clinica Cirurgica,287243.2378747513,,
Patient_772,Discharge,287243.2378747513,complete,,,,,,9585.949581482331
Patient_773,Arrival,277822.29704625433,complete,,0.0,,,,
Patient_773,Origem_da Clinica Medica,277822.29704625433,complete,,,da Clinica Medica,277822.29704625433,,
Patient_773,CTI (CLIM),277822.29704625433,start,ctiBeds,0.0,,,,
Patient_773,CTI (CLIM),279183.193896468,complete,ctiBeds,0.0,,,,
Patient_773,CTI prepara Encaminhamento,279183.193896468,start,,0.0,,,,
Patient_773,CTI prepara Encaminhamento,279230.7480991847,complete,,0.0,,,,
Patient_773,Encaminha_para a Clinica Cirurgica,279230.7480991847,complete,,,para a Clinica Cirurgica,279230.7480991847,,
Patient_773,Discharge,279230.7480991847,complete,,,,,,1408.4510529303807
Patient_774,Arrival,278432.9835905809,complete,,0.0,,,,
Patient_774,Origem_do Centro Cirurgico,278432.9835905809,complete,,,do Centro Cirurgico,278432.9835905809,,
Patient_774,CTI (CC),278432.9835905809,start,ctiBeds,0.0,,,,
Patient_774,CTI (CC),294077.9557947657,complete,ctiBeds,0.0,,,,
Patient_774,CTI prepara Encaminhamento,294077.9557947657,start,,0.0,,,,
Patient_774,CTI prepara Encaminhamento,294134.65477477195,complete,,0.0,,,,
Patient_774,Encaminha_para a Clinica Cirurgica,294134.65477477195,complete,,,para a Clinica Cirurgica,294134.65477477195,,
Patient_774,Discharge,294134.65477477195,complete,,,,,,15701.671184191073
Patient_775,Arrival,278463.0910516878,complete,,0.0,,,,
Patient_775,Origem_do Pronto Socorro,278463.0910516878,complete,,,do Pronto Socorro,278463.0910516878,,
Patient_775,CTI (PS),278463.0910516878,start,ctiBeds,0.0,,,,
Patient_775,CTI (PS),279042.697093329,complete,ctiBeds,0.0,,,,
Patient_775,CTI prepara Encaminhamento,279042.697093329,start,,0.0,,,,
Patient_775,CTI prepara Encaminhamento,279091.19043054874,complete,,0.0,,,,
Patient_775,Encaminha_para a Clinica Cirurgica,279091.19043054874,complete,,,para a Clinica Cirurgica,279091.19043054874,,
Patient_775,Discharge,279091.19043054874,complete,,,,,,628.099378860963
Patient_776,Arrival,278565.4525936947,complete,,0.0,,,,
Patient_776,Origem_do Centro Cirurgico,278565.4525936947,complete,,,do Centro Cirurgico,278565.4525936947,,
Patient_776,CTI (CC),278565.4525936947,start,ctiBeds,0.0,,,,
Patient_776,CTI (CC),286272.67483240523,complete,ctiBeds,0.0,,,,
Patient_776,CTI prepara Encaminhamento,286272.67483240523,start,,0.0,,,,
Patient_776,CTI prepara Encaminhamento,286305.91545690113,complete,,0.0,,,,
Patient_776,Encaminha_Obito,286305.91545690113,complete,,,Obito,286305.91545690113,,
Patient_776,Discharge,286305.91545690113,complete,,,,,,7740.462863206456
Patient_777,Arrival,278686.69000224106,complete,,0.0,,,,
Patient_777,Origem_do Pronto Socorro,278686.69000224106,complete,,,do Pronto Socorro,278686.69000224106,,
Patient_777,CTI (PS),278686.69000224106,start,ctiBeds,0.0,,,,
Patient_777,CTI (PS),289464.5216748259,complete,ctiBeds,0.0,,,,
Patient_777,CTI prepara Encaminhamento,289464.5216748259,start,,0.0,,,,
Patient_777,CTI prepara Encaminhamento,289498.670388897,complete,,0.0,,,,
Patient_777,Encaminha_para a Clinica Cirurgica,289498.670388897,complete,,,para a Clinica Cirurgica,289498.670388897,,
Patient_777,Discharge,289498.670388897,complete,,,,,,10811.980386655952
Patient_778,Arrival,278800.48612598045,complete,,0.0,,,,
Patient_778,Origem_do Pronto Socorro,278800.48612598045,complete,,,do Pronto Socorro,278800.48612598045,,
Patient_778,CTI (PS),278800.48612598045,start,ctiBeds,0.0,,,,
Patient_778,CTI (PS),280728.3832035562,complete,ctiBeds,0.0,,,,
Patient_778,CTI prepara Encaminhamento,280728.3832035562,start,,0.0,,,,
Patient_778,CTI prepara Encaminhamento,280783.46965651563,complete,,0.0,,,,
Patient_778,Encaminha_para a Clinica Medica,280783.46965651563,complete,,,para a Clinica Medica,280783.46965651563,,
Patient_778,Discharge,280783.46965651563,complete,,,,,,1982.983530535188
Patient_779,Arrival,279795.0252789036,complete,,0.0,,,,
Patient_779,Origem_do Centro Cirurgico,279795.0252789036,complete,,,do Centro Cirurgico,279795.0252789036,,
Patient_779,CTI (CC),279795.0252789036,start,ctiBeds,0.0,,,,
Patient_779,CTI (CC),288423.965939919,complete,ctiBeds,0.0,,,,
Patient_779,CTI prepara Encaminhamento,288423.965939919,start,,0.0,,,,
Patient_779,CTI prepara Encaminhamento,288460.1183430053,complete,,0.0,,,,
Patient_779,Encaminha_para a Clinica Cirurgica,288460.1183430053,complete,,,para a Clinica Cirurgica,288460.1183430053,,
Patient_779,Discharge,288460.1183430053,complete,,,,,,8665.093064101704
Patient_78,Arrival,21834.258261510473,complete,,0.0,,,,
Patient_78,Origem_do Centro Cirurgico,21834.258261510473,complete,,,do Centro Cirurgico,21834.258261510473,,
Patient_78,CTI (CC),21834.258261510473,start,ctiBeds,0.0,,,,
Patient_78,CTI (CC),33631.68148518167,complete,ctiBeds,0.0,,,,
Patient_78,CTI prepara Encaminhamento,33631.68148518167,start,,0.0,,,,
Patient_78,CTI prepara Encaminhamento,33667.86474146527,complete,,0.0,,,,
Patient_78,Encaminha_para a Clinica Medica,33667.86474146527,complete,,,para a Clinica Medica,33667.86474146527,,
Patient_78,Discharge,33667.86474146527,complete,,,,,,11833.6064799548
Patient_780,Arrival,279803.518227987,complete,,0.0,,,,
Patient_780,Origem_do Pronto Socorro,279803.518227987,complete,,,do Pronto Socorro,279803.518227987,,
Patient_780,CTI (PS),279803.518227987,start,ctiBeds,0.0,,,,
Patient_780,CTI (PS),305647.6135189599,complete,ctiBeds,0.0,,,,
Patient_780,CTI prepara Encaminhamento,305647.6135189599,start,,0.0,,,,
Patient_780,CTI prepara Encaminhamento,305684.1995356279,complete,,0.0,,,,
Patient_780,Encaminha_para a Clinica Medica,305684.1995356279,complete,,,para a Clinica Medica,305684.1995356279,,
Patient_780,Discharge,305684.1995356279,complete,,,,,,25880.681307640916
Patient_781,Arrival,280631.7711003253,complete,,0.0,,,,
Patient_781,Origem_do Pronto Socorro,280631.7711003253,complete,,,do Pronto Socorro,280631.7711003253,,
Patient_781,CTI (PS),280631.7711003253,start,ctiBeds,0.0,,,,
Patient_781,CTI (PS),306118.76979735296,complete,ctiBeds,0.0,,,,
Patient_781,CTI prepara Encaminhamento,306118.76979735296,start,,0.0,,,,
Patient_781,CTI prepara Encaminhamento,306173.132953699,complete,,0.0,,,,
Patient_781,Encaminha_para a Clinica Medica,306173.132953699,complete,,,para a Clinica Medica,306173.132953699,,
Patient_781,Discharge,306173.132953699,complete,,,,,,25541.361853373703
Patient_782,Arrival,281076.8228924152,complete,,0.0,,,,
Patient_782,Origem_do Centro Cirurgico,281076.8228924152,complete,,,do Centro Cirurgico,281076.8228924152,,
Patient_782,CTI (CC),281076.8228924152,start,ctiBeds,0.0,,,,
Patient_782,CTI (CC),285774.09053497063,complete,ctiBeds,0.0,,,,
Patient_782,CTI prepara Encaminhamento,285774.09053497063,start,,0.0,,,,
Patient_782,CTI prepara Encaminhamento,285820.13254182437,complete,,0.0,,,,
Patient_782,Encaminha_para a Clinica Cirurgica,285820.13254182437,complete,,,para a Clinica Cirurgica,285820.13254182437,,
Patient_782,Discharge,285820.13254182437,complete,,,,,,4743.309649409144
Patient_783,Arrival,281397.3398968962,complete,,0.0,,,,
Patient_783,Origem_do Centro Cirurgico,281397.3398968962,complete,,,do Centro Cirurgico,281397.3398968962,,
Patient_783,CTI (CC),281397.3398968962,start,ctiBeds,0.0,,,,
Patient_783,CTI (CC),282199.14931631216,complete,ctiBeds,0.0,,,,
Patient_783,CTI prepara Encaminhamento,282199.14931631216,start,,0.0,,,,
Patient_783,CTI prepara Encaminhamento,282253.24491948856,complete,,0.0,,,,
Patient_783,Encaminha_para a Clinica Cirurgica,282253.24491948856,complete,,,para a Clinica Cirurgica,282253.24491948856,,
Patient_783,Discharge,282253.24491948856,complete,,,,,,855.905022592342
Patient_784,Arrival,281493.00843879743,complete,,0.0,,,,
Patient_784,Origem_da Clinica Cirurgica,281493.00843879743,complete,,,da Clinica Cirurgica,281493.00843879743,,
Patient_784,CTI (CLIC),281493.00843879743,start,ctiBeds,0.0,,,,
Patient_784,CTI (CLIC),283020.05391098,complete,ctiBeds,0.0,,,,
Patient_784,CTI prepara Encaminhamento,283020.05391098,start,,0.0,,,,
Patient_784,CTI prepara Encaminhamento,283079.74170372845,complete,,0.0,,,,
Patient_784,Encaminha_para a Clinica Medica,283079.74170372845,complete,,,para a Clinica Medica,283079.74170372845,,
Patient_784,Discharge,283079.74170372845,complete,,,,,,1586.733264931012
Patient_785,Arrival,281503.72528076597,complete,,0.0,,,,
Patient_785,Origem_do Centro Cirurgico,281503.72528076597,complete,,,do Centro Cirurgico,281503.72528076597,,
Patient_785,CTI (CC),281503.72528076597,start,ctiBeds,0.0,,,,
Patient_785,CTI (CC),282048.728668092,complete,ctiBeds,0.0,,,,
Patient_785,CTI prepara Encaminhamento,282048.728668092,start,,0.0,,,,
Patient_785,CTI prepara Encaminhamento,282106.42608307116,complete,,0.0,,,,
Patient_785,Encaminha_para a Clinica Cirurgica,282106.42608307116,complete,,,para a Clinica Cirurgica,282106.42608307116,,
Patient_785,Discharge,282106.42608307116,complete,,,,,,602.7008023051894
Patient_786,Arrival,281511.04877635976,complete,,0.0,,,,
Patient_786,Origem_do Pronto Socorro,281511.04877635976,complete,,,do Pronto Socorro,281511.04877635976,,
Patient_786,CTI (PS),281511.04877635976,start,ctiBeds,0.0,,,,
Patient_786,CTI (PS),294187.45959700824,complete,ctiBeds,0.0,,,,
Patient_786,CTI prepara Encaminhamento,294187.45959700824,start,,0.0,,,,
Patient_786,CTI prepara Encaminhamento,294241.41550936084,complete,,0.0,,,,
Patient_786,Encaminha_para a Clinica Cirurgica,294241.41550936084,complete,,,para a Clinica Cirurgica,294241.41550936084,,
Patient_786,Discharge,294241.41550936084,complete,,,,,,12730.36673300108
Patient_787,Arrival,281910.61490575137,complete,,0.0,,,,
Patient_787,Origem_do Centro Cirurgico,281910.61490575137,complete,,,do Centro Cirurgico,281910.61490575137,,
Patient_787,CTI (CC),281910.61490575137,start,ctiBeds,0.0,,,,
Patient_787,CTI (CC),286156.17121475004,complete,ctiBeds,0.0,,,,
Patient_787,CTI prepara Encaminhamento,286156.17121475004,start,,0.0,,,,
Patient_787,CTI prepara Encaminhamento,286212.01403543743,complete,,0.0,,,,
Patient_787,Encaminha_para a Clinica Medica,286212.01403543743,complete,,,para a Clinica Medica,286212.01403543743,,
Patient_787,Discharge,286212.01403543743,complete,,,,,,4301.399129686062
Patient_788,Arrival,281919.86498052895,complete,,0.0,,,,
Patient_788,Origem_do Pronto Socorro,281919.86498052895,complete,,,do Pronto Socorro,281919.86498052895,,
Patient_788,CTI (PS),281919.86498052895,start,ctiBeds,0.0,,,,
Patient_788,CTI (PS),311522.04715352104,complete,ctiBeds,0.0,,,,
Patient_788,CTI prepara Encaminhamento,311522.04715352104,start,,0.0,,,,
Patient_788,CTI prepara Encaminhamento,311553.1105265625,complete,,0.0,,,,
Patient_788,Encaminha_para a Clinica Medica,311553.1105265625,complete,,,para a Clinica Medica,311553.1105265625,,
Patient_788,Discharge,311553.1105265625,complete,,,,,,29633.245546033548
Patient_789,Arrival,282072.5924384907,complete,,0.0,,,,
Patient_789,Origem_do Pronto Socorro,282072.5924384907,complete,,,do Pronto Socorro,282072.5924384907,,
Patient_789,CTI (PS),282072.5924384907,start,ctiBeds,0.0,,,,
Patient_789,CTI (PS),295390.3269317469,complete,ctiBeds,0.0,,,,
Patient_789,CTI prepara Encaminhamento,295390.3269317469,start,,0.0,,,,
Patient_789,CTI prepara Encaminhamento,295444.00001072,complete,,0.0,,,,
Patient_789,Encaminha_para a Clinica Cirurgica,295444.00001072,complete,,,para a Clinica Cirurgica,295444.00001072,,
Patient_789,Discharge,295444.00001072,complete,,,,,,13371.407572229276
Patient_79,Arrival,21914.557314011316,complete,,0.0,,,,
Patient_79,Origem_do Pronto Socorro,21914.557314011316,complete,,,do Pronto Socorro,21914.557314011316,,
Patient_79,CTI (PS),21914.557314011316,start,ctiBeds,0.0,,,,
Patient_79,CTI (PS),29764.80235894602,complete,ctiBeds,0.0,,,,
Patient_79,CTI prepara Encaminhamento,29764.80235894602,start,,0.0,,,,
Patient_79,CTI prepara Encaminhamento,29819.812767605566,complete,,0.0,,,,
Patient_79,Encaminha_Obito,29819.812767605566,complete,,,Obito,29819.812767605566,,
Patient_79,Discharge,29819.812767605566,complete,,,,,,7905.255453594251
Patient_790,Arrival,282322.1534938969,complete,,0.0,,,,
Patient_790,Origem_da Clinica Cirurgica,282322.1534938969,complete,,,da Clinica Cirurgica,282322.1534938969,,
Patient_790,CTI (CLIC),282322.1534938969,start,ctiBeds,0.0,,,,
Patient_790,CTI (CLIC),290423.98185093777,complete,ctiBeds,0.0,,,,
Patient_790,CTI prepara Encaminhamento,290423.98185093777,start,,0.0,,,,
Patient_790,CTI prepara Encaminhamento,290482.46366468107,complete,,0.0,,,,
Patient_790,Encaminha_para a Clinica Medica,290482.46366468107,complete,,,para a Clinica Medica,290482.46366468107,,
Patient_790,Discharge,290482.46366468107,complete,,,,,,8160.310170784185
Patient_791,Arrival,282361.8648456576,complete,,0.0,,,,
Patient_791,Origem_do Centro Cirurgico,282361.8648456576,complete,,,do Centro Cirurgico,282361.8648456576,,
Patient_791,CTI (CC),282361.8648456576,start,ctiBeds,0.0,,,,
Patient_791,CTI (CC),295499.848235072,complete,ctiBeds,0.0,,,,
Patient_791,CTI prepara Encaminhamento,295499.848235072,start,,0.0,,,,
Patient_791,CTI prepara Encaminhamento,295548.581189153,complete,,0.0,,,,
Patient_791,Encaminha_Obito,295548.581189153,complete,,,Obito,295548.581189153,,
Patient_791,Discharge,295548.581189153,complete,,,,,,13186.716343495413
Patient_792,Arrival,282635.8992650481,complete,,0.0,,,,
Patient_792,Origem_do Pronto Socorro,282635.8992650481,complete,,,do Pronto Socorro,282635.8992650481,,
Patient_792,CTI (PS),282635.8992650481,start,ctiBeds,0.0,,,,
Patient_792,CTI (PS),295761.75551994925,complete,ctiBeds,0.0,,,,
Patient_792,CTI prepara Encaminhamento,295761.75551994925,start,,0.0,,,,
Patient_792,CTI prepara Encaminhamento,295797.06515777076,complete,,0.0,,,,
Patient_792,Encaminha_para a Clinica Medica,295797.06515777076,complete,,,para a Clinica Medica,295797.06515777076,,
Patient_792,Discharge,295797.06515777076,complete,,,,,,13161.165892722667
Patient_793,Arrival,282865.41758166347,complete,,0.0,,,,
Patient_793,Origem_do Pronto Socorro,282865.41758166347,complete,,,do Pronto Socorro,282865.41758166347,,
Patient_793,CTI (PS),283020.05391098,start,ctiBeds,0.0,,,,
Patient_793,CTI (PS),284462.0955738598,complete,ctiBeds,0.0,,,,
Patient_793,CTI prepara Encaminhamento,284462.0955738598,start,,0.0,,,,
Patient_793,CTI prepara Encaminhamento,284508.4878777021,complete,,0.0,,,,
Patient_793,Encaminha_para a Clinica Medica,284508.4878777021,complete,,,para a Clinica Medica,284508.4878777021,,
Patient_793,Discharge,284508.4878777021,complete,,,,,,1643.0702960386407
Patient_794,Arrival,283238.28013477515,complete,,0.0,,,,
Patient_794,Origem_do Pronto Socorro,283238.28013477515,complete,,,do Pronto Socorro,283238.28013477515,,
Patient_794,CTI (PS),283238.28013477515,start,ctiBeds,0.0,,,,
Patient_794,CTI (PS),284671.36388807395,complete,ctiBeds,0.0,,,,
Patient_794,CTI prepara Encaminhamento,284671.36388807395,start,,0.0,,,,
Patient_794,CTI prepara Encaminhamento,284721.0932970886,complete,,0.0,,,,
Patient_794,Encaminha_Transferencia Externa,284721.0932970886,complete,,,Transferencia Externa,284721.0932970886,,
Patient_794,Discharge,284721.0932970886,complete,,,,,,1482.813162313425
Patient_795,Arrival,283383.20741895627,complete,,0.0,,,,
Patient_795,Origem_do Centro Cirurgico,283383.20741895627,complete,,,do Centro Cirurgico,283383.20741895627,,
Patient_795,CTI (CC),283383.20741895627,start,ctiBeds,0.0,,,,
Patient_795,CTI (CC),298108.31764806993,complete,ctiBeds,0.0,,,,
Patient_795,CTI prepara Encaminhamento,298108.31764806993,start,,0.0,,,,
Patient_795,CTI prepara Encaminhamento,298158.2324263272,complete,,0.0,,,,
Patient_795,Encaminha_Obito,298158.2324263272,complete,,,Obito,298158.2324263272,,
Patient_795,Discharge,298158.2324263272,complete,,,,,,14775.025007370918
Patient_796,Arrival,283553.200160572,complete,,0.0,,,,
Patient_796,Origem_do Centro Cirurgico,283553.200160572,complete,,,do Centro Cirurgico,283553.200160572,,
Patient_796,CTI (CC),284333.0565447957,start,ctiBeds,0.0,,,,
Patient_796,CTI (CC),292167.0179220993,complete,ctiBeds,0.0,,,,
Patient_796,CTI prepara Encaminhamento,292167.0179220993,start,,0.0,,,,
Patient_796,CTI prepara Encaminhamento,292222.5774507824,complete,,0.0,,,,
Patient_796,Encaminha_para a Clinica Cirurgica,292222.5774507824,complete,,,para a Clinica Cirurgica,292222.5774507824,,
Patient_796,Discharge,292222.5774507824,complete,,,,,,8669.377290210396
Patient_797,Arrival,283646.16526030394,complete,,0.0,,,,
Patient_797,Origem_do Centro Cirurgico,283646.16526030394,complete,,,do Centro Cirurgico,283646.16526030394,,
Patient_797,CTI (CC),284462.0955738598,start,ctiBeds,0.0,,,,
Patient_797,CTI (CC),297809.4149324307,complete,ctiBeds,0.0,,,,
Patient_797,CTI prepara Encaminhamento,297809.4149324307,start,,0.0,,,,
Patient_797,CTI prepara Encaminhamento,297863.6963869896,complete,,0.0,,,,
Patient_797,Encaminha_Transferencia Externa,297863.6963869896,complete,,,Transferencia Externa,297863.6963869896,,
Patient_797,Discharge,297863.6963869896,complete,,,,,,14217.531126685673
Patient_798,Arrival,283755.692479975,complete,,0.0,,,,
Patient_798,Origem_do Pronto Socorro,283755.692479975,complete,,,do Pronto Socorro,283755.692479975,,
Patient_798,CTI (PS),284671.36388807395,start,ctiBeds,0.0,,,,
Patient_798,CTI (PS),289493.8290507565,complete,ctiBeds,0.0,,,,
Patient_798,CTI prepara Encaminhamento,289493.8290507565,start,,0.0,,,,
Patient_798,CTI prepara Encaminhamento,289546.9817893235,complete,,0.0,,,,
Patient_798,Encaminha_para a Clinica Cirurgica,289546.9817893235,complete,,,para a Clinica Cirurgica,289546.9817893235,,
Patient_798,Discharge,289546.9817893235,complete,,,,,,5791.289309348504
Patient_799,Arrival,284448.0605959058,complete,,0.0,,,,
Patient_799,Origem_do Pronto Socorro,284448.0605959058,complete,,,do Pronto Socorro,284448.0605959058,,
Patient_799,CTI (PS),284723.0180525691,start,ctiBeds,0.0,,,,
Patient_799,CTI (PS),289641.2046033422,complete,ctiBeds,0.0,,,,
Patient_799,CTI prepara Encaminhamento,289641.2046033422,start,,0.0,,,,
Patient_799,CTI prepara Encaminhamento,289674.99047560396,complete,,0.0,,,,
Patient_799,Encaminha_Obito,289674.99047560396,complete,,,Obito,289674.99047560396,,
Patient_799,Discharge,289674.99047560396,complete,,,,,,5226.929879698146
Patient_8,Arrival,2041.8111440105774,complete,,0.0,,,,
Patient_8,Origem_do Centro Cirurgico,2041.8111440105774,complete,,,do Centro Cirurgico,2041.8111440105774,,
Patient_8,CTI (CC),2041.8111440105774,start,ctiBeds,0.0,,,,
Patient_8,CTI (CC),5860.1069270798,complete,ctiBeds,0.0,,,,
Patient_8,CTI prepara Encaminhamento,5860.1069270798,start,,0.0,,,,
Patient_8,CTI prepara Encaminhamento,5915.24299351484,complete,,0.0,,,,
Patient_8,Encaminha_para a Clinica Cirurgica,5915.24299351484,complete,,,para a Clinica Cirurgica,5915.24299351484,,
Patient_8,Discharge,5915.24299351484,complete,,,,,,3873.4318495042626
Patient_80,Arrival,22048.86111518547,complete,,0.0,,,,
Patient_80,Origem_do Centro Cirurgico,22048.86111518547,complete,,,do Centro Cirurgico,22048.86111518547,,
Patient_80,CTI (CC),22048.86111518547,start,ctiBeds,0.0,,,,
Patient_80,CTI (CC),24016.579520226707,complete,ctiBeds,0.0,,,,
Patient_80,CTI prepara Encaminhamento,24016.579520226707,start,,0.0,,,,
Patient_80,CTI prepara Encaminhamento,24066.572787728175,complete,,0.0,,,,
Patient_80,Encaminha_para a Clinica Medica,24066.572787728175,complete,,,para a Clinica Medica,24066.572787728175,,
Patient_80,Discharge,24066.572787728175,complete,,,,,,2017.711672542704
Patient_800,Arrival,284892.39942566084,complete,,0.0,,,,
Patient_800,Origem_da Clinica Cirurgica,284892.39942566084,complete,,,da Clinica Cirurgica,284892.39942566084,,
Patient_800,CTI (CLIC),285532.9589924259,start,ctiBeds,0.0,,,,
Patient_800,CTI (CLIC),286444.9117985203,complete,ctiBeds,0.0,,,,
Patient_800,CTI prepara Encaminhamento,286444.9117985203,start,,0.0,,,,
Patient_800,CTI prepara Encaminhamento,286501.1328095165,complete,,0.0,,,,
Patient_800,Encaminha_Obito,286501.1328095165,complete,,,Obito,286501.1328095165,,
Patient_800,Discharge,286501.1328095165,complete,,,,,,1608.733383855666
Patient_801,Arrival,285725.7673625089,complete,,0.0,,,,
Patient_801,Origem_do Centro Cirurgico,285725.7673625089,complete,,,do Centro Cirurgico,285725.7673625089,,
Patient_801,CTI (CC),285774.09053497063,start,ctiBeds,0.0,,,,
Patient_801,CTI (CC),290036.4530684535,complete,ctiBeds,0.0,,,,
Patient_801,CTI prepara Encaminhamento,290036.4530684535,start,,0.0,,,,
Patient_801,CTI prepara Encaminhamento,290073.21758650127,complete,,0.0,,,,
Patient_801,Encaminha_Obito,290073.21758650127,complete,,,Obito,290073.21758650127,,
Patient_801,Discharge,290073.21758650127,complete,,,,,,4347.450223992346
Patient_802,Arrival,286354.9532574136,complete,,0.0,,,,
Patient_802,Origem_do Centro Cirurgico,286354.9532574136,complete,,,do Centro Cirurgico,286354.9532574136,,
Patient_802,CTI (CC),286354.9532574136,start,ctiBeds,0.0,,,,
Patient_802,CTI (CC),298484.5033652228,complete,ctiBeds,0.0,,,,
Patient_802,CTI prepara Encaminhamento,298484.5033652228,start,,0.0,,,,
Patient_802,CTI prepara Encaminhamento,298540.14812138607,complete,,0.0,,,,
Patient_802,Encaminha_para a Clinica Cirurgica,298540.14812138607,complete,,,para a Clinica Cirurgica,298540.14812138607,,
Patient_802,Discharge,298540.14812138607,complete,,,,,,12185.194863972487
Patient_803,Arrival,286450.18234622985,complete,,0.0,,,,
Patient_803,Origem_da Clinica Medica,286450.18234622985,complete,,,da Clinica Medica,286450.18234622985,,
Patient_803,CTI (CLIM),286450.18234622985,start,ctiBeds,0.0,,,,
Patient_803,CTI (CLIM),287916.5167617367,complete,ctiBeds,0.0,,,,
Patient_803,CTI prepara Encaminhamento,287916.5167617367,start,,0.0,,,,
Patient_803,CTI prepara Encaminhamento,287962.62935434206,complete,,0.0,,,,
Patient_803,Encaminha_para a Clinica Cirurgica,287962.62935434206,complete,,,para a Clinica Cirurgica,287962.62935434206,,
Patient_803,Discharge,287962.62935434206,complete,,,,,,1512.4470081122126
Patient_804,Arrival,286795.0655420247,complete,,0.0,,,,
Patient_804,Origem_do Centro Cirurgico,286795.0655420247,complete,,,do Centro Cirurgico,286795.0655420247,,
Patient_804,CTI (CC),286795.0655420247,start,ctiBeds,0.0,,,,
Patient_804,CTI (CC),296356.0840928143,complete,ctiBeds,0.0,,,,
Patient_804,CTI prepara Encaminhamento,296356.0840928143,start,,0.0,,,,
Patient_804,CTI prepara Encaminhamento,296394.43085993594,complete,,0.0,,,,
Patient_804,Encaminha_para a Clinica Cirurgica,296394.43085993594,complete,,,para a Clinica Cirurgica,296394.43085993594,,
Patient_804,Discharge,296394.43085993594,complete,,,,,,9599.365317911259
Patient_805,Arrival,287042.1444034453,complete,,0.0,,,,
Patient_805,Origem_do Centro Cirurgico,287042.1444034453,complete,,,do Centro Cirurgico,287042.1444034453,,
Patient_805,CTI (CC),287042.1444034453,start,ctiBeds,0.0,,,,
Patient_805,CTI (CC),290837.26416196255,complete,ctiBeds,0.0,,,,
Patient_805,CTI prepara Encaminhamento,290837.26416196255,start,,0.0,,,,
Patient_805,CTI prepara Encaminhamento,290893.5490190031,complete,,0.0,,,,
Patient_805,Encaminha_para a Clinica Medica,290893.5490190031,complete,,,para a Clinica Medica,290893.5490190031,,
Patient_805,Discharge,290893.5490190031,complete,,,,,,3851.4046155578108
Patient_806,Arrival,287085.4664306353,complete,,0.0,,,,
Patient_806,Origem_da Clinica Cirurgica,287085.4664306353,complete,,,da Clinica Cirurgica,287085.4664306353,,
Patient_806,CTI (CLIC),287085.4664306353,start,ctiBeds,0.0,,,,
Patient_806,CTI (CLIC),291422.9681153468,complete,ctiBeds,0.0,,,,
Patient_806,CTI prepara Encaminhamento,291422.9681153468,start,,0.0,,,,
Patient_806,CTI prepara Encaminhamento,291456.79554153373,complete,,0.0,,,,
Patient_806,Encaminha_para a Clinica Medica,291456.79554153373,complete,,,para a Clinica Medica,291456.79554153373,,
Patient_806,Discharge,291456.79554153373,complete,,,,,,4371.329110898427
Patient_807,Arrival,287224.78118133685,complete,,0.0,,,,
Patient_807,Origem_do Centro Cirurgico,287224.78118133685,complete,,,do Centro Cirurgico,287224.78118133685,,
Patient_807,CTI (CC),287224.78118133685,start,ctiBeds,0.0,,,,
Patient_807,CTI (CC),307886.9065121691,complete,ctiBeds,0.0,,,,
Patient_807,CTI prepara Encaminhamento,307886.9065121691,start,,0.0,,,,
Patient_807,CTI prepara Encaminhamento,307922.3152344418,complete,,0.0,,,,
Patient_807,Encaminha_para a Clinica Medica,307922.3152344418,complete,,,para a Clinica Medica,307922.3152344418,,
Patient_807,Discharge,307922.3152344418,complete,,,,,,20697.53405310493
Patient_808,Arrival,288356.64756719745,complete,,0.0,,,,
Patient_808,Origem_do Pronto Socorro,288356.64756719745,complete,,,do Pronto Socorro,288356.64756719745,,
Patient_808,CTI (PS),288356.64756719745,start,ctiBeds,0.0,,,,
Patient_808,CTI (PS),309440.3388580148,complete,ctiBeds,0.0,,,,
Patient_808,CTI prepara Encaminhamento,309440.3388580148,start,,0.0,,,,
Patient_808,CTI prepara Encaminhamento,309488.87560252455,complete,,0.0,,,,
Patient_808,Encaminha_para a Clinica Cirurgica,309488.87560252455,complete,,,para a Clinica Cirurgica,309488.87560252455,,
Patient_808,Discharge,309488.87560252455,complete,,,,,,21132.228035327105
Patient_809,Arrival,288415.5410778408,complete,,0.0,,,,
Patient_809,Origem_do Pronto Socorro,288415.5410778408,complete,,,do Pronto Socorro,288415.5410778408,,
Patient_809,CTI (PS),288415.5410778408,start,ctiBeds,0.0,,,,
Patient_809,CTI (PS),303119.04094736517,complete,ctiBeds,0.0,,,,
Patient_809,CTI prepara Encaminhamento,303119.04094736517,start,,0.0,,,,
Patient_809,CTI prepara Encaminhamento,303168.73848255165,complete,,0.0,,,,
Patient_809,Encaminha_para a Clinica Medica,303168.73848255165,complete,,,para a Clinica Medica,303168.73848255165,,
Patient_809,Discharge,303168.73848255165,complete,,,,,,14753.197404710867
Patient_81,Arrival,22112.131582707007,complete,,0.0,,,,
Patient_81,Origem_do Centro Cirurgico,22112.131582707007,complete,,,do Centro Cirurgico,22112.131582707007,,
Patient_81,CTI (CC),22112.131582707007,start,ctiBeds,0.0,,,,
Patient_81,CTI (CC),42100.44888490494,complete,ctiBeds,0.0,,,,
Patient_81,CTI prepara Encaminhamento,42100.44888490494,start,,0.0,,,,
Patient_81,CTI prepara Encaminhamento,42149.79618132196,complete,,0.0,,,,
Patient_81,Encaminha_para a Clinica Cirurgica,42149.79618132196,complete,,,para a Clinica Cirurgica,42149.79618132196,,
Patient_81,Discharge,42149.79618132196,complete,,,,,,20037.664598614952
Patient_810,Arrival,288451.59537590516,complete,,0.0,,,,
Patient_810,Origem_do Centro Cirurgico,288451.59537590516,complete,,,do Centro Cirurgico,288451.59537590516,,
Patient_810,CTI (CC),288451.59537590516,start,ctiBeds,0.0,,,,
Patient_810,CTI (CC),289539.14194379345,complete,ctiBeds,0.0,,,,
Patient_810,CTI prepara Encaminhamento,289539.14194379345,start,,0.0,,,,
Patient_810,CTI prepara Encaminhamento,289583.18105760426,complete,,0.0,,,,
Patient_810,Encaminha_para a Clinica Medica,289583.18105760426,complete,,,para a Clinica Medica,289583.18105760426,,
Patient_810,Discharge,289583.18105760426,complete,,,,,,1131.5856816991
Patient_811,Arrival,289214.984363996,complete,,0.0,,,,
Patient_811,Origem_do Pronto Socorro,289214.984363996,complete,,,do Pronto Socorro,289214.984363996,,
Patient_811,CTI (PS),289214.984363996,start,ctiBeds,0.0,,,,
Patient_811,CTI (PS),291080.1110198306,complete,ctiBeds,0.0,,,,
Patient_811,CTI prepara Encaminhamento,291080.1110198306,start,,0.0,,,,
Patient_811,CTI prepara Encaminhamento,291130.99250362103,complete,,0.0,,,,
Patient_811,Encaminha_para a Clinica Medica,291130.99250362103,complete,,,para a Clinica Medica,291130.99250362103,,
Patient_811,Discharge,291130.99250362103,complete,,,,,,1916.008139625017
Patient_812,Arrival,289468.63783077657,complete,,0.0,,,,
Patient_812,Origem_do Pronto Socorro,289468.63783077657,complete,,,do Pronto Socorro,289468.63783077657,,
Patient_812,CTI (PS),289468.63783077657,start,ctiBeds,0.0,,,,
Patient_812,CTI (PS),314733.028656127,complete,ctiBeds,0.0,,,,
Patient_812,CTI prepara Encaminhamento,314733.028656127,start,,0.0,,,,
Patient_812,CTI prepara Encaminhamento,314772.44971088617,complete,,0.0,,,,
Patient_812,Encaminha_para a Clinica Medica,314772.44971088617,complete,,,para a Clinica Medica,314772.44971088617,,
Patient_812,Discharge,314772.44971088617,complete,,,,,,25303.8118801096
Patient_813,Arrival,289515.4839309119,complete,,0.0,,,,
Patient_813,Origem_do Pronto Socorro,289515.4839309119,complete,,,do Pronto Socorro,289515.4839309119,,
Patient_813,CTI (PS),289515.4839309119,start,ctiBeds,0.0,,,,
Patient_813,CTI (PS),297176.67714192363,complete,ctiBeds,0.0,,,,
Patient_813,CTI prepara Encaminhamento,297176.67714192363,start,,0.0,,,,
Patient_813,CTI prepara Encaminhamento,297208.63303089247,complete,,0.0,,,,
Patient_813,Encaminha_para a Clinica Medica,297208.63303089247,complete,,,para a Clinica Medica,297208.63303089247,,
Patient_813,Discharge,297208.63303089247,complete,,,,,,7693.149099980539
Patient_814,Arrival,289879.190864617,complete,,0.0,,,,
Patient_814,Origem_do Pronto Socorro,289879.190864617,complete,,,do Pronto Socorro,289879.190864617,,
Patient_814,CTI (PS),289879.190864617,start,ctiBeds,0.0,,,,
Patient_814,CTI (PS),301172.1756212372,complete,ctiBeds,0.0,,,,
Patient_814,CTI prepara Encaminhamento,301172.1756212372,start,,0.0,,,,
Patient_814,CTI prepara Encaminhamento,301202.20771569095,complete,,0.0,,,,
Patient_814,Encaminha_Obito,301202.20771569095,complete,,,Obito,301202.20771569095,,
Patient_814,Discharge,301202.20771569095,complete,,,,,,11323.016851073946
Patient_815,Arrival,290022.98031559313,complete,,0.0,,,,
Patient_815,Origem_do Centro Cirurgico,290022.98031559313,complete,,,do Centro Cirurgico,290022.98031559313,,
Patient_815,CTI (CC),290022.98031559313,start,ctiBeds,0.0,,,,
Patient_815,CTI (CC),299337.4405916053,complete,ctiBeds,0.0,,,,
Patient_815,CTI prepara Encaminhamento,299337.4405916053,start,,0.0,,,,
Patient_815,CTI prepara Encaminhamento,299381.81713555433,complete,,0.0,,,,
Patient_815,Encaminha_para a Clinica Medica,299381.81713555433,complete,,,para a Clinica Medica,299381.81713555433,,
Patient_815,Discharge,299381.81713555433,complete,,,,,,9358.836819961201
Patient_816,Arrival,290413.3187773949,complete,,0.0,,,,
Patient_816,Origem_do Centro Cirurgico,290413.3187773949,complete,,,do Centro Cirurgico,290413.3187773949,,
Patient_816,CTI (CC),290413.3187773949,start,ctiBeds,0.0,,,,
Patient_816,CTI (CC),300239.21706129337,complete,ctiBeds,0.0,,,,
Patient_816,CTI prepara Encaminhamento,300239.21706129337,start,,0.0,,,,
Patient_816,CTI prepara Encaminhamento,300271.11422468646,complete,,0.0,,,,
Patient_816,Encaminha_para a Clinica Medica,300271.11422468646,complete,,,para a Clinica Medica,300271.11422468646,,
Patient_816,Discharge,300271.11422468646,complete,,,,,,9857.795447291574
Patient_817,Arrival,290539.3551737121,complete,,0.0,,,,
Patient_817,Origem_do Pronto Socorro,290539.3551737121,complete,,,do Pronto Socorro,290539.3551737121,,
Patient_817,CTI (PS),290539.3551737121,start,ctiBeds,0.0,,,,
Patient_817,CTI (PS),315098.3731558503,complete,ctiBeds,0.0,,,,
Patient_817,CTI prepara Encaminhamento,315098.3731558503,start,,0.0,,,,
Patient_817,CTI prepara Encaminhamento,315132.2061193737,complete,,0.0,,,,
Patient_817,Encaminha_Obito,315132.2061193737,complete,,,Obito,315132.2061193737,,
Patient_817,Discharge,315132.2061193737,complete,,,,,,24592.8509456616
Patient_818,Arrival,290826.35448294884,complete,,0.0,,,,
Patient_818,Origem_do Centro Cirurgico,290826.35448294884,complete,,,do Centro Cirurgico,290826.35448294884,,
Patient_818,CTI (CC),290826.35448294884,start,ctiBeds,0.0,,,,
Patient_818,CTI (CC),292298.2134493585,complete,ctiBeds,0.0,,,,
Patient_818,CTI prepara Encaminhamento,292298.2134493585,start,,0.0,,,,
Patient_818,CTI prepara Encaminhamento,292345.5227888758,complete,,0.0,,,,
Patient_818,Encaminha_Obito,292345.5227888758,complete,,,Obito,292345.5227888758,,
Patient_818,Discharge,292345.5227888758,complete,,,,,,1519.1683059269562
Patient_819,Arrival,291814.1724837238,complete,,0.0,,,,
Patient_819,Origem_do Centro Cirurgico,291814.1724837238,complete,,,do Centro Cirurgico,291814.1724837238,,
Patient_819,CTI (CC),291814.1724837238,start,ctiBeds,0.0,,,,
Patient_819,CTI (CC),294043.496870156,complete,ctiBeds,0.0,,,,
Patient_819,CTI prepara Encaminhamento,294043.496870156,start,,0.0,,,,
Patient_819,CTI prepara Encaminhamento,294086.88054528943,complete,,0.0,,,,
Patient_819,Encaminha_para a Clinica Cirurgica,294086.88054528943,complete,,,para a Clinica Cirurgica,294086.88054528943,,
Patient_819,Discharge,294086.88054528943,complete,,,,,,2272.708061565645
Patient_82,Arrival,22583.88968964473,complete,,0.0,,,,
Patient_82,Origem_do Centro Cirurgico,22583.88968964473,complete,,,do Centro Cirurgico,22583.88968964473,,
Patient_82,CTI (CC),22583.88968964473,start,ctiBeds,0.0,,,,
Patient_82,CTI (CC),42947.76019285337,complete,ctiBeds,0.0,,,,
Patient_82,CTI prepara Encaminhamento,42947.76019285337,start,,0.0,,,,
Patient_82,CTI prepara Encaminhamento,42993.15200228951,complete,,0.0,,,,
Patient_82,Encaminha_para a Clinica Medica,42993.15200228951,complete,,,para a Clinica Medica,42993.15200228951,,
Patient_82,Discharge,42993.15200228951,complete,,,,,,20409.262312644783
Patient_820,Arrival,292366.32266879606,complete,,0.0,,,,
Patient_820,Origem_do Pronto Socorro,292366.32266879606,complete,,,do Pronto Socorro,292366.32266879606,,
Patient_820,CTI (PS),292366.32266879606,start,ctiBeds,0.0,,,,
Patient_820,CTI (PS),301928.5174058663,complete,ctiBeds,0.0,,,,
Patient_820,CTI prepara Encaminhamento,301928.5174058663,start,,0.0,,,,
Patient_820,CTI prepara Encaminhamento,301982.0778335774,complete,,0.0,,,,
Patient_820,Encaminha_Obito,301982.0778335774,complete,,,Obito,301982.0778335774,,
Patient_820,Discharge,301982.0778335774,complete,,,,,,9615.755164781353
Patient_821,Arrival,292741.09447135346,complete,,0.0,,,,
Patient_821,Origem_do Pronto Socorro,292741.09447135346,complete,,,do Pronto Socorro,292741.09447135346,,
Patient_821,CTI (PS),292741.09447135346,start,ctiBeds,0.0,,,,
Patient_821,CTI (PS),298559.9377211879,complete,ctiBeds,0.0,,,,
Patient_821,CTI prepara Encaminhamento,298559.9377211879,start,,0.0,,,,
Patient_821,CTI prepara Encaminhamento,298605.61937498586,complete,,0.0,,,,
Patient_821,Encaminha_para a Clinica Medica,298605.61937498586,complete,,,para a Clinica Medica,298605.61937498586,,
Patient_821,Discharge,298605.61937498586,complete,,,,,,5864.524903632409
Patient_822,Arrival,292980.90923807054,complete,,0.0,,,,
Patient_822,Origem_do Pronto Socorro,292980.90923807054,complete,,,do Pronto Socorro,292980.90923807054,,
Patient_822,CTI (PS),292980.90923807054,start,ctiBeds,0.0,,,,
Patient_822,CTI (PS),304821.2791790654,complete,ctiBeds,0.0,,,,
Patient_822,CTI prepara Encaminhamento,304821.2791790654,start,,0.0,,,,
Patient_822,CTI prepara Encaminhamento,304869.9852241826,complete,,0.0,,,,
Patient_822,Encaminha_para a Clinica Cirurgica,304869.9852241826,complete,,,para a Clinica Cirurgica,304869.9852241826,,
Patient_822,Discharge,304869.9852241826,complete,,,,,,11889.07598611206
Patient_823,Arrival,293393.5201041391,complete,,0.0,,,,
Patient_823,Origem_do Centro Cirurgico,293393.5201041391,complete,,,do Centro Cirurgico,293393.5201041391,,
Patient_823,CTI (CC),293393.5201041391,start,ctiBeds,0.0,,,,
Patient_823,CTI (CC),296222.4172691193,complete,ctiBeds,0.0,,,,
Patient_823,CTI prepara Encaminhamento,296222.4172691193,start,,0.0,,,,
Patient_823,CTI prepara Encaminhamento,296268.9946721205,complete,,0.0,,,,
Patient_823,Encaminha_para a Clinica Medica,296268.9946721205,complete,,,para a Clinica Medica,296268.9946721205,,
Patient_823,Discharge,296268.9946721205,complete,,,,,,2875.4745679813786
Patient_824,Arrival,293797.1264412423,complete,,0.0,,,,
Patient_824,Origem_do Centro Cirurgico,293797.1264412423,complete,,,do Centro Cirurgico,293797.1264412423,,
Patient_824,CTI (CC),293797.1264412423,start,ctiBeds,0.0,,,,
Patient_824,CTI (CC),297061.81429942016,complete,ctiBeds,0.0,,,,
Patient_824,CTI prepara Encaminhamento,297061.81429942016,start,,0.0,,,,
Patient_824,CTI prepara Encaminhamento,297109.5060697964,complete,,0.0,,,,
Patient_824,Encaminha_para a Clinica Medica,297109.5060697964,complete,,,para a Clinica Medica,297109.5060697964,,
Patient_824,Discharge,297109.5060697964,complete,,,,,,3312.379628554103
Patient_825,Arrival,293938.37668821006,complete,,0.0,,,,
Patient_825,Origem_do Pronto Socorro,293938.37668821006,complete,,,do Pronto Socorro,293938.37668821006,,
Patient_825,CTI (PS),293938.37668821006,start,ctiBeds,0.0,,,,
Patient_825,CTI (PS),300975.777193276,complete,ctiBeds,0.0,,,,
Patient_825,CTI prepara Encaminhamento,300975.777193276,start,,0.0,,,,
Patient_825,CTI prepara Encaminhamento,301014.9708210873,complete,,0.0,,,,
Patient_825,Encaminha_Obito,301014.9708210873,complete,,,Obito,301014.9708210873,,
Patient_825,Discharge,301014.9708210873,complete,,,,,,7076.594132877246
Patient_826,Arrival,294355.08181865985,complete,,0.0,,,,
Patient_826,Origem_da Clinica Cirurgica,294355.08181865985,complete,,,da Clinica Cirurgica,294355.08181865985,,
Patient_826,CTI (CLIC),294355.08181865985,start,ctiBeds,0.0,,,,
Patient_826,CTI (CLIC),297864.28119726566,complete,ctiBeds,0.0,,,,
Patient_826,CTI prepara Encaminhamento,297864.28119726566,start,,0.0,,,,
Patient_826,CTI prepara Encaminhamento,297916.78660908056,complete,,0.0,,,,
Patient_826,Encaminha_para a Clinica Medica,297916.78660908056,complete,,,para a Clinica Medica,297916.78660908056,,
Patient_826,Discharge,297916.78660908056,complete,,,,,,3561.704790420714
Patient_827,Arrival,294707.07675549417,complete,,0.0,,,,
Patient_827,Origem_da Clinica Medica,294707.07675549417,complete,,,da Clinica Medica,294707.07675549417,,
Patient_827,CTI (CLIM),294707.07675549417,start,ctiBeds,0.0,,,,
Patient_827,CTI (CLIM),305456.0527089476,complete,ctiBeds,0.0,,,,
Patient_827,CTI prepara Encaminhamento,305456.0527089476,start,,0.0,,,,
Patient_827,CTI prepara Encaminhamento,305505.93728193926,complete,,0.0,,,,
Patient_827,Encaminha_Transferencia Externa,305505.93728193926,complete,,,Transferencia Externa,305505.93728193926,,
Patient_827,Discharge,305505.93728193926,complete,,,,,,10798.860526445089
Patient_828,Arrival,294951.33113216906,complete,,0.0,,,,
Patient_828,Origem_da Clinica Medica,294951.33113216906,complete,,,da Clinica Medica,294951.33113216906,,
Patient_828,CTI (CLIM),294951.33113216906,start,ctiBeds,0.0,,,,
Patient_828,CTI (CLIM),297827.466574773,complete,ctiBeds,0.0,,,,
Patient_828,CTI prepara Encaminhamento,297827.466574773,start,,0.0,,,,
Patient_828,CTI prepara Encaminhamento,297878.8579368138,complete,,0.0,,,,
Patient_828,Encaminha_Obito,297878.8579368138,complete,,,Obito,297878.8579368138,,
Patient_828,Discharge,297878.8579368138,complete,,,,,,2927.526804644731
Patient_829,Arrival,295293.2930970162,complete,,0.0,,,,
Patient_829,Origem_do Pronto Socorro,295293.2930970162,complete,,,do Pronto Socorro,295293.2930970162,,
Patient_829,CTI (PS),295293.2930970162,start,ctiBeds,0.0,,,,
Patient_829,CTI (PS),296529.8592121159,complete,ctiBeds,0.0,,,,
Patient_829,CTI prepara Encaminhamento,296529.8592121159,start,,0.0,,,,
Patient_829,CTI prepara Encaminhamento,296576.47399198543,complete,,0.0,,,,
Patient_829,Encaminha_Obito,296576.47399198543,complete,,,Obito,296576.47399198543,,
Patient_829,Discharge,296576.47399198543,complete,,,,,,1283.1808949692058
Patient_83,Arrival,23172.367117085494,complete,,0.0,,,,
Patient_83,Origem_do Centro Cirurgico,23172.367117085494,complete,,,do Centro Cirurgico,23172.367117085494,,
Patient_83,CTI (CC),23172.367117085494,start,ctiBeds,0.0,,,,
Patient_83,CTI (CC),30940.154831937107,complete,ctiBeds,0.0,,,,
Patient_83,CTI prepara Encaminhamento,30940.154831937107,start,,0.0,,,,
Patient_83,CTI prepara Encaminhamento,30997.941310083803,complete,,0.0,,,,
Patient_83,Encaminha_para a Clinica Medica,30997.941310083803,complete,,,para a Clinica Medica,30997.941310083803,,
Patient_83,Discharge,30997.941310083803,complete,,,,,,7825.574192998309
Patient_830,Arrival,295297.7572918929,complete,,0.0,,,,
Patient_830,Origem_do Pronto Socorro,295297.7572918929,complete,,,do Pronto Socorro,295297.7572918929,,
Patient_830,CTI (PS),295390.3269317469,start,ctiBeds,0.0,,,,
Patient_830,CTI (PS),302351.18992420443,complete,ctiBeds,0.0,,,,
Patient_830,CTI prepara Encaminhamento,302351.18992420443,start,,0.0,,,,
Patient_830,CTI prepara Encaminhamento,302404.4843551268,complete,,0.0,,,,
Patient_830,Encaminha_para a Clinica Medica,302404.4843551268,complete,,,para a Clinica Medica,302404.4843551268,,
Patient_830,Discharge,302404.4843551268,complete,,,,,,7106.727063233906
Patient_831,Arrival,295444.46461787564,complete,,0.0,,,,
Patient_831,Origem_do Centro Cirurgico,295444.46461787564,complete,,,do Centro Cirurgico,295444.46461787564,,
Patient_831,CTI (CC),295499.848235072,start,ctiBeds,0.0,,,,
Patient_831,CTI (CC),334418.2050999589,complete,ctiBeds,0.0,,,,
Patient_831,CTI prepara Encaminhamento,334418.2050999589,start,,0.0,,,,
Patient_831,CTI prepara Encaminhamento,334463.76171141845,complete,,0.0,,,,
Patient_831,Encaminha_para a Clinica Medica,334463.76171141845,complete,,,para a Clinica Medica,334463.76171141845,,
Patient_831,Discharge,334463.76171141845,complete,,,,,,39019.29709354282
Patient_832,Arrival,296359.99960525706,complete,,0.0,,,,
Patient_832,Origem_do Centro Cirurgico,296359.99960525706,complete,,,do Centro Cirurgico,296359.99960525706,,
Patient_832,CTI (CC),296359.99960525706,start,ctiBeds,0.0,,,,
Patient_832,CTI (CC),300695.51476716576,complete,ctiBeds,0.0,,,,
Patient_832,CTI prepara Encaminhamento,300695.51476716576,start,,0.0,,,,
Patient_832,CTI prepara Encaminhamento,300743.41027676064,complete,,0.0,,,,
Patient_832,Encaminha_Transferencia Externa,300743.41027676064,complete,,,Transferencia Externa,300743.41027676064,,
Patient_832,Discharge,300743.41027676064,complete,,,,,,4383.410671503574
Patient_833,Arrival,296739.92670251935,complete,,0.0,,,,
Patient_833,Origem_do Centro Cirurgico,296739.92670251935,complete,,,do Centro Cirurgico,296739.92670251935,,
Patient_833,CTI (CC),296739.92670251935,start,ctiBeds,0.0,,,,
Patient_833,CTI (CC),300372.1768413401,complete,ctiBeds,0.0,,,,
Patient_833,CTI prepara Encaminhamento,300372.1768413401,start,,0.0,,,,
Patient_833,CTI prepara Encaminhamento,300409.49044113694,complete,,0.0,,,,
Patient_833,Encaminha_para a Clinica Medica,300409.49044113694,complete,,,para a Clinica Medica,300409.49044113694,,
Patient_833,Discharge,300409.49044113694,complete,,,,,,3669.5637386175804
Patient_834,Arrival,296940.5616886869,complete,,0.0,,,,
Patient_834,Origem_da Clinica Medica,296940.5616886869,complete,,,da Clinica Medica,296940.5616886869,,
Patient_834,CTI (CLIM),296940.5616886869,start,ctiBeds,0.0,,,,
Patient_834,CTI (CLIM),306332.0348460894,complete,ctiBeds,0.0,,,,
Patient_834,CTI prepara Encaminhamento,306332.0348460894,start,,0.0,,,,
Patient_834,CTI prepara Encaminhamento,306363.44089712744,complete,,0.0,,,,
Patient_834,Encaminha_para a Clinica Cirurgica,306363.44089712744,complete,,,para a Clinica Cirurgica,306363.44089712744,,
Patient_834,Discharge,306363.44089712744,complete,,,,,,9422.879208440543
Patient_835,Arrival,297210.63933027966,complete,,0.0,,,,
Patient_835,Origem_do Pronto Socorro,297210.63933027966,complete,,,do Pronto Socorro,297210.63933027966,,
Patient_835,CTI (PS),297210.63933027966,start,ctiBeds,0.0,,,,
Patient_835,CTI (PS),301402.1105439851,complete,ctiBeds,0.0,,,,
Patient_835,CTI prepara Encaminhamento,301402.1105439851,start,,0.0,,,,
Patient_835,CTI prepara Encaminhamento,301441.0563177841,complete,,0.0,,,,
Patient_835,Encaminha_para a Clinica Medica,301441.0563177841,complete,,,para a Clinica Medica,301441.0563177841,,
Patient_835,Discharge,301441.0563177841,complete,,,,,,4230.416987504461
Patient_836,Arrival,297824.68335001526,complete,,0.0,,,,
Patient_836,Origem_do Centro Cirurgico,297824.68335001526,complete,,,do Centro Cirurgico,297824.68335001526,,
Patient_836,CTI (CC),297824.68335001526,start,ctiBeds,0.0,,,,
Patient_836,CTI (CC),299612.62039760605,complete,ctiBeds,0.0,,,,
Patient_836,CTI prepara Encaminhamento,299612.62039760605,start,,0.0,,,,
Patient_836,CTI prepara Encaminhamento,299662.1101504913,complete,,0.0,,,,
Patient_836,Encaminha_para a Clinica Medica,299662.1101504913,complete,,,para a Clinica Medica,299662.1101504913,,
Patient_836,Discharge,299662.1101504913,complete,,,,,,1837.426800476038
Patient_837,Arrival,298077.8879506733,complete,,0.0,,,,
Patient_837,Origem_da Maternidade,298077.8879506733,complete,,,da Maternidade,298077.8879506733,,
Patient_837,CTI (MAT),298077.8879506733,start,ctiBeds,0.0,,,,
Patient_837,CTI (MAT),299558.00183313317,complete,ctiBeds,0.0,,,,
Patient_837,CTI prepara Encaminhamento,299558.00183313317,start,,0.0,,,,
Patient_837,CTI prepara Encaminhamento,299604.4367715707,complete,,0.0,,,,
Patient_837,Encaminha_Obito,299604.4367715707,complete,,,Obito,299604.4367715707,,
Patient_837,Discharge,299604.4367715707,complete,,,,,,1526.548820897413
Patient_838,Arrival,299423.482481949,complete,,0.0,,,,
Patient_838,Origem_do Pronto Socorro,299423.482481949,complete,,,do Pronto Socorro,299423.482481949,,
Patient_838,CTI (PS),299423.482481949,start,ctiBeds,0.0,,,,
Patient_838,CTI (PS),308968.36332233204,complete,ctiBeds,0.0,,,,
Patient_838,CTI prepara Encaminhamento,308968.36332233204,start,,0.0,,,,
Patient_838,CTI prepara Encaminhamento,309017.90589749697,complete,,0.0,,,,
Patient_838,Encaminha_para a Clinica Cirurgica,309017.90589749697,complete,,,para a Clinica Cirurgica,309017.90589749697,,
Patient_838,Discharge,309017.90589749697,complete,,,,,,9594.423415547993
Patient_839,Arrival,299728.7408262079,complete,,0.0,,,,
Patient_839,Origem_do Pronto Socorro,299728.7408262079,complete,,,do Pronto Socorro,299728.7408262079,,
Patient_839,CTI (PS),299728.7408262079,start,ctiBeds,0.0,,,,
Patient_839,CTI (PS),309685.9000830949,complete,ctiBeds,0.0,,,,
Patient_839,CTI prepara Encaminhamento,309685.9000830949,start,,0.0,,,,
Patient_839,CTI prepara Encaminhamento,309742.6832575928,complete,,0.0,,,,
Patient_839,Encaminha_para a Clinica Medica,309742.6832575928,complete,,,para a Clinica Medica,309742.6832575928,,
Patient_839,Discharge,309742.6832575928,complete,,,,,,10013.942431384872
Patient_84,Arrival,23738.170419318372,complete,,0.0,,,,
Patient_84,Origem_do Pronto Socorro,23738.170419318372,complete,,,do Pronto Socorro,23738.170419318372,,
Patient_84,CTI (PS),23738.170419318372,start,ctiBeds,0.0,,,,
Patient_84,CTI (PS),36655.568979025564,complete,ctiBeds,0.0,,,,
Patient_84,CTI prepara Encaminhamento,36655.568979025564,start,,0.0,,,,
Patient_84,CTI prepara Encaminhamento,36699.73184888172,complete,,0.0,,,,
Patient_84,Encaminha_Obito,36699.73184888172,complete,,,Obito,36699.73184888172,,
Patient_84,Discharge,36699.73184888172,complete,,,,,,12961.561429563346
Patient_840,Arrival,299975.2128299556,complete,,0.0,,,,
Patient_840,Origem_do Centro Cirurgico,299975.2128299556,complete,,,do Centro Cirurgico,299975.2128299556,,
Patient_840,CTI (CC),299975.2128299556,start,ctiBeds,0.0,,,,
Patient_840,CTI (CC),307433.04909255396,complete,ctiBeds,0.0,,,,
Patient_840,CTI prepara Encaminhamento,307433.04909255396,start,,0.0,,,,
Patient_840,CTI prepara Encaminhamento,307483.0088893296,complete,,0.0,,,,
Patient_840,Encaminha_para a Clinica Medica,307483.0088893296,complete,,,para a Clinica Medica,307483.0088893296,,
Patient_840,Discharge,307483.0088893296,complete,,,,,,7507.796059373999
Patient_841,Arrival,300640.3351655563,complete,,0.0,,,,
Patient_841,Origem_do Pronto Socorro,300640.3351655563,complete,,,do Pronto Socorro,300640.3351655563,,
Patient_841,CTI (PS),300640.3351655563,start,ctiBeds,0.0,,,,
Patient_841,CTI (PS),301667.7397980548,complete,ctiBeds,0.0,,,,
Patient_841,CTI prepara Encaminhamento,301667.7397980548,start,,0.0,,,,
Patient_841,CTI prepara Encaminhamento,301712.6210680906,complete,,0.0,,,,
Patient_841,Encaminha_para a Clinica Medica,301712.6210680906,complete,,,para a Clinica Medica,301712.6210680906,,
Patient_841,Discharge,301712.6210680906,complete,,,,,,1072.2859025343205
Patient_842,Arrival,300666.9427486645,complete,,0.0,,,,
Patient_842,Origem_do Pronto Socorro,300666.9427486645,complete,,,do Pronto Socorro,300666.9427486645,,
Patient_842,CTI (PS),300666.9427486645,start,ctiBeds,0.0,,,,
Patient_842,CTI (PS),310275.17656179954,complete,ctiBeds,0.0,,,,
Patient_842,CTI prepara Encaminhamento,310275.17656179954,start,,0.0,,,,
Patient_842,CTI prepara Encaminhamento,310307.03542845434,complete,,0.0,,,,
Patient_842,Encaminha_para a Clinica Cirurgica,310307.03542845434,complete,,,para a Clinica Cirurgica,310307.03542845434,,
Patient_842,Discharge,310307.03542845434,complete,,,,,,9640.092679789814
Patient_843,Arrival,301661.01125003,complete,,0.0,,,,
Patient_843,Origem_da Clinica Medica,301661.01125003,complete,,,da Clinica Medica,301661.01125003,,
Patient_843,CTI (CLIM),301661.01125003,start,ctiBeds,0.0,,,,
Patient_843,CTI (CLIM),303835.21593530686,complete,ctiBeds,0.0,,,,
Patient_843,CTI prepara Encaminhamento,303835.21593530686,start,,0.0,,,,
Patient_843,CTI prepara Encaminhamento,303885.061368164,complete,,0.0,,,,
Patient_843,Encaminha_para a Clinica Cirurgica,303885.061368164,complete,,,para a Clinica Cirurgica,303885.061368164,,
Patient_843,Discharge,303885.061368164,complete,,,,,,2224.050118134008
Patient_844,Arrival,302010.07175911346,complete,,0.0,,,,
Patient_844,Origem_da Clinica Cirurgica,302010.07175911346,complete,,,da Clinica Cirurgica,302010.07175911346,,
Patient_844,CTI (CLIC),302010.07175911346,start,ctiBeds,0.0,,,,
Patient_844,CTI (CLIC),318602.72456335207,complete,ctiBeds,0.0,,,,
Patient_844,CTI prepara Encaminhamento,318602.72456335207,start,,0.0,,,,
Patient_844,CTI prepara Encaminhamento,318650.43076167814,complete,,0.0,,,,
Patient_844,Encaminha_para a Clinica Cirurgica,318650.43076167814,complete,,,para a Clinica Cirurgica,318650.43076167814,,
Patient_844,Discharge,318650.43076167814,complete,,,,,,16640.359002564684
Patient_845,Arrival,302071.8849050983,complete,,0.0,,,,
Patient_845,Origem_do Pronto Socorro,302071.8849050983,complete,,,do Pronto Socorro,302071.8849050983,,
Patient_845,CTI (PS),302071.8849050983,start,ctiBeds,0.0,,,,
Patient_845,CTI (PS),305176.44088450423,complete,ctiBeds,0.0,,,,
Patient_845,CTI prepara Encaminhamento,305176.44088450423,start,,0.0,,,,
Patient_845,CTI prepara Encaminhamento,305232.3335689118,complete,,0.0,,,,
Patient_845,Encaminha_para a Clinica Cirurgica,305232.3335689118,complete,,,para a Clinica Cirurgica,305232.3335689118,,
Patient_845,Discharge,305232.3335689118,complete,,,,,,3160.4486638135277
Patient_846,Arrival,302760.5715456928,complete,,0.0,,,,
Patient_846,Origem_do Centro Cirurgico,302760.5715456928,complete,,,do Centro Cirurgico,302760.5715456928,,
Patient_846,CTI (CC),302760.5715456928,start,ctiBeds,0.0,,,,
Patient_846,CTI (CC),304023.8517765248,complete,ctiBeds,0.0,,,,
Patient_846,CTI prepara Encaminhamento,304023.8517765248,start,,0.0,,,,
Patient_846,CTI prepara Encaminhamento,304067.2581438211,complete,,0.0,,,,
Patient_846,Encaminha_para a Clinica Cirurgica,304067.2581438211,complete,,,para a Clinica Cirurgica,304067.2581438211,,
Patient_846,Discharge,304067.2581438211,complete,,,,,,1306.68659812829
Patient_847,Arrival,303998.22279341874,complete,,0.0,,,,
Patient_847,Origem_do Centro Cirurgico,303998.22279341874,complete,,,do Centro Cirurgico,303998.22279341874,,
Patient_847,CTI (CC),303998.22279341874,start,ctiBeds,0.0,,,,
Patient_847,CTI (CC),323579.4125477775,complete,ctiBeds,0.0,,,,
Patient_847,CTI prepara Encaminhamento,323579.4125477775,start,,0.0,,,,
Patient_847,CTI prepara Encaminhamento,323612.23679739784,complete,,0.0,,,,
Patient_847,Encaminha_para a Clinica Cirurgica,323612.23679739784,complete,,,para a Clinica Cirurgica,323612.23679739784,,
Patient_847,Discharge,323612.23679739784,complete,,,,,,19614.0140039791
Patient_848,Arrival,304017.7801607887,complete,,0.0,,,,
Patient_848,Origem_da Clinica Medica,304017.7801607887,complete,,,da Clinica Medica,304017.7801607887,,
Patient_848,CTI (CLIM),304017.7801607887,start,ctiBeds,0.0,,,,
Patient_848,CTI (CLIM),337402.00609892496,complete,ctiBeds,0.0,,,,
Patient_848,CTI prepara Encaminhamento,337402.00609892496,start,,0.0,,,,
Patient_848,CTI prepara Encaminhamento,337440.2772484202,complete,,0.0,,,,
Patient_848,Encaminha_para a Clinica Medica,337440.2772484202,complete,,,para a Clinica Medica,337440.2772484202,,
Patient_848,Discharge,337440.2772484202,complete,,,,,,33422.49708763155
Patient_849,Arrival,304262.67384544987,complete,,0.0,,,,
Patient_849,Origem_do Centro Cirurgico,304262.67384544987,complete,,,do Centro Cirurgico,304262.67384544987,,
Patient_849,CTI (CC),304262.67384544987,start,ctiBeds,0.0,,,,
Patient_849,CTI (CC),304775.79277898767,complete,ctiBeds,0.0,,,,
Patient_849,CTI prepara Encaminhamento,304775.79277898767,start,,0.0,,,,
Patient_849,CTI prepara Encaminhamento,304828.0939698121,complete,,0.0,,,,
Patient_849,Encaminha_para a Clinica Cirurgica,304828.0939698121,complete,,,para a Clinica Cirurgica,304828.0939698121,,
Patient_849,Discharge,304828.0939698121,complete,,,,,,565.4201243622229
Patient_85,Arrival,23800.948797321715,complete,,0.0,,,,
Patient_85,Origem_do Pronto Socorro,23800.948797321715,complete,,,do Pronto Socorro,23800.948797321715,,
Patient_85,CTI (PS),23800.948797321715,start,ctiBeds,0.0,,,,
Patient_85,CTI (PS),28685.993299407215,complete,ctiBeds,0.0,,,,
Patient_85,CTI prepara Encaminhamento,28685.993299407215,start,,0.0,,,,
Patient_85,CTI prepara Encaminhamento,28735.389007929254,complete,,0.0,,,,
Patient_85,Encaminha_para a Clinica Medica,28735.389007929254,complete,,,para a Clinica Medica,28735.389007929254,,
Patient_85,Discharge,28735.389007929254,complete,,,,,,4934.4402106075395
Patient_850,Arrival,304775.3493116188,complete,,0.0,,,,
Patient_850,Origem_do Pronto Socorro,304775.3493116188,complete,,,do Pronto Socorro,304775.3493116188,,
Patient_850,CTI (PS),304775.3493116188,start,ctiBeds,0.0,,,,
Patient_850,CTI (PS),307051.38408037915,complete,ctiBeds,0.0,,,,
Patient_850,CTI prepara Encaminhamento,307051.38408037915,start,,0.0,,,,
Patient_850,CTI prepara Encaminhamento,307087.3316543461,complete,,0.0,,,,
Patient_850,Encaminha_para a Clinica Cirurgica,307087.3316543461,complete,,,para a Clinica Cirurgica,307087.3316543461,,
Patient_850,Discharge,307087.3316543461,complete,,,,,,2311.9823427273077
Patient_851,Arrival,305410.18607507343,complete,,0.0,,,,
Patient_851,Origem_do Pronto Socorro,305410.18607507343,complete,,,do Pronto Socorro,305410.18607507343,,
Patient_851,CTI (PS),305410.18607507343,start,ctiBeds,0.0,,,,
Patient_851,CTI (PS),310539.4944784965,complete,ctiBeds,0.0,,,,
Patient_851,CTI prepara Encaminhamento,310539.4944784965,start,,0.0,,,,
Patient_851,CTI prepara Encaminhamento,310594.52839559555,complete,,0.0,,,,
Patient_851,Encaminha_para a Clinica Cirurgica,310594.52839559555,complete,,,para a Clinica Cirurgica,310594.52839559555,,
Patient_851,Discharge,310594.52839559555,complete,,,,,,5184.342320522119
Patient_852,Arrival,305540.8571311538,complete,,0.0,,,,
Patient_852,Origem_do Centro Cirurgico,305540.8571311538,complete,,,do Centro Cirurgico,305540.8571311538,,
Patient_852,CTI (CC),305540.8571311538,start,ctiBeds,0.0,,,,
Patient_852,CTI (CC),306561.0768675362,complete,ctiBeds,0.0,,,,
Patient_852,CTI prepara Encaminhamento,306561.0768675362,start,,0.0,,,,
Patient_852,CTI prepara Encaminhamento,306596.4321815813,complete,,0.0,,,,
Patient_852,Encaminha_Obito,306596.4321815813,complete,,,Obito,306596.4321815813,,
Patient_852,Discharge,306596.4321815813,complete,,,,,,1055.575050427462
Patient_853,Arrival,305574.2031532028,complete,,0.0,,,,
Patient_853,Origem_do Pronto Socorro,305574.2031532028,complete,,,do Pronto Socorro,305574.2031532028,,
Patient_853,CTI (PS),305574.2031532028,start,ctiBeds,0.0,,,,
Patient_853,CTI (PS),320632.8572696495,complete,ctiBeds,0.0,,,,
Patient_853,CTI prepara Encaminhamento,320632.8572696495,start,,0.0,,,,
Patient_853,CTI prepara Encaminhamento,320671.5337690327,complete,,0.0,,,,
Patient_853,Encaminha_para a Clinica Medica,320671.5337690327,complete,,,para a Clinica Medica,320671.5337690327,,
Patient_853,Discharge,320671.5337690327,complete,,,,,,15097.33061582991
Patient_854,Arrival,305891.2632969947,complete,,0.0,,,,
Patient_854,Origem_do Centro Cirurgico,305891.2632969947,complete,,,do Centro Cirurgico,305891.2632969947,,
Patient_854,CTI (CC),305891.2632969947,start,ctiBeds,0.0,,,,
Patient_854,CTI (CC),308775.8214045151,complete,ctiBeds,0.0,,,,
Patient_854,CTI prepara Encaminhamento,308775.8214045151,start,,0.0,,,,
Patient_854,CTI prepara Encaminhamento,308808.0863808623,complete,,0.0,,,,
Patient_854,Encaminha_para a Clinica Cirurgica,308808.0863808623,complete,,,para a Clinica Cirurgica,308808.0863808623,,
Patient_854,Discharge,308808.0863808623,complete,,,,,,2916.82308386761
Patient_855,Arrival,306480.8998399453,complete,,0.0,,,,
Patient_855,Origem_do Centro Cirurgico,306480.8998399453,complete,,,do Centro Cirurgico,306480.8998399453,,
Patient_855,CTI (CC),306480.8998399453,start,ctiBeds,0.0,,,,
Patient_855,CTI (CC),307146.9637199936,complete,ctiBeds,0.0,,,,
Patient_855,CTI prepara Encaminhamento,307146.9637199936,start,,0.0,,,,
Patient_855,CTI prepara Encaminhamento,307194.6132661422,complete,,0.0,,,,
Patient_855,Encaminha_Transferencia Externa,307194.6132661422,complete,,,Transferencia Externa,307194.6132661422,,
Patient_855,Discharge,307194.6132661422,complete,,,,,,713.7134261968895
Patient_856,Arrival,306538.73837710905,complete,,0.0,,,,
Patient_856,Origem_do Centro Cirurgico,306538.73837710905,complete,,,do Centro Cirurgico,306538.73837710905,,
Patient_856,CTI (CC),306538.73837710905,start,ctiBeds,0.0,,,,
Patient_856,CTI (CC),355532.0587634137,complete,ctiBeds,0.0,,,,
Patient_856,CTI prepara Encaminhamento,355532.0587634137,start,,0.0,,,,
Patient_856,CTI prepara Encaminhamento,355575.40871426376,complete,,0.0,,,,
Patient_856,Encaminha_para a Clinica Medica,355575.40871426376,complete,,,para a Clinica Medica,355575.40871426376,,
Patient_856,Discharge,355575.40871426376,complete,,,,,,49036.670337154705
Patient_857,Arrival,307276.338199753,complete,,0.0,,,,
Patient_857,Origem_do Pronto Socorro,307276.338199753,complete,,,do Pronto Socorro,307276.338199753,,
Patient_857,CTI (PS),307276.338199753,start,ctiBeds,0.0,,,,
Patient_857,CTI (PS),340789.62008588377,complete,ctiBeds,0.0,,,,
Patient_857,CTI prepara Encaminhamento,340789.62008588377,start,,0.0,,,,
Patient_857,CTI prepara Encaminhamento,340825.3506687241,complete,,0.0,,,,
Patient_857,Encaminha_para a Clinica Medica,340825.3506687241,complete,,,para a Clinica Medica,340825.3506687241,,
Patient_857,Discharge,340825.3506687241,complete,,,,,,33549.01246897108
Patient_858,Arrival,307805.4986501303,complete,,0.0,,,,
Patient_858,Origem_do Pronto Socorro,307805.4986501303,complete,,,do Pronto Socorro,307805.4986501303,,
Patient_858,CTI (PS),307805.4986501303,start,ctiBeds,0.0,,,,
Patient_858,CTI (PS),324240.7337874112,complete,ctiBeds,0.0,,,,
Patient_858,CTI prepara Encaminhamento,324240.7337874112,start,,0.0,,,,
Patient_858,CTI prepara Encaminhamento,324288.2069853357,complete,,0.0,,,,
Patient_858,Encaminha_Obito,324288.2069853357,complete,,,Obito,324288.2069853357,,
Patient_858,Discharge,324288.2069853357,complete,,,,,,16482.70833520539
Patient_859,Arrival,308614.1360910779,complete,,0.0,,,,
Patient_859,Origem_da Clinica Medica,308614.1360910779,complete,,,da Clinica Medica,308614.1360910779,,
Patient_859,CTI (CLIM),308614.1360910779,start,ctiBeds,0.0,,,,
Patient_859,CTI (CLIM),309484.6523844237,complete,ctiBeds,0.0,,,,
Patient_859,CTI prepara Encaminhamento,309484.6523844237,start,,0.0,,,,
Patient_859,CTI prepara Encaminhamento,309527.54369275324,complete,,0.0,,,,
Patient_859,Encaminha_para a Clinica Cirurgica,309527.54369275324,complete,,,para a Clinica Cirurgica,309527.54369275324,,
Patient_859,Discharge,309527.54369275324,complete,,,,,,913.4076016753679
Patient_86,Arrival,25290.0535911769,complete,,0.0,,,,
Patient_86,Origem_do Centro Cirurgico,25290.0535911769,complete,,,do Centro Cirurgico,25290.0535911769,,
Patient_86,CTI (CC),25290.0535911769,start,ctiBeds,0.0,,,,
Patient_86,CTI (CC),25646.654596655397,complete,ctiBeds,0.0,,,,
Patient_86,CTI prepara Encaminhamento,25646.654596655397,start,,0.0,,,,
Patient_86,CTI prepara Encaminhamento,25695.57196908409,complete,,0.0,,,,
Patient_86,Encaminha_Obito,25695.57196908409,complete,,,Obito,25695.57196908409,,
Patient_86,Discharge,25695.57196908409,complete,,,,,,405.51837790718855
Patient_860,Arrival,308789.4432946411,complete,,0.0,,,,
Patient_860,Origem_do Centro Cirurgico,308789.4432946411,complete,,,do Centro Cirurgico,308789.4432946411,,
Patient_860,CTI (CC),308789.4432946411,start,ctiBeds,0.0,,,,
Patient_860,CTI (CC),356138.54282413656,complete,ctiBeds,0.0,,,,
Patient_860,CTI prepara Encaminhamento,356138.54282413656,start,,0.0,,,,
Patient_860,CTI prepara Encaminhamento,356196.32434390055,complete,,0.0,,,,
Patient_860,Encaminha_para a Clinica Medica,356196.32434390055,complete,,,para a Clinica Medica,356196.32434390055,,
Patient_860,Discharge,356196.32434390055,complete,,,,,,47406.88104925945
Patient_861,Arrival,308861.30149756884,complete,,0.0,,,,
Patient_861,Origem_do Centro Cirurgico,308861.30149756884,complete,,,do Centro Cirurgico,308861.30149756884,,
Patient_861,CTI (CC),308861.30149756884,start,ctiBeds,0.0,,,,
Patient_861,CTI (CC),315465.54919720977,complete,ctiBeds,0.0,,,,
Patient_861,CTI prepara Encaminhamento,315465.54919720977,start,,0.0,,,,
Patient_861,CTI prepara Encaminhamento,315518.55409144406,complete,,0.0,,,,
Patient_861,Encaminha_para a Clinica Cirurgica,315518.55409144406,complete,,,para a Clinica Cirurgica,315518.55409144406,,
Patient_861,Discharge,315518.55409144406,complete,,,,,,6657.252593875222
Patient_862,Arrival,309507.08013545134,complete,,0.0,,,,
Patient_862,Origem_do Centro Cirurgico,309507.08013545134,complete,,,do Centro Cirurgico,309507.08013545134,,
Patient_862,CTI (CC),309507.08013545134,start,ctiBeds,0.0,,,,
Patient_862,CTI (CC),321658.7429502287,complete,ctiBeds,0.0,,,,
Patient_862,CTI prepara Encaminhamento,321658.7429502287,start,,0.0,,,,
Patient_862,CTI prepara Encaminhamento,321705.4777677509,complete,,0.0,,,,
Patient_862,Encaminha_para a Clinica Medica,321705.4777677509,complete,,,para a Clinica Medica,321705.4777677509,,
Patient_862,Discharge,321705.4777677509,complete,,,,,,12198.397632299573
Patient_863,Arrival,309776.4390748037,complete,,0.0,,,,
Patient_863,Origem_do Pronto Socorro,309776.4390748037,complete,,,do Pronto Socorro,309776.4390748037,,
Patient_863,CTI (PS),309776.4390748037,start,ctiBeds,0.0,,,,
Patient_863,CTI (PS),339083.59191300214,complete,ctiBeds,0.0,,,,
Patient_863,CTI prepara Encaminhamento,339083.59191300214,start,,0.0,,,,
Patient_863,CTI prepara Encaminhamento,339130.86516817583,complete,,0.0,,,,
Patient_863,Encaminha_Obito,339130.86516817583,complete,,,Obito,339130.86516817583,,
Patient_863,Discharge,339130.86516817583,complete,,,,,,29354.42609337211
Patient_864,Arrival,309780.1595106714,complete,,0.0,,,,
Patient_864,Origem_da Clinica Medica,309780.1595106714,complete,,,da Clinica Medica,309780.1595106714,,
Patient_864,CTI (CLIM),309780.1595106714,start,ctiBeds,0.0,,,,
Patient_864,CTI (CLIM),358856.9068873873,complete,ctiBeds,0.0,,,,
Patient_864,CTI prepara Encaminhamento,358856.9068873873,start,,0.0,,,,
Patient_864,CTI prepara Encaminhamento,358896.66372514743,complete,,0.0,,,,
Patient_864,Encaminha_para a Clinica Cirurgica,358896.66372514743,complete,,,para a Clinica Cirurgica,358896.66372514743,,
Patient_864,Discharge,358896.66372514743,complete,,,,,,49116.50421447604
Patient_865,Arrival,310389.76426746056,complete,,0.0,,,,
Patient_865,Origem_do Centro Cirurgico,310389.76426746056,complete,,,do Centro Cirurgico,310389.76426746056,,
Patient_865,CTI (CC),310389.76426746056,start,ctiBeds,0.0,,,,
Patient_865,CTI (CC),334864.9243167634,complete,ctiBeds,0.0,,,,
Patient_865,CTI prepara Encaminhamento,334864.9243167634,start,,0.0,,,,
Patient_865,CTI prepara Encaminhamento,334922.5250128809,complete,,0.0,,,,
Patient_865,Encaminha_para a Clinica Cirurgica,334922.5250128809,complete,,,para a Clinica Cirurgica,334922.5250128809,,
Patient_865,Discharge,334922.5250128809,complete,,,,,,24532.760745420353
Patient_866,Arrival,310970.92975709034,complete,,0.0,,,,
Patient_866,Origem_do Centro Cirurgico,310970.92975709034,complete,,,do Centro Cirurgico,310970.92975709034,,
Patient_866,CTI (CC),310970.92975709034,start,ctiBeds,0.0,,,,
Patient_866,CTI (CC),318613.6704588419,complete,ctiBeds,0.0,,,,
Patient_866,CTI prepara Encaminhamento,318613.6704588419,start,,0.0,,,,
Patient_866,CTI prepara Encaminhamento,318656.5356488927,complete,,0.0,,,,
Patient_866,Encaminha_para a Clinica Cirurgica,318656.5356488927,complete,,,para a Clinica Cirurgica,318656.5356488927,,
Patient_866,Discharge,318656.5356488927,complete,,,,,,7685.605891802348
Patient_867,Arrival,311656.10875524796,complete,,0.0,,,,
Patient_867,Origem_do Centro Cirurgico,311656.10875524796,complete,,,do Centro Cirurgico,311656.10875524796,,
Patient_867,CTI (CC),311656.10875524796,start,ctiBeds,0.0,,,,
Patient_867,CTI (CC),313666.5520032864,complete,ctiBeds,0.0,,,,
Patient_867,CTI prepara Encaminhamento,313666.5520032864,start,,0.0,,,,
Patient_867,CTI prepara Encaminhamento,313716.48747843347,complete,,0.0,,,,
Patient_867,Encaminha_Obito,313716.48747843347,complete,,,Obito,313716.48747843347,,
Patient_867,Discharge,313716.48747843347,complete,,,,,,2060.3787231855094
Patient_868,Arrival,311851.6639285682,complete,,0.0,,,,
Patient_868,Origem_do Pronto Socorro,311851.6639285682,complete,,,do Pronto Socorro,311851.6639285682,,
Patient_868,CTI (PS),311851.6639285682,start,ctiBeds,0.0,,,,
Patient_868,CTI (PS),314768.86128457764,complete,ctiBeds,0.0,,,,
Patient_868,CTI prepara Encaminhamento,314768.86128457764,start,,0.0,,,,
Patient_868,CTI prepara Encaminhamento,314824.2687103482,complete,,0.0,,,,
Patient_868,Encaminha_para a Clinica Medica,314824.2687103482,complete,,,para a Clinica Medica,314824.2687103482,,
Patient_868,Discharge,314824.2687103482,complete,,,,,,2972.6047817799845
Patient_869,Arrival,311939.2126191237,complete,,0.0,,,,
Patient_869,Origem_do Centro Cirurgico,311939.2126191237,complete,,,do Centro Cirurgico,311939.2126191237,,
Patient_869,CTI (CC),311939.2126191237,start,ctiBeds,0.0,,,,
Patient_869,CTI (CC),330967.7166763712,complete,ctiBeds,0.0,,,,
Patient_869,CTI prepara Encaminhamento,330967.7166763712,start,,0.0,,,,
Patient_869,CTI prepara Encaminhamento,331001.5636555141,complete,,0.0,,,,
Patient_869,Encaminha_para a Clinica Cirurgica,331001.5636555141,complete,,,para a Clinica Cirurgica,331001.5636555141,,
Patient_869,Discharge,331001.5636555141,complete,,,,,,19062.351036390406
Patient_87,Arrival,25585.186540084236,complete,,0.0,,,,
Patient_87,Origem_do Centro Cirurgico,25585.186540084236,complete,,,do Centro Cirurgico,25585.186540084236,,
Patient_87,CTI (CC),25585.186540084236,start,ctiBeds,0.0,,,,
Patient_87,CTI (CC),26247.471513623823,complete,ctiBeds,0.0,,,,
Patient_87,CTI prepara Encaminhamento,26247.471513623823,start,,0.0,,,,
Patient_87,CTI prepara Encaminhamento,26286.52454643714,complete,,0.0,,,,
Patient_87,Encaminha_para a Clinica Medica,26286.52454643714,complete,,,para a Clinica Medica,26286.52454643714,,
Patient_87,Discharge,26286.52454643714,complete,,,,,,701.3380063529039
Patient_870,Arrival,312087.1778404651,complete,,0.0,,,,
Patient_870,Origem_da Clinica Cirurgica,312087.1778404651,complete,,,da Clinica Cirurgica,312087.1778404651,,
Patient_870,CTI (CLIC),312087.1778404651,start,ctiBeds,0.0,,,,
Patient_870,CTI (CLIC),314841.483721129,complete,ctiBeds,0.0,,,,
Patient_870,CTI prepara Encaminhamento,314841.483721129,start,,0.0,,,,
Patient_870,CTI prepara Encaminhamento,314889.9300853267,complete,,0.0,,,,
Patient_870,Encaminha_Obito,314889.9300853267,complete,,,Obito,314889.9300853267,,
Patient_870,Discharge,314889.9300853267,complete,,,,,,2802.752244861622
Patient_871,Arrival,312384.3109188734,complete,,0.0,,,,
Patient_871,Origem_da Clinica Medica,312384.3109188734,complete,,,da Clinica Medica,312384.3109188734,,
Patient_871,CTI (CLIM),312384.3109188734,start,ctiBeds,0.0,,,,
Patient_871,CTI (CLIM),332368.303065767,complete,ctiBeds,0.0,,,,
Patient_871,CTI prepara Encaminhamento,332368.303065767,start,,0.0,,,,
Patient_871,CTI prepara Encaminhamento,332404.83589139796,complete,,0.0,,,,
Patient_871,Encaminha_para a Clinica Cirurgica,332404.83589139796,complete,,,para a Clinica Cirurgica,332404.83589139796,,
Patient_871,Discharge,332404.83589139796,complete,,,,,,20020.524972524552
Patient_872,Arrival,313974.0238048115,complete,,0.0,,,,
Patient_872,Origem_do Centro Cirurgico,313974.0238048115,complete,,,do Centro Cirurgico,313974.0238048115,,
Patient_872,CTI (CC),313974.0238048115,start,ctiBeds,0.0,,,,
Patient_872,CTI (CC),319096.5748784318,complete,ctiBeds,0.0,,,,
Patient_872,CTI prepara Encaminhamento,319096.5748784318,start,,0.0,,,,
Patient_872,CTI prepara Encaminhamento,319147.46839932905,complete,,0.0,,,,
Patient_872,Encaminha_para a Clinica Medica,319147.46839932905,complete,,,para a Clinica Medica,319147.46839932905,,
Patient_872,Discharge,319147.46839932905,complete,,,,,,5173.444594517525
Patient_873,Arrival,314303.9908895665,complete,,0.0,,,,
Patient_873,Origem_do Pronto Socorro,314303.9908895665,complete,,,do Pronto Socorro,314303.9908895665,,
Patient_873,CTI (PS),314303.9908895665,start,ctiBeds,0.0,,,,
Patient_873,CTI (PS),329918.3789219442,complete,ctiBeds,0.0,,,,
Patient_873,CTI prepara Encaminhamento,329918.3789219442,start,,0.0,,,,
Patient_873,CTI prepara Encaminhamento,329954.75528721744,complete,,0.0,,,,
Patient_873,Encaminha_para a Clinica Medica,329954.75528721744,complete,,,para a Clinica Medica,329954.75528721744,,
Patient_873,Discharge,329954.75528721744,complete,,,,,,15650.764397650957
Patient_874,Arrival,314506.42672072194,complete,,0.0,,,,
Patient_874,Origem_do Centro Cirurgico,314506.42672072194,complete,,,do Centro Cirurgico,314506.42672072194,,
Patient_874,CTI (CC),314506.42672072194,start,ctiBeds,0.0,,,,
Patient_874,CTI (CC),315043.8099414071,complete,ctiBeds,0.0,,,,
Patient_874,CTI prepara Encaminhamento,315043.8099414071,start,,0.0,,,,
Patient_874,CTI prepara Encaminhamento,315102.9707431227,complete,,0.0,,,,
Patient_874,Encaminha_para a Clinica Medica,315102.9707431227,complete,,,para a Clinica Medica,315102.9707431227,,
Patient_874,Discharge,315102.9707431227,complete,,,,,,596.544022400747
Patient_875,Arrival,315565.33758271305,complete,,0.0,,,,
Patient_875,Origem_da Clinica Medica,315565.33758271305,complete,,,da Clinica Medica,315565.33758271305,,
Patient_875,CTI (CLIM),315565.33758271305,start,ctiBeds,0.0,,,,
Patient_875,CTI (CLIM),349996.3704537349,complete,ctiBeds,0.0,,,,
Patient_875,CTI prepara Encaminhamento,349996.3704537349,start,,0.0,,,,
Patient_875,CTI prepara Encaminhamento,350036.3647095089,complete,,0.0,,,,
Patient_875,Encaminha_para a Clinica Medica,350036.3647095089,complete,,,para a Clinica Medica,350036.3647095089,,
Patient_875,Discharge,350036.3647095089,complete,,,,,,34471.027126795845
Patient_876,Arrival,315621.8887572796,complete,,0.0,,,,
Patient_876,Origem_do Centro Cirurgico,315621.8887572796,complete,,,do Centro Cirurgico,315621.8887572796,,
Patient_876,CTI (CC),315621.8887572796,start,ctiBeds,0.0,,,,
Patient_876,CTI (CC),327566.28521462786,complete,ctiBeds,0.0,,,,
Patient_876,CTI prepara Encaminhamento,327566.28521462786,start,,0.0,,,,
Patient_876,CTI prepara Encaminhamento,327626.00015916355,complete,,0.0,,,,
Patient_876,Encaminha_para a Clinica Cirurgica,327626.00015916355,complete,,,para a Clinica Cirurgica,327626.00015916355,,
Patient_876,Discharge,327626.00015916355,complete,,,,,,12004.111401883943
Patient_877,Arrival,315673.1621520462,complete,,0.0,,,,
Patient_877,Origem_do Pronto Socorro,315673.1621520462,complete,,,do Pronto Socorro,315673.1621520462,,
Patient_877,CTI (PS),315673.1621520462,start,ctiBeds,0.0,,,,
Patient_877,CTI (PS),323169.5840325586,complete,ctiBeds,0.0,,,,
Patient_877,CTI prepara Encaminhamento,323169.5840325586,start,,0.0,,,,
Patient_877,CTI prepara Encaminhamento,323210.43427675066,complete,,0.0,,,,
Patient_877,Encaminha_para a Clinica Medica,323210.43427675066,complete,,,para a Clinica Medica,323210.43427675066,,
Patient_877,Discharge,323210.43427675066,complete,,,,,,7537.272124704439
Patient_878,Arrival,315828.1289170427,complete,,0.0,,,,
Patient_878,Origem_do Centro Cirurgico,315828.1289170427,complete,,,do Centro Cirurgico,315828.1289170427,,
Patient_878,CTI (CC),315828.1289170427,start,ctiBeds,0.0,,,,
Patient_878,CTI (CC),321197.5206290715,complete,ctiBeds,0.0,,,,
Patient_878,CTI prepara Encaminhamento,321197.5206290715,start,,0.0,,,,
Patient_878,CTI prepara Encaminhamento,321231.4909461932,complete,,0.0,,,,
Patient_878,Encaminha_para a Clinica Medica,321231.4909461932,complete,,,para a Clinica Medica,321231.4909461932,,
Patient_878,Discharge,321231.4909461932,complete,,,,,,5403.362029150536
Patient_879,Arrival,316743.39331787964,complete,,0.0,,,,
Patient_879,Origem_do Centro Cirurgico,316743.39331787964,complete,,,do Centro Cirurgico,316743.39331787964,,
Patient_879,CTI (CC),316743.39331787964,start,ctiBeds,0.0,,,,
Patient_879,CTI (CC),319457.15191088343,complete,ctiBeds,0.0,,,,
Patient_879,CTI prepara Encaminhamento,319457.15191088343,start,,0.0,,,,
Patient_879,CTI prepara Encaminhamento,319516.7590999294,complete,,0.0,,,,
Patient_879,Encaminha_para a Clinica Medica,319516.7590999294,complete,,,para a Clinica Medica,319516.7590999294,,
Patient_879,Discharge,319516.7590999294,complete,,,,,,2773.3657820497756
Patient_88,Arrival,26822.852750651233,complete,,0.0,,,,
Patient_88,Origem_do Centro Cirurgico,26822.852750651233,complete,,,do Centro Cirurgico,26822.852750651233,,
Patient_88,CTI (CC),26822.852750651233,start,ctiBeds,0.0,,,,
Patient_88,CTI (CC),28767.772105603068,complete,ctiBeds,0.0,,,,
Patient_88,CTI prepara Encaminhamento,28767.772105603068,start,,0.0,,,,
Patient_88,CTI prepara Encaminhamento,28803.50311487177,complete,,0.0,,,,
Patient_88,Encaminha_para a Clinica Medica,28803.50311487177,complete,,,para a Clinica Medica,28803.50311487177,,
Patient_88,Discharge,28803.50311487177,complete,,,,,,1980.650364220539
Patient_880,Arrival,318018.6886371113,complete,,0.0,,,,
Patient_880,Origem_do Pronto Socorro,318018.6886371113,complete,,,do Pronto Socorro,318018.6886371113,,
Patient_880,CTI (PS),318018.6886371113,start,ctiBeds,0.0,,,,
Patient_880,CTI (PS),322769.1255234563,complete,ctiBeds,0.0,,,,
Patient_880,CTI prepara Encaminhamento,322769.1255234563,start,,0.0,,,,
Patient_880,CTI prepara Encaminhamento,322815.88427783834,complete,,0.0,,,,
Patient_880,Encaminha_para a Clinica Cirurgica,322815.88427783834,complete,,,para a Clinica Cirurgica,322815.88427783834,,
Patient_880,Discharge,322815.88427783834,complete,,,,,,4797.195640727063
Patient_881,Arrival,318189.51373179775,complete,,0.0,,,,
Patient_881,Origem_do Centro Cirurgico,318189.51373179775,complete,,,do Centro Cirurgico,318189.51373179775,,
Patient_881,CTI (CC),318189.51373179775,start,ctiBeds,0.0,,,,
Patient_881,CTI (CC),322999.0838927063,complete,ctiBeds,0.0,,,,
Patient_881,CTI prepara Encaminhamento,322999.0838927063,start,,0.0,,,,
Patient_881,CTI prepara Encaminhamento,323030.4125810843,complete,,0.0,,,,
Patient_881,Encaminha_para o Centro Cirurgico,323030.4125810843,complete,,,para o Centro Cirurgico,323030.4125810843,,
Patient_881,Discharge,323030.4125810843,complete,,,,,,4840.8988492865465
Patient_882,Arrival,318243.00692531903,complete,,0.0,,,,
Patient_882,Origem_do Pronto Socorro,318243.00692531903,complete,,,do Pronto Socorro,318243.00692531903,,
Patient_882,CTI (PS),318243.00692531903,start,ctiBeds,0.0,,,,
Patient_882,CTI (PS),332969.6915864315,complete,ctiBeds,0.0,,,,
Patient_882,CTI prepara Encaminhamento,332969.6915864315,start,,0.0,,,,
Patient_882,CTI prepara Encaminhamento,333000.36002178397,complete,,0.0,,,,
Patient_882,Encaminha_para a Clinica Medica,333000.36002178397,complete,,,para a Clinica Medica,333000.36002178397,,
Patient_882,Discharge,333000.36002178397,complete,,,,,,14757.35309646494
Patient_883,Arrival,318770.71688816586,complete,,0.0,,,,
Patient_883,Origem_do Pronto Socorro,318770.71688816586,complete,,,do Pronto Socorro,318770.71688816586,,
Patient_883,CTI (PS),318770.71688816586,start,ctiBeds,0.0,,,,
Patient_883,CTI (PS),321586.93817911367,complete,ctiBeds,0.0,,,,
Patient_883,CTI prepara Encaminhamento,321586.93817911367,start,,0.0,,,,
Patient_883,CTI prepara Encaminhamento,321622.8854872559,complete,,0.0,,,,
Patient_883,Encaminha_para a Clinica Medica,321622.8854872559,complete,,,para a Clinica Medica,321622.8854872559,,
Patient_883,Discharge,321622.8854872559,complete,,,,,,2852.168599090015
Patient_884,Arrival,318797.9201441116,complete,,0.0,,,,
Patient_884,Origem_do Centro Cirurgico,318797.9201441116,complete,,,do Centro Cirurgico,318797.9201441116,,
Patient_884,CTI (CC),318797.9201441116,start,ctiBeds,0.0,,,,
Patient_884,CTI (CC),319860.59245650226,complete,ctiBeds,0.0,,,,
Patient_884,CTI prepara Encaminhamento,319860.59245650226,start,,0.0,,,,
Patient_884,CTI prepara Encaminhamento,319918.9695669215,complete,,0.0,,,,
Patient_884,Encaminha_Obito,319918.9695669215,complete,,,Obito,319918.9695669215,,
Patient_884,Discharge,319918.9695669215,complete,,,,,,1121.0494228099124
Patient_885,Arrival,319718.58565825055,complete,,0.0,,,,
Patient_885,Origem_do Pronto Socorro,319718.58565825055,complete,,,do Pronto Socorro,319718.58565825055,,
Patient_885,CTI (PS),319718.58565825055,start,ctiBeds,0.0,,,,
Patient_885,CTI (PS),336399.62197376345,complete,ctiBeds,0.0,,,,
Patient_885,CTI prepara Encaminhamento,336399.62197376345,start,,0.0,,,,
Patient_885,CTI prepara Encaminhamento,336455.1292235387,complete,,0.0,,,,
Patient_885,Encaminha_para a Clinica Medica,336455.1292235387,complete,,,para a Clinica Medica,336455.1292235387,,
Patient_885,Discharge,336455.1292235387,complete,,,,,,16736.543565288128
Patient_886,Arrival,319788.0709004204,complete,,0.0,,,,
Patient_886,Origem_do Pronto Socorro,319788.0709004204,complete,,,do Pronto Socorro,319788.0709004204,,
Patient_886,CTI (PS),319788.0709004204,start,ctiBeds,0.0,,,,
Patient_886,CTI (PS),335328.1044710763,complete,ctiBeds,0.0,,,,
Patient_886,CTI prepara Encaminhamento,335328.1044710763,start,,0.0,,,,
Patient_886,CTI prepara Encaminhamento,335362.0421316516,complete,,0.0,,,,
Patient_886,Encaminha_para a Clinica Cirurgica,335362.0421316516,complete,,,para a Clinica Cirurgica,335362.0421316516,,
Patient_886,Discharge,335362.0421316516,complete,,,,,,15573.971231231175
Patient_887,Arrival,320462.04705717566,complete,,0.0,,,,
Patient_887,Origem_do Pronto Socorro,320462.04705717566,complete,,,do Pronto Socorro,320462.04705717566,,
Patient_887,CTI (PS),320462.04705717566,start,ctiBeds,0.0,,,,
Patient_887,CTI (PS),340876.22335316415,complete,ctiBeds,0.0,,,,
Patient_887,CTI prepara Encaminhamento,340876.22335316415,start,,0.0,,,,
Patient_887,CTI prepara Encaminhamento,340914.94636234763,complete,,0.0,,,,
Patient_887,Encaminha_para a Clinica Medica,340914.94636234763,complete,,,para a Clinica Medica,340914.94636234763,,
Patient_887,Discharge,340914.94636234763,complete,,,,,,20452.899305171974
Patient_888,Arrival,321736.45631421753,complete,,0.0,,,,
Patient_888,Origem_do Centro Cirurgico,321736.45631421753,complete,,,do Centro Cirurgico,321736.45631421753,,
Patient_888,CTI (CC),321736.45631421753,start,ctiBeds,0.0,,,,
Patient_888,CTI (CC),332547.94865158777,complete,ctiBeds,0.0,,,,
Patient_888,CTI prepara Encaminhamento,332547.94865158777,start,,0.0,,,,
Patient_888,CTI prepara Encaminhamento,332582.8638083987,complete,,0.0,,,,
Patient_888,Encaminha_para a Clinica Medica,332582.8638083987,complete,,,para a Clinica Medica,332582.8638083987,,
Patient_888,Discharge,332582.8638083987,complete,,,,,,10846.407494181185
Patient_889,Arrival,321866.76846121147,complete,,0.0,,,,
Patient_889,Origem_do Centro Cirurgico,321866.76846121147,complete,,,do Centro Cirurgico,321866.76846121147,,
Patient_889,CTI (CC),321866.76846121147,start,ctiBeds,0.0,,,,
Patient_889,CTI (CC),349940.0549449185,complete,ctiBeds,0.0,,,,
Patient_889,CTI prepara Encaminhamento,349940.0549449185,start,,0.0,,,,
Patient_889,CTI prepara Encaminhamento,349971.0139304902,complete,,0.0,,,,
Patient_889,Encaminha_para a Clinica Medica,349971.0139304902,complete,,,para a Clinica Medica,349971.0139304902,,
Patient_889,Discharge,349971.0139304902,complete,,,,,,28104.245469278714
Patient_89,Arrival,27418.0433730257,complete,,0.0,,,,
Patient_89,Origem_da Clinica Cirurgica,27418.0433730257,complete,,,da Clinica Cirurgica,27418.0433730257,,
Patient_89,CTI (CLIC),27418.0433730257,start,ctiBeds,0.0,,,,
Patient_89,CTI (CLIC),36143.55816042694,complete,ctiBeds,0.0,,,,
Patient_89,CTI prepara Encaminhamento,36143.55816042694,start,,0.0,,,,
Patient_89,CTI prepara Encaminhamento,36194.45110998979,complete,,0.0,,,,
Patient_89,Encaminha_para a Clinica Cirurgica,36194.45110998979,complete,,,para a Clinica Cirurgica,36194.45110998979,,
Patient_89,Discharge,36194.45110998979,complete,,,,,,8776.407736964095
Patient_890,Arrival,322714.67229322053,complete,,0.0,,,,
Patient_890,Origem_do Centro Cirurgico,322714.67229322053,complete,,,do Centro Cirurgico,322714.67229322053,,
Patient_890,CTI (CC),322714.67229322053,start,ctiBeds,0.0,,,,
Patient_890,CTI (CC),393302.21774219174,complete,ctiBeds,0.0,,,,
Patient_890,CTI prepara Encaminhamento,393302.21774219174,start,,0.0,,,,
Patient_890,CTI prepara Encaminhamento,393343.65409498254,complete,,0.0,,,,
Patient_890,Encaminha_para a Clinica Medica,393343.65409498254,complete,,,para a Clinica Medica,393343.65409498254,,
Patient_890,Discharge,393343.65409498254,complete,,,,,,70628.98180176201
Patient_891,Arrival,323323.81220168923,complete,,0.0,,,,
Patient_891,Origem_da Clinica Cirurgica,323323.81220168923,complete,,,da Clinica Cirurgica,323323.81220168923,,
Patient_891,CTI (CLIC),323323.81220168923,start,ctiBeds,0.0,,,,
Patient_891,CTI (CLIC),349900.0491432679,complete,ctiBeds,0.0,,,,
Patient_891,CTI prepara Encaminhamento,349900.0491432679,start,,0.0,,,,
Patient_891,CTI prepara Encaminhamento,349939.5594077809,complete,,0.0,,,,
Patient_891,Encaminha_para a Clinica Medica,349939.5594077809,complete,,,para a Clinica Medica,349939.5594077809,,
Patient_891,Discharge,349939.5594077809,complete,,,,,,26615.747206091648
Patient_892,Arrival,323563.37341582944,complete,,0.0,,,,
Patient_892,Origem_do Centro Cirurgico,323563.37341582944,complete,,,do Centro Cirurgico,323563.37341582944,,
Patient_892,CTI (CC),323563.37341582944,start,ctiBeds,0.0,,,,
Patient_892,CTI (CC),324686.1762885661,complete,ctiBeds,0.0,,,,
Patient_892,CTI prepara Encaminhamento,324686.1762885661,start,,0.0,,,,
Patient_892,CTI prepara Encaminhamento,324716.34707280976,complete,,0.0,,,,
Patient_892,Encaminha_Obito,324716.34707280976,complete,,,Obito,324716.34707280976,,
Patient_892,Discharge,324716.34707280976,complete,,,,,,1152.9736569803208
Patient_893,Arrival,323565.89684729284,complete,,0.0,,,,
Patient_893,Origem_do Pronto Socorro,323565.89684729284,complete,,,do Pronto Socorro,323565.89684729284,,
Patient_893,CTI (PS),323565.89684729284,start,ctiBeds,0.0,,,,
Patient_893,CTI (PS),347410.33930410835,complete,ctiBeds,0.0,,,,
Patient_893,CTI prepara Encaminhamento,347410.33930410835,start,,0.0,,,,
Patient_893,CTI prepara Encaminhamento,347442.76726382255,complete,,0.0,,,,
Patient_893,Encaminha_para a Clinica Cirurgica,347442.76726382255,complete,,,para a Clinica Cirurgica,347442.76726382255,,
Patient_893,Discharge,347442.76726382255,complete,,,,,,23876.87041652971
Patient_894,Arrival,323652.38696269714,complete,,0.0,,,,
Patient_894,Origem_do Pronto Socorro,323652.38696269714,complete,,,do Pronto Socorro,323652.38696269714,,
Patient_894,CTI (PS),323652.38696269714,start,ctiBeds,0.0,,,,
Patient_894,CTI (PS),325778.4903504843,complete,ctiBeds,0.0,,,,
Patient_894,CTI prepara Encaminhamento,325778.4903504843,start,,0.0,,,,
Patient_894,CTI prepara Encaminhamento,325825.7261917468,complete,,0.0,,,,
Patient_894,Encaminha_Obito,325825.7261917468,complete,,,Obito,325825.7261917468,,
Patient_894,Discharge,325825.7261917468,complete,,,,,,2173.339229049685
Patient_895,Arrival,323718.1266647752,complete,,0.0,,,,
Patient_895,Origem_do Pronto Socorro,323718.1266647752,complete,,,do Pronto Socorro,323718.1266647752,,
Patient_895,CTI (PS),323718.1266647752,start,ctiBeds,0.0,,,,
Patient_895,CTI (PS),342646.3323833939,complete,ctiBeds,0.0,,,,
Patient_895,CTI prepara Encaminhamento,342646.3323833939,start,,0.0,,,,
Patient_895,CTI prepara Encaminhamento,342681.13306963525,complete,,0.0,,,,
Patient_895,Encaminha_Obito,342681.13306963525,complete,,,Obito,342681.13306963525,,
Patient_895,Discharge,342681.13306963525,complete,,,,,,18963.00640486006
Patient_896,Arrival,324029.8670056542,complete,,0.0,,,,
Patient_896,Origem_do Centro Cirurgico,324029.8670056542,complete,,,do Centro Cirurgico,324029.8670056542,,
Patient_896,CTI (CC),324029.8670056542,start,ctiBeds,0.0,,,,
Patient_896,CTI (CC),353153.1496104497,complete,ctiBeds,0.0,,,,
Patient_896,CTI prepara Encaminhamento,353153.1496104497,start,,0.0,,,,
Patient_896,CTI prepara Encaminhamento,353201.09416527883,complete,,0.0,,,,
Patient_896,Encaminha_Obito,353201.09416527883,complete,,,Obito,353201.09416527883,,
Patient_896,Discharge,353201.09416527883,complete,,,,,,29171.22715962463
Patient_897,Arrival,324709.4439055326,complete,,0.0,,,,
Patient_897,Origem_do Pronto Socorro,324709.4439055326,complete,,,do Pronto Socorro,324709.4439055326,,
Patient_897,CTI (PS),324709.4439055326,start,ctiBeds,0.0,,,,
Patient_897,CTI (PS),335263.4987407272,complete,ctiBeds,0.0,,,,
Patient_897,CTI prepara Encaminhamento,335263.4987407272,start,,0.0,,,,
Patient_897,CTI prepara Encaminhamento,335298.3119137152,complete,,0.0,,,,
Patient_897,Encaminha_para a Clinica Medica,335298.3119137152,complete,,,para a Clinica Medica,335298.3119137152,,
Patient_897,Discharge,335298.3119137152,complete,,,,,,10588.868008182617
Patient_898,Arrival,325532.95117491664,complete,,0.0,,,,
Patient_898,Origem_do Pronto Socorro,325532.95117491664,complete,,,do Pronto Socorro,325532.95117491664,,
Patient_898,CTI (PS),325532.95117491664,start,ctiBeds,0.0,,,,
Patient_898,CTI (PS),327893.9984760118,complete,ctiBeds,0.0,,,,
Patient_898,CTI prepara Encaminhamento,327893.9984760118,start,,0.0,,,,
Patient_898,CTI prepara Encaminhamento,327948.35834751144,complete,,0.0,,,,
Patient_898,Encaminha_para a Clinica Cirurgica,327948.35834751144,complete,,,para a Clinica Cirurgica,327948.35834751144,,
Patient_898,Discharge,327948.35834751144,complete,,,,,,2415.4071725948015
Patient_899,Arrival,325808.34578419727,complete,,0.0,,,,
Patient_899,Origem_do Pronto Socorro,325808.34578419727,complete,,,do Pronto Socorro,325808.34578419727,,
Patient_899,CTI (PS),325808.34578419727,start,ctiBeds,0.0,,,,
Patient_899,CTI (PS),334059.1770766596,complete,ctiBeds,0.0,,,,
Patient_899,CTI prepara Encaminhamento,334059.1770766596,start,,0.0,,,,
Patient_899,CTI prepara Encaminhamento,334091.30317867995,complete,,0.0,,,,
Patient_899,Encaminha_para a Clinica Medica,334091.30317867995,complete,,,para a Clinica Medica,334091.30317867995,,
Patient_899,Discharge,334091.30317867995,complete,,,,,,8282.957394482684
Patient_9,Arrival,2170.772360392042,complete,,0.0,,,,
Patient_9,Origem_do Pronto Socorro,2170.772360392042,complete,,,do Pronto Socorro,2170.772360392042,,
Patient_9,CTI (PS),2170.772360392042,start,ctiBeds,0.0,,,,
Patient_9,CTI (PS),4993.206953936384,complete,ctiBeds,0.0,,,,
Patient_9,CTI prepara Encaminhamento,4993.206953936384,start,,0.0,,,,
Patient_9,CTI prepara Encaminhamento,5048.084708112127,complete,,0.0,,,,
Patient_9,Encaminha_para a Clinica Cirurgica,5048.084708112127,complete,,,para a Clinica Cirurgica,5048.084708112127,,
Patient_9,Discharge,5048.084708112127,complete,,,,,,2877.312347720085
Patient_90,Arrival,27623.283873404143,complete,,0.0,,,,
Patient_90,Origem_do Pronto Socorro,27623.283873404143,complete,,,do Pronto Socorro,27623.283873404143,,
Patient_90,CTI (PS),27623.283873404143,start,ctiBeds,0.0,,,,
Patient_90,CTI (PS),34960.428079330406,complete,ctiBeds,0.0,,,,
Patient_90,CTI prepara Encaminhamento,34960.428079330406,start,,0.0,,,,
Patient_90,CTI prepara Encaminhamento,34999.955892830796,complete,,0.0,,,,
Patient_90,Encaminha_para a Clinica Cirurgica,34999.955892830796,complete,,,para a Clinica Cirurgica,34999.955892830796,,
Patient_90,Discharge,34999.955892830796,complete,,,,,,7376.672019426653
Patient_900,Arrival,326181.4109504678,complete,,0.0,,,,
Patient_900,Origem_do Centro Cirurgico,326181.4109504678,complete,,,do Centro Cirurgico,326181.4109504678,,
Patient_900,CTI (CC),326181.4109504678,start,ctiBeds,0.0,,,,
Patient_900,CTI (CC),336218.7190788156,complete,ctiBeds,0.0,,,,
Patient_900,CTI prepara Encaminhamento,336218.7190788156,start,,0.0,,,,
Patient_900,CTI prepara Encaminhamento,336262.1602303767,complete,,0.0,,,,
Patient_900,Encaminha_para a Clinica Cirurgica,336262.1602303767,complete,,,para a Clinica Cirurgica,336262.1602303767,,
Patient_900,Discharge,336262.1602303767,complete,,,,,,10080.749279908894
Patient_901,Arrival,326455.6356106887,complete,,0.0,,,,
Patient_901,Origem_do Centro Cirurgico,326455.6356106887,complete,,,do Centro Cirurgico,326455.6356106887,,
Patient_901,CTI (CC),326455.6356106887,start,ctiBeds,0.0,,,,
Patient_901,CTI (CC),327386.8525956948,complete,ctiBeds,0.0,,,,
Patient_901,CTI prepara Encaminhamento,327386.8525956948,start,,0.0,,,,
Patient_901,CTI prepara Encaminhamento,327424.31931066554,complete,,0.0,,,,
Patient_901,Encaminha_para a Clinica Medica,327424.31931066554,complete,,,para a Clinica Medica,327424.31931066554,,
Patient_901,Discharge,327424.31931066554,complete,,,,,,968.6836999768275
Patient_902,Arrival,326514.7457849165,complete,,0.0,,,,
Patient_902,Origem_do Pronto Socorro,326514.7457849165,complete,,,do Pronto Socorro,326514.7457849165,,
Patient_902,CTI (PS),326514.7457849165,start,ctiBeds,0.0,,,,
Patient_902,CTI (PS),337451.677310438,complete,ctiBeds,0.0,,,,
Patient_902,CTI prepara Encaminhamento,337451.677310438,start,,0.0,,,,
Patient_902,CTI prepara Encaminhamento,337483.51450989913,complete,,0.0,,,,
Patient_902,Encaminha_Obito,337483.51450989913,complete,,,Obito,337483.51450989913,,
Patient_902,Discharge,337483.51450989913,complete,,,,,,10968.768724982627
Patient_903,Arrival,326556.8101177645,complete,,0.0,,,,
Patient_903,Origem_da Maternidade,326556.8101177645,complete,,,da Maternidade,326556.8101177645,,
Patient_903,CTI (MAT),326556.8101177645,start,ctiBeds,0.0,,,,
Patient_903,CTI (MAT),326743.54626841063,complete,ctiBeds,0.0,,,,
Patient_903,CTI prepara Encaminhamento,326743.54626841063,start,,0.0,,,,
Patient_903,CTI prepara Encaminhamento,326797.9622325384,complete,,0.0,,,,
Patient_903,Encaminha_para a Clinica Cirurgica,326797.9622325384,complete,,,para a Clinica Cirurgica,326797.9622325384,,
Patient_903,Discharge,326797.9622325384,complete,,,,,,241.15211477386765
Patient_904,Arrival,326588.75449154555,complete,,0.0,,,,
Patient_904,Origem_do Centro Cirurgico,326588.75449154555,complete,,,do Centro Cirurgico,326588.75449154555,,
Patient_904,CTI (CC),326588.75449154555,start,ctiBeds,0.0,,,,
Patient_904,CTI (CC),338612.14468761045,complete,ctiBeds,0.0,,,,
Patient_904,CTI prepara Encaminhamento,338612.14468761045,start,,0.0,,,,
Patient_904,CTI prepara Encaminhamento,338669.34304373694,complete,,0.0,,,,
Patient_904,Encaminha_para a Clinica Medica,338669.34304373694,complete,,,para a Clinica Medica,338669.34304373694,,
Patient_904,Discharge,338669.34304373694,complete,,,,,,12080.588552191388
Patient_905,Arrival,326981.89051258436,complete,,0.0,,,,
Patient_905,Origem_do Centro Cirurgico,326981.89051258436,complete,,,do Centro Cirurgico,326981.89051258436,,
Patient_905,CTI (CC),326981.89051258436,start,ctiBeds,0.0,,,,
Patient_905,CTI (CC),331753.3972884304,complete,ctiBeds,0.0,,,,
Patient_905,CTI prepara Encaminhamento,331753.3972884304,start,,0.0,,,,
Patient_905,CTI prepara Encaminhamento,331810.9775903878,complete,,0.0,,,,
Patient_905,Encaminha_Obito,331810.9775903878,complete,,,Obito,331810.9775903878,,
Patient_905,Discharge,331810.9775903878,complete,,,,,,4829.087077803444
Patient_906,Arrival,327002.526752695,complete,,0.0,,,,
Patient_906,Origem_do Centro Cirurgico,327002.526752695,complete,,,do Centro Cirurgico,327002.526752695,,
Patient_906,CTI (CC),327002.526752695,start,ctiBeds,0.0,,,,
Patient_906,CTI (CC),334653.5569538742,complete,ctiBeds,0.0,,,,
Patient_906,CTI prepara Encaminhamento,334653.5569538742,start,,0.0,,,,
Patient_906,CTI prepara Encaminhamento,334689.3825990148,complete,,0.0,,,,
Patient_906,Encaminha_para a Clinica Cirurgica,334689.3825990148,complete,,,para a Clinica Cirurgica,334689.3825990148,,
Patient_906,Discharge,334689.3825990148,complete,,,,,,7686.855846319813
Patient_907,Arrival,327468.6228209968,complete,,0.0,,,,
Patient_907,Origem_do Pronto Socorro,327468.6228209968,complete,,,do Pronto Socorro,327468.6228209968,,
Patient_907,CTI (PS),327468.6228209968,start,ctiBeds,0.0,,,,
Patient_907,CTI (PS),328000.11656019546,complete,ctiBeds,0.0,,,,
Patient_907,CTI prepara Encaminhamento,328000.11656019546,start,,0.0,,,,
Patient_907,CTI prepara Encaminhamento,328054.27457185625,complete,,0.0,,,,
Patient_907,Encaminha_Obito,328054.27457185625,complete,,,Obito,328054.27457185625,,
Patient_907,Discharge,328054.27457185625,complete,,,,,,585.6517508594552
Patient_908,Arrival,327654.78903080564,complete,,0.0,,,,
Patient_908,Origem_do Centro Cirurgico,327654.78903080564,complete,,,do Centro Cirurgico,327654.78903080564,,
Patient_908,CTI (CC),327654.78903080564,start,ctiBeds,0.0,,,,
Patient_908,CTI (CC),342635.38743566605,complete,ctiBeds,0.0,,,,
Patient_908,CTI prepara Encaminhamento,342635.38743566605,start,,0.0,,,,
Patient_908,CTI prepara Encaminhamento,342668.6896077367,complete,,0.0,,,,
Patient_908,Encaminha_para a Clinica Medica,342668.6896077367,complete,,,para a Clinica Medica,342668.6896077367,,
Patient_908,Discharge,342668.6896077367,complete,,,,,,15013.900576931075
Patient_909,Arrival,328066.37042312144,complete,,0.0,,,,
Patient_909,Origem_do Pronto Socorro,328066.37042312144,complete,,,do Pronto Socorro,328066.37042312144,,
Patient_909,CTI (PS),328066.37042312144,start,ctiBeds,0.0,,,,
Patient_909,CTI (PS),347375.21922189306,complete,ctiBeds,0.0,,,,
Patient_909,CTI prepara Encaminhamento,347375.21922189306,start,,0.0,,,,
Patient_909,CTI prepara Encaminhamento,347427.998642173,complete,,0.0,,,,
Patient_909,Encaminha_Obito,347427.998642173,complete,,,Obito,347427.998642173,,
Patient_909,Discharge,347427.998642173,complete,,,,,,19361.628219051578
Patient_91,Arrival,28230.724892689184,complete,,0.0,,,,
Patient_91,Origem_da Clinica Cirurgica,28230.724892689184,complete,,,da Clinica Cirurgica,28230.724892689184,,
Patient_91,CTI (CLIC),28230.724892689184,start,ctiBeds,0.0,,,,
Patient_91,CTI (CLIC),34029.19816611851,complete,ctiBeds,0.0,,,,
Patient_91,CTI prepara Encaminhamento,34029.19816611851,start,,0.0,,,,
Patient_91,CTI prepara Encaminhamento,34088.6165416151,complete,,0.0,,,,
Patient_91,Encaminha_Obito,34088.6165416151,complete,,,Obito,34088.6165416151,,
Patient_91,Discharge,34088.6165416151,complete,,,,,,5857.891648925914
Patient_910,Arrival,328656.4929502121,complete,,0.0,,,,
Patient_910,Origem_do Pronto Socorro,328656.4929502121,complete,,,do Pronto Socorro,328656.4929502121,,
Patient_910,CTI (PS),328656.4929502121,start,ctiBeds,0.0,,,,
Patient_910,CTI (PS),341223.7626141052,complete,ctiBeds,0.0,,,,
Patient_910,CTI prepara Encaminhamento,341223.7626141052,start,,0.0,,,,
Patient_910,CTI prepara Encaminhamento,341267.6584633795,complete,,0.0,,,,
Patient_910,Encaminha_para a Clinica Medica,341267.6584633795,complete,,,para a Clinica Medica,341267.6584633795,,
Patient_910,Discharge,341267.6584633795,complete,,,,,,12611.16551316739
Patient_911,Arrival,329137.76094680524,complete,,0.0,,,,
Patient_911,Origem_do Centro Cirurgico,329137.76094680524,complete,,,do Centro Cirurgico,329137.76094680524,,
Patient_911,CTI (CC),329137.76094680524,start,ctiBeds,0.0,,,,
Patient_911,CTI (CC),333158.00927790016,complete,ctiBeds,0.0,,,,
Patient_911,CTI prepara Encaminhamento,333158.00927790016,start,,0.0,,,,
Patient_911,CTI prepara Encaminhamento,333201.74487609725,complete,,0.0,,,,
Patient_911,Encaminha_para a Clinica Cirurgica,333201.74487609725,complete,,,para a Clinica Cirurgica,333201.74487609725,,
Patient_911,Discharge,333201.74487609725,complete,,,,,,4063.983929292008
Patient_912,Arrival,329797.52706772665,complete,,0.0,,,,
Patient_912,Origem_do Pronto Socorro,329797.52706772665,complete,,,do Pronto Socorro,329797.52706772665,,
Patient_912,CTI (PS),329797.52706772665,start,ctiBeds,0.0,,,,
Patient_912,CTI (PS),332353.61981062335,complete,ctiBeds,0.0,,,,
Patient_912,CTI prepara Encaminhamento,332353.61981062335,start,,0.0,,,,
Patient_912,CTI prepara Encaminhamento,332403.1510705544,complete,,0.0,,,,
Patient_912,Encaminha_para a Clinica Medica,332403.1510705544,complete,,,para a Clinica Medica,332403.1510705544,,
Patient_912,Discharge,332403.1510705544,complete,,,,,,2605.624002827739
Patient_913,Arrival,330321.9279987799,complete,,0.0,,,,
Patient_913,Origem_do Pronto Socorro,330321.9279987799,complete,,,do Pronto Socorro,330321.9279987799,,
Patient_913,CTI (PS),330321.9279987799,start,ctiBeds,0.0,,,,
Patient_913,CTI (PS),344349.09181168507,complete,ctiBeds,0.0,,,,
Patient_913,CTI prepara Encaminhamento,344349.09181168507,start,,0.0,,,,
Patient_913,CTI prepara Encaminhamento,344382.71733267565,complete,,0.0,,,,
Patient_913,Encaminha_Transferencia Externa,344382.71733267565,complete,,,Transferencia Externa,344382.71733267565,,
Patient_913,Discharge,344382.71733267565,complete,,,,,,14060.789333895722
Patient_914,Arrival,331187.4823442433,complete,,0.0,,,,
Patient_914,Origem_do Pronto Socorro,331187.4823442433,complete,,,do Pronto Socorro,331187.4823442433,,
Patient_914,CTI (PS),331187.4823442433,start,ctiBeds,0.0,,,,
Patient_914,CTI (PS),344405.4507387083,complete,ctiBeds,0.0,,,,
Patient_914,CTI prepara Encaminhamento,344405.4507387083,start,,0.0,,,,
Patient_914,CTI prepara Encaminhamento,344440.6423567095,complete,,0.0,,,,
Patient_914,Encaminha_Obito,344440.6423567095,complete,,,Obito,344440.6423567095,,
Patient_914,Discharge,344440.6423567095,complete,,,,,,13253.160012466193
Patient_915,Arrival,331718.14256173704,complete,,0.0,,,,
Patient_915,Origem_do Pronto Socorro,331718.14256173704,complete,,,do Pronto Socorro,331718.14256173704,,
Patient_915,CTI (PS),331718.14256173704,start,ctiBeds,0.0,,,,
Patient_915,CTI (PS),349548.19342972443,complete,ctiBeds,0.0,,,,
Patient_915,CTI prepara Encaminhamento,349548.19342972443,start,,0.0,,,,
Patient_915,CTI prepara Encaminhamento,349590.4202759657,complete,,0.0,,,,
Patient_915,Encaminha_Obito,349590.4202759657,complete,,,Obito,349590.4202759657,,
Patient_915,Discharge,349590.4202759657,complete,,,,,,17872.277714228665
Patient_916,Arrival,331790.1529390994,complete,,0.0,,,,
Patient_916,Origem_do Centro Cirurgico,331790.1529390994,complete,,,do Centro Cirurgico,331790.1529390994,,
Patient_916,CTI (CC),331790.1529390994,start,ctiBeds,0.0,,,,
Patient_916,CTI (CC),338096.50373232126,complete,ctiBeds,0.0,,,,
Patient_916,CTI prepara Encaminhamento,338096.50373232126,start,,0.0,,,,
Patient_916,CTI prepara Encaminhamento,338153.4779317159,complete,,0.0,,,,
Patient_916,Encaminha_Transferencia Externa,338153.4779317159,complete,,,Transferencia Externa,338153.4779317159,,
Patient_916,Discharge,338153.4779317159,complete,,,,,,6363.324992616486
Patient_917,Arrival,332036.2583801778,complete,,0.0,,,,
Patient_917,Origem_do Pronto Socorro,332036.2583801778,complete,,,do Pronto Socorro,332036.2583801778,,
Patient_917,CTI (PS),332036.2583801778,start,ctiBeds,0.0,,,,
Patient_917,CTI (PS),342378.5716956173,complete,ctiBeds,0.0,,,,
Patient_917,CTI prepara Encaminhamento,342378.5716956173,start,,0.0,,,,
Patient_917,CTI prepara Encaminhamento,342410.8464914581,complete,,0.0,,,,
Patient_917,Encaminha_para a Clinica Cirurgica,342410.8464914581,complete,,,para a Clinica Cirurgica,342410.8464914581,,
Patient_917,Discharge,342410.8464914581,complete,,,,,,10374.588111280347
Patient_918,Arrival,332102.4053190764,complete,,0.0,,,,
Patient_918,Origem_do Pronto Socorro,332102.4053190764,complete,,,do Pronto Socorro,332102.4053190764,,
Patient_918,CTI (PS),332102.4053190764,start,ctiBeds,0.0,,,,
Patient_918,CTI (PS),349392.03141100786,complete,ctiBeds,0.0,,,,
Patient_918,CTI prepara Encaminhamento,349392.03141100786,start,,0.0,,,,
Patient_918,CTI prepara Encaminhamento,349427.10739177815,complete,,0.0,,,,
Patient_918,Encaminha_para a Clinica Medica,349427.10739177815,complete,,,para a Clinica Medica,349427.10739177815,,
Patient_918,Discharge,349427.10739177815,complete,,,,,,17324.702072701766
Patient_919,Arrival,332510.1006734356,complete,,0.0,,,,
Patient_919,Origem_do Centro Cirurgico,332510.1006734356,complete,,,do Centro Cirurgico,332510.1006734356,,
Patient_919,CTI (CC),332510.1006734356,start,ctiBeds,0.0,,,,
Patient_919,CTI (CC),335420.1263264671,complete,ctiBeds,0.0,,,,
Patient_919,CTI prepara Encaminhamento,335420.1263264671,start,,0.0,,,,
Patient_919,CTI prepara Encaminhamento,335459.08423788927,complete,,0.0,,,,
Patient_919,Encaminha_para a Clinica Cirurgica,335459.08423788927,complete,,,para a Clinica Cirurgica,335459.08423788927,,
Patient_919,Discharge,335459.08423788927,complete,,,,,,2948.983564453665
Patient_92,Arrival,28294.941235403927,complete,,0.0,,,,
Patient_92,Origem_do Pronto Socorro,28294.941235403927,complete,,,do Pronto Socorro,28294.941235403927,,
Patient_92,CTI (PS),28294.941235403927,start,ctiBeds,0.0,,,,
Patient_92,CTI (PS),46265.43234468976,complete,ctiBeds,0.0,,,,
Patient_92,CTI prepara Encaminhamento,46265.43234468976,start,,0.0,,,,
Patient_92,CTI prepara Encaminhamento,46309.33946665627,complete,,0.0,,,,
Patient_92,Encaminha_para a Clinica Cirurgica,46309.33946665627,complete,,,para a Clinica Cirurgica,46309.33946665627,,
Patient_92,Discharge,46309.33946665627,complete,,,,,,18014.39823125234
Patient_920,Arrival,332709.6537967358,complete,,0.0,,,,
Patient_920,Origem_do Centro Cirurgico,332709.6537967358,complete,,,do Centro Cirurgico,332709.6537967358,,
Patient_920,CTI (CC),332709.6537967358,start,ctiBeds,0.0,,,,
Patient_920,CTI (CC),343385.2414162009,complete,ctiBeds,0.0,,,,
Patient_920,CTI prepara Encaminhamento,343385.2414162009,start,,0.0,,,,
Patient_920,CTI prepara Encaminhamento,343416.4665237047,complete,,0.0,,,,
Patient_920,Encaminha_para a Clinica Medica,343416.4665237047,complete,,,para a Clinica Medica,343416.4665237047,,
Patient_920,Discharge,343416.4665237047,complete,,,,,,10706.8127269689
Patient_921,Arrival,332868.412710936,complete,,0.0,,,,
Patient_921,Origem_do Centro Cirurgico,332868.412710936,complete,,,do Centro Cirurgico,332868.412710936,,
Patient_921,CTI (CC),332868.412710936,start,ctiBeds,0.0,,,,
Patient_921,CTI (CC),355297.3412430285,complete,ctiBeds,0.0,,,,
Patient_921,CTI prepara Encaminhamento,355297.3412430285,start,,0.0,,,,
Patient_921,CTI prepara Encaminhamento,355332.3842719745,complete,,0.0,,,,
Patient_921,Encaminha_para a Clinica Cirurgica,355332.3842719745,complete,,,para a Clinica Cirurgica,355332.3842719745,,
Patient_921,Discharge,355332.3842719745,complete,,,,,,22463.971561038517
Patient_922,Arrival,333095.79552120424,complete,,0.0,,,,
Patient_922,Origem_do Centro Cirurgico,333095.79552120424,complete,,,do Centro Cirurgico,333095.79552120424,,
Patient_922,CTI (CC),333095.79552120424,start,ctiBeds,0.0,,,,
Patient_922,CTI (CC),383461.51789011667,complete,ctiBeds,0.0,,,,
Patient_922,CTI prepara Encaminhamento,383461.51789011667,start,,0.0,,,,
Patient_922,CTI prepara Encaminhamento,383492.84573038336,complete,,0.0,,,,
Patient_922,Encaminha_para a Clinica Medica,383492.84573038336,complete,,,para a Clinica Medica,383492.84573038336,,
Patient_922,Discharge,383492.84573038336,complete,,,,,,50397.05020917911
Patient_923,Arrival,333617.6600254873,complete,,0.0,,,,
Patient_923,Origem_do Pronto Socorro,333617.6600254873,complete,,,do Pronto Socorro,333617.6600254873,,
Patient_923,CTI (PS),333617.6600254873,start,ctiBeds,0.0,,,,
Patient_923,CTI (PS),372354.16409715585,complete,ctiBeds,0.0,,,,
Patient_923,CTI prepara Encaminhamento,372354.16409715585,start,,0.0,,,,
Patient_923,CTI prepara Encaminhamento,372400.45164127415,complete,,0.0,,,,
Patient_923,Encaminha_para a Clinica Cirurgica,372400.45164127415,complete,,,para a Clinica Cirurgica,372400.45164127415,,
Patient_923,Discharge,372400.45164127415,complete,,,,,,38782.791615786846
Patient_924,Arrival,334263.34846189804,complete,,0.0,,,,
Patient_924,Origem_do Pronto Socorro,334263.34846189804,complete,,,do Pronto Socorro,334263.34846189804,,
Patient_924,CTI (PS),334263.34846189804,start,ctiBeds,0.0,,,,
Patient_924,CTI (PS),347312.4800738658,complete,ctiBeds,0.0,,,,
Patient_924,CTI prepara Encaminhamento,347312.4800738658,start,,0.0,,,,
Patient_924,CTI prepara Encaminhamento,347357.4591478922,complete,,0.0,,,,
Patient_924,Encaminha_para a Clinica Medica,347357.4591478922,complete,,,para a Clinica Medica,347357.4591478922,,
Patient_924,Discharge,347357.4591478922,complete,,,,,,13094.11068599415
Patient_925,Arrival,335126.08258754184,complete,,0.0,,,,
Patient_925,Origem_do Pronto Socorro,335126.08258754184,complete,,,do Pronto Socorro,335126.08258754184,,
Patient_925,CTI (PS),335126.08258754184,start,ctiBeds,0.0,,,,
Patient_925,CTI (PS),343809.4007011068,complete,ctiBeds,0.0,,,,
Patient_925,CTI prepara Encaminhamento,343809.4007011068,start,,0.0,,,,
Patient_925,CTI prepara Encaminhamento,343840.93334305275,complete,,0.0,,,,
Patient_925,Encaminha_para a Clinica Cirurgica,343840.93334305275,complete,,,para a Clinica Cirurgica,343840.93334305275,,
Patient_925,Discharge,343840.93334305275,complete,,,,,,8714.85075551091
Patient_926,Arrival,335314.4943903221,complete,,0.0,,,,
Patient_926,Origem_do Pronto Socorro,335314.4943903221,complete,,,do Pronto Socorro,335314.4943903221,,
Patient_926,CTI (PS),335314.4943903221,start,ctiBeds,0.0,,,,
Patient_926,CTI (PS),355240.5000263073,complete,ctiBeds,0.0,,,,
Patient_926,CTI prepara Encaminhamento,355240.5000263073,start,,0.0,,,,
Patient_926,CTI prepara Encaminhamento,355285.2166707412,complete,,0.0,,,,
Patient_926,Encaminha_para a Clinica Medica,355285.2166707412,complete,,,para a Clinica Medica,355285.2166707412,,
Patient_926,Discharge,355285.2166707412,complete,,,,,,19970.722280419082
Patient_927,Arrival,335444.71055267163,complete,,0.0,,,,
Patient_927,Origem_do Centro Cirurgico,335444.71055267163,complete,,,do Centro Cirurgico,335444.71055267163,,
Patient_927,CTI (CC),335444.71055267163,start,ctiBeds,0.0,,,,
Patient_927,CTI (CC),352708.9242964396,complete,ctiBeds,0.0,,,,
Patient_927,CTI prepara Encaminhamento,352708.9242964396,start,,0.0,,,,
Patient_927,CTI prepara Encaminhamento,352763.0595624799,complete,,0.0,,,,
Patient_927,Encaminha_para a Clinica Cirurgica,352763.0595624799,complete,,,para a Clinica Cirurgica,352763.0595624799,,
Patient_927,Discharge,352763.0595624799,complete,,,,,,17318.34900980827
Patient_928,Arrival,335637.73588127166,complete,,0.0,,,,
Patient_928,Origem_do Centro Cirurgico,335637.73588127166,complete,,,do Centro Cirurgico,335637.73588127166,,
Patient_928,CTI (CC),335637.73588127166,start,ctiBeds,0.0,,,,
Patient_928,CTI (CC),341518.15755433385,complete,ctiBeds,0.0,,,,
Patient_928,CTI prepara Encaminhamento,341518.15755433385,start,,0.0,,,,
Patient_928,CTI prepara Encaminhamento,341565.6427179331,complete,,0.0,,,,
Patient_928,Encaminha_Obito,341565.6427179331,complete,,,Obito,341565.6427179331,,
Patient_928,Discharge,341565.6427179331,complete,,,,,,5927.906836661452
Patient_929,Arrival,335927.22308069235,complete,,0.0,,,,
Patient_929,Origem_do Pronto Socorro,335927.22308069235,complete,,,do Pronto Socorro,335927.22308069235,,
Patient_929,CTI (PS),335927.22308069235,start,ctiBeds,0.0,,,,
Patient_929,CTI (PS),343288.89811863634,complete,ctiBeds,0.0,,,,
Patient_929,CTI prepara Encaminhamento,343288.89811863634,start,,0.0,,,,
Patient_929,CTI prepara Encaminhamento,343348.2735839435,complete,,0.0,,,,
Patient_929,Encaminha_Obito,343348.2735839435,complete,,,Obito,343348.2735839435,,
Patient_929,Discharge,343348.2735839435,complete,,,,,,7421.050503251143
Patient_93,Arrival,28691.63515859314,complete,,0.0,,,,
Patient_93,Origem_do Centro Cirurgico,28691.63515859314,complete,,,do Centro Cirurgico,28691.63515859314,,
Patient_93,CTI (CC),28691.63515859314,start,ctiBeds,0.0,,,,
Patient_93,CTI (CC),33266.49255671399,complete,ctiBeds,0.0,,,,
Patient_93,CTI prepara Encaminhamento,33266.49255671399,start,,0.0,,,,
Patient_93,CTI prepara Encaminhamento,33298.023691879804,complete,,0.0,,,,
Patient_93,Encaminha_para a Clinica Cirurgica,33298.023691879804,complete,,,para a Clinica Cirurgica,33298.023691879804,,
Patient_93,Discharge,33298.023691879804,complete,,,,,,4606.388533286663
Patient_930,Arrival,336219.6247958092,complete,,0.0,,,,
Patient_930,Origem_do Centro Cirurgico,336219.6247958092,complete,,,do Centro Cirurgico,336219.6247958092,,
Patient_930,CTI (CC),336219.6247958092,start,ctiBeds,0.0,,,,
Patient_930,CTI (CC),337034.74220322224,complete,ctiBeds,0.0,,,,
Patient_930,CTI prepara Encaminhamento,337034.74220322224,start,,0.0,,,,
Patient_930,CTI prepara Encaminhamento,337064.92691184714,complete,,0.0,,,,
Patient_930,Encaminha_para a Clinica Medica,337064.92691184714,complete,,,para a Clinica Medica,337064.92691184714,,
Patient_930,Discharge,337064.92691184714,complete,,,,,,845.3021160379285
Patient_931,Arrival,336677.0589247155,complete,,0.0,,,,
Patient_931,Origem_do Pronto Socorro,336677.0589247155,complete,,,do Pronto Socorro,336677.0589247155,,
Patient_931,CTI (PS),336677.0589247155,start,ctiBeds,0.0,,,,
Patient_931,CTI (PS),347920.8597997967,complete,ctiBeds,0.0,,,,
Patient_931,CTI prepara Encaminhamento,347920.8597997967,start,,0.0,,,,
Patient_931,CTI prepara Encaminhamento,347968.65228302026,complete,,0.0,,,,
Patient_931,Encaminha_Obito,347968.65228302026,complete,,,Obito,347968.65228302026,,
Patient_931,Discharge,347968.65228302026,complete,,,,,,11291.593358304759
Patient_932,Arrival,336706.25324252975,complete,,0.0,,,,
Patient_932,Origem_do Centro Cirurgico,336706.25324252975,complete,,,do Centro Cirurgico,336706.25324252975,,
Patient_932,CTI (CC),336706.25324252975,start,ctiBeds,0.0,,,,
Patient_932,CTI (CC),338368.2247837382,complete,ctiBeds,0.0,,,,
Patient_932,CTI prepara Encaminhamento,338368.2247837382,start,,0.0,,,,
Patient_932,CTI prepara Encaminhamento,338408.17306556046,complete,,0.0,,,,
Patient_932,Encaminha_Obito,338408.17306556046,complete,,,Obito,338408.17306556046,,
Patient_932,Discharge,338408.17306556046,complete,,,,,,1701.9198230307084
Patient_933,Arrival,337223.0799732496,complete,,0.0,,,,
Patient_933,Origem_do Pronto Socorro,337223.0799732496,complete,,,do Pronto Socorro,337223.0799732496,,
Patient_933,CTI (PS),337223.0799732496,start,ctiBeds,0.0,,,,
Patient_933,CTI (PS),378728.5774589411,complete,ctiBeds,0.0,,,,
Patient_933,CTI prepara Encaminhamento,378728.5774589411,start,,0.0,,,,
Patient_933,CTI prepara Encaminhamento,378762.5102145278,complete,,0.0,,,,
Patient_933,Encaminha_para a Clinica Cirurgica,378762.5102145278,complete,,,para a Clinica Cirurgica,378762.5102145278,,
Patient_933,Discharge,378762.5102145278,complete,,,,,,41539.4302412782
Patient_934,Arrival,337965.9927062212,complete,,0.0,,,,
Patient_934,Origem_do Pronto Socorro,337965.9927062212,complete,,,do Pronto Socorro,337965.9927062212,,
Patient_934,CTI (PS),337965.9927062212,start,ctiBeds,0.0,,,,
Patient_934,CTI (PS),353050.04924055503,complete,ctiBeds,0.0,,,,
Patient_934,CTI prepara Encaminhamento,353050.04924055503,start,,0.0,,,,
Patient_934,CTI prepara Encaminhamento,353100.0201862176,complete,,0.0,,,,
Patient_934,Encaminha_para a Clinica Cirurgica,353100.0201862176,complete,,,para a Clinica Cirurgica,353100.0201862176,,
Patient_934,Discharge,353100.0201862176,complete,,,,,,15134.027479996439
Patient_935,Arrival,338919.96792283497,complete,,0.0,,,,
Patient_935,Origem_do Centro Cirurgico,338919.96792283497,complete,,,do Centro Cirurgico,338919.96792283497,,
Patient_935,CTI (CC),338919.96792283497,start,ctiBeds,0.0,,,,
Patient_935,CTI (CC),350535.7891110269,complete,ctiBeds,0.0,,,,
Patient_935,CTI prepara Encaminhamento,350535.7891110269,start,,0.0,,,,
Patient_935,CTI prepara Encaminhamento,350592.2652021496,complete,,0.0,,,,
Patient_935,Encaminha_para a Clinica Medica,350592.2652021496,complete,,,para a Clinica Medica,350592.2652021496,,
Patient_935,Discharge,350592.2652021496,complete,,,,,,11672.297279314604
Patient_936,Arrival,339002.5499365129,complete,,0.0,,,,
Patient_936,Origem_do Centro Cirurgico,339002.5499365129,complete,,,do Centro Cirurgico,339002.5499365129,,
Patient_936,CTI (CC),339002.5499365129,start,ctiBeds,0.0,,,,
Patient_936,CTI (CC),340594.61374456214,complete,ctiBeds,0.0,,,,
Patient_936,CTI prepara Encaminhamento,340594.61374456214,start,,0.0,,,,
Patient_936,CTI prepara Encaminhamento,340650.85949035705,complete,,0.0,,,,
Patient_936,Encaminha_Obito,340650.85949035705,complete,,,Obito,340650.85949035705,,
Patient_936,Discharge,340650.85949035705,complete,,,,,,1648.3095538441557
Patient_937,Arrival,339655.9731643929,complete,,0.0,,,,
Patient_937,Origem_do Pronto Socorro,339655.9731643929,complete,,,do Pronto Socorro,339655.9731643929,,
Patient_937,CTI (PS),339655.9731643929,start,ctiBeds,0.0,,,,
Patient_937,CTI (PS),346627.21664636984,complete,ctiBeds,0.0,,,,
Patient_937,CTI prepara Encaminhamento,346627.21664636984,start,,0.0,,,,
Patient_937,CTI prepara Encaminhamento,346657.4394116941,complete,,0.0,,,,
Patient_937,Encaminha_para a Clinica Cirurgica,346657.4394116941,complete,,,para a Clinica Cirurgica,346657.4394116941,,
Patient_937,Discharge,346657.4394116941,complete,,,,,,7001.4662473011995
Patient_938,Arrival,340372.3809047714,complete,,0.0,,,,
Patient_938,Origem_da Clinica Medica,340372.3809047714,complete,,,da Clinica Medica,340372.3809047714,,
Patient_938,CTI (CLIM),340372.3809047714,start,ctiBeds,0.0,,,,
Patient_938,CTI (CLIM),353581.02334840485,complete,ctiBeds,0.0,,,,
Patient_938,CTI prepara Encaminhamento,353581.02334840485,start,,0.0,,,,
Patient_938,CTI prepara Encaminhamento,353618.30795113806,complete,,0.0,,,,
Patient_938,Encaminha_para a Clinica Medica,353618.30795113806,complete,,,para a Clinica Medica,353618.30795113806,,
Patient_938,Discharge,353618.30795113806,complete,,,,,,13245.927046366676
Patient_939,Arrival,340619.3148876148,complete,,0.0,,,,
Patient_939,Origem_do Centro Cirurgico,340619.3148876148,complete,,,do Centro Cirurgico,340619.3148876148,,
Patient_939,CTI (CC),340619.3148876148,start,ctiBeds,0.0,,,,
Patient_939,CTI (CC),351301.9106857344,complete,ctiBeds,0.0,,,,
Patient_939,CTI prepara Encaminhamento,351301.9106857344,start,,0.0,,,,
Patient_939,CTI prepara Encaminhamento,351344.27404461394,complete,,0.0,,,,
Patient_939,Encaminha_para a Clinica Medica,351344.27404461394,complete,,,para a Clinica Medica,351344.27404461394,,
Patient_939,Discharge,351344.27404461394,complete,,,,,,10724.959156999132
Patient_94,Arrival,29096.52838103683,complete,,0.0,,,,
Patient_94,Origem_do Pronto Socorro,29096.52838103683,complete,,,do Pronto Socorro,29096.52838103683,,
Patient_94,CTI (PS),29096.52838103683,start,ctiBeds,0.0,,,,
Patient_94,CTI (PS),37475.69409741847,complete,ctiBeds,0.0,,,,
Patient_94,CTI prepara Encaminhamento,37475.69409741847,start,,0.0,,,,
Patient_94,CTI prepara Encaminhamento,37515.91571068992,complete,,0.0,,,,
Patient_94,Encaminha_para a Clinica Medica,37515.91571068992,complete,,,para a Clinica Medica,37515.91571068992,,
Patient_94,Discharge,37515.91571068992,complete,,,,,,8419.387329653091
Patient_940,Arrival,340842.3505851341,complete,,0.0,,,,
Patient_940,Origem_da Clinica Cirurgica,340842.3505851341,complete,,,da Clinica Cirurgica,340842.3505851341,,
Patient_940,CTI (CLIC),340842.3505851341,start,ctiBeds,0.0,,,,
Patient_940,CTI (CLIC),352719.7897478377,complete,ctiBeds,0.0,,,,
Patient_940,CTI prepara Encaminhamento,352719.7897478377,start,,0.0,,,,
Patient_940,CTI prepara Encaminhamento,352772.1922584741,complete,,0.0,,,,
Patient_940,Encaminha_para a Clinica Medica,352772.1922584741,complete,,,para a Clinica Medica,352772.1922584741,,
Patient_940,Discharge,352772.1922584741,complete,,,,,,11929.841673340008
Patient_941,Arrival,340924.53444445087,complete,,0.0,,,,
Patient_941,Origem_do Pronto Socorro,340924.53444445087,complete,,,do Pronto Socorro,340924.53444445087,,
Patient_941,CTI (PS),340924.53444445087,start,ctiBeds,0.0,,,,
Patient_941,CTI (PS),342980.0382649967,complete,ctiBeds,0.0,,,,
Patient_941,CTI prepara Encaminhamento,342980.0382649967,start,,0.0,,,,
Patient_941,CTI prepara Encaminhamento,343030.84460629633,complete,,0.0,,,,
Patient_941,Encaminha_para a Clinica Cirurgica,343030.84460629633,complete,,,para a Clinica Cirurgica,343030.84460629633,,
Patient_941,Discharge,343030.84460629633,complete,,,,,,2106.3101618454675
Patient_942,Arrival,341097.49503459653,complete,,0.0,,,,
Patient_942,Origem_da Clinica Medica,341097.49503459653,complete,,,da Clinica Medica,341097.49503459653,,
Patient_942,CTI (CLIM),341097.49503459653,start,ctiBeds,0.0,,,,
Patient_942,CTI (CLIM),368119.1785204262,complete,ctiBeds,0.0,,,,
Patient_942,CTI prepara Encaminhamento,368119.1785204262,start,,0.0,,,,
Patient_942,CTI prepara Encaminhamento,368174.0106116911,complete,,0.0,,,,
Patient_942,Encaminha_para a Clinica Cirurgica,368174.0106116911,complete,,,para a Clinica Cirurgica,368174.0106116911,,
Patient_942,Discharge,368174.0106116911,complete,,,,,,27076.51557709457
Patient_943,Arrival,341488.127669971,complete,,0.0,,,,
Patient_943,Origem_da Clinica Cirurgica,341488.127669971,complete,,,da Clinica Cirurgica,341488.127669971,,
Patient_943,CTI (CLIC),341488.127669971,start,ctiBeds,0.0,,,,
Patient_943,CTI (CLIC),343056.968804363,complete,ctiBeds,0.0,,,,
Patient_943,CTI prepara Encaminhamento,343056.968804363,start,,0.0,,,,
Patient_943,CTI prepara Encaminhamento,343108.137376839,complete,,0.0,,,,
Patient_943,Encaminha_para a Clinica Medica,343108.137376839,complete,,,para a Clinica Medica,343108.137376839,,
Patient_943,Discharge,343108.137376839,complete,,,,,,1620.0097068679752
Patient_944,Arrival,341512.0384761029,complete,,0.0,,,,
Patient_944,Origem_do Centro Cirurgico,341512.0384761029,complete,,,do Centro Cirurgico,341512.0384761029,,
Patient_944,CTI (CC),341518.15755433385,start,ctiBeds,0.0,,,,
Patient_944,CTI (CC),343878.44943048793,complete,ctiBeds,0.0,,,,
Patient_944,CTI prepara Encaminhamento,343878.44943048793,start,,0.0,,,,
Patient_944,CTI prepara Encaminhamento,343931.7165471149,complete,,0.0,,,,
Patient_944,Encaminha_para a Clinica Medica,343931.7165471149,complete,,,para a Clinica Medica,343931.7165471149,,
Patient_944,Discharge,343931.7165471149,complete,,,,,,2419.6780710119638
Patient_945,Arrival,341684.44614057976,complete,,0.0,,,,
Patient_945,Origem_do Pronto Socorro,341684.44614057976,complete,,,do Pronto Socorro,341684.44614057976,,
Patient_945,CTI (PS),342378.5716956173,start,ctiBeds,0.0,,,,
Patient_945,CTI (PS),350913.7101136161,complete,ctiBeds,0.0,,,,
Patient_945,CTI prepara Encaminhamento,350913.7101136161,start,,0.0,,,,
Patient_945,CTI prepara Encaminhamento,350969.5999259245,complete,,0.0,,,,
Patient_945,Encaminha_para a Clinica Cirurgica,350969.5999259245,complete,,,para a Clinica Cirurgica,350969.5999259245,,
Patient_945,Discharge,350969.5999259245,complete,,,,,,9285.153785344737
Patient_946,Arrival,342344.04389997147,complete,,0.0,,,,
Patient_946,Origem_do Pronto Socorro,342344.04389997147,complete,,,do Pronto Socorro,342344.04389997147,,
Patient_946,CTI (PS),342635.38743566605,start,ctiBeds,0.0,,,,
Patient_946,CTI (PS),347650.60814451746,complete,ctiBeds,0.0,,,,
Patient_946,CTI prepara Encaminhamento,347650.60814451746,start,,0.0,,,,
Patient_946,CTI prepara Encaminhamento,347707.38591152633,complete,,0.0,,,,
Patient_946,Encaminha_para a Clinica Cirurgica,347707.38591152633,complete,,,para a Clinica Cirurgica,347707.38591152633,,
Patient_946,Discharge,347707.38591152633,complete,,,,,,5363.342011554865
Patient_947,Arrival,342355.71116984973,complete,,0.0,,,,
Patient_947,Origem_do Pronto Socorro,342355.71116984973,complete,,,do Pronto Socorro,342355.71116984973,,
Patient_947,CTI (PS),342646.3323833939,start,ctiBeds,0.0,,,,
Patient_947,CTI (PS),343603.37616079743,complete,ctiBeds,0.0,,,,
Patient_947,CTI prepara Encaminhamento,343603.37616079743,start,,0.0,,,,
Patient_947,CTI prepara Encaminhamento,343658.26795493043,complete,,0.0,,,,
Patient_947,Encaminha_para a Clinica Cirurgica,343658.26795493043,complete,,,para a Clinica Cirurgica,343658.26795493043,,
Patient_947,Discharge,343658.26795493043,complete,,,,,,1302.5567850806983
Patient_948,Arrival,342380.086330368,complete,,0.0,,,,
Patient_948,Origem_do Pronto Socorro,342380.086330368,complete,,,do Pronto Socorro,342380.086330368,,
Patient_948,CTI (PS),342980.0382649967,start,ctiBeds,0.0,,,,
Patient_948,CTI (PS),354735.41101083916,complete,ctiBeds,0.0,,,,
Patient_948,CTI prepara Encaminhamento,354735.41101083916,start,,0.0,,,,
Patient_948,CTI prepara Encaminhamento,354788.04237679805,complete,,0.0,,,,
Patient_948,Encaminha_para a Clinica Medica,354788.04237679805,complete,,,para a Clinica Medica,354788.04237679805,,
Patient_948,Discharge,354788.04237679805,complete,,,,,,12407.956046430045
Patient_949,Arrival,342915.55390072364,complete,,0.0,,,,
Patient_949,Origem_da Maternidade,342915.55390072364,complete,,,da Maternidade,342915.55390072364,,
Patient_949,CTI (MAT),343056.968804363,start,ctiBeds,0.0,,,,
Patient_949,CTI (MAT),347790.8264462814,complete,ctiBeds,0.0,,,,
Patient_949,CTI prepara Encaminhamento,347790.8264462814,start,,0.0,,,,
Patient_949,CTI prepara Encaminhamento,347836.4124298374,complete,,0.0,,,,
Patient_949,Encaminha_para a Clinica Medica,347836.4124298374,complete,,,para a Clinica Medica,347836.4124298374,,
Patient_949,Discharge,347836.4124298374,complete,,,,,,4920.858529113757
Patient_95,Arrival,29138.26975623741,complete,,0.0,,,,
Patient_95,Origem_do Pronto Socorro,29138.26975623741,complete,,,do Pronto Socorro,29138.26975623741,,
Patient_95,CTI (PS),29138.26975623741,start,ctiBeds,0.0,,,,
Patient_95,CTI (PS),33407.83284253586,complete,ctiBeds,0.0,,,,
Patient_95,CTI prepara Encaminhamento,33407.83284253586,start,,0.0,,,,
Patient_95,CTI prepara Encaminhamento,33458.235829220226,complete,,0.0,,,,
Patient_95,Encaminha_para a Clinica Medica,33458.235829220226,complete,,,para a Clinica Medica,33458.235829220226,,
Patient_95,Discharge,33458.235829220226,complete,,,,,,4319.966072982817
Patient_950,Arrival,343039.39187113295,complete,,0.0,,,,
Patient_950,Origem_do Pronto Socorro,343039.39187113295,complete,,,do Pronto Socorro,343039.39187113295,,
Patient_950,CTI (PS),343288.89811863634,start,ctiBeds,0.0,,,,
Patient_950,CTI (PS),364503.4756640609,complete,ctiBeds,0.0,,,,
Patient_950,CTI prepara Encaminhamento,364503.4756640609,start,,0.0,,,,
Patient_950,CTI prepara Encaminhamento,364536.0906086613,complete,,0.0,,,,
Patient_950,Encaminha_para a Clinica Medica,364536.0906086613,complete,,,para a Clinica Medica,364536.0906086613,,
Patient_950,Discharge,364536.0906086613,complete,,,,,,21496.69873752835
Patient_951,Arrival,343234.48496040254,complete,,0.0,,,,
Patient_951,Origem_do Pronto Socorro,343234.48496040254,complete,,,do Pronto Socorro,343234.48496040254,,
Patient_951,CTI (PS),343385.2414162009,start,ctiBeds,0.0,,,,
Patient_951,CTI (PS),349329.75413903117,complete,ctiBeds,0.0,,,,
Patient_951,CTI prepara Encaminhamento,349329.75413903117,start,,0.0,,,,
Patient_951,CTI prepara Encaminhamento,349374.16882755596,complete,,0.0,,,,
Patient_951,Encaminha_para a Clinica Cirurgica,349374.16882755596,complete,,,para a Clinica Cirurgica,349374.16882755596,,
Patient_951,Discharge,349374.16882755596,complete,,,,,,6139.683867153421
Patient_952,Arrival,343444.2061906111,complete,,0.0,,,,
Patient_952,Origem_da Clinica Medica,343444.2061906111,complete,,,da Clinica Medica,343444.2061906111,,
Patient_952,CTI (CLIM),343603.37616079743,start,ctiBeds,0.0,,,,
Patient_952,CTI (CLIM),352555.0371347108,complete,ctiBeds,0.0,,,,
Patient_952,CTI prepara Encaminhamento,352555.0371347108,start,,0.0,,,,
Patient_952,CTI prepara Encaminhamento,352608.1420158491,complete,,0.0,,,,
Patient_952,Encaminha_para a Clinica Cirurgica,352608.1420158491,complete,,,para a Clinica Cirurgica,352608.1420158491,,
Patient_952,Discharge,352608.1420158491,complete,,,,,,9163.935825238004
Patient_953,Arrival,343792.17934224376,complete,,0.0,,,,
Patient_953,Origem_do Centro Cirurgico,343792.17934224376,complete,,,do Centro Cirurgico,343792.17934224376,,
Patient_953,CTI (CC),343809.4007011068,start,ctiBeds,0.0,,,,
Patient_953,CTI (CC),345655.83832537476,complete,ctiBeds,0.0,,,,
Patient_953,CTI prepara Encaminhamento,345655.83832537476,start,,0.0,,,,
Patient_953,CTI prepara Encaminhamento,345701.99308404117,complete,,0.0,,,,
Patient_953,Encaminha_Obito,345701.99308404117,complete,,,Obito,345701.99308404117,,
Patient_953,Discharge,345701.99308404117,complete,,,,,,1909.8137417974067
Patient_954,Arrival,343936.5609775999,complete,,0.0,,,,
Patient_954,Origem_do Pronto Socorro,343936.5609775999,complete,,,do Pronto Socorro,343936.5609775999,,
Patient_954,CTI (PS),343936.5609775999,start,ctiBeds,0.0,,,,
Patient_954,CTI (PS),363639.01536439836,complete,ctiBeds,0.0,,,,
Patient_954,CTI prepara Encaminhamento,363639.01536439836,start,,0.0,,,,
Patient_954,CTI prepara Encaminhamento,363682.31546325056,complete,,0.0,,,,
Patient_954,Encaminha_para a Clinica Cirurgica,363682.31546325056,complete,,,para a Clinica Cirurgica,363682.31546325056,,
Patient_954,Discharge,363682.31546325056,complete,,,,,,19745.754485650687
Patient_955,Arrival,344040.88687519624,complete,,0.0,,,,
Patient_955,Origem_do Centro Cirurgico,344040.88687519624,complete,,,do Centro Cirurgico,344040.88687519624,,
Patient_955,CTI (CC),344349.09181168507,start,ctiBeds,0.0,,,,
Patient_955,CTI (CC),359278.26119078556,complete,ctiBeds,0.0,,,,
Patient_955,CTI prepara Encaminhamento,359278.26119078556,start,,0.0,,,,
Patient_955,CTI prepara Encaminhamento,359336.49976328283,complete,,0.0,,,,
Patient_955,Encaminha_para a Clinica Medica,359336.49976328283,complete,,,para a Clinica Medica,359336.49976328283,,
Patient_955,Discharge,359336.49976328283,complete,,,,,,15295.612888086587
Patient_956,Arrival,344373.80950982857,complete,,0.0,,,,
Patient_956,Origem_do Pronto Socorro,344373.80950982857,complete,,,do Pronto Socorro,344373.80950982857,,
Patient_956,CTI (PS),344405.4507387083,start,ctiBeds,0.0,,,,
Patient_956,CTI (PS),367621.4952028445,complete,ctiBeds,0.0,,,,
Patient_956,CTI prepara Encaminhamento,367621.4952028445,start,,0.0,,,,
Patient_956,CTI prepara Encaminhamento,367675.5579910996,complete,,0.0,,,,
Patient_956,Encaminha_para a Clinica Medica,367675.5579910996,complete,,,para a Clinica Medica,367675.5579910996,,
Patient_956,Discharge,367675.5579910996,complete,,,,,,23301.74848127103
Patient_957,Arrival,345362.5813449935,complete,,0.0,,,,
Patient_957,Origem_do Pronto Socorro,345362.5813449935,complete,,,do Pronto Socorro,345362.5813449935,,
Patient_957,CTI (PS),345362.5813449935,start,ctiBeds,0.0,,,,
Patient_957,CTI (PS),389102.1150947263,complete,ctiBeds,0.0,,,,
Patient_957,CTI prepara Encaminhamento,389102.1150947263,start,,0.0,,,,
Patient_957,CTI prepara Encaminhamento,389140.6930737145,complete,,0.0,,,,
Patient_957,Encaminha_para a Clinica Cirurgica,389140.6930737145,complete,,,para a Clinica Cirurgica,389140.6930737145,,
Patient_957,Discharge,389140.6930737145,complete,,,,,,43778.11172872101
Patient_958,Arrival,345986.4884367368,complete,,0.0,,,,
Patient_958,Origem_do Centro Cirurgico,345986.4884367368,complete,,,do Centro Cirurgico,345986.4884367368,,
Patient_958,CTI (CC),345986.4884367368,start,ctiBeds,0.0,,,,
Patient_958,CTI (CC),347418.9048536301,complete,ctiBeds,0.0,,,,
Patient_958,CTI prepara Encaminhamento,347418.9048536301,start,,0.0,,,,
Patient_958,CTI prepara Encaminhamento,347472.378905031,complete,,0.0,,,,
Patient_958,Encaminha_para a Clinica Medica,347472.378905031,complete,,,para a Clinica Medica,347472.378905031,,
Patient_958,Discharge,347472.378905031,complete,,,,,,1485.8904682942084
Patient_959,Arrival,346783.2049522783,complete,,0.0,,,,
Patient_959,Origem_do Pronto Socorro,346783.2049522783,complete,,,do Pronto Socorro,346783.2049522783,,
Patient_959,CTI (PS),346783.2049522783,start,ctiBeds,0.0,,,,
Patient_959,CTI (PS),350952.8692074469,complete,ctiBeds,0.0,,,,
Patient_959,CTI prepara Encaminhamento,350952.8692074469,start,,0.0,,,,
Patient_959,CTI prepara Encaminhamento,350996.7821784823,complete,,0.0,,,,
Patient_959,Encaminha_para a Clinica Cirurgica,350996.7821784823,complete,,,para a Clinica Cirurgica,350996.7821784823,,
Patient_959,Discharge,350996.7821784823,complete,,,,,,4213.577226203983
Patient_96,Arrival,29608.48452500059,complete,,0.0,,,,
Patient_96,Origem_do Centro Cirurgico,29608.48452500059,complete,,,do Centro Cirurgico,29608.48452500059,,
Patient_96,CTI (CC),29608.48452500059,start,ctiBeds,0.0,,,,
Patient_96,CTI (CC),30575.267709899403,complete,ctiBeds,0.0,,,,
Patient_96,CTI prepara Encaminhamento,30575.267709899403,start,,0.0,,,,
Patient_96,CTI prepara Encaminhamento,30625.26028354009,complete,,0.0,,,,
Patient_96,Encaminha_para a Clinica Medica,30625.26028354009,complete,,,para a Clinica Medica,30625.26028354009,,
Patient_96,Discharge,30625.26028354009,complete,,,,,,1016.7757585395011
Patient_960,Arrival,347220.70263222296,complete,,0.0,,,,
Patient_960,Origem_do Pronto Socorro,347220.70263222296,complete,,,do Pronto Socorro,347220.70263222296,,
Patient_960,CTI (PS),347312.4800738658,start,ctiBeds,0.0,,,,
Patient_960,CTI (PS),375487.49586135085,complete,ctiBeds,0.0,,,,
Patient_960,CTI prepara Encaminhamento,375487.49586135085,start,,0.0,,,,
Patient_960,CTI prepara Encaminhamento,375533.63876827835,complete,,0.0,,,,
Patient_960,Encaminha_para a Clinica Medica,375533.63876827835,complete,,,para a Clinica Medica,375533.63876827835,,
Patient_960,Discharge,375533.63876827835,complete,,,,,,28312.93613605539
Patient_961,Arrival,347329.34539590275,complete,,0.0,,,,
Patient_961,Origem_da Clinica Cirurgica,347329.34539590275,complete,,,da Clinica Cirurgica,347329.34539590275,,
Patient_961,CTI (CLIC),347375.21922189306,start,ctiBeds,0.0,,,,
Patient_961,CTI (CLIC),381391.5710680818,complete,ctiBeds,0.0,,,,
Patient_961,CTI prepara Encaminhamento,381391.5710680818,start,,0.0,,,,
Patient_961,CTI prepara Encaminhamento,381429.98014880146,complete,,0.0,,,,
Patient_961,Encaminha_Transferencia Externa,381429.98014880146,complete,,,Transferencia Externa,381429.98014880146,,
Patient_961,Discharge,381429.98014880146,complete,,,,,,34100.63475289871
Patient_962,Arrival,347687.14344803646,complete,,0.0,,,,
Patient_962,Origem_do Centro Cirurgico,347687.14344803646,complete,,,do Centro Cirurgico,347687.14344803646,,
Patient_962,CTI (CC),347687.14344803646,start,ctiBeds,0.0,,,,
Patient_962,CTI (CC),348656.7450918157,complete,ctiBeds,0.0,,,,
Patient_962,CTI prepara Encaminhamento,348656.7450918157,start,,0.0,,,,
Patient_962,CTI prepara Encaminhamento,348714.24165817554,complete,,0.0,,,,
Patient_962,Encaminha_para a Clinica Cirurgica,348714.24165817554,complete,,,para a Clinica Cirurgica,348714.24165817554,,
Patient_962,Discharge,348714.24165817554,complete,,,,,,1027.0982101390837
Patient_963,Arrival,347958.48363461834,complete,,0.0,,,,
Patient_963,Origem_da Maternidade,347958.48363461834,complete,,,da Maternidade,347958.48363461834,,
Patient_963,CTI (MAT),347958.48363461834,start,ctiBeds,0.0,,,,
Patient_963,CTI (MAT),351982.7091162547,complete,ctiBeds,0.0,,,,
Patient_963,CTI prepara Encaminhamento,351982.7091162547,start,,0.0,,,,
Patient_963,CTI prepara Encaminhamento,352038.25606508943,complete,,0.0,,,,
Patient_963,Encaminha_para a Maternidade,352038.25606508943,complete,,,para a Maternidade,352038.25606508943,,
Patient_963,Discharge,352038.25606508943,complete,,,,,,4079.7724304710864
Patient_964,Arrival,348191.42108327104,complete,,0.0,,,,
Patient_964,Origem_da Clinica Medica,348191.42108327104,complete,,,da Clinica Medica,348191.42108327104,,
Patient_964,CTI (CLIM),348191.42108327104,start,ctiBeds,0.0,,,,
Patient_964,CTI (CLIM),357169.473789896,complete,ctiBeds,0.0,,,,
Patient_964,CTI prepara Encaminhamento,357169.473789896,start,,0.0,,,,
Patient_964,CTI prepara Encaminhamento,357228.4043215269,complete,,0.0,,,,
Patient_964,Encaminha_Obito,357228.4043215269,complete,,,Obito,357228.4043215269,,
Patient_964,Discharge,357228.4043215269,complete,,,,,,9036.983238255838
Patient_965,Arrival,348534.9023171165,complete,,0.0,,,,
Patient_965,Origem_do Pronto Socorro,348534.9023171165,complete,,,do Pronto Socorro,348534.9023171165,,
Patient_965,CTI (PS),348534.9023171165,start,ctiBeds,0.0,,,,
Patient_965,CTI (PS),360616.62101049337,complete,ctiBeds,0.0,,,,
Patient_965,CTI prepara Encaminhamento,360616.62101049337,start,,0.0,,,,
Patient_965,CTI prepara Encaminhamento,360653.0665730578,complete,,0.0,,,,
Patient_965,Encaminha_Transferencia Externa,360653.0665730578,complete,,,Transferencia Externa,360653.0665730578,,
Patient_965,Discharge,360653.0665730578,complete,,,,,,12118.164255941287
Patient_966,Arrival,348851.32289043535,complete,,0.0,,,,
Patient_966,Origem_do Centro Cirurgico,348851.32289043535,complete,,,do Centro Cirurgico,348851.32289043535,,
Patient_966,CTI (CC),348851.32289043535,start,ctiBeds,0.0,,,,
Patient_966,CTI (CC),418992.81096310494,complete,ctiBeds,0.0,,,,
Patient_966,CTI prepara Encaminhamento,418992.81096310494,start,,0.0,,,,
Patient_966,CTI prepara Encaminhamento,419029.5613726542,complete,,0.0,,,,
Patient_966,Encaminha_Transferencia Externa,419029.5613726542,complete,,,Transferencia Externa,419029.5613726542,,
Patient_966,Discharge,419029.5613726542,complete,,,,,,70178.23848221888
Patient_967,Arrival,349114.3281955629,complete,,0.0,,,,
Patient_967,Origem_do Pronto Socorro,349114.3281955629,complete,,,do Pronto Socorro,349114.3281955629,,
Patient_967,CTI (PS),349114.3281955629,start,ctiBeds,0.0,,,,
Patient_967,CTI (PS),363667.85116248915,complete,ctiBeds,0.0,,,,
Patient_967,CTI prepara Encaminhamento,363667.85116248915,start,,0.0,,,,
Patient_967,CTI prepara Encaminhamento,363698.4371853019,complete,,0.0,,,,
Patient_967,Encaminha_para o Centro Cirurgico,363698.4371853019,complete,,,para o Centro Cirurgico,363698.4371853019,,
Patient_967,Discharge,363698.4371853019,complete,,,,,,14584.108989739034
Patient_968,Arrival,349343.0381830162,complete,,0.0,,,,
Patient_968,Origem_do Pronto Socorro,349343.0381830162,complete,,,do Pronto Socorro,349343.0381830162,,
Patient_968,CTI (PS),349343.0381830162,start,ctiBeds,0.0,,,,
Patient_968,CTI (PS),378368.7432763999,complete,ctiBeds,0.0,,,,
Patient_968,CTI prepara Encaminhamento,378368.7432763999,start,,0.0,,,,
Patient_968,CTI prepara Encaminhamento,378405.15237063775,complete,,0.0,,,,
Patient_968,Encaminha_para a Clinica Cirurgica,378405.15237063775,complete,,,para a Clinica Cirurgica,378405.15237063775,,
Patient_968,Discharge,378405.15237063775,complete,,,,,,29062.11418762157
Patient_969,Arrival,349654.27538076614,complete,,0.0,,,,
Patient_969,Origem_do Centro Cirurgico,349654.27538076614,complete,,,do Centro Cirurgico,349654.27538076614,,
Patient_969,CTI (CC),349654.27538076614,start,ctiBeds,0.0,,,,
Patient_969,CTI (CC),350406.99129498756,complete,ctiBeds,0.0,,,,
Patient_969,CTI prepara Encaminhamento,350406.99129498756,start,,0.0,,,,
Patient_969,CTI prepara Encaminhamento,350442.15124115266,complete,,0.0,,,,
Patient_969,Encaminha_para a Clinica Medica,350442.15124115266,complete,,,para a Clinica Medica,350442.15124115266,,
Patient_969,Discharge,350442.15124115266,complete,,,,,,787.8758603865281
Patient_97,Arrival,29702.46624913771,complete,,0.0,,,,
Patient_97,Origem_da Clinica Medica,29702.46624913771,complete,,,da Clinica Medica,29702.46624913771,,
Patient_97,CTI (CLIM),29702.46624913771,start,ctiBeds,0.0,,,,
Patient_97,CTI (CLIM),30167.10240127103,complete,ctiBeds,0.0,,,,
Patient_97,CTI prepara Encaminhamento,30167.10240127103,start,,0.0,,,,
Patient_97,CTI prepara Encaminhamento,30211.29162052424,complete,,0.0,,,,
Patient_97,Encaminha_para a Clinica Medica,30211.29162052424,complete,,,para a Clinica Medica,30211.29162052424,,
Patient_97,Discharge,30211.29162052424,complete,,,,,,508.8253713865306
Patient_970,Arrival,349904.9650785093,complete,,0.0,,,,
Patient_970,Origem_do Pronto Socorro,349904.9650785093,complete,,,do Pronto Socorro,349904.9650785093,,
Patient_970,CTI (PS),349904.9650785093,start,ctiBeds,0.0,,,,
Patient_970,CTI (PS),354068.1309419223,complete,ctiBeds,0.0,,,,
Patient_970,CTI prepara Encaminhamento,354068.1309419223,start,,0.0,,,,
Patient_970,CTI prepara Encaminhamento,354101.79900130647,complete,,0.0,,,,
Patient_970,Encaminha_para a Clinica Medica,354101.79900130647,complete,,,para a Clinica Medica,354101.79900130647,,
Patient_970,Discharge,354101.79900130647,complete,,,,,,4196.833922797174
Patient_971,Arrival,350984.85236761405,complete,,0.0,,,,
Patient_971,Origem_da Clinica Medica,350984.85236761405,complete,,,da Clinica Medica,350984.85236761405,,
Patient_971,CTI (CLIM),350984.85236761405,start,ctiBeds,0.0,,,,
Patient_971,CTI (CLIM),362692.69188759173,complete,ctiBeds,0.0,,,,
Patient_971,CTI prepara Encaminhamento,362692.69188759173,start,,0.0,,,,
Patient_971,CTI prepara Encaminhamento,362749.7858132113,complete,,0.0,,,,
Patient_971,Encaminha_para a Clinica Cirurgica,362749.7858132113,complete,,,para a Clinica Cirurgica,362749.7858132113,,
Patient_971,Discharge,362749.7858132113,complete,,,,,,11764.933445597242
Patient_972,Arrival,351228.3967604407,complete,,0.0,,,,
Patient_972,Origem_do Centro Cirurgico,351228.3967604407,complete,,,do Centro Cirurgico,351228.3967604407,,
Patient_972,CTI (CC),351228.3967604407,start,ctiBeds,0.0,,,,
Patient_972,CTI (CC),354803.37613859575,complete,ctiBeds,0.0,,,,
Patient_972,CTI prepara Encaminhamento,354803.37613859575,start,,0.0,,,,
Patient_972,CTI prepara Encaminhamento,354854.56964979245,complete,,0.0,,,,
Patient_972,Encaminha_para a Clinica Medica,354854.56964979245,complete,,,para a Clinica Medica,354854.56964979245,,
Patient_972,Discharge,354854.56964979245,complete,,,,,,3626.1728893517284
Patient_973,Arrival,351276.75501005974,complete,,0.0,,,,
Patient_973,Origem_do Centro Cirurgico,351276.75501005974,complete,,,do Centro Cirurgico,351276.75501005974,,
Patient_973,CTI (CC),351276.75501005974,start,ctiBeds,0.0,,,,
Patient_973,CTI (CC),352662.10261725285,complete,ctiBeds,0.0,,,,
Patient_973,CTI prepara Encaminhamento,352662.10261725285,start,,0.0,,,,
Patient_973,CTI prepara Encaminhamento,352696.9500699626,complete,,0.0,,,,
Patient_973,Encaminha_para a Clinica Medica,352696.9500699626,complete,,,para a Clinica Medica,352696.9500699626,,
Patient_973,Discharge,352696.9500699626,complete,,,,,,1420.1950599028496
Patient_974,Arrival,351346.71738518775,complete,,0.0,,,,
Patient_974,Origem_do Pronto Socorro,351346.71738518775,complete,,,do Pronto Socorro,351346.71738518775,,
Patient_974,CTI (PS),351346.71738518775,start,ctiBeds,0.0,,,,
Patient_974,CTI (PS),352745.770502212,complete,ctiBeds,0.0,,,,
Patient_974,CTI prepara Encaminhamento,352745.770502212,start,,0.0,,,,
Patient_974,CTI prepara Encaminhamento,352781.66621256695,complete,,0.0,,,,
Patient_974,Encaminha_Obito,352781.66621256695,complete,,,Obito,352781.66621256695,,
Patient_974,Discharge,352781.66621256695,complete,,,,,,1434.9488273792085
Patient_975,Arrival,352377.22990219225,complete,,0.0,,,,
Patient_975,Origem_do Pronto Socorro,352377.22990219225,complete,,,do Pronto Socorro,352377.22990219225,,
Patient_975,CTI (PS),352377.22990219225,start,ctiBeds,0.0,,,,
Patient_975,CTI (PS),352461.6292934212,complete,ctiBeds,0.0,,,,
Patient_975,CTI prepara Encaminhamento,352461.6292934212,start,,0.0,,,,
Patient_975,CTI prepara Encaminhamento,352507.23103717394,complete,,0.0,,,,
Patient_975,Encaminha_para a Clinica Cirurgica,352507.23103717394,complete,,,para a Clinica Cirurgica,352507.23103717394,,
Patient_975,Discharge,352507.23103717394,complete,,,,,,130.0011349816923
Patient_976,Arrival,352556.0163243353,complete,,0.0,,,,
Patient_976,Origem_do Pronto Socorro,352556.0163243353,complete,,,do Pronto Socorro,352556.0163243353,,
Patient_976,CTI (PS),352556.0163243353,start,ctiBeds,0.0,,,,
Patient_976,CTI (PS),354652.49351323966,complete,ctiBeds,0.0,,,,
Patient_976,CTI prepara Encaminhamento,354652.49351323966,start,,0.0,,,,
Patient_976,CTI prepara Encaminhamento,354684.2895187423,complete,,0.0,,,,
Patient_976,Encaminha_para a Clinica Medica,354684.2895187423,complete,,,para a Clinica Medica,354684.2895187423,,
Patient_976,Discharge,354684.2895187423,complete,,,,,,2128.2731944069965
Patient_977,Arrival,352779.69217218127,complete,,0.0,,,,
Patient_977,Origem_do Pronto Socorro,352779.69217218127,complete,,,do Pronto Socorro,352779.69217218127,,
Patient_977,CTI (PS),352779.69217218127,start,ctiBeds,0.0,,,,
Patient_977,CTI (PS),358136.19373319775,complete,ctiBeds,0.0,,,,
Patient_977,CTI prepara Encaminhamento,358136.19373319775,start,,0.0,,,,
Patient_977,CTI prepara Encaminhamento,358187.9597533514,complete,,0.0,,,,
Patient_977,Encaminha_para a Clinica Cirurgica,358187.9597533514,complete,,,para a Clinica Cirurgica,358187.9597533514,,
Patient_977,Discharge,358187.9597533514,complete,,,,,,5408.267581170134
Patient_978,Arrival,352906.3115441087,complete,,0.0,,,,
Patient_978,Origem_do Pronto Socorro,352906.3115441087,complete,,,do Pronto Socorro,352906.3115441087,,
Patient_978,CTI (PS),352906.3115441087,start,ctiBeds,0.0,,,,
Patient_978,CTI (PS),368709.21596364654,complete,ctiBeds,0.0,,,,
Patient_978,CTI prepara Encaminhamento,368709.21596364654,start,,0.0,,,,
Patient_978,CTI prepara Encaminhamento,368761.95216779446,complete,,0.0,,,,
Patient_978,Encaminha_Obito,368761.95216779446,complete,,,Obito,368761.95216779446,,
Patient_978,Discharge,368761.95216779446,complete,,,,,,15855.64062368573
Patient_979,Arrival,353574.94367582723,complete,,0.0,,,,
Patient_979,Origem_da Clinica Medica,353574.94367582723,complete,,,da Clinica Medica,353574.94367582723,,
Patient_979,CTI (CLIM),353574.94367582723,start,ctiBeds,0.0,,,,
Patient_979,CTI (CLIM),355274.98910068814,complete,ctiBeds,0.0,,,,
Patient_979,CTI prepara Encaminhamento,355274.98910068814,start,,0.0,,,,
Patient_979,CTI prepara Encaminhamento,355319.72655207576,complete,,0.0,,,,
Patient_979,Encaminha_Transferencia Externa,355319.72655207576,complete,,,Transferencia Externa,355319.72655207576,,
Patient_979,Discharge,355319.72655207576,complete,,,,,,1744.7828762485296
Patient_98,Arrival,29894.195154164776,complete,,0.0,,,,
Patient_98,Origem_da Clinica Medica,29894.195154164776,complete,,,da Clinica Medica,29894.195154164776,,
Patient_98,CTI (CLIM),29894.195154164776,start,ctiBeds,0.0,,,,
Patient_98,CTI (CLIM),47189.32943117539,complete,ctiBeds,0.0,,,,
Patient_98,CTI prepara Encaminhamento,47189.32943117539,start,,0.0,,,,
Patient_98,CTI prepara Encaminhamento,47223.48717569842,complete,,0.0,,,,
Patient_98,Encaminha_para a Clinica Medica,47223.48717569842,complete,,,para a Clinica Medica,47223.48717569842,,
Patient_98,Discharge,47223.48717569842,complete,,,,,,17329.292021533645
Patient_980,Arrival,353850.46664661984,complete,,0.0,,,,
Patient_980,Origem_do Pronto Socorro,353850.46664661984,complete,,,do Pronto Socorro,353850.46664661984,,
Patient_980,CTI (PS),353850.46664661984,start,ctiBeds,0.0,,,,
Patient_980,CTI (PS),355932.8129542217,complete,ctiBeds,0.0,,,,
Patient_980,CTI prepara Encaminhamento,355932.8129542217,start,,0.0,,,,
Patient_980,CTI prepara Encaminhamento,355992.7017958306,complete,,0.0,,,,
Patient_980,Encaminha_para a Clinica Cirurgica,355992.7017958306,complete,,,para a Clinica Cirurgica,355992.7017958306,,
Patient_980,Discharge,355992.7017958306,complete,,,,,,2142.2351492107846
Patient_981,Arrival,353924.7679952605,complete,,0.0,,,,
Patient_981,Origem_do Pronto Socorro,353924.7679952605,complete,,,do Pronto Socorro,353924.7679952605,,
Patient_981,CTI (PS),353924.7679952605,start,ctiBeds,0.0,,,,
Patient_981,CTI (PS),364675.95621144824,complete,ctiBeds,0.0,,,,
Patient_981,CTI prepara Encaminhamento,364675.95621144824,start,,0.0,,,,
Patient_981,CTI prepara Encaminhamento,364706.25317801116,complete,,0.0,,,,
Patient_981,Encaminha_para a Clinica Medica,364706.25317801116,complete,,,para a Clinica Medica,364706.25317801116,,
Patient_981,Discharge,364706.25317801116,complete,,,,,,10781.485182750679
Patient_982,Arrival,354252.92374309397,complete,,0.0,,,,
Patient_982,Origem_do Pronto Socorro,354252.92374309397,complete,,,do Pronto Socorro,354252.92374309397,,
Patient_982,CTI (PS),354252.92374309397,start,ctiBeds,0.0,,,,
Patient_982,CTI (PS),355045.8577802765,complete,ctiBeds,0.0,,,,
Patient_982,CTI prepara Encaminhamento,355045.8577802765,start,,0.0,,,,
Patient_982,CTI prepara Encaminhamento,355102.65199428773,complete,,0.0,,,,
Patient_982,Encaminha_para a Clinica Cirurgica,355102.65199428773,complete,,,para a Clinica Cirurgica,355102.65199428773,,
Patient_982,Discharge,355102.65199428773,complete,,,,,,849.7282511937665
Patient_983,Arrival,354302.5958199673,complete,,0.0,,,,
Patient_983,Origem_da Clinica Medica,354302.5958199673,complete,,,da Clinica Medica,354302.5958199673,,
Patient_983,CTI (CLIM),354302.5958199673,start,ctiBeds,0.0,,,,
Patient_983,CTI (CLIM),358975.4286761139,complete,ctiBeds,0.0,,,,
Patient_983,CTI prepara Encaminhamento,358975.4286761139,start,,0.0,,,,
Patient_983,CTI prepara Encaminhamento,359031.49830619193,complete,,0.0,,,,
Patient_983,Encaminha_para a Clinica Medica,359031.49830619193,complete,,,para a Clinica Medica,359031.49830619193,,
Patient_983,Discharge,359031.49830619193,complete,,,,,,4728.902486224659
Patient_984,Arrival,355284.349045522,complete,,0.0,,,,
Patient_984,Origem_do Pronto Socorro,355284.349045522,complete,,,do Pronto Socorro,355284.349045522,,
Patient_984,CTI (PS),355284.349045522,start,ctiBeds,0.0,,,,
Patient_984,CTI (PS),360399.47222087416,complete,ctiBeds,0.0,,,,
Patient_984,CTI prepara Encaminhamento,360399.47222087416,start,,0.0,,,,
Patient_984,CTI prepara Encaminhamento,360435.8910698084,complete,,0.0,,,,
Patient_984,Encaminha_para a Clinica Medica,360435.8910698084,complete,,,para a Clinica Medica,360435.8910698084,,
Patient_984,Discharge,360435.8910698084,complete,,,,,,5151.542024286406
Patient_985,Arrival,355433.6475978702,complete,,0.0,,,,
Patient_985,Origem_do Centro Cirurgico,355433.6475978702,complete,,,do Centro Cirurgico,355433.6475978702,,
Patient_985,CTI (CC),355433.6475978702,start,ctiBeds,0.0,,,,
Patient_985,CTI (CC),357145.05858386675,complete,ctiBeds,0.0,,,,
Patient_985,CTI prepara Encaminhamento,357145.05858386675,start,,0.0,,,,
Patient_985,CTI prepara Encaminhamento,357186.9444999769,complete,,0.0,,,,
Patient_985,Encaminha_para a Clinica Cirurgica,357186.9444999769,complete,,,para a Clinica Cirurgica,357186.9444999769,,
Patient_985,Discharge,357186.9444999769,complete,,,,,,1753.2969021066674
Patient_986,Arrival,355769.9575253827,complete,,0.0,,,,
Patient_986,Origem_do Centro Cirurgico,355769.9575253827,complete,,,do Centro Cirurgico,355769.9575253827,,
Patient_986,CTI (CC),355769.9575253827,start,ctiBeds,0.0,,,,
Patient_986,CTI (CC),370170.61777381576,complete,ctiBeds,0.0,,,,
Patient_986,CTI prepara Encaminhamento,370170.61777381576,start,,0.0,,,,
Patient_986,CTI prepara Encaminhamento,370227.7426415689,complete,,0.0,,,,
Patient_986,Encaminha_para a Clinica Medica,370227.7426415689,complete,,,para a Clinica Medica,370227.7426415689,,
Patient_986,Discharge,370227.7426415689,complete,,,,,,14457.78511618619
Patient_987,Arrival,355770.07721634407,complete,,0.0,,,,
Patient_987,Origem_do Pronto Socorro,355770.07721634407,complete,,,do Pronto Socorro,355770.07721634407,,
Patient_987,CTI (PS),355770.07721634407,start,ctiBeds,0.0,,,,
Patient_987,CTI (PS),356130.667208392,complete,ctiBeds,0.0,,,,
Patient_987,CTI prepara Encaminhamento,356130.667208392,start,,0.0,,,,
Patient_987,CTI prepara Encaminhamento,356175.15060788876,complete,,0.0,,,,
Patient_987,Encaminha_para a Clinica Cirurgica,356175.15060788876,complete,,,para a Clinica Cirurgica,356175.15060788876,,
Patient_987,Discharge,356175.15060788876,complete,,,,,,405.0733915446908
Patient_988,Arrival,356655.2236067317,complete,,0.0,,,,
Patient_988,Origem_do Centro Cirurgico,356655.2236067317,complete,,,do Centro Cirurgico,356655.2236067317,,
Patient_988,CTI (CC),356655.2236067317,start,ctiBeds,0.0,,,,
Patient_988,CTI (CC),365773.20721115376,complete,ctiBeds,0.0,,,,
Patient_988,CTI prepara Encaminhamento,365773.20721115376,start,,0.0,,,,
Patient_988,CTI prepara Encaminhamento,365825.70690679434,complete,,0.0,,,,
Patient_988,Encaminha_para a Clinica Medica,365825.70690679434,complete,,,para a Clinica Medica,365825.70690679434,,
Patient_988,Discharge,365825.70690679434,complete,,,,,,9170.483300062653
Patient_989,Arrival,357238.96378275263,complete,,0.0,,,,
Patient_989,Origem_do Centro Cirurgico,357238.96378275263,complete,,,do Centro Cirurgico,357238.96378275263,,
Patient_989,CTI (CC),357238.96378275263,start,ctiBeds,0.0,,,,
Patient_989,CTI (CC),358426.32341552246,complete,ctiBeds,0.0,,,,
Patient_989,CTI prepara Encaminhamento,358426.32341552246,start,,0.0,,,,
Patient_989,CTI prepara Encaminhamento,358462.2009421252,complete,,0.0,,,,
Patient_989,Encaminha_para a Clinica Medica,358462.2009421252,complete,,,para a Clinica Medica,358462.2009421252,,
Patient_989,Discharge,358462.2009421252,complete,,,,,,1223.2371593725402
Patient_99,Arrival,31026.696140531676,complete,,0.0,,,,
Patient_99,Origem_do Centro Cirurgico,31026.696140531676,complete,,,do Centro Cirurgico,31026.696140531676,,
Patient_99,CTI (CC),31026.696140531676,start,ctiBeds,0.0,,,,
Patient_99,CTI (CC),34640.842563900376,complete,ctiBeds,0.0,,,,
Patient_99,CTI prepara Encaminhamento,34640.842563900376,start,,0.0,,,,
Patient_99,CTI prepara Encaminhamento,34682.12032697509,complete,,0.0,,,,
Patient_99,Encaminha_para a Clinica Cirurgica,34682.12032697509,complete,,,para a Clinica Cirurgica,34682.12032697509,,
Patient_99,Discharge,34682.12032697509,complete,,,,,,3655.4241864434152
Patient_990,Arrival,357534.16911196616,complete,,0.0,,,,
Patient_990,Origem_do Centro Cirurgico,357534.16911196616,complete,,,do Centro Cirurgico,357534.16911196616,,
Patient_990,CTI (CC),357534.16911196616,start,ctiBeds,0.0,,,,
Patient_990,CTI (CC),358924.7836631209,complete,ctiBeds,0.0,,,,
Patient_990,CTI prepara Encaminhamento,358924.7836631209,start,,0.0,,,,
Patient_990,CTI prepara Encaminhamento,358959.4241760144,complete,,0.0,,,,
Patient_990,Encaminha_para a Clinica Medica,358959.4241760144,complete,,,para a Clinica Medica,358959.4241760144,,
Patient_990,Discharge,358959.4241760144,complete,,,,,,1425.2550640482223
Patient_991,Arrival,358015.5988835084,complete,,0.0,,,,
Patient_991,Origem_do Centro Cirurgico,358015.5988835084,complete,,,do Centro Cirurgico,358015.5988835084,,
Patient_991,CTI (CC),358015.5988835084,start,ctiBeds,0.0,,,,
Patient_991,CTI (CC),360745.2648984474,complete,ctiBeds,0.0,,,,
Patient_991,CTI prepara Encaminhamento,360745.2648984474,start,,0.0,,,,
Patient_991,CTI prepara Encaminhamento,360792.52238709404,complete,,0.0,,,,
Patient_991,Encaminha_Transferencia Externa,360792.52238709404,complete,,,Transferencia Externa,360792.52238709404,,
Patient_991,Discharge,360792.52238709404,complete,,,,,,2776.9235035856254
Patient_992,Arrival,358727.1617553167,complete,,0.0,,,,
Patient_992,Origem_da Clinica Cirurgica,358727.1617553167,complete,,,da Clinica Cirurgica,358727.1617553167,,
Patient_992,CTI (CLIC),358727.1617553167,start,ctiBeds,0.0,,,,
Patient_992,CTI (CLIC),438736.2730143375,complete,ctiBeds,0.0,,,,
Patient_992,CTI prepara Encaminhamento,438736.2730143375,start,,0.0,,,,
Patient_992,CTI prepara Encaminhamento,438796.20723032375,complete,,0.0,,,,
Patient_992,Encaminha_para a Clinica Cirurgica,438796.20723032375,complete,,,para a Clinica Cirurgica,438796.20723032375,,
Patient_992,Discharge,438796.20723032375,complete,,,,,,80069.04547500703
Patient_993,Arrival,359207.3442313333,complete,,0.0,,,,
Patient_993,Origem_da Clinica Medica,359207.3442313333,complete,,,da Clinica Medica,359207.3442313333,,
Patient_993,CTI (CLIM),359207.3442313333,start,ctiBeds,0.0,,,,
Patient_993,CTI (CLIM),377706.1380013166,complete,ctiBeds,0.0,,,,
Patient_993,CTI prepara Encaminhamento,377706.1380013166,start,,0.0,,,,
Patient_993,CTI prepara Encaminhamento,377750.09324318793,complete,,0.0,,,,
Patient_993,Encaminha_para o Pronto Socorro,377750.09324318793,complete,,,para o Pronto Socorro,377750.09324318793,,
Patient_993,Discharge,377750.09324318793,complete,,,,,,18542.74901185464
Patient_994,Arrival,359437.0351950849,complete,,0.0,,,,
Patient_994,Origem_do Centro Cirurgico,359437.0351950849,complete,,,do Centro Cirurgico,359437.0351950849,,
Patient_994,CTI (CC),359437.0351950849,start,ctiBeds,0.0,,,,
Patient_994,CTI (CC),378194.86881830136,complete,ctiBeds,0.0,,,,
Patient_994,CTI prepara Encaminhamento,378194.86881830136,start,,0.0,,,,
Patient_994,CTI prepara Encaminhamento,378244.8809792545,complete,,0.0,,,,
Patient_994,Encaminha_Transferencia Externa,378244.8809792545,complete,,,Transferencia Externa,378244.8809792545,,
Patient_994,Discharge,378244.8809792545,complete,,,,,,18807.845784169564
Patient_995,Arrival,359806.1204430522,complete,,0.0,,,,
Patient_995,Origem_do Centro Cirurgico,359806.1204430522,complete,,,do Centro Cirurgico,359806.1204430522,,
Patient_995,CTI (CC),359806.1204430522,start,ctiBeds,0.0,,,,
Patient_995,CTI (CC),370623.7051994659,complete,ctiBeds,0.0,,,,
Patient_995,CTI prepara Encaminhamento,370623.7051994659,start,,0.0,,,,
Patient_995,CTI prepara Encaminhamento,370676.18124977325,complete,,0.0,,,,
Patient_995,Encaminha_Transferencia Externa,370676.18124977325,complete,,,Transferencia Externa,370676.18124977325,,
Patient_995,Discharge,370676.18124977325,complete,,,,,,10870.060806721041
Patient_996,Arrival,359806.6028229785,complete,,0.0,,,,
Patient_996,Origem_do Pronto Socorro,359806.6028229785,complete,,,do Pronto Socorro,359806.6028229785,,
Patient_996,CTI (PS),359806.6028229785,start,ctiBeds,0.0,,,,
Patient_996,CTI (PS),365370.5495445556,complete,ctiBeds,0.0,,,,
Patient_996,CTI prepara Encaminhamento,365370.5495445556,start,,0.0,,,,
Patient_996,CTI prepara Encaminhamento,365426.5423067111,complete,,0.0,,,,
Patient_996,Encaminha_para a Clinica Cirurgica,365426.5423067111,complete,,,para a Clinica Cirurgica,365426.5423067111,,
Patient_996,Discharge,365426.5423067111,complete,,,,,,5619.939483732567
Patient_997,Arrival,360069.77037423546,complete,,0.0,,,,
Patient_997,Origem_do Centro Cirurgico,360069.77037423546,complete,,,do Centro Cirurgico,360069.77037423546,,
Patient_997,CTI (CC),360069.77037423546,start,ctiBeds,0.0,,,,
Patient_997,CTI (CC),368938.4744294728,complete,ctiBeds,0.0,,,,
Patient_997,CTI prepara Encaminhamento,368938.4744294728,start,,0.0,,,,
Patient_997,CTI prepara Encaminhamento,368982.5022884931,complete,,0.0,,,,
Patient_997,Encaminha_para a Clinica Medica,368982.5022884931,complete,,,para a Clinica Medica,368982.5022884931,,
Patient_997,Discharge,368982.5022884931,complete,,,,,,8912.73191425763
Patient_998,Arrival,360204.0158732785,complete,,0.0,,,,
Patient_998,Origem_do Pronto Socorro,360204.0158732785,complete,,,do Pronto Socorro,360204.0158732785,,
Patient_998,CTI (PS),360204.0158732785,start,ctiBeds,0.0,,,,
Patient_998,CTI (PS),363939.3786805808,complete,ctiBeds,0.0,,,,
Patient_998,CTI prepara Encaminhamento,363939.3786805808,start,,0.0,,,,
Patient_998,CTI prepara Encaminhamento,363989.73323013383,complete,,0.0,,,,
Patient_998,Encaminha_Obito,363989.73323013383,complete,,,Obito,363989.73323013383,,
Patient_998,Discharge,363989.73323013383,complete,,,,,,3785.7173568553408
Patient_999,Arrival,360290.90871028625,complete,,0.0,,,,
Patient_999,Origem_do Centro Cirurgico,360290.90871028625,complete,,,do Centro Cirurgico,360290.90871028625,,
Patient_999,CTI (CC),360290.90871028625,start,ctiBeds,0.0,,,,
Patient_999,CTI (CC),364293.7104871243,complete,ctiBeds,0.0,,,,
Patient_999,CTI prepara Encaminhamento,364293.7104871243,start,,0.0,,,,
Patient_999,CTI prepara Encaminhamento,364343.6868800865,complete,,0.0,,,,
Patient_999,Encaminha_para a Clinica Cirurgica,364343.6868800865,complete,,,para a Clinica Cirurgica,364343.6868800865,,
Patient_999,Discharge,364343.6868800865,complete,,,,,,4052.7781698002364
