case_id,activity,timestamp,lifecycle,resource,priority,decision,decision_time,activity_priority,system_time
Patient_1,Arrival,0.0,complete,,0.0,,,,
Patient_1,Origem_da Clinica Cirurgica,0.0,complete,,,da Clinica Cirurgica,0.0,,
Patient_1,CTI (CLIC),0.0,start,ctiBeds,0.0,,,,
Patient_1,CTI (CLIC),14709.835771837552,complete,ctiBeds,0.0,,,,
Patient_1,CTI prepara Encaminhamento,14709.835771837552,start,,0.0,,,,
Patient_1,CTI prepara Encaminhamento,14762.13701494454,complete,,0.0,,,,
Patient_1,Encaminha_para a Clinica Medica,14762.13701494454,complete,,,para a Clinica Medica,14762.13701494454,,
Patient_1,Discharge,14762.13701494454,complete,,,,,,14762.13701494454
Patient_10,Arrival,3381.896628261747,complete,,0.0,,,,
Patient_10,Origem_do Pronto Socorro,3381.896628261747,complete,,,do Pronto Socorro,3381.896628261747,,
Patient_10,CTI (PS),3381.896628261747,start,ctiBeds,0.0,,,,
Patient_10,CTI (PS),28508.712189295962,complete,ctiBeds,0.0,,,,
Patient_10,CTI prepara Encaminhamento,28508.712189295962,start,,0.0,,,,
Patient_10,CTI prepara Encaminhamento,28558.511003227388,complete,,0.0,,,,
Patient_10,Encaminha_para a Clinica Cirurgica,28558.511003227388,complete,,,para a Clinica Cirurgica,28558.511003227388,,
Patient_10,Discharge,28558.511003227388,complete,,,,,,25176.61437496564
Patient_100,Arrival,31050.729328381465,complete,,0.0,,,,
Patient_100,Origem_da Clinica Cirurgica,31050.729328381465,complete,,,da Clinica Cirurgica,31050.729328381465,,
Patient_100,CTI (CLIC),31050.729328381465,start,ctiBeds,0.0,,,,
Patient_100,CTI (CLIC),32578.033918919096,complete,ctiBeds,0.0,,,,
Patient_100,CTI prepara Encaminhamento,32578.033918919096,start,,0.0,,,,
Patient_100,CTI prepara Encaminhamento,32622.75029159143,complete,,0.0,,,,
Patient_100,Encaminha_para a Clinica Cirurgica,32622.75029159143,complete,,,para a Clinica Cirurgica,32622.75029159143,,
Patient_100,Discharge,32622.75029159143,complete,,,,,,1572.020963209965
Patient_1000,Arrival,364555.97857725876,complete,,0.0,,,,
Patient_1000,Origem_da Clinica Cirurgica,364555.97857725876,complete,,,da Clinica Cirurgica,364555.97857725876,,
Patient_1000,CTI (CLIC),364555.97857725876,start,ctiBeds,0.0,,,,
Patient_1000,CTI (CLIC),366860.4594869557,complete,ctiBeds,0.0,,,,
Patient_1000,CTI prepara Encaminhamento,366860.4594869557,start,,0.0,,,,
Patient_1000,CTI prepara Encaminhamento,366918.27457768697,complete,,0.0,,,,
Patient_1000,Encaminha_para a Clinica Medica,366918.27457768697,complete,,,para a Clinica Medica,366918.27457768697,,
Patient_1000,Discharge,366918.27457768697,complete,,,,,,2362.2960004282068
Patient_1001,Arrival,364914.7029119259,complete,,0.0,,,,
Patient_1001,Origem_da Clinica Cirurgica,364914.7029119259,complete,,,da Clinica Cirurgica,364914.7029119259,,
Patient_1001,CTI (CLIC),364914.7029119259,start,ctiBeds,0.0,,,,
Patient_1001,CTI (CLIC),370714.91307776124,complete,ctiBeds,0.0,,,,
Patient_1001,CTI prepara Encaminhamento,370714.91307776124,start,,0.0,,,,
Patient_1001,CTI prepara Encaminhamento,370774.21829108376,complete,,0.0,,,,
Patient_1001,Encaminha_Obito,370774.21829108376,complete,,,Obito,370774.21829108376,,
Patient_1001,Discharge,370774.21829108376,complete,,,,,,5859.515379157849
Patient_1002,Arrival,365271.2597186389,complete,,0.0,,,,
Patient_1002,Origem_do Pronto Socorro,365271.2597186389,complete,,,do Pronto Socorro,365271.2597186389,,
Patient_1002,CTI (PS),365271.2597186389,start,ctiBeds,0.0,,,,
Patient_1002,CTI (PS),367914.2474824162,complete,ctiBeds,0.0,,,,
Patient_1002,CTI prepara Encaminhamento,367914.2474824162,start,,0.0,,,,
Patient_1002,CTI prepara Encaminhamento,367954.136384948,complete,,0.0,,,,
Patient_1002,Encaminha_para a Clinica Medica,367954.136384948,complete,,,para a Clinica Medica,367954.136384948,,
Patient_1002,Discharge,367954.136384948,complete,,,,,,2682.876666309079
Patient_1003,Arrival,365504.4250906142,complete,,0.0,,,,
Patient_1003,Origem_do Pronto Socorro,365504.4250906142,complete,,,do Pronto Socorro,365504.4250906142,,
Patient_1003,CTI (PS),365504.4250906142,start,ctiBeds,0.0,,,,
Patient_1003,CTI (PS),366509.7189711776,complete,ctiBeds,0.0,,,,
Patient_1003,CTI prepara Encaminhamento,366509.7189711776,start,,0.0,,,,
Patient_1003,CTI prepara Encaminhamento,366543.1366289002,complete,,0.0,,,,
Patient_1003,Encaminha_para a Clinica Cirurgica,366543.1366289002,complete,,,para a Clinica Cirurgica,366543.1366289002,,
Patient_1003,Discharge,366543.1366289002,complete,,,,,,1038.7115382860065
Patient_1004,Arrival,365635.33922555123,complete,,0.0,,,,
Patient_1004,Origem_do Pronto Socorro,365635.33922555123,complete,,,do Pronto Socorro,365635.33922555123,,
Patient_1004,CTI (PS),365635.33922555123,start,ctiBeds,0.0,,,,
Patient_1004,CTI (PS),381415.08736651053,complete,ctiBeds,0.0,,,,
Patient_1004,CTI prepara Encaminhamento,381415.08736651053,start,,0.0,,,,
Patient_1004,CTI prepara Encaminhamento,381456.5945051275,complete,,0.0,,,,
Patient_1004,Encaminha_Transferencia Externa,381456.5945051275,complete,,,Transferencia Externa,381456.5945051275,,
Patient_1004,Discharge,381456.5945051275,complete,,,,,,15821.25527957629
Patient_1005,Arrival,366279.00117276487,complete,,0.0,,,,
Patient_1005,Origem_do Pronto Socorro,366279.00117276487,complete,,,do Pronto Socorro,366279.00117276487,,
Patient_1005,CTI (PS),366279.00117276487,start,ctiBeds,0.0,,,,
Patient_1005,CTI (PS),382451.87542894343,complete,ctiBeds,0.0,,,,
Patient_1005,CTI prepara Encaminhamento,382451.87542894343,start,,0.0,,,,
Patient_1005,CTI prepara Encaminhamento,382508.60891024396,complete,,0.0,,,,
Patient_1005,Encaminha_para a Clinica Medica,382508.60891024396,complete,,,para a Clinica Medica,382508.60891024396,,
Patient_1005,Discharge,382508.60891024396,complete,,,,,,16229.607737479091
Patient_1006,Arrival,366362.15985977376,complete,,0.0,,,,
Patient_1006,Origem_do Centro Cirurgico,366362.15985977376,complete,,,do Centro Cirurgico,366362.15985977376,,
Patient_1006,CTI (CC),366362.15985977376,start,ctiBeds,0.0,,,,
Patient_1006,CTI (CC),370801.9386833217,complete,ctiBeds,0.0,,,,
Patient_1006,CTI prepara Encaminhamento,370801.9386833217,start,,0.0,,,,
Patient_1006,CTI prepara Encaminhamento,370832.71436050895,complete,,0.0,,,,
Patient_1006,Encaminha_para a Maternidade,370832.71436050895,complete,,,para a Maternidade,370832.71436050895,,
Patient_1006,Discharge,370832.71436050895,complete,,,,,,4470.55450073519
Patient_1007,Arrival,366365.4937145355,complete,,0.0,,,,
Patient_1007,Origem_do Centro Cirurgico,366365.4937145355,complete,,,do Centro Cirurgico,366365.4937145355,,
Patient_1007,CTI (CC),366365.4937145355,start,ctiBeds,0.0,,,,
Patient_1007,CTI (CC),403882.29233247373,complete,ctiBeds,0.0,,,,
Patient_1007,CTI prepara Encaminhamento,403882.29233247373,start,,0.0,,,,
Patient_1007,CTI prepara Encaminhamento,403919.3295013391,complete,,0.0,,,,
Patient_1007,Encaminha_para a Clinica Cirurgica,403919.3295013391,complete,,,para a Clinica Cirurgica,403919.3295013391,,
Patient_1007,Discharge,403919.3295013391,complete,,,,,,37553.835786803626
Patient_1008,Arrival,366724.2557690147,complete,,0.0,,,,
Patient_1008,Origem_da Clinica Cirurgica,366724.2557690147,complete,,,da Clinica Cirurgica,366724.2557690147,,
Patient_1008,CTI (CLIC),366724.2557690147,start,ctiBeds,0.0,,,,
Patient_1008,CTI (CLIC),382011.7128157419,complete,ctiBeds,0.0,,,,
Patient_1008,CTI prepara Encaminhamento,382011.7128157419,start,,0.0,,,,
Patient_1008,CTI prepara Encaminhamento,382069.12702813983,complete,,0.0,,,,
Patient_1008,Encaminha_para a Clinica Cirurgica,382069.12702813983,complete,,,para a Clinica Cirurgica,382069.12702813983,,
Patient_1008,Discharge,382069.12702813983,complete,,,,,,15344.871259125124
Patient_1009,Arrival,367061.5234649515,complete,,0.0,,,,
Patient_1009,Origem_do Pronto Socorro,367061.5234649515,complete,,,do Pronto Socorro,367061.5234649515,,
Patient_1009,CTI (PS),367061.5234649515,start,ctiBeds,0.0,,,,
Patient_1009,CTI (PS),392715.63203161967,complete,ctiBeds,0.0,,,,
Patient_1009,CTI prepara Encaminhamento,392715.63203161967,start,,0.0,,,,
Patient_1009,CTI prepara Encaminhamento,392746.7456357324,complete,,0.0,,,,
Patient_1009,Encaminha_para a Clinica Cirurgica,392746.7456357324,complete,,,para a Clinica Cirurgica,392746.7456357324,,
Patient_1009,Discharge,392746.7456357324,complete,,,,,,25685.222170780937
Patient_101,Arrival,31337.037934430726,complete,,0.0,,,,
Patient_101,Origem_do Pronto Socorro,31337.037934430726,complete,,,do Pronto Socorro,31337.037934430726,,
Patient_101,CTI (PS),31337.037934430726,start,ctiBeds,0.0,,,,
Patient_101,CTI (PS),40027.44760795513,complete,ctiBeds,0.0,,,,
Patient_101,CTI prepara Encaminhamento,40027.44760795513,start,,0.0,,,,
Patient_101,CTI prepara Encaminhamento,40066.76667849133,complete,,0.0,,,,
Patient_101,Encaminha_Obito,40066.76667849133,complete,,,Obito,40066.76667849133,,
Patient_101,Discharge,40066.76667849133,complete,,,,,,8729.728744060605
Patient_1010,Arrival,369036.0438089442,complete,,0.0,,,,
Patient_1010,Origem_do Centro Cirurgico,369036.0438089442,complete,,,do Centro Cirurgico,369036.0438089442,,
Patient_1010,CTI (CC),369036.0438089442,start,ctiBeds,0.0,,,,
Patient_1010,CTI (CC),371717.86782341986,complete,ctiBeds,0.0,,,,
Patient_1010,CTI prepara Encaminhamento,371717.86782341986,start,,0.0,,,,
Patient_1010,CTI prepara Encaminhamento,371765.51459338714,complete,,0.0,,,,
Patient_1010,Encaminha_para a Clinica Medica,371765.51459338714,complete,,,para a Clinica Medica,371765.51459338714,,
Patient_1010,Discharge,371765.51459338714,complete,,,,,,2729.470784442965
Patient_1011,Arrival,369592.43079447333,complete,,0.0,,,,
Patient_1011,Origem_do Pronto Socorro,369592.43079447333,complete,,,do Pronto Socorro,369592.43079447333,,
Patient_1011,CTI (PS),369592.43079447333,start,ctiBeds,0.0,,,,
Patient_1011,CTI (PS),374123.27587233926,complete,ctiBeds,0.0,,,,
Patient_1011,CTI prepara Encaminhamento,374123.27587233926,start,,0.0,,,,
Patient_1011,CTI prepara Encaminhamento,374177.18516990007,complete,,0.0,,,,
Patient_1011,Encaminha_para a Clinica Medica,374177.18516990007,complete,,,para a Clinica Medica,374177.18516990007,,
Patient_1011,Discharge,374177.18516990007,complete,,,,,,4584.754375426739
Patient_1012,Arrival,369866.4145395316,complete,,0.0,,,,
Patient_1012,Origem_da Clinica Cirurgica,369866.4145395316,complete,,,da Clinica Cirurgica,369866.4145395316,,
Patient_1012,CTI (CLIC),369866.4145395316,start,ctiBeds,0.0,,,,
Patient_1012,CTI (CLIC),387368.23177718936,complete,ctiBeds,0.0,,,,
Patient_1012,CTI prepara Encaminhamento,387368.23177718936,start,,0.0,,,,
Patient_1012,CTI prepara Encaminhamento,387406.7922754339,complete,,0.0,,,,
Patient_1012,Encaminha_Obito,387406.7922754339,complete,,,Obito,387406.7922754339,,
Patient_1012,Discharge,387406.7922754339,complete,,,,,,17540.377735902322
Patient_1013,Arrival,370059.08913747006,complete,,0.0,,,,
Patient_1013,Origem_do Pronto Socorro,370059.08913747006,complete,,,do Pronto Socorro,370059.08913747006,,
Patient_1013,CTI (PS),370059.08913747006,start,ctiBeds,0.0,,,,
Patient_1013,CTI (PS),392436.4779146175,complete,ctiBeds,0.0,,,,
Patient_1013,CTI prepara Encaminhamento,392436.4779146175,start,,0.0,,,,
Patient_1013,CTI prepara Encaminhamento,392471.6374225569,complete,,0.0,,,,
Patient_1013,Encaminha_para a Clinica Medica,392471.6374225569,complete,,,para a Clinica Medica,392471.6374225569,,
Patient_1013,Discharge,392471.6374225569,complete,,,,,,22412.548285086814
Patient_1014,Arrival,370299.012948589,complete,,0.0,,,,
Patient_1014,Origem_do Centro Cirurgico,370299.012948589,complete,,,do Centro Cirurgico,370299.012948589,,
Patient_1014,CTI (CC),370299.012948589,start,ctiBeds,0.0,,,,
Patient_1014,CTI (CC),371303.001285157,complete,ctiBeds,0.0,,,,
Patient_1014,CTI prepara Encaminhamento,371303.001285157,start,,0.0,,,,
Patient_1014,CTI prepara Encaminhamento,371358.8030519676,complete,,0.0,,,,
Patient_1014,Encaminha_para a Clinica Cirurgica,371358.8030519676,complete,,,para a Clinica Cirurgica,371358.8030519676,,
Patient_1014,Discharge,371358.8030519676,complete,,,,,,1059.7901033785893
Patient_1015,Arrival,370514.5727514352,complete,,0.0,,,,
Patient_1015,Origem_do Pronto Socorro,370514.5727514352,complete,,,do Pronto Socorro,370514.5727514352,,
Patient_1015,CTI (PS),370514.5727514352,start,ctiBeds,0.0,,,,
Patient_1015,CTI (PS),379303.7513551207,complete,ctiBeds,0.0,,,,
Patient_1015,CTI prepara Encaminhamento,379303.7513551207,start,,0.0,,,,
Patient_1015,CTI prepara Encaminhamento,379348.29704133084,complete,,0.0,,,,
Patient_1015,Encaminha_para a Clinica Medica,379348.29704133084,complete,,,para a Clinica Medica,379348.29704133084,,
Patient_1015,Discharge,379348.29704133084,complete,,,,,,8833.724289895617
Patient_1016,Arrival,370588.40349847433,complete,,0.0,,,,
Patient_1016,Origem_do Centro Cirurgico,370588.40349847433,complete,,,do Centro Cirurgico,370588.40349847433,,
Patient_1016,CTI (CC),370588.40349847433,start,ctiBeds,0.0,,,,
Patient_1016,CTI (CC),372138.25897775934,complete,ctiBeds,0.0,,,,
Patient_1016,CTI prepara Encaminhamento,372138.25897775934,start,,0.0,,,,
Patient_1016,CTI prepara Encaminhamento,372189.97642761224,complete,,0.0,,,,
Patient_1016,Encaminha_para a Clinica Medica,372189.97642761224,complete,,,para a Clinica Medica,372189.97642761224,,
Patient_1016,Discharge,372189.97642761224,complete,,,,,,1601.5729291379103
Patient_1017,Arrival,371349.7466414753,complete,,0.0,,,,
Patient_1017,Origem_do Centro Cirurgico,371349.7466414753,complete,,,do Centro Cirurgico,371349.7466414753,,
Patient_1017,CTI (CC),371349.7466414753,start,ctiBeds,0.0,,,,
Patient_1017,CTI (CC),372583.55454000784,complete,ctiBeds,0.0,,,,
Patient_1017,CTI prepara Encaminhamento,372583.55454000784,start,,0.0,,,,
Patient_1017,CTI prepara Encaminhamento,372624.83499882946,complete,,0.0,,,,
Patient_1017,Encaminha_para a Clinica Medica,372624.83499882946,complete,,,para a Clinica Medica,372624.83499882946,,
Patient_1017,Discharge,372624.83499882946,complete,,,,,,1275.088357354165
Patient_1018,Arrival,371918.9388781774,complete,,0.0,,,,
Patient_1018,Origem_do Centro Cirurgico,371918.9388781774,complete,,,do Centro Cirurgico,371918.9388781774,,
Patient_1018,CTI (CC),371918.9388781774,start,ctiBeds,0.0,,,,
Patient_1018,CTI (CC),372984.1739897985,complete,ctiBeds,0.0,,,,
Patient_1018,CTI prepara Encaminhamento,372984.1739897985,start,,0.0,,,,
Patient_1018,CTI prepara Encaminhamento,373032.0858486065,complete,,0.0,,,,
Patient_1018,Encaminha_para a Clinica Medica,373032.0858486065,complete,,,para a Clinica Medica,373032.0858486065,,
Patient_1018,Discharge,373032.0858486065,complete,,,,,,1113.1469704291085
Patient_1019,Arrival,372065.1168994388,complete,,0.0,,,,
Patient_1019,Origem_do Pronto Socorro,372065.1168994388,complete,,,do Pronto Socorro,372065.1168994388,,
Patient_1019,CTI (PS),372065.1168994388,start,ctiBeds,0.0,,,,
Patient_1019,CTI (PS),378391.0661760191,complete,ctiBeds,0.0,,,,
Patient_1019,CTI prepara Encaminhamento,378391.0661760191,start,,0.0,,,,
Patient_1019,CTI prepara Encaminhamento,378438.5967636348,complete,,0.0,,,,
Patient_1019,Encaminha_Obito,378438.5967636348,complete,,,Obito,378438.5967636348,,
Patient_1019,Discharge,378438.5967636348,complete,,,,,,6373.479864196037
Patient_102,Arrival,31487.245753324743,complete,,0.0,,,,
Patient_102,Origem_do Centro Cirurgico,31487.245753324743,complete,,,do Centro Cirurgico,31487.245753324743,,
Patient_102,CTI (CC),31487.245753324743,start,ctiBeds,0.0,,,,
Patient_102,CTI (CC),40764.718438231655,complete,ctiBeds,0.0,,,,
Patient_102,CTI prepara Encaminhamento,40764.718438231655,start,,0.0,,,,
Patient_102,CTI prepara Encaminhamento,40796.847503541605,complete,,0.0,,,,
Patient_102,Encaminha_para a Clinica Cirurgica,40796.847503541605,complete,,,para a Clinica Cirurgica,40796.847503541605,,
Patient_102,Discharge,40796.847503541605,complete,,,,,,9309.601750216862
Patient_1020,Arrival,372391.14474112616,complete,,0.0,,,,
Patient_1020,Origem_do Centro Cirurgico,372391.14474112616,complete,,,do Centro Cirurgico,372391.14474112616,,
Patient_1020,CTI (CC),372391.14474112616,start,ctiBeds,0.0,,,,
Patient_1020,CTI (CC),377861.13596525067,complete,ctiBeds,0.0,,,,
Patient_1020,CTI prepara Encaminhamento,377861.13596525067,start,,0.0,,,,
Patient_1020,CTI prepara Encaminhamento,377897.18153550575,complete,,0.0,,,,
Patient_1020,Encaminha_para a Clinica Medica,377897.18153550575,complete,,,para a Clinica Medica,377897.18153550575,,
Patient_1020,Discharge,377897.18153550575,complete,,,,,,5506.036794379586
Patient_1021,Arrival,372598.4810279713,complete,,0.0,,,,
Patient_1021,Origem_do Centro Cirurgico,372598.4810279713,complete,,,do Centro Cirurgico,372598.4810279713,,
Patient_1021,CTI (CC),372598.4810279713,start,ctiBeds,0.0,,,,
Patient_1021,CTI (CC),374054.5818051291,complete,ctiBeds,0.0,,,,
Patient_1021,CTI prepara Encaminhamento,374054.5818051291,start,,0.0,,,,
Patient_1021,CTI prepara Encaminhamento,374101.73775758175,complete,,0.0,,,,
Patient_1021,Encaminha_para a Clinica Medica,374101.73775758175,complete,,,para a Clinica Medica,374101.73775758175,,
Patient_1021,Discharge,374101.73775758175,complete,,,,,,1503.256729610439
Patient_1022,Arrival,373123.1673168343,complete,,0.0,,,,
Patient_1022,Origem_do Centro Cirurgico,373123.1673168343,complete,,,do Centro Cirurgico,373123.1673168343,,
Patient_1022,CTI (CC),373123.1673168343,start,ctiBeds,0.0,,,,
Patient_1022,CTI (CC),377179.0107218899,complete,ctiBeds,0.0,,,,
Patient_1022,CTI prepara Encaminhamento,377179.0107218899,start,,0.0,,,,
Patient_1022,CTI prepara Encaminhamento,377219.0986552849,complete,,0.0,,,,
Patient_1022,Encaminha_para a Clinica Medica,377219.0986552849,complete,,,para a Clinica Medica,377219.0986552849,,
Patient_1022,Discharge,377219.0986552849,complete,,,,,,4095.9313384505804
Patient_1023,Arrival,374099.26156175806,complete,,0.0,,,,
Patient_1023,Origem_do Pronto Socorro,374099.26156175806,complete,,,do Pronto Socorro,374099.26156175806,,
Patient_1023,CTI (PS),374099.26156175806,start,ctiBeds,0.0,,,,
Patient_1023,CTI (PS),387997.03883613617,complete,ctiBeds,0.0,,,,
Patient_1023,CTI prepara Encaminhamento,387997.03883613617,start,,0.0,,,,
Patient_1023,CTI prepara Encaminhamento,388052.4594229942,complete,,0.0,,,,
Patient_1023,Encaminha_Alta Hospitalar,388052.4594229942,complete,,,Alta Hospitalar,388052.4594229942,,
Patient_1023,Discharge,388052.4594229942,complete,,,,,,13953.197861236113
Patient_1024,Arrival,374435.98069434136,complete,,0.0,,,,
Patient_1024,Origem_do Centro Cirurgico,374435.98069434136,complete,,,do Centro Cirurgico,374435.98069434136,,
Patient_1024,CTI (CC),374435.98069434136,start,ctiBeds,0.0,,,,
Patient_1024,CTI (CC),375710.3456609979,complete,ctiBeds,0.0,,,,
Patient_1024,CTI prepara Encaminhamento,375710.3456609979,start,,0.0,,,,
Patient_1024,CTI prepara Encaminhamento,375757.19238895143,complete,,0.0,,,,
Patient_1024,Encaminha_Transferencia Externa,375757.19238895143,complete,,,Transferencia Externa,375757.19238895143,,
Patient_1024,Discharge,375757.19238895143,complete,,,,,,1321.2116946100723
Patient_1025,Arrival,374749.52982296597,complete,,0.0,,,,
Patient_1025,Origem_do Pronto Socorro,374749.52982296597,complete,,,do Pronto Socorro,374749.52982296597,,
Patient_1025,CTI (PS),374749.52982296597,start,ctiBeds,0.0,,,,
Patient_1025,CTI (PS),384835.44861890323,complete,ctiBeds,0.0,,,,
Patient_1025,CTI prepara Encaminhamento,384835.44861890323,start,,0.0,,,,
Patient_1025,CTI prepara Encaminhamento,384871.7172964242,complete,,0.0,,,,
Patient_1025,Encaminha_para a Clinica Medica,384871.7172964242,complete,,,para a Clinica Medica,384871.7172964242,,
Patient_1025,Discharge,384871.7172964242,complete,,,,,,10122.187473458238
Patient_1026,Arrival,374851.70609706914,complete,,0.0,,,,
Patient_1026,Origem_do Pronto Socorro,374851.70609706914,complete,,,do Pronto Socorro,374851.70609706914,,
Patient_1026,CTI (PS),374851.70609706914,start,ctiBeds,0.0,,,,
Patient_1026,CTI (PS),398760.7026665567,complete,ctiBeds,0.0,,,,
Patient_1026,CTI prepara Encaminhamento,398760.7026665567,start,,0.0,,,,
Patient_1026,CTI prepara Encaminhamento,398795.5844973963,complete,,0.0,,,,
Patient_1026,Encaminha_Obito,398795.5844973963,complete,,,Obito,398795.5844973963,,
Patient_1026,Discharge,398795.5844973963,complete,,,,,,23943.878400327172
Patient_1027,Arrival,375214.0254136702,complete,,0.0,,,,
Patient_1027,Origem_do Pronto Socorro,375214.0254136702,complete,,,do Pronto Socorro,375214.0254136702,,
Patient_1027,CTI (PS),375214.0254136702,start,ctiBeds,0.0,,,,
Patient_1027,CTI (PS),380124.7272649824,complete,ctiBeds,0.0,,,,
Patient_1027,CTI prepara Encaminhamento,380124.7272649824,start,,0.0,,,,
Patient_1027,CTI prepara Encaminhamento,380178.7269419818,complete,,0.0,,,,
Patient_1027,Encaminha_para a Clinica Medica,380178.7269419818,complete,,,para a Clinica Medica,380178.7269419818,,
Patient_1027,Discharge,380178.7269419818,complete,,,,,,4964.701528311591
Patient_1028,Arrival,375329.3765074669,complete,,0.0,,,,
Patient_1028,Origem_do Pronto Socorro,375329.3765074669,complete,,,do Pronto Socorro,375329.3765074669,,
Patient_1028,CTI (PS),375329.3765074669,start,ctiBeds,0.0,,,,
Patient_1028,CTI (PS),378917.15492902766,complete,ctiBeds,0.0,,,,
Patient_1028,CTI prepara Encaminhamento,378917.15492902766,start,,0.0,,,,
Patient_1028,CTI prepara Encaminhamento,378967.7729317222,complete,,0.0,,,,
Patient_1028,Encaminha_para a Clinica Cirurgica,378967.7729317222,complete,,,para a Clinica Cirurgica,378967.7729317222,,
Patient_1028,Discharge,378967.7729317222,complete,,,,,,3638.396424255334
Patient_1029,Arrival,375554.35986833146,complete,,0.0,,,,
Patient_1029,Origem_do Centro Cirurgico,375554.35986833146,complete,,,do Centro Cirurgico,375554.35986833146,,
Patient_1029,CTI (CC),375554.35986833146,start,ctiBeds,0.0,,,,
Patient_1029,CTI (CC),384951.6995526141,complete,ctiBeds,0.0,,,,
Patient_1029,CTI prepara Encaminhamento,384951.6995526141,start,,0.0,,,,
Patient_1029,CTI prepara Encaminhamento,385010.9088546009,complete,,0.0,,,,
Patient_1029,Encaminha_para a Clinica Cirurgica,385010.9088546009,complete,,,para a Clinica Cirurgica,385010.9088546009,,
Patient_1029,Discharge,385010.9088546009,complete,,,,,,9456.548986269452
Patient_103,Arrival,31592.76480036181,complete,,0.0,,,,
Patient_103,Origem_do Centro Cirurgico,31592.76480036181,complete,,,do Centro Cirurgico,31592.76480036181,,
Patient_103,CTI (CC),31592.76480036181,start,ctiBeds,0.0,,,,
Patient_103,CTI (CC),62287.533676124265,complete,ctiBeds,0.0,,,,
Patient_103,CTI prepara Encaminhamento,62287.533676124265,start,,0.0,,,,
Patient_103,CTI prepara Encaminhamento,62331.25659215501,complete,,0.0,,,,
Patient_103,Encaminha_para a Clinica Cirurgica,62331.25659215501,complete,,,para a Clinica Cirurgica,62331.25659215501,,
Patient_103,Discharge,62331.25659215501,complete,,,,,,30738.491791793203
Patient_1030,Arrival,375678.47507266584,complete,,0.0,,,,
Patient_1030,Origem_do Centro Cirurgico,375678.47507266584,complete,,,do Centro Cirurgico,375678.47507266584,,
Patient_1030,CTI (CC),375678.47507266584,start,ctiBeds,0.0,,,,
Patient_1030,CTI (CC),380833.3521666448,complete,ctiBeds,0.0,,,,
Patient_1030,CTI prepara Encaminhamento,380833.3521666448,start,,0.0,,,,
Patient_1030,CTI prepara Encaminhamento,380875.17496608867,complete,,0.0,,,,
Patient_1030,Encaminha_para a Clinica Medica,380875.17496608867,complete,,,para a Clinica Medica,380875.17496608867,,
Patient_1030,Discharge,380875.17496608867,complete,,,,,,5196.699893422832
Patient_1031,Arrival,376270.42434603337,complete,,0.0,,,,
Patient_1031,Origem_do Centro Cirurgico,376270.42434603337,complete,,,do Centro Cirurgico,376270.42434603337,,
Patient_1031,CTI (CC),376270.42434603337,start,ctiBeds,0.0,,,,
Patient_1031,CTI (CC),378560.52368095523,complete,ctiBeds,0.0,,,,
Patient_1031,CTI prepara Encaminhamento,378560.52368095523,start,,0.0,,,,
Patient_1031,CTI prepara Encaminhamento,378606.66658788273,complete,,0.0,,,,
Patient_1031,Encaminha_para a Clinica Medica,378606.66658788273,complete,,,para a Clinica Medica,378606.66658788273,,
Patient_1031,Discharge,378606.66658788273,complete,,,,,,2336.242241849366
Patient_1032,Arrival,376754.84293127013,complete,,0.0,,,,
Patient_1032,Origem_do Centro Cirurgico,376754.84293127013,complete,,,do Centro Cirurgico,376754.84293127013,,
Patient_1032,CTI (CC),376754.84293127013,start,ctiBeds,0.0,,,,
Patient_1032,CTI (CC),388741.4452385082,complete,ctiBeds,0.0,,,,
Patient_1032,CTI prepara Encaminhamento,388741.4452385082,start,,0.0,,,,
Patient_1032,CTI prepara Encaminhamento,388773.9842590488,complete,,0.0,,,,
Patient_1032,Encaminha_para a Clinica Medica,388773.9842590488,complete,,,para a Clinica Medica,388773.9842590488,,
Patient_1032,Discharge,388773.9842590488,complete,,,,,,12019.141327778692
Patient_1033,Arrival,376895.6799060897,complete,,0.0,,,,
Patient_1033,Origem_do Pronto Socorro,376895.6799060897,complete,,,do Pronto Socorro,376895.6799060897,,
Patient_1033,CTI (PS),376895.6799060897,start,ctiBeds,0.0,,,,
Patient_1033,CTI (PS),376965.09832856373,complete,ctiBeds,0.0,,,,
Patient_1033,CTI prepara Encaminhamento,376965.09832856373,start,,0.0,,,,
Patient_1033,CTI prepara Encaminhamento,377011.07749248977,complete,,0.0,,,,
Patient_1033,Encaminha_Transferencia Externa,377011.07749248977,complete,,,Transferencia Externa,377011.07749248977,,
Patient_1033,Discharge,377011.07749248977,complete,,,,,,115.39758640009677
Patient_1034,Arrival,376967.1628352647,complete,,0.0,,,,
Patient_1034,Origem_da Clinica Cirurgica,376967.1628352647,complete,,,da Clinica Cirurgica,376967.1628352647,,
Patient_1034,CTI (CLIC),376967.1628352647,start,ctiBeds,0.0,,,,
Patient_1034,CTI (CLIC),387862.3617540419,complete,ctiBeds,0.0,,,,
Patient_1034,CTI prepara Encaminhamento,387862.3617540419,start,,0.0,,,,
Patient_1034,CTI prepara Encaminhamento,387898.1081339813,complete,,0.0,,,,
Patient_1034,Encaminha_para a Clinica Cirurgica,387898.1081339813,complete,,,para a Clinica Cirurgica,387898.1081339813,,
Patient_1034,Discharge,387898.1081339813,complete,,,,,,10930.9452987166
Patient_1035,Arrival,377084.92657166184,complete,,0.0,,,,
Patient_1035,Origem_da Clinica Medica,377084.92657166184,complete,,,da Clinica Medica,377084.92657166184,,
Patient_1035,CTI (CLIM),377084.92657166184,start,ctiBeds,0.0,,,,
Patient_1035,CTI (CLIM),393854.5516031989,complete,ctiBeds,0.0,,,,
Patient_1035,CTI prepara Encaminhamento,393854.5516031989,start,,0.0,,,,
Patient_1035,CTI prepara Encaminhamento,393885.9529103295,complete,,0.0,,,,
Patient_1035,Encaminha_para a Clinica Medica,393885.9529103295,complete,,,para a Clinica Medica,393885.9529103295,,
Patient_1035,Discharge,393885.9529103295,complete,,,,,,16801.026338667667
Patient_1036,Arrival,378445.74493529845,complete,,0.0,,,,
Patient_1036,Origem_do Pronto Socorro,378445.74493529845,complete,,,do Pronto Socorro,378445.74493529845,,
Patient_1036,CTI (PS),378445.74493529845,start,ctiBeds,0.0,,,,
Patient_1036,CTI (PS),379791.428482872,complete,ctiBeds,0.0,,,,
Patient_1036,CTI prepara Encaminhamento,379791.428482872,start,,0.0,,,,
Patient_1036,CTI prepara Encaminhamento,379835.47169817245,complete,,0.0,,,,
Patient_1036,Encaminha_para a Clinica Medica,379835.47169817245,complete,,,para a Clinica Medica,379835.47169817245,,
Patient_1036,Discharge,379835.47169817245,complete,,,,,,1389.7267628739937
Patient_1037,Arrival,378775.32280083594,complete,,0.0,,,,
Patient_1037,Origem_da Clinica Cirurgica,378775.32280083594,complete,,,da Clinica Cirurgica,378775.32280083594,,
Patient_1037,CTI (CLIC),378775.32280083594,start,ctiBeds,0.0,,,,
Patient_1037,CTI (CLIC),384135.2346632165,complete,ctiBeds,0.0,,,,
Patient_1037,CTI prepara Encaminhamento,384135.2346632165,start,,0.0,,,,
Patient_1037,CTI prepara Encaminhamento,384185.5685580378,complete,,0.0,,,,
Patient_1037,Encaminha_para a Clinica Medica,384185.5685580378,complete,,,para a Clinica Medica,384185.5685580378,,
Patient_1037,Discharge,384185.5685580378,complete,,,,,,5410.245757201861
Patient_1038,Arrival,379366.83244873304,complete,,0.0,,,,
Patient_1038,Origem_do Pronto Socorro,379366.83244873304,complete,,,do Pronto Socorro,379366.83244873304,,
Patient_1038,CTI (PS),379366.83244873304,start,ctiBeds,0.0,,,,
Patient_1038,CTI (PS),389335.10732804256,complete,ctiBeds,0.0,,,,
Patient_1038,CTI prepara Encaminhamento,389335.10732804256,start,,0.0,,,,
Patient_1038,CTI prepara Encaminhamento,389368.253194055,complete,,0.0,,,,
Patient_1038,Encaminha_para a Clinica Medica,389368.253194055,complete,,,para a Clinica Medica,389368.253194055,,
Patient_1038,Discharge,389368.253194055,complete,,,,,,10001.420745321957
Patient_1039,Arrival,379879.38171708945,complete,,0.0,,,,
Patient_1039,Origem_da Maternidade,379879.38171708945,complete,,,da Maternidade,379879.38171708945,,
Patient_1039,CTI (MAT),379879.38171708945,start,ctiBeds,0.0,,,,
Patient_1039,CTI (MAT),386577.23368345096,complete,ctiBeds,0.0,,,,
Patient_1039,CTI prepara Encaminhamento,386577.23368345096,start,,0.0,,,,
Patient_1039,CTI prepara Encaminhamento,386619.3640728787,complete,,0.0,,,,
Patient_1039,Encaminha_para a Clinica Medica,386619.3640728787,complete,,,para a Clinica Medica,386619.3640728787,,
Patient_1039,Discharge,386619.3640728787,complete,,,,,,6739.982355789281
Patient_104,Arrival,31937.703908512118,complete,,0.0,,,,
Patient_104,Origem_do Pronto Socorro,31937.703908512118,complete,,,do Pronto Socorro,31937.703908512118,,
Patient_104,CTI (PS),31937.703908512118,start,ctiBeds,0.0,,,,
Patient_104,CTI (PS),41973.30173046757,complete,ctiBeds,0.0,,,,
Patient_104,CTI prepara Encaminhamento,41973.30173046757,start,,0.0,,,,
Patient_104,CTI prepara Encaminhamento,42031.36241299087,complete,,0.0,,,,
Patient_104,Encaminha_para a Clinica Cirurgica,42031.36241299087,complete,,,para a Clinica Cirurgica,42031.36241299087,,
Patient_104,Discharge,42031.36241299087,complete,,,,,,10093.658504478753
Patient_1040,Arrival,379930.56051653775,complete,,0.0,,,,
Patient_1040,Origem_do Pronto Socorro,379930.56051653775,complete,,,do Pronto Socorro,379930.56051653775,,
Patient_1040,CTI (PS),379930.56051653775,start,ctiBeds,0.0,,,,
Patient_1040,CTI (PS),398945.7650864848,complete,ctiBeds,0.0,,,,
Patient_1040,CTI prepara Encaminhamento,398945.7650864848,start,,0.0,,,,
Patient_1040,CTI prepara Encaminhamento,398996.1388079635,complete,,0.0,,,,
Patient_1040,Encaminha_para a Clinica Medica,398996.1388079635,complete,,,para a Clinica Medica,398996.1388079635,,
Patient_1040,Discharge,398996.1388079635,complete,,,,,,19065.578291425772
Patient_1041,Arrival,380005.7224206576,complete,,0.0,,,,
Patient_1041,Origem_do Centro Cirurgico,380005.7224206576,complete,,,do Centro Cirurgico,380005.7224206576,,
Patient_1041,CTI (CC),380005.7224206576,start,ctiBeds,0.0,,,,
Patient_1041,CTI (CC),381253.61112402455,complete,ctiBeds,0.0,,,,
Patient_1041,CTI prepara Encaminhamento,381253.61112402455,start,,0.0,,,,
Patient_1041,CTI prepara Encaminhamento,381309.6676789096,complete,,0.0,,,,
Patient_1041,Encaminha_para a Clinica Cirurgica,381309.6676789096,complete,,,para a Clinica Cirurgica,381309.6676789096,,
Patient_1041,Discharge,381309.6676789096,complete,,,,,,1303.9452582520316
Patient_1042,Arrival,380349.50325197465,complete,,0.0,,,,
Patient_1042,Origem_da Maternidade,380349.50325197465,complete,,,da Maternidade,380349.50325197465,,
Patient_1042,CTI (MAT),380349.50325197465,start,ctiBeds,0.0,,,,
Patient_1042,CTI (MAT),381295.35525727016,complete,ctiBeds,0.0,,,,
Patient_1042,CTI prepara Encaminhamento,381295.35525727016,start,,0.0,,,,
Patient_1042,CTI prepara Encaminhamento,381327.11647405894,complete,,0.0,,,,
Patient_1042,Encaminha_para a Clinica Cirurgica,381327.11647405894,complete,,,para a Clinica Cirurgica,381327.11647405894,,
Patient_1042,Discharge,381327.11647405894,complete,,,,,,977.6132220842992
Patient_1043,Arrival,380488.8088366449,complete,,0.0,,,,
Patient_1043,Origem_do Centro Cirurgico,380488.8088366449,complete,,,do Centro Cirurgico,380488.8088366449,,
Patient_1043,CTI (CC),380488.8088366449,start,ctiBeds,0.0,,,,
Patient_1043,CTI (CC),381649.1155415047,complete,ctiBeds,0.0,,,,
Patient_1043,CTI prepara Encaminhamento,381649.1155415047,start,,0.0,,,,
Patient_1043,CTI prepara Encaminhamento,381701.77775945945,complete,,0.0,,,,
Patient_1043,Encaminha_Obito,381701.77775945945,complete,,,Obito,381701.77775945945,,
Patient_1043,Discharge,381701.77775945945,complete,,,,,,1212.968922814529
Patient_1044,Arrival,380569.3008042956,complete,,0.0,,,,
Patient_1044,Origem_do Centro Cirurgico,380569.3008042956,complete,,,do Centro Cirurgico,380569.3008042956,,
Patient_1044,CTI (CC),380569.3008042956,start,ctiBeds,0.0,,,,
Patient_1044,CTI (CC),383086.68854321074,complete,ctiBeds,0.0,,,,
Patient_1044,CTI prepara Encaminhamento,383086.68854321074,start,,0.0,,,,
Patient_1044,CTI prepara Encaminhamento,383140.38719237124,complete,,0.0,,,,
Patient_1044,Encaminha_para a Clinica Cirurgica,383140.38719237124,complete,,,para a Clinica Cirurgica,383140.38719237124,,
Patient_1044,Discharge,383140.38719237124,complete,,,,,,2571.086388075666
Patient_1045,Arrival,380611.961452185,complete,,0.0,,,,
Patient_1045,Origem_do Pronto Socorro,380611.961452185,complete,,,do Pronto Socorro,380611.961452185,,
Patient_1045,CTI (PS),380611.961452185,start,ctiBeds,0.0,,,,
Patient_1045,CTI (PS),399458.6287796616,complete,ctiBeds,0.0,,,,
Patient_1045,CTI prepara Encaminhamento,399458.6287796616,start,,0.0,,,,
Patient_1045,CTI prepara Encaminhamento,399496.30163218075,complete,,0.0,,,,
Patient_1045,Encaminha_para o Centro Cirurgico,399496.30163218075,complete,,,para o Centro Cirurgico,399496.30163218075,,
Patient_1045,Discharge,399496.30163218075,complete,,,,,,18884.34017999575
Patient_1046,Arrival,380767.6717759809,complete,,0.0,,,,
Patient_1046,Origem_do Pronto Socorro,380767.6717759809,complete,,,do Pronto Socorro,380767.6717759809,,
Patient_1046,CTI (PS),380767.6717759809,start,ctiBeds,0.0,,,,
Patient_1046,CTI (PS),383113.7697445541,complete,ctiBeds,0.0,,,,
Patient_1046,CTI prepara Encaminhamento,383113.7697445541,start,,0.0,,,,
Patient_1046,CTI prepara Encaminhamento,383153.02487850975,complete,,0.0,,,,
Patient_1046,Encaminha_para a Clinica Medica,383153.02487850975,complete,,,para a Clinica Medica,383153.02487850975,,
Patient_1046,Discharge,383153.02487850975,complete,,,,,,2385.3531025288394
Patient_1047,Arrival,381040.1039688894,complete,,0.0,,,,
Patient_1047,Origem_do Pronto Socorro,381040.1039688894,complete,,,do Pronto Socorro,381040.1039688894,,
Patient_1047,CTI (PS),381040.1039688894,start,ctiBeds,0.0,,,,
Patient_1047,CTI (PS),407566.67353414465,complete,ctiBeds,0.0,,,,
Patient_1047,CTI prepara Encaminhamento,407566.67353414465,start,,0.0,,,,
Patient_1047,CTI prepara Encaminhamento,407613.7110531686,complete,,0.0,,,,
Patient_1047,Encaminha_para a Clinica Cirurgica,407613.7110531686,complete,,,para a Clinica Cirurgica,407613.7110531686,,
Patient_1047,Discharge,407613.7110531686,complete,,,,,,26573.60708427918
Patient_1048,Arrival,381153.07286001777,complete,,0.0,,,,
Patient_1048,Origem_da Clinica Cirurgica,381153.07286001777,complete,,,da Clinica Cirurgica,381153.07286001777,,
Patient_1048,CTI (CLIC),381153.07286001777,start,ctiBeds,0.0,,,,
Patient_1048,CTI (CLIC),398814.60199980775,complete,ctiBeds,0.0,,,,
Patient_1048,CTI prepara Encaminhamento,398814.60199980775,start,,0.0,,,,
Patient_1048,CTI prepara Encaminhamento,398865.1158548059,complete,,0.0,,,,
Patient_1048,Encaminha_Obito,398865.1158548059,complete,,,Obito,398865.1158548059,,
Patient_1048,Discharge,398865.1158548059,complete,,,,,,17712.04299478815
Patient_1049,Arrival,381454.210101453,complete,,0.0,,,,
Patient_1049,Origem_do Pronto Socorro,381454.210101453,complete,,,do Pronto Socorro,381454.210101453,,
Patient_1049,CTI (PS),381454.210101453,start,ctiBeds,0.0,,,,
Patient_1049,CTI (PS),382904.7675346719,complete,ctiBeds,0.0,,,,
Patient_1049,CTI prepara Encaminhamento,382904.7675346719,start,,0.0,,,,
Patient_1049,CTI prepara Encaminhamento,382947.84291040123,complete,,0.0,,,,
Patient_1049,Encaminha_para a Clinica Cirurgica,382947.84291040123,complete,,,para a Clinica Cirurgica,382947.84291040123,,
Patient_1049,Discharge,382947.84291040123,complete,,,,,,1493.6328089482267
Patient_105,Arrival,31964.59732384156,complete,,0.0,,,,
Patient_105,Origem_do Centro Cirurgico,31964.59732384156,complete,,,do Centro Cirurgico,31964.59732384156,,
Patient_105,CTI (CC),31964.59732384156,start,ctiBeds,0.0,,,,
Patient_105,CTI (CC),33548.56770249433,complete,ctiBeds,0.0,,,,
Patient_105,CTI prepara Encaminhamento,33548.56770249433,start,,0.0,,,,
Patient_105,CTI prepara Encaminhamento,33600.552810128494,complete,,0.0,,,,
Patient_105,Encaminha_para a Clinica Medica,33600.552810128494,complete,,,para a Clinica Medica,33600.552810128494,,
Patient_105,Discharge,33600.552810128494,complete,,,,,,1635.9554862869336
Patient_1050,Arrival,381586.21209999145,complete,,0.0,,,,
Patient_1050,Origem_do Pronto Socorro,381586.21209999145,complete,,,do Pronto Socorro,381586.21209999145,,
Patient_1050,CTI (PS),381586.21209999145,start,ctiBeds,0.0,,,,
Patient_1050,CTI (PS),384462.5561623416,complete,ctiBeds,0.0,,,,
Patient_1050,CTI prepara Encaminhamento,384462.5561623416,start,,0.0,,,,
Patient_1050,CTI prepara Encaminhamento,384494.59616768366,complete,,0.0,,,,
Patient_1050,Encaminha_para a Clinica Cirurgica,384494.59616768366,complete,,,para a Clinica Cirurgica,384494.59616768366,,
Patient_1050,Discharge,384494.59616768366,complete,,,,,,2908.384067692212
Patient_1051,Arrival,382970.0147914317,complete,,0.0,,,,
Patient_1051,Origem_do Centro Cirurgico,382970.0147914317,complete,,,do Centro Cirurgico,382970.0147914317,,
Patient_1051,CTI (CC),382970.0147914317,start,ctiBeds,0.0,,,,
Patient_1051,CTI (CC),385565.6229214861,complete,ctiBeds,0.0,,,,
Patient_1051,CTI prepara Encaminhamento,385565.6229214861,start,,0.0,,,,
Patient_1051,CTI prepara Encaminhamento,385597.41638182575,complete,,0.0,,,,
Patient_1051,Encaminha_para a Clinica Cirurgica,385597.41638182575,complete,,,para a Clinica Cirurgica,385597.41638182575,,
Patient_1051,Discharge,385597.41638182575,complete,,,,,,2627.401590394031
Patient_1052,Arrival,383158.32248213555,complete,,0.0,,,,
Patient_1052,Origem_do Pronto Socorro,383158.32248213555,complete,,,do Pronto Socorro,383158.32248213555,,
Patient_1052,CTI (PS),383158.32248213555,start,ctiBeds,0.0,,,,
Patient_1052,CTI (PS),391217.8224958559,complete,ctiBeds,0.0,,,,
Patient_1052,CTI prepara Encaminhamento,391217.8224958559,start,,0.0,,,,
Patient_1052,CTI prepara Encaminhamento,391258.2333337903,complete,,0.0,,,,
Patient_1052,Encaminha_Obito,391258.2333337903,complete,,,Obito,391258.2333337903,,
Patient_1052,Discharge,391258.2333337903,complete,,,,,,8099.910851654771
Patient_1053,Arrival,383231.3535470539,complete,,0.0,,,,
Patient_1053,Origem_do Centro Cirurgico,383231.3535470539,complete,,,do Centro Cirurgico,383231.3535470539,,
Patient_1053,CTI (CC),383231.3535470539,start,ctiBeds,0.0,,,,
Patient_1053,CTI (CC),383924.72897511255,complete,ctiBeds,0.0,,,,
Patient_1053,CTI prepara Encaminhamento,383924.72897511255,start,,0.0,,,,
Patient_1053,CTI prepara Encaminhamento,383967.3668801209,complete,,0.0,,,,
Patient_1053,Encaminha_para a Clinica Cirurgica,383967.3668801209,complete,,,para a Clinica Cirurgica,383967.3668801209,,
Patient_1053,Discharge,383967.3668801209,complete,,,,,,736.0133330670069
Patient_1054,Arrival,383699.9845565363,complete,,0.0,,,,
Patient_1054,Origem_do Pronto Socorro,383699.9845565363,complete,,,do Pronto Socorro,383699.9845565363,,
Patient_1054,CTI (PS),383699.9845565363,start,ctiBeds,0.0,,,,
Patient_1054,CTI (PS),404903.87534769974,complete,ctiBeds,0.0,,,,
Patient_1054,CTI prepara Encaminhamento,404903.87534769974,start,,0.0,,,,
Patient_1054,CTI prepara Encaminhamento,404960.4218977735,complete,,0.0,,,,
Patient_1054,Encaminha_para a Clinica Cirurgica,404960.4218977735,complete,,,para a Clinica Cirurgica,404960.4218977735,,
Patient_1054,Discharge,404960.4218977735,complete,,,,,,21260.437341237208
Patient_1055,Arrival,384652.7924255558,complete,,0.0,,,,
Patient_1055,Origem_do Pronto Socorro,384652.7924255558,complete,,,do Pronto Socorro,384652.7924255558,,
Patient_1055,CTI (PS),384652.7924255558,start,ctiBeds,0.0,,,,
Patient_1055,CTI (PS),402399.3727254601,complete,ctiBeds,0.0,,,,
Patient_1055,CTI prepara Encaminhamento,402399.3727254601,start,,0.0,,,,
Patient_1055,CTI prepara Encaminhamento,402446.12678749807,complete,,0.0,,,,
Patient_1055,Encaminha_Obito,402446.12678749807,complete,,,Obito,402446.12678749807,,
Patient_1055,Discharge,402446.12678749807,complete,,,,,,17793.334361942252
Patient_1056,Arrival,384727.8607154556,complete,,0.0,,,,
Patient_1056,Origem_da Maternidade,384727.8607154556,complete,,,da Maternidade,384727.8607154556,,
Patient_1056,CTI (MAT),384727.8607154556,start,ctiBeds,0.0,,,,
Patient_1056,CTI (MAT),385283.99778827897,complete,ctiBeds,0.0,,,,
Patient_1056,CTI prepara Encaminhamento,385283.99778827897,start,,0.0,,,,
Patient_1056,CTI prepara Encaminhamento,385317.2770706133,complete,,0.0,,,,
Patient_1056,Encaminha_para a Clinica Medica,385317.2770706133,complete,,,para a Clinica Medica,385317.2770706133,,
Patient_1056,Discharge,385317.2770706133,complete,,,,,,589.4163551576785
Patient_1057,Arrival,385483.00500880956,complete,,0.0,,,,
Patient_1057,Origem_do Pronto Socorro,385483.00500880956,complete,,,do Pronto Socorro,385483.00500880956,,
Patient_1057,CTI (PS),385483.00500880956,start,ctiBeds,0.0,,,,
Patient_1057,CTI (PS),410413.69564230746,complete,ctiBeds,0.0,,,,
Patient_1057,CTI prepara Encaminhamento,410413.69564230746,start,,0.0,,,,
Patient_1057,CTI prepara Encaminhamento,410469.42290160386,complete,,0.0,,,,
Patient_1057,Encaminha_Obito,410469.42290160386,complete,,,Obito,410469.42290160386,,
Patient_1057,Discharge,410469.42290160386,complete,,,,,,24986.4178927943
Patient_1058,Arrival,385656.4008040806,complete,,0.0,,,,
Patient_1058,Origem_do Centro Cirurgico,385656.4008040806,complete,,,do Centro Cirurgico,385656.4008040806,,
Patient_1058,CTI (CC),385656.4008040806,start,ctiBeds,0.0,,,,
Patient_1058,CTI (CC),393621.3723261093,complete,ctiBeds,0.0,,,,
Patient_1058,CTI prepara Encaminhamento,393621.3723261093,start,,0.0,,,,
Patient_1058,CTI prepara Encaminhamento,393664.92093728203,complete,,0.0,,,,
Patient_1058,Encaminha_Transferencia Externa,393664.92093728203,complete,,,Transferencia Externa,393664.92093728203,,
Patient_1058,Discharge,393664.92093728203,complete,,,,,,8008.52013320144
Patient_1059,Arrival,385711.6371293522,complete,,0.0,,,,
Patient_1059,Origem_do Centro Cirurgico,385711.6371293522,complete,,,do Centro Cirurgico,385711.6371293522,,
Patient_1059,CTI (CC),385711.6371293522,start,ctiBeds,0.0,,,,
Patient_1059,CTI (CC),396239.8971740041,complete,ctiBeds,0.0,,,,
Patient_1059,CTI prepara Encaminhamento,396239.8971740041,start,,0.0,,,,
Patient_1059,CTI prepara Encaminhamento,396278.50585096626,complete,,0.0,,,,
Patient_1059,Encaminha_Obito,396278.50585096626,complete,,,Obito,396278.50585096626,,
Patient_1059,Discharge,396278.50585096626,complete,,,,,,10566.868721614068
Patient_106,Arrival,32159.669527322643,complete,,0.0,,,,
Patient_106,Origem_do Pronto Socorro,32159.669527322643,complete,,,do Pronto Socorro,32159.669527322643,,
Patient_106,CTI (PS),32159.669527322643,start,ctiBeds,0.0,,,,
Patient_106,CTI (PS),46809.856127080544,complete,ctiBeds,0.0,,,,
Patient_106,CTI prepara Encaminhamento,46809.856127080544,start,,0.0,,,,
Patient_106,CTI prepara Encaminhamento,46845.50258997691,complete,,0.0,,,,
Patient_106,Encaminha_Obito,46845.50258997691,complete,,,Obito,46845.50258997691,,
Patient_106,Discharge,46845.50258997691,complete,,,,,,14685.833062654267
Patient_1060,Arrival,386038.3670541101,complete,,0.0,,,,
Patient_1060,Origem_da Maternidade,386038.3670541101,complete,,,da Maternidade,386038.3670541101,,
Patient_1060,CTI (MAT),386038.3670541101,start,ctiBeds,0.0,,,,
Patient_1060,CTI (MAT),395054.71453192935,complete,ctiBeds,0.0,,,,
Patient_1060,CTI prepara Encaminhamento,395054.71453192935,start,,0.0,,,,
Patient_1060,CTI prepara Encaminhamento,395101.80900907755,complete,,0.0,,,,
Patient_1060,Encaminha_Obito,395101.80900907755,complete,,,Obito,395101.80900907755,,
Patient_1060,Discharge,395101.80900907755,complete,,,,,,9063.44195496745
Patient_1061,Arrival,386159.36387435475,complete,,0.0,,,,
Patient_1061,Origem_do Centro Cirurgico,386159.36387435475,complete,,,do Centro Cirurgico,386159.36387435475,,
Patient_1061,CTI (CC),386159.36387435475,start,ctiBeds,0.0,,,,
Patient_1061,CTI (CC),433937.3814167078,complete,ctiBeds,0.0,,,,
Patient_1061,CTI prepara Encaminhamento,433937.3814167078,start,,0.0,,,,
Patient_1061,CTI prepara Encaminhamento,433992.7351771095,complete,,0.0,,,,
Patient_1061,Encaminha_para a Clinica Cirurgica,433992.7351771095,complete,,,para a Clinica Cirurgica,433992.7351771095,,
Patient_1061,Discharge,433992.7351771095,complete,,,,,,47833.371302754735
Patient_1062,Arrival,386756.020966752,complete,,0.0,,,,
Patient_1062,Origem_do Pronto Socorro,386756.020966752,complete,,,do Pronto Socorro,386756.020966752,,
Patient_1062,CTI (PS),386756.020966752,start,ctiBeds,0.0,,,,
Patient_1062,CTI (PS),412843.36497778,complete,ctiBeds,0.0,,,,
Patient_1062,CTI prepara Encaminhamento,412843.36497778,start,,0.0,,,,
Patient_1062,CTI prepara Encaminhamento,412887.66170645325,complete,,0.0,,,,
Patient_1062,Encaminha_para a Clinica Cirurgica,412887.66170645325,complete,,,para a Clinica Cirurgica,412887.66170645325,,
Patient_1062,Discharge,412887.66170645325,complete,,,,,,26131.640739701223
Patient_1063,Arrival,387012.1872128714,complete,,0.0,,,,
Patient_1063,Origem_do Centro Cirurgico,387012.1872128714,complete,,,do Centro Cirurgico,387012.1872128714,,
Patient_1063,CTI (CC),387012.1872128714,start,ctiBeds,0.0,,,,
Patient_1063,CTI (CC),401171.79297124344,complete,ctiBeds,0.0,,,,
Patient_1063,CTI prepara Encaminhamento,401171.79297124344,start,,0.0,,,,
Patient_1063,CTI prepara Encaminhamento,401209.91415903706,complete,,0.0,,,,
Patient_1063,Encaminha_Transferencia Externa,401209.91415903706,complete,,,Transferencia Externa,401209.91415903706,,
Patient_1063,Discharge,401209.91415903706,complete,,,,,,14197.726946165669
Patient_1064,Arrival,387078.96554176765,complete,,0.0,,,,
Patient_1064,Origem_do Pronto Socorro,387078.96554176765,complete,,,do Pronto Socorro,387078.96554176765,,
Patient_1064,CTI (PS),387078.96554176765,start,ctiBeds,0.0,,,,
Patient_1064,CTI (PS),393818.8858245801,complete,ctiBeds,0.0,,,,
Patient_1064,CTI prepara Encaminhamento,393818.8858245801,start,,0.0,,,,
Patient_1064,CTI prepara Encaminhamento,393852.3886512613,complete,,0.0,,,,
Patient_1064,Encaminha_para a Clinica Medica,393852.3886512613,complete,,,para a Clinica Medica,393852.3886512613,,
Patient_1064,Discharge,393852.3886512613,complete,,,,,,6773.423109493626
Patient_1065,Arrival,387135.1944471384,complete,,0.0,,,,
Patient_1065,Origem_do Pronto Socorro,387135.1944471384,complete,,,do Pronto Socorro,387135.1944471384,,
Patient_1065,CTI (PS),387135.1944471384,start,ctiBeds,0.0,,,,
Patient_1065,CTI (PS),388272.692654568,complete,ctiBeds,0.0,,,,
Patient_1065,CTI prepara Encaminhamento,388272.692654568,start,,0.0,,,,
Patient_1065,CTI prepara Encaminhamento,388312.8188743142,complete,,0.0,,,,
Patient_1065,Encaminha_para a Clinica Medica,388312.8188743142,complete,,,para a Clinica Medica,388312.8188743142,,
Patient_1065,Discharge,388312.8188743142,complete,,,,,,1177.6244271757896
Patient_1066,Arrival,387155.6838608025,complete,,0.0,,,,
Patient_1066,Origem_do Centro Cirurgico,387155.6838608025,complete,,,do Centro Cirurgico,387155.6838608025,,
Patient_1066,CTI (CC),387155.6838608025,start,ctiBeds,0.0,,,,
Patient_1066,CTI (CC),391368.37619488477,complete,ctiBeds,0.0,,,,
Patient_1066,CTI prepara Encaminhamento,391368.37619488477,start,,0.0,,,,
Patient_1066,CTI prepara Encaminhamento,391403.7089738804,complete,,0.0,,,,
Patient_1066,Encaminha_para a Clinica Medica,391403.7089738804,complete,,,para a Clinica Medica,391403.7089738804,,
Patient_1066,Discharge,391403.7089738804,complete,,,,,,4248.0251130778925
Patient_1067,Arrival,387200.66869056015,complete,,0.0,,,,
Patient_1067,Origem_do Pronto Socorro,387200.66869056015,complete,,,do Pronto Socorro,387200.66869056015,,
Patient_1067,CTI (PS),387200.66869056015,start,ctiBeds,0.0,,,,
Patient_1067,CTI (PS),397669.64326010505,complete,ctiBeds,0.0,,,,
Patient_1067,CTI prepara Encaminhamento,397669.64326010505,start,,0.0,,,,
Patient_1067,CTI prepara Encaminhamento,397725.13189518667,complete,,0.0,,,,
Patient_1067,Encaminha_para a Clinica Cirurgica,397725.13189518667,complete,,,para a Clinica Cirurgica,397725.13189518667,,
Patient_1067,Discharge,397725.13189518667,complete,,,,,,10524.463204626518
Patient_1068,Arrival,387426.7893810988,complete,,0.0,,,,
Patient_1068,Origem_do Pronto Socorro,387426.7893810988,complete,,,do Pronto Socorro,387426.7893810988,,
Patient_1068,CTI (PS),387426.7893810988,start,ctiBeds,0.0,,,,
Patient_1068,CTI (PS),389224.76366993337,complete,ctiBeds,0.0,,,,
Patient_1068,CTI prepara Encaminhamento,389224.76366993337,start,,0.0,,,,
Patient_1068,CTI prepara Encaminhamento,389270.06127484806,complete,,0.0,,,,
Patient_1068,Encaminha_para a Clinica Medica,389270.06127484806,complete,,,para a Clinica Medica,389270.06127484806,,
Patient_1068,Discharge,389270.06127484806,complete,,,,,,1843.2718937492464
Patient_1069,Arrival,387505.50895307615,complete,,0.0,,,,
Patient_1069,Origem_do Centro Cirurgico,387505.50895307615,complete,,,do Centro Cirurgico,387505.50895307615,,
Patient_1069,CTI (CC),387505.50895307615,start,ctiBeds,0.0,,,,
Patient_1069,CTI (CC),416992.59795817593,complete,ctiBeds,0.0,,,,
Patient_1069,CTI prepara Encaminhamento,416992.59795817593,start,,0.0,,,,
Patient_1069,CTI prepara Encaminhamento,417041.20123298565,complete,,0.0,,,,
Patient_1069,Encaminha_para a Clinica Medica,417041.20123298565,complete,,,para a Clinica Medica,417041.20123298565,,
Patient_1069,Discharge,417041.20123298565,complete,,,,,,29535.692279909505
Patient_107,Arrival,32304.16423031798,complete,,0.0,,,,
Patient_107,Origem_do Pronto Socorro,32304.16423031798,complete,,,do Pronto Socorro,32304.16423031798,,
Patient_107,CTI (PS),32304.16423031798,start,ctiBeds,0.0,,,,
Patient_107,CTI (PS),36055.87026355911,complete,ctiBeds,0.0,,,,
Patient_107,CTI prepara Encaminhamento,36055.87026355911,start,,0.0,,,,
Patient_107,CTI prepara Encaminhamento,36105.73211800708,complete,,0.0,,,,
Patient_107,Encaminha_Obito,36105.73211800708,complete,,,Obito,36105.73211800708,,
Patient_107,Discharge,36105.73211800708,complete,,,,,,3801.5678876890997
Patient_1070,Arrival,388100.65845112904,complete,,0.0,,,,
Patient_1070,Origem_do Pronto Socorro,388100.65845112904,complete,,,do Pronto Socorro,388100.65845112904,,
Patient_1070,CTI (PS),388100.65845112904,start,ctiBeds,0.0,,,,
Patient_1070,CTI (PS),455334.51922667003,complete,ctiBeds,0.0,,,,
Patient_1070,CTI prepara Encaminhamento,455334.51922667003,start,,0.0,,,,
Patient_1070,CTI prepara Encaminhamento,455373.1429773896,complete,,0.0,,,,
Patient_1070,Encaminha_para a Clinica Cirurgica,455373.1429773896,complete,,,para a Clinica Cirurgica,455373.1429773896,,
Patient_1070,Discharge,455373.1429773896,complete,,,,,,67272.48452626058
Patient_1071,Arrival,388481.27928815206,complete,,0.0,,,,
Patient_1071,Origem_do Centro Cirurgico,388481.27928815206,complete,,,do Centro Cirurgico,388481.27928815206,,
Patient_1071,CTI (CC),388481.27928815206,start,ctiBeds,0.0,,,,
Patient_1071,CTI (CC),389735.8214234521,complete,ctiBeds,0.0,,,,
Patient_1071,CTI prepara Encaminhamento,389735.8214234521,start,,0.0,,,,
Patient_1071,CTI prepara Encaminhamento,389783.02445988165,complete,,0.0,,,,
Patient_1071,Encaminha_Obito,389783.02445988165,complete,,,Obito,389783.02445988165,,
Patient_1071,Discharge,389783.02445988165,complete,,,,,,1301.7451717295917
Patient_1072,Arrival,389166.61906478705,complete,,0.0,,,,
Patient_1072,Origem_do Centro Cirurgico,389166.61906478705,complete,,,do Centro Cirurgico,389166.61906478705,,
Patient_1072,CTI (CC),389166.61906478705,start,ctiBeds,0.0,,,,
Patient_1072,CTI (CC),390634.388211586,complete,ctiBeds,0.0,,,,
Patient_1072,CTI prepara Encaminhamento,390634.388211586,start,,0.0,,,,
Patient_1072,CTI prepara Encaminhamento,390691.8216481422,complete,,0.0,,,,
Patient_1072,Encaminha_para a Clinica Cirurgica,390691.8216481422,complete,,,para a Clinica Cirurgica,390691.8216481422,,
Patient_1072,Discharge,390691.8216481422,complete,,,,,,1525.2025833551306
Patient_1073,Arrival,389695.70997030166,complete,,0.0,,,,
Patient_1073,Origem_do Pronto Socorro,389695.70997030166,complete,,,do Pronto Socorro,389695.70997030166,,
Patient_1073,CTI (PS),389695.70997030166,start,ctiBeds,0.0,,,,
Patient_1073,CTI (PS),399630.87525373604,complete,ctiBeds,0.0,,,,
Patient_1073,CTI prepara Encaminhamento,399630.87525373604,start,,0.0,,,,
Patient_1073,CTI prepara Encaminhamento,399686.2191225877,complete,,0.0,,,,
Patient_1073,Encaminha_para a Clinica Medica,399686.2191225877,complete,,,para a Clinica Medica,399686.2191225877,,
Patient_1073,Discharge,399686.2191225877,complete,,,,,,9990.509152286046
Patient_1074,Arrival,389729.06809695065,complete,,0.0,,,,
Patient_1074,Origem_do Centro Cirurgico,389729.06809695065,complete,,,do Centro Cirurgico,389729.06809695065,,
Patient_1074,CTI (CC),389729.06809695065,start,ctiBeds,0.0,,,,
Patient_1074,CTI (CC),419107.3737059872,complete,ctiBeds,0.0,,,,
Patient_1074,CTI prepara Encaminhamento,419107.3737059872,start,,0.0,,,,
Patient_1074,CTI prepara Encaminhamento,419155.2899453781,complete,,0.0,,,,
Patient_1074,Encaminha_para a Clinica Medica,419155.2899453781,complete,,,para a Clinica Medica,419155.2899453781,,
Patient_1074,Discharge,419155.2899453781,complete,,,,,,29426.221848427434
Patient_1075,Arrival,389733.1813185521,complete,,0.0,,,,
Patient_1075,Origem_do Pronto Socorro,389733.1813185521,complete,,,do Pronto Socorro,389733.1813185521,,
Patient_1075,CTI (PS),389733.1813185521,start,ctiBeds,0.0,,,,
Patient_1075,CTI (PS),393568.6914291398,complete,ctiBeds,0.0,,,,
Patient_1075,CTI prepara Encaminhamento,393568.6914291398,start,,0.0,,,,
Patient_1075,CTI prepara Encaminhamento,393621.14436668303,complete,,0.0,,,,
Patient_1075,Encaminha_para a Clinica Cirurgica,393621.14436668303,complete,,,para a Clinica Cirurgica,393621.14436668303,,
Patient_1075,Discharge,393621.14436668303,complete,,,,,,3887.963048130914
Patient_1076,Arrival,389933.5273311006,complete,,0.0,,,,
Patient_1076,Origem_do Pronto Socorro,389933.5273311006,complete,,,do Pronto Socorro,389933.5273311006,,
Patient_1076,CTI (PS),389933.5273311006,start,ctiBeds,0.0,,,,
Patient_1076,CTI (PS),394436.85320016067,complete,ctiBeds,0.0,,,,
Patient_1076,CTI prepara Encaminhamento,394436.85320016067,start,,0.0,,,,
Patient_1076,CTI prepara Encaminhamento,394469.2123936144,complete,,0.0,,,,
Patient_1076,Encaminha_para a Clinica Cirurgica,394469.2123936144,complete,,,para a Clinica Cirurgica,394469.2123936144,,
Patient_1076,Discharge,394469.2123936144,complete,,,,,,4535.685062513803
Patient_1077,Arrival,390439.0416941789,complete,,0.0,,,,
Patient_1077,Origem_do Pronto Socorro,390439.0416941789,complete,,,do Pronto Socorro,390439.0416941789,,
Patient_1077,CTI (PS),390439.0416941789,start,ctiBeds,0.0,,,,
Patient_1077,CTI (PS),402153.67908561474,complete,ctiBeds,0.0,,,,
Patient_1077,CTI prepara Encaminhamento,402153.67908561474,start,,0.0,,,,
Patient_1077,CTI prepara Encaminhamento,402204.739592365,complete,,0.0,,,,
Patient_1077,Encaminha_para a Clinica Cirurgica,402204.739592365,complete,,,para a Clinica Cirurgica,402204.739592365,,
Patient_1077,Discharge,402204.739592365,complete,,,,,,11765.697898186103
Patient_1078,Arrival,390715.0209896073,complete,,0.0,,,,
Patient_1078,Origem_do Pronto Socorro,390715.0209896073,complete,,,do Pronto Socorro,390715.0209896073,,
Patient_1078,CTI (PS),390715.0209896073,start,ctiBeds,0.0,,,,
Patient_1078,CTI (PS),396815.37648353504,complete,ctiBeds,0.0,,,,
Patient_1078,CTI prepara Encaminhamento,396815.37648353504,start,,0.0,,,,
Patient_1078,CTI prepara Encaminhamento,396857.23432193167,complete,,0.0,,,,
Patient_1078,Encaminha_para a Clinica Cirurgica,396857.23432193167,complete,,,para a Clinica Cirurgica,396857.23432193167,,
Patient_1078,Discharge,396857.23432193167,complete,,,,,,6142.213332324347
Patient_1079,Arrival,391426.100960036,complete,,0.0,,,,
Patient_1079,Origem_do Centro Cirurgico,391426.100960036,complete,,,do Centro Cirurgico,391426.100960036,,
Patient_1079,CTI (CC),391426.100960036,start,ctiBeds,0.0,,,,
Patient_108,Arrival,32415.39819062582,complete,,0.0,,,,
Patient_108,Origem_da Clinica Cirurgica,32415.39819062582,complete,,,da Clinica Cirurgica,32415.39819062582,,
Patient_108,CTI (CLIC),32415.39819062582,start,ctiBeds,0.0,,,,
Patient_108,CTI (CLIC),37813.502045372225,complete,ctiBeds,0.0,,,,
Patient_108,CTI prepara Encaminhamento,37813.502045372225,start,,0.0,,,,
Patient_108,CTI prepara Encaminhamento,37855.16049104732,complete,,0.0,,,,
Patient_108,Encaminha_para a Clinica Medica,37855.16049104732,complete,,,para a Clinica Medica,37855.16049104732,,
Patient_108,Discharge,37855.16049104732,complete,,,,,,5439.762300421498
Patient_1080,Arrival,391639.6049766943,complete,,0.0,,,,
Patient_1080,Origem_do Pronto Socorro,391639.6049766943,complete,,,do Pronto Socorro,391639.6049766943,,
Patient_1080,CTI (PS),391639.6049766943,start,ctiBeds,0.0,,,,
Patient_1080,CTI (PS),394139.0770806654,complete,ctiBeds,0.0,,,,
Patient_1080,CTI prepara Encaminhamento,394139.0770806654,start,,0.0,,,,
Patient_1080,CTI prepara Encaminhamento,394192.18493952154,complete,,0.0,,,,
Patient_1080,Encaminha_Obito,394192.18493952154,complete,,,Obito,394192.18493952154,,
Patient_1080,Discharge,394192.18493952154,complete,,,,,,2552.5799628272653
Patient_1081,Arrival,392036.7011318642,complete,,0.0,,,,
Patient_1081,Origem_da Clinica Cirurgica,392036.7011318642,complete,,,da Clinica Cirurgica,392036.7011318642,,
Patient_1081,CTI (CLIC),392036.7011318642,start,ctiBeds,0.0,,,,
Patient_1081,CTI (CLIC),410076.7994141324,complete,ctiBeds,0.0,,,,
Patient_1081,CTI prepara Encaminhamento,410076.7994141324,start,,0.0,,,,
Patient_1081,CTI prepara Encaminhamento,410108.715901055,complete,,0.0,,,,
Patient_1081,Encaminha_para a Clinica Cirurgica,410108.715901055,complete,,,para a Clinica Cirurgica,410108.715901055,,
Patient_1081,Discharge,410108.715901055,complete,,,,,,18072.014769190806
Patient_1082,Arrival,392273.3789621985,complete,,0.0,,,,
Patient_1082,Origem_do Pronto Socorro,392273.3789621985,complete,,,do Pronto Socorro,392273.3789621985,,
Patient_1082,CTI (PS),392273.3789621985,start,ctiBeds,0.0,,,,
Patient_1082,CTI (PS),407669.313904636,complete,ctiBeds,0.0,,,,
Patient_1082,CTI prepara Encaminhamento,407669.313904636,start,,0.0,,,,
Patient_1082,CTI prepara Encaminhamento,407718.9814751936,complete,,0.0,,,,
Patient_1082,Encaminha_para a Clinica Cirurgica,407718.9814751936,complete,,,para a Clinica Cirurgica,407718.9814751936,,
Patient_1082,Discharge,407718.9814751936,complete,,,,,,15445.602512995072
Patient_1083,Arrival,392671.14381677384,complete,,0.0,,,,
Patient_1083,Origem_da Clinica Cirurgica,392671.14381677384,complete,,,da Clinica Cirurgica,392671.14381677384,,
Patient_1083,CTI (CLIC),392671.14381677384,start,ctiBeds,0.0,,,,
Patient_1083,CTI (CLIC),395096.61343744025,complete,ctiBeds,0.0,,,,
Patient_1083,CTI prepara Encaminhamento,395096.61343744025,start,,0.0,,,,
Patient_1083,CTI prepara Encaminhamento,395155.8688553295,complete,,0.0,,,,
Patient_1083,Encaminha_para a Clinica Cirurgica,395155.8688553295,complete,,,para a Clinica Cirurgica,395155.8688553295,,
Patient_1083,Discharge,395155.8688553295,complete,,,,,,2484.7250385556836
Patient_1084,Arrival,392713.2324394335,complete,,0.0,,,,
Patient_1084,Origem_do Centro Cirurgico,392713.2324394335,complete,,,do Centro Cirurgico,392713.2324394335,,
Patient_1084,CTI (CC),392713.2324394335,start,ctiBeds,0.0,,,,
Patient_1084,CTI (CC),427310.23612612527,complete,ctiBeds,0.0,,,,
Patient_1084,CTI prepara Encaminhamento,427310.23612612527,start,,0.0,,,,
Patient_1084,CTI prepara Encaminhamento,427365.3960542385,complete,,0.0,,,,
Patient_1084,Encaminha_para a Clinica Medica,427365.3960542385,complete,,,para a Clinica Medica,427365.3960542385,,
Patient_1084,Discharge,427365.3960542385,complete,,,,,,34652.16361480497
Patient_1085,Arrival,392871.00458013033,complete,,0.0,,,,
Patient_1085,Origem_do Pronto Socorro,392871.00458013033,complete,,,do Pronto Socorro,392871.00458013033,,
Patient_1085,CTI (PS),392871.00458013033,start,ctiBeds,0.0,,,,
Patient_1085,CTI (PS),398109.4732753427,complete,ctiBeds,0.0,,,,
Patient_1085,CTI prepara Encaminhamento,398109.4732753427,start,,0.0,,,,
Patient_1085,CTI prepara Encaminhamento,398167.44742503273,complete,,0.0,,,,
Patient_1085,Encaminha_Obito,398167.44742503273,complete,,,Obito,398167.44742503273,,
Patient_1085,Discharge,398167.44742503273,complete,,,,,,5296.442844902398
Patient_1086,Arrival,392893.7329641039,complete,,0.0,,,,
Patient_1086,Origem_do Centro Cirurgico,392893.7329641039,complete,,,do Centro Cirurgico,392893.7329641039,,
Patient_1086,CTI (CC),392893.7329641039,start,ctiBeds,0.0,,,,
Patient_1086,CTI (CC),397721.8143530249,complete,ctiBeds,0.0,,,,
Patient_1086,CTI prepara Encaminhamento,397721.8143530249,start,,0.0,,,,
Patient_1086,CTI prepara Encaminhamento,397770.6220459568,complete,,0.0,,,,
Patient_1086,Encaminha_para a Clinica Medica,397770.6220459568,complete,,,para a Clinica Medica,397770.6220459568,,
Patient_1086,Discharge,397770.6220459568,complete,,,,,,4876.88908185286
Patient_1087,Arrival,394553.39204436407,complete,,0.0,,,,
Patient_1087,Origem_do Pronto Socorro,394553.39204436407,complete,,,do Pronto Socorro,394553.39204436407,,
Patient_1087,CTI (PS),394553.39204436407,start,ctiBeds,0.0,,,,
Patient_1087,CTI (PS),404558.2769666262,complete,ctiBeds,0.0,,,,
Patient_1087,CTI prepara Encaminhamento,404558.2769666262,start,,0.0,,,,
Patient_1087,CTI prepara Encaminhamento,404615.7245723863,complete,,0.0,,,,
Patient_1087,Encaminha_Transferencia Externa,404615.7245723863,complete,,,Transferencia Externa,404615.7245723863,,
Patient_1087,Discharge,404615.7245723863,complete,,,,,,10062.332528022234
Patient_1088,Arrival,395378.4981179569,complete,,0.0,,,,
Patient_1088,Origem_da Clinica Cirurgica,395378.4981179569,complete,,,da Clinica Cirurgica,395378.4981179569,,
Patient_1088,CTI (CLIC),395378.4981179569,start,ctiBeds,0.0,,,,
Patient_1088,CTI (CLIC),402999.67862621637,complete,ctiBeds,0.0,,,,
Patient_1088,CTI prepara Encaminhamento,402999.67862621637,start,,0.0,,,,
Patient_1088,CTI prepara Encaminhamento,403045.9315867788,complete,,0.0,,,,
Patient_1088,Encaminha_para a Clinica Medica,403045.9315867788,complete,,,para a Clinica Medica,403045.9315867788,,
Patient_1088,Discharge,403045.9315867788,complete,,,,,,7667.433468821866
Patient_1089,Arrival,396459.7367365727,complete,,0.0,,,,
Patient_1089,Origem_do Centro Cirurgico,396459.7367365727,complete,,,do Centro Cirurgico,396459.7367365727,,
Patient_1089,CTI (CC),396459.7367365727,start,ctiBeds,0.0,,,,
Patient_1089,CTI (CC),418171.4162667562,complete,ctiBeds,0.0,,,,
Patient_1089,CTI prepara Encaminhamento,418171.4162667562,start,,0.0,,,,
Patient_1089,CTI prepara Encaminhamento,418213.96731293644,complete,,0.0,,,,
Patient_1089,Encaminha_Transferencia Externa,418213.96731293644,complete,,,Transferencia Externa,418213.96731293644,,
Patient_1089,Discharge,418213.96731293644,complete,,,,,,21754.23057636374
Patient_109,Arrival,32919.1247790739,complete,,0.0,,,,
Patient_109,Origem_do Centro Cirurgico,32919.1247790739,complete,,,do Centro Cirurgico,32919.1247790739,,
Patient_109,CTI (CC),32919.1247790739,start,ctiBeds,0.0,,,,
Patient_109,CTI (CC),36809.78474796589,complete,ctiBeds,0.0,,,,
Patient_109,CTI prepara Encaminhamento,36809.78474796589,start,,0.0,,,,
Patient_109,CTI prepara Encaminhamento,36867.04561027866,complete,,0.0,,,,
Patient_109,Encaminha_Obito,36867.04561027866,complete,,,Obito,36867.04561027866,,
Patient_109,Discharge,36867.04561027866,complete,,,,,,3947.920831204763
Patient_1090,Arrival,397083.3058777168,complete,,0.0,,,,
Patient_1090,Origem_do Pronto Socorro,397083.3058777168,complete,,,do Pronto Socorro,397083.3058777168,,
Patient_1090,CTI (PS),397083.3058777168,start,ctiBeds,0.0,,,,
Patient_1090,CTI (PS),430071.2188646356,complete,ctiBeds,0.0,,,,
Patient_1090,CTI prepara Encaminhamento,430071.2188646356,start,,0.0,,,,
Patient_1090,CTI prepara Encaminhamento,430119.16596284905,complete,,0.0,,,,
Patient_1090,Encaminha_para a Clinica Medica,430119.16596284905,complete,,,para a Clinica Medica,430119.16596284905,,
Patient_1090,Discharge,430119.16596284905,complete,,,,,,33035.86008513224
Patient_1091,Arrival,397622.2662657074,complete,,0.0,,,,
Patient_1091,Origem_do Centro Cirurgico,397622.2662657074,complete,,,do Centro Cirurgico,397622.2662657074,,
Patient_1091,CTI (CC),397622.2662657074,start,ctiBeds,0.0,,,,
Patient_1091,CTI (CC),445267.70346573147,complete,ctiBeds,0.0,,,,
Patient_1091,CTI prepara Encaminhamento,445267.70346573147,start,,0.0,,,,
Patient_1091,CTI prepara Encaminhamento,445298.9676756542,complete,,0.0,,,,
Patient_1091,Encaminha_para a Clinica Cirurgica,445298.9676756542,complete,,,para a Clinica Cirurgica,445298.9676756542,,
Patient_1091,Discharge,445298.9676756542,complete,,,,,,47676.701409946836
Patient_1092,Arrival,397655.66805006546,complete,,0.0,,,,
Patient_1092,Origem_do Pronto Socorro,397655.66805006546,complete,,,do Pronto Socorro,397655.66805006546,,
Patient_1092,CTI (PS),397655.66805006546,start,ctiBeds,0.0,,,,
Patient_1092,CTI (PS),401859.797324784,complete,ctiBeds,0.0,,,,
Patient_1092,CTI prepara Encaminhamento,401859.797324784,start,,0.0,,,,
Patient_1092,CTI prepara Encaminhamento,401900.9566698629,complete,,0.0,,,,
Patient_1092,Encaminha_para a Clinica Cirurgica,401900.9566698629,complete,,,para a Clinica Cirurgica,401900.9566698629,,
Patient_1092,Discharge,401900.9566698629,complete,,,,,,4245.288619797444
Patient_1093,Arrival,398045.0375518249,complete,,0.0,,,,
Patient_1093,Origem_do Centro Cirurgico,398045.0375518249,complete,,,do Centro Cirurgico,398045.0375518249,,
Patient_1093,CTI (CC),398045.0375518249,start,ctiBeds,0.0,,,,
Patient_1093,CTI (CC),401456.86480587616,complete,ctiBeds,0.0,,,,
Patient_1093,CTI prepara Encaminhamento,401456.86480587616,start,,0.0,,,,
Patient_1093,CTI prepara Encaminhamento,401511.4646023421,complete,,0.0,,,,
Patient_1093,Encaminha_para a Clinica Medica,401511.4646023421,complete,,,para a Clinica Medica,401511.4646023421,,
Patient_1093,Discharge,401511.4646023421,complete,,,,,,3466.4270505172317
Patient_1094,Arrival,399005.5819656883,complete,,0.0,,,,
Patient_1094,Origem_do Pronto Socorro,399005.5819656883,complete,,,do Pronto Socorro,399005.5819656883,,
Patient_1094,CTI (PS),399005.5819656883,start,ctiBeds,0.0,,,,
Patient_1094,CTI (PS),418910.5016560945,complete,ctiBeds,0.0,,,,
Patient_1094,CTI prepara Encaminhamento,418910.5016560945,start,,0.0,,,,
Patient_1094,CTI prepara Encaminhamento,418963.4323923885,complete,,0.0,,,,
Patient_1094,Encaminha_Obito,418963.4323923885,complete,,,Obito,418963.4323923885,,
Patient_1094,Discharge,418963.4323923885,complete,,,,,,19957.8504267002
Patient_1095,Arrival,399167.22517596156,complete,,0.0,,,,
Patient_1095,Origem_da Maternidade,399167.22517596156,complete,,,da Maternidade,399167.22517596156,,
Patient_1095,CTI (MAT),399167.22517596156,start,ctiBeds,0.0,,,,
Patient_1095,CTI (MAT),402145.50894168613,complete,ctiBeds,0.0,,,,
Patient_1095,CTI prepara Encaminhamento,402145.50894168613,start,,0.0,,,,
Patient_1095,CTI prepara Encaminhamento,402202.25571215054,complete,,0.0,,,,
Patient_1095,Encaminha_para a Clinica Cirurgica,402202.25571215054,complete,,,para a Clinica Cirurgica,402202.25571215054,,
Patient_1095,Discharge,402202.25571215054,complete,,,,,,3035.030536188977
Patient_1096,Arrival,399321.72324828256,complete,,0.0,,,,
Patient_1096,Origem_da Clinica Cirurgica,399321.72324828256,complete,,,da Clinica Cirurgica,399321.72324828256,,
Patient_1096,CTI (CLIC),399321.72324828256,start,ctiBeds,0.0,,,,
Patient_1096,CTI (CLIC),401210.6370430275,complete,ctiBeds,0.0,,,,
Patient_1096,CTI prepara Encaminhamento,401210.6370430275,start,,0.0,,,,
Patient_1096,CTI prepara Encaminhamento,401256.62060673133,complete,,0.0,,,,
Patient_1096,Encaminha_para a Clinica Cirurgica,401256.62060673133,complete,,,para a Clinica Cirurgica,401256.62060673133,,
Patient_1096,Discharge,401256.62060673133,complete,,,,,,1934.8973584487685
Patient_1097,Arrival,399881.1655366304,complete,,0.0,,,,
Patient_1097,Origem_do Pronto Socorro,399881.1655366304,complete,,,do Pronto Socorro,399881.1655366304,,
Patient_1097,CTI (PS),399881.1655366304,start,ctiBeds,0.0,,,,
Patient_1097,CTI (PS),401637.67622654245,complete,ctiBeds,0.0,,,,
Patient_1097,CTI prepara Encaminhamento,401637.67622654245,start,,0.0,,,,
Patient_1097,CTI prepara Encaminhamento,401697.10691606824,complete,,0.0,,,,
Patient_1097,Encaminha_Obito,401697.10691606824,complete,,,Obito,401697.10691606824,,
Patient_1097,Discharge,401697.10691606824,complete,,,,,,1815.9413794378634
Patient_1098,Arrival,401579.1454840255,complete,,0.0,,,,
Patient_1098,Origem_da Clinica Medica,401579.1454840255,complete,,,da Clinica Medica,401579.1454840255,,
Patient_1098,CTI (CLIM),401579.1454840255,start,ctiBeds,0.0,,,,
Patient_1098,CTI (CLIM),402555.13149875595,complete,ctiBeds,0.0,,,,
Patient_1098,CTI prepara Encaminhamento,402555.13149875595,start,,0.0,,,,
Patient_1098,CTI prepara Encaminhamento,402609.62859086925,complete,,0.0,,,,
Patient_1098,Encaminha_para a Clinica Cirurgica,402609.62859086925,complete,,,para a Clinica Cirurgica,402609.62859086925,,
Patient_1098,Discharge,402609.62859086925,complete,,,,,,1030.483106843778
Patient_1099,Arrival,402043.39728571265,complete,,0.0,,,,
Patient_1099,Origem_do Centro Cirurgico,402043.39728571265,complete,,,do Centro Cirurgico,402043.39728571265,,
Patient_1099,CTI (CC),402043.39728571265,start,ctiBeds,0.0,,,,
Patient_1099,CTI (CC),403084.6444835264,complete,ctiBeds,0.0,,,,
Patient_1099,CTI prepara Encaminhamento,403084.6444835264,start,,0.0,,,,
Patient_1099,CTI prepara Encaminhamento,403134.9063482694,complete,,0.0,,,,
Patient_1099,Encaminha_Obito,403134.9063482694,complete,,,Obito,403134.9063482694,,
Patient_1099,Discharge,403134.9063482694,complete,,,,,,1091.5090625567245
Patient_11,Arrival,3747.6137449440444,complete,,0.0,,,,
Patient_11,Origem_do Pronto Socorro,3747.6137449440444,complete,,,do Pronto Socorro,3747.6137449440444,,
Patient_11,CTI (PS),3747.6137449440444,start,ctiBeds,0.0,,,,
Patient_11,CTI (PS),6954.142244145454,complete,ctiBeds,0.0,,,,
Patient_11,CTI prepara Encaminhamento,6954.142244145454,start,,0.0,,,,
Patient_11,CTI prepara Encaminhamento,7011.831219249954,complete,,0.0,,,,
Patient_11,Encaminha_para a Clinica Medica,7011.831219249954,complete,,,para a Clinica Medica,7011.831219249954,,
Patient_11,Discharge,7011.831219249954,complete,,,,,,3264.21747430591
Patient_110,Arrival,32960.56831374537,complete,,0.0,,,,
Patient_110,Origem_do Pronto Socorro,32960.56831374537,complete,,,do Pronto Socorro,32960.56831374537,,
Patient_110,CTI (PS),32960.56831374537,start,ctiBeds,0.0,,,,
Patient_110,CTI (PS),68231.3924835596,complete,ctiBeds,0.0,,,,
Patient_110,CTI prepara Encaminhamento,68231.3924835596,start,,0.0,,,,
Patient_110,CTI prepara Encaminhamento,68278.25689699648,complete,,0.0,,,,
Patient_110,Encaminha_Obito,68278.25689699648,complete,,,Obito,68278.25689699648,,
Patient_110,Discharge,68278.25689699648,complete,,,,,,35317.68858325111
Patient_1100,Arrival,402291.03243657574,complete,,0.0,,,,
Patient_1100,Origem_do Centro Cirurgico,402291.03243657574,complete,,,do Centro Cirurgico,402291.03243657574,,
Patient_1100,CTI (CC),402291.03243657574,start,ctiBeds,0.0,,,,
Patient_1100,CTI (CC),403232.3197326829,complete,ctiBeds,0.0,,,,
Patient_1100,CTI prepara Encaminhamento,403232.3197326829,start,,0.0,,,,
Patient_1100,CTI prepara Encaminhamento,403273.49729104235,complete,,0.0,,,,
Patient_1100,Encaminha_Transferencia Externa,403273.49729104235,complete,,,Transferencia Externa,403273.49729104235,,
Patient_1100,Discharge,403273.49729104235,complete,,,,,,982.4648544666125
Patient_1101,Arrival,402437.03897721245,complete,,0.0,,,,
Patient_1101,Origem_do Centro Cirurgico,402437.03897721245,complete,,,do Centro Cirurgico,402437.03897721245,,
Patient_1101,CTI (CC),402437.03897721245,start,ctiBeds,0.0,,,,
Patient_1101,CTI (CC),404987.06351661455,complete,ctiBeds,0.0,,,,
Patient_1101,CTI prepara Encaminhamento,404987.06351661455,start,,0.0,,,,
Patient_1101,CTI prepara Encaminhamento,405035.34737763996,complete,,0.0,,,,
Patient_1101,Encaminha_para a Clinica Medica,405035.34737763996,complete,,,para a Clinica Medica,405035.34737763996,,
Patient_1101,Discharge,405035.34737763996,complete,,,,,,2598.308400427515
Patient_1102,Arrival,402556.7844532185,complete,,0.0,,,,
Patient_1102,Origem_do Pronto Socorro,402556.7844532185,complete,,,do Pronto Socorro,402556.7844532185,,
Patient_1102,CTI (PS),402556.7844532185,start,ctiBeds,0.0,,,,
Patient_1102,CTI (PS),402938.40722952725,complete,ctiBeds,0.0,,,,
Patient_1102,CTI prepara Encaminhamento,402938.40722952725,start,,0.0,,,,
Patient_1102,CTI prepara Encaminhamento,402977.87297340715,complete,,0.0,,,,
Patient_1102,Encaminha_para a Clinica Cirurgica,402977.87297340715,complete,,,para a Clinica Cirurgica,402977.87297340715,,
Patient_1102,Discharge,402977.87297340715,complete,,,,,,421.08852018864127
Patient_1103,Arrival,402557.83078677295,complete,,0.0,,,,
Patient_1103,Origem_da Clinica Medica,402557.83078677295,complete,,,da Clinica Medica,402557.83078677295,,
Patient_1103,CTI (CLIM),402557.83078677295,start,ctiBeds,0.0,,,,
Patient_1103,CTI (CLIM),435992.03377779026,complete,ctiBeds,0.0,,,,
Patient_1103,CTI prepara Encaminhamento,435992.03377779026,start,,0.0,,,,
Patient_1103,CTI prepara Encaminhamento,436033.42066840484,complete,,0.0,,,,
Patient_1103,Encaminha_para a Clinica Medica,436033.42066840484,complete,,,para a Clinica Medica,436033.42066840484,,
Patient_1103,Discharge,436033.42066840484,complete,,,,,,33475.589881631895
Patient_1104,Arrival,402874.6298398392,complete,,0.0,,,,
Patient_1104,Origem_do Pronto Socorro,402874.6298398392,complete,,,do Pronto Socorro,402874.6298398392,,
Patient_1104,CTI (PS),402874.6298398392,start,ctiBeds,0.0,,,,
Patient_1104,CTI (PS),403686.8746083893,complete,ctiBeds,0.0,,,,
Patient_1104,CTI prepara Encaminhamento,403686.8746083893,start,,0.0,,,,
Patient_1104,CTI prepara Encaminhamento,403739.1114750471,complete,,0.0,,,,
Patient_1104,Encaminha_para a Clinica Cirurgica,403739.1114750471,complete,,,para a Clinica Cirurgica,403739.1114750471,,
Patient_1104,Discharge,403739.1114750471,complete,,,,,,864.4816352078924
Patient_1105,Arrival,403261.2024226661,complete,,0.0,,,,
Patient_1105,Origem_do Centro Cirurgico,403261.2024226661,complete,,,do Centro Cirurgico,403261.2024226661,,
Patient_1105,CTI (CC),403261.2024226661,start,ctiBeds,0.0,,,,
Patient_1105,CTI (CC),411545.2691740939,complete,ctiBeds,0.0,,,,
Patient_1105,CTI prepara Encaminhamento,411545.2691740939,start,,0.0,,,,
Patient_1105,CTI prepara Encaminhamento,411592.31411893864,complete,,0.0,,,,
Patient_1105,Encaminha_Obito,411592.31411893864,complete,,,Obito,411592.31411893864,,
Patient_1105,Discharge,411592.31411893864,complete,,,,,,8331.111696272565
Patient_1106,Arrival,403635.56985104876,complete,,0.0,,,,
Patient_1106,Origem_do Centro Cirurgico,403635.56985104876,complete,,,do Centro Cirurgico,403635.56985104876,,
Patient_1106,CTI (CC),403635.56985104876,start,ctiBeds,0.0,,,,
Patient_1106,CTI (CC),408577.8236515624,complete,ctiBeds,0.0,,,,
Patient_1106,CTI prepara Encaminhamento,408577.8236515624,start,,0.0,,,,
Patient_1106,CTI prepara Encaminhamento,408637.4474409501,complete,,0.0,,,,
Patient_1106,Encaminha_para a Clinica Medica,408637.4474409501,complete,,,para a Clinica Medica,408637.4474409501,,
Patient_1106,Discharge,408637.4474409501,complete,,,,,,5001.877589901327
Patient_1107,Arrival,404359.48763807176,complete,,0.0,,,,
Patient_1107,Origem_do Centro Cirurgico,404359.48763807176,complete,,,do Centro Cirurgico,404359.48763807176,,
Patient_1107,CTI (CC),404359.48763807176,start,ctiBeds,0.0,,,,
Patient_1107,CTI (CC),414505.41354592505,complete,ctiBeds,0.0,,,,
Patient_1107,CTI prepara Encaminhamento,414505.41354592505,start,,0.0,,,,
Patient_1107,CTI prepara Encaminhamento,414553.87458973064,complete,,0.0,,,,
Patient_1107,Encaminha_para a Clinica Medica,414553.87458973064,complete,,,para a Clinica Medica,414553.87458973064,,
Patient_1107,Discharge,414553.87458973064,complete,,,,,,10194.386951658875
Patient_1108,Arrival,404688.4986115233,complete,,0.0,,,,
Patient_1108,Origem_do Pronto Socorro,404688.4986115233,complete,,,do Pronto Socorro,404688.4986115233,,
Patient_1108,CTI (PS),404688.4986115233,start,ctiBeds,0.0,,,,
Patient_1108,CTI (PS),415430.9800177756,complete,ctiBeds,0.0,,,,
Patient_1108,CTI prepara Encaminhamento,415430.9800177756,start,,0.0,,,,
Patient_1108,CTI prepara Encaminhamento,415474.81847666594,complete,,0.0,,,,
Patient_1108,Encaminha_para a Clinica Cirurgica,415474.81847666594,complete,,,para a Clinica Cirurgica,415474.81847666594,,
Patient_1108,Discharge,415474.81847666594,complete,,,,,,10786.319865142636
Patient_1109,Arrival,405788.81493741425,complete,,0.0,,,,
Patient_1109,Origem_do Pronto Socorro,405788.81493741425,complete,,,do Pronto Socorro,405788.81493741425,,
Patient_1109,CTI (PS),405788.81493741425,start,ctiBeds,0.0,,,,
Patient_1109,CTI (PS),416522.24527699035,complete,ctiBeds,0.0,,,,
Patient_1109,CTI prepara Encaminhamento,416522.24527699035,start,,0.0,,,,
Patient_1109,CTI prepara Encaminhamento,416563.46134156035,complete,,0.0,,,,
Patient_1109,Encaminha_para a Clinica Cirurgica,416563.46134156035,complete,,,para a Clinica Cirurgica,416563.46134156035,,
Patient_1109,Discharge,416563.46134156035,complete,,,,,,10774.6464041461
Patient_111,Arrival,33360.63068044631,complete,,0.0,,,,
Patient_111,Origem_do Pronto Socorro,33360.63068044631,complete,,,do Pronto Socorro,33360.63068044631,,
Patient_111,CTI (PS),33360.63068044631,start,ctiBeds,0.0,,,,
Patient_111,CTI (PS),35681.88894959942,complete,ctiBeds,0.0,,,,
Patient_111,CTI prepara Encaminhamento,35681.88894959942,start,,0.0,,,,
Patient_111,CTI prepara Encaminhamento,35728.036197252695,complete,,0.0,,,,
Patient_111,Encaminha_Transferencia Externa,35728.036197252695,complete,,,Transferencia Externa,35728.036197252695,,
Patient_111,Discharge,35728.036197252695,complete,,,,,,2367.405516806386
Patient_1110,Arrival,406298.80162670556,complete,,0.0,,,,
Patient_1110,Origem_do Pronto Socorro,406298.80162670556,complete,,,do Pronto Socorro,406298.80162670556,,
Patient_1110,CTI (PS),406298.80162670556,start,ctiBeds,0.0,,,,
Patient_1110,CTI (PS),419270.516623868,complete,ctiBeds,0.0,,,,
Patient_1110,CTI prepara Encaminhamento,419270.516623868,start,,0.0,,,,
Patient_1110,CTI prepara Encaminhamento,419308.50185521255,complete,,0.0,,,,
Patient_1110,Encaminha_para a Clinica Cirurgica,419308.50185521255,complete,,,para a Clinica Cirurgica,419308.50185521255,,
Patient_1110,Discharge,419308.50185521255,complete,,,,,,13009.70022850699
Patient_1111,Arrival,406370.9632311602,complete,,0.0,,,,
Patient_1111,Origem_do Centro Cirurgico,406370.9632311602,complete,,,do Centro Cirurgico,406370.9632311602,,
Patient_1111,CTI (CC),406370.9632311602,start,ctiBeds,0.0,,,,
Patient_1111,CTI (CC),411893.59996607515,complete,ctiBeds,0.0,,,,
Patient_1111,CTI prepara Encaminhamento,411893.59996607515,start,,0.0,,,,
Patient_1111,CTI prepara Encaminhamento,411945.75730300235,complete,,0.0,,,,
Patient_1111,Encaminha_para a Clinica Medica,411945.75730300235,complete,,,para a Clinica Medica,411945.75730300235,,
Patient_1111,Discharge,411945.75730300235,complete,,,,,,5574.79407184216
Patient_1112,Arrival,407005.9841275896,complete,,0.0,,,,
Patient_1112,Origem_do Pronto Socorro,407005.9841275896,complete,,,do Pronto Socorro,407005.9841275896,,
Patient_1112,CTI (PS),407005.9841275896,start,ctiBeds,0.0,,,,
Patient_1112,CTI (PS),419867.43504402996,complete,ctiBeds,0.0,,,,
Patient_1112,CTI prepara Encaminhamento,419867.43504402996,start,,0.0,,,,
Patient_1112,CTI prepara Encaminhamento,419926.58835271467,complete,,0.0,,,,
Patient_1112,Encaminha_para a Clinica Cirurgica,419926.58835271467,complete,,,para a Clinica Cirurgica,419926.58835271467,,
Patient_1112,Discharge,419926.58835271467,complete,,,,,,12920.604225125047
Patient_1113,Arrival,407861.4861608695,complete,,0.0,,,,
Patient_1113,Origem_do Centro Cirurgico,407861.4861608695,complete,,,do Centro Cirurgico,407861.4861608695,,
Patient_1113,CTI (CC),407861.4861608695,start,ctiBeds,0.0,,,,
Patient_1113,CTI (CC),409535.00760997017,complete,ctiBeds,0.0,,,,
Patient_1113,CTI prepara Encaminhamento,409535.00760997017,start,,0.0,,,,
Patient_1113,CTI prepara Encaminhamento,409577.7616329371,complete,,0.0,,,,
Patient_1113,Encaminha_Obito,409577.7616329371,complete,,,Obito,409577.7616329371,,
Patient_1113,Discharge,409577.7616329371,complete,,,,,,1716.2754720676458
Patient_1114,Arrival,408129.78351164365,complete,,0.0,,,,
Patient_1114,Origem_do Pronto Socorro,408129.78351164365,complete,,,do Pronto Socorro,408129.78351164365,,
Patient_1114,CTI (PS),408129.78351164365,start,ctiBeds,0.0,,,,
Patient_1114,CTI (PS),430922.64894383657,complete,ctiBeds,0.0,,,,
Patient_1114,CTI prepara Encaminhamento,430922.64894383657,start,,0.0,,,,
Patient_1114,CTI prepara Encaminhamento,430954.57019656163,complete,,0.0,,,,
Patient_1114,Encaminha_para a Clinica Cirurgica,430954.57019656163,complete,,,para a Clinica Cirurgica,430954.57019656163,,
Patient_1114,Discharge,430954.57019656163,complete,,,,,,22824.786684917985
Patient_1115,Arrival,408467.93875047436,complete,,0.0,,,,
Patient_1115,Origem_da Clinica Cirurgica,408467.93875047436,complete,,,da Clinica Cirurgica,408467.93875047436,,
Patient_1115,CTI (CLIC),408467.93875047436,start,ctiBeds,0.0,,,,
Patient_1115,CTI (CLIC),410205.71650695894,complete,ctiBeds,0.0,,,,
Patient_1115,CTI prepara Encaminhamento,410205.71650695894,start,,0.0,,,,
Patient_1115,CTI prepara Encaminhamento,410243.0982040532,complete,,0.0,,,,
Patient_1115,Encaminha_para a Clinica Cirurgica,410243.0982040532,complete,,,para a Clinica Cirurgica,410243.0982040532,,
Patient_1115,Discharge,410243.0982040532,complete,,,,,,1775.1594535788172
Patient_1116,Arrival,408592.29093331494,complete,,0.0,,,,
Patient_1116,Origem_do Centro Cirurgico,408592.29093331494,complete,,,do Centro Cirurgico,408592.29093331494,,
Patient_1116,CTI (CC),408592.29093331494,start,ctiBeds,0.0,,,,
Patient_1116,CTI (CC),412631.78315660264,complete,ctiBeds,0.0,,,,
Patient_1116,CTI prepara Encaminhamento,412631.78315660264,start,,0.0,,,,
Patient_1116,CTI prepara Encaminhamento,412681.4613087361,complete,,0.0,,,,
Patient_1116,Encaminha_Transferencia Externa,412681.4613087361,complete,,,Transferencia Externa,412681.4613087361,,
Patient_1116,Discharge,412681.4613087361,complete,,,,,,4089.1703754211776
Patient_1117,Arrival,409010.7206132066,complete,,0.0,,,,
Patient_1117,Origem_do Pronto Socorro,409010.7206132066,complete,,,do Pronto Socorro,409010.7206132066,,
Patient_1117,CTI (PS),409010.7206132066,start,ctiBeds,0.0,,,,
Patient_1117,CTI (PS),429258.29263761546,complete,ctiBeds,0.0,,,,
Patient_1117,CTI prepara Encaminhamento,429258.29263761546,start,,0.0,,,,
Patient_1117,CTI prepara Encaminhamento,429289.5661622667,complete,,0.0,,,,
Patient_1117,Encaminha_para a Clinica Medica,429289.5661622667,complete,,,para a Clinica Medica,429289.5661622667,,
Patient_1117,Discharge,429289.5661622667,complete,,,,,,20278.84554906009
Patient_1118,Arrival,409159.4017975021,complete,,0.0,,,,
Patient_1118,Origem_da Clinica Cirurgica,409159.4017975021,complete,,,da Clinica Cirurgica,409159.4017975021,,
Patient_1118,CTI (CLIC),409159.4017975021,start,ctiBeds,0.0,,,,
Patient_1118,CTI (CLIC),449439.2658912153,complete,ctiBeds,0.0,,,,
Patient_1118,CTI prepara Encaminhamento,449439.2658912153,start,,0.0,,,,
Patient_1118,CTI prepara Encaminhamento,449472.77856692224,complete,,0.0,,,,
Patient_1118,Encaminha_para a Maternidade,449472.77856692224,complete,,,para a Maternidade,449472.77856692224,,
Patient_1118,Discharge,449472.77856692224,complete,,,,,,40313.37676942011
Patient_1119,Arrival,409925.6144333577,complete,,0.0,,,,
Patient_1119,Origem_do Centro Cirurgico,409925.6144333577,complete,,,do Centro Cirurgico,409925.6144333577,,
Patient_1119,CTI (CC),409925.6144333577,start,ctiBeds,0.0,,,,
Patient_1119,CTI (CC),422497.2114115642,complete,ctiBeds,0.0,,,,
Patient_1119,CTI prepara Encaminhamento,422497.2114115642,start,,0.0,,,,
Patient_1119,CTI prepara Encaminhamento,422535.26712409523,complete,,0.0,,,,
Patient_1119,Encaminha_para a Clinica Medica,422535.26712409523,complete,,,para a Clinica Medica,422535.26712409523,,
Patient_1119,Discharge,422535.26712409523,complete,,,,,,12609.652690737508
Patient_112,Arrival,33578.8273554166,complete,,0.0,,,,
Patient_112,Origem_da Clinica Medica,33578.8273554166,complete,,,da Clinica Medica,33578.8273554166,,
Patient_112,CTI (CLIM),33578.8273554166,start,ctiBeds,0.0,,,,
Patient_112,CTI (CLIM),83807.32178222264,complete,ctiBeds,0.0,,,,
Patient_112,CTI prepara Encaminhamento,83807.32178222264,start,,0.0,,,,
Patient_112,CTI prepara Encaminhamento,83864.26679809438,complete,,0.0,,,,
Patient_112,Encaminha_para a Clinica Cirurgica,83864.26679809438,complete,,,para a Clinica Cirurgica,83864.26679809438,,
Patient_112,Discharge,83864.26679809438,complete,,,,,,50285.43944267778
Patient_1120,Arrival,410385.0140025398,complete,,0.0,,,,
Patient_1120,Origem_do Pronto Socorro,410385.0140025398,complete,,,do Pronto Socorro,410385.0140025398,,
Patient_1120,CTI (PS),410385.0140025398,start,ctiBeds,0.0,,,,
Patient_1120,CTI (PS),413172.03999084444,complete,ctiBeds,0.0,,,,
Patient_1120,CTI prepara Encaminhamento,413172.03999084444,start,,0.0,,,,
Patient_1120,CTI prepara Encaminhamento,413221.2283252284,complete,,0.0,,,,
Patient_1120,Encaminha_Obito,413221.2283252284,complete,,,Obito,413221.2283252284,,
Patient_1120,Discharge,413221.2283252284,complete,,,,,,2836.214322688582
Patient_1121,Arrival,410776.9342284769,complete,,0.0,,,,
Patient_1121,Origem_da Clinica Cirurgica,410776.9342284769,complete,,,da Clinica Cirurgica,410776.9342284769,,
Patient_1121,CTI (CLIC),410776.9342284769,start,ctiBeds,0.0,,,,
Patient_1121,CTI (CLIC),438559.09034724126,complete,ctiBeds,0.0,,,,
Patient_1121,CTI prepara Encaminhamento,438559.09034724126,start,,0.0,,,,
Patient_1121,CTI prepara Encaminhamento,438618.0991441642,complete,,0.0,,,,
Patient_1121,Encaminha_Obito,438618.0991441642,complete,,,Obito,438618.0991441642,,
Patient_1121,Discharge,438618.0991441642,complete,,,,,,27841.164915687288
Patient_1122,Arrival,410995.7593614497,complete,,0.0,,,,
Patient_1122,Origem_do Centro Cirurgico,410995.7593614497,complete,,,do Centro Cirurgico,410995.7593614497,,
Patient_1122,CTI (CC),410995.7593614497,start,ctiBeds,0.0,,,,
Patient_1122,CTI (CC),413043.0539523141,complete,ctiBeds,0.0,,,,
Patient_1122,CTI prepara Encaminhamento,413043.0539523141,start,,0.0,,,,
Patient_1122,CTI prepara Encaminhamento,413083.1156095835,complete,,0.0,,,,
Patient_1122,Encaminha_para a Clinica Medica,413083.1156095835,complete,,,para a Clinica Medica,413083.1156095835,,
Patient_1122,Discharge,413083.1156095835,complete,,,,,,2087.356248133816
Patient_1123,Arrival,411536.7980457519,complete,,0.0,,,,
Patient_1123,Origem_do Centro Cirurgico,411536.7980457519,complete,,,do Centro Cirurgico,411536.7980457519,,
Patient_1123,CTI (CC),411536.7980457519,start,ctiBeds,0.0,,,,
Patient_1123,CTI (CC),416704.4839656514,complete,ctiBeds,0.0,,,,
Patient_1123,CTI prepara Encaminhamento,416704.4839656514,start,,0.0,,,,
Patient_1123,CTI prepara Encaminhamento,416760.3338848955,complete,,0.0,,,,
Patient_1123,Encaminha_Obito,416760.3338848955,complete,,,Obito,416760.3338848955,,
Patient_1123,Discharge,416760.3338848955,complete,,,,,,5223.535839143617
Patient_1124,Arrival,411848.7174134161,complete,,0.0,,,,
Patient_1124,Origem_do Pronto Socorro,411848.7174134161,complete,,,do Pronto Socorro,411848.7174134161,,
Patient_1124,CTI (PS),411848.7174134161,start,ctiBeds,0.0,,,,
Patient_1124,CTI (PS),417571.08596798097,complete,ctiBeds,0.0,,,,
Patient_1124,CTI prepara Encaminhamento,417571.08596798097,start,,0.0,,,,
Patient_1124,CTI prepara Encaminhamento,417617.63482304005,complete,,0.0,,,,
Patient_1124,Encaminha_para a Clinica Medica,417617.63482304005,complete,,,para a Clinica Medica,417617.63482304005,,
Patient_1124,Discharge,417617.63482304005,complete,,,,,,5768.917409623973
Patient_1125,Arrival,412052.5227506316,complete,,0.0,,,,
Patient_1125,Origem_do Pronto Socorro,412052.5227506316,complete,,,do Pronto Socorro,412052.5227506316,,
Patient_1125,CTI (PS),412052.5227506316,start,ctiBeds,0.0,,,,
Patient_1125,CTI (PS),422284.10744667647,complete,ctiBeds,0.0,,,,
Patient_1125,CTI prepara Encaminhamento,422284.10744667647,start,,0.0,,,,
Patient_1125,CTI prepara Encaminhamento,422332.2017979628,complete,,0.0,,,,
Patient_1125,Encaminha_para a Clinica Medica,422332.2017979628,complete,,,para a Clinica Medica,422332.2017979628,,
Patient_1125,Discharge,422332.2017979628,complete,,,,,,10279.679047331214
Patient_1126,Arrival,412923.56786423124,complete,,0.0,,,,
Patient_1126,Origem_do Pronto Socorro,412923.56786423124,complete,,,do Pronto Socorro,412923.56786423124,,
Patient_1126,CTI (PS),412923.56786423124,start,ctiBeds,0.0,,,,
Patient_1126,CTI (PS),419030.8151265569,complete,ctiBeds,0.0,,,,
Patient_1126,CTI prepara Encaminhamento,419030.8151265569,start,,0.0,,,,
Patient_1126,CTI prepara Encaminhamento,419064.2056076068,complete,,0.0,,,,
Patient_1126,Encaminha_para a Clinica Medica,419064.2056076068,complete,,,para a Clinica Medica,419064.2056076068,,
Patient_1126,Discharge,419064.2056076068,complete,,,,,,6140.637743375555
Patient_1127,Arrival,413090.0250711476,complete,,0.0,,,,
Patient_1127,Origem_da Clinica Medica,413090.0250711476,complete,,,da Clinica Medica,413090.0250711476,,
Patient_1127,CTI (CLIM),413090.0250711476,start,ctiBeds,0.0,,,,
Patient_1127,CTI (CLIM),432942.18001189356,complete,ctiBeds,0.0,,,,
Patient_1127,CTI prepara Encaminhamento,432942.18001189356,start,,0.0,,,,
Patient_1127,CTI prepara Encaminhamento,432975.61567419086,complete,,0.0,,,,
Patient_1127,Encaminha_Obito,432975.61567419086,complete,,,Obito,432975.61567419086,,
Patient_1127,Discharge,432975.61567419086,complete,,,,,,19885.590603043267
Patient_1128,Arrival,413605.1669360929,complete,,0.0,,,,
Patient_1128,Origem_do Centro Cirurgico,413605.1669360929,complete,,,do Centro Cirurgico,413605.1669360929,,
Patient_1128,CTI (CC),413605.1669360929,start,ctiBeds,0.0,,,,
Patient_1128,CTI (CC),455928.1090042315,complete,ctiBeds,0.0,,,,
Patient_1128,CTI prepara Encaminhamento,455928.1090042315,start,,0.0,,,,
Patient_1128,CTI prepara Encaminhamento,455978.5361598785,complete,,0.0,,,,
Patient_1128,Encaminha_para a Clinica Cirurgica,455978.5361598785,complete,,,para a Clinica Cirurgica,455978.5361598785,,
Patient_1128,Discharge,455978.5361598785,complete,,,,,,42373.36922378559
Patient_1129,Arrival,413852.2526653715,complete,,0.0,,,,
Patient_1129,Origem_do Pronto Socorro,413852.2526653715,complete,,,do Pronto Socorro,413852.2526653715,,
Patient_1129,CTI (PS),413852.2526653715,start,ctiBeds,0.0,,,,
Patient_1129,CTI (PS),425635.6396508423,complete,ctiBeds,0.0,,,,
Patient_1129,CTI prepara Encaminhamento,425635.6396508423,start,,0.0,,,,
Patient_1129,CTI prepara Encaminhamento,425673.58630468894,complete,,0.0,,,,
Patient_1129,Encaminha_para a Maternidade,425673.58630468894,complete,,,para a Maternidade,425673.58630468894,,
Patient_1129,Discharge,425673.58630468894,complete,,,,,,11821.333639317425
Patient_113,Arrival,33647.09694650816,complete,,0.0,,,,
Patient_113,Origem_da Clinica Cirurgica,33647.09694650816,complete,,,da Clinica Cirurgica,33647.09694650816,,
Patient_113,CTI (CLIC),33647.09694650816,start,ctiBeds,0.0,,,,
Patient_113,CTI (CLIC),33651.21537015292,complete,ctiBeds,0.0,,,,
Patient_113,CTI prepara Encaminhamento,33651.21537015292,start,,0.0,,,,
Patient_113,CTI prepara Encaminhamento,33702.23887612563,complete,,0.0,,,,
Patient_113,Encaminha_Obito,33702.23887612563,complete,,,Obito,33702.23887612563,,
Patient_113,Discharge,33702.23887612563,complete,,,,,,55.14192961747176
Patient_1130,Arrival,413965.7033014395,complete,,0.0,,,,
Patient_1130,Origem_do Pronto Socorro,413965.7033014395,complete,,,do Pronto Socorro,413965.7033014395,,
Patient_1130,CTI (PS),413965.7033014395,start,ctiBeds,0.0,,,,
Patient_1130,CTI (PS),439740.9693473085,complete,ctiBeds,0.0,,,,
Patient_1130,CTI prepara Encaminhamento,439740.9693473085,start,,0.0,,,,
Patient_1130,CTI prepara Encaminhamento,439778.4864708171,complete,,0.0,,,,
Patient_1130,Encaminha_para a Clinica Cirurgica,439778.4864708171,complete,,,para a Clinica Cirurgica,439778.4864708171,,
Patient_1130,Discharge,439778.4864708171,complete,,,,,,25812.783169377595
Patient_1131,Arrival,414077.61306931486,complete,,0.0,,,,
Patient_1131,Origem_do Pronto Socorro,414077.61306931486,complete,,,do Pronto Socorro,414077.61306931486,,
Patient_1131,CTI (PS),414077.61306931486,start,ctiBeds,0.0,,,,
Patient_1131,CTI (PS),420002.956417827,complete,ctiBeds,0.0,,,,
Patient_1131,CTI prepara Encaminhamento,420002.956417827,start,,0.0,,,,
Patient_1131,CTI prepara Encaminhamento,420049.4497392603,complete,,0.0,,,,
Patient_1131,Encaminha_para a Clinica Cirurgica,420049.4497392603,complete,,,para a Clinica Cirurgica,420049.4497392603,,
Patient_1131,Discharge,420049.4497392603,complete,,,,,,5971.836669945449
Patient_1132,Arrival,414295.8910017264,complete,,0.0,,,,
Patient_1132,Origem_do Centro Cirurgico,414295.8910017264,complete,,,do Centro Cirurgico,414295.8910017264,,
Patient_1132,CTI (CC),414295.8910017264,start,ctiBeds,0.0,,,,
Patient_1132,CTI (CC),445944.7864044712,complete,ctiBeds,0.0,,,,
Patient_1132,CTI prepara Encaminhamento,445944.7864044712,start,,0.0,,,,
Patient_1132,CTI prepara Encaminhamento,445975.6804796911,complete,,0.0,,,,
Patient_1132,Encaminha_para a Clinica Medica,445975.6804796911,complete,,,para a Clinica Medica,445975.6804796911,,
Patient_1132,Discharge,445975.6804796911,complete,,,,,,31679.78947796469
Patient_1133,Arrival,414820.1761012271,complete,,0.0,,,,
Patient_1133,Origem_do Pronto Socorro,414820.1761012271,complete,,,do Pronto Socorro,414820.1761012271,,
Patient_1133,CTI (PS),414820.1761012271,start,ctiBeds,0.0,,,,
Patient_1133,CTI (PS),423836.0105351639,complete,ctiBeds,0.0,,,,
Patient_1133,CTI prepara Encaminhamento,423836.0105351639,start,,0.0,,,,
Patient_1133,CTI prepara Encaminhamento,423882.51847892953,complete,,0.0,,,,
Patient_1133,Encaminha_para a Clinica Cirurgica,423882.51847892953,complete,,,para a Clinica Cirurgica,423882.51847892953,,
Patient_1133,Discharge,423882.51847892953,complete,,,,,,9062.342377702415
Patient_1134,Arrival,415487.45832163125,complete,,0.0,,,,
Patient_1134,Origem_do Centro Cirurgico,415487.45832163125,complete,,,do Centro Cirurgico,415487.45832163125,,
Patient_1134,CTI (CC),415487.45832163125,start,ctiBeds,0.0,,,,
Patient_1134,CTI (CC),416830.711582346,complete,ctiBeds,0.0,,,,
Patient_1134,CTI prepara Encaminhamento,416830.711582346,start,,0.0,,,,
Patient_1134,CTI prepara Encaminhamento,416863.73993349925,complete,,0.0,,,,
Patient_1134,Encaminha_para a Clinica Medica,416863.73993349925,complete,,,para a Clinica Medica,416863.73993349925,,
Patient_1134,Discharge,416863.73993349925,complete,,,,,,1376.2816118680057
Patient_1135,Arrival,415873.3161491973,complete,,0.0,,,,
Patient_1135,Origem_do Pronto Socorro,415873.3161491973,complete,,,do Pronto Socorro,415873.3161491973,,
Patient_1135,CTI (PS),415873.3161491973,start,ctiBeds,0.0,,,,
Patient_1135,CTI (PS),423809.1472368194,complete,ctiBeds,0.0,,,,
Patient_1135,CTI prepara Encaminhamento,423809.1472368194,start,,0.0,,,,
Patient_1135,CTI prepara Encaminhamento,423849.8551991723,complete,,0.0,,,,
Patient_1135,Encaminha_para a Clinica Medica,423849.8551991723,complete,,,para a Clinica Medica,423849.8551991723,,
Patient_1135,Discharge,423849.8551991723,complete,,,,,,7976.539049974992
Patient_1136,Arrival,416419.8018273086,complete,,0.0,,,,
Patient_1136,Origem_do Centro Cirurgico,416419.8018273086,complete,,,do Centro Cirurgico,416419.8018273086,,
Patient_1136,CTI (CC),416419.8018273086,start,ctiBeds,0.0,,,,
Patient_1136,CTI (CC),428141.7406399167,complete,ctiBeds,0.0,,,,
Patient_1136,CTI prepara Encaminhamento,428141.7406399167,start,,0.0,,,,
Patient_1136,CTI prepara Encaminhamento,428198.553602315,complete,,0.0,,,,
Patient_1136,Encaminha_Obito,428198.553602315,complete,,,Obito,428198.553602315,,
Patient_1136,Discharge,428198.553602315,complete,,,,,,11778.751775006414
Patient_1137,Arrival,416745.36988889426,complete,,0.0,,,,
Patient_1137,Origem_do Pronto Socorro,416745.36988889426,complete,,,do Pronto Socorro,416745.36988889426,,
Patient_1137,CTI (PS),416745.36988889426,start,ctiBeds,0.0,,,,
Patient_1137,CTI (PS),420544.65261599526,complete,ctiBeds,0.0,,,,
Patient_1137,CTI prepara Encaminhamento,420544.65261599526,start,,0.0,,,,
Patient_1137,CTI prepara Encaminhamento,420574.85103641846,complete,,0.0,,,,
Patient_1137,Encaminha_para a Clinica Cirurgica,420574.85103641846,complete,,,para a Clinica Cirurgica,420574.85103641846,,
Patient_1137,Discharge,420574.85103641846,complete,,,,,,3829.4811475242022
Patient_1138,Arrival,417061.5910521924,complete,,0.0,,,,
Patient_1138,Origem_do Pronto Socorro,417061.5910521924,complete,,,do Pronto Socorro,417061.5910521924,,
Patient_1138,CTI (PS),417061.5910521924,start,ctiBeds,0.0,,,,
Patient_1138,CTI (PS),419542.5890193399,complete,ctiBeds,0.0,,,,
Patient_1138,CTI prepara Encaminhamento,419542.5890193399,start,,0.0,,,,
Patient_1138,CTI prepara Encaminhamento,419586.77320491266,complete,,0.0,,,,
Patient_1138,Encaminha_Transferencia Externa,419586.77320491266,complete,,,Transferencia Externa,419586.77320491266,,
Patient_1138,Discharge,419586.77320491266,complete,,,,,,2525.1821527202846
Patient_1139,Arrival,417347.56596194446,complete,,0.0,,,,
Patient_1139,Origem_do Centro Cirurgico,417347.56596194446,complete,,,do Centro Cirurgico,417347.56596194446,,
Patient_1139,CTI (CC),417347.56596194446,start,ctiBeds,0.0,,,,
Patient_1139,CTI (CC),419001.7442163151,complete,ctiBeds,0.0,,,,
Patient_1139,CTI prepara Encaminhamento,419001.7442163151,start,,0.0,,,,
Patient_1139,CTI prepara Encaminhamento,419042.1591475982,complete,,0.0,,,,
Patient_1139,Encaminha_Obito,419042.1591475982,complete,,,Obito,419042.1591475982,,
Patient_1139,Discharge,419042.1591475982,complete,,,,,,1694.5931856537354
Patient_114,Arrival,33820.753118966575,complete,,0.0,,,,
Patient_114,Origem_do Centro Cirurgico,33820.753118966575,complete,,,do Centro Cirurgico,33820.753118966575,,
Patient_114,CTI (CC),33820.753118966575,start,ctiBeds,0.0,,,,
Patient_114,CTI (CC),36248.98899186427,complete,ctiBeds,0.0,,,,
Patient_114,CTI prepara Encaminhamento,36248.98899186427,start,,0.0,,,,
Patient_114,CTI prepara Encaminhamento,36291.232961658294,complete,,0.0,,,,
Patient_114,Encaminha_para a Clinica Cirurgica,36291.232961658294,complete,,,para a Clinica Cirurgica,36291.232961658294,,
Patient_114,Discharge,36291.232961658294,complete,,,,,,2470.4798426917187
Patient_1140,Arrival,417464.24077136425,complete,,0.0,,,,
Patient_1140,Origem_do Pronto Socorro,417464.24077136425,complete,,,do Pronto Socorro,417464.24077136425,,
Patient_1140,CTI (PS),417464.24077136425,start,ctiBeds,0.0,,,,
Patient_1140,CTI (PS),419056.27463878714,complete,ctiBeds,0.0,,,,
Patient_1140,CTI prepara Encaminhamento,419056.27463878714,start,,0.0,,,,
Patient_1140,CTI prepara Encaminhamento,419089.9619416736,complete,,0.0,,,,
Patient_1140,Encaminha_para a Clinica Medica,419089.9619416736,complete,,,para a Clinica Medica,419089.9619416736,,
Patient_1140,Discharge,419089.9619416736,complete,,,,,,1625.721170309349
Patient_1141,Arrival,417547.4470902084,complete,,0.0,,,,
Patient_1141,Origem_do Centro Cirurgico,417547.4470902084,complete,,,do Centro Cirurgico,417547.4470902084,,
Patient_1141,CTI (CC),417547.4470902084,start,ctiBeds,0.0,,,,
Patient_1141,CTI (CC),420265.1412303743,complete,ctiBeds,0.0,,,,
Patient_1141,CTI prepara Encaminhamento,420265.1412303743,start,,0.0,,,,
Patient_1141,CTI prepara Encaminhamento,420304.21493898163,complete,,0.0,,,,
Patient_1141,Encaminha_Obito,420304.21493898163,complete,,,Obito,420304.21493898163,,
Patient_1141,Discharge,420304.21493898163,complete,,,,,,2756.767848773219
Patient_1142,Arrival,417794.1224376702,complete,,0.0,,,,
Patient_1142,Origem_do Pronto Socorro,417794.1224376702,complete,,,do Pronto Socorro,417794.1224376702,,
Patient_1142,CTI (PS),417794.1224376702,start,ctiBeds,0.0,,,,
Patient_1142,CTI (PS),430307.06631613354,complete,ctiBeds,0.0,,,,
Patient_1142,CTI prepara Encaminhamento,430307.06631613354,start,,0.0,,,,
Patient_1142,CTI prepara Encaminhamento,430350.4627578783,complete,,0.0,,,,
Patient_1142,Encaminha_para a Clinica Cirurgica,430350.4627578783,complete,,,para a Clinica Cirurgica,430350.4627578783,,
Patient_1142,Discharge,430350.4627578783,complete,,,,,,12556.34032020811
Patient_1143,Arrival,418308.4546367583,complete,,0.0,,,,
Patient_1143,Origem_do Pronto Socorro,418308.4546367583,complete,,,do Pronto Socorro,418308.4546367583,,
Patient_1143,CTI (PS),418308.4546367583,start,ctiBeds,0.0,,,,
Patient_1143,CTI (PS),418392.33033866016,complete,ctiBeds,0.0,,,,
Patient_1143,CTI prepara Encaminhamento,418392.33033866016,start,,0.0,,,,
Patient_1143,CTI prepara Encaminhamento,418436.6932130275,complete,,0.0,,,,
Patient_1143,Encaminha_Transferencia Externa,418436.6932130275,complete,,,Transferencia Externa,418436.6932130275,,
Patient_1143,Discharge,418436.6932130275,complete,,,,,,128.2385762691847
Patient_1144,Arrival,418722.9197952003,complete,,0.0,,,,
Patient_1144,Origem_do Centro Cirurgico,418722.9197952003,complete,,,do Centro Cirurgico,418722.9197952003,,
Patient_1144,CTI (CC),418722.9197952003,start,ctiBeds,0.0,,,,
Patient_1144,CTI (CC),428538.4998054152,complete,ctiBeds,0.0,,,,
Patient_1144,CTI prepara Encaminhamento,428538.4998054152,start,,0.0,,,,
Patient_1144,CTI prepara Encaminhamento,428594.10000454116,complete,,0.0,,,,
Patient_1144,Encaminha_para a Clinica Cirurgica,428594.10000454116,complete,,,para a Clinica Cirurgica,428594.10000454116,,
Patient_1144,Discharge,428594.10000454116,complete,,,,,,9871.180209340877
Patient_1145,Arrival,418969.39438368584,complete,,0.0,,,,
Patient_1145,Origem_do Pronto Socorro,418969.39438368584,complete,,,do Pronto Socorro,418969.39438368584,,
Patient_1145,CTI (PS),418969.39438368584,start,ctiBeds,0.0,,,,
Patient_1145,CTI (PS),474361.66104778636,complete,ctiBeds,0.0,,,,
Patient_1145,CTI prepara Encaminhamento,474361.66104778636,start,,0.0,,,,
Patient_1145,CTI prepara Encaminhamento,474409.69147333986,complete,,0.0,,,,
Patient_1145,Encaminha_Obito,474409.69147333986,complete,,,Obito,474409.69147333986,,
Patient_1145,Discharge,474409.69147333986,complete,,,,,,55440.29708965402
Patient_1146,Arrival,419104.7323837494,complete,,0.0,,,,
Patient_1146,Origem_do Pronto Socorro,419104.7323837494,complete,,,do Pronto Socorro,419104.7323837494,,
Patient_1146,CTI (PS),419104.7323837494,start,ctiBeds,0.0,,,,
Patient_1146,CTI (PS),448137.2620488365,complete,ctiBeds,0.0,,,,
Patient_1146,CTI prepara Encaminhamento,448137.2620488365,start,,0.0,,,,
Patient_1146,CTI prepara Encaminhamento,448196.1987185197,complete,,0.0,,,,
Patient_1146,Encaminha_para a Clinica Cirurgica,448196.1987185197,complete,,,para a Clinica Cirurgica,448196.1987185197,,
Patient_1146,Discharge,448196.1987185197,complete,,,,,,29091.466334770317
Patient_1147,Arrival,419159.701983866,complete,,0.0,,,,
Patient_1147,Origem_do Pronto Socorro,419159.701983866,complete,,,do Pronto Socorro,419159.701983866,,
Patient_1147,CTI (PS),419159.701983866,start,ctiBeds,0.0,,,,
Patient_1147,CTI (PS),425237.83243429824,complete,ctiBeds,0.0,,,,
Patient_1147,CTI prepara Encaminhamento,425237.83243429824,start,,0.0,,,,
Patient_1147,CTI prepara Encaminhamento,425291.4253766335,complete,,0.0,,,,
Patient_1147,Encaminha_para a Clinica Medica,425291.4253766335,complete,,,para a Clinica Medica,425291.4253766335,,
Patient_1147,Discharge,425291.4253766335,complete,,,,,,6131.723392767482
Patient_1148,Arrival,419375.93648799654,complete,,0.0,,,,
Patient_1148,Origem_do Pronto Socorro,419375.93648799654,complete,,,do Pronto Socorro,419375.93648799654,,
Patient_1148,CTI (PS),419375.93648799654,start,ctiBeds,0.0,,,,
Patient_1148,CTI (PS),419389.69349982875,complete,ctiBeds,0.0,,,,
Patient_1148,CTI prepara Encaminhamento,419389.69349982875,start,,0.0,,,,
Patient_1148,CTI prepara Encaminhamento,419428.1268392055,complete,,0.0,,,,
Patient_1148,Encaminha_para a Clinica Cirurgica,419428.1268392055,complete,,,para a Clinica Cirurgica,419428.1268392055,,
Patient_1148,Discharge,419428.1268392055,complete,,,,,,52.190351208962966
Patient_1149,Arrival,420303.44308294286,complete,,0.0,,,,
Patient_1149,Origem_do Pronto Socorro,420303.44308294286,complete,,,do Pronto Socorro,420303.44308294286,,
Patient_1149,CTI (PS),420303.44308294286,start,ctiBeds,0.0,,,,
Patient_1149,CTI (PS),422609.6501982056,complete,ctiBeds,0.0,,,,
Patient_1149,CTI prepara Encaminhamento,422609.6501982056,start,,0.0,,,,
Patient_1149,CTI prepara Encaminhamento,422659.3477141841,complete,,0.0,,,,
Patient_1149,Encaminha_para a Clinica Cirurgica,422659.3477141841,complete,,,para a Clinica Cirurgica,422659.3477141841,,
Patient_1149,Discharge,422659.3477141841,complete,,,,,,2355.9046312412247
Patient_115,Arrival,34040.58082434614,complete,,0.0,,,,
Patient_115,Origem_do Centro Cirurgico,34040.58082434614,complete,,,do Centro Cirurgico,34040.58082434614,,
Patient_115,CTI (CC),34040.58082434614,start,ctiBeds,0.0,,,,
Patient_115,CTI (CC),36277.69737159044,complete,ctiBeds,0.0,,,,
Patient_115,CTI prepara Encaminhamento,36277.69737159044,start,,0.0,,,,
Patient_115,CTI prepara Encaminhamento,36321.71337973763,complete,,0.0,,,,
Patient_115,Encaminha_para a Clinica Medica,36321.71337973763,complete,,,para a Clinica Medica,36321.71337973763,,
Patient_115,Discharge,36321.71337973763,complete,,,,,,2281.1325553914867
Patient_1150,Arrival,420357.7706347115,complete,,0.0,,,,
Patient_1150,Origem_do Centro Cirurgico,420357.7706347115,complete,,,do Centro Cirurgico,420357.7706347115,,
Patient_1150,CTI (CC),420357.7706347115,start,ctiBeds,0.0,,,,
Patient_1150,CTI (CC),422373.6938036655,complete,ctiBeds,0.0,,,,
Patient_1150,CTI prepara Encaminhamento,422373.6938036655,start,,0.0,,,,
Patient_1150,CTI prepara Encaminhamento,422404.3898679277,complete,,0.0,,,,
Patient_1150,Encaminha_para a Clinica Cirurgica,422404.3898679277,complete,,,para a Clinica Cirurgica,422404.3898679277,,
Patient_1150,Discharge,422404.3898679277,complete,,,,,,2046.6192332162173
Patient_1151,Arrival,420800.68397690874,complete,,0.0,,,,
Patient_1151,Origem_do Centro Cirurgico,420800.68397690874,complete,,,do Centro Cirurgico,420800.68397690874,,
Patient_1151,CTI (CC),420800.68397690874,start,ctiBeds,0.0,,,,
Patient_1151,CTI (CC),424963.45971644216,complete,ctiBeds,0.0,,,,
Patient_1151,CTI prepara Encaminhamento,424963.45971644216,start,,0.0,,,,
Patient_1151,CTI prepara Encaminhamento,425012.4167257832,complete,,0.0,,,,
Patient_1151,Encaminha_para a Clinica Medica,425012.4167257832,complete,,,para a Clinica Medica,425012.4167257832,,
Patient_1151,Discharge,425012.4167257832,complete,,,,,,4211.732748874463
Patient_1152,Arrival,420868.7661167514,complete,,0.0,,,,
Patient_1152,Origem_da Clinica Cirurgica,420868.7661167514,complete,,,da Clinica Cirurgica,420868.7661167514,,
Patient_1152,CTI (CLIC),420868.7661167514,start,ctiBeds,0.0,,,,
Patient_1152,CTI (CLIC),420974.43514217815,complete,ctiBeds,0.0,,,,
Patient_1152,CTI prepara Encaminhamento,420974.43514217815,start,,0.0,,,,
Patient_1152,CTI prepara Encaminhamento,421028.6451167239,complete,,0.0,,,,
Patient_1152,Encaminha_Obito,421028.6451167239,complete,,,Obito,421028.6451167239,,
Patient_1152,Discharge,421028.6451167239,complete,,,,,,159.87899997248314
Patient_1153,Arrival,421390.4261473132,complete,,0.0,,,,
Patient_1153,Origem_da Clinica Medica,421390.4261473132,complete,,,da Clinica Medica,421390.4261473132,,
Patient_1153,CTI (CLIM),421390.4261473132,start,ctiBeds,0.0,,,,
Patient_1153,CTI (CLIM),424948.7976309357,complete,ctiBeds,0.0,,,,
Patient_1153,CTI prepara Encaminhamento,424948.7976309357,start,,0.0,,,,
Patient_1153,CTI prepara Encaminhamento,424979.0585039125,complete,,0.0,,,,
Patient_1153,Encaminha_para a Clinica Medica,424979.0585039125,complete,,,para a Clinica Medica,424979.0585039125,,
Patient_1153,Discharge,424979.0585039125,complete,,,,,,3588.6323565993225
Patient_1154,Arrival,421791.9789244324,complete,,0.0,,,,
Patient_1154,Origem_do Centro Cirurgico,421791.9789244324,complete,,,do Centro Cirurgico,421791.9789244324,,
Patient_1154,CTI (CC),421791.9789244324,start,ctiBeds,0.0,,,,
Patient_1154,CTI (CC),423740.04837664374,complete,ctiBeds,0.0,,,,
Patient_1154,CTI prepara Encaminhamento,423740.04837664374,start,,0.0,,,,
Patient_1154,CTI prepara Encaminhamento,423796.94747539144,complete,,0.0,,,,
Patient_1154,Encaminha_para a Clinica Cirurgica,423796.94747539144,complete,,,para a Clinica Cirurgica,423796.94747539144,,
Patient_1154,Discharge,423796.94747539144,complete,,,,,,2004.96855095902
Patient_1155,Arrival,422656.7850445452,complete,,0.0,,,,
Patient_1155,Origem_do Pronto Socorro,422656.7850445452,complete,,,do Pronto Socorro,422656.7850445452,,
Patient_1155,CTI (PS),422656.7850445452,start,ctiBeds,0.0,,,,
Patient_1155,CTI (PS),440194.3359746197,complete,ctiBeds,0.0,,,,
Patient_1155,CTI prepara Encaminhamento,440194.3359746197,start,,0.0,,,,
Patient_1155,CTI prepara Encaminhamento,440239.23427989136,complete,,0.0,,,,
Patient_1155,Encaminha_para a Maternidade,440239.23427989136,complete,,,para a Maternidade,440239.23427989136,,
Patient_1155,Discharge,440239.23427989136,complete,,,,,,17582.44923534617
Patient_1156,Arrival,423235.82000938174,complete,,0.0,,,,
Patient_1156,Origem_da Clinica Medica,423235.82000938174,complete,,,da Clinica Medica,423235.82000938174,,
Patient_1156,CTI (CLIM),423235.82000938174,start,ctiBeds,0.0,,,,
Patient_1156,CTI (CLIM),427485.67396685365,complete,ctiBeds,0.0,,,,
Patient_1156,CTI prepara Encaminhamento,427485.67396685365,start,,0.0,,,,
Patient_1156,CTI prepara Encaminhamento,427539.76573341823,complete,,0.0,,,,
Patient_1156,Encaminha_para a Clinica Medica,427539.76573341823,complete,,,para a Clinica Medica,427539.76573341823,,
Patient_1156,Discharge,427539.76573341823,complete,,,,,,4303.945724036486
Patient_1157,Arrival,423548.8247487281,complete,,0.0,,,,
Patient_1157,Origem_do Pronto Socorro,423548.8247487281,complete,,,do Pronto Socorro,423548.8247487281,,
Patient_1157,CTI (PS),423548.8247487281,start,ctiBeds,0.0,,,,
Patient_1157,CTI (PS),425379.21682579076,complete,ctiBeds,0.0,,,,
Patient_1157,CTI prepara Encaminhamento,425379.21682579076,start,,0.0,,,,
Patient_1157,CTI prepara Encaminhamento,425421.9482998347,complete,,0.0,,,,
Patient_1157,Encaminha_para a Clinica Cirurgica,425421.9482998347,complete,,,para a Clinica Cirurgica,425421.9482998347,,
Patient_1157,Discharge,425421.9482998347,complete,,,,,,1873.1235511066043
Patient_1158,Arrival,423985.8637959144,complete,,0.0,,,,
Patient_1158,Origem_do Centro Cirurgico,423985.8637959144,complete,,,do Centro Cirurgico,423985.8637959144,,
Patient_1158,CTI (CC),423985.8637959144,start,ctiBeds,0.0,,,,
Patient_1158,CTI (CC),424120.7027383126,complete,ctiBeds,0.0,,,,
Patient_1158,CTI prepara Encaminhamento,424120.7027383126,start,,0.0,,,,
Patient_1158,CTI prepara Encaminhamento,424177.24183685594,complete,,0.0,,,,
Patient_1158,Encaminha_para a Clinica Medica,424177.24183685594,complete,,,para a Clinica Medica,424177.24183685594,,
Patient_1158,Discharge,424177.24183685594,complete,,,,,,191.37804094154853
Patient_1159,Arrival,424051.24586646765,complete,,0.0,,,,
Patient_1159,Origem_do Centro Cirurgico,424051.24586646765,complete,,,do Centro Cirurgico,424051.24586646765,,
Patient_1159,CTI (CC),424051.24586646765,start,ctiBeds,0.0,,,,
Patient_1159,CTI (CC),424517.8018445753,complete,ctiBeds,0.0,,,,
Patient_1159,CTI prepara Encaminhamento,424517.8018445753,start,,0.0,,,,
Patient_1159,CTI prepara Encaminhamento,424554.7398504998,complete,,0.0,,,,
Patient_1159,Encaminha_Obito,424554.7398504998,complete,,,Obito,424554.7398504998,,
Patient_1159,Discharge,424554.7398504998,complete,,,,,,503.49398403213127
Patient_116,Arrival,34423.1646801508,complete,,0.0,,,,
Patient_116,Origem_da Clinica Cirurgica,34423.1646801508,complete,,,da Clinica Cirurgica,34423.1646801508,,
Patient_116,CTI (CLIC),34423.1646801508,start,ctiBeds,0.0,,,,
Patient_116,CTI (CLIC),39839.610286553965,complete,ctiBeds,0.0,,,,
Patient_116,CTI prepara Encaminhamento,39839.610286553965,start,,0.0,,,,
Patient_116,CTI prepara Encaminhamento,39896.22513099934,complete,,0.0,,,,
Patient_116,Encaminha_para a Clinica Cirurgica,39896.22513099934,complete,,,para a Clinica Cirurgica,39896.22513099934,,
Patient_116,Discharge,39896.22513099934,complete,,,,,,5473.060450848534
Patient_1160,Arrival,424177.31571494456,complete,,0.0,,,,
Patient_1160,Origem_do Pronto Socorro,424177.31571494456,complete,,,do Pronto Socorro,424177.31571494456,,
Patient_1160,CTI (PS),424177.31571494456,start,ctiBeds,0.0,,,,
Patient_1160,CTI (PS),437589.94717624655,complete,ctiBeds,0.0,,,,
Patient_1160,CTI prepara Encaminhamento,437589.94717624655,start,,0.0,,,,
Patient_1160,CTI prepara Encaminhamento,437638.79874388984,complete,,0.0,,,,
Patient_1160,Encaminha_Obito,437638.79874388984,complete,,,Obito,437638.79874388984,,
Patient_1160,Discharge,437638.79874388984,complete,,,,,,13461.48302894528
Patient_1161,Arrival,424200.4485974941,complete,,0.0,,,,
Patient_1161,Origem_do Pronto Socorro,424200.4485974941,complete,,,do Pronto Socorro,424200.4485974941,,
Patient_1161,CTI (PS),424200.4485974941,start,ctiBeds,0.0,,,,
Patient_1161,CTI (PS),434359.19804011413,complete,ctiBeds,0.0,,,,
Patient_1161,CTI prepara Encaminhamento,434359.19804011413,start,,0.0,,,,
Patient_1161,CTI prepara Encaminhamento,434414.73581639177,complete,,0.0,,,,
Patient_1161,Encaminha_para a Clinica Cirurgica,434414.73581639177,complete,,,para a Clinica Cirurgica,434414.73581639177,,
Patient_1161,Discharge,434414.73581639177,complete,,,,,,10214.287218897662
Patient_1162,Arrival,424684.6309122873,complete,,0.0,,,,
Patient_1162,Origem_do Centro Cirurgico,424684.6309122873,complete,,,do Centro Cirurgico,424684.6309122873,,
Patient_1162,CTI (CC),424684.6309122873,start,ctiBeds,0.0,,,,
Patient_1162,CTI (CC),425690.1401049934,complete,ctiBeds,0.0,,,,
Patient_1162,CTI prepara Encaminhamento,425690.1401049934,start,,0.0,,,,
Patient_1162,CTI prepara Encaminhamento,425738.15263822617,complete,,0.0,,,,
Patient_1162,Encaminha_Obito,425738.15263822617,complete,,,Obito,425738.15263822617,,
Patient_1162,Discharge,425738.15263822617,complete,,,,,,1053.5217259388883
Patient_1163,Arrival,424959.8056539648,complete,,0.0,,,,
Patient_1163,Origem_do Pronto Socorro,424959.8056539648,complete,,,do Pronto Socorro,424959.8056539648,,
Patient_1163,CTI (PS),424959.8056539648,start,ctiBeds,0.0,,,,
Patient_1163,CTI (PS),430085.92590834916,complete,ctiBeds,0.0,,,,
Patient_1163,CTI prepara Encaminhamento,430085.92590834916,start,,0.0,,,,
Patient_1163,CTI prepara Encaminhamento,430118.9260127042,complete,,0.0,,,,
Patient_1163,Encaminha_para a Clinica Cirurgica,430118.9260127042,complete,,,para a Clinica Cirurgica,430118.9260127042,,
Patient_1163,Discharge,430118.9260127042,complete,,,,,,5159.1203587393975
Patient_1164,Arrival,424967.9738409522,complete,,0.0,,,,
Patient_1164,Origem_da Clinica Medica,424967.9738409522,complete,,,da Clinica Medica,424967.9738409522,,
Patient_1164,CTI (CLIM),424967.9738409522,start,ctiBeds,0.0,,,,
Patient_1164,CTI (CLIM),425471.5927452059,complete,ctiBeds,0.0,,,,
Patient_1164,CTI prepara Encaminhamento,425471.5927452059,start,,0.0,,,,
Patient_1164,CTI prepara Encaminhamento,425502.6070358103,complete,,0.0,,,,
Patient_1164,Encaminha_para a Clinica Medica,425502.6070358103,complete,,,para a Clinica Medica,425502.6070358103,,
Patient_1164,Discharge,425502.6070358103,complete,,,,,,534.6331948580919
Patient_1165,Arrival,424990.54183608823,complete,,0.0,,,,
Patient_1165,Origem_do Pronto Socorro,424990.54183608823,complete,,,do Pronto Socorro,424990.54183608823,,
Patient_1165,CTI (PS),424990.54183608823,start,ctiBeds,0.0,,,,
Patient_1165,CTI (PS),427539.4489082745,complete,ctiBeds,0.0,,,,
Patient_1165,CTI prepara Encaminhamento,427539.4489082745,start,,0.0,,,,
Patient_1165,CTI prepara Encaminhamento,427581.2576476024,complete,,0.0,,,,
Patient_1165,Encaminha_para a Clinica Medica,427581.2576476024,complete,,,para a Clinica Medica,427581.2576476024,,
Patient_1165,Discharge,427581.2576476024,complete,,,,,,2590.715811514179
Patient_1166,Arrival,425573.4428732934,complete,,0.0,,,,
Patient_1166,Origem_do Centro Cirurgico,425573.4428732934,complete,,,do Centro Cirurgico,425573.4428732934,,
Patient_1166,CTI (CC),425573.4428732934,start,ctiBeds,0.0,,,,
Patient_1166,CTI (CC),447039.50642251497,complete,ctiBeds,0.0,,,,
Patient_1166,CTI prepara Encaminhamento,447039.50642251497,start,,0.0,,,,
Patient_1166,CTI prepara Encaminhamento,447094.9293126593,complete,,0.0,,,,
Patient_1166,Encaminha_para a Clinica Cirurgica,447094.9293126593,complete,,,para a Clinica Cirurgica,447094.9293126593,,
Patient_1166,Discharge,447094.9293126593,complete,,,,,,21521.486439365894
Patient_1167,Arrival,425631.2958712022,complete,,0.0,,,,
Patient_1167,Origem_do Centro Cirurgico,425631.2958712022,complete,,,do Centro Cirurgico,425631.2958712022,,
Patient_1167,CTI (CC),425631.2958712022,start,ctiBeds,0.0,,,,
Patient_1167,CTI (CC),427764.756542698,complete,ctiBeds,0.0,,,,
Patient_1167,CTI prepara Encaminhamento,427764.756542698,start,,0.0,,,,
Patient_1167,CTI prepara Encaminhamento,427795.8114099613,complete,,0.0,,,,
Patient_1167,Encaminha_Obito,427795.8114099613,complete,,,Obito,427795.8114099613,,
Patient_1167,Discharge,427795.8114099613,complete,,,,,,2164.515538759122
Patient_1168,Arrival,426150.1670925404,complete,,0.0,,,,
Patient_1168,Origem_da Clinica Cirurgica,426150.1670925404,complete,,,da Clinica Cirurgica,426150.1670925404,,
Patient_1168,CTI (CLIC),426150.1670925404,start,ctiBeds,0.0,,,,
Patient_1168,CTI (CLIC),431630.723955776,complete,ctiBeds,0.0,,,,
Patient_1168,CTI prepara Encaminhamento,431630.723955776,start,,0.0,,,,
Patient_1168,CTI prepara Encaminhamento,431669.8256010991,complete,,0.0,,,,
Patient_1168,Encaminha_para a Clinica Medica,431669.8256010991,complete,,,para a Clinica Medica,431669.8256010991,,
Patient_1168,Discharge,431669.8256010991,complete,,,,,,5519.658508558699
Patient_1169,Arrival,426877.3667750618,complete,,0.0,,,,
Patient_1169,Origem_do Pronto Socorro,426877.3667750618,complete,,,do Pronto Socorro,426877.3667750618,,
Patient_1169,CTI (PS),426877.3667750618,start,ctiBeds,0.0,,,,
Patient_1169,CTI (PS),469942.57256650325,complete,ctiBeds,0.0,,,,
Patient_1169,CTI prepara Encaminhamento,469942.57256650325,start,,0.0,,,,
Patient_1169,CTI prepara Encaminhamento,469975.5924417048,complete,,0.0,,,,
Patient_1169,Encaminha_Obito,469975.5924417048,complete,,,Obito,469975.5924417048,,
Patient_1169,Discharge,469975.5924417048,complete,,,,,,43098.225666643004
Patient_117,Arrival,34527.00965621194,complete,,0.0,,,,
Patient_117,Origem_do Pronto Socorro,34527.00965621194,complete,,,do Pronto Socorro,34527.00965621194,,
Patient_117,CTI (PS),34527.00965621194,start,ctiBeds,0.0,,,,
Patient_117,CTI (PS),44448.142230273705,complete,ctiBeds,0.0,,,,
Patient_117,CTI prepara Encaminhamento,44448.142230273705,start,,0.0,,,,
Patient_117,CTI prepara Encaminhamento,44501.89545594122,complete,,0.0,,,,
Patient_117,Encaminha_para a Clinica Cirurgica,44501.89545594122,complete,,,para a Clinica Cirurgica,44501.89545594122,,
Patient_117,Discharge,44501.89545594122,complete,,,,,,9974.88579972928
Patient_1170,Arrival,427248.4950690121,complete,,0.0,,,,
Patient_1170,Origem_do Pronto Socorro,427248.4950690121,complete,,,do Pronto Socorro,427248.4950690121,,
Patient_1170,CTI (PS),427248.4950690121,start,ctiBeds,0.0,,,,
Patient_1170,CTI (PS),452536.63386168453,complete,ctiBeds,0.0,,,,
Patient_1170,CTI prepara Encaminhamento,452536.63386168453,start,,0.0,,,,
Patient_1170,CTI prepara Encaminhamento,452576.5880301637,complete,,0.0,,,,
Patient_1170,Encaminha_para a Clinica Cirurgica,452576.5880301637,complete,,,para a Clinica Cirurgica,452576.5880301637,,
Patient_1170,Discharge,452576.5880301637,complete,,,,,,25328.09296115162
Patient_1171,Arrival,427721.4676098501,complete,,0.0,,,,
Patient_1171,Origem_do Pronto Socorro,427721.4676098501,complete,,,do Pronto Socorro,427721.4676098501,,
Patient_1171,CTI (PS),427721.4676098501,start,ctiBeds,0.0,,,,
Patient_1171,CTI (PS),438785.060088768,complete,ctiBeds,0.0,,,,
Patient_1171,CTI prepara Encaminhamento,438785.060088768,start,,0.0,,,,
Patient_1171,CTI prepara Encaminhamento,438837.9097894525,complete,,0.0,,,,
Patient_1171,Encaminha_para a Clinica Cirurgica,438837.9097894525,complete,,,para a Clinica Cirurgica,438837.9097894525,,
Patient_1171,Discharge,438837.9097894525,complete,,,,,,11116.442179602396
Patient_1172,Arrival,427885.5311727417,complete,,0.0,,,,
Patient_1172,Origem_do Pronto Socorro,427885.5311727417,complete,,,do Pronto Socorro,427885.5311727417,,
Patient_1172,CTI (PS),427885.5311727417,start,ctiBeds,0.0,,,,
Patient_1172,CTI (PS),429441.16727526364,complete,ctiBeds,0.0,,,,
Patient_1172,CTI prepara Encaminhamento,429441.16727526364,start,,0.0,,,,
Patient_1172,CTI prepara Encaminhamento,429499.62388040393,complete,,0.0,,,,
Patient_1172,Encaminha_para a Clinica Medica,429499.62388040393,complete,,,para a Clinica Medica,429499.62388040393,,
Patient_1172,Discharge,429499.62388040393,complete,,,,,,1614.0927076622029
Patient_1173,Arrival,428827.9219724252,complete,,0.0,,,,
Patient_1173,Origem_do Pronto Socorro,428827.9219724252,complete,,,do Pronto Socorro,428827.9219724252,,
Patient_1173,CTI (PS),428827.9219724252,start,ctiBeds,0.0,,,,
Patient_1173,CTI (PS),429245.8851084951,complete,ctiBeds,0.0,,,,
Patient_1173,CTI prepara Encaminhamento,429245.8851084951,start,,0.0,,,,
Patient_1173,CTI prepara Encaminhamento,429282.6255769571,complete,,0.0,,,,
Patient_1173,Encaminha_para a Clinica Cirurgica,429282.6255769571,complete,,,para a Clinica Cirurgica,429282.6255769571,,
Patient_1173,Discharge,429282.6255769571,complete,,,,,,454.7036045319401
Patient_1174,Arrival,429170.9048565159,complete,,0.0,,,,
Patient_1174,Origem_do Pronto Socorro,429170.9048565159,complete,,,do Pronto Socorro,429170.9048565159,,
Patient_1174,CTI (PS),429170.9048565159,start,ctiBeds,0.0,,,,
Patient_1174,CTI (PS),434207.5668525363,complete,ctiBeds,0.0,,,,
Patient_1174,CTI prepara Encaminhamento,434207.5668525363,start,,0.0,,,,
Patient_1174,CTI prepara Encaminhamento,434252.1104955462,complete,,0.0,,,,
Patient_1174,Encaminha_para a Clinica Cirurgica,434252.1104955462,complete,,,para a Clinica Cirurgica,434252.1104955462,,
Patient_1174,Discharge,434252.1104955462,complete,,,,,,5081.205639030319
Patient_1175,Arrival,430198.58062580484,complete,,0.0,,,,
Patient_1175,Origem_da Maternidade,430198.58062580484,complete,,,da Maternidade,430198.58062580484,,
Patient_1175,CTI (MAT),430198.58062580484,start,ctiBeds,0.0,,,,
Patient_1175,CTI (MAT),431892.82166482793,complete,ctiBeds,0.0,,,,
Patient_1175,CTI prepara Encaminhamento,431892.82166482793,start,,0.0,,,,
Patient_1175,CTI prepara Encaminhamento,431934.1064375069,complete,,0.0,,,,
Patient_1175,Encaminha_para a Clinica Medica,431934.1064375069,complete,,,para a Clinica Medica,431934.1064375069,,
Patient_1175,Discharge,431934.1064375069,complete,,,,,,1735.5258117020712
Patient_1176,Arrival,431123.72959885385,complete,,0.0,,,,
Patient_1176,Origem_do Centro Cirurgico,431123.72959885385,complete,,,do Centro Cirurgico,431123.72959885385,,
Patient_1176,CTI (CC),431123.72959885385,start,ctiBeds,0.0,,,,
Patient_1176,CTI (CC),431964.66724373173,complete,ctiBeds,0.0,,,,
Patient_1176,CTI prepara Encaminhamento,431964.66724373173,start,,0.0,,,,
Patient_1176,CTI prepara Encaminhamento,432006.7589451799,complete,,0.0,,,,
Patient_1176,Encaminha_Obito,432006.7589451799,complete,,,Obito,432006.7589451799,,
Patient_1176,Discharge,432006.7589451799,complete,,,,,,883.029346326075
Patient_1177,Arrival,431533.60162789404,complete,,0.0,,,,
Patient_1177,Origem_do Pronto Socorro,431533.60162789404,complete,,,do Pronto Socorro,431533.60162789404,,
Patient_1177,CTI (PS),431533.60162789404,start,ctiBeds,0.0,,,,
Patient_1177,CTI (PS),463499.5658467748,complete,ctiBeds,0.0,,,,
Patient_1177,CTI prepara Encaminhamento,463499.5658467748,start,,0.0,,,,
Patient_1177,CTI prepara Encaminhamento,463553.125848098,complete,,0.0,,,,
Patient_1177,Encaminha_para a Clinica Medica,463553.125848098,complete,,,para a Clinica Medica,463553.125848098,,
Patient_1177,Discharge,463553.125848098,complete,,,,,,32019.52422020398
Patient_1178,Arrival,431564.3162403277,complete,,0.0,,,,
Patient_1178,Origem_da Clinica Medica,431564.3162403277,complete,,,da Clinica Medica,431564.3162403277,,
Patient_1178,CTI (CLIM),431564.3162403277,start,ctiBeds,0.0,,,,
Patient_1178,CTI (CLIM),441979.18547259894,complete,ctiBeds,0.0,,,,
Patient_1178,CTI prepara Encaminhamento,441979.18547259894,start,,0.0,,,,
Patient_1178,CTI prepara Encaminhamento,442021.18823354505,complete,,0.0,,,,
Patient_1178,Encaminha_para a Clinica Cirurgica,442021.18823354505,complete,,,para a Clinica Cirurgica,442021.18823354505,,
Patient_1178,Discharge,442021.18823354505,complete,,,,,,10456.871993217326
Patient_1179,Arrival,432028.46626729844,complete,,0.0,,,,
Patient_1179,Origem_da Clinica Cirurgica,432028.46626729844,complete,,,da Clinica Cirurgica,432028.46626729844,,
Patient_1179,CTI (CLIC),432028.46626729844,start,ctiBeds,0.0,,,,
Patient_1179,CTI (CLIC),433145.62929660553,complete,ctiBeds,0.0,,,,
Patient_1179,CTI prepara Encaminhamento,433145.62929660553,start,,0.0,,,,
Patient_1179,CTI prepara Encaminhamento,433201.7333314473,complete,,0.0,,,,
Patient_1179,Encaminha_para a Clinica Cirurgica,433201.7333314473,complete,,,para a Clinica Cirurgica,433201.7333314473,,
Patient_1179,Discharge,433201.7333314473,complete,,,,,,1173.2670641488512
Patient_118,Arrival,34767.345885579845,complete,,0.0,,,,
Patient_118,Origem_do Pronto Socorro,34767.345885579845,complete,,,do Pronto Socorro,34767.345885579845,,
Patient_118,CTI (PS),34767.345885579845,start,ctiBeds,0.0,,,,
Patient_118,CTI (PS),40861.24266552256,complete,ctiBeds,0.0,,,,
Patient_118,CTI prepara Encaminhamento,40861.24266552256,start,,0.0,,,,
Patient_118,CTI prepara Encaminhamento,40898.24334056806,complete,,0.0,,,,
Patient_118,Encaminha_para a Clinica Cirurgica,40898.24334056806,complete,,,para a Clinica Cirurgica,40898.24334056806,,
Patient_118,Discharge,40898.24334056806,complete,,,,,,6130.897454988211
Patient_1180,Arrival,432164.5688315563,complete,,0.0,,,,
Patient_1180,Origem_do Pronto Socorro,432164.5688315563,complete,,,do Pronto Socorro,432164.5688315563,,
Patient_1180,CTI (PS),432164.5688315563,start,ctiBeds,0.0,,,,
Patient_1180,CTI (PS),445125.9574274658,complete,ctiBeds,0.0,,,,
Patient_1180,CTI prepara Encaminhamento,445125.9574274658,start,,0.0,,,,
Patient_1180,CTI prepara Encaminhamento,445173.46008647466,complete,,0.0,,,,
Patient_1180,Encaminha_para a Clinica Cirurgica,445173.46008647466,complete,,,para a Clinica Cirurgica,445173.46008647466,,
Patient_1180,Discharge,445173.46008647466,complete,,,,,,13008.891254918359
Patient_1181,Arrival,432393.93052475626,complete,,0.0,,,,
Patient_1181,Origem_do Centro Cirurgico,432393.93052475626,complete,,,do Centro Cirurgico,432393.93052475626,,
Patient_1181,CTI (CC),432393.93052475626,start,ctiBeds,0.0,,,,
Patient_1181,CTI (CC),472785.6711646551,complete,ctiBeds,0.0,,,,
Patient_1181,CTI prepara Encaminhamento,472785.6711646551,start,,0.0,,,,
Patient_1181,CTI prepara Encaminhamento,472838.6895451463,complete,,0.0,,,,
Patient_1181,Encaminha_para a Clinica Cirurgica,472838.6895451463,complete,,,para a Clinica Cirurgica,472838.6895451463,,
Patient_1181,Discharge,472838.6895451463,complete,,,,,,40444.75902039005
Patient_1182,Arrival,432493.01852670213,complete,,0.0,,,,
Patient_1182,Origem_do Pronto Socorro,432493.01852670213,complete,,,do Pronto Socorro,432493.01852670213,,
Patient_1182,CTI (PS),432493.01852670213,start,ctiBeds,0.0,,,,
Patient_1182,CTI (PS),466920.7574180615,complete,ctiBeds,0.0,,,,
Patient_1182,CTI prepara Encaminhamento,466920.7574180615,start,,0.0,,,,
Patient_1182,CTI prepara Encaminhamento,466965.12022821145,complete,,0.0,,,,
Patient_1182,Encaminha_para a Clinica Medica,466965.12022821145,complete,,,para a Clinica Medica,466965.12022821145,,
Patient_1182,Discharge,466965.12022821145,complete,,,,,,34472.101701509324
Patient_1183,Arrival,432906.7703610288,complete,,0.0,,,,
Patient_1183,Origem_da Clinica Cirurgica,432906.7703610288,complete,,,da Clinica Cirurgica,432906.7703610288,,
Patient_1183,CTI (CLIC),432906.7703610288,start,ctiBeds,0.0,,,,
Patient_1183,CTI (CLIC),434605.35368675826,complete,ctiBeds,0.0,,,,
Patient_1183,CTI prepara Encaminhamento,434605.35368675826,start,,0.0,,,,
Patient_1183,CTI prepara Encaminhamento,434642.4988340527,complete,,0.0,,,,
Patient_1183,Encaminha_para a Clinica Cirurgica,434642.4988340527,complete,,,para a Clinica Cirurgica,434642.4988340527,,
Patient_1183,Discharge,434642.4988340527,complete,,,,,,1735.728473023919
Patient_1184,Arrival,433132.48087267927,complete,,0.0,,,,
Patient_1184,Origem_do Pronto Socorro,433132.48087267927,complete,,,do Pronto Socorro,433132.48087267927,,
Patient_1184,CTI (PS),433132.48087267927,start,ctiBeds,0.0,,,,
Patient_1184,CTI (PS),435118.1698502355,complete,ctiBeds,0.0,,,,
Patient_1184,CTI prepara Encaminhamento,435118.1698502355,start,,0.0,,,,
Patient_1184,CTI prepara Encaminhamento,435150.5455234904,complete,,0.0,,,,
Patient_1184,Encaminha_para a Clinica Cirurgica,435150.5455234904,complete,,,para a Clinica Cirurgica,435150.5455234904,,
Patient_1184,Discharge,435150.5455234904,complete,,,,,,2018.0646508111386
Patient_1185,Arrival,433386.9912526954,complete,,0.0,,,,
Patient_1185,Origem_do Pronto Socorro,433386.9912526954,complete,,,do Pronto Socorro,433386.9912526954,,
Patient_1185,CTI (PS),433386.9912526954,start,ctiBeds,0.0,,,,
Patient_1185,CTI (PS),464587.509261105,complete,ctiBeds,0.0,,,,
Patient_1185,CTI prepara Encaminhamento,464587.509261105,start,,0.0,,,,
Patient_1185,CTI prepara Encaminhamento,464624.8277217888,complete,,0.0,,,,
Patient_1185,Encaminha_para a Clinica Medica,464624.8277217888,complete,,,para a Clinica Medica,464624.8277217888,,
Patient_1185,Discharge,464624.8277217888,complete,,,,,,31237.836469093396
Patient_1186,Arrival,433769.8149988791,complete,,0.0,,,,
Patient_1186,Origem_da Clinica Cirurgica,433769.8149988791,complete,,,da Clinica Cirurgica,433769.8149988791,,
Patient_1186,CTI (CLIC),433769.8149988791,start,ctiBeds,0.0,,,,
Patient_1186,CTI (CLIC),436261.5500599281,complete,ctiBeds,0.0,,,,
Patient_1186,CTI prepara Encaminhamento,436261.5500599281,start,,0.0,,,,
Patient_1186,CTI prepara Encaminhamento,436314.737597028,complete,,0.0,,,,
Patient_1186,Encaminha_para a Clinica Medica,436314.737597028,complete,,,para a Clinica Medica,436314.737597028,,
Patient_1186,Discharge,436314.737597028,complete,,,,,,2544.922598148929
Patient_1187,Arrival,433933.9006376017,complete,,0.0,,,,
Patient_1187,Origem_do Centro Cirurgico,433933.9006376017,complete,,,do Centro Cirurgico,433933.9006376017,,
Patient_1187,CTI (CC),433933.9006376017,start,ctiBeds,0.0,,,,
Patient_1187,CTI (CC),442863.47447529936,complete,ctiBeds,0.0,,,,
Patient_1187,CTI prepara Encaminhamento,442863.47447529936,start,,0.0,,,,
Patient_1187,CTI prepara Encaminhamento,442894.0703071446,complete,,0.0,,,,
Patient_1187,Encaminha_para a Clinica Medica,442894.0703071446,complete,,,para a Clinica Medica,442894.0703071446,,
Patient_1187,Discharge,442894.0703071446,complete,,,,,,8960.169669542927
Patient_1188,Arrival,434637.43080243777,complete,,0.0,,,,
Patient_1188,Origem_do Centro Cirurgico,434637.43080243777,complete,,,do Centro Cirurgico,434637.43080243777,,
Patient_1188,CTI (CC),434637.43080243777,start,ctiBeds,0.0,,,,
Patient_1188,CTI (CC),436077.88117679843,complete,ctiBeds,0.0,,,,
Patient_1188,CTI prepara Encaminhamento,436077.88117679843,start,,0.0,,,,
Patient_1188,CTI prepara Encaminhamento,436130.7854138258,complete,,0.0,,,,
Patient_1188,Encaminha_para a Clinica Cirurgica,436130.7854138258,complete,,,para a Clinica Cirurgica,436130.7854138258,,
Patient_1188,Discharge,436130.7854138258,complete,,,,,,1493.3546113880584
Patient_1189,Arrival,435036.8030283626,complete,,0.0,,,,
Patient_1189,Origem_do Centro Cirurgico,435036.8030283626,complete,,,do Centro Cirurgico,435036.8030283626,,
Patient_1189,CTI (CC),435036.8030283626,start,ctiBeds,0.0,,,,
Patient_1189,CTI (CC),436509.00241123565,complete,ctiBeds,0.0,,,,
Patient_1189,CTI prepara Encaminhamento,436509.00241123565,start,,0.0,,,,
Patient_1189,CTI prepara Encaminhamento,436551.2997447404,complete,,0.0,,,,
Patient_1189,Encaminha_para a Clinica Cirurgica,436551.2997447404,complete,,,para a Clinica Cirurgica,436551.2997447404,,
Patient_1189,Discharge,436551.2997447404,complete,,,,,,1514.496716377791
Patient_119,Arrival,34971.37746505365,complete,,0.0,,,,
Patient_119,Origem_da Clinica Medica,34971.37746505365,complete,,,da Clinica Medica,34971.37746505365,,
Patient_119,CTI (CLIM),34971.37746505365,start,ctiBeds,0.0,,,,
Patient_119,CTI (CLIM),39522.675342624294,complete,ctiBeds,0.0,,,,
Patient_119,CTI prepara Encaminhamento,39522.675342624294,start,,0.0,,,,
Patient_119,CTI prepara Encaminhamento,39558.206090286614,complete,,0.0,,,,
Patient_119,Encaminha_para a Clinica Cirurgica,39558.206090286614,complete,,,para a Clinica Cirurgica,39558.206090286614,,
Patient_119,Discharge,39558.206090286614,complete,,,,,,4586.8286252329635
Patient_1190,Arrival,435415.29702551436,complete,,0.0,,,,
Patient_1190,Origem_do Pronto Socorro,435415.29702551436,complete,,,do Pronto Socorro,435415.29702551436,,
Patient_1190,CTI (PS),435415.29702551436,start,ctiBeds,0.0,,,,
Patient_1190,CTI (PS),443952.59146254155,complete,ctiBeds,0.0,,,,
Patient_1190,CTI prepara Encaminhamento,443952.59146254155,start,,0.0,,,,
Patient_1190,CTI prepara Encaminhamento,443984.0192402911,complete,,0.0,,,,
Patient_1190,Encaminha_para a Clinica Medica,443984.0192402911,complete,,,para a Clinica Medica,443984.0192402911,,
Patient_1190,Discharge,443984.0192402911,complete,,,,,,8568.722214776732
Patient_1191,Arrival,435939.02151275566,complete,,0.0,,,,
Patient_1191,Origem_do Pronto Socorro,435939.02151275566,complete,,,do Pronto Socorro,435939.02151275566,,
Patient_1191,CTI (PS),435939.02151275566,start,ctiBeds,0.0,,,,
Patient_1191,CTI (PS),467287.05118583137,complete,ctiBeds,0.0,,,,
Patient_1191,CTI prepara Encaminhamento,467287.05118583137,start,,0.0,,,,
Patient_1191,CTI prepara Encaminhamento,467337.566981889,complete,,0.0,,,,
Patient_1191,Encaminha_para a Clinica Cirurgica,467337.566981889,complete,,,para a Clinica Cirurgica,467337.566981889,,
Patient_1191,Discharge,467337.566981889,complete,,,,,,31398.545469133358
Patient_1192,Arrival,436768.3560139253,complete,,0.0,,,,
Patient_1192,Origem_do Centro Cirurgico,436768.3560139253,complete,,,do Centro Cirurgico,436768.3560139253,,
Patient_1192,CTI (CC),436768.3560139253,start,ctiBeds,0.0,,,,
Patient_1192,CTI (CC),438017.3741626654,complete,ctiBeds,0.0,,,,
Patient_1192,CTI prepara Encaminhamento,438017.3741626654,start,,0.0,,,,
Patient_1192,CTI prepara Encaminhamento,438049.2942636148,complete,,0.0,,,,
Patient_1192,Encaminha_para a Clinica Cirurgica,438049.2942636148,complete,,,para a Clinica Cirurgica,438049.2942636148,,
Patient_1192,Discharge,438049.2942636148,complete,,,,,,1280.9382496895269
Patient_1193,Arrival,437692.90998867905,complete,,0.0,,,,
Patient_1193,Origem_do Centro Cirurgico,437692.90998867905,complete,,,do Centro Cirurgico,437692.90998867905,,
Patient_1193,CTI (CC),437692.90998867905,start,ctiBeds,0.0,,,,
Patient_1193,CTI (CC),441098.043992004,complete,ctiBeds,0.0,,,,
Patient_1193,CTI prepara Encaminhamento,441098.043992004,start,,0.0,,,,
Patient_1193,CTI prepara Encaminhamento,441155.7382191763,complete,,0.0,,,,
Patient_1193,Encaminha_para a Clinica Cirurgica,441155.7382191763,complete,,,para a Clinica Cirurgica,441155.7382191763,,
Patient_1193,Discharge,441155.7382191763,complete,,,,,,3462.8282304972527
Patient_1194,Arrival,439105.7027751073,complete,,0.0,,,,
Patient_1194,Origem_do Pronto Socorro,439105.7027751073,complete,,,do Pronto Socorro,439105.7027751073,,
Patient_1194,CTI (PS),439105.7027751073,start,ctiBeds,0.0,,,,
Patient_1194,CTI (PS),447972.05461302696,complete,ctiBeds,0.0,,,,
Patient_1194,CTI prepara Encaminhamento,447972.05461302696,start,,0.0,,,,
Patient_1194,CTI prepara Encaminhamento,448020.6416790485,complete,,0.0,,,,
Patient_1194,Encaminha_para a Clinica Cirurgica,448020.6416790485,complete,,,para a Clinica Cirurgica,448020.6416790485,,
Patient_1194,Discharge,448020.6416790485,complete,,,,,,8914.93890394119
Patient_1195,Arrival,439876.5394838785,complete,,0.0,,,,
Patient_1195,Origem_do Centro Cirurgico,439876.5394838785,complete,,,do Centro Cirurgico,439876.5394838785,,
Patient_1195,CTI (CC),439876.5394838785,start,ctiBeds,0.0,,,,
Patient_1195,CTI (CC),442424.41929505183,complete,ctiBeds,0.0,,,,
Patient_1195,CTI prepara Encaminhamento,442424.41929505183,start,,0.0,,,,
Patient_1195,CTI prepara Encaminhamento,442478.4736981406,complete,,0.0,,,,
Patient_1195,Encaminha_para a Clinica Medica,442478.4736981406,complete,,,para a Clinica Medica,442478.4736981406,,
Patient_1195,Discharge,442478.4736981406,complete,,,,,,2601.934214262059
Patient_1196,Arrival,440104.9475084309,complete,,0.0,,,,
Patient_1196,Origem_da Clinica Medica,440104.9475084309,complete,,,da Clinica Medica,440104.9475084309,,
Patient_1196,CTI (CLIM),440104.9475084309,start,ctiBeds,0.0,,,,
Patient_1196,CTI (CLIM),455255.9933079954,complete,ctiBeds,0.0,,,,
Patient_1196,CTI prepara Encaminhamento,455255.9933079954,start,,0.0,,,,
Patient_1196,CTI prepara Encaminhamento,455300.35118688113,complete,,0.0,,,,
Patient_1196,Encaminha_Obito,455300.35118688113,complete,,,Obito,455300.35118688113,,
Patient_1196,Discharge,455300.35118688113,complete,,,,,,15195.40367845021
Patient_1197,Arrival,440396.9342778381,complete,,0.0,,,,
Patient_1197,Origem_do Pronto Socorro,440396.9342778381,complete,,,do Pronto Socorro,440396.9342778381,,
Patient_1197,CTI (PS),440396.9342778381,start,ctiBeds,0.0,,,,
Patient_1197,CTI (PS),448734.15256438346,complete,ctiBeds,0.0,,,,
Patient_1197,CTI prepara Encaminhamento,448734.15256438346,start,,0.0,,,,
Patient_1197,CTI prepara Encaminhamento,448772.4916403003,complete,,0.0,,,,
Patient_1197,Encaminha_para a Clinica Medica,448772.4916403003,complete,,,para a Clinica Medica,448772.4916403003,,
Patient_1197,Discharge,448772.4916403003,complete,,,,,,8375.55736246222
Patient_1198,Arrival,440403.1819349638,complete,,0.0,,,,
Patient_1198,Origem_do Pronto Socorro,440403.1819349638,complete,,,do Pronto Socorro,440403.1819349638,,
Patient_1198,CTI (PS),440403.1819349638,start,ctiBeds,0.0,,,,
Patient_1198,CTI (PS),441630.1416802405,complete,ctiBeds,0.0,,,,
Patient_1198,CTI prepara Encaminhamento,441630.1416802405,start,,0.0,,,,
Patient_1198,CTI prepara Encaminhamento,441685.5231984306,complete,,0.0,,,,
Patient_1198,Encaminha_para a Clinica Cirurgica,441685.5231984306,complete,,,para a Clinica Cirurgica,441685.5231984306,,
Patient_1198,Discharge,441685.5231984306,complete,,,,,,1282.3412634668057
Patient_1199,Arrival,440900.83238687326,complete,,0.0,,,,
Patient_1199,Origem_da Clinica Medica,440900.83238687326,complete,,,da Clinica Medica,440900.83238687326,,
Patient_1199,CTI (CLIM),440900.83238687326,start,ctiBeds,0.0,,,,
Patient_1199,CTI (CLIM),456469.6524862167,complete,ctiBeds,0.0,,,,
Patient_1199,CTI prepara Encaminhamento,456469.6524862167,start,,0.0,,,,
Patient_1199,CTI prepara Encaminhamento,456525.62336028524,complete,,0.0,,,,
Patient_1199,Encaminha_para a Clinica Medica,456525.62336028524,complete,,,para a Clinica Medica,456525.62336028524,,
Patient_1199,Discharge,456525.62336028524,complete,,,,,,15624.79097341199
Patient_12,Arrival,3896.120702367698,complete,,0.0,,,,
Patient_12,Origem_da Clinica Medica,3896.120702367698,complete,,,da Clinica Medica,3896.120702367698,,
Patient_12,CTI (CLIM),3896.120702367698,start,ctiBeds,0.0,,,,
Patient_12,CTI (CLIM),24390.878347479942,complete,ctiBeds,0.0,,,,
Patient_12,CTI prepara Encaminhamento,24390.878347479942,start,,0.0,,,,
Patient_12,CTI prepara Encaminhamento,24422.597548039852,complete,,0.0,,,,
Patient_12,Encaminha_para a Maternidade,24422.597548039852,complete,,,para a Maternidade,24422.597548039852,,
Patient_12,Discharge,24422.597548039852,complete,,,,,,20526.476845672154
Patient_120,Arrival,34998.12779827266,complete,,0.0,,,,
Patient_120,Origem_da Maternidade,34998.12779827266,complete,,,da Maternidade,34998.12779827266,,
Patient_120,CTI (MAT),34998.12779827266,start,ctiBeds,0.0,,,,
Patient_120,CTI (MAT),36498.85644934589,complete,ctiBeds,0.0,,,,
Patient_120,CTI prepara Encaminhamento,36498.85644934589,start,,0.0,,,,
Patient_120,CTI prepara Encaminhamento,36532.44476435118,complete,,0.0,,,,
Patient_120,Encaminha_para a Clinica Cirurgica,36532.44476435118,complete,,,para a Clinica Cirurgica,36532.44476435118,,
Patient_120,Discharge,36532.44476435118,complete,,,,,,1534.3169660785206
Patient_1200,Arrival,440919.445831981,complete,,0.0,,,,
Patient_1200,Origem_do Pronto Socorro,440919.445831981,complete,,,do Pronto Socorro,440919.445831981,,
Patient_1200,CTI (PS),440919.445831981,start,ctiBeds,0.0,,,,
Patient_1200,CTI (PS),458443.92031164747,complete,ctiBeds,0.0,,,,
Patient_1200,CTI prepara Encaminhamento,458443.92031164747,start,,0.0,,,,
Patient_1200,CTI prepara Encaminhamento,458483.4690721878,complete,,0.0,,,,
Patient_1200,Encaminha_Obito,458483.4690721878,complete,,,Obito,458483.4690721878,,
Patient_1200,Discharge,458483.4690721878,complete,,,,,,17564.023240206763
Patient_1201,Arrival,440953.1656031959,complete,,0.0,,,,
Patient_1201,Origem_da Clinica Medica,440953.1656031959,complete,,,da Clinica Medica,440953.1656031959,,
Patient_1201,CTI (CLIM),440953.1656031959,start,ctiBeds,0.0,,,,
Patient_1201,CTI (CLIM),469737.9401826379,complete,ctiBeds,0.0,,,,
Patient_1201,CTI prepara Encaminhamento,469737.9401826379,start,,0.0,,,,
Patient_1201,CTI prepara Encaminhamento,469790.1923903957,complete,,0.0,,,,
Patient_1201,Encaminha_para a Clinica Cirurgica,469790.1923903957,complete,,,para a Clinica Cirurgica,469790.1923903957,,
Patient_1201,Discharge,469790.1923903957,complete,,,,,,28837.02678719978
Patient_1202,Arrival,441114.56557339244,complete,,0.0,,,,
Patient_1202,Origem_do Centro Cirurgico,441114.56557339244,complete,,,do Centro Cirurgico,441114.56557339244,,
Patient_1202,CTI (CC),441114.56557339244,start,ctiBeds,0.0,,,,
Patient_1202,CTI (CC),445711.85500802373,complete,ctiBeds,0.0,,,,
Patient_1202,CTI prepara Encaminhamento,445711.85500802373,start,,0.0,,,,
Patient_1202,CTI prepara Encaminhamento,445748.74900557456,complete,,0.0,,,,
Patient_1202,Encaminha_para a Clinica Medica,445748.74900557456,complete,,,para a Clinica Medica,445748.74900557456,,
Patient_1202,Discharge,445748.74900557456,complete,,,,,,4634.1834321821225
Patient_1203,Arrival,441927.25347808754,complete,,0.0,,,,
Patient_1203,Origem_do Centro Cirurgico,441927.25347808754,complete,,,do Centro Cirurgico,441927.25347808754,,
Patient_1203,CTI (CC),441927.25347808754,start,ctiBeds,0.0,,,,
Patient_1203,CTI (CC),442229.36323843815,complete,ctiBeds,0.0,,,,
Patient_1203,CTI prepara Encaminhamento,442229.36323843815,start,,0.0,,,,
Patient_1203,CTI prepara Encaminhamento,442277.2859728199,complete,,0.0,,,,
Patient_1203,Encaminha_Transferencia Externa,442277.2859728199,complete,,,Transferencia Externa,442277.2859728199,,
Patient_1203,Discharge,442277.2859728199,complete,,,,,,350.03249473235337
Patient_1204,Arrival,442444.8957078805,complete,,0.0,,,,
Patient_1204,Origem_do Centro Cirurgico,442444.8957078805,complete,,,do Centro Cirurgico,442444.8957078805,,
Patient_1204,CTI (CC),442444.8957078805,start,ctiBeds,0.0,,,,
Patient_1204,CTI (CC),452404.3535856487,complete,ctiBeds,0.0,,,,
Patient_1204,CTI prepara Encaminhamento,452404.3535856487,start,,0.0,,,,
Patient_1204,CTI prepara Encaminhamento,452451.2777622444,complete,,0.0,,,,
Patient_1204,Encaminha_Obito,452451.2777622444,complete,,,Obito,452451.2777622444,,
Patient_1204,Discharge,452451.2777622444,complete,,,,,,10006.382054363901
Patient_1205,Arrival,442501.90463895147,complete,,0.0,,,,
Patient_1205,Origem_da Clinica Medica,442501.90463895147,complete,,,da Clinica Medica,442501.90463895147,,
Patient_1205,CTI (CLIM),442501.90463895147,start,ctiBeds,0.0,,,,
Patient_1205,CTI (CLIM),445374.7813757794,complete,ctiBeds,0.0,,,,
Patient_1205,CTI prepara Encaminhamento,445374.7813757794,start,,0.0,,,,
Patient_1205,CTI prepara Encaminhamento,445412.1414338668,complete,,0.0,,,,
Patient_1205,Encaminha_para a Clinica Cirurgica,445412.1414338668,complete,,,para a Clinica Cirurgica,445412.1414338668,,
Patient_1205,Discharge,445412.1414338668,complete,,,,,,2910.2367949153413
Patient_1206,Arrival,442569.63248557656,complete,,0.0,,,,
Patient_1206,Origem_da Clinica Cirurgica,442569.63248557656,complete,,,da Clinica Cirurgica,442569.63248557656,,
Patient_1206,CTI (CLIC),442569.63248557656,start,ctiBeds,0.0,,,,
Patient_1206,CTI (CLIC),442595.5627319299,complete,ctiBeds,0.0,,,,
Patient_1206,CTI prepara Encaminhamento,442595.5627319299,start,,0.0,,,,
Patient_1206,CTI prepara Encaminhamento,442632.56891334814,complete,,0.0,,,,
Patient_1206,Encaminha_para a Clinica Cirurgica,442632.56891334814,complete,,,para a Clinica Cirurgica,442632.56891334814,,
Patient_1206,Discharge,442632.56891334814,complete,,,,,,62.936427771579474
Patient_1207,Arrival,442592.3017952743,complete,,0.0,,,,
Patient_1207,Origem_do Centro Cirurgico,442592.3017952743,complete,,,do Centro Cirurgico,442592.3017952743,,
Patient_1207,CTI (CC),442592.3017952743,start,ctiBeds,0.0,,,,
Patient_1207,CTI (CC),443302.7635057314,complete,ctiBeds,0.0,,,,
Patient_1207,CTI prepara Encaminhamento,443302.7635057314,start,,0.0,,,,
Patient_1207,CTI prepara Encaminhamento,443342.74433226703,complete,,0.0,,,,
Patient_1207,Encaminha_para a Clinica Cirurgica,443342.74433226703,complete,,,para a Clinica Cirurgica,443342.74433226703,,
Patient_1207,Discharge,443342.74433226703,complete,,,,,,750.4425369927194
Patient_1208,Arrival,442783.198682119,complete,,0.0,,,,
Patient_1208,Origem_do Centro Cirurgico,442783.198682119,complete,,,do Centro Cirurgico,442783.198682119,,
Patient_1208,CTI (CC),442783.198682119,start,ctiBeds,0.0,,,,
Patient_1208,CTI (CC),443206.2796846531,complete,ctiBeds,0.0,,,,
Patient_1208,CTI prepara Encaminhamento,443206.2796846531,start,,0.0,,,,
Patient_1208,CTI prepara Encaminhamento,443260.7893307551,complete,,0.0,,,,
Patient_1208,Encaminha_Obito,443260.7893307551,complete,,,Obito,443260.7893307551,,
Patient_1208,Discharge,443260.7893307551,complete,,,,,,477.59064863610547
Patient_1209,Arrival,443274.56839284353,complete,,0.0,,,,
Patient_1209,Origem_da Clinica Cirurgica,443274.56839284353,complete,,,da Clinica Cirurgica,443274.56839284353,,
Patient_1209,CTI (CLIC),443274.56839284353,start,ctiBeds,0.0,,,,
Patient_1209,CTI (CLIC),502090.49762510863,complete,ctiBeds,0.0,,,,
Patient_1209,CTI prepara Encaminhamento,502090.49762510863,start,,0.0,,,,
Patient_1209,CTI prepara Encaminhamento,502143.5794968832,complete,,0.0,,,,
Patient_1209,Encaminha_para a Clinica Medica,502143.5794968832,complete,,,para a Clinica Medica,502143.5794968832,,
Patient_1209,Discharge,502143.5794968832,complete,,,,,,58869.01110403967
Patient_121,Arrival,35077.81582083138,complete,,0.0,,,,
Patient_121,Origem_do Centro Cirurgico,35077.81582083138,complete,,,do Centro Cirurgico,35077.81582083138,,
Patient_121,CTI (CC),35077.81582083138,start,ctiBeds,0.0,,,,
Patient_121,CTI (CC),37057.546374078906,complete,ctiBeds,0.0,,,,
Patient_121,CTI prepara Encaminhamento,37057.546374078906,start,,0.0,,,,
Patient_121,CTI prepara Encaminhamento,37088.32373973209,complete,,0.0,,,,
Patient_121,Encaminha_para a Clinica Cirurgica,37088.32373973209,complete,,,para a Clinica Cirurgica,37088.32373973209,,
Patient_121,Discharge,37088.32373973209,complete,,,,,,2010.5079189007083
Patient_1210,Arrival,443399.9548221771,complete,,0.0,,,,
Patient_1210,Origem_do Centro Cirurgico,443399.9548221771,complete,,,do Centro Cirurgico,443399.9548221771,,
Patient_1210,CTI (CC),443399.9548221771,start,ctiBeds,0.0,,,,
Patient_1210,CTI (CC),461063.1050453168,complete,ctiBeds,0.0,,,,
Patient_1210,CTI prepara Encaminhamento,461063.1050453168,start,,0.0,,,,
Patient_1210,CTI prepara Encaminhamento,461106.75520141795,complete,,0.0,,,,
Patient_1210,Encaminha_Transferencia Externa,461106.75520141795,complete,,,Transferencia Externa,461106.75520141795,,
Patient_1210,Discharge,461106.75520141795,complete,,,,,,17706.800379240827
Patient_1211,Arrival,443719.09578340827,complete,,0.0,,,,
Patient_1211,Origem_do Centro Cirurgico,443719.09578340827,complete,,,do Centro Cirurgico,443719.09578340827,,
Patient_1211,CTI (CC),443719.09578340827,start,ctiBeds,0.0,,,,
Patient_1211,CTI (CC),453512.82817220537,complete,ctiBeds,0.0,,,,
Patient_1211,CTI prepara Encaminhamento,453512.82817220537,start,,0.0,,,,
Patient_1211,CTI prepara Encaminhamento,453543.19005830743,complete,,0.0,,,,
Patient_1211,Encaminha_para a Clinica Cirurgica,453543.19005830743,complete,,,para a Clinica Cirurgica,453543.19005830743,,
Patient_1211,Discharge,453543.19005830743,complete,,,,,,9824.094274899166
Patient_1212,Arrival,443841.6198864266,complete,,0.0,,,,
Patient_1212,Origem_da Clinica Medica,443841.6198864266,complete,,,da Clinica Medica,443841.6198864266,,
Patient_1212,CTI (CLIM),443841.6198864266,start,ctiBeds,0.0,,,,
Patient_1212,CTI (CLIM),449889.77794139204,complete,ctiBeds,0.0,,,,
Patient_1212,CTI prepara Encaminhamento,449889.77794139204,start,,0.0,,,,
Patient_1212,CTI prepara Encaminhamento,449939.4327475127,complete,,0.0,,,,
Patient_1212,Encaminha_para a Clinica Cirurgica,449939.4327475127,complete,,,para a Clinica Cirurgica,449939.4327475127,,
Patient_1212,Discharge,449939.4327475127,complete,,,,,,6097.812861086102
Patient_1213,Arrival,443873.0262904114,complete,,0.0,,,,
Patient_1213,Origem_do Centro Cirurgico,443873.0262904114,complete,,,do Centro Cirurgico,443873.0262904114,,
Patient_1213,CTI (CC),443873.0262904114,start,ctiBeds,0.0,,,,
Patient_1213,CTI (CC),444737.1644634176,complete,ctiBeds,0.0,,,,
Patient_1213,CTI prepara Encaminhamento,444737.1644634176,start,,0.0,,,,
Patient_1213,CTI prepara Encaminhamento,444774.54197496077,complete,,0.0,,,,
Patient_1213,Encaminha_para a Clinica Medica,444774.54197496077,complete,,,para a Clinica Medica,444774.54197496077,,
Patient_1213,Discharge,444774.54197496077,complete,,,,,,901.5156845493475
Patient_1214,Arrival,443912.55152360466,complete,,0.0,,,,
Patient_1214,Origem_do Centro Cirurgico,443912.55152360466,complete,,,do Centro Cirurgico,443912.55152360466,,
Patient_1214,CTI (CC),443912.55152360466,start,ctiBeds,0.0,,,,
Patient_1214,CTI (CC),450209.90723145305,complete,ctiBeds,0.0,,,,
Patient_1214,CTI prepara Encaminhamento,450209.90723145305,start,,0.0,,,,
Patient_1214,CTI prepara Encaminhamento,450257.19047377707,complete,,0.0,,,,
Patient_1214,Encaminha_para a Clinica Medica,450257.19047377707,complete,,,para a Clinica Medica,450257.19047377707,,
Patient_1214,Discharge,450257.19047377707,complete,,,,,,6344.638950172404
Patient_1215,Arrival,444550.7687985016,complete,,0.0,,,,
Patient_1215,Origem_do Pronto Socorro,444550.7687985016,complete,,,do Pronto Socorro,444550.7687985016,,
Patient_1215,CTI (PS),444550.7687985016,start,ctiBeds,0.0,,,,
Patient_1215,CTI (PS),447437.5907952629,complete,ctiBeds,0.0,,,,
Patient_1215,CTI prepara Encaminhamento,447437.5907952629,start,,0.0,,,,
Patient_1215,CTI prepara Encaminhamento,447490.13498651364,complete,,0.0,,,,
Patient_1215,Encaminha_para a Clinica Cirurgica,447490.13498651364,complete,,,para a Clinica Cirurgica,447490.13498651364,,
Patient_1215,Discharge,447490.13498651364,complete,,,,,,2939.3661880120635
Patient_1216,Arrival,444581.28598525614,complete,,0.0,,,,
Patient_1216,Origem_do Pronto Socorro,444581.28598525614,complete,,,do Pronto Socorro,444581.28598525614,,
Patient_1216,CTI (PS),444581.28598525614,start,ctiBeds,0.0,,,,
Patient_1216,CTI (PS),479561.28481821506,complete,ctiBeds,0.0,,,,
Patient_1216,CTI prepara Encaminhamento,479561.28481821506,start,,0.0,,,,
Patient_1216,CTI prepara Encaminhamento,479594.4373039973,complete,,0.0,,,,
Patient_1216,Encaminha_para a Clinica Cirurgica,479594.4373039973,complete,,,para a Clinica Cirurgica,479594.4373039973,,
Patient_1216,Discharge,479594.4373039973,complete,,,,,,35013.15131874115
Patient_1217,Arrival,444701.66909091896,complete,,0.0,,,,
Patient_1217,Origem_da Clinica Cirurgica,444701.66909091896,complete,,,da Clinica Cirurgica,444701.66909091896,,
Patient_1217,CTI (CLIC),444701.66909091896,start,ctiBeds,0.0,,,,
Patient_1217,CTI (CLIC),449437.5892028875,complete,ctiBeds,0.0,,,,
Patient_1217,CTI prepara Encaminhamento,449437.5892028875,start,,0.0,,,,
Patient_1217,CTI prepara Encaminhamento,449481.456610489,complete,,0.0,,,,
Patient_1217,Encaminha_Transferencia Externa,449481.456610489,complete,,,Transferencia Externa,449481.456610489,,
Patient_1217,Discharge,449481.456610489,complete,,,,,,4779.787519570033
Patient_1218,Arrival,444785.5838418569,complete,,0.0,,,,
Patient_1218,Origem_do Pronto Socorro,444785.5838418569,complete,,,do Pronto Socorro,444785.5838418569,,
Patient_1218,CTI (PS),444785.5838418569,start,ctiBeds,0.0,,,,
Patient_1218,CTI (PS),453633.74502803746,complete,ctiBeds,0.0,,,,
Patient_1218,CTI prepara Encaminhamento,453633.74502803746,start,,0.0,,,,
Patient_1218,CTI prepara Encaminhamento,453688.4959766948,complete,,0.0,,,,
Patient_1218,Encaminha_para a Clinica Cirurgica,453688.4959766948,complete,,,para a Clinica Cirurgica,453688.4959766948,,
Patient_1218,Discharge,453688.4959766948,complete,,,,,,8902.912134837883
Patient_1219,Arrival,445167.50956017704,complete,,0.0,,,,
Patient_1219,Origem_do Centro Cirurgico,445167.50956017704,complete,,,do Centro Cirurgico,445167.50956017704,,
Patient_1219,CTI (CC),445167.50956017704,start,ctiBeds,0.0,,,,
Patient_1219,CTI (CC),467435.3238368207,complete,ctiBeds,0.0,,,,
Patient_1219,CTI prepara Encaminhamento,467435.3238368207,start,,0.0,,,,
Patient_1219,CTI prepara Encaminhamento,467473.18847906735,complete,,0.0,,,,
Patient_1219,Encaminha_Obito,467473.18847906735,complete,,,Obito,467473.18847906735,,
Patient_1219,Discharge,467473.18847906735,complete,,,,,,22305.678918890306
Patient_122,Arrival,35093.0992821009,complete,,0.0,,,,
Patient_122,Origem_do Pronto Socorro,35093.0992821009,complete,,,do Pronto Socorro,35093.0992821009,,
Patient_122,CTI (PS),35093.0992821009,start,ctiBeds,0.0,,,,
Patient_122,CTI (PS),41380.894801978364,complete,ctiBeds,0.0,,,,
Patient_122,CTI prepara Encaminhamento,41380.894801978364,start,,0.0,,,,
Patient_122,CTI prepara Encaminhamento,41437.4095523191,complete,,0.0,,,,
Patient_122,Encaminha_Obito,41437.4095523191,complete,,,Obito,41437.4095523191,,
Patient_122,Discharge,41437.4095523191,complete,,,,,,6344.3102702182005
Patient_1220,Arrival,445461.2457998668,complete,,0.0,,,,
Patient_1220,Origem_do Pronto Socorro,445461.2457998668,complete,,,do Pronto Socorro,445461.2457998668,,
Patient_1220,CTI (PS),445461.2457998668,start,ctiBeds,0.0,,,,
Patient_1220,CTI (PS),450523.1462004083,complete,ctiBeds,0.0,,,,
Patient_1220,CTI prepara Encaminhamento,450523.1462004083,start,,0.0,,,,
Patient_1220,CTI prepara Encaminhamento,450556.24003328214,complete,,0.0,,,,
Patient_1220,Encaminha_para a Clinica Medica,450556.24003328214,complete,,,para a Clinica Medica,450556.24003328214,,
Patient_1220,Discharge,450556.24003328214,complete,,,,,,5094.994233415346
Patient_1221,Arrival,445498.53463122714,complete,,0.0,,,,
Patient_1221,Origem_do Pronto Socorro,445498.53463122714,complete,,,do Pronto Socorro,445498.53463122714,,
Patient_1221,CTI (PS),445498.53463122714,start,ctiBeds,0.0,,,,
Patient_1221,CTI (PS),472001.1277971576,complete,ctiBeds,0.0,,,,
Patient_1221,CTI prepara Encaminhamento,472001.1277971576,start,,0.0,,,,
Patient_1221,CTI prepara Encaminhamento,472059.7289526367,complete,,0.0,,,,
Patient_1221,Encaminha_para a Clinica Medica,472059.7289526367,complete,,,para a Clinica Medica,472059.7289526367,,
Patient_1221,Discharge,472059.7289526367,complete,,,,,,26561.194321409566
Patient_1222,Arrival,445725.15420333983,complete,,0.0,,,,
Patient_1222,Origem_do Centro Cirurgico,445725.15420333983,complete,,,do Centro Cirurgico,445725.15420333983,,
Patient_1222,CTI (CC),445725.15420333983,start,ctiBeds,0.0,,,,
Patient_1222,CTI (CC),445822.63810601534,complete,ctiBeds,0.0,,,,
Patient_1222,CTI prepara Encaminhamento,445822.63810601534,start,,0.0,,,,
Patient_1222,CTI prepara Encaminhamento,445864.92674170097,complete,,0.0,,,,
Patient_1222,Encaminha_para a Clinica Cirurgica,445864.92674170097,complete,,,para a Clinica Cirurgica,445864.92674170097,,
Patient_1222,Discharge,445864.92674170097,complete,,,,,,139.7725383611396
Patient_1223,Arrival,445763.40363877866,complete,,0.0,,,,
Patient_1223,Origem_da Clinica Medica,445763.40363877866,complete,,,da Clinica Medica,445763.40363877866,,
Patient_1223,CTI (CLIM),445763.40363877866,start,ctiBeds,0.0,,,,
Patient_1223,CTI (CLIM),446314.60048074595,complete,ctiBeds,0.0,,,,
Patient_1223,CTI prepara Encaminhamento,446314.60048074595,start,,0.0,,,,
Patient_1223,CTI prepara Encaminhamento,446351.1822197588,complete,,0.0,,,,
Patient_1223,Encaminha_para a Clinica Cirurgica,446351.1822197588,complete,,,para a Clinica Cirurgica,446351.1822197588,,
Patient_1223,Discharge,446351.1822197588,complete,,,,,,587.7785809801426
Patient_1224,Arrival,445915.5541916667,complete,,0.0,,,,
Patient_1224,Origem_do Centro Cirurgico,445915.5541916667,complete,,,do Centro Cirurgico,445915.5541916667,,
Patient_1224,CTI (CC),445915.5541916667,start,ctiBeds,0.0,,,,
Patient_1224,CTI (CC),460569.7641023524,complete,ctiBeds,0.0,,,,
Patient_1224,CTI prepara Encaminhamento,460569.7641023524,start,,0.0,,,,
Patient_1224,CTI prepara Encaminhamento,460624.4755434203,complete,,0.0,,,,
Patient_1224,Encaminha_para a Clinica Medica,460624.4755434203,complete,,,para a Clinica Medica,460624.4755434203,,
Patient_1224,Discharge,460624.4755434203,complete,,,,,,14708.921351753583
Patient_1225,Arrival,446045.9288259077,complete,,0.0,,,,
Patient_1225,Origem_do Centro Cirurgico,446045.9288259077,complete,,,do Centro Cirurgico,446045.9288259077,,
Patient_1225,CTI (CC),446045.9288259077,start,ctiBeds,0.0,,,,
Patient_1225,CTI (CC),446519.6236519644,complete,ctiBeds,0.0,,,,
Patient_1225,CTI prepara Encaminhamento,446519.6236519644,start,,0.0,,,,
Patient_1225,CTI prepara Encaminhamento,446569.67699487635,complete,,0.0,,,,
Patient_1225,Encaminha_para a Clinica Medica,446569.67699487635,complete,,,para a Clinica Medica,446569.67699487635,,
Patient_1225,Discharge,446569.67699487635,complete,,,,,,523.7481689686538
Patient_1226,Arrival,446124.0992099991,complete,,0.0,,,,
Patient_1226,Origem_do Centro Cirurgico,446124.0992099991,complete,,,do Centro Cirurgico,446124.0992099991,,
Patient_1226,CTI (CC),446124.0992099991,start,ctiBeds,0.0,,,,
Patient_1226,CTI (CC),446905.4475768901,complete,ctiBeds,0.0,,,,
Patient_1226,CTI prepara Encaminhamento,446905.4475768901,start,,0.0,,,,
Patient_1226,CTI prepara Encaminhamento,446953.42415924155,complete,,0.0,,,,
Patient_1226,Encaminha_para a Clinica Medica,446953.42415924155,complete,,,para a Clinica Medica,446953.42415924155,,
Patient_1226,Discharge,446953.42415924155,complete,,,,,,829.3249492424657
Patient_1227,Arrival,446453.95044559945,complete,,0.0,,,,
Patient_1227,Origem_da Clinica Cirurgica,446453.95044559945,complete,,,da Clinica Cirurgica,446453.95044559945,,
Patient_1227,CTI (CLIC),446453.95044559945,start,ctiBeds,0.0,,,,
Patient_1227,CTI (CLIC),474138.2464873525,complete,ctiBeds,0.0,,,,
Patient_1227,CTI prepara Encaminhamento,474138.2464873525,start,,0.0,,,,
Patient_1227,CTI prepara Encaminhamento,474174.9686340711,complete,,0.0,,,,
Patient_1227,Encaminha_Obito,474174.9686340711,complete,,,Obito,474174.9686340711,,
Patient_1227,Discharge,474174.9686340711,complete,,,,,,27721.018188471673
Patient_1228,Arrival,447332.3168137866,complete,,0.0,,,,
Patient_1228,Origem_do Centro Cirurgico,447332.3168137866,complete,,,do Centro Cirurgico,447332.3168137866,,
Patient_1228,CTI (CC),447332.3168137866,start,ctiBeds,0.0,,,,
Patient_1228,CTI (CC),455051.2205446576,complete,ctiBeds,0.0,,,,
Patient_1228,CTI prepara Encaminhamento,455051.2205446576,start,,0.0,,,,
Patient_1228,CTI prepara Encaminhamento,455101.61420592904,complete,,0.0,,,,
Patient_1228,Encaminha_para a Clinica Cirurgica,455101.61420592904,complete,,,para a Clinica Cirurgica,455101.61420592904,,
Patient_1228,Discharge,455101.61420592904,complete,,,,,,7769.297392142471
Patient_1229,Arrival,447517.7955342483,complete,,0.0,,,,
Patient_1229,Origem_do Centro Cirurgico,447517.7955342483,complete,,,do Centro Cirurgico,447517.7955342483,,
Patient_1229,CTI (CC),447517.7955342483,start,ctiBeds,0.0,,,,
Patient_1229,CTI (CC),450311.6901768889,complete,ctiBeds,0.0,,,,
Patient_1229,CTI prepara Encaminhamento,450311.6901768889,start,,0.0,,,,
Patient_1229,CTI prepara Encaminhamento,450368.3003063959,complete,,0.0,,,,
Patient_1229,Encaminha_para a Clinica Medica,450368.3003063959,complete,,,para a Clinica Medica,450368.3003063959,,
Patient_1229,Discharge,450368.3003063959,complete,,,,,,2850.5047721476294
Patient_123,Arrival,35680.77762285337,complete,,0.0,,,,
Patient_123,Origem_da Clinica Cirurgica,35680.77762285337,complete,,,da Clinica Cirurgica,35680.77762285337,,
Patient_123,CTI (CLIC),35680.77762285337,start,ctiBeds,0.0,,,,
Patient_123,CTI (CLIC),46000.528937810275,complete,ctiBeds,0.0,,,,
Patient_123,CTI prepara Encaminhamento,46000.528937810275,start,,0.0,,,,
Patient_123,CTI prepara Encaminhamento,46050.78055480822,complete,,0.0,,,,
Patient_123,Encaminha_para a Clinica Cirurgica,46050.78055480822,complete,,,para a Clinica Cirurgica,46050.78055480822,,
Patient_123,Discharge,46050.78055480822,complete,,,,,,10370.002931954848
Patient_1230,Arrival,447744.3010601857,complete,,0.0,,,,
Patient_1230,Origem_do Centro Cirurgico,447744.3010601857,complete,,,do Centro Cirurgico,447744.3010601857,,
Patient_1230,CTI (CC),447744.3010601857,start,ctiBeds,0.0,,,,
Patient_1230,CTI (CC),450910.6358034506,complete,ctiBeds,0.0,,,,
Patient_1230,CTI prepara Encaminhamento,450910.6358034506,start,,0.0,,,,
Patient_1230,CTI prepara Encaminhamento,450946.7107345125,complete,,0.0,,,,
Patient_1230,Encaminha_Obito,450946.7107345125,complete,,,Obito,450946.7107345125,,
Patient_1230,Discharge,450946.7107345125,complete,,,,,,3202.409674326773
Patient_1231,Arrival,447789.5729538794,complete,,0.0,,,,
Patient_1231,Origem_do Pronto Socorro,447789.5729538794,complete,,,do Pronto Socorro,447789.5729538794,,
Patient_1231,CTI (PS),447789.5729538794,start,ctiBeds,0.0,,,,
Patient_1231,CTI (PS),451424.2027032869,complete,ctiBeds,0.0,,,,
Patient_1231,CTI prepara Encaminhamento,451424.2027032869,start,,0.0,,,,
Patient_1231,CTI prepara Encaminhamento,451467.0194704995,complete,,0.0,,,,
Patient_1231,Encaminha_para a Clinica Medica,451467.0194704995,complete,,,para a Clinica Medica,451467.0194704995,,
Patient_1231,Discharge,451467.0194704995,complete,,,,,,3677.4465166200534
Patient_1232,Arrival,448510.70191213285,complete,,0.0,,,,
Patient_1232,Origem_do Centro Cirurgico,448510.70191213285,complete,,,do Centro Cirurgico,448510.70191213285,,
Patient_1232,CTI (CC),448510.70191213285,start,ctiBeds,0.0,,,,
Patient_1232,CTI (CC),459136.1085513213,complete,ctiBeds,0.0,,,,
Patient_1232,CTI prepara Encaminhamento,459136.1085513213,start,,0.0,,,,
Patient_1232,CTI prepara Encaminhamento,459174.7033665249,complete,,0.0,,,,
Patient_1232,Encaminha_para a Clinica Medica,459174.7033665249,complete,,,para a Clinica Medica,459174.7033665249,,
Patient_1232,Discharge,459174.7033665249,complete,,,,,,10664.00145439204
Patient_1233,Arrival,448604.11443994846,complete,,0.0,,,,
Patient_1233,Origem_do Centro Cirurgico,448604.11443994846,complete,,,do Centro Cirurgico,448604.11443994846,,
Patient_1233,CTI (CC),448604.11443994846,start,ctiBeds,0.0,,,,
Patient_1233,CTI (CC),450449.82591429405,complete,ctiBeds,0.0,,,,
Patient_1233,CTI prepara Encaminhamento,450449.82591429405,start,,0.0,,,,
Patient_1233,CTI prepara Encaminhamento,450489.25916281546,complete,,0.0,,,,
Patient_1233,Encaminha_para a Clinica Medica,450489.25916281546,complete,,,para a Clinica Medica,450489.25916281546,,
Patient_1233,Discharge,450489.25916281546,complete,,,,,,1885.1447228670004
Patient_1234,Arrival,449359.3062804567,complete,,0.0,,,,
Patient_1234,Origem_do Centro Cirurgico,449359.3062804567,complete,,,do Centro Cirurgico,449359.3062804567,,
Patient_1234,CTI (CC),449359.3062804567,start,ctiBeds,0.0,,,,
Patient_1234,CTI (CC),451104.9657177712,complete,ctiBeds,0.0,,,,
Patient_1234,CTI prepara Encaminhamento,451104.9657177712,start,,0.0,,,,
Patient_1234,CTI prepara Encaminhamento,451138.62040478026,complete,,0.0,,,,
Patient_1234,Encaminha_Obito,451138.62040478026,complete,,,Obito,451138.62040478026,,
Patient_1234,Discharge,451138.62040478026,complete,,,,,,1779.314124323544
Patient_1235,Arrival,449435.5102747885,complete,,0.0,,,,
Patient_1235,Origem_do Pronto Socorro,449435.5102747885,complete,,,do Pronto Socorro,449435.5102747885,,
Patient_1235,CTI (PS),449435.5102747885,start,ctiBeds,0.0,,,,
Patient_1235,CTI (PS),469602.6315469439,complete,ctiBeds,0.0,,,,
Patient_1235,CTI prepara Encaminhamento,469602.6315469439,start,,0.0,,,,
Patient_1235,CTI prepara Encaminhamento,469646.7633383118,complete,,0.0,,,,
Patient_1235,Encaminha_para a Clinica Cirurgica,469646.7633383118,complete,,,para a Clinica Cirurgica,469646.7633383118,,
Patient_1235,Discharge,469646.7633383118,complete,,,,,,20211.253063523327
Patient_1236,Arrival,449609.0814229945,complete,,0.0,,,,
Patient_1236,Origem_da Maternidade,449609.0814229945,complete,,,da Maternidade,449609.0814229945,,
Patient_1236,CTI (MAT),449609.0814229945,start,ctiBeds,0.0,,,,
Patient_1236,CTI (MAT),450513.02016744646,complete,ctiBeds,0.0,,,,
Patient_1236,CTI prepara Encaminhamento,450513.02016744646,start,,0.0,,,,
Patient_1236,CTI prepara Encaminhamento,450570.92978892016,complete,,0.0,,,,
Patient_1236,Encaminha_para a Clinica Medica,450570.92978892016,complete,,,para a Clinica Medica,450570.92978892016,,
Patient_1236,Discharge,450570.92978892016,complete,,,,,,961.8483659256599
Patient_1237,Arrival,450358.9793386286,complete,,0.0,,,,
Patient_1237,Origem_do Centro Cirurgico,450358.9793386286,complete,,,do Centro Cirurgico,450358.9793386286,,
Patient_1237,CTI (CC),450358.9793386286,start,ctiBeds,0.0,,,,
Patient_1237,CTI (CC),451725.61996276595,complete,ctiBeds,0.0,,,,
Patient_1237,CTI prepara Encaminhamento,451725.61996276595,start,,0.0,,,,
Patient_1237,CTI prepara Encaminhamento,451780.3785687821,complete,,0.0,,,,
Patient_1237,Encaminha_Obito,451780.3785687821,complete,,,Obito,451780.3785687821,,
Patient_1237,Discharge,451780.3785687821,complete,,,,,,1421.3992301535327
Patient_1238,Arrival,451068.4072338036,complete,,0.0,,,,
Patient_1238,Origem_da Clinica Cirurgica,451068.4072338036,complete,,,da Clinica Cirurgica,451068.4072338036,,
Patient_1238,CTI (CLIC),451068.4072338036,start,ctiBeds,0.0,,,,
Patient_1238,CTI (CLIC),451740.29790854023,complete,ctiBeds,0.0,,,,
Patient_1238,CTI prepara Encaminhamento,451740.29790854023,start,,0.0,,,,
Patient_1238,CTI prepara Encaminhamento,451796.7880404032,complete,,0.0,,,,
Patient_1238,Encaminha_para a Clinica Medica,451796.7880404032,complete,,,para a Clinica Medica,451796.7880404032,,
Patient_1238,Discharge,451796.7880404032,complete,,,,,,728.3808065996272
Patient_1239,Arrival,451933.73597395915,complete,,0.0,,,,
Patient_1239,Origem_do Centro Cirurgico,451933.73597395915,complete,,,do Centro Cirurgico,451933.73597395915,,
Patient_1239,CTI (CC),451933.73597395915,start,ctiBeds,0.0,,,,
Patient_1239,CTI (CC),453907.2414279847,complete,ctiBeds,0.0,,,,
Patient_1239,CTI prepara Encaminhamento,453907.2414279847,start,,0.0,,,,
Patient_1239,CTI prepara Encaminhamento,453964.821753174,complete,,0.0,,,,
Patient_1239,Encaminha_para a Clinica Medica,453964.821753174,complete,,,para a Clinica Medica,453964.821753174,,
Patient_1239,Discharge,453964.821753174,complete,,,,,,2031.08577921486
Patient_124,Arrival,36275.55042644886,complete,,0.0,,,,
Patient_124,Origem_do Pronto Socorro,36275.55042644886,complete,,,do Pronto Socorro,36275.55042644886,,
Patient_124,CTI (PS),36275.55042644886,start,ctiBeds,0.0,,,,
Patient_124,CTI (PS),48546.60008781393,complete,ctiBeds,0.0,,,,
Patient_124,CTI prepara Encaminhamento,48546.60008781393,start,,0.0,,,,
Patient_124,CTI prepara Encaminhamento,48596.456794708894,complete,,0.0,,,,
Patient_124,Encaminha_para a Clinica Medica,48596.456794708894,complete,,,para a Clinica Medica,48596.456794708894,,
Patient_124,Discharge,48596.456794708894,complete,,,,,,12320.906368260032
Patient_1240,Arrival,452470.5661737425,complete,,0.0,,,,
Patient_1240,Origem_do Centro Cirurgico,452470.5661737425,complete,,,do Centro Cirurgico,452470.5661737425,,
Patient_1240,CTI (CC),452470.5661737425,start,ctiBeds,0.0,,,,
Patient_1241,Arrival,452949.71912349993,complete,,0.0,,,,
Patient_1241,Origem_do Centro Cirurgico,452949.71912349993,complete,,,do Centro Cirurgico,452949.71912349993,,
Patient_1241,CTI (CC),452949.71912349993,start,ctiBeds,0.0,,,,
Patient_1241,CTI (CC),453203.4555426999,complete,ctiBeds,0.0,,,,
Patient_1241,CTI prepara Encaminhamento,453203.4555426999,start,,0.0,,,,
Patient_1241,CTI prepara Encaminhamento,453247.5466242227,complete,,0.0,,,,
Patient_1241,Encaminha_Obito,453247.5466242227,complete,,,Obito,453247.5466242227,,
Patient_1241,Discharge,453247.5466242227,complete,,,,,,297.8275007227785
Patient_1242,Arrival,453429.2902357423,complete,,0.0,,,,
Patient_1242,Origem_do Centro Cirurgico,453429.2902357423,complete,,,do Centro Cirurgico,453429.2902357423,,
Patient_1242,CTI (CC),453429.2902357423,start,ctiBeds,0.0,,,,
Patient_1242,CTI (CC),460071.64258782193,complete,ctiBeds,0.0,,,,
Patient_1242,CTI prepara Encaminhamento,460071.64258782193,start,,0.0,,,,
Patient_1242,CTI prepara Encaminhamento,460108.8194652034,complete,,0.0,,,,
Patient_1242,Encaminha_para a Clinica Cirurgica,460108.8194652034,complete,,,para a Clinica Cirurgica,460108.8194652034,,
Patient_1242,Discharge,460108.8194652034,complete,,,,,,6679.529229461099
Patient_1243,Arrival,453890.2946551583,complete,,0.0,,,,
Patient_1243,Origem_do Pronto Socorro,453890.2946551583,complete,,,do Pronto Socorro,453890.2946551583,,
Patient_1243,CTI (PS),453890.2946551583,start,ctiBeds,0.0,,,,
Patient_1243,CTI (PS),457161.67927975714,complete,ctiBeds,0.0,,,,
Patient_1243,CTI prepara Encaminhamento,457161.67927975714,start,,0.0,,,,
Patient_1243,CTI prepara Encaminhamento,457206.00590855046,complete,,0.0,,,,
Patient_1243,Encaminha_Obito,457206.00590855046,complete,,,Obito,457206.00590855046,,
Patient_1243,Discharge,457206.00590855046,complete,,,,,,3315.711253392161
Patient_1244,Arrival,454034.31171883526,complete,,0.0,,,,
Patient_1244,Origem_do Centro Cirurgico,454034.31171883526,complete,,,do Centro Cirurgico,454034.31171883526,,
Patient_1244,CTI (CC),454034.31171883526,start,ctiBeds,0.0,,,,
Patient_1244,CTI (CC),461240.0822783379,complete,ctiBeds,0.0,,,,
Patient_1244,CTI prepara Encaminhamento,461240.0822783379,start,,0.0,,,,
Patient_1244,CTI prepara Encaminhamento,461296.3108254236,complete,,0.0,,,,
Patient_1244,Encaminha_para a Clinica Cirurgica,461296.3108254236,complete,,,para a Clinica Cirurgica,461296.3108254236,,
Patient_1244,Discharge,461296.3108254236,complete,,,,,,7261.999106588366
Patient_1245,Arrival,454179.66416986554,complete,,0.0,,,,
Patient_1245,Origem_do Centro Cirurgico,454179.66416986554,complete,,,do Centro Cirurgico,454179.66416986554,,
Patient_1245,CTI (CC),454179.66416986554,start,ctiBeds,0.0,,,,
Patient_1245,CTI (CC),456761.8902984437,complete,ctiBeds,0.0,,,,
Patient_1245,CTI prepara Encaminhamento,456761.8902984437,start,,0.0,,,,
Patient_1245,CTI prepara Encaminhamento,456821.21004896157,complete,,0.0,,,,
Patient_1245,Encaminha_Obito,456821.21004896157,complete,,,Obito,456821.21004896157,,
Patient_1245,Discharge,456821.21004896157,complete,,,,,,2641.5458790960256
Patient_1246,Arrival,454417.74719906255,complete,,0.0,,,,
Patient_1246,Origem_do Pronto Socorro,454417.74719906255,complete,,,do Pronto Socorro,454417.74719906255,,
Patient_1246,CTI (PS),454417.74719906255,start,ctiBeds,0.0,,,,
Patient_1246,CTI (PS),463506.6590770202,complete,ctiBeds,0.0,,,,
Patient_1246,CTI prepara Encaminhamento,463506.6590770202,start,,0.0,,,,
Patient_1246,CTI prepara Encaminhamento,463562.81790875614,complete,,0.0,,,,
Patient_1246,Encaminha_para a Clinica Cirurgica,463562.81790875614,complete,,,para a Clinica Cirurgica,463562.81790875614,,
Patient_1246,Discharge,463562.81790875614,complete,,,,,,9145.070709693595
Patient_1247,Arrival,455000.8246638775,complete,,0.0,,,,
Patient_1247,Origem_da Clinica Medica,455000.8246638775,complete,,,da Clinica Medica,455000.8246638775,,
Patient_1247,CTI (CLIM),455000.8246638775,start,ctiBeds,0.0,,,,
Patient_1247,CTI (CLIM),455935.26924350584,complete,ctiBeds,0.0,,,,
Patient_1247,CTI prepara Encaminhamento,455935.26924350584,start,,0.0,,,,
Patient_1247,CTI prepara Encaminhamento,455991.2720929265,complete,,0.0,,,,
Patient_1247,Encaminha_para a Clinica Cirurgica,455991.2720929265,complete,,,para a Clinica Cirurgica,455991.2720929265,,
Patient_1247,Discharge,455991.2720929265,complete,,,,,,990.4474290490034
Patient_1248,Arrival,455374.7720407522,complete,,0.0,,,,
Patient_1248,Origem_do Centro Cirurgico,455374.7720407522,complete,,,do Centro Cirurgico,455374.7720407522,,
Patient_1248,CTI (CC),455374.7720407522,start,ctiBeds,0.0,,,,
Patient_1248,CTI (CC),459726.9500633183,complete,ctiBeds,0.0,,,,
Patient_1248,CTI prepara Encaminhamento,459726.9500633183,start,,0.0,,,,
Patient_1248,CTI prepara Encaminhamento,459771.89193374396,complete,,0.0,,,,
Patient_1248,Encaminha_para a Clinica Cirurgica,459771.89193374396,complete,,,para a Clinica Cirurgica,459771.89193374396,,
Patient_1248,Discharge,459771.89193374396,complete,,,,,,4397.11989299173
Patient_1249,Arrival,455566.6535880725,complete,,0.0,,,,
Patient_1249,Origem_do Pronto Socorro,455566.6535880725,complete,,,do Pronto Socorro,455566.6535880725,,
Patient_1249,CTI (PS),455566.6535880725,start,ctiBeds,0.0,,,,
Patient_1249,CTI (PS),457034.9380936814,complete,ctiBeds,0.0,,,,
Patient_1249,CTI prepara Encaminhamento,457034.9380936814,start,,0.0,,,,
Patient_1249,CTI prepara Encaminhamento,457074.433854793,complete,,0.0,,,,
Patient_1249,Encaminha_Transferencia Externa,457074.433854793,complete,,,Transferencia Externa,457074.433854793,,
Patient_1249,Discharge,457074.433854793,complete,,,,,,1507.7802667205106
Patient_125,Arrival,36336.2371446328,complete,,0.0,,,,
Patient_125,Origem_do Pronto Socorro,36336.2371446328,complete,,,do Pronto Socorro,36336.2371446328,,
Patient_125,CTI (PS),36336.2371446328,start,ctiBeds,0.0,,,,
Patient_125,CTI (PS),49234.235366830726,complete,ctiBeds,0.0,,,,
Patient_125,CTI prepara Encaminhamento,49234.235366830726,start,,0.0,,,,
Patient_125,CTI prepara Encaminhamento,49273.066694989866,complete,,0.0,,,,
Patient_125,Encaminha_para a Clinica Medica,49273.066694989866,complete,,,para a Clinica Medica,49273.066694989866,,
Patient_125,Discharge,49273.066694989866,complete,,,,,,12936.829550357063
Patient_1250,Arrival,456518.8170669836,complete,,0.0,,,,
Patient_1250,Origem_do Centro Cirurgico,456518.8170669836,complete,,,do Centro Cirurgico,456518.8170669836,,
Patient_1250,CTI (CC),456518.8170669836,start,ctiBeds,0.0,,,,
Patient_1250,CTI (CC),462690.0460440811,complete,ctiBeds,0.0,,,,
Patient_1250,CTI prepara Encaminhamento,462690.0460440811,start,,0.0,,,,
Patient_1250,CTI prepara Encaminhamento,462736.9482372531,complete,,0.0,,,,
Patient_1250,Encaminha_para a Clinica Medica,462736.9482372531,complete,,,para a Clinica Medica,462736.9482372531,,
Patient_1250,Discharge,462736.9482372531,complete,,,,,,6218.131170269509
Patient_1251,Arrival,457093.75801362784,complete,,0.0,,,,
Patient_1251,Origem_do Pronto Socorro,457093.75801362784,complete,,,do Pronto Socorro,457093.75801362784,,
Patient_1251,CTI (PS),457093.75801362784,start,ctiBeds,0.0,,,,
Patient_1251,CTI (PS),490361.8988225924,complete,ctiBeds,0.0,,,,
Patient_1251,CTI prepara Encaminhamento,490361.8988225924,start,,0.0,,,,
Patient_1251,CTI prepara Encaminhamento,490413.9011780388,complete,,0.0,,,,
Patient_1251,Encaminha_para a Clinica Cirurgica,490413.9011780388,complete,,,para a Clinica Cirurgica,490413.9011780388,,
Patient_1251,Discharge,490413.9011780388,complete,,,,,,33320.143164410954
Patient_1252,Arrival,457223.2629698098,complete,,0.0,,,,
Patient_1252,Origem_do Centro Cirurgico,457223.2629698098,complete,,,do Centro Cirurgico,457223.2629698098,,
Patient_1252,CTI (CC),457223.2629698098,start,ctiBeds,0.0,,,,
Patient_1252,CTI (CC),457514.6879822079,complete,ctiBeds,0.0,,,,
Patient_1252,CTI prepara Encaminhamento,457514.6879822079,start,,0.0,,,,
Patient_1252,CTI prepara Encaminhamento,457562.2365674896,complete,,0.0,,,,
Patient_1252,Encaminha_Obito,457562.2365674896,complete,,,Obito,457562.2365674896,,
Patient_1252,Discharge,457562.2365674896,complete,,,,,,338.97359767981106
Patient_1253,Arrival,457953.1665209798,complete,,0.0,,,,
Patient_1253,Origem_da Clinica Cirurgica,457953.1665209798,complete,,,da Clinica Cirurgica,457953.1665209798,,
Patient_1253,CTI (CLIC),457953.1665209798,start,ctiBeds,0.0,,,,
Patient_1253,CTI (CLIC),466953.664373551,complete,ctiBeds,0.0,,,,
Patient_1253,CTI prepara Encaminhamento,466953.664373551,start,,0.0,,,,
Patient_1253,CTI prepara Encaminhamento,467004.9385357144,complete,,0.0,,,,
Patient_1253,Encaminha_Obito,467004.9385357144,complete,,,Obito,467004.9385357144,,
Patient_1253,Discharge,467004.9385357144,complete,,,,,,9051.772014734626
Patient_1254,Arrival,458291.26848654624,complete,,0.0,,,,
Patient_1254,Origem_do Centro Cirurgico,458291.26848654624,complete,,,do Centro Cirurgico,458291.26848654624,,
Patient_1254,CTI (CC),458291.26848654624,start,ctiBeds,0.0,,,,
Patient_1254,CTI (CC),458500.2387024389,complete,ctiBeds,0.0,,,,
Patient_1254,CTI prepara Encaminhamento,458500.2387024389,start,,0.0,,,,
Patient_1254,CTI prepara Encaminhamento,458555.7804642923,complete,,0.0,,,,
Patient_1254,Encaminha_Obito,458555.7804642923,complete,,,Obito,458555.7804642923,,
Patient_1254,Discharge,458555.7804642923,complete,,,,,,264.511977746035
Patient_1255,Arrival,458659.8523664803,complete,,0.0,,,,
Patient_1255,Origem_do Pronto Socorro,458659.8523664803,complete,,,do Pronto Socorro,458659.8523664803,,
Patient_1255,CTI (PS),458659.8523664803,start,ctiBeds,0.0,,,,
Patient_1255,CTI (PS),463612.17414005,complete,ctiBeds,0.0,,,,
Patient_1255,CTI prepara Encaminhamento,463612.17414005,start,,0.0,,,,
Patient_1255,CTI prepara Encaminhamento,463648.3016140509,complete,,0.0,,,,
Patient_1255,Encaminha_para a Clinica Cirurgica,463648.3016140509,complete,,,para a Clinica Cirurgica,463648.3016140509,,
Patient_1255,Discharge,463648.3016140509,complete,,,,,,4988.44924757065
Patient_1256,Arrival,459435.8204764155,complete,,0.0,,,,
Patient_1256,Origem_do Pronto Socorro,459435.8204764155,complete,,,do Pronto Socorro,459435.8204764155,,
Patient_1256,CTI (PS),459435.8204764155,start,ctiBeds,0.0,,,,
Patient_1256,CTI (PS),497502.39178988046,complete,ctiBeds,0.0,,,,
Patient_1256,CTI prepara Encaminhamento,497502.39178988046,start,,0.0,,,,
Patient_1256,CTI prepara Encaminhamento,497546.644965925,complete,,0.0,,,,
Patient_1256,Encaminha_para a Clinica Cirurgica,497546.644965925,complete,,,para a Clinica Cirurgica,497546.644965925,,
Patient_1256,Discharge,497546.644965925,complete,,,,,,38110.82448950951
Patient_1257,Arrival,459818.9939642438,complete,,0.0,,,,
Patient_1257,Origem_do Centro Cirurgico,459818.9939642438,complete,,,do Centro Cirurgico,459818.9939642438,,
Patient_1257,CTI (CC),459818.9939642438,start,ctiBeds,0.0,,,,
Patient_1257,CTI (CC),461940.10412414453,complete,ctiBeds,0.0,,,,
Patient_1257,CTI prepara Encaminhamento,461940.10412414453,start,,0.0,,,,
Patient_1257,CTI prepara Encaminhamento,461987.56754099263,complete,,0.0,,,,
Patient_1257,Encaminha_Transferencia Externa,461987.56754099263,complete,,,Transferencia Externa,461987.56754099263,,
Patient_1257,Discharge,461987.56754099263,complete,,,,,,2168.573576748837
Patient_1258,Arrival,460458.8263058532,complete,,0.0,,,,
Patient_1258,Origem_do Centro Cirurgico,460458.8263058532,complete,,,do Centro Cirurgico,460458.8263058532,,
Patient_1258,CTI (CC),460458.8263058532,start,ctiBeds,0.0,,,,
Patient_1258,CTI (CC),463363.3537675642,complete,ctiBeds,0.0,,,,
Patient_1258,CTI prepara Encaminhamento,463363.3537675642,start,,0.0,,,,
Patient_1258,CTI prepara Encaminhamento,463400.09468550445,complete,,0.0,,,,
Patient_1258,Encaminha_para a Clinica Medica,463400.09468550445,complete,,,para a Clinica Medica,463400.09468550445,,
Patient_1258,Discharge,463400.09468550445,complete,,,,,,2941.268379651243
Patient_1259,Arrival,460699.7672559033,complete,,0.0,,,,
Patient_1259,Origem_do Pronto Socorro,460699.7672559033,complete,,,do Pronto Socorro,460699.7672559033,,
Patient_1259,CTI (PS),460699.7672559033,start,ctiBeds,0.0,,,,
Patient_1259,CTI (PS),466040.96760404384,complete,ctiBeds,0.0,,,,
Patient_1259,CTI prepara Encaminhamento,466040.96760404384,start,,0.0,,,,
Patient_1259,CTI prepara Encaminhamento,466074.2869909553,complete,,0.0,,,,
Patient_1259,Encaminha_Obito,466074.2869909553,complete,,,Obito,466074.2869909553,,
Patient_1259,Discharge,466074.2869909553,complete,,,,,,5374.5197350520175
Patient_126,Arrival,36741.41919949701,complete,,0.0,,,,
Patient_126,Origem_do Pronto Socorro,36741.41919949701,complete,,,do Pronto Socorro,36741.41919949701,,
Patient_126,CTI (PS),36741.41919949701,start,ctiBeds,0.0,,,,
Patient_126,CTI (PS),42101.054566670464,complete,ctiBeds,0.0,,,,
Patient_126,CTI prepara Encaminhamento,42101.054566670464,start,,0.0,,,,
Patient_126,CTI prepara Encaminhamento,42154.800406564755,complete,,0.0,,,,
Patient_126,Encaminha_Obito,42154.800406564755,complete,,,Obito,42154.800406564755,,
Patient_126,Discharge,42154.800406564755,complete,,,,,,5413.381207067745
Patient_1260,Arrival,461091.9199993012,complete,,0.0,,,,
Patient_1260,Origem_do Pronto Socorro,461091.9199993012,complete,,,do Pronto Socorro,461091.9199993012,,
Patient_1260,CTI (PS),461091.9199993012,start,ctiBeds,0.0,,,,
Patient_1260,CTI (PS),492956.08872743393,complete,ctiBeds,0.0,,,,
Patient_1260,CTI prepara Encaminhamento,492956.08872743393,start,,0.0,,,,
Patient_1260,CTI prepara Encaminhamento,492986.56631532934,complete,,0.0,,,,
Patient_1260,Encaminha_Obito,492986.56631532934,complete,,,Obito,492986.56631532934,,
Patient_1260,Discharge,492986.56631532934,complete,,,,,,31894.646316028142
Patient_1261,Arrival,461425.191152203,complete,,0.0,,,,
Patient_1261,Origem_do Centro Cirurgico,461425.191152203,complete,,,do Centro Cirurgico,461425.191152203,,
Patient_1261,CTI (CC),461425.191152203,start,ctiBeds,0.0,,,,
Patient_1261,CTI (CC),461944.44391968835,complete,ctiBeds,0.0,,,,
Patient_1261,CTI prepara Encaminhamento,461944.44391968835,start,,0.0,,,,
Patient_1261,CTI prepara Encaminhamento,461990.3544724343,complete,,0.0,,,,
Patient_1261,Encaminha_Obito,461990.3544724343,complete,,,Obito,461990.3544724343,,
Patient_1261,Discharge,461990.3544724343,complete,,,,,,565.1633202313096
Patient_1262,Arrival,461700.0036974327,complete,,0.0,,,,
Patient_1262,Origem_do Centro Cirurgico,461700.0036974327,complete,,,do Centro Cirurgico,461700.0036974327,,
Patient_1262,CTI (CC),461700.0036974327,start,ctiBeds,0.0,,,,
Patient_1262,CTI (CC),466292.38579691265,complete,ctiBeds,0.0,,,,
Patient_1262,CTI prepara Encaminhamento,466292.38579691265,start,,0.0,,,,
Patient_1262,CTI prepara Encaminhamento,466350.18221424054,complete,,0.0,,,,
Patient_1262,Encaminha_para a Clinica Medica,466350.18221424054,complete,,,para a Clinica Medica,466350.18221424054,,
Patient_1262,Discharge,466350.18221424054,complete,,,,,,4650.1785168078495
Patient_1263,Arrival,461725.9379622836,complete,,0.0,,,,
Patient_1263,Origem_do Centro Cirurgico,461725.9379622836,complete,,,do Centro Cirurgico,461725.9379622836,,
Patient_1263,CTI (CC),461725.9379622836,start,ctiBeds,0.0,,,,
Patient_1263,CTI (CC),465020.36519823567,complete,ctiBeds,0.0,,,,
Patient_1263,CTI prepara Encaminhamento,465020.36519823567,start,,0.0,,,,
Patient_1263,CTI prepara Encaminhamento,465076.3433702736,complete,,0.0,,,,
Patient_1263,Encaminha_para a Clinica Cirurgica,465076.3433702736,complete,,,para a Clinica Cirurgica,465076.3433702736,,
Patient_1263,Discharge,465076.3433702736,complete,,,,,,3350.4054079899797
Patient_1264,Arrival,461968.9519980559,complete,,0.0,,,,
Patient_1264,Origem_do Pronto Socorro,461968.9519980559,complete,,,do Pronto Socorro,461968.9519980559,,
Patient_1264,CTI (PS),461968.9519980559,start,ctiBeds,0.0,,,,
Patient_1264,CTI (PS),481390.2169588106,complete,ctiBeds,0.0,,,,
Patient_1264,CTI prepara Encaminhamento,481390.2169588106,start,,0.0,,,,
Patient_1264,CTI prepara Encaminhamento,481423.86261308717,complete,,0.0,,,,
Patient_1264,Encaminha_Transferencia Externa,481423.86261308717,complete,,,Transferencia Externa,481423.86261308717,,
Patient_1264,Discharge,481423.86261308717,complete,,,,,,19454.91061503126
Patient_1265,Arrival,461980.44007650507,complete,,0.0,,,,
Patient_1265,Origem_do Centro Cirurgico,461980.44007650507,complete,,,do Centro Cirurgico,461980.44007650507,,
Patient_1265,CTI (CC),461980.44007650507,start,ctiBeds,0.0,,,,
Patient_1265,CTI (CC),510505.0691838009,complete,ctiBeds,0.0,,,,
Patient_1265,CTI prepara Encaminhamento,510505.0691838009,start,,0.0,,,,
Patient_1265,CTI prepara Encaminhamento,510562.6627858278,complete,,0.0,,,,
Patient_1265,Encaminha_para a Clinica Medica,510562.6627858278,complete,,,para a Clinica Medica,510562.6627858278,,
Patient_1265,Discharge,510562.6627858278,complete,,,,,,48582.222709322756
Patient_1266,Arrival,462380.35840157414,complete,,0.0,,,,
Patient_1266,Origem_do Pronto Socorro,462380.35840157414,complete,,,do Pronto Socorro,462380.35840157414,,
Patient_1266,CTI (PS),462380.35840157414,start,ctiBeds,0.0,,,,
Patient_1266,CTI (PS),465135.02931188716,complete,ctiBeds,0.0,,,,
Patient_1266,CTI prepara Encaminhamento,465135.02931188716,start,,0.0,,,,
Patient_1266,CTI prepara Encaminhamento,465187.81781295285,complete,,0.0,,,,
Patient_1266,Encaminha_para a Clinica Cirurgica,465187.81781295285,complete,,,para a Clinica Cirurgica,465187.81781295285,,
Patient_1266,Discharge,465187.81781295285,complete,,,,,,2807.459411378717
Patient_1267,Arrival,463182.0333642483,complete,,0.0,,,,
Patient_1267,Origem_do Pronto Socorro,463182.0333642483,complete,,,do Pronto Socorro,463182.0333642483,,
Patient_1267,CTI (PS),463182.0333642483,start,ctiBeds,0.0,,,,
Patient_1267,CTI (PS),475346.49517339846,complete,ctiBeds,0.0,,,,
Patient_1267,CTI prepara Encaminhamento,475346.49517339846,start,,0.0,,,,
Patient_1267,CTI prepara Encaminhamento,475389.0930650227,complete,,0.0,,,,
Patient_1267,Encaminha_para o Centro Cirurgico,475389.0930650227,complete,,,para o Centro Cirurgico,475389.0930650227,,
Patient_1267,Discharge,475389.0930650227,complete,,,,,,12207.059700774436
Patient_1268,Arrival,463599.18068619835,complete,,0.0,,,,
Patient_1268,Origem_do Pronto Socorro,463599.18068619835,complete,,,do Pronto Socorro,463599.18068619835,,
Patient_1268,CTI (PS),463599.18068619835,start,ctiBeds,0.0,,,,
Patient_1268,CTI (PS),473894.8994788004,complete,ctiBeds,0.0,,,,
Patient_1268,CTI prepara Encaminhamento,473894.8994788004,start,,0.0,,,,
Patient_1268,CTI prepara Encaminhamento,473947.81670683523,complete,,0.0,,,,
Patient_1268,Encaminha_para a Clinica Medica,473947.81670683523,complete,,,para a Clinica Medica,473947.81670683523,,
Patient_1268,Discharge,473947.81670683523,complete,,,,,,10348.636020636884
Patient_1269,Arrival,463887.64740578155,complete,,0.0,,,,
Patient_1269,Origem_da Clinica Medica,463887.64740578155,complete,,,da Clinica Medica,463887.64740578155,,
Patient_1269,CTI (CLIM),463887.64740578155,start,ctiBeds,0.0,,,,
Patient_1269,CTI (CLIM),471854.19670365093,complete,ctiBeds,0.0,,,,
Patient_1269,CTI prepara Encaminhamento,471854.19670365093,start,,0.0,,,,
Patient_1269,CTI prepara Encaminhamento,471912.5016649458,complete,,0.0,,,,
Patient_1269,Encaminha_para a Clinica Cirurgica,471912.5016649458,complete,,,para a Clinica Cirurgica,471912.5016649458,,
Patient_1269,Discharge,471912.5016649458,complete,,,,,,8024.854259164247
Patient_127,Arrival,37901.78830931011,complete,,0.0,,,,
Patient_127,Origem_da Maternidade,37901.78830931011,complete,,,da Maternidade,37901.78830931011,,
Patient_127,CTI (MAT),37901.78830931011,start,ctiBeds,0.0,,,,
Patient_127,CTI (MAT),40394.55259733045,complete,ctiBeds,0.0,,,,
Patient_127,CTI prepara Encaminhamento,40394.55259733045,start,,0.0,,,,
Patient_127,CTI prepara Encaminhamento,40440.043502018634,complete,,0.0,,,,
Patient_127,Encaminha_para a Clinica Cirurgica,40440.043502018634,complete,,,para a Clinica Cirurgica,40440.043502018634,,
Patient_127,Discharge,40440.043502018634,complete,,,,,,2538.2551927085224
Patient_1270,Arrival,463993.2589168372,complete,,0.0,,,,
Patient_1270,Origem_do Centro Cirurgico,463993.2589168372,complete,,,do Centro Cirurgico,463993.2589168372,,
Patient_1270,CTI (CC),463993.2589168372,start,ctiBeds,0.0,,,,
Patient_1271,Arrival,464112.3772059702,complete,,0.0,,,,
Patient_1271,Origem_do Centro Cirurgico,464112.3772059702,complete,,,do Centro Cirurgico,464112.3772059702,,
Patient_1271,CTI (CC),464112.3772059702,start,ctiBeds,0.0,,,,
Patient_1271,CTI (CC),464864.98033885827,complete,ctiBeds,0.0,,,,
Patient_1271,CTI prepara Encaminhamento,464864.98033885827,start,,0.0,,,,
Patient_1271,CTI prepara Encaminhamento,464914.5505732675,complete,,0.0,,,,
Patient_1271,Encaminha_para a Clinica Medica,464914.5505732675,complete,,,para a Clinica Medica,464914.5505732675,,
Patient_1271,Discharge,464914.5505732675,complete,,,,,,802.1733672973351
Patient_1272,Arrival,464123.05870532506,complete,,0.0,,,,
Patient_1272,Origem_do Pronto Socorro,464123.05870532506,complete,,,do Pronto Socorro,464123.05870532506,,
Patient_1272,CTI (PS),464123.05870532506,start,ctiBeds,0.0,,,,
Patient_1272,CTI (PS),500192.04378243315,complete,ctiBeds,0.0,,,,
Patient_1272,CTI prepara Encaminhamento,500192.04378243315,start,,0.0,,,,
Patient_1272,CTI prepara Encaminhamento,500239.7510883241,complete,,0.0,,,,
Patient_1272,Encaminha_para a Clinica Cirurgica,500239.7510883241,complete,,,para a Clinica Cirurgica,500239.7510883241,,
Patient_1272,Discharge,500239.7510883241,complete,,,,,,36116.692382999056
Patient_1273,Arrival,464181.74141829717,complete,,0.0,,,,
Patient_1273,Origem_do Pronto Socorro,464181.74141829717,complete,,,do Pronto Socorro,464181.74141829717,,
Patient_1273,CTI (PS),464181.74141829717,start,ctiBeds,0.0,,,,
Patient_1273,CTI (PS),483991.52655782044,complete,ctiBeds,0.0,,,,
Patient_1273,CTI prepara Encaminhamento,483991.52655782044,start,,0.0,,,,
Patient_1273,CTI prepara Encaminhamento,484036.4714169209,complete,,0.0,,,,
Patient_1273,Encaminha_Obito,484036.4714169209,complete,,,Obito,484036.4714169209,,
Patient_1273,Discharge,484036.4714169209,complete,,,,,,19854.72999862372
Patient_1274,Arrival,464859.90649327665,complete,,0.0,,,,
Patient_1274,Origem_do Pronto Socorro,464859.90649327665,complete,,,do Pronto Socorro,464859.90649327665,,
Patient_1274,CTI (PS),464859.90649327665,start,ctiBeds,0.0,,,,
Patient_1274,CTI (PS),471879.561974407,complete,ctiBeds,0.0,,,,
Patient_1274,CTI prepara Encaminhamento,471879.561974407,start,,0.0,,,,
Patient_1274,CTI prepara Encaminhamento,471911.61275889917,complete,,0.0,,,,
Patient_1274,Encaminha_para a Clinica Cirurgica,471911.61275889917,complete,,,para a Clinica Cirurgica,471911.61275889917,,
Patient_1274,Discharge,471911.61275889917,complete,,,,,,7051.706265622517
Patient_1275,Arrival,465390.4311559446,complete,,0.0,,,,
Patient_1275,Origem_do Centro Cirurgico,465390.4311559446,complete,,,do Centro Cirurgico,465390.4311559446,,
Patient_1275,CTI (CC),465390.4311559446,start,ctiBeds,0.0,,,,
Patient_1275,CTI (CC),467391.15046682453,complete,ctiBeds,0.0,,,,
Patient_1275,CTI prepara Encaminhamento,467391.15046682453,start,,0.0,,,,
Patient_1275,CTI prepara Encaminhamento,467426.5887064729,complete,,0.0,,,,
Patient_1275,Encaminha_para a Clinica Cirurgica,467426.5887064729,complete,,,para a Clinica Cirurgica,467426.5887064729,,
Patient_1275,Discharge,467426.5887064729,complete,,,,,,2036.1575505282963
Patient_1276,Arrival,465440.9127428996,complete,,0.0,,,,
Patient_1276,Origem_do Pronto Socorro,465440.9127428996,complete,,,do Pronto Socorro,465440.9127428996,,
Patient_1276,CTI (PS),465440.9127428996,start,ctiBeds,0.0,,,,
Patient_1276,CTI (PS),474708.07514452364,complete,ctiBeds,0.0,,,,
Patient_1276,CTI prepara Encaminhamento,474708.07514452364,start,,0.0,,,,
Patient_1276,CTI prepara Encaminhamento,474767.56838599726,complete,,0.0,,,,
Patient_1276,Encaminha_Obito,474767.56838599726,complete,,,Obito,474767.56838599726,,
Patient_1276,Discharge,474767.56838599726,complete,,,,,,9326.655643097649
Patient_1277,Arrival,465763.3492744113,complete,,0.0,,,,
Patient_1277,Origem_do Pronto Socorro,465763.3492744113,complete,,,do Pronto Socorro,465763.3492744113,,
Patient_1277,CTI (PS),465763.3492744113,start,ctiBeds,0.0,,,,
Patient_1277,CTI (PS),469386.3719874811,complete,ctiBeds,0.0,,,,
Patient_1277,CTI prepara Encaminhamento,469386.3719874811,start,,0.0,,,,
Patient_1277,CTI prepara Encaminhamento,469426.830179663,complete,,0.0,,,,
Patient_1277,Encaminha_Transferencia Externa,469426.830179663,complete,,,Transferencia Externa,469426.830179663,,
Patient_1277,Discharge,469426.830179663,complete,,,,,,3663.480905251752
Patient_1278,Arrival,465831.67418813665,complete,,0.0,,,,
Patient_1278,Origem_do Centro Cirurgico,465831.67418813665,complete,,,do Centro Cirurgico,465831.67418813665,,
Patient_1278,CTI (CC),465831.67418813665,start,ctiBeds,0.0,,,,
Patient_1278,CTI (CC),471101.9509970668,complete,ctiBeds,0.0,,,,
Patient_1278,CTI prepara Encaminhamento,471101.9509970668,start,,0.0,,,,
Patient_1278,CTI prepara Encaminhamento,471132.1102642332,complete,,0.0,,,,
Patient_1278,Encaminha_Obito,471132.1102642332,complete,,,Obito,471132.1102642332,,
Patient_1278,Discharge,471132.1102642332,complete,,,,,,5300.43607609655
Patient_1279,Arrival,466226.6274442162,complete,,0.0,,,,
Patient_1279,Origem_do Pronto Socorro,466226.6274442162,complete,,,do Pronto Socorro,466226.6274442162,,
Patient_1279,CTI (PS),466226.6274442162,start,ctiBeds,0.0,,,,
Patient_1279,CTI (PS),469152.7131540318,complete,ctiBeds,0.0,,,,
Patient_1279,CTI prepara Encaminhamento,469152.7131540318,start,,0.0,,,,
Patient_1279,CTI prepara Encaminhamento,469207.30388308025,complete,,0.0,,,,
Patient_1279,Encaminha_para a Clinica Medica,469207.30388308025,complete,,,para a Clinica Medica,469207.30388308025,,
Patient_1279,Discharge,469207.30388308025,complete,,,,,,2980.6764388640295
Patient_128,Arrival,37985.23173613082,complete,,0.0,,,,
Patient_128,Origem_do Centro Cirurgico,37985.23173613082,complete,,,do Centro Cirurgico,37985.23173613082,,
Patient_128,CTI (CC),37985.23173613082,start,ctiBeds,0.0,,,,
Patient_128,CTI (CC),43437.44858330922,complete,ctiBeds,0.0,,,,
Patient_128,CTI prepara Encaminhamento,43437.44858330922,start,,0.0,,,,
Patient_128,CTI prepara Encaminhamento,43496.68668089137,complete,,0.0,,,,
Patient_128,Encaminha_para a Clinica Cirurgica,43496.68668089137,complete,,,para a Clinica Cirurgica,43496.68668089137,,
Patient_128,Discharge,43496.68668089137,complete,,,,,,5511.454944760546
Patient_1280,Arrival,466499.77006044285,complete,,0.0,,,,
Patient_1280,Origem_da Clinica Cirurgica,466499.77006044285,complete,,,da Clinica Cirurgica,466499.77006044285,,
Patient_1280,CTI (CLIC),466499.77006044285,start,ctiBeds,0.0,,,,
Patient_1280,CTI (CLIC),469237.53543536033,complete,ctiBeds,0.0,,,,
Patient_1280,CTI prepara Encaminhamento,469237.53543536033,start,,0.0,,,,
Patient_1280,CTI prepara Encaminhamento,469284.5732397531,complete,,0.0,,,,
Patient_1280,Encaminha_para a Clinica Medica,469284.5732397531,complete,,,para a Clinica Medica,469284.5732397531,,
Patient_1280,Discharge,469284.5732397531,complete,,,,,,2784.8031793102273
Patient_1281,Arrival,466645.61943905224,complete,,0.0,,,,
Patient_1281,Origem_do Pronto Socorro,466645.61943905224,complete,,,do Pronto Socorro,466645.61943905224,,
Patient_1281,CTI (PS),466645.61943905224,start,ctiBeds,0.0,,,,
Patient_1281,CTI (PS),469883.1765754071,complete,ctiBeds,0.0,,,,
Patient_1281,CTI prepara Encaminhamento,469883.1765754071,start,,0.0,,,,
Patient_1281,CTI prepara Encaminhamento,469934.90686156944,complete,,0.0,,,,
Patient_1281,Encaminha_Obito,469934.90686156944,complete,,,Obito,469934.90686156944,,
Patient_1281,Discharge,469934.90686156944,complete,,,,,,3289.287422517198
Patient_1282,Arrival,467050.6512288441,complete,,0.0,,,,
Patient_1282,Origem_do Centro Cirurgico,467050.6512288441,complete,,,do Centro Cirurgico,467050.6512288441,,
Patient_1282,CTI (CC),467050.6512288441,start,ctiBeds,0.0,,,,
Patient_1282,CTI (CC),472747.99557467696,complete,ctiBeds,0.0,,,,
Patient_1282,CTI prepara Encaminhamento,472747.99557467696,start,,0.0,,,,
Patient_1282,CTI prepara Encaminhamento,472793.5022610541,complete,,0.0,,,,
Patient_1282,Encaminha_para a Clinica Medica,472793.5022610541,complete,,,para a Clinica Medica,472793.5022610541,,
Patient_1282,Discharge,472793.5022610541,complete,,,,,,5742.851032210048
Patient_1283,Arrival,467483.45767931186,complete,,0.0,,,,
Patient_1283,Origem_do Pronto Socorro,467483.45767931186,complete,,,do Pronto Socorro,467483.45767931186,,
Patient_1283,CTI (PS),467483.45767931186,start,ctiBeds,0.0,,,,
Patient_1283,CTI (PS),476041.1522567246,complete,ctiBeds,0.0,,,,
Patient_1283,CTI prepara Encaminhamento,476041.1522567246,start,,0.0,,,,
Patient_1283,CTI prepara Encaminhamento,476080.4448335965,complete,,0.0,,,,
Patient_1283,Encaminha_para a Clinica Cirurgica,476080.4448335965,complete,,,para a Clinica Cirurgica,476080.4448335965,,
Patient_1283,Discharge,476080.4448335965,complete,,,,,,8596.987154284667
Patient_1284,Arrival,467520.3139061296,complete,,0.0,,,,
Patient_1284,Origem_do Centro Cirurgico,467520.3139061296,complete,,,do Centro Cirurgico,467520.3139061296,,
Patient_1284,CTI (CC),467520.3139061296,start,ctiBeds,0.0,,,,
Patient_1284,CTI (CC),469789.1864603289,complete,ctiBeds,0.0,,,,
Patient_1284,CTI prepara Encaminhamento,469789.1864603289,start,,0.0,,,,
Patient_1284,CTI prepara Encaminhamento,469828.1704431763,complete,,0.0,,,,
Patient_1284,Encaminha_para a Clinica Cirurgica,469828.1704431763,complete,,,para a Clinica Cirurgica,469828.1704431763,,
Patient_1284,Discharge,469828.1704431763,complete,,,,,,2307.8565370466677
Patient_1285,Arrival,467921.06842408876,complete,,0.0,,,,
Patient_1285,Origem_do Centro Cirurgico,467921.06842408876,complete,,,do Centro Cirurgico,467921.06842408876,,
Patient_1285,CTI (CC),467921.06842408876,start,ctiBeds,0.0,,,,
Patient_1285,CTI (CC),469611.0292337396,complete,ctiBeds,0.0,,,,
Patient_1285,CTI prepara Encaminhamento,469611.0292337396,start,,0.0,,,,
Patient_1285,CTI prepara Encaminhamento,469667.8767794704,complete,,0.0,,,,
Patient_1285,Encaminha_Transferencia Externa,469667.8767794704,complete,,,Transferencia Externa,469667.8767794704,,
Patient_1285,Discharge,469667.8767794704,complete,,,,,,1746.808355381654
Patient_1286,Arrival,468388.2963688946,complete,,0.0,,,,
Patient_1286,Origem_do Centro Cirurgico,468388.2963688946,complete,,,do Centro Cirurgico,468388.2963688946,,
Patient_1286,CTI (CC),468388.2963688946,start,ctiBeds,0.0,,,,
Patient_1286,CTI (CC),473979.9911642296,complete,ctiBeds,0.0,,,,
Patient_1286,CTI prepara Encaminhamento,473979.9911642296,start,,0.0,,,,
Patient_1286,CTI prepara Encaminhamento,474034.6350825759,complete,,0.0,,,,
Patient_1286,Encaminha_para a Clinica Cirurgica,474034.6350825759,complete,,,para a Clinica Cirurgica,474034.6350825759,,
Patient_1286,Discharge,474034.6350825759,complete,,,,,,5646.338713681325
Patient_1287,Arrival,469092.3515394784,complete,,0.0,,,,
Patient_1287,Origem_do Centro Cirurgico,469092.3515394784,complete,,,do Centro Cirurgico,469092.3515394784,,
Patient_1287,CTI (CC),469092.3515394784,start,ctiBeds,0.0,,,,
Patient_1287,CTI (CC),506850.2601865018,complete,ctiBeds,0.0,,,,
Patient_1287,CTI prepara Encaminhamento,506850.2601865018,start,,0.0,,,,
Patient_1287,CTI prepara Encaminhamento,506882.7377190407,complete,,0.0,,,,
Patient_1287,Encaminha_para a Clinica Cirurgica,506882.7377190407,complete,,,para a Clinica Cirurgica,506882.7377190407,,
Patient_1287,Discharge,506882.7377190407,complete,,,,,,37790.38617956231
Patient_1288,Arrival,469808.6731479626,complete,,0.0,,,,
Patient_1288,Origem_do Pronto Socorro,469808.6731479626,complete,,,do Pronto Socorro,469808.6731479626,,
Patient_1288,CTI (PS),469808.6731479626,start,ctiBeds,0.0,,,,
Patient_1288,CTI (PS),476912.8767830128,complete,ctiBeds,0.0,,,,
Patient_1288,CTI prepara Encaminhamento,476912.8767830128,start,,0.0,,,,
Patient_1288,CTI prepara Encaminhamento,476963.16099516576,complete,,0.0,,,,
Patient_1288,Encaminha_para a Clinica Medica,476963.16099516576,complete,,,para a Clinica Medica,476963.16099516576,,
Patient_1288,Discharge,476963.16099516576,complete,,,,,,7154.487847203156
Patient_1289,Arrival,469923.4257957647,complete,,0.0,,,,
Patient_1289,Origem_do Centro Cirurgico,469923.4257957647,complete,,,do Centro Cirurgico,469923.4257957647,,
Patient_1289,CTI (CC),469923.4257957647,start,ctiBeds,0.0,,,,
Patient_1289,CTI (CC),476827.356783882,complete,ctiBeds,0.0,,,,
Patient_1289,CTI prepara Encaminhamento,476827.356783882,start,,0.0,,,,
Patient_1289,CTI prepara Encaminhamento,476867.5789654996,complete,,0.0,,,,
Patient_1289,Encaminha_para a Clinica Medica,476867.5789654996,complete,,,para a Clinica Medica,476867.5789654996,,
Patient_1289,Discharge,476867.5789654996,complete,,,,,,6944.153169734869
Patient_129,Arrival,38102.7638374482,complete,,0.0,,,,
Patient_129,Origem_do Centro Cirurgico,38102.7638374482,complete,,,do Centro Cirurgico,38102.7638374482,,
Patient_129,CTI (CC),38102.7638374482,start,ctiBeds,0.0,,,,
Patient_129,CTI (CC),250385.63139605135,complete,ctiBeds,0.0,,,,
Patient_129,CTI prepara Encaminhamento,250385.63139605135,start,,0.0,,,,
Patient_129,CTI prepara Encaminhamento,250425.7282541631,complete,,0.0,,,,
Patient_129,Encaminha_para a Clinica Medica,250425.7282541631,complete,,,para a Clinica Medica,250425.7282541631,,
Patient_129,Discharge,250425.7282541631,complete,,,,,,212322.9644167149
Patient_1290,Arrival,470115.8067799599,complete,,0.0,,,,
Patient_1290,Origem_do Pronto Socorro,470115.8067799599,complete,,,do Pronto Socorro,470115.8067799599,,
Patient_1290,CTI (PS),470115.8067799599,start,ctiBeds,0.0,,,,
Patient_1290,CTI (PS),480319.7140280549,complete,ctiBeds,0.0,,,,
Patient_1290,CTI prepara Encaminhamento,480319.7140280549,start,,0.0,,,,
Patient_1290,CTI prepara Encaminhamento,480372.9820090908,complete,,0.0,,,,
Patient_1290,Encaminha_Obito,480372.9820090908,complete,,,Obito,480372.9820090908,,
Patient_1290,Discharge,480372.9820090908,complete,,,,,,10257.175229130895
Patient_1291,Arrival,471319.1601194001,complete,,0.0,,,,
Patient_1291,Origem_do Centro Cirurgico,471319.1601194001,complete,,,do Centro Cirurgico,471319.1601194001,,
Patient_1291,CTI (CC),471319.1601194001,start,ctiBeds,0.0,,,,
Patient_1291,CTI (CC),510837.8923599695,complete,ctiBeds,0.0,,,,
Patient_1291,CTI prepara Encaminhamento,510837.8923599695,start,,0.0,,,,
Patient_1291,CTI prepara Encaminhamento,510871.81370256783,complete,,0.0,,,,
Patient_1291,Encaminha_para a Clinica Cirurgica,510871.81370256783,complete,,,para a Clinica Cirurgica,510871.81370256783,,
Patient_1291,Discharge,510871.81370256783,complete,,,,,,39552.6535831677
Patient_1292,Arrival,471575.9027465127,complete,,0.0,,,,
Patient_1292,Origem_do Centro Cirurgico,471575.9027465127,complete,,,do Centro Cirurgico,471575.9027465127,,
Patient_1292,CTI (CC),471575.9027465127,start,ctiBeds,0.0,,,,
Patient_1292,CTI (CC),474687.7355355497,complete,ctiBeds,0.0,,,,
Patient_1292,CTI prepara Encaminhamento,474687.7355355497,start,,0.0,,,,
Patient_1292,CTI prepara Encaminhamento,474722.3682165423,complete,,0.0,,,,
Patient_1292,Encaminha_Obito,474722.3682165423,complete,,,Obito,474722.3682165423,,
Patient_1292,Discharge,474722.3682165423,complete,,,,,,3146.4654700296232
Patient_1293,Arrival,472025.9307252568,complete,,0.0,,,,
Patient_1293,Origem_da Maternidade,472025.9307252568,complete,,,da Maternidade,472025.9307252568,,
Patient_1293,CTI (MAT),472025.9307252568,start,ctiBeds,0.0,,,,
Patient_1293,CTI (MAT),472524.0713779799,complete,ctiBeds,0.0,,,,
Patient_1293,CTI prepara Encaminhamento,472524.0713779799,start,,0.0,,,,
Patient_1293,CTI prepara Encaminhamento,472574.8199918921,complete,,0.0,,,,
Patient_1293,Encaminha_para a Clinica Medica,472574.8199918921,complete,,,para a Clinica Medica,472574.8199918921,,
Patient_1293,Discharge,472574.8199918921,complete,,,,,,548.8892666352913
Patient_1294,Arrival,472292.8189854004,complete,,0.0,,,,
Patient_1294,Origem_da Clinica Cirurgica,472292.8189854004,complete,,,da Clinica Cirurgica,472292.8189854004,,
Patient_1294,CTI (CLIC),472292.8189854004,start,ctiBeds,0.0,,,,
Patient_1294,CTI (CLIC),504039.6992567434,complete,ctiBeds,0.0,,,,
Patient_1294,CTI prepara Encaminhamento,504039.6992567434,start,,0.0,,,,
Patient_1294,CTI prepara Encaminhamento,504087.87193478417,complete,,0.0,,,,
Patient_1294,Encaminha_Obito,504087.87193478417,complete,,,Obito,504087.87193478417,,
Patient_1294,Discharge,504087.87193478417,complete,,,,,,31795.052949383797
Patient_1295,Arrival,472329.7526005612,complete,,0.0,,,,
Patient_1295,Origem_do Centro Cirurgico,472329.7526005612,complete,,,do Centro Cirurgico,472329.7526005612,,
Patient_1295,CTI (CC),472329.7526005612,start,ctiBeds,0.0,,,,
Patient_1295,CTI (CC),478659.91932408646,complete,ctiBeds,0.0,,,,
Patient_1295,CTI prepara Encaminhamento,478659.91932408646,start,,0.0,,,,
Patient_1295,CTI prepara Encaminhamento,478716.618573541,complete,,0.0,,,,
Patient_1295,Encaminha_para a Clinica Cirurgica,478716.618573541,complete,,,para a Clinica Cirurgica,478716.618573541,,
Patient_1295,Discharge,478716.618573541,complete,,,,,,6386.865972979809
Patient_1296,Arrival,472921.8795145874,complete,,0.0,,,,
Patient_1296,Origem_do Pronto Socorro,472921.8795145874,complete,,,do Pronto Socorro,472921.8795145874,,
Patient_1296,CTI (PS),472921.8795145874,start,ctiBeds,0.0,,,,
Patient_1296,CTI (PS),484166.88332131197,complete,ctiBeds,0.0,,,,
Patient_1296,CTI prepara Encaminhamento,484166.88332131197,start,,0.0,,,,
Patient_1296,CTI prepara Encaminhamento,484219.217543189,complete,,0.0,,,,
Patient_1296,Encaminha_Transferencia Externa,484219.217543189,complete,,,Transferencia Externa,484219.217543189,,
Patient_1296,Discharge,484219.217543189,complete,,,,,,11297.338028601604
Patient_1297,Arrival,473405.0253799522,complete,,0.0,,,,
Patient_1297,Origem_da Clinica Medica,473405.0253799522,complete,,,da Clinica Medica,473405.0253799522,,
Patient_1297,CTI (CLIM),473405.0253799522,start,ctiBeds,0.0,,,,
Patient_1297,CTI (CLIM),480490.6426823713,complete,ctiBeds,0.0,,,,
Patient_1297,CTI prepara Encaminhamento,480490.6426823713,start,,0.0,,,,
Patient_1297,CTI prepara Encaminhamento,480524.60625741177,complete,,0.0,,,,
Patient_1297,Encaminha_para a Clinica Medica,480524.60625741177,complete,,,para a Clinica Medica,480524.60625741177,,
Patient_1297,Discharge,480524.60625741177,complete,,,,,,7119.58087745955
Patient_1298,Arrival,473530.6742573351,complete,,0.0,,,,
Patient_1298,Origem_do Centro Cirurgico,473530.6742573351,complete,,,do Centro Cirurgico,473530.6742573351,,
Patient_1298,CTI (CC),473530.6742573351,start,ctiBeds,0.0,,,,
Patient_1298,CTI (CC),501403.53921506717,complete,ctiBeds,0.0,,,,
Patient_1298,CTI prepara Encaminhamento,501403.53921506717,start,,0.0,,,,
Patient_1298,CTI prepara Encaminhamento,501457.6046629382,complete,,0.0,,,,
Patient_1298,Encaminha_para a Clinica Medica,501457.6046629382,complete,,,para a Clinica Medica,501457.6046629382,,
Patient_1298,Discharge,501457.6046629382,complete,,,,,,27926.93040560314
Patient_1299,Arrival,473954.7109342616,complete,,0.0,,,,
Patient_1299,Origem_do Centro Cirurgico,473954.7109342616,complete,,,do Centro Cirurgico,473954.7109342616,,
Patient_1299,CTI (CC),473954.7109342616,start,ctiBeds,0.0,,,,
Patient_1299,CTI (CC),477905.50662145746,complete,ctiBeds,0.0,,,,
Patient_1299,CTI prepara Encaminhamento,477905.50662145746,start,,0.0,,,,
Patient_1299,CTI prepara Encaminhamento,477960.64506246406,complete,,0.0,,,,
Patient_1299,Encaminha_para a Clinica Medica,477960.64506246406,complete,,,para a Clinica Medica,477960.64506246406,,
Patient_1299,Discharge,477960.64506246406,complete,,,,,,4005.9341282024398
Patient_13,Arrival,4301.470781104197,complete,,0.0,,,,
Patient_13,Origem_do Centro Cirurgico,4301.470781104197,complete,,,do Centro Cirurgico,4301.470781104197,,
Patient_13,CTI (CC),4301.470781104197,start,ctiBeds,0.0,,,,
Patient_13,CTI (CC),52041.066396150374,complete,ctiBeds,0.0,,,,
Patient_13,CTI prepara Encaminhamento,52041.066396150374,start,,0.0,,,,
Patient_13,CTI prepara Encaminhamento,52092.044116357625,complete,,0.0,,,,
Patient_13,Encaminha_para a Clinica Cirurgica,52092.044116357625,complete,,,para a Clinica Cirurgica,52092.044116357625,,
Patient_13,Discharge,52092.044116357625,complete,,,,,,47790.57333525343
Patient_130,Arrival,38450.129931739735,complete,,0.0,,,,
Patient_130,Origem_do Centro Cirurgico,38450.129931739735,complete,,,do Centro Cirurgico,38450.129931739735,,
Patient_130,CTI (CC),38450.129931739735,start,ctiBeds,0.0,,,,
Patient_130,CTI (CC),74938.97477448403,complete,ctiBeds,0.0,,,,
Patient_130,CTI prepara Encaminhamento,74938.97477448403,start,,0.0,,,,
Patient_130,CTI prepara Encaminhamento,74978.74549718115,complete,,0.0,,,,
Patient_130,Encaminha_para a Clinica Medica,74978.74549718115,complete,,,para a Clinica Medica,74978.74549718115,,
Patient_130,Discharge,74978.74549718115,complete,,,,,,36528.61556544142
Patient_1300,Arrival,474139.79587371077,complete,,0.0,,,,
Patient_1300,Origem_do Pronto Socorro,474139.79587371077,complete,,,do Pronto Socorro,474139.79587371077,,
Patient_1300,CTI (PS),474139.79587371077,start,ctiBeds,0.0,,,,
Patient_1300,CTI (PS),480329.38532824814,complete,ctiBeds,0.0,,,,
Patient_1300,CTI prepara Encaminhamento,480329.38532824814,start,,0.0,,,,
Patient_1300,CTI prepara Encaminhamento,480361.74509474245,complete,,0.0,,,,
Patient_1300,Encaminha_para a Clinica Medica,480361.74509474245,complete,,,para a Clinica Medica,480361.74509474245,,
Patient_1300,Discharge,480361.74509474245,complete,,,,,,6221.949221031682
Patient_1301,Arrival,474267.1974710884,complete,,0.0,,,,
Patient_1301,Origem_do Centro Cirurgico,474267.1974710884,complete,,,do Centro Cirurgico,474267.1974710884,,
Patient_1301,CTI (CC),474267.1974710884,start,ctiBeds,0.0,,,,
Patient_1301,CTI (CC),494335.8237516803,complete,ctiBeds,0.0,,,,
Patient_1301,CTI prepara Encaminhamento,494335.8237516803,start,,0.0,,,,
Patient_1301,CTI prepara Encaminhamento,494385.5560789391,complete,,0.0,,,,
Patient_1301,Encaminha_Obito,494385.5560789391,complete,,,Obito,494385.5560789391,,
Patient_1301,Discharge,494385.5560789391,complete,,,,,,20118.358607850736
Patient_1302,Arrival,474275.02014453197,complete,,0.0,,,,
Patient_1302,Origem_do Centro Cirurgico,474275.02014453197,complete,,,do Centro Cirurgico,474275.02014453197,,
Patient_1302,CTI (CC),474275.02014453197,start,ctiBeds,0.0,,,,
Patient_1302,CTI (CC),474557.29768164037,complete,ctiBeds,0.0,,,,
Patient_1302,CTI prepara Encaminhamento,474557.29768164037,start,,0.0,,,,
Patient_1302,CTI prepara Encaminhamento,474605.6319598093,complete,,0.0,,,,
Patient_1302,Encaminha_para a Clinica Cirurgica,474605.6319598093,complete,,,para a Clinica Cirurgica,474605.6319598093,,
Patient_1302,Discharge,474605.6319598093,complete,,,,,,330.6118152773124
Patient_1303,Arrival,474338.1728933132,complete,,0.0,,,,
Patient_1303,Origem_do Centro Cirurgico,474338.1728933132,complete,,,do Centro Cirurgico,474338.1728933132,,
Patient_1303,CTI (CC),474338.1728933132,start,ctiBeds,0.0,,,,
Patient_1303,CTI (CC),484425.9353556016,complete,ctiBeds,0.0,,,,
Patient_1303,CTI prepara Encaminhamento,484425.9353556016,start,,0.0,,,,
Patient_1303,CTI prepara Encaminhamento,484474.5111429738,complete,,0.0,,,,
Patient_1303,Encaminha_Obito,484474.5111429738,complete,,,Obito,484474.5111429738,,
Patient_1303,Discharge,484474.5111429738,complete,,,,,,10136.338249660563
Patient_1304,Arrival,474821.231744562,complete,,0.0,,,,
Patient_1304,Origem_do Centro Cirurgico,474821.231744562,complete,,,do Centro Cirurgico,474821.231744562,,
Patient_1304,CTI (CC),474821.231744562,start,ctiBeds,0.0,,,,
Patient_1304,CTI (CC),482030.2727323114,complete,ctiBeds,0.0,,,,
Patient_1304,CTI prepara Encaminhamento,482030.2727323114,start,,0.0,,,,
Patient_1304,CTI prepara Encaminhamento,482072.1724030759,complete,,0.0,,,,
Patient_1304,Encaminha_Obito,482072.1724030759,complete,,,Obito,482072.1724030759,,
Patient_1304,Discharge,482072.1724030759,complete,,,,,,7250.940658513922
Patient_1305,Arrival,475235.9818532056,complete,,0.0,,,,
Patient_1305,Origem_do Pronto Socorro,475235.9818532056,complete,,,do Pronto Socorro,475235.9818532056,,
Patient_1305,CTI (PS),475235.9818532056,start,ctiBeds,0.0,,,,
Patient_1305,CTI (PS),493973.5463563604,complete,ctiBeds,0.0,,,,
Patient_1305,CTI prepara Encaminhamento,493973.5463563604,start,,0.0,,,,
Patient_1305,CTI prepara Encaminhamento,494026.487047676,complete,,0.0,,,,
Patient_1305,Encaminha_Obito,494026.487047676,complete,,,Obito,494026.487047676,,
Patient_1305,Discharge,494026.487047676,complete,,,,,,18790.505194470403
Patient_1306,Arrival,475580.6281834133,complete,,0.0,,,,
Patient_1306,Origem_da Clinica Medica,475580.6281834133,complete,,,da Clinica Medica,475580.6281834133,,
Patient_1306,CTI (CLIM),475580.6281834133,start,ctiBeds,0.0,,,,
Patient_1306,CTI (CLIM),482017.1592331423,complete,ctiBeds,0.0,,,,
Patient_1306,CTI prepara Encaminhamento,482017.1592331423,start,,0.0,,,,
Patient_1306,CTI prepara Encaminhamento,482052.7271709483,complete,,0.0,,,,
Patient_1306,Encaminha_para a Clinica Medica,482052.7271709483,complete,,,para a Clinica Medica,482052.7271709483,,
Patient_1306,Discharge,482052.7271709483,complete,,,,,,6472.0989875349915
Patient_1307,Arrival,475652.62085601257,complete,,0.0,,,,
Patient_1307,Origem_do Pronto Socorro,475652.62085601257,complete,,,do Pronto Socorro,475652.62085601257,,
Patient_1307,CTI (PS),475652.62085601257,start,ctiBeds,0.0,,,,
Patient_1307,CTI (PS),484486.4226455586,complete,ctiBeds,0.0,,,,
Patient_1307,CTI prepara Encaminhamento,484486.4226455586,start,,0.0,,,,
Patient_1307,CTI prepara Encaminhamento,484519.5296395475,complete,,0.0,,,,
Patient_1307,Encaminha_para a Clinica Cirurgica,484519.5296395475,complete,,,para a Clinica Cirurgica,484519.5296395475,,
Patient_1307,Discharge,484519.5296395475,complete,,,,,,8866.90878353495
Patient_1308,Arrival,475763.773064152,complete,,0.0,,,,
Patient_1308,Origem_do Centro Cirurgico,475763.773064152,complete,,,do Centro Cirurgico,475763.773064152,,
Patient_1308,CTI (CC),475763.773064152,start,ctiBeds,0.0,,,,
Patient_1308,CTI (CC),508456.95163398376,complete,ctiBeds,0.0,,,,
Patient_1308,CTI prepara Encaminhamento,508456.95163398376,start,,0.0,,,,
Patient_1308,CTI prepara Encaminhamento,508509.1463435359,complete,,0.0,,,,
Patient_1308,Encaminha_para a Clinica Medica,508509.1463435359,complete,,,para a Clinica Medica,508509.1463435359,,
Patient_1308,Discharge,508509.1463435359,complete,,,,,,32745.37327938393
Patient_1309,Arrival,475947.2021342389,complete,,0.0,,,,
Patient_1309,Origem_da Maternidade,475947.2021342389,complete,,,da Maternidade,475947.2021342389,,
Patient_1309,CTI (MAT),475947.2021342389,start,ctiBeds,0.0,,,,
Patient_1309,CTI (MAT),477669.59513414616,complete,ctiBeds,0.0,,,,
Patient_1309,CTI prepara Encaminhamento,477669.59513414616,start,,0.0,,,,
Patient_1309,CTI prepara Encaminhamento,477708.6801852914,complete,,0.0,,,,
Patient_1309,Encaminha_para a Clinica Medica,477708.6801852914,complete,,,para a Clinica Medica,477708.6801852914,,
Patient_1309,Discharge,477708.6801852914,complete,,,,,,1761.478051052487
Patient_131,Arrival,38467.57050938171,complete,,0.0,,,,
Patient_131,Origem_do Centro Cirurgico,38467.57050938171,complete,,,do Centro Cirurgico,38467.57050938171,,
Patient_131,CTI (CC),38467.57050938171,start,ctiBeds,0.0,,,,
Patient_131,CTI (CC),39627.323046765945,complete,ctiBeds,0.0,,,,
Patient_131,CTI prepara Encaminhamento,39627.323046765945,start,,0.0,,,,
Patient_131,CTI prepara Encaminhamento,39684.19827087477,complete,,0.0,,,,
Patient_131,Encaminha_Obito,39684.19827087477,complete,,,Obito,39684.19827087477,,
Patient_131,Discharge,39684.19827087477,complete,,,,,,1216.6277614930586
Patient_1310,Arrival,476086.0238029636,complete,,0.0,,,,
Patient_1310,Origem_da Clinica Medica,476086.0238029636,complete,,,da Clinica Medica,476086.0238029636,,
Patient_1310,CTI (CLIM),476086.0238029636,start,ctiBeds,0.0,,,,
Patient_1310,CTI (CLIM),506556.0019873525,complete,ctiBeds,0.0,,,,
Patient_1310,CTI prepara Encaminhamento,506556.0019873525,start,,0.0,,,,
Patient_1310,CTI prepara Encaminhamento,506614.6553923166,complete,,0.0,,,,
Patient_1310,Encaminha_Transferencia Externa,506614.6553923166,complete,,,Transferencia Externa,506614.6553923166,,
Patient_1310,Discharge,506614.6553923166,complete,,,,,,30528.631589352968
Patient_1311,Arrival,476346.2448711425,complete,,0.0,,,,
Patient_1311,Origem_do Centro Cirurgico,476346.2448711425,complete,,,do Centro Cirurgico,476346.2448711425,,
Patient_1311,CTI (CC),476346.2448711425,start,ctiBeds,0.0,,,,
Patient_1311,CTI (CC),493393.4286973494,complete,ctiBeds,0.0,,,,
Patient_1311,CTI prepara Encaminhamento,493393.4286973494,start,,0.0,,,,
Patient_1311,CTI prepara Encaminhamento,493437.51664137124,complete,,0.0,,,,
Patient_1311,Encaminha_para a Clinica Cirurgica,493437.51664137124,complete,,,para a Clinica Cirurgica,493437.51664137124,,
Patient_1311,Discharge,493437.51664137124,complete,,,,,,17091.27177022875
Patient_1312,Arrival,476770.0334281747,complete,,0.0,,,,
Patient_1312,Origem_do Pronto Socorro,476770.0334281747,complete,,,do Pronto Socorro,476770.0334281747,,
Patient_1312,CTI (PS),476770.0334281747,start,ctiBeds,0.0,,,,
Patient_1312,CTI (PS),479559.4917026842,complete,ctiBeds,0.0,,,,
Patient_1312,CTI prepara Encaminhamento,479559.4917026842,start,,0.0,,,,
Patient_1312,CTI prepara Encaminhamento,479611.3846155716,complete,,0.0,,,,
Patient_1312,Encaminha_para a Clinica Medica,479611.3846155716,complete,,,para a Clinica Medica,479611.3846155716,,
Patient_1312,Discharge,479611.3846155716,complete,,,,,,2841.351187396911
Patient_1313,Arrival,477263.34558043507,complete,,0.0,,,,
Patient_1313,Origem_do Centro Cirurgico,477263.34558043507,complete,,,do Centro Cirurgico,477263.34558043507,,
Patient_1313,CTI (CC),477263.34558043507,start,ctiBeds,0.0,,,,
Patient_1314,Arrival,477870.05017843447,complete,,0.0,,,,
Patient_1314,Origem_do Pronto Socorro,477870.05017843447,complete,,,do Pronto Socorro,477870.05017843447,,
Patient_1314,CTI (PS),477870.05017843447,start,ctiBeds,0.0,,,,
Patient_1314,CTI (PS),486329.1457817675,complete,ctiBeds,0.0,,,,
Patient_1314,CTI prepara Encaminhamento,486329.1457817675,start,,0.0,,,,
Patient_1314,CTI prepara Encaminhamento,486364.9731894306,complete,,0.0,,,,
Patient_1314,Encaminha_para a Clinica Medica,486364.9731894306,complete,,,para a Clinica Medica,486364.9731894306,,
Patient_1314,Discharge,486364.9731894306,complete,,,,,,8494.923010996135
Patient_1315,Arrival,477925.8138335255,complete,,0.0,,,,
Patient_1315,Origem_do Pronto Socorro,477925.8138335255,complete,,,do Pronto Socorro,477925.8138335255,,
Patient_1315,CTI (PS),477925.8138335255,start,ctiBeds,0.0,,,,
Patient_1315,CTI (PS),484070.79201811407,complete,ctiBeds,0.0,,,,
Patient_1315,CTI prepara Encaminhamento,484070.79201811407,start,,0.0,,,,
Patient_1315,CTI prepara Encaminhamento,484103.06389717007,complete,,0.0,,,,
Patient_1315,Encaminha_para a Clinica Medica,484103.06389717007,complete,,,para a Clinica Medica,484103.06389717007,,
Patient_1315,Discharge,484103.06389717007,complete,,,,,,6177.2500636445475
Patient_1316,Arrival,478162.53388783225,complete,,0.0,,,,
Patient_1316,Origem_do Pronto Socorro,478162.53388783225,complete,,,do Pronto Socorro,478162.53388783225,,
Patient_1316,CTI (PS),478162.53388783225,start,ctiBeds,0.0,,,,
Patient_1316,CTI (PS),496584.0472768835,complete,ctiBeds,0.0,,,,
Patient_1316,CTI prepara Encaminhamento,496584.0472768835,start,,0.0,,,,
Patient_1316,CTI prepara Encaminhamento,496638.3971061453,complete,,0.0,,,,
Patient_1316,Encaminha_para a Clinica Cirurgica,496638.3971061453,complete,,,para a Clinica Cirurgica,496638.3971061453,,
Patient_1316,Discharge,496638.3971061453,complete,,,,,,18475.863218313025
Patient_1317,Arrival,478386.4340539451,complete,,0.0,,,,
Patient_1317,Origem_da Clinica Cirurgica,478386.4340539451,complete,,,da Clinica Cirurgica,478386.4340539451,,
Patient_1317,CTI (CLIC),478386.4340539451,start,ctiBeds,0.0,,,,
Patient_1317,CTI (CLIC),483150.219294833,complete,ctiBeds,0.0,,,,
Patient_1317,CTI prepara Encaminhamento,483150.219294833,start,,0.0,,,,
Patient_1317,CTI prepara Encaminhamento,483201.5245353944,complete,,0.0,,,,
Patient_1317,Encaminha_para a Clinica Medica,483201.5245353944,complete,,,para a Clinica Medica,483201.5245353944,,
Patient_1317,Discharge,483201.5245353944,complete,,,,,,4815.090481449268
Patient_1318,Arrival,478440.13318139466,complete,,0.0,,,,
Patient_1318,Origem_do Pronto Socorro,478440.13318139466,complete,,,do Pronto Socorro,478440.13318139466,,
Patient_1318,CTI (PS),478440.13318139466,start,ctiBeds,0.0,,,,
Patient_1318,CTI (PS),479686.21341785026,complete,ctiBeds,0.0,,,,
Patient_1318,CTI prepara Encaminhamento,479686.21341785026,start,,0.0,,,,
Patient_1318,CTI prepara Encaminhamento,479719.9905623157,complete,,0.0,,,,
Patient_1318,Encaminha_para a Clinica Cirurgica,479719.9905623157,complete,,,para a Clinica Cirurgica,479719.9905623157,,
Patient_1318,Discharge,479719.9905623157,complete,,,,,,1279.857380921021
Patient_1319,Arrival,478568.9922705686,complete,,0.0,,,,
Patient_1319,Origem_do Pronto Socorro,478568.9922705686,complete,,,do Pronto Socorro,478568.9922705686,,
Patient_1319,CTI (PS),478568.9922705686,start,ctiBeds,0.0,,,,
Patient_1319,CTI (PS),480024.1120292315,complete,ctiBeds,0.0,,,,
Patient_1319,CTI prepara Encaminhamento,480024.1120292315,start,,0.0,,,,
Patient_1319,CTI prepara Encaminhamento,480056.4653136174,complete,,0.0,,,,
Patient_1319,Encaminha_Alta Hospitalar,480056.4653136174,complete,,,Alta Hospitalar,480056.4653136174,,
Patient_1319,Discharge,480056.4653136174,complete,,,,,,1487.4730430487543
Patient_132,Arrival,38511.026383543875,complete,,0.0,,,,
Patient_132,Origem_da Clinica Cirurgica,38511.026383543875,complete,,,da Clinica Cirurgica,38511.026383543875,,
Patient_132,CTI (CLIC),38511.026383543875,start,ctiBeds,0.0,,,,
Patient_132,CTI (CLIC),42403.21060359249,complete,ctiBeds,0.0,,,,
Patient_132,CTI prepara Encaminhamento,42403.21060359249,start,,0.0,,,,
Patient_132,CTI prepara Encaminhamento,42459.71802541446,complete,,0.0,,,,
Patient_132,Encaminha_para a Clinica Cirurgica,42459.71802541446,complete,,,para a Clinica Cirurgica,42459.71802541446,,
Patient_132,Discharge,42459.71802541446,complete,,,,,,3948.691641870588
Patient_1320,Arrival,479075.50161412644,complete,,0.0,,,,
Patient_1320,Origem_do Pronto Socorro,479075.50161412644,complete,,,do Pronto Socorro,479075.50161412644,,
Patient_1320,CTI (PS),479075.50161412644,start,ctiBeds,0.0,,,,
Patient_1320,CTI (PS),482292.3694797079,complete,ctiBeds,0.0,,,,
Patient_1320,CTI prepara Encaminhamento,482292.3694797079,start,,0.0,,,,
Patient_1320,CTI prepara Encaminhamento,482347.4706186434,complete,,0.0,,,,
Patient_1320,Encaminha_para a Clinica Cirurgica,482347.4706186434,complete,,,para a Clinica Cirurgica,482347.4706186434,,
Patient_1320,Discharge,482347.4706186434,complete,,,,,,3271.9690045169555
Patient_1321,Arrival,480251.39775841264,complete,,0.0,,,,
Patient_1321,Origem_do Centro Cirurgico,480251.39775841264,complete,,,do Centro Cirurgico,480251.39775841264,,
Patient_1321,CTI (CC),480251.39775841264,start,ctiBeds,0.0,,,,
Patient_1321,CTI (CC),485860.0857100826,complete,ctiBeds,0.0,,,,
Patient_1321,CTI prepara Encaminhamento,485860.0857100826,start,,0.0,,,,
Patient_1321,CTI prepara Encaminhamento,485906.1558896023,complete,,0.0,,,,
Patient_1321,Encaminha_para a Clinica Cirurgica,485906.1558896023,complete,,,para a Clinica Cirurgica,485906.1558896023,,
Patient_1321,Discharge,485906.1558896023,complete,,,,,,5654.758131189679
Patient_1322,Arrival,480358.03741717304,complete,,0.0,,,,
Patient_1322,Origem_do Pronto Socorro,480358.03741717304,complete,,,do Pronto Socorro,480358.03741717304,,
Patient_1322,CTI (PS),480358.03741717304,start,ctiBeds,0.0,,,,
Patient_1322,CTI (PS),510985.4345164916,complete,ctiBeds,0.0,,,,
Patient_1322,CTI prepara Encaminhamento,510985.4345164916,start,,0.0,,,,
Patient_1322,CTI prepara Encaminhamento,511024.95384082384,complete,,0.0,,,,
Patient_1322,Encaminha_para a Clinica Cirurgica,511024.95384082384,complete,,,para a Clinica Cirurgica,511024.95384082384,,
Patient_1322,Discharge,511024.95384082384,complete,,,,,,30666.916423650808
Patient_1323,Arrival,481003.37530878524,complete,,0.0,,,,
Patient_1323,Origem_do Centro Cirurgico,481003.37530878524,complete,,,do Centro Cirurgico,481003.37530878524,,
Patient_1323,CTI (CC),481003.37530878524,start,ctiBeds,0.0,,,,
Patient_1323,CTI (CC),493591.6974420153,complete,ctiBeds,0.0,,,,
Patient_1323,CTI prepara Encaminhamento,493591.6974420153,start,,0.0,,,,
Patient_1323,CTI prepara Encaminhamento,493649.6245017575,complete,,0.0,,,,
Patient_1323,Encaminha_para a Clinica Cirurgica,493649.6245017575,complete,,,para a Clinica Cirurgica,493649.6245017575,,
Patient_1323,Discharge,493649.6245017575,complete,,,,,,12646.24919297226
Patient_1324,Arrival,481474.6649335182,complete,,0.0,,,,
Patient_1324,Origem_do Centro Cirurgico,481474.6649335182,complete,,,do Centro Cirurgico,481474.6649335182,,
Patient_1324,CTI (CC),481474.6649335182,start,ctiBeds,0.0,,,,
Patient_1324,CTI (CC),483307.5493165849,complete,ctiBeds,0.0,,,,
Patient_1324,CTI prepara Encaminhamento,483307.5493165849,start,,0.0,,,,
Patient_1324,CTI prepara Encaminhamento,483354.77087220154,complete,,0.0,,,,
Patient_1324,Encaminha_para a Clinica Cirurgica,483354.77087220154,complete,,,para a Clinica Cirurgica,483354.77087220154,,
Patient_1324,Discharge,483354.77087220154,complete,,,,,,1880.1059386833222
Patient_1325,Arrival,481734.83481608634,complete,,0.0,,,,
Patient_1325,Origem_do Pronto Socorro,481734.83481608634,complete,,,do Pronto Socorro,481734.83481608634,,
Patient_1325,CTI (PS),481734.83481608634,start,ctiBeds,0.0,,,,
Patient_1325,CTI (PS),504950.53233847505,complete,ctiBeds,0.0,,,,
Patient_1325,CTI prepara Encaminhamento,504950.53233847505,start,,0.0,,,,
Patient_1325,CTI prepara Encaminhamento,505008.95718124975,complete,,0.0,,,,
Patient_1325,Encaminha_Obito,505008.95718124975,complete,,,Obito,505008.95718124975,,
Patient_1325,Discharge,505008.95718124975,complete,,,,,,23274.122365163406
Patient_1326,Arrival,482046.73293282866,complete,,0.0,,,,
Patient_1326,Origem_da Clinica Cirurgica,482046.73293282866,complete,,,da Clinica Cirurgica,482046.73293282866,,
Patient_1326,CTI (CLIC),482046.73293282866,start,ctiBeds,0.0,,,,
Patient_1326,CTI (CLIC),502555.62348963186,complete,ctiBeds,0.0,,,,
Patient_1326,CTI prepara Encaminhamento,502555.62348963186,start,,0.0,,,,
Patient_1326,CTI prepara Encaminhamento,502602.2211544658,complete,,0.0,,,,
Patient_1326,Encaminha_Obito,502602.2211544658,complete,,,Obito,502602.2211544658,,
Patient_1326,Discharge,502602.2211544658,complete,,,,,,20555.488221637148
Patient_1327,Arrival,482554.4905162461,complete,,0.0,,,,
Patient_1327,Origem_do Pronto Socorro,482554.4905162461,complete,,,do Pronto Socorro,482554.4905162461,,
Patient_1327,CTI (PS),482554.4905162461,start,ctiBeds,0.0,,,,
Patient_1327,CTI (PS),486054.76420844806,complete,ctiBeds,0.0,,,,
Patient_1327,CTI prepara Encaminhamento,486054.76420844806,start,,0.0,,,,
Patient_1327,CTI prepara Encaminhamento,486105.1697188144,complete,,0.0,,,,
Patient_1327,Encaminha_para a Clinica Cirurgica,486105.1697188144,complete,,,para a Clinica Cirurgica,486105.1697188144,,
Patient_1327,Discharge,486105.1697188144,complete,,,,,,3550.6792025682516
Patient_1328,Arrival,482780.1488580366,complete,,0.0,,,,
Patient_1328,Origem_do Pronto Socorro,482780.1488580366,complete,,,do Pronto Socorro,482780.1488580366,,
Patient_1328,CTI (PS),482780.1488580366,start,ctiBeds,0.0,,,,
Patient_1328,CTI (PS),489837.74886730773,complete,ctiBeds,0.0,,,,
Patient_1328,CTI prepara Encaminhamento,489837.74886730773,start,,0.0,,,,
Patient_1328,CTI prepara Encaminhamento,489891.8128269525,complete,,0.0,,,,
Patient_1328,Encaminha_para a Clinica Medica,489891.8128269525,complete,,,para a Clinica Medica,489891.8128269525,,
Patient_1328,Discharge,489891.8128269525,complete,,,,,,7111.6639689158765
Patient_1329,Arrival,482783.2320955745,complete,,0.0,,,,
Patient_1329,Origem_do Pronto Socorro,482783.2320955745,complete,,,do Pronto Socorro,482783.2320955745,,
Patient_1329,CTI (PS),482783.2320955745,start,ctiBeds,0.0,,,,
Patient_1329,CTI (PS),498927.79363955423,complete,ctiBeds,0.0,,,,
Patient_1329,CTI prepara Encaminhamento,498927.79363955423,start,,0.0,,,,
Patient_1329,CTI prepara Encaminhamento,498959.4166664336,complete,,0.0,,,,
Patient_1329,Encaminha_para a Clinica Medica,498959.4166664336,complete,,,para a Clinica Medica,498959.4166664336,,
Patient_1329,Discharge,498959.4166664336,complete,,,,,,16176.184570859128
Patient_133,Arrival,38855.02721707782,complete,,0.0,,,,
Patient_133,Origem_da Clinica Cirurgica,38855.02721707782,complete,,,da Clinica Cirurgica,38855.02721707782,,
Patient_133,CTI (CLIC),38855.02721707782,start,ctiBeds,0.0,,,,
Patient_133,CTI (CLIC),41101.53226583549,complete,ctiBeds,0.0,,,,
Patient_133,CTI prepara Encaminhamento,41101.53226583549,start,,0.0,,,,
Patient_133,CTI prepara Encaminhamento,41147.66297879732,complete,,0.0,,,,
Patient_133,Encaminha_para a Clinica Cirurgica,41147.66297879732,complete,,,para a Clinica Cirurgica,41147.66297879732,,
Patient_133,Discharge,41147.66297879732,complete,,,,,,2292.6357617195026
Patient_1330,Arrival,482950.0575292448,complete,,0.0,,,,
Patient_1330,Origem_do Centro Cirurgico,482950.0575292448,complete,,,do Centro Cirurgico,482950.0575292448,,
Patient_1330,CTI (CC),482950.0575292448,start,ctiBeds,0.0,,,,
Patient_1330,CTI (CC),483151.08720650326,complete,ctiBeds,0.0,,,,
Patient_1330,CTI prepara Encaminhamento,483151.08720650326,start,,0.0,,,,
Patient_1330,CTI prepara Encaminhamento,483188.58536796435,complete,,0.0,,,,
Patient_1330,Encaminha_para a Clinica Medica,483188.58536796435,complete,,,para a Clinica Medica,483188.58536796435,,
Patient_1330,Discharge,483188.58536796435,complete,,,,,,238.52783871954307
Patient_1331,Arrival,483904.29065667925,complete,,0.0,,,,
Patient_1331,Origem_do Centro Cirurgico,483904.29065667925,complete,,,do Centro Cirurgico,483904.29065667925,,
Patient_1331,CTI (CC),483904.29065667925,start,ctiBeds,0.0,,,,
Patient_1331,CTI (CC),486665.7296750196,complete,ctiBeds,0.0,,,,
Patient_1331,CTI prepara Encaminhamento,486665.7296750196,start,,0.0,,,,
Patient_1331,CTI prepara Encaminhamento,486702.60304558347,complete,,0.0,,,,
Patient_1331,Encaminha_para a Clinica Medica,486702.60304558347,complete,,,para a Clinica Medica,486702.60304558347,,
Patient_1331,Discharge,486702.60304558347,complete,,,,,,2798.312388904218
Patient_1332,Arrival,484147.9019868253,complete,,0.0,,,,
Patient_1332,Origem_do Centro Cirurgico,484147.9019868253,complete,,,do Centro Cirurgico,484147.9019868253,,
Patient_1332,CTI (CC),484147.9019868253,start,ctiBeds,0.0,,,,
Patient_1332,CTI (CC),484572.5025561243,complete,ctiBeds,0.0,,,,
Patient_1332,CTI prepara Encaminhamento,484572.5025561243,start,,0.0,,,,
Patient_1332,CTI prepara Encaminhamento,484603.44425832183,complete,,0.0,,,,
Patient_1332,Encaminha_Obito,484603.44425832183,complete,,,Obito,484603.44425832183,,
Patient_1332,Discharge,484603.44425832183,complete,,,,,,455.54227149655344
Patient_1333,Arrival,484158.32411296375,complete,,0.0,,,,
Patient_1333,Origem_do Centro Cirurgico,484158.32411296375,complete,,,do Centro Cirurgico,484158.32411296375,,
Patient_1333,CTI (CC),484158.32411296375,start,ctiBeds,0.0,,,,
Patient_1333,CTI (CC),490250.60138606885,complete,ctiBeds,0.0,,,,
Patient_1333,CTI prepara Encaminhamento,490250.60138606885,start,,0.0,,,,
Patient_1333,CTI prepara Encaminhamento,490302.5645908057,complete,,0.0,,,,
Patient_1333,Encaminha_para a Clinica Medica,490302.5645908057,complete,,,para a Clinica Medica,490302.5645908057,,
Patient_1333,Discharge,490302.5645908057,complete,,,,,,6144.2404778419295
Patient_1334,Arrival,484429.21858452354,complete,,0.0,,,,
Patient_1334,Origem_do Pronto Socorro,484429.21858452354,complete,,,do Pronto Socorro,484429.21858452354,,
Patient_1334,CTI (PS),484429.21858452354,start,ctiBeds,0.0,,,,
Patient_1334,CTI (PS),490614.3071069283,complete,ctiBeds,0.0,,,,
Patient_1334,CTI prepara Encaminhamento,490614.3071069283,start,,0.0,,,,
Patient_1334,CTI prepara Encaminhamento,490651.59207630256,complete,,0.0,,,,
Patient_1334,Encaminha_para a Clinica Cirurgica,490651.59207630256,complete,,,para a Clinica Cirurgica,490651.59207630256,,
Patient_1334,Discharge,490651.59207630256,complete,,,,,,6222.373491779028
Patient_1335,Arrival,484667.8659967137,complete,,0.0,,,,
Patient_1335,Origem_do Centro Cirurgico,484667.8659967137,complete,,,do Centro Cirurgico,484667.8659967137,,
Patient_1335,CTI (CC),484667.8659967137,start,ctiBeds,0.0,,,,
Patient_1335,CTI (CC),484836.59413105104,complete,ctiBeds,0.0,,,,
Patient_1335,CTI prepara Encaminhamento,484836.59413105104,start,,0.0,,,,
Patient_1335,CTI prepara Encaminhamento,484890.9311905952,complete,,0.0,,,,
Patient_1335,Encaminha_para a Clinica Medica,484890.9311905952,complete,,,para a Clinica Medica,484890.9311905952,,
Patient_1335,Discharge,484890.9311905952,complete,,,,,,223.06519388151355
Patient_1336,Arrival,485146.6796719049,complete,,0.0,,,,
Patient_1336,Origem_do Pronto Socorro,485146.6796719049,complete,,,do Pronto Socorro,485146.6796719049,,
Patient_1336,CTI (PS),485146.6796719049,start,ctiBeds,0.0,,,,
Patient_1336,CTI (PS),504165.24752982246,complete,ctiBeds,0.0,,,,
Patient_1336,CTI prepara Encaminhamento,504165.24752982246,start,,0.0,,,,
Patient_1336,CTI prepara Encaminhamento,504225.00462976017,complete,,0.0,,,,
Patient_1336,Encaminha_para a Clinica Cirurgica,504225.00462976017,complete,,,para a Clinica Cirurgica,504225.00462976017,,
Patient_1336,Discharge,504225.00462976017,complete,,,,,,19078.32495785528
Patient_1337,Arrival,485339.0339398501,complete,,0.0,,,,
Patient_1337,Origem_do Centro Cirurgico,485339.0339398501,complete,,,do Centro Cirurgico,485339.0339398501,,
Patient_1337,CTI (CC),485339.0339398501,start,ctiBeds,0.0,,,,
Patient_1337,CTI (CC),488609.41792651993,complete,ctiBeds,0.0,,,,
Patient_1337,CTI prepara Encaminhamento,488609.41792651993,start,,0.0,,,,
Patient_1337,CTI prepara Encaminhamento,488640.4805824604,complete,,0.0,,,,
Patient_1337,Encaminha_para a Clinica Cirurgica,488640.4805824604,complete,,,para a Clinica Cirurgica,488640.4805824604,,
Patient_1337,Discharge,488640.4805824604,complete,,,,,,3301.4466426103027
Patient_1338,Arrival,485529.5045048662,complete,,0.0,,,,
Patient_1338,Origem_do Pronto Socorro,485529.5045048662,complete,,,do Pronto Socorro,485529.5045048662,,
Patient_1338,CTI (PS),485529.5045048662,start,ctiBeds,0.0,,,,
Patient_1338,CTI (PS),502228.70793121593,complete,ctiBeds,0.0,,,,
Patient_1338,CTI prepara Encaminhamento,502228.70793121593,start,,0.0,,,,
Patient_1338,CTI prepara Encaminhamento,502259.43770082196,complete,,0.0,,,,
Patient_1338,Encaminha_Obito,502259.43770082196,complete,,,Obito,502259.43770082196,,
Patient_1338,Discharge,502259.43770082196,complete,,,,,,16729.93319595576
Patient_1339,Arrival,485707.99570873956,complete,,0.0,,,,
Patient_1339,Origem_do Centro Cirurgico,485707.99570873956,complete,,,do Centro Cirurgico,485707.99570873956,,
Patient_1339,CTI (CC),485707.99570873956,start,ctiBeds,0.0,,,,
Patient_1339,CTI (CC),487859.3204753035,complete,ctiBeds,0.0,,,,
Patient_1339,CTI prepara Encaminhamento,487859.3204753035,start,,0.0,,,,
Patient_1339,CTI prepara Encaminhamento,487915.6120782371,complete,,0.0,,,,
Patient_1339,Encaminha_para a Clinica Medica,487915.6120782371,complete,,,para a Clinica Medica,487915.6120782371,,
Patient_1339,Discharge,487915.6120782371,complete,,,,,,2207.616369497555
Patient_134,Arrival,38939.38889333265,complete,,0.0,,,,
Patient_134,Origem_do Pronto Socorro,38939.38889333265,complete,,,do Pronto Socorro,38939.38889333265,,
Patient_134,CTI (PS),38939.38889333265,start,ctiBeds,0.0,,,,
Patient_134,CTI (PS),62346.48338950073,complete,ctiBeds,0.0,,,,
Patient_134,CTI prepara Encaminhamento,62346.48338950073,start,,0.0,,,,
Patient_134,CTI prepara Encaminhamento,62397.6991760854,complete,,0.0,,,,
Patient_134,Encaminha_para a Clinica Cirurgica,62397.6991760854,complete,,,para a Clinica Cirurgica,62397.6991760854,,
Patient_134,Discharge,62397.6991760854,complete,,,,,,23458.310282752747
Patient_1340,Arrival,486107.84985709033,complete,,0.0,,,,
Patient_1340,Origem_do Centro Cirurgico,486107.84985709033,complete,,,do Centro Cirurgico,486107.84985709033,,
Patient_1340,CTI (CC),486107.84985709033,start,ctiBeds,0.0,,,,
Patient_1340,CTI (CC),490031.9732251852,complete,ctiBeds,0.0,,,,
Patient_1340,CTI prepara Encaminhamento,490031.9732251852,start,,0.0,,,,
Patient_1340,CTI prepara Encaminhamento,490073.38704624336,complete,,0.0,,,,
Patient_1340,Encaminha_para a Clinica Medica,490073.38704624336,complete,,,para a Clinica Medica,490073.38704624336,,
Patient_1340,Discharge,490073.38704624336,complete,,,,,,3965.537189153023
Patient_1341,Arrival,486181.57836144115,complete,,0.0,,,,
Patient_1341,Origem_do Pronto Socorro,486181.57836144115,complete,,,do Pronto Socorro,486181.57836144115,,
Patient_1341,CTI (PS),486181.57836144115,start,ctiBeds,0.0,,,,
Patient_1341,CTI (PS),490142.64335121674,complete,ctiBeds,0.0,,,,
Patient_1341,CTI prepara Encaminhamento,490142.64335121674,start,,0.0,,,,
Patient_1341,CTI prepara Encaminhamento,490192.326871792,complete,,0.0,,,,
Patient_1341,Encaminha_para a Clinica Cirurgica,490192.326871792,complete,,,para a Clinica Cirurgica,490192.326871792,,
Patient_1341,Discharge,490192.326871792,complete,,,,,,4010.7485103508225
Patient_1342,Arrival,486242.50091527513,complete,,0.0,,,,
Patient_1342,Origem_do Centro Cirurgico,486242.50091527513,complete,,,do Centro Cirurgico,486242.50091527513,,
Patient_1342,CTI (CC),486242.50091527513,start,ctiBeds,0.0,,,,
Patient_1342,CTI (CC),520664.1952179725,complete,ctiBeds,0.0,,,,
Patient_1342,CTI prepara Encaminhamento,520664.1952179725,start,,0.0,,,,
Patient_1342,CTI prepara Encaminhamento,520696.1243412351,complete,,0.0,,,,
Patient_1342,Encaminha_para a Clinica Medica,520696.1243412351,complete,,,para a Clinica Medica,520696.1243412351,,
Patient_1342,Discharge,520696.1243412351,complete,,,,,,34453.62342595996
Patient_1343,Arrival,486587.1436142599,complete,,0.0,,,,
Patient_1343,Origem_do Pronto Socorro,486587.1436142599,complete,,,do Pronto Socorro,486587.1436142599,,
Patient_1343,CTI (PS),486587.1436142599,start,ctiBeds,0.0,,,,
Patient_1343,CTI (PS),490749.0768987337,complete,ctiBeds,0.0,,,,
Patient_1343,CTI prepara Encaminhamento,490749.0768987337,start,,0.0,,,,
Patient_1343,CTI prepara Encaminhamento,490784.0308375894,complete,,0.0,,,,
Patient_1343,Encaminha_para a Clinica Cirurgica,490784.0308375894,complete,,,para a Clinica Cirurgica,490784.0308375894,,
Patient_1343,Discharge,490784.0308375894,complete,,,,,,4196.8872233295115
Patient_1344,Arrival,487577.15936471074,complete,,0.0,,,,
Patient_1344,Origem_do Pronto Socorro,487577.15936471074,complete,,,do Pronto Socorro,487577.15936471074,,
Patient_1344,CTI (PS),487577.15936471074,start,ctiBeds,0.0,,,,
Patient_1344,CTI (PS),506776.5493960831,complete,ctiBeds,0.0,,,,
Patient_1344,CTI prepara Encaminhamento,506776.5493960831,start,,0.0,,,,
Patient_1344,CTI prepara Encaminhamento,506815.05908117414,complete,,0.0,,,,
Patient_1344,Encaminha_Obito,506815.05908117414,complete,,,Obito,506815.05908117414,,
Patient_1344,Discharge,506815.05908117414,complete,,,,,,19237.899716463406
Patient_1345,Arrival,487766.2676793775,complete,,0.0,,,,
Patient_1345,Origem_do Pronto Socorro,487766.2676793775,complete,,,do Pronto Socorro,487766.2676793775,,
Patient_1345,CTI (PS),487766.2676793775,start,ctiBeds,0.0,,,,
Patient_1345,CTI (PS),492547.932697851,complete,ctiBeds,0.0,,,,
Patient_1345,CTI prepara Encaminhamento,492547.932697851,start,,0.0,,,,
Patient_1345,CTI prepara Encaminhamento,492604.3162384277,complete,,0.0,,,,
Patient_1345,Encaminha_Transferencia Externa,492604.3162384277,complete,,,Transferencia Externa,492604.3162384277,,
Patient_1345,Discharge,492604.3162384277,complete,,,,,,4838.048559050192
Patient_1346,Arrival,487997.2129824143,complete,,0.0,,,,
Patient_1346,Origem_do Centro Cirurgico,487997.2129824143,complete,,,do Centro Cirurgico,487997.2129824143,,
Patient_1346,CTI (CC),487997.2129824143,start,ctiBeds,0.0,,,,
Patient_1346,CTI (CC),519712.62966962036,complete,ctiBeds,0.0,,,,
Patient_1346,CTI prepara Encaminhamento,519712.62966962036,start,,0.0,,,,
Patient_1346,CTI prepara Encaminhamento,519746.0136531759,complete,,0.0,,,,
Patient_1346,Encaminha_para a Clinica Medica,519746.0136531759,complete,,,para a Clinica Medica,519746.0136531759,,
Patient_1346,Discharge,519746.0136531759,complete,,,,,,31748.800670761615
Patient_1347,Arrival,488246.63388642296,complete,,0.0,,,,
Patient_1347,Origem_do Centro Cirurgico,488246.63388642296,complete,,,do Centro Cirurgico,488246.63388642296,,
Patient_1347,CTI (CC),488246.63388642296,start,ctiBeds,0.0,,,,
Patient_1347,CTI (CC),489849.8318202344,complete,ctiBeds,0.0,,,,
Patient_1347,CTI prepara Encaminhamento,489849.8318202344,start,,0.0,,,,
Patient_1347,CTI prepara Encaminhamento,489880.8954954061,complete,,0.0,,,,
Patient_1347,Encaminha_para a Clinica Cirurgica,489880.8954954061,complete,,,para a Clinica Cirurgica,489880.8954954061,,
Patient_1347,Discharge,489880.8954954061,complete,,,,,,1634.2616089831572
Patient_1348,Arrival,488290.77731580863,complete,,0.0,,,,
Patient_1348,Origem_da Clinica Medica,488290.77731580863,complete,,,da Clinica Medica,488290.77731580863,,
Patient_1348,CTI (CLIM),488290.77731580863,start,ctiBeds,0.0,,,,
Patient_1348,CTI (CLIM),502481.0040593558,complete,ctiBeds,0.0,,,,
Patient_1348,CTI prepara Encaminhamento,502481.0040593558,start,,0.0,,,,
Patient_1348,CTI prepara Encaminhamento,502530.7759000797,complete,,0.0,,,,
Patient_1348,Encaminha_Obito,502530.7759000797,complete,,,Obito,502530.7759000797,,
Patient_1348,Discharge,502530.7759000797,complete,,,,,,14239.99858427106
Patient_1349,Arrival,488318.87298271316,complete,,0.0,,,,
Patient_1349,Origem_do Centro Cirurgico,488318.87298271316,complete,,,do Centro Cirurgico,488318.87298271316,,
Patient_1349,CTI (CC),488318.87298271316,start,ctiBeds,0.0,,,,
Patient_1349,CTI (CC),497522.89711868693,complete,ctiBeds,0.0,,,,
Patient_1349,CTI prepara Encaminhamento,497522.89711868693,start,,0.0,,,,
Patient_1349,CTI prepara Encaminhamento,497567.8324515616,complete,,0.0,,,,
Patient_1349,Encaminha_para o Centro Cirurgico,497567.8324515616,complete,,,para o Centro Cirurgico,497567.8324515616,,
Patient_1349,Discharge,497567.8324515616,complete,,,,,,9248.959468848421
Patient_135,Arrival,39127.73635483726,complete,,0.0,,,,
Patient_135,Origem_da Maternidade,39127.73635483726,complete,,,da Maternidade,39127.73635483726,,
Patient_135,CTI (MAT),39127.73635483726,start,ctiBeds,0.0,,,,
Patient_135,CTI (MAT),42670.20933264304,complete,ctiBeds,0.0,,,,
Patient_135,CTI prepara Encaminhamento,42670.20933264304,start,,0.0,,,,
Patient_135,CTI prepara Encaminhamento,42726.49551797583,complete,,0.0,,,,
Patient_135,Encaminha_para a Clinica Medica,42726.49551797583,complete,,,para a Clinica Medica,42726.49551797583,,
Patient_135,Discharge,42726.49551797583,complete,,,,,,3598.759163138573
Patient_1350,Arrival,488486.7821538157,complete,,0.0,,,,
Patient_1350,Origem_da Clinica Medica,488486.7821538157,complete,,,da Clinica Medica,488486.7821538157,,
Patient_1350,CTI (CLIM),488486.7821538157,start,ctiBeds,0.0,,,,
Patient_1350,CTI (CLIM),510022.8487853314,complete,ctiBeds,0.0,,,,
Patient_1350,CTI prepara Encaminhamento,510022.8487853314,start,,0.0,,,,
Patient_1350,CTI prepara Encaminhamento,510057.9944075551,complete,,0.0,,,,
Patient_1350,Encaminha_para a Clinica Cirurgica,510057.9944075551,complete,,,para a Clinica Cirurgica,510057.9944075551,,
Patient_1350,Discharge,510057.9944075551,complete,,,,,,21571.212253739417
Patient_1351,Arrival,489169.16424596537,complete,,0.0,,,,
Patient_1351,Origem_do Centro Cirurgico,489169.16424596537,complete,,,do Centro Cirurgico,489169.16424596537,,
Patient_1351,CTI (CC),489169.16424596537,start,ctiBeds,0.0,,,,
Patient_1351,CTI (CC),499819.8552250589,complete,ctiBeds,0.0,,,,
Patient_1351,CTI prepara Encaminhamento,499819.8552250589,start,,0.0,,,,
Patient_1351,CTI prepara Encaminhamento,499859.2948514203,complete,,0.0,,,,
Patient_1351,Encaminha_para a Clinica Cirurgica,499859.2948514203,complete,,,para a Clinica Cirurgica,499859.2948514203,,
Patient_1351,Discharge,499859.2948514203,complete,,,,,,10690.130605454906
Patient_1352,Arrival,489340.0274720363,complete,,0.0,,,,
Patient_1352,Origem_do Pronto Socorro,489340.0274720363,complete,,,do Pronto Socorro,489340.0274720363,,
Patient_1352,CTI (PS),489340.0274720363,start,ctiBeds,0.0,,,,
Patient_1352,CTI (PS),516197.47727311647,complete,ctiBeds,0.0,,,,
Patient_1352,CTI prepara Encaminhamento,516197.47727311647,start,,0.0,,,,
Patient_1352,CTI prepara Encaminhamento,516254.8038525306,complete,,0.0,,,,
Patient_1352,Encaminha_para a Clinica Medica,516254.8038525306,complete,,,para a Clinica Medica,516254.8038525306,,
Patient_1352,Discharge,516254.8038525306,complete,,,,,,26914.776380494295
Patient_1353,Arrival,489718.2695765665,complete,,0.0,,,,
Patient_1353,Origem_do Pronto Socorro,489718.2695765665,complete,,,do Pronto Socorro,489718.2695765665,,
Patient_1353,CTI (PS),489718.2695765665,start,ctiBeds,0.0,,,,
Patient_1353,CTI (PS),498029.4074208147,complete,ctiBeds,0.0,,,,
Patient_1353,CTI prepara Encaminhamento,498029.4074208147,start,,0.0,,,,
Patient_1353,CTI prepara Encaminhamento,498059.95733138896,complete,,0.0,,,,
Patient_1353,Encaminha_para a Clinica Cirurgica,498059.95733138896,complete,,,para a Clinica Cirurgica,498059.95733138896,,
Patient_1353,Discharge,498059.95733138896,complete,,,,,,8341.68775482243
Patient_1354,Arrival,490320.1239066492,complete,,0.0,,,,
Patient_1354,Origem_da Clinica Cirurgica,490320.1239066492,complete,,,da Clinica Cirurgica,490320.1239066492,,
Patient_1354,CTI (CLIC),490320.1239066492,start,ctiBeds,0.0,,,,
Patient_1355,Arrival,491249.0787137741,complete,,0.0,,,,
Patient_1355,Origem_do Pronto Socorro,491249.0787137741,complete,,,do Pronto Socorro,491249.0787137741,,
Patient_1355,CTI (PS),491249.0787137741,start,ctiBeds,0.0,,,,
Patient_1355,CTI (PS),499697.00545749493,complete,ctiBeds,0.0,,,,
Patient_1355,CTI prepara Encaminhamento,499697.00545749493,start,,0.0,,,,
Patient_1355,CTI prepara Encaminhamento,499752.94675671717,complete,,0.0,,,,
Patient_1355,Encaminha_para a Clinica Medica,499752.94675671717,complete,,,para a Clinica Medica,499752.94675671717,,
Patient_1355,Discharge,499752.94675671717,complete,,,,,,8503.868042943068
Patient_1356,Arrival,491313.39220356883,complete,,0.0,,,,
Patient_1356,Origem_do Pronto Socorro,491313.39220356883,complete,,,do Pronto Socorro,491313.39220356883,,
Patient_1356,CTI (PS),491313.39220356883,start,ctiBeds,0.0,,,,
Patient_1356,CTI (PS),500135.68577229115,complete,ctiBeds,0.0,,,,
Patient_1356,CTI prepara Encaminhamento,500135.68577229115,start,,0.0,,,,
Patient_1356,CTI prepara Encaminhamento,500186.60289437976,complete,,0.0,,,,
Patient_1356,Encaminha_Transferencia Externa,500186.60289437976,complete,,,Transferencia Externa,500186.60289437976,,
Patient_1356,Discharge,500186.60289437976,complete,,,,,,8873.210690810927
Patient_1357,Arrival,491376.87396927696,complete,,0.0,,,,
Patient_1357,Origem_do Pronto Socorro,491376.87396927696,complete,,,do Pronto Socorro,491376.87396927696,,
Patient_1357,CTI (PS),491376.87396927696,start,ctiBeds,0.0,,,,
Patient_1357,CTI (PS),491978.56547854043,complete,ctiBeds,0.0,,,,
Patient_1357,CTI prepara Encaminhamento,491978.56547854043,start,,0.0,,,,
Patient_1357,CTI prepara Encaminhamento,492030.9333879612,complete,,0.0,,,,
Patient_1357,Encaminha_para a Clinica Medica,492030.9333879612,complete,,,para a Clinica Medica,492030.9333879612,,
Patient_1357,Discharge,492030.9333879612,complete,,,,,,654.0594186842209
Patient_1358,Arrival,491501.00321900274,complete,,0.0,,,,
Patient_1358,Origem_da Clinica Medica,491501.00321900274,complete,,,da Clinica Medica,491501.00321900274,,
Patient_1358,CTI (CLIM),491501.00321900274,start,ctiBeds,0.0,,,,
Patient_1358,CTI (CLIM),497840.4260832371,complete,ctiBeds,0.0,,,,
Patient_1358,CTI prepara Encaminhamento,497840.4260832371,start,,0.0,,,,
Patient_1358,CTI prepara Encaminhamento,497884.36641223414,complete,,0.0,,,,
Patient_1358,Encaminha_para a Clinica Medica,497884.36641223414,complete,,,para a Clinica Medica,497884.36641223414,,
Patient_1358,Discharge,497884.36641223414,complete,,,,,,6383.363193231402
Patient_1359,Arrival,491540.3209670304,complete,,0.0,,,,
Patient_1359,Origem_do Centro Cirurgico,491540.3209670304,complete,,,do Centro Cirurgico,491540.3209670304,,
Patient_1359,CTI (CC),491540.3209670304,start,ctiBeds,0.0,,,,
Patient_1359,CTI (CC),497008.68103859504,complete,ctiBeds,0.0,,,,
Patient_1359,CTI prepara Encaminhamento,497008.68103859504,start,,0.0,,,,
Patient_1359,CTI prepara Encaminhamento,497059.95259644074,complete,,0.0,,,,
Patient_1359,Encaminha_para a Clinica Medica,497059.95259644074,complete,,,para a Clinica Medica,497059.95259644074,,
Patient_1359,Discharge,497059.95259644074,complete,,,,,,5519.631629410316
Patient_136,Arrival,39266.39018023445,complete,,0.0,,,,
Patient_136,Origem_do Pronto Socorro,39266.39018023445,complete,,,do Pronto Socorro,39266.39018023445,,
Patient_136,CTI (PS),39266.39018023445,start,ctiBeds,0.0,,,,
Patient_136,CTI (PS),59199.67091562272,complete,ctiBeds,0.0,,,,
Patient_136,CTI prepara Encaminhamento,59199.67091562272,start,,0.0,,,,
Patient_136,CTI prepara Encaminhamento,59258.88243431567,complete,,0.0,,,,
Patient_136,Encaminha_Obito,59258.88243431567,complete,,,Obito,59258.88243431567,,
Patient_136,Discharge,59258.88243431567,complete,,,,,,19992.49225408122
Patient_1360,Arrival,491724.54248803476,complete,,0.0,,,,
Patient_1360,Origem_do Centro Cirurgico,491724.54248803476,complete,,,do Centro Cirurgico,491724.54248803476,,
Patient_1360,CTI (CC),491724.54248803476,start,ctiBeds,0.0,,,,
Patient_1360,CTI (CC),504258.78761388693,complete,ctiBeds,0.0,,,,
Patient_1360,CTI prepara Encaminhamento,504258.78761388693,start,,0.0,,,,
Patient_1360,CTI prepara Encaminhamento,504310.5804620621,complete,,0.0,,,,
Patient_1360,Encaminha_para a Clinica Medica,504310.5804620621,complete,,,para a Clinica Medica,504310.5804620621,,
Patient_1360,Discharge,504310.5804620621,complete,,,,,,12586.037974027335
Patient_1361,Arrival,491927.51634485123,complete,,0.0,,,,
Patient_1361,Origem_do Pronto Socorro,491927.51634485123,complete,,,do Pronto Socorro,491927.51634485123,,
Patient_1361,CTI (PS),491927.51634485123,start,ctiBeds,0.0,,,,
Patient_1361,CTI (PS),514650.762413826,complete,ctiBeds,0.0,,,,
Patient_1361,CTI prepara Encaminhamento,514650.762413826,start,,0.0,,,,
Patient_1361,CTI prepara Encaminhamento,514707.55501778255,complete,,0.0,,,,
Patient_1361,Encaminha_para a Clinica Medica,514707.55501778255,complete,,,para a Clinica Medica,514707.55501778255,,
Patient_1361,Discharge,514707.55501778255,complete,,,,,,22780.038672931318
Patient_1362,Arrival,492243.82741023984,complete,,0.0,,,,
Patient_1362,Origem_do Centro Cirurgico,492243.82741023984,complete,,,do Centro Cirurgico,492243.82741023984,,
Patient_1362,CTI (CC),492243.82741023984,start,ctiBeds,0.0,,,,
Patient_1362,CTI (CC),494486.23699098715,complete,ctiBeds,0.0,,,,
Patient_1362,CTI prepara Encaminhamento,494486.23699098715,start,,0.0,,,,
Patient_1362,CTI prepara Encaminhamento,494544.3037167818,complete,,0.0,,,,
Patient_1362,Encaminha_para a Clinica Cirurgica,494544.3037167818,complete,,,para a Clinica Cirurgica,494544.3037167818,,
Patient_1362,Discharge,494544.3037167818,complete,,,,,,2300.4763065419393
Patient_1363,Arrival,492937.4730155826,complete,,0.0,,,,
Patient_1363,Origem_do Pronto Socorro,492937.4730155826,complete,,,do Pronto Socorro,492937.4730155826,,
Patient_1363,CTI (PS),492937.4730155826,start,ctiBeds,0.0,,,,
Patient_1364,Arrival,493412.8314856277,complete,,0.0,,,,
Patient_1364,Origem_do Pronto Socorro,493412.8314856277,complete,,,do Pronto Socorro,493412.8314856277,,
Patient_1364,CTI (PS),493412.8314856277,start,ctiBeds,0.0,,,,
Patient_1364,CTI (PS),519243.2975930758,complete,ctiBeds,0.0,,,,
Patient_1364,CTI prepara Encaminhamento,519243.2975930758,start,,0.0,,,,
Patient_1364,CTI prepara Encaminhamento,519277.8498243883,complete,,0.0,,,,
Patient_1364,Encaminha_Obito,519277.8498243883,complete,,,Obito,519277.8498243883,,
Patient_1364,Discharge,519277.8498243883,complete,,,,,,25865.018338760594
Patient_1365,Arrival,493843.3963096921,complete,,0.0,,,,
Patient_1365,Origem_do Pronto Socorro,493843.3963096921,complete,,,do Pronto Socorro,493843.3963096921,,
Patient_1365,CTI (PS),493843.3963096921,start,ctiBeds,0.0,,,,
Patient_1365,CTI (PS),507566.6887940077,complete,ctiBeds,0.0,,,,
Patient_1365,CTI prepara Encaminhamento,507566.6887940077,start,,0.0,,,,
Patient_1365,CTI prepara Encaminhamento,507609.83458719216,complete,,0.0,,,,
Patient_1365,Encaminha_para a Clinica Cirurgica,507609.83458719216,complete,,,para a Clinica Cirurgica,507609.83458719216,,
Patient_1365,Discharge,507609.83458719216,complete,,,,,,13766.438277500041
Patient_1366,Arrival,494003.768250465,complete,,0.0,,,,
Patient_1366,Origem_do Pronto Socorro,494003.768250465,complete,,,do Pronto Socorro,494003.768250465,,
Patient_1366,CTI (PS),494003.768250465,start,ctiBeds,0.0,,,,
Patient_1366,CTI (PS),497046.70809345116,complete,ctiBeds,0.0,,,,
Patient_1366,CTI prepara Encaminhamento,497046.70809345116,start,,0.0,,,,
Patient_1366,CTI prepara Encaminhamento,497093.56742298434,complete,,0.0,,,,
Patient_1366,Encaminha_para a Clinica Medica,497093.56742298434,complete,,,para a Clinica Medica,497093.56742298434,,
Patient_1366,Discharge,497093.56742298434,complete,,,,,,3089.799172519357
Patient_1367,Arrival,494663.165817405,complete,,0.0,,,,
Patient_1367,Origem_do Centro Cirurgico,494663.165817405,complete,,,do Centro Cirurgico,494663.165817405,,
Patient_1367,CTI (CC),494663.165817405,start,ctiBeds,0.0,,,,
Patient_1367,CTI (CC),496021.8528917798,complete,ctiBeds,0.0,,,,
Patient_1367,CTI prepara Encaminhamento,496021.8528917798,start,,0.0,,,,
Patient_1367,CTI prepara Encaminhamento,496052.6294895598,complete,,0.0,,,,
Patient_1367,Encaminha_Obito,496052.6294895598,complete,,,Obito,496052.6294895598,,
Patient_1367,Discharge,496052.6294895598,complete,,,,,,1389.4636721548159
Patient_1368,Arrival,494968.71680914593,complete,,0.0,,,,
Patient_1368,Origem_do Centro Cirurgico,494968.71680914593,complete,,,do Centro Cirurgico,494968.71680914593,,
Patient_1368,CTI (CC),494968.71680914593,start,ctiBeds,0.0,,,,
Patient_1368,CTI (CC),503443.23802066856,complete,ctiBeds,0.0,,,,
Patient_1368,CTI prepara Encaminhamento,503443.23802066856,start,,0.0,,,,
Patient_1368,CTI prepara Encaminhamento,503497.05503730284,complete,,0.0,,,,
Patient_1368,Encaminha_para a Clinica Medica,503497.05503730284,complete,,,para a Clinica Medica,503497.05503730284,,
Patient_1368,Discharge,503497.05503730284,complete,,,,,,8528.338228156907
Patient_1369,Arrival,495157.9355026276,complete,,0.0,,,,
Patient_1369,Origem_do Centro Cirurgico,495157.9355026276,complete,,,do Centro Cirurgico,495157.9355026276,,
Patient_1369,CTI (CC),495157.9355026276,start,ctiBeds,0.0,,,,
Patient_1369,CTI (CC),514316.6580777065,complete,ctiBeds,0.0,,,,
Patient_1369,CTI prepara Encaminhamento,514316.6580777065,start,,0.0,,,,
Patient_1369,CTI prepara Encaminhamento,514367.56545646826,complete,,0.0,,,,
Patient_1369,Encaminha_Transferencia Externa,514367.56545646826,complete,,,Transferencia Externa,514367.56545646826,,
Patient_1369,Discharge,514367.56545646826,complete,,,,,,19209.62995384069
Patient_137,Arrival,39377.35503026467,complete,,0.0,,,,
Patient_137,Origem_do Pronto Socorro,39377.35503026467,complete,,,do Pronto Socorro,39377.35503026467,,
Patient_137,CTI (PS),39377.35503026467,start,ctiBeds,0.0,,,,
Patient_137,CTI (PS),82857.3785264304,complete,ctiBeds,0.0,,,,
Patient_137,CTI prepara Encaminhamento,82857.3785264304,start,,0.0,,,,
Patient_137,CTI prepara Encaminhamento,82888.28350779705,complete,,0.0,,,,
Patient_137,Encaminha_para a Clinica Cirurgica,82888.28350779705,complete,,,para a Clinica Cirurgica,82888.28350779705,,
Patient_137,Discharge,82888.28350779705,complete,,,,,,43510.92847753238
Patient_1370,Arrival,495454.53321840515,complete,,0.0,,,,
Patient_1370,Origem_do Pronto Socorro,495454.53321840515,complete,,,do Pronto Socorro,495454.53321840515,,
Patient_1370,CTI (PS),495454.53321840515,start,ctiBeds,0.0,,,,
Patient_1371,Arrival,497700.94112482696,complete,,0.0,,,,
Patient_1371,Origem_do Centro Cirurgico,497700.94112482696,complete,,,do Centro Cirurgico,497700.94112482696,,
Patient_1371,CTI (CC),497700.94112482696,start,ctiBeds,0.0,,,,
Patient_1371,CTI (CC),500518.78411583655,complete,ctiBeds,0.0,,,,
Patient_1371,CTI prepara Encaminhamento,500518.78411583655,start,,0.0,,,,
Patient_1371,CTI prepara Encaminhamento,500567.0265527769,complete,,0.0,,,,
Patient_1371,Encaminha_Obito,500567.0265527769,complete,,,Obito,500567.0265527769,,
Patient_1371,Discharge,500567.0265527769,complete,,,,,,2866.0854279499617
Patient_1372,Arrival,498243.3326316594,complete,,0.0,,,,
Patient_1372,Origem_do Centro Cirurgico,498243.3326316594,complete,,,do Centro Cirurgico,498243.3326316594,,
Patient_1372,CTI (CC),498243.3326316594,start,ctiBeds,0.0,,,,
Patient_1372,CTI (CC),498885.0049243943,complete,ctiBeds,0.0,,,,
Patient_1372,CTI prepara Encaminhamento,498885.0049243943,start,,0.0,,,,
Patient_1372,CTI prepara Encaminhamento,498918.79422288714,complete,,0.0,,,,
Patient_1372,Encaminha_para a Clinica Cirurgica,498918.79422288714,complete,,,para a Clinica Cirurgica,498918.79422288714,,
Patient_1372,Discharge,498918.79422288714,complete,,,,,,675.4615912277368
Patient_1373,Arrival,498370.8420511872,complete,,0.0,,,,
Patient_1373,Origem_do Pronto Socorro,498370.8420511872,complete,,,do Pronto Socorro,498370.8420511872,,
Patient_1373,CTI (PS),498370.8420511872,start,ctiBeds,0.0,,,,
Patient_1373,CTI (PS),501010.972776144,complete,ctiBeds,0.0,,,,
Patient_1373,CTI prepara Encaminhamento,501010.972776144,start,,0.0,,,,
Patient_1373,CTI prepara Encaminhamento,501056.38706019294,complete,,0.0,,,,
Patient_1373,Encaminha_para a Clinica Cirurgica,501056.38706019294,complete,,,para a Clinica Cirurgica,501056.38706019294,,
Patient_1373,Discharge,501056.38706019294,complete,,,,,,2685.5450090057566
Patient_1374,Arrival,498608.73741796374,complete,,0.0,,,,
Patient_1374,Origem_da Clinica Medica,498608.73741796374,complete,,,da Clinica Medica,498608.73741796374,,
Patient_1374,CTI (CLIM),498608.73741796374,start,ctiBeds,0.0,,,,
Patient_1374,CTI (CLIM),507762.65132657025,complete,ctiBeds,0.0,,,,
Patient_1374,CTI prepara Encaminhamento,507762.65132657025,start,,0.0,,,,
Patient_1374,CTI prepara Encaminhamento,507810.15949982137,complete,,0.0,,,,
Patient_1374,Encaminha_para a Clinica Cirurgica,507810.15949982137,complete,,,para a Clinica Cirurgica,507810.15949982137,,
Patient_1374,Discharge,507810.15949982137,complete,,,,,,9201.422081857629
Patient_1375,Arrival,498806.5284313574,complete,,0.0,,,,
Patient_1375,Origem_da Clinica Medica,498806.5284313574,complete,,,da Clinica Medica,498806.5284313574,,
Patient_1375,CTI (CLIM),498806.5284313574,start,ctiBeds,0.0,,,,
Patient_1375,CTI (CLIM),499569.77375080757,complete,ctiBeds,0.0,,,,
Patient_1375,CTI prepara Encaminhamento,499569.77375080757,start,,0.0,,,,
Patient_1375,CTI prepara Encaminhamento,499610.4327896263,complete,,0.0,,,,
Patient_1375,Encaminha_para a Clinica Cirurgica,499610.4327896263,complete,,,para a Clinica Cirurgica,499610.4327896263,,
Patient_1375,Discharge,499610.4327896263,complete,,,,,,803.9043582688901
Patient_1376,Arrival,498887.3072108835,complete,,0.0,,,,
Patient_1376,Origem_do Pronto Socorro,498887.3072108835,complete,,,do Pronto Socorro,498887.3072108835,,
Patient_1376,CTI (PS),498887.3072108835,start,ctiBeds,0.0,,,,
Patient_1376,CTI (PS),501379.1389410783,complete,ctiBeds,0.0,,,,
Patient_1376,CTI prepara Encaminhamento,501379.1389410783,start,,0.0,,,,
Patient_1376,CTI prepara Encaminhamento,501415.72419624234,complete,,0.0,,,,
Patient_1376,Encaminha_para a Clinica Cirurgica,501415.72419624234,complete,,,para a Clinica Cirurgica,501415.72419624234,,
Patient_1376,Discharge,501415.72419624234,complete,,,,,,2528.4169853588683
Patient_1377,Arrival,499478.071499795,complete,,0.0,,,,
Patient_1377,Origem_do Pronto Socorro,499478.071499795,complete,,,do Pronto Socorro,499478.071499795,,
Patient_1377,CTI (PS),499478.071499795,start,ctiBeds,0.0,,,,
Patient_1377,CTI (PS),519579.07234373625,complete,ctiBeds,0.0,,,,
Patient_1377,CTI prepara Encaminhamento,519579.07234373625,start,,0.0,,,,
Patient_1377,CTI prepara Encaminhamento,519625.9433149588,complete,,0.0,,,,
Patient_1377,Encaminha_Obito,519625.9433149588,complete,,,Obito,519625.9433149588,,
Patient_1377,Discharge,519625.9433149588,complete,,,,,,20147.87181516376
Patient_1378,Arrival,500237.3252603029,complete,,0.0,,,,
Patient_1378,Origem_do Centro Cirurgico,500237.3252603029,complete,,,do Centro Cirurgico,500237.3252603029,,
Patient_1378,CTI (CC),500237.3252603029,start,ctiBeds,0.0,,,,
Patient_1378,CTI (CC),511673.7976205478,complete,ctiBeds,0.0,,,,
Patient_1378,CTI prepara Encaminhamento,511673.7976205478,start,,0.0,,,,
Patient_1378,CTI prepara Encaminhamento,511715.3444052355,complete,,0.0,,,,
Patient_1378,Encaminha_Obito,511715.3444052355,complete,,,Obito,511715.3444052355,,
Patient_1378,Discharge,511715.3444052355,complete,,,,,,11478.019144932565
Patient_1379,Arrival,500273.6345790553,complete,,0.0,,,,
Patient_1379,Origem_da Clinica Cirurgica,500273.6345790553,complete,,,da Clinica Cirurgica,500273.6345790553,,
Patient_1379,CTI (CLIC),500273.6345790553,start,ctiBeds,0.0,,,,
Patient_1379,CTI (CLIC),513270.2550593517,complete,ctiBeds,0.0,,,,
Patient_1379,CTI prepara Encaminhamento,513270.2550593517,start,,0.0,,,,
Patient_1379,CTI prepara Encaminhamento,513317.9188376808,complete,,0.0,,,,
Patient_1379,Encaminha_para a Clinica Medica,513317.9188376808,complete,,,para a Clinica Medica,513317.9188376808,,
Patient_1379,Discharge,513317.9188376808,complete,,,,,,13044.28425862547
Patient_138,Arrival,39476.15548992409,complete,,0.0,,,,
Patient_138,Origem_do Pronto Socorro,39476.15548992409,complete,,,do Pronto Socorro,39476.15548992409,,
Patient_138,CTI (PS),39476.15548992409,start,ctiBeds,0.0,,,,
Patient_138,CTI (PS),59111.00050413546,complete,ctiBeds,0.0,,,,
Patient_138,CTI prepara Encaminhamento,59111.00050413546,start,,0.0,,,,
Patient_138,CTI prepara Encaminhamento,59158.128898231655,complete,,0.0,,,,
Patient_138,Encaminha_Obito,59158.128898231655,complete,,,Obito,59158.128898231655,,
Patient_138,Discharge,59158.128898231655,complete,,,,,,19681.973408307567
Patient_1380,Arrival,500589.9995449071,complete,,0.0,,,,
Patient_1380,Origem_do Pronto Socorro,500589.9995449071,complete,,,do Pronto Socorro,500589.9995449071,,
Patient_1380,CTI (PS),500589.9995449071,start,ctiBeds,0.0,,,,
Patient_1380,CTI (PS),515254.16241521284,complete,ctiBeds,0.0,,,,
Patient_1380,CTI prepara Encaminhamento,515254.16241521284,start,,0.0,,,,
Patient_1380,CTI prepara Encaminhamento,515295.5019102387,complete,,0.0,,,,
Patient_1380,Encaminha_para a Clinica Medica,515295.5019102387,complete,,,para a Clinica Medica,515295.5019102387,,
Patient_1380,Discharge,515295.5019102387,complete,,,,,,14705.502365331573
Patient_1381,Arrival,500694.2393991781,complete,,0.0,,,,
Patient_1381,Origem_do Centro Cirurgico,500694.2393991781,complete,,,do Centro Cirurgico,500694.2393991781,,
Patient_1381,CTI (CC),500694.2393991781,start,ctiBeds,0.0,,,,
Patient_1381,CTI (CC),508443.84111913136,complete,ctiBeds,0.0,,,,
Patient_1381,CTI prepara Encaminhamento,508443.84111913136,start,,0.0,,,,
Patient_1381,CTI prepara Encaminhamento,508485.0384183491,complete,,0.0,,,,
Patient_1381,Encaminha_Obito,508485.0384183491,complete,,,Obito,508485.0384183491,,
Patient_1381,Discharge,508485.0384183491,complete,,,,,,7790.799019170983
Patient_1382,Arrival,500800.7505811157,complete,,0.0,,,,
Patient_1382,Origem_do Centro Cirurgico,500800.7505811157,complete,,,do Centro Cirurgico,500800.7505811157,,
Patient_1382,CTI (CC),500800.7505811157,start,ctiBeds,0.0,,,,
Patient_1382,CTI (CC),502906.0386416213,complete,ctiBeds,0.0,,,,
Patient_1382,CTI prepara Encaminhamento,502906.0386416213,start,,0.0,,,,
Patient_1382,CTI prepara Encaminhamento,502939.58253258106,complete,,0.0,,,,
Patient_1382,Encaminha_para a Clinica Cirurgica,502939.58253258106,complete,,,para a Clinica Cirurgica,502939.58253258106,,
Patient_1382,Discharge,502939.58253258106,complete,,,,,,2138.8319514653413
Patient_1383,Arrival,501005.8111334474,complete,,0.0,,,,
Patient_1383,Origem_do Centro Cirurgico,501005.8111334474,complete,,,do Centro Cirurgico,501005.8111334474,,
Patient_1383,CTI (CC),501005.8111334474,start,ctiBeds,0.0,,,,
Patient_1384,Arrival,501279.8456822338,complete,,0.0,,,,
Patient_1384,Origem_do Pronto Socorro,501279.8456822338,complete,,,do Pronto Socorro,501279.8456822338,,
Patient_1384,CTI (PS),501279.8456822338,start,ctiBeds,0.0,,,,
Patient_1384,CTI (PS),507055.8157884779,complete,ctiBeds,0.0,,,,
Patient_1384,CTI prepara Encaminhamento,507055.8157884779,start,,0.0,,,,
Patient_1384,CTI prepara Encaminhamento,507098.59487354883,complete,,0.0,,,,
Patient_1384,Encaminha_para a Clinica Cirurgica,507098.59487354883,complete,,,para a Clinica Cirurgica,507098.59487354883,,
Patient_1384,Discharge,507098.59487354883,complete,,,,,,5818.74919131503
Patient_1385,Arrival,501539.34373433044,complete,,0.0,,,,
Patient_1385,Origem_do Pronto Socorro,501539.34373433044,complete,,,do Pronto Socorro,501539.34373433044,,
Patient_1385,CTI (PS),501539.34373433044,start,ctiBeds,0.0,,,,
Patient_1385,CTI (PS),501732.31695695524,complete,ctiBeds,0.0,,,,
Patient_1385,CTI prepara Encaminhamento,501732.31695695524,start,,0.0,,,,
Patient_1385,CTI prepara Encaminhamento,501768.81233364606,complete,,0.0,,,,
Patient_1385,Encaminha_para a Clinica Cirurgica,501768.81233364606,complete,,,para a Clinica Cirurgica,501768.81233364606,,
Patient_1385,Discharge,501768.81233364606,complete,,,,,,229.4685993156163
Patient_1386,Arrival,501902.8853090805,complete,,0.0,,,,
Patient_1386,Origem_da Clinica Cirurgica,501902.8853090805,complete,,,da Clinica Cirurgica,501902.8853090805,,
Patient_1386,CTI (CLIC),501902.8853090805,start,ctiBeds,0.0,,,,
Patient_1386,CTI (CLIC),504942.2805549483,complete,ctiBeds,0.0,,,,
Patient_1386,CTI prepara Encaminhamento,504942.2805549483,start,,0.0,,,,
Patient_1386,CTI prepara Encaminhamento,504984.2035971614,complete,,0.0,,,,
Patient_1386,Encaminha_para a Clinica Cirurgica,504984.2035971614,complete,,,para a Clinica Cirurgica,504984.2035971614,,
Patient_1386,Discharge,504984.2035971614,complete,,,,,,3081.318288080918
Patient_1387,Arrival,502570.06227373047,complete,,0.0,,,,
Patient_1387,Origem_do Centro Cirurgico,502570.06227373047,complete,,,do Centro Cirurgico,502570.06227373047,,
Patient_1387,CTI (CC),502570.06227373047,start,ctiBeds,0.0,,,,
Patient_1388,Arrival,503717.2978412504,complete,,0.0,,,,
Patient_1388,Origem_do Centro Cirurgico,503717.2978412504,complete,,,do Centro Cirurgico,503717.2978412504,,
Patient_1388,CTI (CC),503717.2978412504,start,ctiBeds,0.0,,,,
Patient_1388,CTI (CC),505680.0460151498,complete,ctiBeds,0.0,,,,
Patient_1388,CTI prepara Encaminhamento,505680.0460151498,start,,0.0,,,,
Patient_1388,CTI prepara Encaminhamento,505721.1528483985,complete,,0.0,,,,
Patient_1388,Encaminha_para a Clinica Medica,505721.1528483985,complete,,,para a Clinica Medica,505721.1528483985,,
Patient_1388,Discharge,505721.1528483985,complete,,,,,,2003.855007148115
Patient_1389,Arrival,503934.7256182421,complete,,0.0,,,,
Patient_1389,Origem_do Pronto Socorro,503934.7256182421,complete,,,do Pronto Socorro,503934.7256182421,,
Patient_1389,CTI (PS),503934.7256182421,start,ctiBeds,0.0,,,,
Patient_139,Arrival,39607.494877536476,complete,,0.0,,,,
Patient_139,Origem_da Clinica Cirurgica,39607.494877536476,complete,,,da Clinica Cirurgica,39607.494877536476,,
Patient_139,CTI (CLIC),39607.494877536476,start,ctiBeds,0.0,,,,
Patient_139,CTI (CLIC),44264.116823804805,complete,ctiBeds,0.0,,,,
Patient_139,CTI prepara Encaminhamento,44264.116823804805,start,,0.0,,,,
Patient_139,CTI prepara Encaminhamento,44294.8688411978,complete,,0.0,,,,
Patient_139,Encaminha_Transferencia Externa,44294.8688411978,complete,,,Transferencia Externa,44294.8688411978,,
Patient_139,Discharge,44294.8688411978,complete,,,,,,4687.3739636613245
Patient_1390,Arrival,504415.98797296797,complete,,0.0,,,,
Patient_1390,Origem_do Pronto Socorro,504415.98797296797,complete,,,do Pronto Socorro,504415.98797296797,,
Patient_1390,CTI (PS),504415.98797296797,start,ctiBeds,0.0,,,,
Patient_1390,CTI (PS),521243.38036747294,complete,ctiBeds,0.0,,,,
Patient_1390,CTI prepara Encaminhamento,521243.38036747294,start,,0.0,,,,
Patient_1390,CTI prepara Encaminhamento,521273.9187107799,complete,,0.0,,,,
Patient_1390,Encaminha_para a Clinica Medica,521273.9187107799,complete,,,para a Clinica Medica,521273.9187107799,,
Patient_1390,Discharge,521273.9187107799,complete,,,,,,16857.930737811956
Patient_1391,Arrival,504920.6589815476,complete,,0.0,,,,
Patient_1391,Origem_do Pronto Socorro,504920.6589815476,complete,,,do Pronto Socorro,504920.6589815476,,
Patient_1391,CTI (PS),504920.6589815476,start,ctiBeds,0.0,,,,
Patient_1391,CTI (PS),523234.75326316553,complete,ctiBeds,0.0,,,,
Patient_1391,CTI prepara Encaminhamento,523234.75326316553,start,,0.0,,,,
Patient_1391,CTI prepara Encaminhamento,523272.4905266266,complete,,0.0,,,,
Patient_1391,Encaminha_Obito,523272.4905266266,complete,,,Obito,523272.4905266266,,
Patient_1391,Discharge,523272.4905266266,complete,,,,,,18351.83154507901
Patient_1392,Arrival,505248.49506723613,complete,,0.0,,,,
Patient_1392,Origem_do Centro Cirurgico,505248.49506723613,complete,,,do Centro Cirurgico,505248.49506723613,,
Patient_1392,CTI (CC),505248.49506723613,start,ctiBeds,0.0,,,,
Patient_1392,CTI (CC),505595.9702825963,complete,ctiBeds,0.0,,,,
Patient_1392,CTI prepara Encaminhamento,505595.9702825963,start,,0.0,,,,
Patient_1392,CTI prepara Encaminhamento,505649.9197624715,complete,,0.0,,,,
Patient_1392,Encaminha_Obito,505649.9197624715,complete,,,Obito,505649.9197624715,,
Patient_1392,Discharge,505649.9197624715,complete,,,,,,401.424695235386
Patient_1393,Arrival,505816.25621167687,complete,,0.0,,,,
Patient_1393,Origem_do Pronto Socorro,505816.25621167687,complete,,,do Pronto Socorro,505816.25621167687,,
Patient_1393,CTI (PS),505816.25621167687,start,ctiBeds,0.0,,,,
Patient_1393,CTI (PS),510799.6263172079,complete,ctiBeds,0.0,,,,
Patient_1393,CTI prepara Encaminhamento,510799.6263172079,start,,0.0,,,,
Patient_1393,CTI prepara Encaminhamento,510838.5071601344,complete,,0.0,,,,
Patient_1393,Encaminha_Transferencia Externa,510838.5071601344,complete,,,Transferencia Externa,510838.5071601344,,
Patient_1393,Discharge,510838.5071601344,complete,,,,,,5022.250948457513
Patient_1394,Arrival,505922.5545004119,complete,,0.0,,,,
Patient_1394,Origem_do Centro Cirurgico,505922.5545004119,complete,,,do Centro Cirurgico,505922.5545004119,,
Patient_1394,CTI (CC),505922.5545004119,start,ctiBeds,0.0,,,,
Patient_1395,Arrival,506411.62957126205,complete,,0.0,,,,
Patient_1395,Origem_do Pronto Socorro,506411.62957126205,complete,,,do Pronto Socorro,506411.62957126205,,
Patient_1395,CTI (PS),506411.62957126205,start,ctiBeds,0.0,,,,
Patient_1395,CTI (PS),519105.8144641791,complete,ctiBeds,0.0,,,,
Patient_1395,CTI prepara Encaminhamento,519105.8144641791,start,,0.0,,,,
Patient_1395,CTI prepara Encaminhamento,519149.3899580331,complete,,0.0,,,,
Patient_1395,Encaminha_para a Clinica Medica,519149.3899580331,complete,,,para a Clinica Medica,519149.3899580331,,
Patient_1395,Discharge,519149.3899580331,complete,,,,,,12737.760386771057
Patient_1396,Arrival,506428.1035220861,complete,,0.0,,,,
Patient_1396,Origem_do Centro Cirurgico,506428.1035220861,complete,,,do Centro Cirurgico,506428.1035220861,,
Patient_1396,CTI (CC),506428.1035220861,start,ctiBeds,0.0,,,,
Patient_1397,Arrival,506798.64557121403,complete,,0.0,,,,
Patient_1397,Origem_do Pronto Socorro,506798.64557121403,complete,,,do Pronto Socorro,506798.64557121403,,
Patient_1397,CTI (PS),506798.64557121403,start,ctiBeds,0.0,,,,
Patient_1397,CTI (PS),513154.50226436346,complete,ctiBeds,0.0,,,,
Patient_1397,CTI prepara Encaminhamento,513154.50226436346,start,,0.0,,,,
Patient_1397,CTI prepara Encaminhamento,513208.0910591629,complete,,0.0,,,,
Patient_1397,Encaminha_para a Clinica Medica,513208.0910591629,complete,,,para a Clinica Medica,513208.0910591629,,
Patient_1397,Discharge,513208.0910591629,complete,,,,,,6409.445487948891
Patient_1398,Arrival,506973.5205764322,complete,,0.0,,,,
Patient_1398,Origem_da Maternidade,506973.5205764322,complete,,,da Maternidade,506973.5205764322,,
Patient_1398,CTI (MAT),506973.5205764322,start,ctiBeds,0.0,,,,
Patient_1398,CTI (MAT),508608.8254998435,complete,ctiBeds,0.0,,,,
Patient_1398,CTI prepara Encaminhamento,508608.8254998435,start,,0.0,,,,
Patient_1398,CTI prepara Encaminhamento,508666.9101777683,complete,,0.0,,,,
Patient_1398,Encaminha_para a Clinica Cirurgica,508666.9101777683,complete,,,para a Clinica Cirurgica,508666.9101777683,,
Patient_1398,Discharge,508666.9101777683,complete,,,,,,1693.3896013361518
Patient_1399,Arrival,507226.3217309457,complete,,0.0,,,,
Patient_1399,Origem_do Pronto Socorro,507226.3217309457,complete,,,do Pronto Socorro,507226.3217309457,,
Patient_1399,CTI (PS),507226.3217309457,start,ctiBeds,0.0,,,,
Patient_1399,CTI (PS),508529.3916029895,complete,ctiBeds,0.0,,,,
Patient_1399,CTI prepara Encaminhamento,508529.3916029895,start,,0.0,,,,
Patient_1399,CTI prepara Encaminhamento,508574.8571109132,complete,,0.0,,,,
Patient_1399,Encaminha_para a Clinica Cirurgica,508574.8571109132,complete,,,para a Clinica Cirurgica,508574.8571109132,,
Patient_1399,Discharge,508574.8571109132,complete,,,,,,1348.5353799674776
Patient_14,Arrival,4357.951025256185,complete,,0.0,,,,
Patient_14,Origem_do Centro Cirurgico,4357.951025256185,complete,,,do Centro Cirurgico,4357.951025256185,,
Patient_14,CTI (CC),4357.951025256185,start,ctiBeds,0.0,,,,
Patient_14,CTI (CC),7682.785847475319,complete,ctiBeds,0.0,,,,
Patient_14,CTI prepara Encaminhamento,7682.785847475319,start,,0.0,,,,
Patient_14,CTI prepara Encaminhamento,7724.517560540602,complete,,0.0,,,,
Patient_14,Encaminha_para a Clinica Cirurgica,7724.517560540602,complete,,,para a Clinica Cirurgica,7724.517560540602,,
Patient_14,Discharge,7724.517560540602,complete,,,,,,3366.566535284417
Patient_140,Arrival,39624.30812084326,complete,,0.0,,,,
Patient_140,Origem_do Centro Cirurgico,39624.30812084326,complete,,,do Centro Cirurgico,39624.30812084326,,
Patient_140,CTI (CC),39624.30812084326,start,ctiBeds,0.0,,,,
Patient_140,CTI (CC),40459.630847504865,complete,ctiBeds,0.0,,,,
Patient_140,CTI prepara Encaminhamento,40459.630847504865,start,,0.0,,,,
Patient_140,CTI prepara Encaminhamento,40503.67558109695,complete,,0.0,,,,
Patient_140,Encaminha_para a Clinica Medica,40503.67558109695,complete,,,para a Clinica Medica,40503.67558109695,,
Patient_140,Discharge,40503.67558109695,complete,,,,,,879.3674602536848
Patient_1400,Arrival,507394.02825035487,complete,,0.0,,,,
Patient_1400,Origem_do Pronto Socorro,507394.02825035487,complete,,,do Pronto Socorro,507394.02825035487,,
Patient_1400,CTI (PS),507394.02825035487,start,ctiBeds,0.0,,,,
Patient_1400,CTI (PS),518964.69837660505,complete,ctiBeds,0.0,,,,
Patient_1400,CTI prepara Encaminhamento,518964.69837660505,start,,0.0,,,,
Patient_1400,CTI prepara Encaminhamento,518997.28004012076,complete,,0.0,,,,
Patient_1400,Encaminha_para a Clinica Cirurgica,518997.28004012076,complete,,,para a Clinica Cirurgica,518997.28004012076,,
Patient_1400,Discharge,518997.28004012076,complete,,,,,,11603.251789765898
Patient_1401,Arrival,507991.01539419126,complete,,0.0,,,,
Patient_1401,Origem_do Centro Cirurgico,507991.01539419126,complete,,,do Centro Cirurgico,507991.01539419126,,
Patient_1401,CTI (CC),507991.01539419126,start,ctiBeds,0.0,,,,
Patient_1402,Arrival,508414.1200799519,complete,,0.0,,,,
Patient_1402,Origem_do Pronto Socorro,508414.1200799519,complete,,,do Pronto Socorro,508414.1200799519,,
Patient_1402,CTI (PS),508414.1200799519,start,ctiBeds,0.0,,,,
Patient_1403,Arrival,508999.6509134904,complete,,0.0,,,,
Patient_1403,Origem_do Centro Cirurgico,508999.6509134904,complete,,,do Centro Cirurgico,508999.6509134904,,
Patient_1403,CTI (CC),508999.6509134904,start,ctiBeds,0.0,,,,
Patient_1403,CTI (CC),512610.67781877687,complete,ctiBeds,0.0,,,,
Patient_1403,CTI prepara Encaminhamento,512610.67781877687,start,,0.0,,,,
Patient_1403,CTI prepara Encaminhamento,512666.2558590891,complete,,0.0,,,,
Patient_1403,Encaminha_para a Clinica Medica,512666.2558590891,complete,,,para a Clinica Medica,512666.2558590891,,
Patient_1403,Discharge,512666.2558590891,complete,,,,,,3666.604945598694
Patient_1404,Arrival,509573.41454491945,complete,,0.0,,,,
Patient_1404,Origem_do Pronto Socorro,509573.41454491945,complete,,,do Pronto Socorro,509573.41454491945,,
Patient_1404,CTI (PS),509573.41454491945,start,ctiBeds,0.0,,,,
Patient_1404,CTI (PS),521856.2732321807,complete,ctiBeds,0.0,,,,
Patient_1404,CTI prepara Encaminhamento,521856.2732321807,start,,0.0,,,,
Patient_1404,CTI prepara Encaminhamento,521889.9782209309,complete,,0.0,,,,
Patient_1404,Encaminha_para a Clinica Medica,521889.9782209309,complete,,,para a Clinica Medica,521889.9782209309,,
Patient_1404,Discharge,521889.9782209309,complete,,,,,,12316.563676011458
Patient_1405,Arrival,509774.86941631994,complete,,0.0,,,,
Patient_1405,Origem_do Centro Cirurgico,509774.86941631994,complete,,,do Centro Cirurgico,509774.86941631994,,
Patient_1405,CTI (CC),509774.86941631994,start,ctiBeds,0.0,,,,
Patient_1405,CTI (CC),516516.4323560256,complete,ctiBeds,0.0,,,,
Patient_1405,CTI prepara Encaminhamento,516516.4323560256,start,,0.0,,,,
Patient_1405,CTI prepara Encaminhamento,516572.3345281712,complete,,0.0,,,,
Patient_1405,Encaminha_Transferencia Externa,516572.3345281712,complete,,,Transferencia Externa,516572.3345281712,,
Patient_1405,Discharge,516572.3345281712,complete,,,,,,6797.465111851285
Patient_1406,Arrival,509926.4721271611,complete,,0.0,,,,
Patient_1406,Origem_do Pronto Socorro,509926.4721271611,complete,,,do Pronto Socorro,509926.4721271611,,
Patient_1406,CTI (PS),509926.4721271611,start,ctiBeds,0.0,,,,
Patient_1407,Arrival,510364.7157280029,complete,,0.0,,,,
Patient_1407,Origem_do Centro Cirurgico,510364.7157280029,complete,,,do Centro Cirurgico,510364.7157280029,,
Patient_1407,CTI (CC),510364.7157280029,start,ctiBeds,0.0,,,,
Patient_1407,CTI (CC),512902.13072247664,complete,ctiBeds,0.0,,,,
Patient_1407,CTI prepara Encaminhamento,512902.13072247664,start,,0.0,,,,
Patient_1407,CTI prepara Encaminhamento,512957.0506608012,complete,,0.0,,,,
Patient_1407,Encaminha_Obito,512957.0506608012,complete,,,Obito,512957.0506608012,,
Patient_1407,Discharge,512957.0506608012,complete,,,,,,2592.334932798287
Patient_1408,Arrival,510490.5363208485,complete,,0.0,,,,
Patient_1408,Origem_do Centro Cirurgico,510490.5363208485,complete,,,do Centro Cirurgico,510490.5363208485,,
Patient_1408,CTI (CC),510490.5363208485,start,ctiBeds,0.0,,,,
Patient_1408,CTI (CC),514575.1031055729,complete,ctiBeds,0.0,,,,
Patient_1408,CTI prepara Encaminhamento,514575.1031055729,start,,0.0,,,,
Patient_1408,CTI prepara Encaminhamento,514605.2564731502,complete,,0.0,,,,
Patient_1408,Encaminha_para a Clinica Medica,514605.2564731502,complete,,,para a Clinica Medica,514605.2564731502,,
Patient_1408,Discharge,514605.2564731502,complete,,,,,,4114.720152301714
Patient_1409,Arrival,510843.59826564434,complete,,0.0,,,,
Patient_1409,Origem_do Pronto Socorro,510843.59826564434,complete,,,do Pronto Socorro,510843.59826564434,,
Patient_1409,CTI (PS),510843.59826564434,start,ctiBeds,0.0,,,,
Patient_141,Arrival,39909.56678395991,complete,,0.0,,,,
Patient_141,Origem_do Centro Cirurgico,39909.56678395991,complete,,,do Centro Cirurgico,39909.56678395991,,
Patient_141,CTI (CC),39909.56678395991,start,ctiBeds,0.0,,,,
Patient_141,CTI (CC),55449.3118896829,complete,ctiBeds,0.0,,,,
Patient_141,CTI prepara Encaminhamento,55449.3118896829,start,,0.0,,,,
Patient_141,CTI prepara Encaminhamento,55492.728143179826,complete,,0.0,,,,
Patient_141,Encaminha_para a Clinica Cirurgica,55492.728143179826,complete,,,para a Clinica Cirurgica,55492.728143179826,,
Patient_141,Discharge,55492.728143179826,complete,,,,,,15583.161359219914
Patient_1410,Arrival,511122.9009247561,complete,,0.0,,,,
Patient_1410,Origem_do Pronto Socorro,511122.9009247561,complete,,,do Pronto Socorro,511122.9009247561,,
Patient_1410,CTI (PS),511122.9009247561,start,ctiBeds,0.0,,,,
Patient_1410,CTI (PS),522332.443023033,complete,ctiBeds,0.0,,,,
Patient_1410,CTI prepara Encaminhamento,522332.443023033,start,,0.0,,,,
Patient_1410,CTI prepara Encaminhamento,522385.1507926429,complete,,0.0,,,,
Patient_1410,Encaminha_para a Clinica Medica,522385.1507926429,complete,,,para a Clinica Medica,522385.1507926429,,
Patient_1410,Discharge,522385.1507926429,complete,,,,,,11262.249867886829
Patient_1411,Arrival,511890.0769023221,complete,,0.0,,,,
Patient_1411,Origem_do Pronto Socorro,511890.0769023221,complete,,,do Pronto Socorro,511890.0769023221,,
Patient_1411,CTI (PS),511890.0769023221,start,ctiBeds,0.0,,,,
Patient_1411,CTI (PS),515354.03402343433,complete,ctiBeds,0.0,,,,
Patient_1411,CTI prepara Encaminhamento,515354.03402343433,start,,0.0,,,,
Patient_1411,CTI prepara Encaminhamento,515413.5121081821,complete,,0.0,,,,
Patient_1411,Encaminha_Obito,515413.5121081821,complete,,,Obito,515413.5121081821,,
Patient_1411,Discharge,515413.5121081821,complete,,,,,,3523.435205860005
Patient_1412,Arrival,512108.3608934746,complete,,0.0,,,,
Patient_1412,Origem_da Clinica Cirurgica,512108.3608934746,complete,,,da Clinica Cirurgica,512108.3608934746,,
Patient_1412,CTI (CLIC),512108.3608934746,start,ctiBeds,0.0,,,,
Patient_1412,CTI (CLIC),518763.57447270065,complete,ctiBeds,0.0,,,,
Patient_1412,CTI prepara Encaminhamento,518763.57447270065,start,,0.0,,,,
Patient_1412,CTI prepara Encaminhamento,518811.09391729714,complete,,0.0,,,,
Patient_1412,Encaminha_para a Clinica Cirurgica,518811.09391729714,complete,,,para a Clinica Cirurgica,518811.09391729714,,
Patient_1412,Discharge,518811.09391729714,complete,,,,,,6702.73302382254
Patient_1413,Arrival,512519.5922759094,complete,,0.0,,,,
Patient_1413,Origem_da Clinica Cirurgica,512519.5922759094,complete,,,da Clinica Cirurgica,512519.5922759094,,
Patient_1413,CTI (CLIC),512519.5922759094,start,ctiBeds,0.0,,,,
Patient_1413,CTI (CLIC),519956.87317355076,complete,ctiBeds,0.0,,,,
Patient_1413,CTI prepara Encaminhamento,519956.87317355076,start,,0.0,,,,
Patient_1413,CTI prepara Encaminhamento,519994.86232549243,complete,,0.0,,,,
Patient_1413,Encaminha_para a Clinica Cirurgica,519994.86232549243,complete,,,para a Clinica Cirurgica,519994.86232549243,,
Patient_1413,Discharge,519994.86232549243,complete,,,,,,7475.27004958305
Patient_1414,Arrival,512892.7583630877,complete,,0.0,,,,
Patient_1414,Origem_do Pronto Socorro,512892.7583630877,complete,,,do Pronto Socorro,512892.7583630877,,
Patient_1414,CTI (PS),512892.7583630877,start,ctiBeds,0.0,,,,
Patient_1414,CTI (PS),523089.8216885939,complete,ctiBeds,0.0,,,,
Patient_1414,CTI prepara Encaminhamento,523089.8216885939,start,,0.0,,,,
Patient_1414,CTI prepara Encaminhamento,523148.44862675987,complete,,0.0,,,,
Patient_1414,Encaminha_para a Clinica Cirurgica,523148.44862675987,complete,,,para a Clinica Cirurgica,523148.44862675987,,
Patient_1414,Discharge,523148.44862675987,complete,,,,,,10255.69026367215
Patient_1415,Arrival,513566.01608503296,complete,,0.0,,,,
Patient_1415,Origem_da Clinica Cirurgica,513566.01608503296,complete,,,da Clinica Cirurgica,513566.01608503296,,
Patient_1415,CTI (CLIC),513566.01608503296,start,ctiBeds,0.0,,,,
Patient_1415,CTI (CLIC),516266.28856285295,complete,ctiBeds,0.0,,,,
Patient_1415,CTI prepara Encaminhamento,516266.28856285295,start,,0.0,,,,
Patient_1415,CTI prepara Encaminhamento,516298.14136679925,complete,,0.0,,,,
Patient_1415,Encaminha_para a Maternidade,516298.14136679925,complete,,,para a Maternidade,516298.14136679925,,
Patient_1415,Discharge,516298.14136679925,complete,,,,,,2732.12528176629
Patient_1416,Arrival,513936.61680642545,complete,,0.0,,,,
Patient_1416,Origem_do Pronto Socorro,513936.61680642545,complete,,,do Pronto Socorro,513936.61680642545,,
Patient_1416,CTI (PS),513936.61680642545,start,ctiBeds,0.0,,,,
Patient_1416,CTI (PS),517436.0947924666,complete,ctiBeds,0.0,,,,
Patient_1416,CTI prepara Encaminhamento,517436.0947924666,start,,0.0,,,,
Patient_1416,CTI prepara Encaminhamento,517468.18063069147,complete,,0.0,,,,
Patient_1416,Encaminha_para a Clinica Medica,517468.18063069147,complete,,,para a Clinica Medica,517468.18063069147,,
Patient_1416,Discharge,517468.18063069147,complete,,,,,,3531.5638242660207
Patient_1417,Arrival,514000.2522076591,complete,,0.0,,,,
Patient_1417,Origem_do Centro Cirurgico,514000.2522076591,complete,,,do Centro Cirurgico,514000.2522076591,,
Patient_1417,CTI (CC),514000.2522076591,start,ctiBeds,0.0,,,,
Patient_1417,CTI (CC),518236.8890873778,complete,ctiBeds,0.0,,,,
Patient_1417,CTI prepara Encaminhamento,518236.8890873778,start,,0.0,,,,
Patient_1417,CTI prepara Encaminhamento,518272.9602456208,complete,,0.0,,,,
Patient_1417,Encaminha_para a Clinica Medica,518272.9602456208,complete,,,para a Clinica Medica,518272.9602456208,,
Patient_1417,Discharge,518272.9602456208,complete,,,,,,4272.708037961682
Patient_1418,Arrival,514444.1886244887,complete,,0.0,,,,
Patient_1418,Origem_do Centro Cirurgico,514444.1886244887,complete,,,do Centro Cirurgico,514444.1886244887,,
Patient_1418,CTI (CC),514444.1886244887,start,ctiBeds,0.0,,,,
Patient_1418,CTI (CC),517647.95958665333,complete,ctiBeds,0.0,,,,
Patient_1418,CTI prepara Encaminhamento,517647.95958665333,start,,0.0,,,,
Patient_1418,CTI prepara Encaminhamento,517684.28157008986,complete,,0.0,,,,
Patient_1418,Encaminha_para a Clinica Cirurgica,517684.28157008986,complete,,,para a Clinica Cirurgica,517684.28157008986,,
Patient_1418,Discharge,517684.28157008986,complete,,,,,,3240.092945601151
Patient_1419,Arrival,514756.99419372185,complete,,0.0,,,,
Patient_1419,Origem_do Pronto Socorro,514756.99419372185,complete,,,do Pronto Socorro,514756.99419372185,,
Patient_1419,CTI (PS),514756.99419372185,start,ctiBeds,0.0,,,,
Patient_1419,CTI (PS),518422.8536868777,complete,ctiBeds,0.0,,,,
Patient_1419,CTI prepara Encaminhamento,518422.8536868777,start,,0.0,,,,
Patient_1419,CTI prepara Encaminhamento,518464.042541385,complete,,0.0,,,,
Patient_1419,Encaminha_para a Clinica Medica,518464.042541385,complete,,,para a Clinica Medica,518464.042541385,,
Patient_1419,Discharge,518464.042541385,complete,,,,,,3707.0483476631343
Patient_142,Arrival,40224.53756296655,complete,,0.0,,,,
Patient_142,Origem_do Pronto Socorro,40224.53756296655,complete,,,do Pronto Socorro,40224.53756296655,,
Patient_142,CTI (PS),40224.53756296655,start,ctiBeds,0.0,,,,
Patient_142,CTI (PS),51239.077029555694,complete,ctiBeds,0.0,,,,
Patient_142,CTI prepara Encaminhamento,51239.077029555694,start,,0.0,,,,
Patient_142,CTI prepara Encaminhamento,51297.57133506968,complete,,0.0,,,,
Patient_142,Encaminha_para a Clinica Medica,51297.57133506968,complete,,,para a Clinica Medica,51297.57133506968,,
Patient_142,Discharge,51297.57133506968,complete,,,,,,11073.033772103132
Patient_1420,Arrival,515311.8925749195,complete,,0.0,,,,
Patient_1420,Origem_do Pronto Socorro,515311.8925749195,complete,,,do Pronto Socorro,515311.8925749195,,
Patient_1420,CTI (PS),515311.8925749195,start,ctiBeds,0.0,,,,
Patient_1420,CTI (PS),523101.8589257406,complete,ctiBeds,0.0,,,,
Patient_1420,CTI prepara Encaminhamento,523101.8589257406,start,,0.0,,,,
Patient_1420,CTI prepara Encaminhamento,523156.702925739,complete,,0.0,,,,
Patient_1420,Encaminha_para a Clinica Medica,523156.702925739,complete,,,para a Clinica Medica,523156.702925739,,
Patient_1420,Discharge,523156.702925739,complete,,,,,,7844.810350819491
Patient_1421,Arrival,515476.3769601408,complete,,0.0,,,,
Patient_1421,Origem_do Centro Cirurgico,515476.3769601408,complete,,,do Centro Cirurgico,515476.3769601408,,
Patient_1421,CTI (CC),515476.3769601408,start,ctiBeds,0.0,,,,
Patient_1422,Arrival,516058.4893453898,complete,,0.0,,,,
Patient_1422,Origem_do Pronto Socorro,516058.4893453898,complete,,,do Pronto Socorro,516058.4893453898,,
Patient_1422,CTI (PS),516058.4893453898,start,ctiBeds,0.0,,,,
Patient_1423,Arrival,516070.98451371095,complete,,0.0,,,,
Patient_1423,Origem_do Pronto Socorro,516070.98451371095,complete,,,do Pronto Socorro,516070.98451371095,,
Patient_1423,CTI (PS),516070.98451371095,start,ctiBeds,0.0,,,,
Patient_1423,CTI (PS),519457.9880503703,complete,ctiBeds,0.0,,,,
Patient_1423,CTI prepara Encaminhamento,519457.9880503703,start,,0.0,,,,
Patient_1423,CTI prepara Encaminhamento,519512.43134537694,complete,,0.0,,,,
Patient_1423,Encaminha_para a Clinica Medica,519512.43134537694,complete,,,para a Clinica Medica,519512.43134537694,,
Patient_1423,Discharge,519512.43134537694,complete,,,,,,3441.4468316659913
Patient_1424,Arrival,516507.79871397925,complete,,0.0,,,,
Patient_1424,Origem_do Pronto Socorro,516507.79871397925,complete,,,do Pronto Socorro,516507.79871397925,,
Patient_1424,CTI (PS),516507.79871397925,start,ctiBeds,0.0,,,,
Patient_1424,CTI (PS),519428.7956099737,complete,ctiBeds,0.0,,,,
Patient_1424,CTI prepara Encaminhamento,519428.7956099737,start,,0.0,,,,
Patient_1424,CTI prepara Encaminhamento,519485.6802899966,complete,,0.0,,,,
Patient_1424,Encaminha_para a Clinica Medica,519485.6802899966,complete,,,para a Clinica Medica,519485.6802899966,,
Patient_1424,Discharge,519485.6802899966,complete,,,,,,2977.88157601736
Patient_1425,Arrival,516642.87895598315,complete,,0.0,,,,
Patient_1425,Origem_do Pronto Socorro,516642.87895598315,complete,,,do Pronto Socorro,516642.87895598315,,
Patient_1425,CTI (PS),516642.87895598315,start,ctiBeds,0.0,,,,
Patient_1425,CTI (PS),518075.0708424955,complete,ctiBeds,0.0,,,,
Patient_1425,CTI prepara Encaminhamento,518075.0708424955,start,,0.0,,,,
Patient_1425,CTI prepara Encaminhamento,518109.71053051355,complete,,0.0,,,,
Patient_1425,Encaminha_para a Clinica Cirurgica,518109.71053051355,complete,,,para a Clinica Cirurgica,518109.71053051355,,
Patient_1425,Discharge,518109.71053051355,complete,,,,,,1466.831574530399
Patient_1426,Arrival,517407.4288858134,complete,,0.0,,,,
Patient_1426,Origem_do Centro Cirurgico,517407.4288858134,complete,,,do Centro Cirurgico,517407.4288858134,,
Patient_1426,CTI (CC),517407.4288858134,start,ctiBeds,0.0,,,,
Patient_1426,CTI (CC),518771.4403476104,complete,ctiBeds,0.0,,,,
Patient_1426,CTI prepara Encaminhamento,518771.4403476104,start,,0.0,,,,
Patient_1426,CTI prepara Encaminhamento,518815.4692136522,complete,,0.0,,,,
Patient_1426,Encaminha_para a Clinica Cirurgica,518815.4692136522,complete,,,para a Clinica Cirurgica,518815.4692136522,,
Patient_1426,Discharge,518815.4692136522,complete,,,,,,1408.0403278387967
Patient_1427,Arrival,517992.7655545543,complete,,0.0,,,,
Patient_1427,Origem_do Pronto Socorro,517992.7655545543,complete,,,do Pronto Socorro,517992.7655545543,,
Patient_1427,CTI (PS),517992.7655545543,start,ctiBeds,0.0,,,,
Patient_1428,Arrival,518374.4640536577,complete,,0.0,,,,
Patient_1428,Origem_da Clinica Cirurgica,518374.4640536577,complete,,,da Clinica Cirurgica,518374.4640536577,,
Patient_1428,CTI (CLIC),518374.4640536577,start,ctiBeds,0.0,,,,
Patient_1428,CTI (CLIC),523773.3588830279,complete,ctiBeds,0.0,,,,
Patient_1428,CTI prepara Encaminhamento,523773.3588830279,start,,0.0,,,,
Patient_1428,CTI prepara Encaminhamento,523832.8186791634,complete,,0.0,,,,
Patient_1428,Encaminha_para a Clinica Medica,523832.8186791634,complete,,,para a Clinica Medica,523832.8186791634,,
Patient_1428,Discharge,523832.8186791634,complete,,,,,,5458.354625505686
Patient_1429,Arrival,518517.2154892093,complete,,0.0,,,,
Patient_1429,Origem_do Pronto Socorro,518517.2154892093,complete,,,do Pronto Socorro,518517.2154892093,,
Patient_1429,CTI (PS),518517.2154892093,start,ctiBeds,0.0,,,,
Patient_1429,CTI (PS),523249.67430283857,complete,ctiBeds,0.0,,,,
Patient_1429,CTI prepara Encaminhamento,523249.67430283857,start,,0.0,,,,
Patient_1429,CTI prepara Encaminhamento,523305.18099095346,complete,,0.0,,,,
Patient_1429,Encaminha_para a Clinica Medica,523305.18099095346,complete,,,para a Clinica Medica,523305.18099095346,,
Patient_1429,Discharge,523305.18099095346,complete,,,,,,4787.965501744184
Patient_143,Arrival,40778.21401432931,complete,,0.0,,,,
Patient_143,Origem_do Centro Cirurgico,40778.21401432931,complete,,,do Centro Cirurgico,40778.21401432931,,
Patient_143,CTI (CC),40778.21401432931,start,ctiBeds,0.0,,,,
Patient_143,CTI (CC),41157.21114891549,complete,ctiBeds,0.0,,,,
Patient_143,CTI prepara Encaminhamento,41157.21114891549,start,,0.0,,,,
Patient_143,CTI prepara Encaminhamento,41189.02987461412,complete,,0.0,,,,
Patient_143,Encaminha_Obito,41189.02987461412,complete,,,Obito,41189.02987461412,,
Patient_143,Discharge,41189.02987461412,complete,,,,,,410.8158602848125
Patient_1430,Arrival,518647.6729394783,complete,,0.0,,,,
Patient_1430,Origem_do Pronto Socorro,518647.6729394783,complete,,,do Pronto Socorro,518647.6729394783,,
Patient_1430,CTI (PS),518647.6729394783,start,ctiBeds,0.0,,,,
Patient_1430,CTI (PS),522513.943117626,complete,ctiBeds,0.0,,,,
Patient_1430,CTI prepara Encaminhamento,522513.943117626,start,,0.0,,,,
Patient_1430,CTI prepara Encaminhamento,522554.3409483771,complete,,0.0,,,,
Patient_1430,Encaminha_para a Clinica Medica,522554.3409483771,complete,,,para a Clinica Medica,522554.3409483771,,
Patient_1430,Discharge,522554.3409483771,complete,,,,,,3906.6680088987923
Patient_1431,Arrival,519353.03555154544,complete,,0.0,,,,
Patient_1431,Origem_do Pronto Socorro,519353.03555154544,complete,,,do Pronto Socorro,519353.03555154544,,
Patient_1431,CTI (PS),519353.03555154544,start,ctiBeds,0.0,,,,
Patient_1431,CTI (PS),523594.5724636534,complete,ctiBeds,0.0,,,,
Patient_1431,CTI prepara Encaminhamento,523594.5724636534,start,,0.0,,,,
Patient_1431,CTI prepara Encaminhamento,523653.6201556376,complete,,0.0,,,,
Patient_1431,Encaminha_para a Clinica Medica,523653.6201556376,complete,,,para a Clinica Medica,523653.6201556376,,
Patient_1431,Discharge,523653.6201556376,complete,,,,,,4300.584604092175
Patient_1432,Arrival,519896.58929755964,complete,,0.0,,,,
Patient_1432,Origem_do Pronto Socorro,519896.58929755964,complete,,,do Pronto Socorro,519896.58929755964,,
Patient_1432,CTI (PS),519896.58929755964,start,ctiBeds,0.0,,,,
Patient_1432,CTI (PS),522195.18901139527,complete,ctiBeds,0.0,,,,
Patient_1432,CTI prepara Encaminhamento,522195.18901139527,start,,0.0,,,,
Patient_1432,CTI prepara Encaminhamento,522225.4501592168,complete,,0.0,,,,
Patient_1432,Encaminha_para a Clinica Medica,522225.4501592168,complete,,,para a Clinica Medica,522225.4501592168,,
Patient_1432,Discharge,522225.4501592168,complete,,,,,,2328.8608616571873
Patient_1433,Arrival,519905.76342388126,complete,,0.0,,,,
Patient_1433,Origem_do Centro Cirurgico,519905.76342388126,complete,,,do Centro Cirurgico,519905.76342388126,,
Patient_1433,CTI (CC),519905.76342388126,start,ctiBeds,0.0,,,,
Patient_1434,Arrival,520233.9426270923,complete,,0.0,,,,
Patient_1434,Origem_do Pronto Socorro,520233.9426270923,complete,,,do Pronto Socorro,520233.9426270923,,
Patient_1434,CTI (PS),520233.9426270923,start,ctiBeds,0.0,,,,
Patient_1435,Arrival,520259.3160451335,complete,,0.0,,,,
Patient_1435,Origem_da Clinica Medica,520259.3160451335,complete,,,da Clinica Medica,520259.3160451335,,
Patient_1435,CTI (CLIM),520259.3160451335,start,ctiBeds,0.0,,,,
Patient_1436,Arrival,520621.1351582868,complete,,0.0,,,,
Patient_1436,Origem_do Pronto Socorro,520621.1351582868,complete,,,do Pronto Socorro,520621.1351582868,,
Patient_1436,CTI (PS),520621.1351582868,start,ctiBeds,0.0,,,,
Patient_1437,Arrival,520633.0364445296,complete,,0.0,,,,
Patient_1437,Origem_do Centro Cirurgico,520633.0364445296,complete,,,do Centro Cirurgico,520633.0364445296,,
Patient_1437,CTI (CC),520633.0364445296,start,ctiBeds,0.0,,,,
Patient_1438,Arrival,520713.2488234524,complete,,0.0,,,,
Patient_1438,Origem_do Pronto Socorro,520713.2488234524,complete,,,do Pronto Socorro,520713.2488234524,,
Patient_1438,CTI (PS),520713.2488234524,start,ctiBeds,0.0,,,,
Patient_1438,CTI (PS),524325.7302978178,complete,ctiBeds,0.0,,,,
Patient_1438,CTI prepara Encaminhamento,524325.7302978178,start,,0.0,,,,
Patient_1438,CTI prepara Encaminhamento,524381.1103170429,complete,,0.0,,,,
Patient_1438,Encaminha_Transferencia Externa,524381.1103170429,complete,,,Transferencia Externa,524381.1103170429,,
Patient_1438,Discharge,524381.1103170429,complete,,,,,,3667.8614935905207
Patient_1439,Arrival,520986.9617270366,complete,,0.0,,,,
Patient_1439,Origem_do Pronto Socorro,520986.9617270366,complete,,,do Pronto Socorro,520986.9617270366,,
Patient_1439,CTI (PS),520986.9617270366,start,ctiBeds,0.0,,,,
Patient_144,Arrival,41262.36026425503,complete,,0.0,,,,
Patient_144,Origem_do Pronto Socorro,41262.36026425503,complete,,,do Pronto Socorro,41262.36026425503,,
Patient_144,CTI (PS),41262.36026425503,start,ctiBeds,0.0,,,,
Patient_144,CTI (PS),48502.081590186026,complete,ctiBeds,0.0,,,,
Patient_144,CTI prepara Encaminhamento,48502.081590186026,start,,0.0,,,,
Patient_144,CTI prepara Encaminhamento,48532.15125807349,complete,,0.0,,,,
Patient_144,Encaminha_para a Clinica Cirurgica,48532.15125807349,complete,,,para a Clinica Cirurgica,48532.15125807349,,
Patient_144,Discharge,48532.15125807349,complete,,,,,,7269.79099381846
Patient_1440,Arrival,521131.2289259922,complete,,0.0,,,,
Patient_1440,Origem_do Centro Cirurgico,521131.2289259922,complete,,,do Centro Cirurgico,521131.2289259922,,
Patient_1440,CTI (CC),521131.2289259922,start,ctiBeds,0.0,,,,
Patient_1441,Arrival,521422.84109233745,complete,,0.0,,,,
Patient_1441,Origem_do Centro Cirurgico,521422.84109233745,complete,,,do Centro Cirurgico,521422.84109233745,,
Patient_1441,CTI (CC),521422.84109233745,start,ctiBeds,0.0,,,,
Patient_1442,Arrival,522097.6337740093,complete,,0.0,,,,
Patient_1442,Origem_do Pronto Socorro,522097.6337740093,complete,,,do Pronto Socorro,522097.6337740093,,
Patient_1442,CTI (PS),522097.6337740093,start,ctiBeds,0.0,,,,
Patient_1443,Arrival,522441.38311945763,complete,,0.0,,,,
Patient_1443,Origem_do Pronto Socorro,522441.38311945763,complete,,,do Pronto Socorro,522441.38311945763,,
Patient_1443,CTI (PS),522441.38311945763,start,ctiBeds,0.0,,,,
Patient_1443,CTI (PS),524257.6004598951,complete,ctiBeds,0.0,,,,
Patient_1443,CTI prepara Encaminhamento,524257.6004598951,start,,0.0,,,,
Patient_1443,CTI prepara Encaminhamento,524298.2285064907,complete,,0.0,,,,
Patient_1443,Encaminha_Obito,524298.2285064907,complete,,,Obito,524298.2285064907,,
Patient_1443,Discharge,524298.2285064907,complete,,,,,,1856.8453870330704
Patient_1444,Arrival,522856.91236014647,complete,,0.0,,,,
Patient_1444,Origem_do Centro Cirurgico,522856.91236014647,complete,,,do Centro Cirurgico,522856.91236014647,,
Patient_1444,CTI (CC),522856.91236014647,start,ctiBeds,0.0,,,,
Patient_1445,Arrival,523402.0119538736,complete,,0.0,,,,
Patient_1445,Origem_do Centro Cirurgico,523402.0119538736,complete,,,do Centro Cirurgico,523402.0119538736,,
Patient_1445,CTI (CC),523402.0119538736,start,ctiBeds,0.0,,,,
Patient_1445,CTI (CC),524264.2092880858,complete,ctiBeds,0.0,,,,
Patient_1445,CTI prepara Encaminhamento,524264.2092880858,start,,0.0,,,,
Patient_1445,CTI prepara Encaminhamento,524294.3915503527,complete,,0.0,,,,
Patient_1445,Encaminha_para a Clinica Medica,524294.3915503527,complete,,,para a Clinica Medica,524294.3915503527,,
Patient_1445,Discharge,524294.3915503527,complete,,,,,,892.3795964790625
Patient_1446,Arrival,523605.94911554176,complete,,0.0,,,,
Patient_1446,Origem_da Clinica Cirurgica,523605.94911554176,complete,,,da Clinica Cirurgica,523605.94911554176,,
Patient_1446,CTI (CLIC),523605.94911554176,start,ctiBeds,0.0,,,,
Patient_1447,Arrival,523878.8251608714,complete,,0.0,,,,
Patient_1447,Origem_do Pronto Socorro,523878.8251608714,complete,,,do Pronto Socorro,523878.8251608714,,
Patient_1447,CTI (PS),523878.8251608714,start,ctiBeds,0.0,,,,
Patient_1448,Arrival,523953.444526835,complete,,0.0,,,,
Patient_1448,Origem_do Centro Cirurgico,523953.444526835,complete,,,do Centro Cirurgico,523953.444526835,,
Patient_1448,CTI (CC),523953.444526835,start,ctiBeds,0.0,,,,
Patient_1448,CTI (CC),525326.9142653251,complete,ctiBeds,0.0,,,,
Patient_1448,CTI prepara Encaminhamento,525326.9142653251,start,,0.0,,,,
Patient_1448,CTI prepara Encaminhamento,525380.7901442661,complete,,0.0,,,,
Patient_1448,Encaminha_Obito,525380.7901442661,complete,,,Obito,525380.7901442661,,
Patient_1448,Discharge,525380.7901442661,complete,,,,,,1427.3456174310995
Patient_1449,Arrival,524815.5430219513,complete,,0.0,,,,
Patient_1449,Origem_do Centro Cirurgico,524815.5430219513,complete,,,do Centro Cirurgico,524815.5430219513,,
Patient_1449,CTI (CC),524815.5430219513,start,ctiBeds,0.0,,,,
Patient_145,Arrival,42221.58307804043,complete,,0.0,,,,
Patient_145,Origem_da Clinica Cirurgica,42221.58307804043,complete,,,da Clinica Cirurgica,42221.58307804043,,
Patient_145,CTI (CLIC),42221.58307804043,start,ctiBeds,0.0,,,,
Patient_145,CTI (CLIC),46473.993579717346,complete,ctiBeds,0.0,,,,
Patient_145,CTI prepara Encaminhamento,46473.993579717346,start,,0.0,,,,
Patient_145,CTI prepara Encaminhamento,46530.77275282648,complete,,0.0,,,,
Patient_145,Encaminha_para a Clinica Medica,46530.77275282648,complete,,,para a Clinica Medica,46530.77275282648,,
Patient_145,Discharge,46530.77275282648,complete,,,,,,4309.189674786052
Patient_1450,Arrival,524929.9206422372,complete,,0.0,,,,
Patient_1450,Origem_do Pronto Socorro,524929.9206422372,complete,,,do Pronto Socorro,524929.9206422372,,
Patient_1450,CTI (PS),524929.9206422372,start,ctiBeds,0.0,,,,
Patient_1451,Arrival,525356.2917019381,complete,,0.0,,,,
Patient_1451,Origem_do Centro Cirurgico,525356.2917019381,complete,,,do Centro Cirurgico,525356.2917019381,,
Patient_1451,CTI (CC),525356.2917019381,start,ctiBeds,0.0,,,,
Patient_1452,Arrival,525560.2941098104,complete,,0.0,,,,
Patient_1452,Origem_da Maternidade,525560.2941098104,complete,,,da Maternidade,525560.2941098104,,
Patient_1452,CTI (MAT),525560.2941098104,start,ctiBeds,0.0,,,,
Patient_146,Arrival,42731.49132429697,complete,,0.0,,,,
Patient_146,Origem_do Centro Cirurgico,42731.49132429697,complete,,,do Centro Cirurgico,42731.49132429697,,
Patient_146,CTI (CC),42731.49132429697,start,ctiBeds,0.0,,,,
Patient_146,CTI (CC),45068.68968881482,complete,ctiBeds,0.0,,,,
Patient_146,CTI prepara Encaminhamento,45068.68968881482,start,,0.0,,,,
Patient_146,CTI prepara Encaminhamento,45098.942609173224,complete,,0.0,,,,
Patient_146,Encaminha_para a Clinica Cirurgica,45098.942609173224,complete,,,para a Clinica Cirurgica,45098.942609173224,,
Patient_146,Discharge,45098.942609173224,complete,,,,,,2367.4512848762533
Patient_147,Arrival,42802.80295303993,complete,,0.0,,,,
Patient_147,Origem_do Centro Cirurgico,42802.80295303993,complete,,,do Centro Cirurgico,42802.80295303993,,
Patient_147,CTI (CC),42802.80295303993,start,ctiBeds,0.0,,,,
Patient_147,CTI (CC),50267.25037413062,complete,ctiBeds,0.0,,,,
Patient_147,CTI prepara Encaminhamento,50267.25037413062,start,,0.0,,,,
Patient_147,CTI prepara Encaminhamento,50300.21058129706,complete,,0.0,,,,
Patient_147,Encaminha_Obito,50300.21058129706,complete,,,Obito,50300.21058129706,,
Patient_147,Discharge,50300.21058129706,complete,,,,,,7497.407628257133
Patient_148,Arrival,42973.765378465585,complete,,0.0,,,,
Patient_148,Origem_do Pronto Socorro,42973.765378465585,complete,,,do Pronto Socorro,42973.765378465585,,
Patient_148,CTI (PS),42973.765378465585,start,ctiBeds,0.0,,,,
Patient_148,CTI (PS),62981.97959563691,complete,ctiBeds,0.0,,,,
Patient_148,CTI prepara Encaminhamento,62981.97959563691,start,,0.0,,,,
Patient_148,CTI prepara Encaminhamento,63012.49969077754,complete,,0.0,,,,
Patient_148,Encaminha_para a Clinica Cirurgica,63012.49969077754,complete,,,para a Clinica Cirurgica,63012.49969077754,,
Patient_148,Discharge,63012.49969077754,complete,,,,,,20038.734312311957
Patient_149,Arrival,43232.11714790612,complete,,0.0,,,,
Patient_149,Origem_do Centro Cirurgico,43232.11714790612,complete,,,do Centro Cirurgico,43232.11714790612,,
Patient_149,CTI (CC),43232.11714790612,start,ctiBeds,0.0,,,,
Patient_149,CTI (CC),53691.08595561975,complete,ctiBeds,0.0,,,,
Patient_149,CTI prepara Encaminhamento,53691.08595561975,start,,0.0,,,,
Patient_149,CTI prepara Encaminhamento,53749.81380301795,complete,,0.0,,,,
Patient_149,Encaminha_para a Clinica Cirurgica,53749.81380301795,complete,,,para a Clinica Cirurgica,53749.81380301795,,
Patient_149,Discharge,53749.81380301795,complete,,,,,,10517.696655111824
Patient_15,Arrival,4639.440739107101,complete,,0.0,,,,
Patient_15,Origem_da Clinica Cirurgica,4639.440739107101,complete,,,da Clinica Cirurgica,4639.440739107101,,
Patient_15,CTI (CLIC),4639.440739107101,start,ctiBeds,0.0,,,,
Patient_15,CTI (CLIC),8387.384112670927,complete,ctiBeds,0.0,,,,
Patient_15,CTI prepara Encaminhamento,8387.384112670927,start,,0.0,,,,
Patient_15,CTI prepara Encaminhamento,8419.752803491487,complete,,0.0,,,,
Patient_15,Encaminha_para a Clinica Medica,8419.752803491487,complete,,,para a Clinica Medica,8419.752803491487,,
Patient_15,Discharge,8419.752803491487,complete,,,,,,3780.312064384386
Patient_150,Arrival,43249.63936845929,complete,,0.0,,,,
Patient_150,Origem_do Pronto Socorro,43249.63936845929,complete,,,do Pronto Socorro,43249.63936845929,,
Patient_150,CTI (PS),43249.63936845929,start,ctiBeds,0.0,,,,
Patient_150,CTI (PS),44615.596238495134,complete,ctiBeds,0.0,,,,
Patient_150,CTI prepara Encaminhamento,44615.596238495134,start,,0.0,,,,
Patient_150,CTI prepara Encaminhamento,44659.70376191847,complete,,0.0,,,,
Patient_150,Encaminha_Obito,44659.70376191847,complete,,,Obito,44659.70376191847,,
Patient_150,Discharge,44659.70376191847,complete,,,,,,1410.064393459179
Patient_151,Arrival,43556.34622210175,complete,,0.0,,,,
Patient_151,Origem_do Centro Cirurgico,43556.34622210175,complete,,,do Centro Cirurgico,43556.34622210175,,
Patient_151,CTI (CC),43556.34622210175,start,ctiBeds,0.0,,,,
Patient_151,CTI (CC),73816.12502710224,complete,ctiBeds,0.0,,,,
Patient_151,CTI prepara Encaminhamento,73816.12502710224,start,,0.0,,,,
Patient_151,CTI prepara Encaminhamento,73871.19230432695,complete,,0.0,,,,
Patient_151,Encaminha_para o Centro Cirurgico,73871.19230432695,complete,,,para o Centro Cirurgico,73871.19230432695,,
Patient_151,Discharge,73871.19230432695,complete,,,,,,30314.846082225202
Patient_152,Arrival,43852.966352949676,complete,,0.0,,,,
Patient_152,Origem_do Centro Cirurgico,43852.966352949676,complete,,,do Centro Cirurgico,43852.966352949676,,
Patient_152,CTI (CC),43852.966352949676,start,ctiBeds,0.0,,,,
Patient_152,CTI (CC),45825.97465560003,complete,ctiBeds,0.0,,,,
Patient_152,CTI prepara Encaminhamento,45825.97465560003,start,,0.0,,,,
Patient_152,CTI prepara Encaminhamento,45861.260168619956,complete,,0.0,,,,
Patient_152,Encaminha_para a Clinica Medica,45861.260168619956,complete,,,para a Clinica Medica,45861.260168619956,,
Patient_152,Discharge,45861.260168619956,complete,,,,,,2008.2938156702803
Patient_153,Arrival,44303.68726927509,complete,,0.0,,,,
Patient_153,Origem_do Centro Cirurgico,44303.68726927509,complete,,,do Centro Cirurgico,44303.68726927509,,
Patient_153,CTI (CC),44303.68726927509,start,ctiBeds,0.0,,,,
Patient_153,CTI (CC),47066.10949626076,complete,ctiBeds,0.0,,,,
Patient_153,CTI prepara Encaminhamento,47066.10949626076,start,,0.0,,,,
Patient_153,CTI prepara Encaminhamento,47101.50180405487,complete,,0.0,,,,
Patient_153,Encaminha_para a Clinica Cirurgica,47101.50180405487,complete,,,para a Clinica Cirurgica,47101.50180405487,,
Patient_153,Discharge,47101.50180405487,complete,,,,,,2797.8145347797763
Patient_154,Arrival,44530.64346570701,complete,,0.0,,,,
Patient_154,Origem_do Centro Cirurgico,44530.64346570701,complete,,,do Centro Cirurgico,44530.64346570701,,
Patient_154,CTI (CC),44530.64346570701,start,ctiBeds,0.0,,,,
Patient_154,CTI (CC),47536.089374734634,complete,ctiBeds,0.0,,,,
Patient_154,CTI prepara Encaminhamento,47536.089374734634,start,,0.0,,,,
Patient_154,CTI prepara Encaminhamento,47585.60075584641,complete,,0.0,,,,
Patient_154,Encaminha_para a Clinica Cirurgica,47585.60075584641,complete,,,para a Clinica Cirurgica,47585.60075584641,,
Patient_154,Discharge,47585.60075584641,complete,,,,,,3054.9572901393985
Patient_155,Arrival,44719.70635486669,complete,,0.0,,,,
Patient_155,Origem_do Pronto Socorro,44719.70635486669,complete,,,do Pronto Socorro,44719.70635486669,,
Patient_155,CTI (PS),44719.70635486669,start,ctiBeds,0.0,,,,
Patient_155,CTI (PS),47523.90644639205,complete,ctiBeds,0.0,,,,
Patient_155,CTI prepara Encaminhamento,47523.90644639205,start,,0.0,,,,
Patient_155,CTI prepara Encaminhamento,47564.500744887846,complete,,0.0,,,,
Patient_155,Encaminha_para a Clinica Medica,47564.500744887846,complete,,,para a Clinica Medica,47564.500744887846,,
Patient_155,Discharge,47564.500744887846,complete,,,,,,2844.794390021154
Patient_156,Arrival,45376.379175847476,complete,,0.0,,,,
Patient_156,Origem_do Centro Cirurgico,45376.379175847476,complete,,,do Centro Cirurgico,45376.379175847476,,
Patient_156,CTI (CC),45376.379175847476,start,ctiBeds,0.0,,,,
Patient_156,CTI (CC),47460.28692037681,complete,ctiBeds,0.0,,,,
Patient_156,CTI prepara Encaminhamento,47460.28692037681,start,,0.0,,,,
Patient_156,CTI prepara Encaminhamento,47496.05081260678,complete,,0.0,,,,
Patient_156,Encaminha_para a Clinica Cirurgica,47496.05081260678,complete,,,para a Clinica Cirurgica,47496.05081260678,,
Patient_156,Discharge,47496.05081260678,complete,,,,,,2119.6716367593035
Patient_157,Arrival,45875.587660577316,complete,,0.0,,,,
Patient_157,Origem_do Centro Cirurgico,45875.587660577316,complete,,,do Centro Cirurgico,45875.587660577316,,
Patient_157,CTI (CC),45875.587660577316,start,ctiBeds,0.0,,,,
Patient_157,CTI (CC),49314.93476403802,complete,ctiBeds,0.0,,,,
Patient_157,CTI prepara Encaminhamento,49314.93476403802,start,,0.0,,,,
Patient_157,CTI prepara Encaminhamento,49359.81828722646,complete,,0.0,,,,
Patient_157,Encaminha_para a Clinica Cirurgica,49359.81828722646,complete,,,para a Clinica Cirurgica,49359.81828722646,,
Patient_157,Discharge,49359.81828722646,complete,,,,,,3484.2306266491432
Patient_158,Arrival,46714.1244258417,complete,,0.0,,,,
Patient_158,Origem_da Clinica Medica,46714.1244258417,complete,,,da Clinica Medica,46714.1244258417,,
Patient_158,CTI (CLIM),46714.1244258417,start,ctiBeds,0.0,,,,
Patient_158,CTI (CLIM),59299.17306928934,complete,ctiBeds,0.0,,,,
Patient_158,CTI prepara Encaminhamento,59299.17306928934,start,,0.0,,,,
Patient_158,CTI prepara Encaminhamento,59357.81693058225,complete,,0.0,,,,
Patient_158,Encaminha_para a Clinica Medica,59357.81693058225,complete,,,para a Clinica Medica,59357.81693058225,,
Patient_158,Discharge,59357.81693058225,complete,,,,,,12643.692504740553
Patient_159,Arrival,47405.00006157112,complete,,0.0,,,,
Patient_159,Origem_do Centro Cirurgico,47405.00006157112,complete,,,do Centro Cirurgico,47405.00006157112,,
Patient_159,CTI (CC),47405.00006157112,start,ctiBeds,0.0,,,,
Patient_159,CTI (CC),47660.0676669695,complete,ctiBeds,0.0,,,,
Patient_159,CTI prepara Encaminhamento,47660.0676669695,start,,0.0,,,,
Patient_159,CTI prepara Encaminhamento,47701.17881038813,complete,,0.0,,,,
Patient_159,Encaminha_para o Centro Cirurgico,47701.17881038813,complete,,,para o Centro Cirurgico,47701.17881038813,,
Patient_159,Discharge,47701.17881038813,complete,,,,,,296.17874881701573
Patient_16,Arrival,4830.1022592132795,complete,,0.0,,,,
Patient_16,Origem_do Pronto Socorro,4830.1022592132795,complete,,,do Pronto Socorro,4830.1022592132795,,
Patient_16,CTI (PS),4830.1022592132795,start,ctiBeds,0.0,,,,
Patient_16,CTI (PS),24510.232247449887,complete,ctiBeds,0.0,,,,
Patient_16,CTI prepara Encaminhamento,24510.232247449887,start,,0.0,,,,
Patient_16,CTI prepara Encaminhamento,24563.543177545973,complete,,0.0,,,,
Patient_16,Encaminha_para a Clinica Cirurgica,24563.543177545973,complete,,,para a Clinica Cirurgica,24563.543177545973,,
Patient_16,Discharge,24563.543177545973,complete,,,,,,19733.440918332693
Patient_160,Arrival,48121.55557944108,complete,,0.0,,,,
Patient_160,Origem_da Clinica Cirurgica,48121.55557944108,complete,,,da Clinica Cirurgica,48121.55557944108,,
Patient_160,CTI (CLIC),48121.55557944108,start,ctiBeds,0.0,,,,
Patient_160,CTI (CLIC),70879.03029320031,complete,ctiBeds,0.0,,,,
Patient_160,CTI prepara Encaminhamento,70879.03029320031,start,,0.0,,,,
Patient_160,CTI prepara Encaminhamento,70919.07329179498,complete,,0.0,,,,
Patient_160,Encaminha_para a Clinica Cirurgica,70919.07329179498,complete,,,para a Clinica Cirurgica,70919.07329179498,,
Patient_160,Discharge,70919.07329179498,complete,,,,,,22797.517712353896
Patient_161,Arrival,48390.39704767784,complete,,0.0,,,,
Patient_161,Origem_da Clinica Medica,48390.39704767784,complete,,,da Clinica Medica,48390.39704767784,,
Patient_161,CTI (CLIM),48390.39704767784,start,ctiBeds,0.0,,,,
Patient_161,CTI (CLIM),65048.250678002034,complete,ctiBeds,0.0,,,,
Patient_161,CTI prepara Encaminhamento,65048.250678002034,start,,0.0,,,,
Patient_161,CTI prepara Encaminhamento,65081.494514497914,complete,,0.0,,,,
Patient_161,Encaminha_Obito,65081.494514497914,complete,,,Obito,65081.494514497914,,
Patient_161,Discharge,65081.494514497914,complete,,,,,,16691.097466820072
Patient_162,Arrival,48879.41109798729,complete,,0.0,,,,
Patient_162,Origem_do Centro Cirurgico,48879.41109798729,complete,,,do Centro Cirurgico,48879.41109798729,,
Patient_162,CTI (CC),48879.41109798729,start,ctiBeds,0.0,,,,
Patient_162,CTI (CC),103336.64066631235,complete,ctiBeds,0.0,,,,
Patient_162,CTI prepara Encaminhamento,103336.64066631235,start,,0.0,,,,
Patient_162,CTI prepara Encaminhamento,103391.6903224503,complete,,0.0,,,,
Patient_162,Encaminha_Obito,103391.6903224503,complete,,,Obito,103391.6903224503,,
Patient_162,Discharge,103391.6903224503,complete,,,,,,54512.27922446301
Patient_163,Arrival,48931.652208382475,complete,,0.0,,,,
Patient_163,Origem_do Pronto Socorro,48931.652208382475,complete,,,do Pronto Socorro,48931.652208382475,,
Patient_163,CTI (PS),48931.652208382475,start,ctiBeds,0.0,,,,
Patient_163,CTI (PS),54320.41537774807,complete,ctiBeds,0.0,,,,
Patient_163,CTI prepara Encaminhamento,54320.41537774807,start,,0.0,,,,
Patient_163,CTI prepara Encaminhamento,54365.18901898415,complete,,0.0,,,,
Patient_163,Encaminha_para a Clinica Cirurgica,54365.18901898415,complete,,,para a Clinica Cirurgica,54365.18901898415,,
Patient_163,Discharge,54365.18901898415,complete,,,,,,5433.536810601676
Patient_164,Arrival,49088.24656566992,complete,,0.0,,,,
Patient_164,Origem_do Pronto Socorro,49088.24656566992,complete,,,do Pronto Socorro,49088.24656566992,,
Patient_164,CTI (PS),49088.24656566992,start,ctiBeds,0.0,,,,
Patient_164,CTI (PS),51291.77401031989,complete,ctiBeds,0.0,,,,
Patient_164,CTI prepara Encaminhamento,51291.77401031989,start,,0.0,,,,
Patient_164,CTI prepara Encaminhamento,51341.36784588304,complete,,0.0,,,,
Patient_164,Encaminha_para a Clinica Cirurgica,51341.36784588304,complete,,,para a Clinica Cirurgica,51341.36784588304,,
Patient_164,Discharge,51341.36784588304,complete,,,,,,2253.1212802131195
Patient_165,Arrival,50177.91305880799,complete,,0.0,,,,
Patient_165,Origem_do Pronto Socorro,50177.91305880799,complete,,,do Pronto Socorro,50177.91305880799,,
Patient_165,CTI (PS),50177.91305880799,start,ctiBeds,0.0,,,,
Patient_165,CTI (PS),69401.80354165983,complete,ctiBeds,0.0,,,,
Patient_165,CTI prepara Encaminhamento,69401.80354165983,start,,0.0,,,,
Patient_165,CTI prepara Encaminhamento,69434.87217425692,complete,,0.0,,,,
Patient_165,Encaminha_para a Clinica Medica,69434.87217425692,complete,,,para a Clinica Medica,69434.87217425692,,
Patient_165,Discharge,69434.87217425692,complete,,,,,,19256.959115448924
Patient_166,Arrival,50748.09349463615,complete,,0.0,,,,
Patient_166,Origem_do Pronto Socorro,50748.09349463615,complete,,,do Pronto Socorro,50748.09349463615,,
Patient_166,CTI (PS),50748.09349463615,start,ctiBeds,0.0,,,,
Patient_166,CTI (PS),55278.53345906761,complete,ctiBeds,0.0,,,,
Patient_166,CTI prepara Encaminhamento,55278.53345906761,start,,0.0,,,,
Patient_166,CTI prepara Encaminhamento,55329.79799114269,complete,,0.0,,,,
Patient_166,Encaminha_para a Clinica Cirurgica,55329.79799114269,complete,,,para a Clinica Cirurgica,55329.79799114269,,
Patient_166,Discharge,55329.79799114269,complete,,,,,,4581.704496506536
Patient_167,Arrival,52382.96675730856,complete,,0.0,,,,
Patient_167,Origem_da Clinica Cirurgica,52382.96675730856,complete,,,da Clinica Cirurgica,52382.96675730856,,
Patient_167,CTI (CLIC),52382.96675730856,start,ctiBeds,0.0,,,,
Patient_167,CTI (CLIC),66751.50286461908,complete,ctiBeds,0.0,,,,
Patient_167,CTI prepara Encaminhamento,66751.50286461908,start,,0.0,,,,
Patient_167,CTI prepara Encaminhamento,66786.59144112583,complete,,0.0,,,,
Patient_167,Encaminha_para a Clinica Medica,66786.59144112583,complete,,,para a Clinica Medica,66786.59144112583,,
Patient_167,Discharge,66786.59144112583,complete,,,,,,14403.624683817266
Patient_168,Arrival,52525.22850625958,complete,,0.0,,,,
Patient_168,Origem_da Clinica Medica,52525.22850625958,complete,,,da Clinica Medica,52525.22850625958,,
Patient_168,CTI (CLIM),52525.22850625958,start,ctiBeds,0.0,,,,
Patient_168,CTI (CLIM),55173.90651207015,complete,ctiBeds,0.0,,,,
Patient_168,CTI prepara Encaminhamento,55173.90651207015,start,,0.0,,,,
Patient_168,CTI prepara Encaminhamento,55227.77508695938,complete,,0.0,,,,
Patient_168,Encaminha_para a Clinica Cirurgica,55227.77508695938,complete,,,para a Clinica Cirurgica,55227.77508695938,,
Patient_168,Discharge,55227.77508695938,complete,,,,,,2702.5465806998036
Patient_169,Arrival,52582.129862306705,complete,,0.0,,,,
Patient_169,Origem_do Centro Cirurgico,52582.129862306705,complete,,,do Centro Cirurgico,52582.129862306705,,
Patient_169,CTI (CC),52582.129862306705,start,ctiBeds,0.0,,,,
Patient_169,CTI (CC),61820.07885752036,complete,ctiBeds,0.0,,,,
Patient_169,CTI prepara Encaminhamento,61820.07885752036,start,,0.0,,,,
Patient_169,CTI prepara Encaminhamento,61864.94669279071,complete,,0.0,,,,
Patient_169,Encaminha_Obito,61864.94669279071,complete,,,Obito,61864.94669279071,,
Patient_169,Discharge,61864.94669279071,complete,,,,,,9282.816830484007
Patient_17,Arrival,4983.849957683406,complete,,0.0,,,,
Patient_17,Origem_do Centro Cirurgico,4983.849957683406,complete,,,do Centro Cirurgico,4983.849957683406,,
Patient_17,CTI (CC),4983.849957683406,start,ctiBeds,0.0,,,,
Patient_17,CTI (CC),6595.432888111056,complete,ctiBeds,0.0,,,,
Patient_17,CTI prepara Encaminhamento,6595.432888111056,start,,0.0,,,,
Patient_17,CTI prepara Encaminhamento,6651.392318550759,complete,,0.0,,,,
Patient_17,Encaminha_para a Clinica Cirurgica,6651.392318550759,complete,,,para a Clinica Cirurgica,6651.392318550759,,
Patient_17,Discharge,6651.392318550759,complete,,,,,,1667.5423608673536
Patient_170,Arrival,52715.33162130555,complete,,0.0,,,,
Patient_170,Origem_do Centro Cirurgico,52715.33162130555,complete,,,do Centro Cirurgico,52715.33162130555,,
Patient_170,CTI (CC),52715.33162130555,start,ctiBeds,0.0,,,,
Patient_170,CTI (CC),54642.04360349899,complete,ctiBeds,0.0,,,,
Patient_170,CTI prepara Encaminhamento,54642.04360349899,start,,0.0,,,,
Patient_170,CTI prepara Encaminhamento,54682.540070399504,complete,,0.0,,,,
Patient_170,Encaminha_para a Clinica Cirurgica,54682.540070399504,complete,,,para a Clinica Cirurgica,54682.540070399504,,
Patient_170,Discharge,54682.540070399504,complete,,,,,,1967.2084490939524
Patient_171,Arrival,53296.05643168087,complete,,0.0,,,,
Patient_171,Origem_do Pronto Socorro,53296.05643168087,complete,,,do Pronto Socorro,53296.05643168087,,
Patient_171,CTI (PS),53296.05643168087,start,ctiBeds,0.0,,,,
Patient_171,CTI (PS),54152.89930644996,complete,ctiBeds,0.0,,,,
Patient_171,CTI prepara Encaminhamento,54152.89930644996,start,,0.0,,,,
Patient_171,CTI prepara Encaminhamento,54192.99305892015,complete,,0.0,,,,
Patient_171,Encaminha_para a Clinica Medica,54192.99305892015,complete,,,para a Clinica Medica,54192.99305892015,,
Patient_171,Discharge,54192.99305892015,complete,,,,,,896.9366272392799
Patient_172,Arrival,53308.20529868165,complete,,0.0,,,,
Patient_172,Origem_do Pronto Socorro,53308.20529868165,complete,,,do Pronto Socorro,53308.20529868165,,
Patient_172,CTI (PS),53308.20529868165,start,ctiBeds,0.0,,,,
Patient_172,CTI (PS),76656.35663187166,complete,ctiBeds,0.0,,,,
Patient_172,CTI prepara Encaminhamento,76656.35663187166,start,,0.0,,,,
Patient_172,CTI prepara Encaminhamento,76714.02286864909,complete,,0.0,,,,
Patient_172,Encaminha_para a Clinica Cirurgica,76714.02286864909,complete,,,para a Clinica Cirurgica,76714.02286864909,,
Patient_172,Discharge,76714.02286864909,complete,,,,,,23405.81756996744
Patient_173,Arrival,53552.699953140655,complete,,0.0,,,,
Patient_173,Origem_do Pronto Socorro,53552.699953140655,complete,,,do Pronto Socorro,53552.699953140655,,
Patient_173,CTI (PS),53552.699953140655,start,ctiBeds,0.0,,,,
Patient_173,CTI (PS),53933.09089266632,complete,ctiBeds,0.0,,,,
Patient_173,CTI prepara Encaminhamento,53933.09089266632,start,,0.0,,,,
Patient_173,CTI prepara Encaminhamento,53989.28459379554,complete,,0.0,,,,
Patient_173,Encaminha_para a Clinica Medica,53989.28459379554,complete,,,para a Clinica Medica,53989.28459379554,,
Patient_173,Discharge,53989.28459379554,complete,,,,,,436.58464065488806
Patient_174,Arrival,53558.2379669454,complete,,0.0,,,,
Patient_174,Origem_do Pronto Socorro,53558.2379669454,complete,,,do Pronto Socorro,53558.2379669454,,
Patient_174,CTI (PS),53558.2379669454,start,ctiBeds,0.0,,,,
Patient_174,CTI (PS),77155.06763267785,complete,ctiBeds,0.0,,,,
Patient_174,CTI prepara Encaminhamento,77155.06763267785,start,,0.0,,,,
Patient_174,CTI prepara Encaminhamento,77199.24939283943,complete,,0.0,,,,
Patient_174,Encaminha_para a Clinica Cirurgica,77199.24939283943,complete,,,para a Clinica Cirurgica,77199.24939283943,,
Patient_174,Discharge,77199.24939283943,complete,,,,,,23641.011425894023
Patient_175,Arrival,54409.3931029254,complete,,0.0,,,,
Patient_175,Origem_da Clinica Cirurgica,54409.3931029254,complete,,,da Clinica Cirurgica,54409.3931029254,,
Patient_175,CTI (CLIC),54409.3931029254,start,ctiBeds,0.0,,,,
Patient_175,CTI (CLIC),58366.125941807404,complete,ctiBeds,0.0,,,,
Patient_175,CTI prepara Encaminhamento,58366.125941807404,start,,0.0,,,,
Patient_175,CTI prepara Encaminhamento,58411.388393540474,complete,,0.0,,,,
Patient_175,Encaminha_para a Clinica Cirurgica,58411.388393540474,complete,,,para a Clinica Cirurgica,58411.388393540474,,
Patient_175,Discharge,58411.388393540474,complete,,,,,,4001.995290615072
Patient_176,Arrival,54965.535438233695,complete,,0.0,,,,
Patient_176,Origem_da Clinica Cirurgica,54965.535438233695,complete,,,da Clinica Cirurgica,54965.535438233695,,
Patient_176,CTI (CLIC),54965.535438233695,start,ctiBeds,0.0,,,,
Patient_176,CTI (CLIC),56169.322673773924,complete,ctiBeds,0.0,,,,
Patient_176,CTI prepara Encaminhamento,56169.322673773924,start,,0.0,,,,
Patient_176,CTI prepara Encaminhamento,56211.65888896537,complete,,0.0,,,,
Patient_176,Encaminha_para a Clinica Cirurgica,56211.65888896537,complete,,,para a Clinica Cirurgica,56211.65888896537,,
Patient_176,Discharge,56211.65888896537,complete,,,,,,1246.1234507316767
Patient_177,Arrival,55247.56962538328,complete,,0.0,,,,
Patient_177,Origem_da Clinica Cirurgica,55247.56962538328,complete,,,da Clinica Cirurgica,55247.56962538328,,
Patient_177,CTI (CLIC),55247.56962538328,start,ctiBeds,0.0,,,,
Patient_177,CTI (CLIC),55532.055537271175,complete,ctiBeds,0.0,,,,
Patient_177,CTI prepara Encaminhamento,55532.055537271175,start,,0.0,,,,
Patient_177,CTI prepara Encaminhamento,55571.97630659245,complete,,0.0,,,,
Patient_177,Encaminha_Obito,55571.97630659245,complete,,,Obito,55571.97630659245,,
Patient_177,Discharge,55571.97630659245,complete,,,,,,324.4066812091696
Patient_178,Arrival,55799.26542944446,complete,,0.0,,,,
Patient_178,Origem_do Pronto Socorro,55799.26542944446,complete,,,do Pronto Socorro,55799.26542944446,,
Patient_178,CTI (PS),55799.26542944446,start,ctiBeds,0.0,,,,
Patient_178,CTI (PS),61297.66351727192,complete,ctiBeds,0.0,,,,
Patient_178,CTI prepara Encaminhamento,61297.66351727192,start,,0.0,,,,
Patient_178,CTI prepara Encaminhamento,61349.45223878443,complete,,0.0,,,,
Patient_178,Encaminha_para a Clinica Cirurgica,61349.45223878443,complete,,,para a Clinica Cirurgica,61349.45223878443,,
Patient_178,Discharge,61349.45223878443,complete,,,,,,5550.186809339975
Patient_179,Arrival,56597.27316676732,complete,,0.0,,,,
Patient_179,Origem_do Pronto Socorro,56597.27316676732,complete,,,do Pronto Socorro,56597.27316676732,,
Patient_179,CTI (PS),56597.27316676732,start,ctiBeds,0.0,,,,
Patient_179,CTI (PS),59071.3797231399,complete,ctiBeds,0.0,,,,
Patient_179,CTI prepara Encaminhamento,59071.3797231399,start,,0.0,,,,
Patient_179,CTI prepara Encaminhamento,59114.60355461584,complete,,0.0,,,,
Patient_179,Encaminha_para a Clinica Cirurgica,59114.60355461584,complete,,,para a Clinica Cirurgica,59114.60355461584,,
Patient_179,Discharge,59114.60355461584,complete,,,,,,2517.3303878485167
Patient_18,Arrival,5201.679184940225,complete,,0.0,,,,
Patient_18,Origem_do Pronto Socorro,5201.679184940225,complete,,,do Pronto Socorro,5201.679184940225,,
Patient_18,CTI (PS),5201.679184940225,start,ctiBeds,0.0,,,,
Patient_18,CTI (PS),7618.258086899123,complete,ctiBeds,0.0,,,,
Patient_18,CTI prepara Encaminhamento,7618.258086899123,start,,0.0,,,,
Patient_18,CTI prepara Encaminhamento,7676.510914016634,complete,,0.0,,,,
Patient_18,Encaminha_Obito,7676.510914016634,complete,,,Obito,7676.510914016634,,
Patient_18,Discharge,7676.510914016634,complete,,,,,,2474.831729076409
Patient_180,Arrival,57193.34839516213,complete,,0.0,,,,
Patient_180,Origem_do Pronto Socorro,57193.34839516213,complete,,,do Pronto Socorro,57193.34839516213,,
Patient_180,CTI (PS),57193.34839516213,start,ctiBeds,0.0,,,,
Patient_180,CTI (PS),65180.793855969474,complete,ctiBeds,0.0,,,,
Patient_180,CTI prepara Encaminhamento,65180.793855969474,start,,0.0,,,,
Patient_180,CTI prepara Encaminhamento,65224.7912368392,complete,,0.0,,,,
Patient_180,Encaminha_para a Clinica Medica,65224.7912368392,complete,,,para a Clinica Medica,65224.7912368392,,
Patient_180,Discharge,65224.7912368392,complete,,,,,,8031.442841677068
Patient_181,Arrival,57350.067458556754,complete,,0.0,,,,
Patient_181,Origem_do Pronto Socorro,57350.067458556754,complete,,,do Pronto Socorro,57350.067458556754,,
Patient_181,CTI (PS),57350.067458556754,start,ctiBeds,0.0,,,,
Patient_181,CTI (PS),59790.43221031532,complete,ctiBeds,0.0,,,,
Patient_181,CTI prepara Encaminhamento,59790.43221031532,start,,0.0,,,,
Patient_181,CTI prepara Encaminhamento,59831.37710500997,complete,,0.0,,,,
Patient_181,Encaminha_para a Clinica Cirurgica,59831.37710500997,complete,,,para a Clinica Cirurgica,59831.37710500997,,
Patient_181,Discharge,59831.37710500997,complete,,,,,,2481.3096464532136
Patient_182,Arrival,57608.46663874981,complete,,0.0,,,,
Patient_182,Origem_do Centro Cirurgico,57608.46663874981,complete,,,do Centro Cirurgico,57608.46663874981,,
Patient_182,CTI (CC),57608.46663874981,start,ctiBeds,0.0,,,,
Patient_182,CTI (CC),58271.515179480375,complete,ctiBeds,0.0,,,,
Patient_182,CTI prepara Encaminhamento,58271.515179480375,start,,0.0,,,,
Patient_182,CTI prepara Encaminhamento,58322.67570814023,complete,,0.0,,,,
Patient_182,Encaminha_para a Clinica Medica,58322.67570814023,complete,,,para a Clinica Medica,58322.67570814023,,
Patient_182,Discharge,58322.67570814023,complete,,,,,,714.2090693904247
Patient_183,Arrival,58077.916178138636,complete,,0.0,,,,
Patient_183,Origem_do Pronto Socorro,58077.916178138636,complete,,,do Pronto Socorro,58077.916178138636,,
Patient_183,CTI (PS),58077.916178138636,start,ctiBeds,0.0,,,,
Patient_183,CTI (PS),65374.52955985312,complete,ctiBeds,0.0,,,,
Patient_183,CTI prepara Encaminhamento,65374.52955985312,start,,0.0,,,,
Patient_183,CTI prepara Encaminhamento,65426.817353526945,complete,,0.0,,,,
Patient_183,Encaminha_para a Clinica Medica,65426.817353526945,complete,,,para a Clinica Medica,65426.817353526945,,
Patient_183,Discharge,65426.817353526945,complete,,,,,,7348.90117538831
Patient_184,Arrival,58550.974839701215,complete,,0.0,,,,
Patient_184,Origem_do Pronto Socorro,58550.974839701215,complete,,,do Pronto Socorro,58550.974839701215,,
Patient_184,CTI (PS),58550.974839701215,start,ctiBeds,0.0,,,,
Patient_184,CTI (PS),62367.02266138435,complete,ctiBeds,0.0,,,,
Patient_184,CTI prepara Encaminhamento,62367.02266138435,start,,0.0,,,,
Patient_184,CTI prepara Encaminhamento,62419.99183478274,complete,,0.0,,,,
Patient_184,Encaminha_para a Clinica Cirurgica,62419.99183478274,complete,,,para a Clinica Cirurgica,62419.99183478274,,
Patient_184,Discharge,62419.99183478274,complete,,,,,,3869.0169950815252
Patient_185,Arrival,58581.21090017508,complete,,0.0,,,,
Patient_185,Origem_da Clinica Medica,58581.21090017508,complete,,,da Clinica Medica,58581.21090017508,,
Patient_185,CTI (CLIM),58581.21090017508,start,ctiBeds,0.0,,,,
Patient_185,CTI (CLIM),75691.91043929412,complete,ctiBeds,0.0,,,,
Patient_185,CTI prepara Encaminhamento,75691.91043929412,start,,0.0,,,,
Patient_185,CTI prepara Encaminhamento,75731.17612520866,complete,,0.0,,,,
Patient_185,Encaminha_para a Clinica Medica,75731.17612520866,complete,,,para a Clinica Medica,75731.17612520866,,
Patient_185,Discharge,75731.17612520866,complete,,,,,,17149.96522503358
Patient_186,Arrival,58815.26546033854,complete,,0.0,,,,
Patient_186,Origem_do Pronto Socorro,58815.26546033854,complete,,,do Pronto Socorro,58815.26546033854,,
Patient_186,CTI (PS),58815.26546033854,start,ctiBeds,0.0,,,,
Patient_186,CTI (PS),81064.47723556941,complete,ctiBeds,0.0,,,,
Patient_186,CTI prepara Encaminhamento,81064.47723556941,start,,0.0,,,,
Patient_186,CTI prepara Encaminhamento,81110.301316301,complete,,0.0,,,,
Patient_186,Encaminha_Obito,81110.301316301,complete,,,Obito,81110.301316301,,
Patient_186,Discharge,81110.301316301,complete,,,,,,22295.035855962466
Patient_187,Arrival,59482.04414474784,complete,,0.0,,,,
Patient_187,Origem_do Pronto Socorro,59482.04414474784,complete,,,do Pronto Socorro,59482.04414474784,,
Patient_187,CTI (PS),59482.04414474784,start,ctiBeds,0.0,,,,
Patient_187,CTI (PS),61787.50299228204,complete,ctiBeds,0.0,,,,
Patient_187,CTI prepara Encaminhamento,61787.50299228204,start,,0.0,,,,
Patient_187,CTI prepara Encaminhamento,61835.64334937754,complete,,0.0,,,,
Patient_187,Encaminha_para a Clinica Medica,61835.64334937754,complete,,,para a Clinica Medica,61835.64334937754,,
Patient_187,Discharge,61835.64334937754,complete,,,,,,2353.5992046297033
Patient_188,Arrival,59765.43823942049,complete,,0.0,,,,
Patient_188,Origem_do Centro Cirurgico,59765.43823942049,complete,,,do Centro Cirurgico,59765.43823942049,,
Patient_188,CTI (CC),59765.43823942049,start,ctiBeds,0.0,,,,
Patient_188,CTI (CC),61955.223142121744,complete,ctiBeds,0.0,,,,
Patient_188,CTI prepara Encaminhamento,61955.223142121744,start,,0.0,,,,
Patient_188,CTI prepara Encaminhamento,62006.79083092377,complete,,0.0,,,,
Patient_188,Encaminha_para a Clinica Cirurgica,62006.79083092377,complete,,,para a Clinica Cirurgica,62006.79083092377,,
Patient_188,Discharge,62006.79083092377,complete,,,,,,2241.3525915032806
Patient_189,Arrival,59800.23778943237,complete,,0.0,,,,
Patient_189,Origem_do Pronto Socorro,59800.23778943237,complete,,,do Pronto Socorro,59800.23778943237,,
Patient_189,CTI (PS),59800.23778943237,start,ctiBeds,0.0,,,,
Patient_189,CTI (PS),73517.51690089125,complete,ctiBeds,0.0,,,,
Patient_189,CTI prepara Encaminhamento,73517.51690089125,start,,0.0,,,,
Patient_189,CTI prepara Encaminhamento,73548.22974383131,complete,,0.0,,,,
Patient_189,Encaminha_para a Clinica Medica,73548.22974383131,complete,,,para a Clinica Medica,73548.22974383131,,
Patient_189,Discharge,73548.22974383131,complete,,,,,,13747.991954398938
Patient_19,Arrival,5261.610770291128,complete,,0.0,,,,
Patient_19,Origem_do Pronto Socorro,5261.610770291128,complete,,,do Pronto Socorro,5261.610770291128,,
Patient_19,CTI (PS),5261.610770291128,start,ctiBeds,0.0,,,,
Patient_19,CTI (PS),6011.087887557531,complete,ctiBeds,0.0,,,,
Patient_19,CTI prepara Encaminhamento,6011.087887557531,start,,0.0,,,,
Patient_19,CTI prepara Encaminhamento,6045.623591611752,complete,,0.0,,,,
Patient_19,Encaminha_para a Clinica Cirurgica,6045.623591611752,complete,,,para a Clinica Cirurgica,6045.623591611752,,
Patient_19,Discharge,6045.623591611752,complete,,,,,,784.0128213206244
Patient_190,Arrival,59883.60162244029,complete,,0.0,,,,
Patient_190,Origem_do Pronto Socorro,59883.60162244029,complete,,,do Pronto Socorro,59883.60162244029,,
Patient_190,CTI (PS),59883.60162244029,start,ctiBeds,0.0,,,,
Patient_190,CTI (PS),60237.54590372686,complete,ctiBeds,0.0,,,,
Patient_190,CTI prepara Encaminhamento,60237.54590372686,start,,0.0,,,,
Patient_190,CTI prepara Encaminhamento,60292.86259097968,complete,,0.0,,,,
Patient_190,Encaminha_para a Clinica Cirurgica,60292.86259097968,complete,,,para a Clinica Cirurgica,60292.86259097968,,
Patient_190,Discharge,60292.86259097968,complete,,,,,,409.2609685393909
Patient_191,Arrival,59993.21059231072,complete,,0.0,,,,
Patient_191,Origem_do Centro Cirurgico,59993.21059231072,complete,,,do Centro Cirurgico,59993.21059231072,,
Patient_191,CTI (CC),59993.21059231072,start,ctiBeds,0.0,,,,
Patient_191,CTI (CC),75245.48839515784,complete,ctiBeds,0.0,,,,
Patient_191,CTI prepara Encaminhamento,75245.48839515784,start,,0.0,,,,
Patient_191,CTI prepara Encaminhamento,75279.6478968724,complete,,0.0,,,,
Patient_191,Encaminha_Transferencia Externa,75279.6478968724,complete,,,Transferencia Externa,75279.6478968724,,
Patient_191,Discharge,75279.6478968724,complete,,,,,,15286.437304561674
Patient_192,Arrival,60302.025386167945,complete,,0.0,,,,
Patient_192,Origem_da Maternidade,60302.025386167945,complete,,,da Maternidade,60302.025386167945,,
Patient_192,CTI (MAT),60302.025386167945,start,ctiBeds,0.0,,,,
Patient_192,CTI (MAT),62772.020917297756,complete,ctiBeds,0.0,,,,
Patient_192,CTI prepara Encaminhamento,62772.020917297756,start,,0.0,,,,
Patient_192,CTI prepara Encaminhamento,62825.154136082914,complete,,0.0,,,,
Patient_192,Encaminha_Transferencia Externa,62825.154136082914,complete,,,Transferencia Externa,62825.154136082914,,
Patient_192,Discharge,62825.154136082914,complete,,,,,,2523.1287499149694
Patient_193,Arrival,60753.41814945631,complete,,0.0,,,,
Patient_193,Origem_da Clinica Medica,60753.41814945631,complete,,,da Clinica Medica,60753.41814945631,,
Patient_193,CTI (CLIM),60753.41814945631,start,ctiBeds,0.0,,,,
Patient_193,CTI (CLIM),68014.23471300489,complete,ctiBeds,0.0,,,,
Patient_193,CTI prepara Encaminhamento,68014.23471300489,start,,0.0,,,,
Patient_193,CTI prepara Encaminhamento,68056.21918823647,complete,,0.0,,,,
Patient_193,Encaminha_para a Clinica Medica,68056.21918823647,complete,,,para a Clinica Medica,68056.21918823647,,
Patient_193,Discharge,68056.21918823647,complete,,,,,,7302.801038780162
Patient_194,Arrival,60866.57464490169,complete,,0.0,,,,
Patient_194,Origem_do Centro Cirurgico,60866.57464490169,complete,,,do Centro Cirurgico,60866.57464490169,,
Patient_194,CTI (CC),60866.57464490169,start,ctiBeds,0.0,,,,
Patient_194,CTI (CC),61627.01470549254,complete,ctiBeds,0.0,,,,
Patient_194,CTI prepara Encaminhamento,61627.01470549254,start,,0.0,,,,
Patient_194,CTI prepara Encaminhamento,61685.93989472429,complete,,0.0,,,,
Patient_194,Encaminha_para a Clinica Cirurgica,61685.93989472429,complete,,,para a Clinica Cirurgica,61685.93989472429,,
Patient_194,Discharge,61685.93989472429,complete,,,,,,819.3652498226002
Patient_195,Arrival,61903.90426599731,complete,,0.0,,,,
Patient_195,Origem_do Centro Cirurgico,61903.90426599731,complete,,,do Centro Cirurgico,61903.90426599731,,
Patient_195,CTI (CC),61903.90426599731,start,ctiBeds,0.0,,,,
Patient_195,CTI (CC),65511.19792699824,complete,ctiBeds,0.0,,,,
Patient_195,CTI prepara Encaminhamento,65511.19792699824,start,,0.0,,,,
Patient_195,CTI prepara Encaminhamento,65553.44219856482,complete,,0.0,,,,
Patient_195,Encaminha_para a Clinica Cirurgica,65553.44219856482,complete,,,para a Clinica Cirurgica,65553.44219856482,,
Patient_195,Discharge,65553.44219856482,complete,,,,,,3649.5379325675094
Patient_196,Arrival,61936.77644370618,complete,,0.0,,,,
Patient_196,Origem_da Clinica Cirurgica,61936.77644370618,complete,,,da Clinica Cirurgica,61936.77644370618,,
Patient_196,CTI (CLIC),61936.77644370618,start,ctiBeds,0.0,,,,
Patient_196,CTI (CLIC),73285.67011688995,complete,ctiBeds,0.0,,,,
Patient_196,CTI prepara Encaminhamento,73285.67011688995,start,,0.0,,,,
Patient_196,CTI prepara Encaminhamento,73344.82113139518,complete,,0.0,,,,
Patient_196,Encaminha_para a Clinica Medica,73344.82113139518,complete,,,para a Clinica Medica,73344.82113139518,,
Patient_196,Discharge,73344.82113139518,complete,,,,,,11408.044687688998
Patient_197,Arrival,62032.9785536355,complete,,0.0,,,,
Patient_197,Origem_do Pronto Socorro,62032.9785536355,complete,,,do Pronto Socorro,62032.9785536355,,
Patient_197,CTI (PS),62032.9785536355,start,ctiBeds,0.0,,,,
Patient_197,CTI (PS),68823.25453006054,complete,ctiBeds,0.0,,,,
Patient_197,CTI prepara Encaminhamento,68823.25453006054,start,,0.0,,,,
Patient_197,CTI prepara Encaminhamento,68866.56322595873,complete,,0.0,,,,
Patient_197,Encaminha_para a Clinica Cirurgica,68866.56322595873,complete,,,para a Clinica Cirurgica,68866.56322595873,,
Patient_197,Discharge,68866.56322595873,complete,,,,,,6833.584672323232
Patient_198,Arrival,62544.01302542807,complete,,0.0,,,,
Patient_198,Origem_do Centro Cirurgico,62544.01302542807,complete,,,do Centro Cirurgico,62544.01302542807,,
Patient_198,CTI (CC),62544.01302542807,start,ctiBeds,0.0,,,,
Patient_198,CTI (CC),65695.3489480798,complete,ctiBeds,0.0,,,,
Patient_198,CTI prepara Encaminhamento,65695.3489480798,start,,0.0,,,,
Patient_198,CTI prepara Encaminhamento,65755.05682879651,complete,,0.0,,,,
Patient_198,Encaminha_Transferencia Externa,65755.05682879651,complete,,,Transferencia Externa,65755.05682879651,,
Patient_198,Discharge,65755.05682879651,complete,,,,,,3211.0438033684477
Patient_199,Arrival,62591.78253335093,complete,,0.0,,,,
Patient_199,Origem_do Pronto Socorro,62591.78253335093,complete,,,do Pronto Socorro,62591.78253335093,,
Patient_199,CTI (PS),62591.78253335093,start,ctiBeds,0.0,,,,
Patient_199,CTI (PS),73255.61774187772,complete,ctiBeds,0.0,,,,
Patient_199,CTI prepara Encaminhamento,73255.61774187772,start,,0.0,,,,
Patient_199,CTI prepara Encaminhamento,73300.57261840317,complete,,0.0,,,,
Patient_199,Encaminha_para a Clinica Medica,73300.57261840317,complete,,,para a Clinica Medica,73300.57261840317,,
Patient_199,Discharge,73300.57261840317,complete,,,,,,10708.790085052235
Patient_2,Arrival,49.55080306834018,complete,,0.0,,,,
Patient_2,Origem_do Centro Cirurgico,49.55080306834018,complete,,,do Centro Cirurgico,49.55080306834018,,
Patient_2,CTI (CC),49.55080306834018,start,ctiBeds,0.0,,,,
Patient_2,CTI (CC),3457.2175779995864,complete,ctiBeds,0.0,,,,
Patient_2,CTI prepara Encaminhamento,3457.2175779995864,start,,0.0,,,,
Patient_2,CTI prepara Encaminhamento,3501.47605710101,complete,,0.0,,,,
Patient_2,Encaminha_para a Clinica Medica,3501.47605710101,complete,,,para a Clinica Medica,3501.47605710101,,
Patient_2,Discharge,3501.47605710101,complete,,,,,,3451.92525403267
Patient_20,Arrival,6367.23651045075,complete,,0.0,,,,
Patient_20,Origem_do Pronto Socorro,6367.23651045075,complete,,,do Pronto Socorro,6367.23651045075,,
Patient_20,CTI (PS),6367.23651045075,start,ctiBeds,0.0,,,,
Patient_20,CTI (PS),7980.8331603738225,complete,ctiBeds,0.0,,,,
Patient_20,CTI prepara Encaminhamento,7980.8331603738225,start,,0.0,,,,
Patient_20,CTI prepara Encaminhamento,8031.238838477762,complete,,0.0,,,,
Patient_20,Encaminha_para a Clinica Medica,8031.238838477762,complete,,,para a Clinica Medica,8031.238838477762,,
Patient_20,Discharge,8031.238838477762,complete,,,,,,1664.0023280270125
Patient_200,Arrival,63023.55414181806,complete,,0.0,,,,
Patient_200,Origem_do Pronto Socorro,63023.55414181806,complete,,,do Pronto Socorro,63023.55414181806,,
Patient_200,CTI (PS),63023.55414181806,start,ctiBeds,0.0,,,,
Patient_200,CTI (PS),63091.77817718309,complete,ctiBeds,0.0,,,,
Patient_200,CTI prepara Encaminhamento,63091.77817718309,start,,0.0,,,,
Patient_200,CTI prepara Encaminhamento,63149.20780985312,complete,,0.0,,,,
Patient_200,Encaminha_Obito,63149.20780985312,complete,,,Obito,63149.20780985312,,
Patient_200,Discharge,63149.20780985312,complete,,,,,,125.65366803506186
Patient_201,Arrival,63289.216079515245,complete,,0.0,,,,
Patient_201,Origem_do Pronto Socorro,63289.216079515245,complete,,,do Pronto Socorro,63289.216079515245,,
Patient_201,CTI (PS),63289.216079515245,start,ctiBeds,0.0,,,,
Patient_201,CTI (PS),76128.27360866971,complete,ctiBeds,0.0,,,,
Patient_201,CTI prepara Encaminhamento,76128.27360866971,start,,0.0,,,,
Patient_201,CTI prepara Encaminhamento,76181.94260988769,complete,,0.0,,,,
Patient_201,Encaminha_Transferencia Externa,76181.94260988769,complete,,,Transferencia Externa,76181.94260988769,,
Patient_201,Discharge,76181.94260988769,complete,,,,,,12892.726530372442
Patient_202,Arrival,63347.776920137585,complete,,0.0,,,,
Patient_202,Origem_do Centro Cirurgico,63347.776920137585,complete,,,do Centro Cirurgico,63347.776920137585,,
Patient_202,CTI (CC),63347.776920137585,start,ctiBeds,0.0,,,,
Patient_202,CTI (CC),67362.11533793302,complete,ctiBeds,0.0,,,,
Patient_202,CTI prepara Encaminhamento,67362.11533793302,start,,0.0,,,,
Patient_202,CTI prepara Encaminhamento,67409.61715075398,complete,,0.0,,,,
Patient_202,Encaminha_para a Clinica Medica,67409.61715075398,complete,,,para a Clinica Medica,67409.61715075398,,
Patient_202,Discharge,67409.61715075398,complete,,,,,,4061.840230616399
Patient_203,Arrival,64138.97596484647,complete,,0.0,,,,
Patient_203,Origem_do Centro Cirurgico,64138.97596484647,complete,,,do Centro Cirurgico,64138.97596484647,,
Patient_203,CTI (CC),64138.97596484647,start,ctiBeds,0.0,,,,
Patient_203,CTI (CC),64911.13258696496,complete,ctiBeds,0.0,,,,
Patient_203,CTI prepara Encaminhamento,64911.13258696496,start,,0.0,,,,
Patient_203,CTI prepara Encaminhamento,64950.73268027323,complete,,0.0,,,,
Patient_203,Encaminha_para a Clinica Medica,64950.73268027323,complete,,,para a Clinica Medica,64950.73268027323,,
Patient_203,Discharge,64950.73268027323,complete,,,,,,811.7567154267599
Patient_204,Arrival,64444.09402305686,complete,,0.0,,,,
Patient_204,Origem_do Pronto Socorro,64444.09402305686,complete,,,do Pronto Socorro,64444.09402305686,,
Patient_204,CTI (PS),64444.09402305686,start,ctiBeds,0.0,,,,
Patient_204,CTI (PS),71791.33205261151,complete,ctiBeds,0.0,,,,
Patient_204,CTI prepara Encaminhamento,71791.33205261151,start,,0.0,,,,
Patient_204,CTI prepara Encaminhamento,71844.46636032283,complete,,0.0,,,,
Patient_204,Encaminha_para a Clinica Cirurgica,71844.46636032283,complete,,,para a Clinica Cirurgica,71844.46636032283,,
Patient_204,Discharge,71844.46636032283,complete,,,,,,7400.372337265966
Patient_205,Arrival,64702.864016814834,complete,,0.0,,,,
Patient_205,Origem_do Centro Cirurgico,64702.864016814834,complete,,,do Centro Cirurgico,64702.864016814834,,
Patient_205,CTI (CC),64702.864016814834,start,ctiBeds,0.0,,,,
Patient_205,CTI (CC),66915.54377827806,complete,ctiBeds,0.0,,,,
Patient_205,CTI prepara Encaminhamento,66915.54377827806,start,,0.0,,,,
Patient_205,CTI prepara Encaminhamento,66966.10620929686,complete,,0.0,,,,
Patient_205,Encaminha_Obito,66966.10620929686,complete,,,Obito,66966.10620929686,,
Patient_205,Discharge,66966.10620929686,complete,,,,,,2263.24219248203
Patient_206,Arrival,65433.77789318424,complete,,0.0,,,,
Patient_206,Origem_do Pronto Socorro,65433.77789318424,complete,,,do Pronto Socorro,65433.77789318424,,
Patient_206,CTI (PS),65433.77789318424,start,ctiBeds,0.0,,,,
Patient_206,CTI (PS),68827.29945362848,complete,ctiBeds,0.0,,,,
Patient_206,CTI prepara Encaminhamento,68827.29945362848,start,,0.0,,,,
Patient_206,CTI prepara Encaminhamento,68882.38972599019,complete,,0.0,,,,
Patient_206,Encaminha_Transferencia Externa,68882.38972599019,complete,,,Transferencia Externa,68882.38972599019,,
Patient_206,Discharge,68882.38972599019,complete,,,,,,3448.6118328059456
Patient_207,Arrival,65796.92498180123,complete,,0.0,,,,
Patient_207,Origem_do Pronto Socorro,65796.92498180123,complete,,,do Pronto Socorro,65796.92498180123,,
Patient_207,CTI (PS),65796.92498180123,start,ctiBeds,0.0,,,,
Patient_207,CTI (PS),67238.10470118615,complete,ctiBeds,0.0,,,,
Patient_207,CTI prepara Encaminhamento,67238.10470118615,start,,0.0,,,,
Patient_207,CTI prepara Encaminhamento,67297.78696184714,complete,,0.0,,,,
Patient_207,Encaminha_para a Clinica Cirurgica,67297.78696184714,complete,,,para a Clinica Cirurgica,67297.78696184714,,
Patient_207,Discharge,67297.78696184714,complete,,,,,,1500.8619800459128
Patient_208,Arrival,65899.09376917129,complete,,0.0,,,,
Patient_208,Origem_do Pronto Socorro,65899.09376917129,complete,,,do Pronto Socorro,65899.09376917129,,
Patient_208,CTI (PS),65899.09376917129,start,ctiBeds,0.0,,,,
Patient_208,CTI (PS),89403.36403671495,complete,ctiBeds,0.0,,,,
Patient_208,CTI prepara Encaminhamento,89403.36403671495,start,,0.0,,,,
Patient_208,CTI prepara Encaminhamento,89459.48099761576,complete,,0.0,,,,
Patient_208,Encaminha_Obito,89459.48099761576,complete,,,Obito,89459.48099761576,,
Patient_208,Discharge,89459.48099761576,complete,,,,,,23560.387228444466
Patient_209,Arrival,65901.35619573605,complete,,0.0,,,,
Patient_209,Origem_da Clinica Cirurgica,65901.35619573605,complete,,,da Clinica Cirurgica,65901.35619573605,,
Patient_209,CTI (CLIC),65901.35619573605,start,ctiBeds,0.0,,,,
Patient_209,CTI (CLIC),67793.68335095739,complete,ctiBeds,0.0,,,,
Patient_209,CTI prepara Encaminhamento,67793.68335095739,start,,0.0,,,,
Patient_209,CTI prepara Encaminhamento,67834.7952999904,complete,,0.0,,,,
Patient_209,Encaminha_para a Clinica Cirurgica,67834.7952999904,complete,,,para a Clinica Cirurgica,67834.7952999904,,
Patient_209,Discharge,67834.7952999904,complete,,,,,,1933.439104254343
Patient_21,Arrival,6477.321637145224,complete,,0.0,,,,
Patient_21,Origem_do Pronto Socorro,6477.321637145224,complete,,,do Pronto Socorro,6477.321637145224,,
Patient_21,CTI (PS),6477.321637145224,start,ctiBeds,0.0,,,,
Patient_21,CTI (PS),11952.020750807726,complete,ctiBeds,0.0,,,,
Patient_21,CTI prepara Encaminhamento,11952.020750807726,start,,0.0,,,,
Patient_21,CTI prepara Encaminhamento,12004.293626310126,complete,,0.0,,,,
Patient_21,Encaminha_Obito,12004.293626310126,complete,,,Obito,12004.293626310126,,
Patient_21,Discharge,12004.293626310126,complete,,,,,,5526.971989164902
Patient_210,Arrival,66146.24004598727,complete,,0.0,,,,
Patient_210,Origem_do Centro Cirurgico,66146.24004598727,complete,,,do Centro Cirurgico,66146.24004598727,,
Patient_210,CTI (CC),66146.24004598727,start,ctiBeds,0.0,,,,
Patient_210,CTI (CC),67467.78030223168,complete,ctiBeds,0.0,,,,
Patient_210,CTI prepara Encaminhamento,67467.78030223168,start,,0.0,,,,
Patient_210,CTI prepara Encaminhamento,67501.1770798521,complete,,0.0,,,,
Patient_210,Encaminha_para a Clinica Medica,67501.1770798521,complete,,,para a Clinica Medica,67501.1770798521,,
Patient_210,Discharge,67501.1770798521,complete,,,,,,1354.9370338648296
Patient_211,Arrival,66401.73895104822,complete,,0.0,,,,
Patient_211,Origem_do Centro Cirurgico,66401.73895104822,complete,,,do Centro Cirurgico,66401.73895104822,,
Patient_211,CTI (CC),66401.73895104822,start,ctiBeds,0.0,,,,
Patient_211,CTI (CC),66746.21810643452,complete,ctiBeds,0.0,,,,
Patient_211,CTI prepara Encaminhamento,66746.21810643452,start,,0.0,,,,
Patient_211,CTI prepara Encaminhamento,66776.49123548303,complete,,0.0,,,,
Patient_211,Encaminha_para a Clinica Medica,66776.49123548303,complete,,,para a Clinica Medica,66776.49123548303,,
Patient_211,Discharge,66776.49123548303,complete,,,,,,374.7522844348132
Patient_212,Arrival,67065.90416258656,complete,,0.0,,,,
Patient_212,Origem_do Centro Cirurgico,67065.90416258656,complete,,,do Centro Cirurgico,67065.90416258656,,
Patient_212,CTI (CC),67065.90416258656,start,ctiBeds,0.0,,,,
Patient_212,CTI (CC),74120.21863751487,complete,ctiBeds,0.0,,,,
Patient_212,CTI prepara Encaminhamento,74120.21863751487,start,,0.0,,,,
Patient_212,CTI prepara Encaminhamento,74155.69920651065,complete,,0.0,,,,
Patient_212,Encaminha_para a Clinica Medica,74155.69920651065,complete,,,para a Clinica Medica,74155.69920651065,,
Patient_212,Discharge,74155.69920651065,complete,,,,,,7089.795043924081
Patient_213,Arrival,67981.80733527409,complete,,0.0,,,,
Patient_213,Origem_do Centro Cirurgico,67981.80733527409,complete,,,do Centro Cirurgico,67981.80733527409,,
Patient_213,CTI (CC),67981.80733527409,start,ctiBeds,0.0,,,,
Patient_213,CTI (CC),74767.48445327306,complete,ctiBeds,0.0,,,,
Patient_213,CTI prepara Encaminhamento,74767.48445327306,start,,0.0,,,,
Patient_213,CTI prepara Encaminhamento,74825.70495682878,complete,,0.0,,,,
Patient_213,Encaminha_para a Clinica Cirurgica,74825.70495682878,complete,,,para a Clinica Cirurgica,74825.70495682878,,
Patient_213,Discharge,74825.70495682878,complete,,,,,,6843.897621554686
Patient_214,Arrival,67997.50728869288,complete,,0.0,,,,
Patient_214,Origem_do Centro Cirurgico,67997.50728869288,complete,,,do Centro Cirurgico,67997.50728869288,,
Patient_214,CTI (CC),67997.50728869288,start,ctiBeds,0.0,,,,
Patient_214,CTI (CC),77034.29529046167,complete,ctiBeds,0.0,,,,
Patient_214,CTI prepara Encaminhamento,77034.29529046167,start,,0.0,,,,
Patient_214,CTI prepara Encaminhamento,77078.09145187827,complete,,0.0,,,,
Patient_214,Encaminha_Transferencia Externa,77078.09145187827,complete,,,Transferencia Externa,77078.09145187827,,
Patient_214,Discharge,77078.09145187827,complete,,,,,,9080.584163185384
Patient_215,Arrival,68074.57232447615,complete,,0.0,,,,
Patient_215,Origem_do Centro Cirurgico,68074.57232447615,complete,,,do Centro Cirurgico,68074.57232447615,,
Patient_215,CTI (CC),68074.57232447615,start,ctiBeds,0.0,,,,
Patient_215,CTI (CC),68278.42750094179,complete,ctiBeds,0.0,,,,
Patient_215,CTI prepara Encaminhamento,68278.42750094179,start,,0.0,,,,
Patient_215,CTI prepara Encaminhamento,68313.09329874253,complete,,0.0,,,,
Patient_215,Encaminha_para a Clinica Medica,68313.09329874253,complete,,,para a Clinica Medica,68313.09329874253,,
Patient_215,Discharge,68313.09329874253,complete,,,,,,238.52097426638647
Patient_216,Arrival,68316.52616075013,complete,,0.0,,,,
Patient_216,Origem_da Clinica Medica,68316.52616075013,complete,,,da Clinica Medica,68316.52616075013,,
Patient_216,CTI (CLIM),68316.52616075013,start,ctiBeds,0.0,,,,
Patient_216,CTI (CLIM),74226.3623484078,complete,ctiBeds,0.0,,,,
Patient_216,CTI prepara Encaminhamento,74226.3623484078,start,,0.0,,,,
Patient_216,CTI prepara Encaminhamento,74284.40192226601,complete,,0.0,,,,
Patient_216,Encaminha_para a Clinica Cirurgica,74284.40192226601,complete,,,para a Clinica Cirurgica,74284.40192226601,,
Patient_216,Discharge,74284.40192226601,complete,,,,,,5967.875761515883
Patient_217,Arrival,68422.7976697558,complete,,0.0,,,,
Patient_217,Origem_do Pronto Socorro,68422.7976697558,complete,,,do Pronto Socorro,68422.7976697558,,
Patient_217,CTI (PS),68422.7976697558,start,ctiBeds,0.0,,,,
Patient_217,CTI (PS),80879.3855365651,complete,ctiBeds,0.0,,,,
Patient_217,CTI prepara Encaminhamento,80879.3855365651,start,,0.0,,,,
Patient_217,CTI prepara Encaminhamento,80919.76569455327,complete,,0.0,,,,
Patient_217,Encaminha_para a Clinica Medica,80919.76569455327,complete,,,para a Clinica Medica,80919.76569455327,,
Patient_217,Discharge,80919.76569455327,complete,,,,,,12496.968024797461
Patient_218,Arrival,68537.37501639682,complete,,0.0,,,,
Patient_218,Origem_do Pronto Socorro,68537.37501639682,complete,,,do Pronto Socorro,68537.37501639682,,
Patient_218,CTI (PS),68537.37501639682,start,ctiBeds,0.0,,,,
Patient_218,CTI (PS),70329.77048605392,complete,ctiBeds,0.0,,,,
Patient_218,CTI prepara Encaminhamento,70329.77048605392,start,,0.0,,,,
Patient_218,CTI prepara Encaminhamento,70372.73177961819,complete,,0.0,,,,
Patient_218,Encaminha_para a Clinica Cirurgica,70372.73177961819,complete,,,para a Clinica Cirurgica,70372.73177961819,,
Patient_218,Discharge,70372.73177961819,complete,,,,,,1835.3567632213671
Patient_219,Arrival,68667.57767094336,complete,,0.0,,,,
Patient_219,Origem_do Centro Cirurgico,68667.57767094336,complete,,,do Centro Cirurgico,68667.57767094336,,
Patient_219,CTI (CC),68667.57767094336,start,ctiBeds,0.0,,,,
Patient_219,CTI (CC),76579.60182783598,complete,ctiBeds,0.0,,,,
Patient_219,CTI prepara Encaminhamento,76579.60182783598,start,,0.0,,,,
Patient_219,CTI prepara Encaminhamento,76633.52523989776,complete,,0.0,,,,
Patient_219,Encaminha_para a Clinica Cirurgica,76633.52523989776,complete,,,para a Clinica Cirurgica,76633.52523989776,,
Patient_219,Discharge,76633.52523989776,complete,,,,,,7965.947568954405
Patient_22,Arrival,6486.647796663464,complete,,0.0,,,,
Patient_22,Origem_do Pronto Socorro,6486.647796663464,complete,,,do Pronto Socorro,6486.647796663464,,
Patient_22,CTI (PS),6486.647796663464,start,ctiBeds,0.0,,,,
Patient_22,CTI (PS),10105.49958934092,complete,ctiBeds,0.0,,,,
Patient_22,CTI prepara Encaminhamento,10105.49958934092,start,,0.0,,,,
Patient_22,CTI prepara Encaminhamento,10138.932624754307,complete,,0.0,,,,
Patient_22,Encaminha_para a Clinica Cirurgica,10138.932624754307,complete,,,para a Clinica Cirurgica,10138.932624754307,,
Patient_22,Discharge,10138.932624754307,complete,,,,,,3652.284828090843
Patient_220,Arrival,68710.39168103901,complete,,0.0,,,,
Patient_220,Origem_do Centro Cirurgico,68710.39168103901,complete,,,do Centro Cirurgico,68710.39168103901,,
Patient_220,CTI (CC),68710.39168103901,start,ctiBeds,0.0,,,,
Patient_220,CTI (CC),76943.18621062822,complete,ctiBeds,0.0,,,,
Patient_220,CTI prepara Encaminhamento,76943.18621062822,start,,0.0,,,,
Patient_220,CTI prepara Encaminhamento,76974.61183527051,complete,,0.0,,,,
Patient_220,Encaminha_para a Clinica Medica,76974.61183527051,complete,,,para a Clinica Medica,76974.61183527051,,
Patient_220,Discharge,76974.61183527051,complete,,,,,,8264.220154231502
Patient_221,Arrival,68773.8475336762,complete,,0.0,,,,
Patient_221,Origem_do Centro Cirurgico,68773.8475336762,complete,,,do Centro Cirurgico,68773.8475336762,,
Patient_221,CTI (CC),68773.8475336762,start,ctiBeds,0.0,,,,
Patient_221,CTI (CC),105812.91432477091,complete,ctiBeds,0.0,,,,
Patient_221,CTI prepara Encaminhamento,105812.91432477091,start,,0.0,,,,
Patient_221,CTI prepara Encaminhamento,105855.21312103765,complete,,0.0,,,,
Patient_221,Encaminha_para a Clinica Cirurgica,105855.21312103765,complete,,,para a Clinica Cirurgica,105855.21312103765,,
Patient_221,Discharge,105855.21312103765,complete,,,,,,37081.36558736145
Patient_222,Arrival,69514.85740050222,complete,,0.0,,,,
Patient_222,Origem_do Centro Cirurgico,69514.85740050222,complete,,,do Centro Cirurgico,69514.85740050222,,
Patient_222,CTI (CC),69514.85740050222,start,ctiBeds,0.0,,,,
Patient_222,CTI (CC),83113.73453008916,complete,ctiBeds,0.0,,,,
Patient_222,CTI prepara Encaminhamento,83113.73453008916,start,,0.0,,,,
Patient_222,CTI prepara Encaminhamento,83173.41395661588,complete,,0.0,,,,
Patient_222,Encaminha_para a Clinica Medica,83173.41395661588,complete,,,para a Clinica Medica,83173.41395661588,,
Patient_222,Discharge,83173.41395661588,complete,,,,,,13658.556556113661
Patient_223,Arrival,69644.45860531609,complete,,0.0,,,,
Patient_223,Origem_do Centro Cirurgico,69644.45860531609,complete,,,do Centro Cirurgico,69644.45860531609,,
Patient_223,CTI (CC),69644.45860531609,start,ctiBeds,0.0,,,,
Patient_223,CTI (CC),71027.4356123104,complete,ctiBeds,0.0,,,,
Patient_223,CTI prepara Encaminhamento,71027.4356123104,start,,0.0,,,,
Patient_223,CTI prepara Encaminhamento,71061.4073722577,complete,,0.0,,,,
Patient_223,Encaminha_Obito,71061.4073722577,complete,,,Obito,71061.4073722577,,
Patient_223,Discharge,71061.4073722577,complete,,,,,,1416.9487669416121
Patient_224,Arrival,70149.693346164,complete,,0.0,,,,
Patient_224,Origem_do Centro Cirurgico,70149.693346164,complete,,,do Centro Cirurgico,70149.693346164,,
Patient_224,CTI (CC),70149.693346164,start,ctiBeds,0.0,,,,
Patient_224,CTI (CC),72421.92932483154,complete,ctiBeds,0.0,,,,
Patient_224,CTI prepara Encaminhamento,72421.92932483154,start,,0.0,,,,
Patient_224,CTI prepara Encaminhamento,72474.9002732456,complete,,0.0,,,,
Patient_224,Encaminha_para a Clinica Cirurgica,72474.9002732456,complete,,,para a Clinica Cirurgica,72474.9002732456,,
Patient_224,Discharge,72474.9002732456,complete,,,,,,2325.206927081599
Patient_225,Arrival,70254.4879885062,complete,,0.0,,,,
Patient_225,Origem_do Centro Cirurgico,70254.4879885062,complete,,,do Centro Cirurgico,70254.4879885062,,
Patient_225,CTI (CC),70254.4879885062,start,ctiBeds,0.0,,,,
Patient_225,CTI (CC),107953.26463507998,complete,ctiBeds,0.0,,,,
Patient_225,CTI prepara Encaminhamento,107953.26463507998,start,,0.0,,,,
Patient_225,CTI prepara Encaminhamento,108002.80420391995,complete,,0.0,,,,
Patient_225,Encaminha_Obito,108002.80420391995,complete,,,Obito,108002.80420391995,,
Patient_225,Discharge,108002.80420391995,complete,,,,,,37748.31621541375
Patient_226,Arrival,70832.14377236342,complete,,0.0,,,,
Patient_226,Origem_da Clinica Cirurgica,70832.14377236342,complete,,,da Clinica Cirurgica,70832.14377236342,,
Patient_226,CTI (CLIC),70832.14377236342,start,ctiBeds,0.0,,,,
Patient_226,CTI (CLIC),72492.71049713503,complete,ctiBeds,0.0,,,,
Patient_226,CTI prepara Encaminhamento,72492.71049713503,start,,0.0,,,,
Patient_226,CTI prepara Encaminhamento,72544.49940149144,complete,,0.0,,,,
Patient_226,Encaminha_Obito,72544.49940149144,complete,,,Obito,72544.49940149144,,
Patient_226,Discharge,72544.49940149144,complete,,,,,,1712.3556291280256
Patient_227,Arrival,71440.86230228287,complete,,0.0,,,,
Patient_227,Origem_do Pronto Socorro,71440.86230228287,complete,,,do Pronto Socorro,71440.86230228287,,
Patient_227,CTI (PS),71440.86230228287,start,ctiBeds,0.0,,,,
Patient_227,CTI (PS),88567.82286093771,complete,ctiBeds,0.0,,,,
Patient_227,CTI prepara Encaminhamento,88567.82286093771,start,,0.0,,,,
Patient_227,CTI prepara Encaminhamento,88612.64734791551,complete,,0.0,,,,
Patient_227,Encaminha_para a Clinica Cirurgica,88612.64734791551,complete,,,para a Clinica Cirurgica,88612.64734791551,,
Patient_227,Discharge,88612.64734791551,complete,,,,,,17171.78504563264
Patient_228,Arrival,71991.64677504088,complete,,0.0,,,,
Patient_228,Origem_do Centro Cirurgico,71991.64677504088,complete,,,do Centro Cirurgico,71991.64677504088,,
Patient_228,CTI (CC),71991.64677504088,start,ctiBeds,0.0,,,,
Patient_228,CTI (CC),76709.93312531404,complete,ctiBeds,0.0,,,,
Patient_228,CTI prepara Encaminhamento,76709.93312531404,start,,0.0,,,,
Patient_228,CTI prepara Encaminhamento,76743.72348721676,complete,,0.0,,,,
Patient_228,Encaminha_para a Clinica Cirurgica,76743.72348721676,complete,,,para a Clinica Cirurgica,76743.72348721676,,
Patient_228,Discharge,76743.72348721676,complete,,,,,,4752.076712175884
Patient_229,Arrival,72137.21625154823,complete,,0.0,,,,
Patient_229,Origem_do Centro Cirurgico,72137.21625154823,complete,,,do Centro Cirurgico,72137.21625154823,,
Patient_229,CTI (CC),72137.21625154823,start,ctiBeds,0.0,,,,
Patient_229,CTI (CC),73452.12906047847,complete,ctiBeds,0.0,,,,
Patient_229,CTI prepara Encaminhamento,73452.12906047847,start,,0.0,,,,
Patient_229,CTI prepara Encaminhamento,73489.10829198603,complete,,0.0,,,,
Patient_229,Encaminha_para a Maternidade,73489.10829198603,complete,,,para a Maternidade,73489.10829198603,,
Patient_229,Discharge,73489.10829198603,complete,,,,,,1351.8920404378005
Patient_23,Arrival,6495.013426223605,complete,,0.0,,,,
Patient_23,Origem_da Clinica Medica,6495.013426223605,complete,,,da Clinica Medica,6495.013426223605,,
Patient_23,CTI (CLIM),6495.013426223605,start,ctiBeds,0.0,,,,
Patient_23,CTI (CLIM),7860.594932005656,complete,ctiBeds,0.0,,,,
Patient_23,CTI prepara Encaminhamento,7860.594932005656,start,,0.0,,,,
Patient_23,CTI prepara Encaminhamento,7911.999149111135,complete,,0.0,,,,
Patient_23,Encaminha_para a Clinica Medica,7911.999149111135,complete,,,para a Clinica Medica,7911.999149111135,,
Patient_23,Discharge,7911.999149111135,complete,,,,,,1416.9857228875298
Patient_230,Arrival,72203.24163786661,complete,,0.0,,,,
Patient_230,Origem_do Pronto Socorro,72203.24163786661,complete,,,do Pronto Socorro,72203.24163786661,,
Patient_230,CTI (PS),72203.24163786661,start,ctiBeds,0.0,,,,
Patient_230,CTI (PS),76421.27716011857,complete,ctiBeds,0.0,,,,
Patient_230,CTI prepara Encaminhamento,76421.27716011857,start,,0.0,,,,
Patient_230,CTI prepara Encaminhamento,76471.90258813133,complete,,0.0,,,,
Patient_230,Encaminha_para a Clinica Cirurgica,76471.90258813133,complete,,,para a Clinica Cirurgica,76471.90258813133,,
Patient_230,Discharge,76471.90258813133,complete,,,,,,4268.660950264719
Patient_231,Arrival,72286.38155139399,complete,,0.0,,,,
Patient_231,Origem_do Pronto Socorro,72286.38155139399,complete,,,do Pronto Socorro,72286.38155139399,,
Patient_231,CTI (PS),72286.38155139399,start,ctiBeds,0.0,,,,
Patient_231,CTI (PS),72862.44228609081,complete,ctiBeds,0.0,,,,
Patient_231,CTI prepara Encaminhamento,72862.44228609081,start,,0.0,,,,
Patient_231,CTI prepara Encaminhamento,72892.72750696747,complete,,0.0,,,,
Patient_231,Encaminha_para a Clinica Cirurgica,72892.72750696747,complete,,,para a Clinica Cirurgica,72892.72750696747,,
Patient_231,Discharge,72892.72750696747,complete,,,,,,606.3459555734735
Patient_232,Arrival,72665.66682897719,complete,,0.0,,,,
Patient_232,Origem_do Pronto Socorro,72665.66682897719,complete,,,do Pronto Socorro,72665.66682897719,,
Patient_232,CTI (PS),72665.66682897719,start,ctiBeds,0.0,,,,
Patient_232,CTI (PS),89145.81154380806,complete,ctiBeds,0.0,,,,
Patient_232,CTI prepara Encaminhamento,89145.81154380806,start,,0.0,,,,
Patient_232,CTI prepara Encaminhamento,89183.9854310195,complete,,0.0,,,,
Patient_232,Encaminha_para a Clinica Medica,89183.9854310195,complete,,,para a Clinica Medica,89183.9854310195,,
Patient_232,Discharge,89183.9854310195,complete,,,,,,16518.3186020423
Patient_233,Arrival,73049.5366976537,complete,,0.0,,,,
Patient_233,Origem_do Pronto Socorro,73049.5366976537,complete,,,do Pronto Socorro,73049.5366976537,,
Patient_233,CTI (PS),73049.5366976537,start,ctiBeds,0.0,,,,
Patient_233,CTI (PS),77699.78598893802,complete,ctiBeds,0.0,,,,
Patient_233,CTI prepara Encaminhamento,77699.78598893802,start,,0.0,,,,
Patient_233,CTI prepara Encaminhamento,77758.20135795185,complete,,0.0,,,,
Patient_233,Encaminha_para a Clinica Cirurgica,77758.20135795185,complete,,,para a Clinica Cirurgica,77758.20135795185,,
Patient_233,Discharge,77758.20135795185,complete,,,,,,4708.664660298149
Patient_234,Arrival,73266.08149038558,complete,,0.0,,,,
Patient_234,Origem_do Pronto Socorro,73266.08149038558,complete,,,do Pronto Socorro,73266.08149038558,,
Patient_234,CTI (PS),73266.08149038558,start,ctiBeds,0.0,,,,
Patient_234,CTI (PS),81832.26536921269,complete,ctiBeds,0.0,,,,
Patient_234,CTI prepara Encaminhamento,81832.26536921269,start,,0.0,,,,
Patient_234,CTI prepara Encaminhamento,81888.80026188136,complete,,0.0,,,,
Patient_234,Encaminha_para a Clinica Medica,81888.80026188136,complete,,,para a Clinica Medica,81888.80026188136,,
Patient_234,Discharge,81888.80026188136,complete,,,,,,8622.718771495784
Patient_235,Arrival,73635.1695317958,complete,,0.0,,,,
Patient_235,Origem_do Centro Cirurgico,73635.1695317958,complete,,,do Centro Cirurgico,73635.1695317958,,
Patient_235,CTI (CC),73635.1695317958,start,ctiBeds,0.0,,,,
Patient_235,CTI (CC),82826.46612404042,complete,ctiBeds,0.0,,,,
Patient_235,CTI prepara Encaminhamento,82826.46612404042,start,,0.0,,,,
Patient_235,CTI prepara Encaminhamento,82858.969587596,complete,,0.0,,,,
Patient_235,Encaminha_para a Clinica Medica,82858.969587596,complete,,,para a Clinica Medica,82858.969587596,,
Patient_235,Discharge,82858.969587596,complete,,,,,,9223.80005580021
Patient_236,Arrival,73754.63383994203,complete,,0.0,,,,
Patient_236,Origem_do Pronto Socorro,73754.63383994203,complete,,,do Pronto Socorro,73754.63383994203,,
Patient_236,CTI (PS),73754.63383994203,start,ctiBeds,0.0,,,,
Patient_236,CTI (PS),103852.29505684314,complete,ctiBeds,0.0,,,,
Patient_236,CTI prepara Encaminhamento,103852.29505684314,start,,0.0,,,,
Patient_236,CTI prepara Encaminhamento,103893.73394795679,complete,,0.0,,,,
Patient_236,Encaminha_para a Clinica Cirurgica,103893.73394795679,complete,,,para a Clinica Cirurgica,103893.73394795679,,
Patient_236,Discharge,103893.73394795679,complete,,,,,,30139.100108014754
Patient_237,Arrival,74074.10269496088,complete,,0.0,,,,
Patient_237,Origem_do Centro Cirurgico,74074.10269496088,complete,,,do Centro Cirurgico,74074.10269496088,,
Patient_237,CTI (CC),74074.10269496088,start,ctiBeds,0.0,,,,
Patient_237,CTI (CC),76344.76887497777,complete,ctiBeds,0.0,,,,
Patient_237,CTI prepara Encaminhamento,76344.76887497777,start,,0.0,,,,
Patient_237,CTI prepara Encaminhamento,76403.78095978177,complete,,0.0,,,,
Patient_237,Encaminha_para a Clinica Medica,76403.78095978177,complete,,,para a Clinica Medica,76403.78095978177,,
Patient_237,Discharge,76403.78095978177,complete,,,,,,2329.67826482089
Patient_238,Arrival,74128.66085719163,complete,,0.0,,,,
Patient_238,Origem_do Centro Cirurgico,74128.66085719163,complete,,,do Centro Cirurgico,74128.66085719163,,
Patient_238,CTI (CC),74128.66085719163,start,ctiBeds,0.0,,,,
Patient_238,CTI (CC),99320.92241353479,complete,ctiBeds,0.0,,,,
Patient_238,CTI prepara Encaminhamento,99320.92241353479,start,,0.0,,,,
Patient_238,CTI prepara Encaminhamento,99371.92765193002,complete,,0.0,,,,
Patient_238,Encaminha_para a Clinica Cirurgica,99371.92765193002,complete,,,para a Clinica Cirurgica,99371.92765193002,,
Patient_238,Discharge,99371.92765193002,complete,,,,,,25243.26679473839
Patient_239,Arrival,74510.0204909601,complete,,0.0,,,,
Patient_239,Origem_do Centro Cirurgico,74510.0204909601,complete,,,do Centro Cirurgico,74510.0204909601,,
Patient_239,CTI (CC),74510.0204909601,start,ctiBeds,0.0,,,,
Patient_239,CTI (CC),75440.68893062044,complete,ctiBeds,0.0,,,,
Patient_239,CTI prepara Encaminhamento,75440.68893062044,start,,0.0,,,,
Patient_239,CTI prepara Encaminhamento,75493.09315532108,complete,,0.0,,,,
Patient_239,Encaminha_para a Clinica Cirurgica,75493.09315532108,complete,,,para a Clinica Cirurgica,75493.09315532108,,
Patient_239,Discharge,75493.09315532108,complete,,,,,,983.0726643609814
Patient_24,Arrival,6617.633498864534,complete,,0.0,,,,
Patient_24,Origem_do Pronto Socorro,6617.633498864534,complete,,,do Pronto Socorro,6617.633498864534,,
Patient_24,CTI (PS),6617.633498864534,start,ctiBeds,0.0,,,,
Patient_24,CTI (PS),7285.222297267175,complete,ctiBeds,0.0,,,,
Patient_24,CTI prepara Encaminhamento,7285.222297267175,start,,0.0,,,,
Patient_24,CTI prepara Encaminhamento,7324.61262892243,complete,,0.0,,,,
Patient_24,Encaminha_para a Clinica Medica,7324.61262892243,complete,,,para a Clinica Medica,7324.61262892243,,
Patient_24,Discharge,7324.61262892243,complete,,,,,,706.9791300578963
Patient_240,Arrival,74734.95447923719,complete,,0.0,,,,
Patient_240,Origem_da Clinica Cirurgica,74734.95447923719,complete,,,da Clinica Cirurgica,74734.95447923719,,
Patient_240,CTI (CLIC),74734.95447923719,start,ctiBeds,0.0,,,,
Patient_240,CTI (CLIC),83710.02882134786,complete,ctiBeds,0.0,,,,
Patient_240,CTI prepara Encaminhamento,83710.02882134786,start,,0.0,,,,
Patient_240,CTI prepara Encaminhamento,83752.55756479908,complete,,0.0,,,,
Patient_240,Encaminha_para a Clinica Medica,83752.55756479908,complete,,,para a Clinica Medica,83752.55756479908,,
Patient_240,Discharge,83752.55756479908,complete,,,,,,9017.603085561888
Patient_241,Arrival,74979.58700034609,complete,,0.0,,,,
Patient_241,Origem_do Pronto Socorro,74979.58700034609,complete,,,do Pronto Socorro,74979.58700034609,,
Patient_241,CTI (PS),74979.58700034609,start,ctiBeds,0.0,,,,
Patient_241,CTI (PS),86372.23166380545,complete,ctiBeds,0.0,,,,
Patient_241,CTI prepara Encaminhamento,86372.23166380545,start,,0.0,,,,
Patient_241,CTI prepara Encaminhamento,86410.56627889336,complete,,0.0,,,,
Patient_241,Encaminha_para a Clinica Cirurgica,86410.56627889336,complete,,,para a Clinica Cirurgica,86410.56627889336,,
Patient_241,Discharge,86410.56627889336,complete,,,,,,11430.979278547267
Patient_242,Arrival,75266.23400270424,complete,,0.0,,,,
Patient_242,Origem_do Pronto Socorro,75266.23400270424,complete,,,do Pronto Socorro,75266.23400270424,,
Patient_242,CTI (PS),75266.23400270424,start,ctiBeds,0.0,,,,
Patient_242,CTI (PS),84902.15321000738,complete,ctiBeds,0.0,,,,
Patient_242,CTI prepara Encaminhamento,84902.15321000738,start,,0.0,,,,
Patient_242,CTI prepara Encaminhamento,84961.87036173412,complete,,0.0,,,,
Patient_242,Encaminha_para a Clinica Cirurgica,84961.87036173412,complete,,,para a Clinica Cirurgica,84961.87036173412,,
Patient_242,Discharge,84961.87036173412,complete,,,,,,9695.636359029886
Patient_243,Arrival,75445.13118944311,complete,,0.0,,,,
Patient_243,Origem_do Centro Cirurgico,75445.13118944311,complete,,,do Centro Cirurgico,75445.13118944311,,
Patient_243,CTI (CC),75445.13118944311,start,ctiBeds,0.0,,,,
Patient_243,CTI (CC),86651.4345649414,complete,ctiBeds,0.0,,,,
Patient_243,CTI prepara Encaminhamento,86651.4345649414,start,,0.0,,,,
Patient_243,CTI prepara Encaminhamento,86699.19773306209,complete,,0.0,,,,
Patient_243,Encaminha_Obito,86699.19773306209,complete,,,Obito,86699.19773306209,,
Patient_243,Discharge,86699.19773306209,complete,,,,,,11254.066543618974
Patient_244,Arrival,75904.39050086173,complete,,0.0,,,,
Patient_244,Origem_do Centro Cirurgico,75904.39050086173,complete,,,do Centro Cirurgico,75904.39050086173,,
Patient_244,CTI (CC),75904.39050086173,start,ctiBeds,0.0,,,,
Patient_244,CTI (CC),97622.97891303999,complete,ctiBeds,0.0,,,,
Patient_244,CTI prepara Encaminhamento,97622.97891303999,start,,0.0,,,,
Patient_244,CTI prepara Encaminhamento,97662.64340136501,complete,,0.0,,,,
Patient_244,Encaminha_para a Clinica Medica,97662.64340136501,complete,,,para a Clinica Medica,97662.64340136501,,
Patient_244,Discharge,97662.64340136501,complete,,,,,,21758.252900503285
Patient_245,Arrival,76328.45472589649,complete,,0.0,,,,
Patient_245,Origem_do Pronto Socorro,76328.45472589649,complete,,,do Pronto Socorro,76328.45472589649,,
Patient_245,CTI (PS),76328.45472589649,start,ctiBeds,0.0,,,,
Patient_245,CTI (PS),79592.41514667042,complete,ctiBeds,0.0,,,,
Patient_245,CTI prepara Encaminhamento,79592.41514667042,start,,0.0,,,,
Patient_245,CTI prepara Encaminhamento,79629.82068302561,complete,,0.0,,,,
Patient_245,Encaminha_Obito,79629.82068302561,complete,,,Obito,79629.82068302561,,
Patient_245,Discharge,79629.82068302561,complete,,,,,,3301.365957129121
Patient_246,Arrival,77325.22637755418,complete,,0.0,,,,
Patient_246,Origem_do Centro Cirurgico,77325.22637755418,complete,,,do Centro Cirurgico,77325.22637755418,,
Patient_246,CTI (CC),77325.22637755418,start,ctiBeds,0.0,,,,
Patient_246,CTI (CC),200500.25663563516,complete,ctiBeds,0.0,,,,
Patient_246,CTI prepara Encaminhamento,200500.25663563516,start,,0.0,,,,
Patient_246,CTI prepara Encaminhamento,200548.17589492947,complete,,0.0,,,,
Patient_246,Encaminha_para a Clinica Cirurgica,200548.17589492947,complete,,,para a Clinica Cirurgica,200548.17589492947,,
Patient_246,Discharge,200548.17589492947,complete,,,,,,123222.9495173753
Patient_247,Arrival,77859.95640011241,complete,,0.0,,,,
Patient_247,Origem_do Centro Cirurgico,77859.95640011241,complete,,,do Centro Cirurgico,77859.95640011241,,
Patient_247,CTI (CC),77859.95640011241,start,ctiBeds,0.0,,,,
Patient_247,CTI (CC),82240.60178492252,complete,ctiBeds,0.0,,,,
Patient_247,CTI prepara Encaminhamento,82240.60178492252,start,,0.0,,,,
Patient_247,CTI prepara Encaminhamento,82281.41674706987,complete,,0.0,,,,
Patient_247,Encaminha_para a Clinica Medica,82281.41674706987,complete,,,para a Clinica Medica,82281.41674706987,,
Patient_247,Discharge,82281.41674706987,complete,,,,,,4421.460346957465
Patient_248,Arrival,78424.07642190419,complete,,0.0,,,,
Patient_248,Origem_do Pronto Socorro,78424.07642190419,complete,,,do Pronto Socorro,78424.07642190419,,
Patient_248,CTI (PS),78424.07642190419,start,ctiBeds,0.0,,,,
Patient_248,CTI (PS),85048.65489709773,complete,ctiBeds,0.0,,,,
Patient_248,CTI prepara Encaminhamento,85048.65489709773,start,,0.0,,,,
Patient_248,CTI prepara Encaminhamento,85087.85406380992,complete,,0.0,,,,
Patient_248,Encaminha_para a Clinica Medica,85087.85406380992,complete,,,para a Clinica Medica,85087.85406380992,,
Patient_248,Discharge,85087.85406380992,complete,,,,,,6663.777641905734
Patient_249,Arrival,78526.57381409356,complete,,0.0,,,,
Patient_249,Origem_do Pronto Socorro,78526.57381409356,complete,,,do Pronto Socorro,78526.57381409356,,
Patient_249,CTI (PS),78526.57381409356,start,ctiBeds,0.0,,,,
Patient_249,CTI (PS),79360.41639373684,complete,ctiBeds,0.0,,,,
Patient_249,CTI prepara Encaminhamento,79360.41639373684,start,,0.0,,,,
Patient_249,CTI prepara Encaminhamento,79405.27635672767,complete,,0.0,,,,
Patient_249,Encaminha_para a Clinica Medica,79405.27635672767,complete,,,para a Clinica Medica,79405.27635672767,,
Patient_249,Discharge,79405.27635672767,complete,,,,,,878.7025426341133
Patient_25,Arrival,6636.5393200509225,complete,,0.0,,,,
Patient_25,Origem_da Clinica Cirurgica,6636.5393200509225,complete,,,da Clinica Cirurgica,6636.5393200509225,,
Patient_25,CTI (CLIC),6636.5393200509225,start,ctiBeds,0.0,,,,
Patient_25,CTI (CLIC),13009.403801122851,complete,ctiBeds,0.0,,,,
Patient_25,CTI prepara Encaminhamento,13009.403801122851,start,,0.0,,,,
Patient_25,CTI prepara Encaminhamento,13056.043614480668,complete,,0.0,,,,
Patient_25,Encaminha_Obito,13056.043614480668,complete,,,Obito,13056.043614480668,,
Patient_25,Discharge,13056.043614480668,complete,,,,,,6419.504294429746
Patient_250,Arrival,78591.19254839358,complete,,0.0,,,,
Patient_250,Origem_do Pronto Socorro,78591.19254839358,complete,,,do Pronto Socorro,78591.19254839358,,
Patient_250,CTI (PS),78591.19254839358,start,ctiBeds,0.0,,,,
Patient_250,CTI (PS),89046.71077857922,complete,ctiBeds,0.0,,,,
Patient_250,CTI prepara Encaminhamento,89046.71077857922,start,,0.0,,,,
Patient_250,CTI prepara Encaminhamento,89083.08356961906,complete,,0.0,,,,
Patient_250,Encaminha_Obito,89083.08356961906,complete,,,Obito,89083.08356961906,,
Patient_250,Discharge,89083.08356961906,complete,,,,,,10491.891021225485
Patient_251,Arrival,78863.9168277253,complete,,0.0,,,,
Patient_251,Origem_do Pronto Socorro,78863.9168277253,complete,,,do Pronto Socorro,78863.9168277253,,
Patient_251,CTI (PS),78863.9168277253,start,ctiBeds,0.0,,,,
Patient_251,CTI (PS),100298.8014869191,complete,ctiBeds,0.0,,,,
Patient_251,CTI prepara Encaminhamento,100298.8014869191,start,,0.0,,,,
Patient_251,CTI prepara Encaminhamento,100352.34789401136,complete,,0.0,,,,
Patient_251,Encaminha_para a Clinica Cirurgica,100352.34789401136,complete,,,para a Clinica Cirurgica,100352.34789401136,,
Patient_251,Discharge,100352.34789401136,complete,,,,,,21488.43106628605
Patient_252,Arrival,78969.0897007476,complete,,0.0,,,,
Patient_252,Origem_da Clinica Medica,78969.0897007476,complete,,,da Clinica Medica,78969.0897007476,,
Patient_252,CTI (CLIM),78969.0897007476,start,ctiBeds,0.0,,,,
Patient_252,CTI (CLIM),91693.23428792362,complete,ctiBeds,0.0,,,,
Patient_252,CTI prepara Encaminhamento,91693.23428792362,start,,0.0,,,,
Patient_252,CTI prepara Encaminhamento,91741.56711779886,complete,,0.0,,,,
Patient_252,Encaminha_para a Clinica Cirurgica,91741.56711779886,complete,,,para a Clinica Cirurgica,91741.56711779886,,
Patient_252,Discharge,91741.56711779886,complete,,,,,,12772.477417051254
Patient_253,Arrival,79547.69118996804,complete,,0.0,,,,
Patient_253,Origem_do Pronto Socorro,79547.69118996804,complete,,,do Pronto Socorro,79547.69118996804,,
Patient_253,CTI (PS),79547.69118996804,start,ctiBeds,0.0,,,,
Patient_253,CTI (PS),86830.08211310893,complete,ctiBeds,0.0,,,,
Patient_253,CTI prepara Encaminhamento,86830.08211310893,start,,0.0,,,,
Patient_253,CTI prepara Encaminhamento,86867.59657547231,complete,,0.0,,,,
Patient_253,Encaminha_para a Clinica Medica,86867.59657547231,complete,,,para a Clinica Medica,86867.59657547231,,
Patient_253,Discharge,86867.59657547231,complete,,,,,,7319.905385504273
Patient_254,Arrival,80023.64180845382,complete,,0.0,,,,
Patient_254,Origem_do Pronto Socorro,80023.64180845382,complete,,,do Pronto Socorro,80023.64180845382,,
Patient_254,CTI (PS),80023.64180845382,start,ctiBeds,0.0,,,,
Patient_254,CTI (PS),93473.17452260842,complete,ctiBeds,0.0,,,,
Patient_254,CTI prepara Encaminhamento,93473.17452260842,start,,0.0,,,,
Patient_254,CTI prepara Encaminhamento,93506.44967201761,complete,,0.0,,,,
Patient_254,Encaminha_para a Clinica Cirurgica,93506.44967201761,complete,,,para a Clinica Cirurgica,93506.44967201761,,
Patient_254,Discharge,93506.44967201761,complete,,,,,,13482.807863563794
Patient_255,Arrival,80728.8254089726,complete,,0.0,,,,
Patient_255,Origem_da Clinica Cirurgica,80728.8254089726,complete,,,da Clinica Cirurgica,80728.8254089726,,
Patient_255,CTI (CLIC),80728.8254089726,start,ctiBeds,0.0,,,,
Patient_255,CTI (CLIC),92480.84077130383,complete,ctiBeds,0.0,,,,
Patient_255,CTI prepara Encaminhamento,92480.84077130383,start,,0.0,,,,
Patient_255,CTI prepara Encaminhamento,92521.45403768543,complete,,0.0,,,,
Patient_255,Encaminha_para a Clinica Medica,92521.45403768543,complete,,,para a Clinica Medica,92521.45403768543,,
Patient_255,Discharge,92521.45403768543,complete,,,,,,11792.628628712831
Patient_256,Arrival,80905.09365265215,complete,,0.0,,,,
Patient_256,Origem_do Pronto Socorro,80905.09365265215,complete,,,do Pronto Socorro,80905.09365265215,,
Patient_256,CTI (PS),80905.09365265215,start,ctiBeds,0.0,,,,
Patient_256,CTI (PS),118757.3668344914,complete,ctiBeds,0.0,,,,
Patient_256,CTI prepara Encaminhamento,118757.3668344914,start,,0.0,,,,
Patient_256,CTI prepara Encaminhamento,118793.23405880746,complete,,0.0,,,,
Patient_256,Encaminha_Obito,118793.23405880746,complete,,,Obito,118793.23405880746,,
Patient_256,Discharge,118793.23405880746,complete,,,,,,37888.140406155304
Patient_257,Arrival,81704.31314087761,complete,,0.0,,,,
Patient_257,Origem_do Pronto Socorro,81704.31314087761,complete,,,do Pronto Socorro,81704.31314087761,,
Patient_257,CTI (PS),81704.31314087761,start,ctiBeds,0.0,,,,
Patient_257,CTI (PS),83798.1284199212,complete,ctiBeds,0.0,,,,
Patient_257,CTI prepara Encaminhamento,83798.1284199212,start,,0.0,,,,
Patient_257,CTI prepara Encaminhamento,83843.31956058332,complete,,0.0,,,,
Patient_257,Encaminha_para a Clinica Cirurgica,83843.31956058332,complete,,,para a Clinica Cirurgica,83843.31956058332,,
Patient_257,Discharge,83843.31956058332,complete,,,,,,2139.0064197057072
Patient_258,Arrival,82477.25120541536,complete,,0.0,,,,
Patient_258,Origem_da Clinica Cirurgica,82477.25120541536,complete,,,da Clinica Cirurgica,82477.25120541536,,
Patient_258,CTI (CLIC),82477.25120541536,start,ctiBeds,0.0,,,,
Patient_258,CTI (CLIC),89481.71901377471,complete,ctiBeds,0.0,,,,
Patient_258,CTI prepara Encaminhamento,89481.71901377471,start,,0.0,,,,
Patient_258,CTI prepara Encaminhamento,89530.11497303721,complete,,0.0,,,,
Patient_258,Encaminha_para a Clinica Medica,89530.11497303721,complete,,,para a Clinica Medica,89530.11497303721,,
Patient_258,Discharge,89530.11497303721,complete,,,,,,7052.86376762185
Patient_259,Arrival,82641.66144269562,complete,,0.0,,,,
Patient_259,Origem_do Pronto Socorro,82641.66144269562,complete,,,do Pronto Socorro,82641.66144269562,,
Patient_259,CTI (PS),82641.66144269562,start,ctiBeds,0.0,,,,
Patient_259,CTI (PS),95186.5038509473,complete,ctiBeds,0.0,,,,
Patient_259,CTI prepara Encaminhamento,95186.5038509473,start,,0.0,,,,
Patient_259,CTI prepara Encaminhamento,95221.40836583254,complete,,0.0,,,,
Patient_259,Encaminha_para a Clinica Medica,95221.40836583254,complete,,,para a Clinica Medica,95221.40836583254,,
Patient_259,Discharge,95221.40836583254,complete,,,,,,12579.746923136918
Patient_26,Arrival,6667.990625647887,complete,,0.0,,,,
Patient_26,Origem_do Centro Cirurgico,6667.990625647887,complete,,,do Centro Cirurgico,6667.990625647887,,
Patient_26,CTI (CC),6667.990625647887,start,ctiBeds,0.0,,,,
Patient_26,CTI (CC),13491.164544700747,complete,ctiBeds,0.0,,,,
Patient_26,CTI prepara Encaminhamento,13491.164544700747,start,,0.0,,,,
Patient_26,CTI prepara Encaminhamento,13546.368017533012,complete,,0.0,,,,
Patient_26,Encaminha_para a Clinica Medica,13546.368017533012,complete,,,para a Clinica Medica,13546.368017533012,,
Patient_26,Discharge,13546.368017533012,complete,,,,,,6878.377391885125
Patient_260,Arrival,83087.24914494868,complete,,0.0,,,,
Patient_260,Origem_do Pronto Socorro,83087.24914494868,complete,,,do Pronto Socorro,83087.24914494868,,
Patient_260,CTI (PS),83087.24914494868,start,ctiBeds,0.0,,,,
Patient_260,CTI (PS),97016.85496486744,complete,ctiBeds,0.0,,,,
Patient_260,CTI prepara Encaminhamento,97016.85496486744,start,,0.0,,,,
Patient_260,CTI prepara Encaminhamento,97070.09372359855,complete,,0.0,,,,
Patient_260,Encaminha_para a Clinica Medica,97070.09372359855,complete,,,para a Clinica Medica,97070.09372359855,,
Patient_260,Discharge,97070.09372359855,complete,,,,,,13982.844578649863
Patient_261,Arrival,83581.32581302879,complete,,0.0,,,,
Patient_261,Origem_do Pronto Socorro,83581.32581302879,complete,,,do Pronto Socorro,83581.32581302879,,
Patient_261,CTI (PS),83581.32581302879,start,ctiBeds,0.0,,,,
Patient_261,CTI (PS),94822.27484717198,complete,ctiBeds,0.0,,,,
Patient_261,CTI prepara Encaminhamento,94822.27484717198,start,,0.0,,,,
Patient_261,CTI prepara Encaminhamento,94879.9205538861,complete,,0.0,,,,
Patient_261,Encaminha_Obito,94879.9205538861,complete,,,Obito,94879.9205538861,,
Patient_261,Discharge,94879.9205538861,complete,,,,,,11298.594740857312
Patient_262,Arrival,84118.39808348534,complete,,0.0,,,,
Patient_262,Origem_do Pronto Socorro,84118.39808348534,complete,,,do Pronto Socorro,84118.39808348534,,
Patient_262,CTI (PS),84118.39808348534,start,ctiBeds,0.0,,,,
Patient_262,CTI (PS),97644.05421403785,complete,ctiBeds,0.0,,,,
Patient_262,CTI prepara Encaminhamento,97644.05421403785,start,,0.0,,,,
Patient_262,CTI prepara Encaminhamento,97697.50980553043,complete,,0.0,,,,
Patient_262,Encaminha_Obito,97697.50980553043,complete,,,Obito,97697.50980553043,,
Patient_262,Discharge,97697.50980553043,complete,,,,,,13579.111722045083
Patient_263,Arrival,84240.13980945131,complete,,0.0,,,,
Patient_263,Origem_do Centro Cirurgico,84240.13980945131,complete,,,do Centro Cirurgico,84240.13980945131,,
Patient_263,CTI (CC),84240.13980945131,start,ctiBeds,0.0,,,,
Patient_263,CTI (CC),91619.47407432529,complete,ctiBeds,0.0,,,,
Patient_263,CTI prepara Encaminhamento,91619.47407432529,start,,0.0,,,,
Patient_263,CTI prepara Encaminhamento,91673.66799799603,complete,,0.0,,,,
Patient_263,Encaminha_para a Clinica Cirurgica,91673.66799799603,complete,,,para a Clinica Cirurgica,91673.66799799603,,
Patient_263,Discharge,91673.66799799603,complete,,,,,,7433.528188544718
Patient_264,Arrival,85935.40623856227,complete,,0.0,,,,
Patient_264,Origem_do Centro Cirurgico,85935.40623856227,complete,,,do Centro Cirurgico,85935.40623856227,,
Patient_264,CTI (CC),85935.40623856227,start,ctiBeds,0.0,,,,
Patient_264,CTI (CC),91675.78942813698,complete,ctiBeds,0.0,,,,
Patient_264,CTI prepara Encaminhamento,91675.78942813698,start,,0.0,,,,
Patient_264,CTI prepara Encaminhamento,91722.1636733142,complete,,0.0,,,,
Patient_264,Encaminha_para a Clinica Medica,91722.1636733142,complete,,,para a Clinica Medica,91722.1636733142,,
Patient_264,Discharge,91722.1636733142,complete,,,,,,5786.757434751926
Patient_265,Arrival,86296.98061679139,complete,,0.0,,,,
Patient_265,Origem_do Centro Cirurgico,86296.98061679139,complete,,,do Centro Cirurgico,86296.98061679139,,
Patient_265,CTI (CC),86296.98061679139,start,ctiBeds,0.0,,,,
Patient_265,CTI (CC),88468.0983723873,complete,ctiBeds,0.0,,,,
Patient_265,CTI prepara Encaminhamento,88468.0983723873,start,,0.0,,,,
Patient_265,CTI prepara Encaminhamento,88507.69903652636,complete,,0.0,,,,
Patient_265,Encaminha_para a Clinica Cirurgica,88507.69903652636,complete,,,para a Clinica Cirurgica,88507.69903652636,,
Patient_265,Discharge,88507.69903652636,complete,,,,,,2210.7184197349707
Patient_266,Arrival,86485.23721035838,complete,,0.0,,,,
Patient_266,Origem_da Clinica Cirurgica,86485.23721035838,complete,,,da Clinica Cirurgica,86485.23721035838,,
Patient_266,CTI (CLIC),86485.23721035838,start,ctiBeds,0.0,,,,
Patient_266,CTI (CLIC),100452.82204981518,complete,ctiBeds,0.0,,,,
Patient_266,CTI prepara Encaminhamento,100452.82204981518,start,,0.0,,,,
Patient_266,CTI prepara Encaminhamento,100510.37047883908,complete,,0.0,,,,
Patient_266,Encaminha_Obito,100510.37047883908,complete,,,Obito,100510.37047883908,,
Patient_266,Discharge,100510.37047883908,complete,,,,,,14025.133268480698
Patient_267,Arrival,86891.27044040353,complete,,0.0,,,,
Patient_267,Origem_do Centro Cirurgico,86891.27044040353,complete,,,do Centro Cirurgico,86891.27044040353,,
Patient_267,CTI (CC),86891.27044040353,start,ctiBeds,0.0,,,,
Patient_267,CTI (CC),97043.29979160454,complete,ctiBeds,0.0,,,,
Patient_267,CTI prepara Encaminhamento,97043.29979160454,start,,0.0,,,,
Patient_267,CTI prepara Encaminhamento,97092.05873568468,complete,,0.0,,,,
Patient_267,Encaminha_Transferencia Externa,97092.05873568468,complete,,,Transferencia Externa,97092.05873568468,,
Patient_267,Discharge,97092.05873568468,complete,,,,,,10200.788295281149
Patient_268,Arrival,87507.65468605969,complete,,0.0,,,,
Patient_268,Origem_do Centro Cirurgico,87507.65468605969,complete,,,do Centro Cirurgico,87507.65468605969,,
Patient_268,CTI (CC),87507.65468605969,start,ctiBeds,0.0,,,,
Patient_268,CTI (CC),143024.48601780637,complete,ctiBeds,0.0,,,,
Patient_268,CTI prepara Encaminhamento,143024.48601780637,start,,0.0,,,,
Patient_268,CTI prepara Encaminhamento,143076.2606752585,complete,,0.0,,,,
Patient_268,Encaminha_para a Clinica Cirurgica,143076.2606752585,complete,,,para a Clinica Cirurgica,143076.2606752585,,
Patient_268,Discharge,143076.2606752585,complete,,,,,,55568.60598919881
Patient_269,Arrival,88415.25208078463,complete,,0.0,,,,
Patient_269,Origem_da Clinica Medica,88415.25208078463,complete,,,da Clinica Medica,88415.25208078463,,
Patient_269,CTI (CLIM),88415.25208078463,start,ctiBeds,0.0,,,,
Patient_269,CTI (CLIM),125706.56636543357,complete,ctiBeds,0.0,,,,
Patient_269,CTI prepara Encaminhamento,125706.56636543357,start,,0.0,,,,
Patient_269,CTI prepara Encaminhamento,125765.44568432526,complete,,0.0,,,,
Patient_269,Encaminha_para a Clinica Medica,125765.44568432526,complete,,,para a Clinica Medica,125765.44568432526,,
Patient_269,Discharge,125765.44568432526,complete,,,,,,37350.193603540625
Patient_27,Arrival,6849.984830992254,complete,,0.0,,,,
Patient_27,Origem_do Pronto Socorro,6849.984830992254,complete,,,do Pronto Socorro,6849.984830992254,,
Patient_27,CTI (PS),6849.984830992254,start,ctiBeds,0.0,,,,
Patient_27,CTI (PS),9060.650814727602,complete,ctiBeds,0.0,,,,
Patient_27,CTI prepara Encaminhamento,9060.650814727602,start,,0.0,,,,
Patient_27,CTI prepara Encaminhamento,9103.69873259426,complete,,0.0,,,,
Patient_27,Encaminha_para a Clinica Cirurgica,9103.69873259426,complete,,,para a Clinica Cirurgica,9103.69873259426,,
Patient_27,Discharge,9103.69873259426,complete,,,,,,2253.7139016020055
Patient_270,Arrival,88686.28864793792,complete,,0.0,,,,
Patient_270,Origem_do Pronto Socorro,88686.28864793792,complete,,,do Pronto Socorro,88686.28864793792,,
Patient_270,CTI (PS),88686.28864793792,start,ctiBeds,0.0,,,,
Patient_270,CTI (PS),92579.91752367864,complete,ctiBeds,0.0,,,,
Patient_270,CTI prepara Encaminhamento,92579.91752367864,start,,0.0,,,,
Patient_270,CTI prepara Encaminhamento,92639.26928424368,complete,,0.0,,,,
Patient_270,Encaminha_para a Clinica Cirurgica,92639.26928424368,complete,,,para a Clinica Cirurgica,92639.26928424368,,
Patient_270,Discharge,92639.26928424368,complete,,,,,,3952.980636305758
Patient_271,Arrival,89213.73590083809,complete,,0.0,,,,
Patient_271,Origem_do Pronto Socorro,89213.73590083809,complete,,,do Pronto Socorro,89213.73590083809,,
Patient_271,CTI (PS),89213.73590083809,start,ctiBeds,0.0,,,,
Patient_271,CTI (PS),89323.1202441258,complete,ctiBeds,0.0,,,,
Patient_271,CTI prepara Encaminhamento,89323.1202441258,start,,0.0,,,,
Patient_271,CTI prepara Encaminhamento,89354.25702443994,complete,,0.0,,,,
Patient_271,Encaminha_para a Clinica Cirurgica,89354.25702443994,complete,,,para a Clinica Cirurgica,89354.25702443994,,
Patient_271,Discharge,89354.25702443994,complete,,,,,,140.5211236018513
Patient_272,Arrival,90061.67174913989,complete,,0.0,,,,
Patient_272,Origem_do Centro Cirurgico,90061.67174913989,complete,,,do Centro Cirurgico,90061.67174913989,,
Patient_272,CTI (CC),90061.67174913989,start,ctiBeds,0.0,,,,
Patient_272,CTI (CC),93322.41123649292,complete,ctiBeds,0.0,,,,
Patient_272,CTI prepara Encaminhamento,93322.41123649292,start,,0.0,,,,
Patient_272,CTI prepara Encaminhamento,93363.93575233535,complete,,0.0,,,,
Patient_272,Encaminha_para a Clinica Cirurgica,93363.93575233535,complete,,,para a Clinica Cirurgica,93363.93575233535,,
Patient_272,Discharge,93363.93575233535,complete,,,,,,3302.264003195465
Patient_273,Arrival,90361.87136358087,complete,,0.0,,,,
Patient_273,Origem_da Clinica Medica,90361.87136358087,complete,,,da Clinica Medica,90361.87136358087,,
Patient_273,CTI (CLIM),90361.87136358087,start,ctiBeds,0.0,,,,
Patient_273,CTI (CLIM),95252.0126514729,complete,ctiBeds,0.0,,,,
Patient_273,CTI prepara Encaminhamento,95252.0126514729,start,,0.0,,,,
Patient_273,CTI prepara Encaminhamento,95307.32429104393,complete,,0.0,,,,
Patient_273,Encaminha_para a Clinica Medica,95307.32429104393,complete,,,para a Clinica Medica,95307.32429104393,,
Patient_273,Discharge,95307.32429104393,complete,,,,,,4945.452927463062
Patient_274,Arrival,91378.81666097004,complete,,0.0,,,,
Patient_274,Origem_do Pronto Socorro,91378.81666097004,complete,,,do Pronto Socorro,91378.81666097004,,
Patient_274,CTI (PS),91378.81666097004,start,ctiBeds,0.0,,,,
Patient_274,CTI (PS),109504.68965240249,complete,ctiBeds,0.0,,,,
Patient_274,CTI prepara Encaminhamento,109504.68965240249,start,,0.0,,,,
Patient_274,CTI prepara Encaminhamento,109554.95355570223,complete,,0.0,,,,
Patient_274,Encaminha_para a Clinica Medica,109554.95355570223,complete,,,para a Clinica Medica,109554.95355570223,,
Patient_274,Discharge,109554.95355570223,complete,,,,,,18176.13689473219
Patient_275,Arrival,91417.5194261341,complete,,0.0,,,,
Patient_275,Origem_do Centro Cirurgico,91417.5194261341,complete,,,do Centro Cirurgico,91417.5194261341,,
Patient_275,CTI (CC),91417.5194261341,start,ctiBeds,0.0,,,,
Patient_275,CTI (CC),97185.25383354907,complete,ctiBeds,0.0,,,,
Patient_275,CTI prepara Encaminhamento,97185.25383354907,start,,0.0,,,,
Patient_275,CTI prepara Encaminhamento,97231.75811746388,complete,,0.0,,,,
Patient_275,Encaminha_para a Clinica Cirurgica,97231.75811746388,complete,,,para a Clinica Cirurgica,97231.75811746388,,
Patient_275,Discharge,97231.75811746388,complete,,,,,,5814.238691329781
Patient_276,Arrival,91883.2831274069,complete,,0.0,,,,
Patient_276,Origem_do Centro Cirurgico,91883.2831274069,complete,,,do Centro Cirurgico,91883.2831274069,,
Patient_276,CTI (CC),91883.2831274069,start,ctiBeds,0.0,,,,
Patient_276,CTI (CC),118207.83602472034,complete,ctiBeds,0.0,,,,
Patient_276,CTI prepara Encaminhamento,118207.83602472034,start,,0.0,,,,
Patient_276,CTI prepara Encaminhamento,118250.24835309666,complete,,0.0,,,,
Patient_276,Encaminha_Obito,118250.24835309666,complete,,,Obito,118250.24835309666,,
Patient_276,Discharge,118250.24835309666,complete,,,,,,26366.965225689753
Patient_277,Arrival,91977.26521249156,complete,,0.0,,,,
Patient_277,Origem_do Pronto Socorro,91977.26521249156,complete,,,do Pronto Socorro,91977.26521249156,,
Patient_277,CTI (PS),91977.26521249156,start,ctiBeds,0.0,,,,
Patient_277,CTI (PS),93818.0695220256,complete,ctiBeds,0.0,,,,
Patient_277,CTI prepara Encaminhamento,93818.0695220256,start,,0.0,,,,
Patient_277,CTI prepara Encaminhamento,93864.03567473304,complete,,0.0,,,,
Patient_277,Encaminha_Obito,93864.03567473304,complete,,,Obito,93864.03567473304,,
Patient_277,Discharge,93864.03567473304,complete,,,,,,1886.770462241475
Patient_278,Arrival,92333.4427013203,complete,,0.0,,,,
Patient_278,Origem_da Clinica Medica,92333.4427013203,complete,,,da Clinica Medica,92333.4427013203,,
Patient_278,CTI (CLIM),92333.4427013203,start,ctiBeds,0.0,,,,
Patient_278,CTI (CLIM),96572.34671431052,complete,ctiBeds,0.0,,,,
Patient_278,CTI prepara Encaminhamento,96572.34671431052,start,,0.0,,,,
Patient_278,CTI prepara Encaminhamento,96620.16679547708,complete,,0.0,,,,
Patient_278,Encaminha_para a Clinica Cirurgica,96620.16679547708,complete,,,para a Clinica Cirurgica,96620.16679547708,,
Patient_278,Discharge,96620.16679547708,complete,,,,,,4286.724094156787
Patient_279,Arrival,92342.46892742309,complete,,0.0,,,,
Patient_279,Origem_do Pronto Socorro,92342.46892742309,complete,,,do Pronto Socorro,92342.46892742309,,
Patient_279,CTI (PS),92342.46892742309,start,ctiBeds,0.0,,,,
Patient_279,CTI (PS),95198.66389212938,complete,ctiBeds,0.0,,,,
Patient_279,CTI prepara Encaminhamento,95198.66389212938,start,,0.0,,,,
Patient_279,CTI prepara Encaminhamento,95247.53513886093,complete,,0.0,,,,
Patient_279,Encaminha_para a Clinica Medica,95247.53513886093,complete,,,para a Clinica Medica,95247.53513886093,,
Patient_279,Discharge,95247.53513886093,complete,,,,,,2905.0662114378356
Patient_28,Arrival,7818.004008230038,complete,,0.0,,,,
Patient_28,Origem_do Pronto Socorro,7818.004008230038,complete,,,do Pronto Socorro,7818.004008230038,,
Patient_28,CTI (PS),7818.004008230038,start,ctiBeds,0.0,,,,
Patient_28,CTI (PS),9069.170481595887,complete,ctiBeds,0.0,,,,
Patient_28,CTI prepara Encaminhamento,9069.170481595887,start,,0.0,,,,
Patient_28,CTI prepara Encaminhamento,9111.961842371727,complete,,0.0,,,,
Patient_28,Encaminha_para a Clinica Medica,9111.961842371727,complete,,,para a Clinica Medica,9111.961842371727,,
Patient_28,Discharge,9111.961842371727,complete,,,,,,1293.957834141689
Patient_280,Arrival,92713.0795331146,complete,,0.0,,,,
Patient_280,Origem_do Centro Cirurgico,92713.0795331146,complete,,,do Centro Cirurgico,92713.0795331146,,
Patient_280,CTI (CC),92713.0795331146,start,ctiBeds,0.0,,,,
Patient_280,CTI (CC),97067.24930964201,complete,ctiBeds,0.0,,,,
Patient_280,CTI prepara Encaminhamento,97067.24930964201,start,,0.0,,,,
Patient_280,CTI prepara Encaminhamento,97101.72484669583,complete,,0.0,,,,
Patient_280,Encaminha_para a Clinica Cirurgica,97101.72484669583,complete,,,para a Clinica Cirurgica,97101.72484669583,,
Patient_280,Discharge,97101.72484669583,complete,,,,,,4388.6453135812335
Patient_281,Arrival,92763.25307714577,complete,,0.0,,,,
Patient_281,Origem_do Centro Cirurgico,92763.25307714577,complete,,,do Centro Cirurgico,92763.25307714577,,
Patient_281,CTI (CC),92763.25307714577,start,ctiBeds,0.0,,,,
Patient_281,CTI (CC),100709.25355645026,complete,ctiBeds,0.0,,,,
Patient_281,CTI prepara Encaminhamento,100709.25355645026,start,,0.0,,,,
Patient_281,CTI prepara Encaminhamento,100763.60282160163,complete,,0.0,,,,
Patient_281,Encaminha_para a Clinica Medica,100763.60282160163,complete,,,para a Clinica Medica,100763.60282160163,,
Patient_281,Discharge,100763.60282160163,complete,,,,,,8000.34974445586
Patient_282,Arrival,93570.87223501629,complete,,0.0,,,,
Patient_282,Origem_da Clinica Medica,93570.87223501629,complete,,,da Clinica Medica,93570.87223501629,,
Patient_282,CTI (CLIM),93570.87223501629,start,ctiBeds,0.0,,,,
Patient_282,CTI (CLIM),98205.28344198776,complete,ctiBeds,0.0,,,,
Patient_282,CTI prepara Encaminhamento,98205.28344198776,start,,0.0,,,,
Patient_282,CTI prepara Encaminhamento,98237.3164666377,complete,,0.0,,,,
Patient_282,Encaminha_Obito,98237.3164666377,complete,,,Obito,98237.3164666377,,
Patient_282,Discharge,98237.3164666377,complete,,,,,,4666.444231621412
Patient_283,Arrival,93686.34447997718,complete,,0.0,,,,
Patient_283,Origem_da Maternidade,93686.34447997718,complete,,,da Maternidade,93686.34447997718,,
Patient_283,CTI (MAT),93686.34447997718,start,ctiBeds,0.0,,,,
Patient_283,CTI (MAT),95909.28443097202,complete,ctiBeds,0.0,,,,
Patient_283,CTI prepara Encaminhamento,95909.28443097202,start,,0.0,,,,
Patient_283,CTI prepara Encaminhamento,95962.0657134559,complete,,0.0,,,,
Patient_283,Encaminha_para a Clinica Cirurgica,95962.0657134559,complete,,,para a Clinica Cirurgica,95962.0657134559,,
Patient_283,Discharge,95962.0657134559,complete,,,,,,2275.721233478718
Patient_284,Arrival,93951.64406966936,complete,,0.0,,,,
Patient_284,Origem_do Pronto Socorro,93951.64406966936,complete,,,do Pronto Socorro,93951.64406966936,,
Patient_284,CTI (PS),93951.64406966936,start,ctiBeds,0.0,,,,
Patient_284,CTI (PS),128955.97309727203,complete,ctiBeds,0.0,,,,
Patient_284,CTI prepara Encaminhamento,128955.97309727203,start,,0.0,,,,
Patient_284,CTI prepara Encaminhamento,128988.50160924978,complete,,0.0,,,,
Patient_284,Encaminha_Obito,128988.50160924978,complete,,,Obito,128988.50160924978,,
Patient_284,Discharge,128988.50160924978,complete,,,,,,35036.85753958042
Patient_285,Arrival,94938.51885626721,complete,,0.0,,,,
Patient_285,Origem_do Pronto Socorro,94938.51885626721,complete,,,do Pronto Socorro,94938.51885626721,,
Patient_285,CTI (PS),94938.51885626721,start,ctiBeds,0.0,,,,
Patient_285,CTI (PS),102746.2430203028,complete,ctiBeds,0.0,,,,
Patient_285,CTI prepara Encaminhamento,102746.2430203028,start,,0.0,,,,
Patient_285,CTI prepara Encaminhamento,102788.61523794424,complete,,0.0,,,,
Patient_285,Encaminha_para a Clinica Medica,102788.61523794424,complete,,,para a Clinica Medica,102788.61523794424,,
Patient_285,Discharge,102788.61523794424,complete,,,,,,7850.096381677024
Patient_286,Arrival,95279.39624291065,complete,,0.0,,,,
Patient_286,Origem_da Clinica Medica,95279.39624291065,complete,,,da Clinica Medica,95279.39624291065,,
Patient_286,CTI (CLIM),95279.39624291065,start,ctiBeds,0.0,,,,
Patient_286,CTI (CLIM),99543.70684220591,complete,ctiBeds,0.0,,,,
Patient_286,CTI prepara Encaminhamento,99543.70684220591,start,,0.0,,,,
Patient_286,CTI prepara Encaminhamento,99600.84975701667,complete,,0.0,,,,
Patient_286,Encaminha_para a Clinica Cirurgica,99600.84975701667,complete,,,para a Clinica Cirurgica,99600.84975701667,,
Patient_286,Discharge,99600.84975701667,complete,,,,,,4321.453514106019
Patient_287,Arrival,95895.55807988835,complete,,0.0,,,,
Patient_287,Origem_do Pronto Socorro,95895.55807988835,complete,,,do Pronto Socorro,95895.55807988835,,
Patient_287,CTI (PS),95895.55807988835,start,ctiBeds,0.0,,,,
Patient_287,CTI (PS),100001.23030589502,complete,ctiBeds,0.0,,,,
Patient_287,CTI prepara Encaminhamento,100001.23030589502,start,,0.0,,,,
Patient_287,CTI prepara Encaminhamento,100044.90044846514,complete,,0.0,,,,
Patient_287,Encaminha_para a Clinica Medica,100044.90044846514,complete,,,para a Clinica Medica,100044.90044846514,,
Patient_287,Discharge,100044.90044846514,complete,,,,,,4149.342368576792
Patient_288,Arrival,96007.78081849916,complete,,0.0,,,,
Patient_288,Origem_do Pronto Socorro,96007.78081849916,complete,,,do Pronto Socorro,96007.78081849916,,
Patient_288,CTI (PS),96007.78081849916,start,ctiBeds,0.0,,,,
Patient_288,CTI (PS),100402.42313616998,complete,ctiBeds,0.0,,,,
Patient_288,CTI prepara Encaminhamento,100402.42313616998,start,,0.0,,,,
Patient_288,CTI prepara Encaminhamento,100456.92775361722,complete,,0.0,,,,
Patient_288,Encaminha_para a Clinica Cirurgica,100456.92775361722,complete,,,para a Clinica Cirurgica,100456.92775361722,,
Patient_288,Discharge,100456.92775361722,complete,,,,,,4449.146935118057
Patient_289,Arrival,96240.64113809091,complete,,0.0,,,,
Patient_289,Origem_do Pronto Socorro,96240.64113809091,complete,,,do Pronto Socorro,96240.64113809091,,
Patient_289,CTI (PS),96240.64113809091,start,ctiBeds,0.0,,,,
Patient_289,CTI (PS),117372.88612660363,complete,ctiBeds,0.0,,,,
Patient_289,CTI prepara Encaminhamento,117372.88612660363,start,,0.0,,,,
Patient_289,CTI prepara Encaminhamento,117404.32545530231,complete,,0.0,,,,
Patient_289,Encaminha_para a Clinica Medica,117404.32545530231,complete,,,para a Clinica Medica,117404.32545530231,,
Patient_289,Discharge,117404.32545530231,complete,,,,,,21163.684317211402
Patient_29,Arrival,8084.997470469187,complete,,0.0,,,,
Patient_29,Origem_do Centro Cirurgico,8084.997470469187,complete,,,do Centro Cirurgico,8084.997470469187,,
Patient_29,CTI (CC),8084.997470469187,start,ctiBeds,0.0,,,,
Patient_29,CTI (CC),16512.16450783311,complete,ctiBeds,0.0,,,,
Patient_29,CTI prepara Encaminhamento,16512.16450783311,start,,0.0,,,,
Patient_29,CTI prepara Encaminhamento,16550.763517793876,complete,,0.0,,,,
Patient_29,Encaminha_para a Clinica Medica,16550.763517793876,complete,,,para a Clinica Medica,16550.763517793876,,
Patient_29,Discharge,16550.763517793876,complete,,,,,,8465.766047324689
Patient_290,Arrival,96326.82188373266,complete,,0.0,,,,
Patient_290,Origem_do Centro Cirurgico,96326.82188373266,complete,,,do Centro Cirurgico,96326.82188373266,,
Patient_290,CTI (CC),96326.82188373266,start,ctiBeds,0.0,,,,
Patient_290,CTI (CC),99127.16072990204,complete,ctiBeds,0.0,,,,
Patient_290,CTI prepara Encaminhamento,99127.16072990204,start,,0.0,,,,
Patient_290,CTI prepara Encaminhamento,99171.76379787215,complete,,0.0,,,,
Patient_290,Encaminha_para a Clinica Cirurgica,99171.76379787215,complete,,,para a Clinica Cirurgica,99171.76379787215,,
Patient_290,Discharge,99171.76379787215,complete,,,,,,2844.94191413949
Patient_291,Arrival,96796.05457294437,complete,,0.0,,,,
Patient_291,Origem_do Centro Cirurgico,96796.05457294437,complete,,,do Centro Cirurgico,96796.05457294437,,
Patient_291,CTI (CC),96796.05457294437,start,ctiBeds,0.0,,,,
Patient_291,CTI (CC),105316.69961690115,complete,ctiBeds,0.0,,,,
Patient_291,CTI prepara Encaminhamento,105316.69961690115,start,,0.0,,,,
Patient_291,CTI prepara Encaminhamento,105373.31833646756,complete,,0.0,,,,
Patient_291,Encaminha_para a Clinica Medica,105373.31833646756,complete,,,para a Clinica Medica,105373.31833646756,,
Patient_291,Discharge,105373.31833646756,complete,,,,,,8577.263763523195
Patient_292,Arrival,96798.95119022133,complete,,0.0,,,,
Patient_292,Origem_do Pronto Socorro,96798.95119022133,complete,,,do Pronto Socorro,96798.95119022133,,
Patient_292,CTI (PS),96798.95119022133,start,ctiBeds,0.0,,,,
Patient_292,CTI (PS),108789.50055158786,complete,ctiBeds,0.0,,,,
Patient_292,CTI prepara Encaminhamento,108789.50055158786,start,,0.0,,,,
Patient_292,CTI prepara Encaminhamento,108820.98499747153,complete,,0.0,,,,
Patient_292,Encaminha_para a Clinica Cirurgica,108820.98499747153,complete,,,para a Clinica Cirurgica,108820.98499747153,,
Patient_292,Discharge,108820.98499747153,complete,,,,,,12022.033807250205
Patient_293,Arrival,96924.6494203694,complete,,0.0,,,,
Patient_293,Origem_do Centro Cirurgico,96924.6494203694,complete,,,do Centro Cirurgico,96924.6494203694,,
Patient_293,CTI (CC),96924.6494203694,start,ctiBeds,0.0,,,,
Patient_293,CTI (CC),106944.68621882483,complete,ctiBeds,0.0,,,,
Patient_293,CTI prepara Encaminhamento,106944.68621882483,start,,0.0,,,,
Patient_293,CTI prepara Encaminhamento,106983.78936953201,complete,,0.0,,,,
Patient_293,Encaminha_Transferencia Externa,106983.78936953201,complete,,,Transferencia Externa,106983.78936953201,,
Patient_293,Discharge,106983.78936953201,complete,,,,,,10059.139949162607
Patient_294,Arrival,97701.35140953082,complete,,0.0,,,,
Patient_294,Origem_do Pronto Socorro,97701.35140953082,complete,,,do Pronto Socorro,97701.35140953082,,
Patient_294,CTI (PS),97701.35140953082,start,ctiBeds,0.0,,,,
Patient_294,CTI (PS),99875.6228376753,complete,ctiBeds,0.0,,,,
Patient_294,CTI prepara Encaminhamento,99875.6228376753,start,,0.0,,,,
Patient_294,CTI prepara Encaminhamento,99919.11154459137,complete,,0.0,,,,
Patient_294,Encaminha_para a Clinica Medica,99919.11154459137,complete,,,para a Clinica Medica,99919.11154459137,,
Patient_294,Discharge,99919.11154459137,complete,,,,,,2217.7601350605546
Patient_295,Arrival,97781.68444162485,complete,,0.0,,,,
Patient_295,Origem_do Pronto Socorro,97781.68444162485,complete,,,do Pronto Socorro,97781.68444162485,,
Patient_295,CTI (PS),97781.68444162485,start,ctiBeds,0.0,,,,
Patient_295,CTI (PS),112432.81043575527,complete,ctiBeds,0.0,,,,
Patient_295,CTI prepara Encaminhamento,112432.81043575527,start,,0.0,,,,
Patient_295,CTI prepara Encaminhamento,112467.97103753428,complete,,0.0,,,,
Patient_295,Encaminha_Obito,112467.97103753428,complete,,,Obito,112467.97103753428,,
Patient_295,Discharge,112467.97103753428,complete,,,,,,14686.286595909434
Patient_296,Arrival,97979.66929056992,complete,,0.0,,,,
Patient_296,Origem_do Centro Cirurgico,97979.66929056992,complete,,,do Centro Cirurgico,97979.66929056992,,
Patient_296,CTI (CC),97979.66929056992,start,ctiBeds,0.0,,,,
Patient_296,CTI (CC),98925.57911442216,complete,ctiBeds,0.0,,,,
Patient_296,CTI prepara Encaminhamento,98925.57911442216,start,,0.0,,,,
Patient_296,CTI prepara Encaminhamento,98961.00317998177,complete,,0.0,,,,
Patient_296,Encaminha_para a Clinica Medica,98961.00317998177,complete,,,para a Clinica Medica,98961.00317998177,,
Patient_296,Discharge,98961.00317998177,complete,,,,,,981.3338894118497
Patient_297,Arrival,98160.34732407189,complete,,0.0,,,,
Patient_297,Origem_da Clinica Medica,98160.34732407189,complete,,,da Clinica Medica,98160.34732407189,,
Patient_297,CTI (CLIM),98160.34732407189,start,ctiBeds,0.0,,,,
Patient_297,CTI (CLIM),105725.85132561736,complete,ctiBeds,0.0,,,,
Patient_297,CTI prepara Encaminhamento,105725.85132561736,start,,0.0,,,,
Patient_297,CTI prepara Encaminhamento,105767.17707084998,complete,,0.0,,,,
Patient_297,Encaminha_para a Clinica Cirurgica,105767.17707084998,complete,,,para a Clinica Cirurgica,105767.17707084998,,
Patient_297,Discharge,105767.17707084998,complete,,,,,,7606.829746778094
Patient_298,Arrival,98192.40139696158,complete,,0.0,,,,
Patient_298,Origem_do Pronto Socorro,98192.40139696158,complete,,,do Pronto Socorro,98192.40139696158,,
Patient_298,CTI (PS),98192.40139696158,start,ctiBeds,0.0,,,,
Patient_298,CTI (PS),108828.84329416815,complete,ctiBeds,0.0,,,,
Patient_298,CTI prepara Encaminhamento,108828.84329416815,start,,0.0,,,,
Patient_298,CTI prepara Encaminhamento,108880.54385226396,complete,,0.0,,,,
Patient_298,Encaminha_Obito,108880.54385226396,complete,,,Obito,108880.54385226396,,
Patient_298,Discharge,108880.54385226396,complete,,,,,,10688.142455302383
Patient_299,Arrival,98261.85378823921,complete,,0.0,,,,
Patient_299,Origem_do Centro Cirurgico,98261.85378823921,complete,,,do Centro Cirurgico,98261.85378823921,,
Patient_299,CTI (CC),98261.85378823921,start,ctiBeds,0.0,,,,
Patient_299,CTI (CC),102706.06334870732,complete,ctiBeds,0.0,,,,
Patient_299,CTI prepara Encaminhamento,102706.06334870732,start,,0.0,,,,
Patient_299,CTI prepara Encaminhamento,102757.90322594777,complete,,0.0,,,,
Patient_299,Encaminha_Obito,102757.90322594777,complete,,,Obito,102757.90322594777,,
Patient_299,Discharge,102757.90322594777,complete,,,,,,4496.049437708556
Patient_3,Arrival,170.66249734041133,complete,,0.0,,,,
Patient_3,Origem_do Pronto Socorro,170.66249734041133,complete,,,do Pronto Socorro,170.66249734041133,,
Patient_3,CTI (PS),170.66249734041133,start,ctiBeds,0.0,,,,
Patient_3,CTI (PS),7092.050160745545,complete,ctiBeds,0.0,,,,
Patient_3,CTI prepara Encaminhamento,7092.050160745545,start,,0.0,,,,
Patient_3,CTI prepara Encaminhamento,7130.052597293885,complete,,0.0,,,,
Patient_3,Encaminha_para a Clinica Medica,7130.052597293885,complete,,,para a Clinica Medica,7130.052597293885,,
Patient_3,Discharge,7130.052597293885,complete,,,,,,6959.3900999534735
Patient_30,Arrival,8122.073242375033,complete,,0.0,,,,
Patient_30,Origem_do Pronto Socorro,8122.073242375033,complete,,,do Pronto Socorro,8122.073242375033,,
Patient_30,CTI (PS),8122.073242375033,start,ctiBeds,0.0,,,,
Patient_30,CTI (PS),42369.280899155325,complete,ctiBeds,0.0,,,,
Patient_30,CTI prepara Encaminhamento,42369.280899155325,start,,0.0,,,,
Patient_30,CTI prepara Encaminhamento,42411.20625356647,complete,,0.0,,,,
Patient_30,Encaminha_para a Clinica Medica,42411.20625356647,complete,,,para a Clinica Medica,42411.20625356647,,
Patient_30,Discharge,42411.20625356647,complete,,,,,,34289.13301119144
Patient_300,Arrival,98424.81715504875,complete,,0.0,,,,
Patient_300,Origem_do Centro Cirurgico,98424.81715504875,complete,,,do Centro Cirurgico,98424.81715504875,,
Patient_300,CTI (CC),98424.81715504875,start,ctiBeds,0.0,,,,
Patient_300,CTI (CC),123568.4577749399,complete,ctiBeds,0.0,,,,
Patient_300,CTI prepara Encaminhamento,123568.4577749399,start,,0.0,,,,
Patient_300,CTI prepara Encaminhamento,123612.286839911,complete,,0.0,,,,
Patient_300,Encaminha_para a Clinica Cirurgica,123612.286839911,complete,,,para a Clinica Cirurgica,123612.286839911,,
Patient_300,Discharge,123612.286839911,complete,,,,,,25187.469684862255
Patient_301,Arrival,98530.74668255124,complete,,0.0,,,,
Patient_301,Origem_do Centro Cirurgico,98530.74668255124,complete,,,do Centro Cirurgico,98530.74668255124,,
Patient_301,CTI (CC),98530.74668255124,start,ctiBeds,0.0,,,,
Patient_301,CTI (CC),100246.44598072587,complete,ctiBeds,0.0,,,,
Patient_301,CTI prepara Encaminhamento,100246.44598072587,start,,0.0,,,,
Patient_301,CTI prepara Encaminhamento,100301.9659558132,complete,,0.0,,,,
Patient_301,Encaminha_para a Clinica Cirurgica,100301.9659558132,complete,,,para a Clinica Cirurgica,100301.9659558132,,
Patient_301,Discharge,100301.9659558132,complete,,,,,,1771.2192732619587
Patient_302,Arrival,99023.32244491119,complete,,0.0,,,,
Patient_302,Origem_do Pronto Socorro,99023.32244491119,complete,,,do Pronto Socorro,99023.32244491119,,
Patient_302,CTI (PS),99023.32244491119,start,ctiBeds,0.0,,,,
Patient_302,CTI (PS),110969.24407708249,complete,ctiBeds,0.0,,,,
Patient_302,CTI prepara Encaminhamento,110969.24407708249,start,,0.0,,,,
Patient_302,CTI prepara Encaminhamento,111011.90320411934,complete,,0.0,,,,
Patient_302,Encaminha_para a Clinica Cirurgica,111011.90320411934,complete,,,para a Clinica Cirurgica,111011.90320411934,,
Patient_302,Discharge,111011.90320411934,complete,,,,,,11988.580759208155
Patient_303,Arrival,99571.59586793237,complete,,0.0,,,,
Patient_303,Origem_do Pronto Socorro,99571.59586793237,complete,,,do Pronto Socorro,99571.59586793237,,
Patient_303,CTI (PS),99571.59586793237,start,ctiBeds,0.0,,,,
Patient_303,CTI (PS),107605.36404566729,complete,ctiBeds,0.0,,,,
Patient_303,CTI prepara Encaminhamento,107605.36404566729,start,,0.0,,,,
Patient_303,CTI prepara Encaminhamento,107658.10929340246,complete,,0.0,,,,
Patient_303,Encaminha_Obito,107658.10929340246,complete,,,Obito,107658.10929340246,,
Patient_303,Discharge,107658.10929340246,complete,,,,,,8086.513425470097
Patient_304,Arrival,99786.25376902313,complete,,0.0,,,,
Patient_304,Origem_do Pronto Socorro,99786.25376902313,complete,,,do Pronto Socorro,99786.25376902313,,
Patient_304,CTI (PS),99786.25376902313,start,ctiBeds,0.0,,,,
Patient_304,CTI (PS),107760.19437408823,complete,ctiBeds,0.0,,,,
Patient_304,CTI prepara Encaminhamento,107760.19437408823,start,,0.0,,,,
Patient_304,CTI prepara Encaminhamento,107810.37471518136,complete,,0.0,,,,
Patient_304,Encaminha_para a Clinica Medica,107810.37471518136,complete,,,para a Clinica Medica,107810.37471518136,,
Patient_304,Discharge,107810.37471518136,complete,,,,,,8024.120946158233
Patient_305,Arrival,100183.80568463568,complete,,0.0,,,,
Patient_305,Origem_do Pronto Socorro,100183.80568463568,complete,,,do Pronto Socorro,100183.80568463568,,
Patient_305,CTI (PS),100183.80568463568,start,ctiBeds,0.0,,,,
Patient_305,CTI (PS),131402.93151237274,complete,ctiBeds,0.0,,,,
Patient_305,CTI prepara Encaminhamento,131402.93151237274,start,,0.0,,,,
Patient_305,CTI prepara Encaminhamento,131453.8440494304,complete,,0.0,,,,
Patient_305,Encaminha_para a Clinica Medica,131453.8440494304,complete,,,para a Clinica Medica,131453.8440494304,,
Patient_305,Discharge,131453.8440494304,complete,,,,,,31270.038364794716
Patient_306,Arrival,100501.33690838062,complete,,0.0,,,,
Patient_306,Origem_do Pronto Socorro,100501.33690838062,complete,,,do Pronto Socorro,100501.33690838062,,
Patient_306,CTI (PS),100501.33690838062,start,ctiBeds,0.0,,,,
Patient_306,CTI (PS),100832.22700617836,complete,ctiBeds,0.0,,,,
Patient_306,CTI prepara Encaminhamento,100832.22700617836,start,,0.0,,,,
Patient_306,CTI prepara Encaminhamento,100880.46684004656,complete,,0.0,,,,
Patient_306,Encaminha_para a Clinica Medica,100880.46684004656,complete,,,para a Clinica Medica,100880.46684004656,,
Patient_306,Discharge,100880.46684004656,complete,,,,,,379.1299316659424
Patient_307,Arrival,100672.0073031728,complete,,0.0,,,,
Patient_307,Origem_da Clinica Medica,100672.0073031728,complete,,,da Clinica Medica,100672.0073031728,,
Patient_307,CTI (CLIM),100672.0073031728,start,ctiBeds,0.0,,,,
Patient_307,CTI (CLIM),106115.76573488595,complete,ctiBeds,0.0,,,,
Patient_307,CTI prepara Encaminhamento,106115.76573488595,start,,0.0,,,,
Patient_307,CTI prepara Encaminhamento,106173.52050283158,complete,,0.0,,,,
Patient_307,Encaminha_para a Clinica Medica,106173.52050283158,complete,,,para a Clinica Medica,106173.52050283158,,
Patient_307,Discharge,106173.52050283158,complete,,,,,,5501.513199658788
Patient_308,Arrival,100695.04745833081,complete,,0.0,,,,
Patient_308,Origem_do Pronto Socorro,100695.04745833081,complete,,,do Pronto Socorro,100695.04745833081,,
Patient_308,CTI (PS),100695.04745833081,start,ctiBeds,0.0,,,,
Patient_308,CTI (PS),109148.63854678924,complete,ctiBeds,0.0,,,,
Patient_308,CTI prepara Encaminhamento,109148.63854678924,start,,0.0,,,,
Patient_308,CTI prepara Encaminhamento,109194.11393177205,complete,,0.0,,,,
Patient_308,Encaminha_para a Clinica Medica,109194.11393177205,complete,,,para a Clinica Medica,109194.11393177205,,
Patient_308,Discharge,109194.11393177205,complete,,,,,,8499.066473441242
Patient_309,Arrival,101405.32258098823,complete,,0.0,,,,
Patient_309,Origem_do Pronto Socorro,101405.32258098823,complete,,,do Pronto Socorro,101405.32258098823,,
Patient_309,CTI (PS),101405.32258098823,start,ctiBeds,0.0,,,,
Patient_309,CTI (PS),113051.51207693687,complete,ctiBeds,0.0,,,,
Patient_309,CTI prepara Encaminhamento,113051.51207693687,start,,0.0,,,,
Patient_309,CTI prepara Encaminhamento,113092.57252645525,complete,,0.0,,,,
Patient_309,Encaminha_para a Clinica Cirurgica,113092.57252645525,complete,,,para a Clinica Cirurgica,113092.57252645525,,
Patient_309,Discharge,113092.57252645525,complete,,,,,,11687.249945467018
Patient_31,Arrival,8318.640733535723,complete,,0.0,,,,
Patient_31,Origem_do Pronto Socorro,8318.640733535723,complete,,,do Pronto Socorro,8318.640733535723,,
Patient_31,CTI (PS),8318.640733535723,start,ctiBeds,0.0,,,,
Patient_31,CTI (PS),32339.800603372285,complete,ctiBeds,0.0,,,,
Patient_31,CTI prepara Encaminhamento,32339.800603372285,start,,0.0,,,,
Patient_31,CTI prepara Encaminhamento,32392.635355034916,complete,,0.0,,,,
Patient_31,Encaminha_para a Clinica Medica,32392.635355034916,complete,,,para a Clinica Medica,32392.635355034916,,
Patient_31,Discharge,32392.635355034916,complete,,,,,,24073.994621499194
Patient_310,Arrival,101749.14724815598,complete,,0.0,,,,
Patient_310,Origem_do Pronto Socorro,101749.14724815598,complete,,,do Pronto Socorro,101749.14724815598,,
Patient_310,CTI (PS),101749.14724815598,start,ctiBeds,0.0,,,,
Patient_310,CTI (PS),107072.59435810975,complete,ctiBeds,0.0,,,,
Patient_310,CTI prepara Encaminhamento,107072.59435810975,start,,0.0,,,,
Patient_310,CTI prepara Encaminhamento,107124.2805044945,complete,,0.0,,,,
Patient_310,Encaminha_para a Clinica Medica,107124.2805044945,complete,,,para a Clinica Medica,107124.2805044945,,
Patient_310,Discharge,107124.2805044945,complete,,,,,,5375.133256338522
Patient_311,Arrival,102012.18452269679,complete,,0.0,,,,
Patient_311,Origem_do Pronto Socorro,102012.18452269679,complete,,,do Pronto Socorro,102012.18452269679,,
Patient_311,CTI (PS),102012.18452269679,start,ctiBeds,0.0,,,,
Patient_311,CTI (PS),104705.71069520853,complete,ctiBeds,0.0,,,,
Patient_311,CTI prepara Encaminhamento,104705.71069520853,start,,0.0,,,,
Patient_311,CTI prepara Encaminhamento,104760.46113733221,complete,,0.0,,,,
Patient_311,Encaminha_Obito,104760.46113733221,complete,,,Obito,104760.46113733221,,
Patient_311,Discharge,104760.46113733221,complete,,,,,,2748.276614635426
Patient_312,Arrival,102680.1822719877,complete,,0.0,,,,
Patient_312,Origem_do Centro Cirurgico,102680.1822719877,complete,,,do Centro Cirurgico,102680.1822719877,,
Patient_312,CTI (CC),102680.1822719877,start,ctiBeds,0.0,,,,
Patient_312,CTI (CC),113895.6773591863,complete,ctiBeds,0.0,,,,
Patient_312,CTI prepara Encaminhamento,113895.6773591863,start,,0.0,,,,
Patient_312,CTI prepara Encaminhamento,113927.45425406202,complete,,0.0,,,,
Patient_312,Encaminha_para a Clinica Cirurgica,113927.45425406202,complete,,,para a Clinica Cirurgica,113927.45425406202,,
Patient_312,Discharge,113927.45425406202,complete,,,,,,11247.271982074322
Patient_313,Arrival,102827.59721566865,complete,,0.0,,,,
Patient_313,Origem_do Pronto Socorro,102827.59721566865,complete,,,do Pronto Socorro,102827.59721566865,,
Patient_313,CTI (PS),102827.59721566865,start,ctiBeds,0.0,,,,
Patient_313,CTI (PS),109009.55070521879,complete,ctiBeds,0.0,,,,
Patient_313,CTI prepara Encaminhamento,109009.55070521879,start,,0.0,,,,
Patient_313,CTI prepara Encaminhamento,109041.98868979486,complete,,0.0,,,,
Patient_313,Encaminha_para a Clinica Cirurgica,109041.98868979486,complete,,,para a Clinica Cirurgica,109041.98868979486,,
Patient_313,Discharge,109041.98868979486,complete,,,,,,6214.391474126212
Patient_314,Arrival,103272.20737685998,complete,,0.0,,,,
Patient_314,Origem_da Clinica Cirurgica,103272.20737685998,complete,,,da Clinica Cirurgica,103272.20737685998,,
Patient_314,CTI (CLIC),103272.20737685998,start,ctiBeds,0.0,,,,
Patient_314,CTI (CLIC),119874.67261234672,complete,ctiBeds,0.0,,,,
Patient_314,CTI prepara Encaminhamento,119874.67261234672,start,,0.0,,,,
Patient_314,CTI prepara Encaminhamento,119921.93789553706,complete,,0.0,,,,
Patient_314,Encaminha_Transferencia Externa,119921.93789553706,complete,,,Transferencia Externa,119921.93789553706,,
Patient_314,Discharge,119921.93789553706,complete,,,,,,16649.730518677083
Patient_315,Arrival,103676.87664491199,complete,,0.0,,,,
Patient_315,Origem_do Pronto Socorro,103676.87664491199,complete,,,do Pronto Socorro,103676.87664491199,,
Patient_315,CTI (PS),103676.87664491199,start,ctiBeds,0.0,,,,
Patient_315,CTI (PS),119360.55377624952,complete,ctiBeds,0.0,,,,
Patient_315,CTI prepara Encaminhamento,119360.55377624952,start,,0.0,,,,
Patient_315,CTI prepara Encaminhamento,119393.26451349084,complete,,0.0,,,,
Patient_315,Encaminha_para a Clinica Medica,119393.26451349084,complete,,,para a Clinica Medica,119393.26451349084,,
Patient_315,Discharge,119393.26451349084,complete,,,,,,15716.387868578851
Patient_316,Arrival,103941.38916586369,complete,,0.0,,,,
Patient_316,Origem_do Pronto Socorro,103941.38916586369,complete,,,do Pronto Socorro,103941.38916586369,,
Patient_316,CTI (PS),103941.38916586369,start,ctiBeds,0.0,,,,
Patient_316,CTI (PS),120332.19571143005,complete,ctiBeds,0.0,,,,
Patient_316,CTI prepara Encaminhamento,120332.19571143005,start,,0.0,,,,
Patient_316,CTI prepara Encaminhamento,120381.83748221947,complete,,0.0,,,,
Patient_316,Encaminha_para a Clinica Medica,120381.83748221947,complete,,,para a Clinica Medica,120381.83748221947,,
Patient_316,Discharge,120381.83748221947,complete,,,,,,16440.44831635579
Patient_317,Arrival,104364.00269023232,complete,,0.0,,,,
Patient_317,Origem_do Pronto Socorro,104364.00269023232,complete,,,do Pronto Socorro,104364.00269023232,,
Patient_317,CTI (PS),104364.00269023232,start,ctiBeds,0.0,,,,
Patient_317,CTI (PS),112309.34876096049,complete,ctiBeds,0.0,,,,
Patient_317,CTI prepara Encaminhamento,112309.34876096049,start,,0.0,,,,
Patient_317,CTI prepara Encaminhamento,112347.54733697127,complete,,0.0,,,,
Patient_317,Encaminha_para a Clinica Medica,112347.54733697127,complete,,,para a Clinica Medica,112347.54733697127,,
Patient_317,Discharge,112347.54733697127,complete,,,,,,7983.544646738956
Patient_318,Arrival,104695.95360974509,complete,,0.0,,,,
Patient_318,Origem_do Pronto Socorro,104695.95360974509,complete,,,do Pronto Socorro,104695.95360974509,,
Patient_318,CTI (PS),104695.95360974509,start,ctiBeds,0.0,,,,
Patient_318,CTI (PS),140632.59032807662,complete,ctiBeds,0.0,,,,
Patient_318,CTI prepara Encaminhamento,140632.59032807662,start,,0.0,,,,
Patient_318,CTI prepara Encaminhamento,140670.05618244957,complete,,0.0,,,,
Patient_318,Encaminha_para a Clinica Medica,140670.05618244957,complete,,,para a Clinica Medica,140670.05618244957,,
Patient_318,Discharge,140670.05618244957,complete,,,,,,35974.102572704476
Patient_319,Arrival,104967.04550558288,complete,,0.0,,,,
Patient_319,Origem_do Pronto Socorro,104967.04550558288,complete,,,do Pronto Socorro,104967.04550558288,,
Patient_319,CTI (PS),104967.04550558288,start,ctiBeds,0.0,,,,
Patient_319,CTI (PS),129014.65012760999,complete,ctiBeds,0.0,,,,
Patient_319,CTI prepara Encaminhamento,129014.65012760999,start,,0.0,,,,
Patient_319,CTI prepara Encaminhamento,129054.08965733273,complete,,0.0,,,,
Patient_319,Encaminha_Obito,129054.08965733273,complete,,,Obito,129054.08965733273,,
Patient_319,Discharge,129054.08965733273,complete,,,,,,24087.044151749855
Patient_32,Arrival,8457.897150366123,complete,,0.0,,,,
Patient_32,Origem_do Pronto Socorro,8457.897150366123,complete,,,do Pronto Socorro,8457.897150366123,,
Patient_32,CTI (PS),8457.897150366123,start,ctiBeds,0.0,,,,
Patient_32,CTI (PS),26531.87545756283,complete,ctiBeds,0.0,,,,
Patient_32,CTI prepara Encaminhamento,26531.87545756283,start,,0.0,,,,
Patient_32,CTI prepara Encaminhamento,26565.391030498613,complete,,0.0,,,,
Patient_32,Encaminha_para a Clinica Medica,26565.391030498613,complete,,,para a Clinica Medica,26565.391030498613,,
Patient_32,Discharge,26565.391030498613,complete,,,,,,18107.49388013249
Patient_320,Arrival,105015.29231602968,complete,,0.0,,,,
Patient_320,Origem_do Pronto Socorro,105015.29231602968,complete,,,do Pronto Socorro,105015.29231602968,,
Patient_320,CTI (PS),105015.29231602968,start,ctiBeds,0.0,,,,
Patient_320,CTI (PS),128577.91755220224,complete,ctiBeds,0.0,,,,
Patient_320,CTI prepara Encaminhamento,128577.91755220224,start,,0.0,,,,
Patient_320,CTI prepara Encaminhamento,128614.64274678548,complete,,0.0,,,,
Patient_320,Encaminha_Obito,128614.64274678548,complete,,,Obito,128614.64274678548,,
Patient_320,Discharge,128614.64274678548,complete,,,,,,23599.350430755803
Patient_321,Arrival,105524.6724540098,complete,,0.0,,,,
Patient_321,Origem_do Pronto Socorro,105524.6724540098,complete,,,do Pronto Socorro,105524.6724540098,,
Patient_321,CTI (PS),105524.6724540098,start,ctiBeds,0.0,,,,
Patient_321,CTI (PS),125573.14986220037,complete,ctiBeds,0.0,,,,
Patient_321,CTI prepara Encaminhamento,125573.14986220037,start,,0.0,,,,
Patient_321,CTI prepara Encaminhamento,125622.3704006247,complete,,0.0,,,,
Patient_321,Encaminha_Obito,125622.3704006247,complete,,,Obito,125622.3704006247,,
Patient_321,Discharge,125622.3704006247,complete,,,,,,20097.697946614906
Patient_322,Arrival,106026.60664718942,complete,,0.0,,,,
Patient_322,Origem_do Pronto Socorro,106026.60664718942,complete,,,do Pronto Socorro,106026.60664718942,,
Patient_322,CTI (PS),106026.60664718942,start,ctiBeds,0.0,,,,
Patient_322,CTI (PS),111993.22332926746,complete,ctiBeds,0.0,,,,
Patient_322,CTI prepara Encaminhamento,111993.22332926746,start,,0.0,,,,
Patient_322,CTI prepara Encaminhamento,112029.64510683418,complete,,0.0,,,,
Patient_322,Encaminha_para a Clinica Cirurgica,112029.64510683418,complete,,,para a Clinica Cirurgica,112029.64510683418,,
Patient_322,Discharge,112029.64510683418,complete,,,,,,6003.038459644769
Patient_323,Arrival,106134.61160822317,complete,,0.0,,,,
Patient_323,Origem_do Centro Cirurgico,106134.61160822317,complete,,,do Centro Cirurgico,106134.61160822317,,
Patient_323,CTI (CC),106134.61160822317,start,ctiBeds,0.0,,,,
Patient_323,CTI (CC),113324.70209231126,complete,ctiBeds,0.0,,,,
Patient_323,CTI prepara Encaminhamento,113324.70209231126,start,,0.0,,,,
Patient_323,CTI prepara Encaminhamento,113359.76316236201,complete,,0.0,,,,
Patient_323,Encaminha_para a Clinica Cirurgica,113359.76316236201,complete,,,para a Clinica Cirurgica,113359.76316236201,,
Patient_323,Discharge,113359.76316236201,complete,,,,,,7225.151554138836
Patient_324,Arrival,106747.07254997917,complete,,0.0,,,,
Patient_324,Origem_do Centro Cirurgico,106747.07254997917,complete,,,do Centro Cirurgico,106747.07254997917,,
Patient_324,CTI (CC),106747.07254997917,start,ctiBeds,0.0,,,,
Patient_324,CTI (CC),110522.57598678672,complete,ctiBeds,0.0,,,,
Patient_324,CTI prepara Encaminhamento,110522.57598678672,start,,0.0,,,,
Patient_324,CTI prepara Encaminhamento,110581.05363937361,complete,,0.0,,,,
Patient_324,Encaminha_para a Clinica Medica,110581.05363937361,complete,,,para a Clinica Medica,110581.05363937361,,
Patient_324,Discharge,110581.05363937361,complete,,,,,,3833.9810893944377
Patient_325,Arrival,107176.84811187223,complete,,0.0,,,,
Patient_325,Origem_do Pronto Socorro,107176.84811187223,complete,,,do Pronto Socorro,107176.84811187223,,
Patient_325,CTI (PS),107176.84811187223,start,ctiBeds,0.0,,,,
Patient_325,CTI (PS),120979.84685560744,complete,ctiBeds,0.0,,,,
Patient_325,CTI prepara Encaminhamento,120979.84685560744,start,,0.0,,,,
Patient_325,CTI prepara Encaminhamento,121020.15036593754,complete,,0.0,,,,
Patient_325,Encaminha_para a Clinica Medica,121020.15036593754,complete,,,para a Clinica Medica,121020.15036593754,,
Patient_325,Discharge,121020.15036593754,complete,,,,,,13843.302254065318
Patient_326,Arrival,108372.40941168615,complete,,0.0,,,,
Patient_326,Origem_da Clinica Medica,108372.40941168615,complete,,,da Clinica Medica,108372.40941168615,,
Patient_326,CTI (CLIM),108372.40941168615,start,ctiBeds,0.0,,,,
Patient_326,CTI (CLIM),116801.09716512282,complete,ctiBeds,0.0,,,,
Patient_326,CTI prepara Encaminhamento,116801.09716512282,start,,0.0,,,,
Patient_326,CTI prepara Encaminhamento,116845.61734247165,complete,,0.0,,,,
Patient_326,Encaminha_para a Clinica Medica,116845.61734247165,complete,,,para a Clinica Medica,116845.61734247165,,
Patient_326,Discharge,116845.61734247165,complete,,,,,,8473.207930785502
Patient_327,Arrival,108610.41844206679,complete,,0.0,,,,
Patient_327,Origem_da Clinica Medica,108610.41844206679,complete,,,da Clinica Medica,108610.41844206679,,
Patient_327,CTI (CLIM),108610.41844206679,start,ctiBeds,0.0,,,,
Patient_327,CTI (CLIM),111599.55099943055,complete,ctiBeds,0.0,,,,
Patient_327,CTI prepara Encaminhamento,111599.55099943055,start,,0.0,,,,
Patient_327,CTI prepara Encaminhamento,111640.92357736881,complete,,0.0,,,,
Patient_327,Encaminha_para a Clinica Cirurgica,111640.92357736881,complete,,,para a Clinica Cirurgica,111640.92357736881,,
Patient_327,Discharge,111640.92357736881,complete,,,,,,3030.5051353020244
Patient_328,Arrival,109142.69094413909,complete,,0.0,,,,
Patient_328,Origem_da Clinica Medica,109142.69094413909,complete,,,da Clinica Medica,109142.69094413909,,
Patient_328,CTI (CLIM),109142.69094413909,start,ctiBeds,0.0,,,,
Patient_328,CTI (CLIM),109903.86157294335,complete,ctiBeds,0.0,,,,
Patient_328,CTI prepara Encaminhamento,109903.86157294335,start,,0.0,,,,
Patient_328,CTI prepara Encaminhamento,109955.38975124202,complete,,0.0,,,,
Patient_328,Encaminha_para a Clinica Cirurgica,109955.38975124202,complete,,,para a Clinica Cirurgica,109955.38975124202,,
Patient_328,Discharge,109955.38975124202,complete,,,,,,812.6988071029336
Patient_329,Arrival,109210.49260569902,complete,,0.0,,,,
Patient_329,Origem_do Centro Cirurgico,109210.49260569902,complete,,,do Centro Cirurgico,109210.49260569902,,
Patient_329,CTI (CC),109210.49260569902,start,ctiBeds,0.0,,,,
Patient_329,CTI (CC),115032.90294497907,complete,ctiBeds,0.0,,,,
Patient_329,CTI prepara Encaminhamento,115032.90294497907,start,,0.0,,,,
Patient_329,CTI prepara Encaminhamento,115075.53839394721,complete,,0.0,,,,
Patient_329,Encaminha_Obito,115075.53839394721,complete,,,Obito,115075.53839394721,,
Patient_329,Discharge,115075.53839394721,complete,,,,,,5865.045788248186
Patient_33,Arrival,8708.88094918494,complete,,0.0,,,,
Patient_33,Origem_da Clinica Medica,8708.88094918494,complete,,,da Clinica Medica,8708.88094918494,,
Patient_33,CTI (CLIM),8708.88094918494,start,ctiBeds,0.0,,,,
Patient_33,CTI (CLIM),34304.87115760462,complete,ctiBeds,0.0,,,,
Patient_33,CTI prepara Encaminhamento,34304.87115760462,start,,0.0,,,,
Patient_33,CTI prepara Encaminhamento,34354.94477111385,complete,,0.0,,,,
Patient_33,Encaminha_Obito,34354.94477111385,complete,,,Obito,34354.94477111385,,
Patient_33,Discharge,34354.94477111385,complete,,,,,,25646.06382192891
Patient_330,Arrival,109458.23441620497,complete,,0.0,,,,
Patient_330,Origem_do Pronto Socorro,109458.23441620497,complete,,,do Pronto Socorro,109458.23441620497,,
Patient_330,CTI (PS),109458.23441620497,start,ctiBeds,0.0,,,,
Patient_330,CTI (PS),114748.03666991947,complete,ctiBeds,0.0,,,,
Patient_330,CTI prepara Encaminhamento,114748.03666991947,start,,0.0,,,,
Patient_330,CTI prepara Encaminhamento,114783.13617030323,complete,,0.0,,,,
Patient_330,Encaminha_para a Clinica Cirurgica,114783.13617030323,complete,,,para a Clinica Cirurgica,114783.13617030323,,
Patient_330,Discharge,114783.13617030323,complete,,,,,,5324.90175409826
Patient_331,Arrival,109995.25392729901,complete,,0.0,,,,
Patient_331,Origem_do Centro Cirurgico,109995.25392729901,complete,,,do Centro Cirurgico,109995.25392729901,,
Patient_331,CTI (CC),109995.25392729901,start,ctiBeds,0.0,,,,
Patient_331,CTI (CC),111230.7003980864,complete,ctiBeds,0.0,,,,
Patient_331,CTI prepara Encaminhamento,111230.7003980864,start,,0.0,,,,
Patient_331,CTI prepara Encaminhamento,111288.24220224585,complete,,0.0,,,,
Patient_331,Encaminha_para a Clinica Medica,111288.24220224585,complete,,,para a Clinica Medica,111288.24220224585,,
Patient_331,Discharge,111288.24220224585,complete,,,,,,1292.988274946838
Patient_332,Arrival,110206.23976833215,complete,,0.0,,,,
Patient_332,Origem_do Centro Cirurgico,110206.23976833215,complete,,,do Centro Cirurgico,110206.23976833215,,
Patient_332,CTI (CC),110206.23976833215,start,ctiBeds,0.0,,,,
Patient_332,CTI (CC),111116.19681325175,complete,ctiBeds,0.0,,,,
Patient_332,CTI prepara Encaminhamento,111116.19681325175,start,,0.0,,,,
Patient_332,CTI prepara Encaminhamento,111153.32409598697,complete,,0.0,,,,
Patient_332,Encaminha_Obito,111153.32409598697,complete,,,Obito,111153.32409598697,,
Patient_332,Discharge,111153.32409598697,complete,,,,,,947.0843276548258
Patient_333,Arrival,110366.30060130855,complete,,0.0,,,,
Patient_333,Origem_do Pronto Socorro,110366.30060130855,complete,,,do Pronto Socorro,110366.30060130855,,
Patient_333,CTI (PS),110366.30060130855,start,ctiBeds,0.0,,,,
Patient_333,CTI (PS),116875.35813257143,complete,ctiBeds,0.0,,,,
Patient_333,CTI prepara Encaminhamento,116875.35813257143,start,,0.0,,,,
Patient_333,CTI prepara Encaminhamento,116914.92394694437,complete,,0.0,,,,
Patient_333,Encaminha_Obito,116914.92394694437,complete,,,Obito,116914.92394694437,,
Patient_333,Discharge,116914.92394694437,complete,,,,,,6548.623345635817
Patient_334,Arrival,110399.65488358353,complete,,0.0,,,,
Patient_334,Origem_da Clinica Medica,110399.65488358353,complete,,,da Clinica Medica,110399.65488358353,,
Patient_334,CTI (CLIM),110399.65488358353,start,ctiBeds,0.0,,,,
Patient_334,CTI (CLIM),115849.73527890221,complete,ctiBeds,0.0,,,,
Patient_334,CTI prepara Encaminhamento,115849.73527890221,start,,0.0,,,,
Patient_334,CTI prepara Encaminhamento,115902.27997112444,complete,,0.0,,,,
Patient_334,Encaminha_para a Clinica Medica,115902.27997112444,complete,,,para a Clinica Medica,115902.27997112444,,
Patient_334,Discharge,115902.27997112444,complete,,,,,,5502.625087540917
Patient_335,Arrival,110670.18464729737,complete,,0.0,,,,
Patient_335,Origem_do Pronto Socorro,110670.18464729737,complete,,,do Pronto Socorro,110670.18464729737,,
Patient_335,CTI (PS),110670.18464729737,start,ctiBeds,0.0,,,,
Patient_335,CTI (PS),138926.13241605874,complete,ctiBeds,0.0,,,,
Patient_335,CTI prepara Encaminhamento,138926.13241605874,start,,0.0,,,,
Patient_335,CTI prepara Encaminhamento,138959.6707334888,complete,,0.0,,,,
Patient_335,Encaminha_Obito,138959.6707334888,complete,,,Obito,138959.6707334888,,
Patient_335,Discharge,138959.6707334888,complete,,,,,,28289.486086191435
Patient_336,Arrival,110716.84488048615,complete,,0.0,,,,
Patient_336,Origem_do Pronto Socorro,110716.84488048615,complete,,,do Pronto Socorro,110716.84488048615,,
Patient_336,CTI (PS),110716.84488048615,start,ctiBeds,0.0,,,,
Patient_336,CTI (PS),119658.76221291286,complete,ctiBeds,0.0,,,,
Patient_336,CTI prepara Encaminhamento,119658.76221291286,start,,0.0,,,,
Patient_336,CTI prepara Encaminhamento,119691.02177014048,complete,,0.0,,,,
Patient_336,Encaminha_Obito,119691.02177014048,complete,,,Obito,119691.02177014048,,
Patient_336,Discharge,119691.02177014048,complete,,,,,,8974.176889654322
Patient_337,Arrival,110803.84035636604,complete,,0.0,,,,
Patient_337,Origem_do Centro Cirurgico,110803.84035636604,complete,,,do Centro Cirurgico,110803.84035636604,,
Patient_337,CTI (CC),110803.84035636604,start,ctiBeds,0.0,,,,
Patient_337,CTI (CC),115841.22789990378,complete,ctiBeds,0.0,,,,
Patient_337,CTI prepara Encaminhamento,115841.22789990378,start,,0.0,,,,
Patient_337,CTI prepara Encaminhamento,115891.16201244095,complete,,0.0,,,,
Patient_337,Encaminha_para a Clinica Cirurgica,115891.16201244095,complete,,,para a Clinica Cirurgica,115891.16201244095,,
Patient_337,Discharge,115891.16201244095,complete,,,,,,5087.321656074913
Patient_338,Arrival,110959.67584495606,complete,,0.0,,,,
Patient_338,Origem_do Pronto Socorro,110959.67584495606,complete,,,do Pronto Socorro,110959.67584495606,,
Patient_338,CTI (PS),110959.67584495606,start,ctiBeds,0.0,,,,
Patient_338,CTI (PS),111608.80184785253,complete,ctiBeds,0.0,,,,
Patient_338,CTI prepara Encaminhamento,111608.80184785253,start,,0.0,,,,
Patient_338,CTI prepara Encaminhamento,111643.98445622412,complete,,0.0,,,,
Patient_338,Encaminha_para a Clinica Cirurgica,111643.98445622412,complete,,,para a Clinica Cirurgica,111643.98445622412,,
Patient_338,Discharge,111643.98445622412,complete,,,,,,684.3086112680612
Patient_339,Arrival,111289.5345466466,complete,,0.0,,,,
Patient_339,Origem_do Centro Cirurgico,111289.5345466466,complete,,,do Centro Cirurgico,111289.5345466466,,
Patient_339,CTI (CC),111289.5345466466,start,ctiBeds,0.0,,,,
Patient_339,CTI (CC),120828.1358879739,complete,ctiBeds,0.0,,,,
Patient_339,CTI prepara Encaminhamento,120828.1358879739,start,,0.0,,,,
Patient_339,CTI prepara Encaminhamento,120876.2834181626,complete,,0.0,,,,
Patient_339,Encaminha_para a Clinica Medica,120876.2834181626,complete,,,para a Clinica Medica,120876.2834181626,,
Patient_339,Discharge,120876.2834181626,complete,,,,,,9586.748871516
Patient_34,Arrival,8767.027509035544,complete,,0.0,,,,
Patient_34,Origem_do Pronto Socorro,8767.027509035544,complete,,,do Pronto Socorro,8767.027509035544,,
Patient_34,CTI (PS),8767.027509035544,start,ctiBeds,0.0,,,,
Patient_34,CTI (PS),16436.403112531414,complete,ctiBeds,0.0,,,,
Patient_34,CTI prepara Encaminhamento,16436.403112531414,start,,0.0,,,,
Patient_34,CTI prepara Encaminhamento,16482.918999033292,complete,,0.0,,,,
Patient_34,Encaminha_Obito,16482.918999033292,complete,,,Obito,16482.918999033292,,
Patient_34,Discharge,16482.918999033292,complete,,,,,,7715.891489997748
Patient_340,Arrival,112177.35986928237,complete,,0.0,,,,
Patient_340,Origem_do Centro Cirurgico,112177.35986928237,complete,,,do Centro Cirurgico,112177.35986928237,,
Patient_340,CTI (CC),112177.35986928237,start,ctiBeds,0.0,,,,
Patient_340,CTI (CC),117247.89664206486,complete,ctiBeds,0.0,,,,
Patient_340,CTI prepara Encaminhamento,117247.89664206486,start,,0.0,,,,
Patient_340,CTI prepara Encaminhamento,117297.38685156264,complete,,0.0,,,,
Patient_340,Encaminha_para a Clinica Medica,117297.38685156264,complete,,,para a Clinica Medica,117297.38685156264,,
Patient_340,Discharge,117297.38685156264,complete,,,,,,5120.026982280266
Patient_341,Arrival,112404.79840609533,complete,,0.0,,,,
Patient_341,Origem_do Centro Cirurgico,112404.79840609533,complete,,,do Centro Cirurgico,112404.79840609533,,
Patient_341,CTI (CC),112404.79840609533,start,ctiBeds,0.0,,,,
Patient_341,CTI (CC),114457.52867322449,complete,ctiBeds,0.0,,,,
Patient_341,CTI prepara Encaminhamento,114457.52867322449,start,,0.0,,,,
Patient_341,CTI prepara Encaminhamento,114508.52169721431,complete,,0.0,,,,
Patient_341,Encaminha_Transferencia Externa,114508.52169721431,complete,,,Transferencia Externa,114508.52169721431,,
Patient_341,Discharge,114508.52169721431,complete,,,,,,2103.7232911189785
Patient_342,Arrival,113186.77006124998,complete,,0.0,,,,
Patient_342,Origem_da Clinica Cirurgica,113186.77006124998,complete,,,da Clinica Cirurgica,113186.77006124998,,
Patient_342,CTI (CLIC),113186.77006124998,start,ctiBeds,0.0,,,,
Patient_342,CTI (CLIC),115075.09811076295,complete,ctiBeds,0.0,,,,
Patient_342,CTI prepara Encaminhamento,115075.09811076295,start,,0.0,,,,
Patient_342,CTI prepara Encaminhamento,115127.84491793904,complete,,0.0,,,,
Patient_342,Encaminha_Obito,115127.84491793904,complete,,,Obito,115127.84491793904,,
Patient_342,Discharge,115127.84491793904,complete,,,,,,1941.0748566890688
Patient_343,Arrival,113620.69285880425,complete,,0.0,,,,
Patient_343,Origem_do Pronto Socorro,113620.69285880425,complete,,,do Pronto Socorro,113620.69285880425,,
Patient_343,CTI (PS),113620.69285880425,start,ctiBeds,0.0,,,,
Patient_343,CTI (PS),116768.90306634936,complete,ctiBeds,0.0,,,,
Patient_343,CTI prepara Encaminhamento,116768.90306634936,start,,0.0,,,,
Patient_343,CTI prepara Encaminhamento,116818.00912213023,complete,,0.0,,,,
Patient_343,Encaminha_para a Clinica Cirurgica,116818.00912213023,complete,,,para a Clinica Cirurgica,116818.00912213023,,
Patient_343,Discharge,116818.00912213023,complete,,,,,,3197.316263325978
Patient_344,Arrival,113957.24947519228,complete,,0.0,,,,
Patient_344,Origem_da Maternidade,113957.24947519228,complete,,,da Maternidade,113957.24947519228,,
Patient_344,CTI (MAT),113957.24947519228,start,ctiBeds,0.0,,,,
Patient_344,CTI (MAT),114863.68980531009,complete,ctiBeds,0.0,,,,
Patient_344,CTI prepara Encaminhamento,114863.68980531009,start,,0.0,,,,
Patient_344,CTI prepara Encaminhamento,114920.63715951062,complete,,0.0,,,,
Patient_344,Encaminha_para a Clinica Medica,114920.63715951062,complete,,,para a Clinica Medica,114920.63715951062,,
Patient_344,Discharge,114920.63715951062,complete,,,,,,963.3876843183389
Patient_345,Arrival,114297.75506598617,complete,,0.0,,,,
Patient_345,Origem_do Pronto Socorro,114297.75506598617,complete,,,do Pronto Socorro,114297.75506598617,,
Patient_345,CTI (PS),114297.75506598617,start,ctiBeds,0.0,,,,
Patient_345,CTI (PS),124319.63640133424,complete,ctiBeds,0.0,,,,
Patient_345,CTI prepara Encaminhamento,124319.63640133424,start,,0.0,,,,
Patient_345,CTI prepara Encaminhamento,124376.32293633757,complete,,0.0,,,,
Patient_345,Encaminha_para a Clinica Medica,124376.32293633757,complete,,,para a Clinica Medica,124376.32293633757,,
Patient_345,Discharge,124376.32293633757,complete,,,,,,10078.567870351399
Patient_346,Arrival,114619.16941627278,complete,,0.0,,,,
Patient_346,Origem_do Centro Cirurgico,114619.16941627278,complete,,,do Centro Cirurgico,114619.16941627278,,
Patient_346,CTI (CC),114619.16941627278,start,ctiBeds,0.0,,,,
Patient_346,CTI (CC),116280.4080973204,complete,ctiBeds,0.0,,,,
Patient_346,CTI prepara Encaminhamento,116280.4080973204,start,,0.0,,,,
Patient_346,CTI prepara Encaminhamento,116337.03059692285,complete,,0.0,,,,
Patient_346,Encaminha_para a Clinica Medica,116337.03059692285,complete,,,para a Clinica Medica,116337.03059692285,,
Patient_346,Discharge,116337.03059692285,complete,,,,,,1717.8611806500703
Patient_347,Arrival,115060.83795576847,complete,,0.0,,,,
Patient_347,Origem_do Centro Cirurgico,115060.83795576847,complete,,,do Centro Cirurgico,115060.83795576847,,
Patient_347,CTI (CC),115060.83795576847,start,ctiBeds,0.0,,,,
Patient_347,CTI (CC),115951.3998038196,complete,ctiBeds,0.0,,,,
Patient_347,CTI prepara Encaminhamento,115951.3998038196,start,,0.0,,,,
Patient_347,CTI prepara Encaminhamento,115992.4703621708,complete,,0.0,,,,
Patient_347,Encaminha_para a Clinica Cirurgica,115992.4703621708,complete,,,para a Clinica Cirurgica,115992.4703621708,,
Patient_347,Discharge,115992.4703621708,complete,,,,,,931.6324064023356
Patient_348,Arrival,115242.77574981743,complete,,0.0,,,,
Patient_348,Origem_do Pronto Socorro,115242.77574981743,complete,,,do Pronto Socorro,115242.77574981743,,
Patient_348,CTI (PS),115242.77574981743,start,ctiBeds,0.0,,,,
Patient_348,CTI (PS),121972.42394283983,complete,ctiBeds,0.0,,,,
Patient_348,CTI prepara Encaminhamento,121972.42394283983,start,,0.0,,,,
Patient_348,CTI prepara Encaminhamento,122003.53976459871,complete,,0.0,,,,
Patient_348,Encaminha_para a Clinica Cirurgica,122003.53976459871,complete,,,para a Clinica Cirurgica,122003.53976459871,,
Patient_348,Discharge,122003.53976459871,complete,,,,,,6760.764014781278
Patient_349,Arrival,115296.19410804697,complete,,0.0,,,,
Patient_349,Origem_do Centro Cirurgico,115296.19410804697,complete,,,do Centro Cirurgico,115296.19410804697,,
Patient_349,CTI (CC),115296.19410804697,start,ctiBeds,0.0,,,,
Patient_349,CTI (CC),152620.09038758284,complete,ctiBeds,0.0,,,,
Patient_349,CTI prepara Encaminhamento,152620.09038758284,start,,0.0,,,,
Patient_349,CTI prepara Encaminhamento,152652.45313715923,complete,,0.0,,,,
Patient_349,Encaminha_para a Clinica Medica,152652.45313715923,complete,,,para a Clinica Medica,152652.45313715923,,
Patient_349,Discharge,152652.45313715923,complete,,,,,,37356.25902911226
Patient_35,Arrival,9155.115583082279,complete,,0.0,,,,
Patient_35,Origem_do Centro Cirurgico,9155.115583082279,complete,,,do Centro Cirurgico,9155.115583082279,,
Patient_35,CTI (CC),9155.115583082279,start,ctiBeds,0.0,,,,
Patient_35,CTI (CC),16175.0934202807,complete,ctiBeds,0.0,,,,
Patient_35,CTI prepara Encaminhamento,16175.0934202807,start,,0.0,,,,
Patient_35,CTI prepara Encaminhamento,16228.826325518163,complete,,0.0,,,,
Patient_35,Encaminha_para a Clinica Cirurgica,16228.826325518163,complete,,,para a Clinica Cirurgica,16228.826325518163,,
Patient_35,Discharge,16228.826325518163,complete,,,,,,7073.710742435884
Patient_350,Arrival,115715.39016012533,complete,,0.0,,,,
Patient_350,Origem_do Pronto Socorro,115715.39016012533,complete,,,do Pronto Socorro,115715.39016012533,,
Patient_350,CTI (PS),115715.39016012533,start,ctiBeds,0.0,,,,
Patient_350,CTI (PS),116363.20876140163,complete,ctiBeds,0.0,,,,
Patient_350,CTI prepara Encaminhamento,116363.20876140163,start,,0.0,,,,
Patient_350,CTI prepara Encaminhamento,116420.52963386955,complete,,0.0,,,,
Patient_350,Encaminha_Transferencia Externa,116420.52963386955,complete,,,Transferencia Externa,116420.52963386955,,
Patient_350,Discharge,116420.52963386955,complete,,,,,,705.139473744217
Patient_351,Arrival,116447.23109418554,complete,,0.0,,,,
Patient_351,Origem_do Centro Cirurgico,116447.23109418554,complete,,,do Centro Cirurgico,116447.23109418554,,
Patient_351,CTI (CC),116447.23109418554,start,ctiBeds,0.0,,,,
Patient_351,CTI (CC),118346.02906076571,complete,ctiBeds,0.0,,,,
Patient_351,CTI prepara Encaminhamento,118346.02906076571,start,,0.0,,,,
Patient_351,CTI prepara Encaminhamento,118386.3428601357,complete,,0.0,,,,
Patient_351,Encaminha_para a Clinica Cirurgica,118386.3428601357,complete,,,para a Clinica Cirurgica,118386.3428601357,,
Patient_351,Discharge,118386.3428601357,complete,,,,,,1939.1117659501615
Patient_352,Arrival,116694.26714339938,complete,,0.0,,,,
Patient_352,Origem_da Maternidade,116694.26714339938,complete,,,da Maternidade,116694.26714339938,,
Patient_352,CTI (MAT),116694.26714339938,start,ctiBeds,0.0,,,,
Patient_352,CTI (MAT),119194.74850631373,complete,ctiBeds,0.0,,,,
Patient_352,CTI prepara Encaminhamento,119194.74850631373,start,,0.0,,,,
Patient_352,CTI prepara Encaminhamento,119227.93663689199,complete,,0.0,,,,
Patient_352,Encaminha_Obito,119227.93663689199,complete,,,Obito,119227.93663689199,,
Patient_352,Discharge,119227.93663689199,complete,,,,,,2533.6694934926054
Patient_353,Arrival,116743.29575011757,complete,,0.0,,,,
Patient_353,Origem_do Pronto Socorro,116743.29575011757,complete,,,do Pronto Socorro,116743.29575011757,,
Patient_353,CTI (PS),116743.29575011757,start,ctiBeds,0.0,,,,
Patient_353,CTI (PS),117207.61371055445,complete,ctiBeds,0.0,,,,
Patient_353,CTI prepara Encaminhamento,117207.61371055445,start,,0.0,,,,
Patient_353,CTI prepara Encaminhamento,117238.50503921359,complete,,0.0,,,,
Patient_353,Encaminha_para a Clinica Medica,117238.50503921359,complete,,,para a Clinica Medica,117238.50503921359,,
Patient_353,Discharge,117238.50503921359,complete,,,,,,495.20928909601935
Patient_354,Arrival,117052.46707641985,complete,,0.0,,,,
Patient_354,Origem_do Pronto Socorro,117052.46707641985,complete,,,do Pronto Socorro,117052.46707641985,,
Patient_354,CTI (PS),117052.46707641985,start,ctiBeds,0.0,,,,
Patient_354,CTI (PS),120701.24499163285,complete,ctiBeds,0.0,,,,
Patient_354,CTI prepara Encaminhamento,120701.24499163285,start,,0.0,,,,
Patient_354,CTI prepara Encaminhamento,120753.34228696911,complete,,0.0,,,,
Patient_354,Encaminha_Obito,120753.34228696911,complete,,,Obito,120753.34228696911,,
Patient_354,Discharge,120753.34228696911,complete,,,,,,3700.8752105492604
Patient_355,Arrival,117068.44358244693,complete,,0.0,,,,
Patient_355,Origem_do Pronto Socorro,117068.44358244693,complete,,,do Pronto Socorro,117068.44358244693,,
Patient_355,CTI (PS),117068.44358244693,start,ctiBeds,0.0,,,,
Patient_355,CTI (PS),119972.33043528396,complete,ctiBeds,0.0,,,,
Patient_355,CTI prepara Encaminhamento,119972.33043528396,start,,0.0,,,,
Patient_355,CTI prepara Encaminhamento,120014.4876943685,complete,,0.0,,,,
Patient_355,Encaminha_para a Clinica Medica,120014.4876943685,complete,,,para a Clinica Medica,120014.4876943685,,
Patient_355,Discharge,120014.4876943685,complete,,,,,,2946.0441119215684
Patient_356,Arrival,117792.51616271476,complete,,0.0,,,,
Patient_356,Origem_do Pronto Socorro,117792.51616271476,complete,,,do Pronto Socorro,117792.51616271476,,
Patient_356,CTI (PS),117792.51616271476,start,ctiBeds,0.0,,,,
Patient_356,CTI (PS),118791.01783460737,complete,ctiBeds,0.0,,,,
Patient_356,CTI prepara Encaminhamento,118791.01783460737,start,,0.0,,,,
Patient_356,CTI prepara Encaminhamento,118825.97895008301,complete,,0.0,,,,
Patient_356,Encaminha_para a Clinica Cirurgica,118825.97895008301,complete,,,para a Clinica Cirurgica,118825.97895008301,,
Patient_356,Discharge,118825.97895008301,complete,,,,,,1033.4627873682475
Patient_357,Arrival,118408.72415790439,complete,,0.0,,,,
Patient_357,Origem_do Pronto Socorro,118408.72415790439,complete,,,do Pronto Socorro,118408.72415790439,,
Patient_357,CTI (PS),118408.72415790439,start,ctiBeds,0.0,,,,
Patient_357,CTI (PS),125192.58079982754,complete,ctiBeds,0.0,,,,
Patient_357,CTI prepara Encaminhamento,125192.58079982754,start,,0.0,,,,
Patient_357,CTI prepara Encaminhamento,125252.35200785627,complete,,0.0,,,,
Patient_357,Encaminha_para a Clinica Cirurgica,125252.35200785627,complete,,,para a Clinica Cirurgica,125252.35200785627,,
Patient_357,Discharge,125252.35200785627,complete,,,,,,6843.627849951881
Patient_358,Arrival,118527.23108503428,complete,,0.0,,,,
Patient_358,Origem_da Clinica Medica,118527.23108503428,complete,,,da Clinica Medica,118527.23108503428,,
Patient_358,CTI (CLIM),118527.23108503428,start,ctiBeds,0.0,,,,
Patient_358,CTI (CLIM),135930.38091975194,complete,ctiBeds,0.0,,,,
Patient_358,CTI prepara Encaminhamento,135930.38091975194,start,,0.0,,,,
Patient_358,CTI prepara Encaminhamento,135961.75586714674,complete,,0.0,,,,
Patient_358,Encaminha_para a Clinica Cirurgica,135961.75586714674,complete,,,para a Clinica Cirurgica,135961.75586714674,,
Patient_358,Discharge,135961.75586714674,complete,,,,,,17434.524782112465
Patient_359,Arrival,118762.75470532119,complete,,0.0,,,,
Patient_359,Origem_do Pronto Socorro,118762.75470532119,complete,,,do Pronto Socorro,118762.75470532119,,
Patient_359,CTI (PS),118762.75470532119,start,ctiBeds,0.0,,,,
Patient_359,CTI (PS),127426.62184695655,complete,ctiBeds,0.0,,,,
Patient_359,CTI prepara Encaminhamento,127426.62184695655,start,,0.0,,,,
Patient_359,CTI prepara Encaminhamento,127477.51389169284,complete,,0.0,,,,
Patient_359,Encaminha_para a Clinica Medica,127477.51389169284,complete,,,para a Clinica Medica,127477.51389169284,,
Patient_359,Discharge,127477.51389169284,complete,,,,,,8714.759186371652
Patient_36,Arrival,9281.045519931065,complete,,0.0,,,,
Patient_36,Origem_do Pronto Socorro,9281.045519931065,complete,,,do Pronto Socorro,9281.045519931065,,
Patient_36,CTI (PS),9281.045519931065,start,ctiBeds,0.0,,,,
Patient_36,CTI (PS),9566.640975777236,complete,ctiBeds,0.0,,,,
Patient_36,CTI prepara Encaminhamento,9566.640975777236,start,,0.0,,,,
Patient_36,CTI prepara Encaminhamento,9600.750915163617,complete,,0.0,,,,
Patient_36,Encaminha_para a Clinica Medica,9600.750915163617,complete,,,para a Clinica Medica,9600.750915163617,,
Patient_36,Discharge,9600.750915163617,complete,,,,,,319.7053952325514
Patient_360,Arrival,118768.9511257809,complete,,0.0,,,,
Patient_360,Origem_do Centro Cirurgico,118768.9511257809,complete,,,do Centro Cirurgico,118768.9511257809,,
Patient_360,CTI (CC),118768.9511257809,start,ctiBeds,0.0,,,,
Patient_360,CTI (CC),120963.0216098291,complete,ctiBeds,0.0,,,,
Patient_360,CTI prepara Encaminhamento,120963.0216098291,start,,0.0,,,,
Patient_360,CTI prepara Encaminhamento,121015.67716058064,complete,,0.0,,,,
Patient_360,Encaminha_para a Clinica Medica,121015.67716058064,complete,,,para a Clinica Medica,121015.67716058064,,
Patient_360,Discharge,121015.67716058064,complete,,,,,,2246.726034799736
Patient_361,Arrival,119867.27266359805,complete,,0.0,,,,
Patient_361,Origem_do Pronto Socorro,119867.27266359805,complete,,,do Pronto Socorro,119867.27266359805,,
Patient_361,CTI (PS),119867.27266359805,start,ctiBeds,0.0,,,,
Patient_361,CTI (PS),120769.5770349313,complete,ctiBeds,0.0,,,,
Patient_361,CTI prepara Encaminhamento,120769.5770349313,start,,0.0,,,,
Patient_361,CTI prepara Encaminhamento,120820.4742978606,complete,,0.0,,,,
Patient_361,Encaminha_Obito,120820.4742978606,complete,,,Obito,120820.4742978606,,
Patient_361,Discharge,120820.4742978606,complete,,,,,,953.2016342625429
Patient_362,Arrival,120373.40195275663,complete,,0.0,,,,
Patient_362,Origem_do Centro Cirurgico,120373.40195275663,complete,,,do Centro Cirurgico,120373.40195275663,,
Patient_362,CTI (CC),120373.40195275663,start,ctiBeds,0.0,,,,
Patient_362,CTI (CC),123887.01822118071,complete,ctiBeds,0.0,,,,
Patient_362,CTI prepara Encaminhamento,123887.01822118071,start,,0.0,,,,
Patient_362,CTI prepara Encaminhamento,123918.1691885442,complete,,0.0,,,,
Patient_362,Encaminha_para a Clinica Medica,123918.1691885442,complete,,,para a Clinica Medica,123918.1691885442,,
Patient_362,Discharge,123918.1691885442,complete,,,,,,3544.767235787571
Patient_363,Arrival,120529.33506639407,complete,,0.0,,,,
Patient_363,Origem_do Centro Cirurgico,120529.33506639407,complete,,,do Centro Cirurgico,120529.33506639407,,
Patient_363,CTI (CC),120529.33506639407,start,ctiBeds,0.0,,,,
Patient_363,CTI (CC),135926.33176070053,complete,ctiBeds,0.0,,,,
Patient_363,CTI prepara Encaminhamento,135926.33176070053,start,,0.0,,,,
Patient_363,CTI prepara Encaminhamento,135958.06153926338,complete,,0.0,,,,
Patient_363,Encaminha_para a Clinica Cirurgica,135958.06153926338,complete,,,para a Clinica Cirurgica,135958.06153926338,,
Patient_363,Discharge,135958.06153926338,complete,,,,,,15428.726472869312
Patient_364,Arrival,120736.63363243002,complete,,0.0,,,,
Patient_364,Origem_da Clinica Medica,120736.63363243002,complete,,,da Clinica Medica,120736.63363243002,,
Patient_364,CTI (CLIM),120736.63363243002,start,ctiBeds,0.0,,,,
Patient_364,CTI (CLIM),127181.29971683868,complete,ctiBeds,0.0,,,,
Patient_364,CTI prepara Encaminhamento,127181.29971683868,start,,0.0,,,,
Patient_364,CTI prepara Encaminhamento,127227.9888077997,complete,,0.0,,,,
Patient_364,Encaminha_Obito,127227.9888077997,complete,,,Obito,127227.9888077997,,
Patient_364,Discharge,127227.9888077997,complete,,,,,,6491.355175369681
Patient_365,Arrival,120883.00640378628,complete,,0.0,,,,
Patient_365,Origem_do Centro Cirurgico,120883.00640378628,complete,,,do Centro Cirurgico,120883.00640378628,,
Patient_365,CTI (CC),120883.00640378628,start,ctiBeds,0.0,,,,
Patient_365,CTI (CC),144268.59136136156,complete,ctiBeds,0.0,,,,
Patient_365,CTI prepara Encaminhamento,144268.59136136156,start,,0.0,,,,
Patient_365,CTI prepara Encaminhamento,144299.74660523148,complete,,0.0,,,,
Patient_365,Encaminha_para a Clinica Cirurgica,144299.74660523148,complete,,,para a Clinica Cirurgica,144299.74660523148,,
Patient_365,Discharge,144299.74660523148,complete,,,,,,23416.74020144521
Patient_366,Arrival,121063.14506604266,complete,,0.0,,,,
Patient_366,Origem_do Centro Cirurgico,121063.14506604266,complete,,,do Centro Cirurgico,121063.14506604266,,
Patient_366,CTI (CC),121063.14506604266,start,ctiBeds,0.0,,,,
Patient_366,CTI (CC),123705.37502253616,complete,ctiBeds,0.0,,,,
Patient_366,CTI prepara Encaminhamento,123705.37502253616,start,,0.0,,,,
Patient_366,CTI prepara Encaminhamento,123760.96103326778,complete,,0.0,,,,
Patient_366,Encaminha_Obito,123760.96103326778,complete,,,Obito,123760.96103326778,,
Patient_366,Discharge,123760.96103326778,complete,,,,,,2697.8159672251204
Patient_367,Arrival,122042.37562423259,complete,,0.0,,,,
Patient_367,Origem_da Clinica Medica,122042.37562423259,complete,,,da Clinica Medica,122042.37562423259,,
Patient_367,CTI (CLIM),122042.37562423259,start,ctiBeds,0.0,,,,
Patient_367,CTI (CLIM),128883.07128613547,complete,ctiBeds,0.0,,,,
Patient_367,CTI prepara Encaminhamento,128883.07128613547,start,,0.0,,,,
Patient_367,CTI prepara Encaminhamento,128934.84859202677,complete,,0.0,,,,
Patient_367,Encaminha_para a Clinica Medica,128934.84859202677,complete,,,para a Clinica Medica,128934.84859202677,,
Patient_367,Discharge,128934.84859202677,complete,,,,,,6892.47296779418
Patient_368,Arrival,122419.8338173435,complete,,0.0,,,,
Patient_368,Origem_do Pronto Socorro,122419.8338173435,complete,,,do Pronto Socorro,122419.8338173435,,
Patient_368,CTI (PS),122419.8338173435,start,ctiBeds,0.0,,,,
Patient_368,CTI (PS),141459.72382147601,complete,ctiBeds,0.0,,,,
Patient_368,CTI prepara Encaminhamento,141459.72382147601,start,,0.0,,,,
Patient_368,CTI prepara Encaminhamento,141491.6097104447,complete,,0.0,,,,
Patient_368,Encaminha_para a Maternidade,141491.6097104447,complete,,,para a Maternidade,141491.6097104447,,
Patient_368,Discharge,141491.6097104447,complete,,,,,,19071.775893101192
Patient_369,Arrival,122900.63460183066,complete,,0.0,,,,
Patient_369,Origem_do Centro Cirurgico,122900.63460183066,complete,,,do Centro Cirurgico,122900.63460183066,,
Patient_369,CTI (CC),122900.63460183066,start,ctiBeds,0.0,,,,
Patient_369,CTI (CC),123516.48170632288,complete,ctiBeds,0.0,,,,
Patient_369,CTI prepara Encaminhamento,123516.48170632288,start,,0.0,,,,
Patient_369,CTI prepara Encaminhamento,123560.59192790993,complete,,0.0,,,,
Patient_369,Encaminha_Obito,123560.59192790993,complete,,,Obito,123560.59192790993,,
Patient_369,Discharge,123560.59192790993,complete,,,,,,659.9573260792677
Patient_37,Arrival,9365.48775848322,complete,,0.0,,,,
Patient_37,Origem_do Centro Cirurgico,9365.48775848322,complete,,,do Centro Cirurgico,9365.48775848322,,
Patient_37,CTI (CC),9365.48775848322,start,ctiBeds,0.0,,,,
Patient_37,CTI (CC),38271.816908181754,complete,ctiBeds,0.0,,,,
Patient_37,CTI prepara Encaminhamento,38271.816908181754,start,,0.0,,,,
Patient_37,CTI prepara Encaminhamento,38308.899935144436,complete,,0.0,,,,
Patient_37,Encaminha_para a Clinica Cirurgica,38308.899935144436,complete,,,para a Clinica Cirurgica,38308.899935144436,,
Patient_37,Discharge,38308.899935144436,complete,,,,,,28943.412176661215
Patient_370,Arrival,122998.56666519756,complete,,0.0,,,,
Patient_370,Origem_do Pronto Socorro,122998.56666519756,complete,,,do Pronto Socorro,122998.56666519756,,
Patient_370,CTI (PS),122998.56666519756,start,ctiBeds,0.0,,,,
Patient_370,CTI (PS),132377.931197209,complete,ctiBeds,0.0,,,,
Patient_370,CTI prepara Encaminhamento,132377.931197209,start,,0.0,,,,
Patient_370,CTI prepara Encaminhamento,132418.8727186813,complete,,0.0,,,,
Patient_370,Encaminha_Transferencia Externa,132418.8727186813,complete,,,Transferencia Externa,132418.8727186813,,
Patient_370,Discharge,132418.8727186813,complete,,,,,,9420.306053483728
Patient_371,Arrival,124853.68707252666,complete,,0.0,,,,
Patient_371,Origem_do Centro Cirurgico,124853.68707252666,complete,,,do Centro Cirurgico,124853.68707252666,,
Patient_371,CTI (CC),124853.68707252666,start,ctiBeds,0.0,,,,
Patient_371,CTI (CC),126347.25089930391,complete,ctiBeds,0.0,,,,
Patient_371,CTI prepara Encaminhamento,126347.25089930391,start,,0.0,,,,
Patient_371,CTI prepara Encaminhamento,126402.18149286689,complete,,0.0,,,,
Patient_371,Encaminha_para a Clinica Cirurgica,126402.18149286689,complete,,,para a Clinica Cirurgica,126402.18149286689,,
Patient_371,Discharge,126402.18149286689,complete,,,,,,1548.4944203402265
Patient_372,Arrival,125248.06133367328,complete,,0.0,,,,
Patient_372,Origem_do Pronto Socorro,125248.06133367328,complete,,,do Pronto Socorro,125248.06133367328,,
Patient_372,CTI (PS),125248.06133367328,start,ctiBeds,0.0,,,,
Patient_372,CTI (PS),128842.07648808944,complete,ctiBeds,0.0,,,,
Patient_372,CTI prepara Encaminhamento,128842.07648808944,start,,0.0,,,,
Patient_372,CTI prepara Encaminhamento,128872.91457824408,complete,,0.0,,,,
Patient_372,Encaminha_para a Clinica Medica,128872.91457824408,complete,,,para a Clinica Medica,128872.91457824408,,
Patient_372,Discharge,128872.91457824408,complete,,,,,,3624.853244570797
Patient_373,Arrival,125368.70685269502,complete,,0.0,,,,
Patient_373,Origem_do Centro Cirurgico,125368.70685269502,complete,,,do Centro Cirurgico,125368.70685269502,,
Patient_373,CTI (CC),125368.70685269502,start,ctiBeds,0.0,,,,
Patient_373,CTI (CC),133174.0113049014,complete,ctiBeds,0.0,,,,
Patient_373,CTI prepara Encaminhamento,133174.0113049014,start,,0.0,,,,
Patient_373,CTI prepara Encaminhamento,133228.35695211374,complete,,0.0,,,,
Patient_373,Encaminha_para a Clinica Medica,133228.35695211374,complete,,,para a Clinica Medica,133228.35695211374,,
Patient_373,Discharge,133228.35695211374,complete,,,,,,7859.650099418723
Patient_374,Arrival,125595.17571430201,complete,,0.0,,,,
Patient_374,Origem_do Pronto Socorro,125595.17571430201,complete,,,do Pronto Socorro,125595.17571430201,,
Patient_374,CTI (PS),125595.17571430201,start,ctiBeds,0.0,,,,
Patient_374,CTI (PS),142454.9075825952,complete,ctiBeds,0.0,,,,
Patient_374,CTI prepara Encaminhamento,142454.9075825952,start,,0.0,,,,
Patient_374,CTI prepara Encaminhamento,142487.54599670274,complete,,0.0,,,,
Patient_374,Encaminha_para a Clinica Medica,142487.54599670274,complete,,,para a Clinica Medica,142487.54599670274,,
Patient_374,Discharge,142487.54599670274,complete,,,,,,16892.370282400734
Patient_375,Arrival,126402.84037377987,complete,,0.0,,,,
Patient_375,Origem_do Pronto Socorro,126402.84037377987,complete,,,do Pronto Socorro,126402.84037377987,,
Patient_375,CTI (PS),126402.84037377987,start,ctiBeds,0.0,,,,
Patient_375,CTI (PS),147990.90139292637,complete,ctiBeds,0.0,,,,
Patient_375,CTI prepara Encaminhamento,147990.90139292637,start,,0.0,,,,
Patient_375,CTI prepara Encaminhamento,148039.8418949586,complete,,0.0,,,,
Patient_375,Encaminha_para a Clinica Cirurgica,148039.8418949586,complete,,,para a Clinica Cirurgica,148039.8418949586,,
Patient_375,Discharge,148039.8418949586,complete,,,,,,21637.00152117874
Patient_376,Arrival,126408.92782972749,complete,,0.0,,,,
Patient_376,Origem_do Pronto Socorro,126408.92782972749,complete,,,do Pronto Socorro,126408.92782972749,,
Patient_376,CTI (PS),126408.92782972749,start,ctiBeds,0.0,,,,
Patient_376,CTI (PS),129638.08576083108,complete,ctiBeds,0.0,,,,
Patient_376,CTI prepara Encaminhamento,129638.08576083108,start,,0.0,,,,
Patient_376,CTI prepara Encaminhamento,129684.22500503485,complete,,0.0,,,,
Patient_376,Encaminha_Transferencia Externa,129684.22500503485,complete,,,Transferencia Externa,129684.22500503485,,
Patient_376,Discharge,129684.22500503485,complete,,,,,,3275.2971753073653
Patient_377,Arrival,126713.88009597665,complete,,0.0,,,,
Patient_377,Origem_da Clinica Cirurgica,126713.88009597665,complete,,,da Clinica Cirurgica,126713.88009597665,,
Patient_377,CTI (CLIC),126713.88009597665,start,ctiBeds,0.0,,,,
Patient_377,CTI (CLIC),127313.06006156227,complete,ctiBeds,0.0,,,,
Patient_377,CTI prepara Encaminhamento,127313.06006156227,start,,0.0,,,,
Patient_377,CTI prepara Encaminhamento,127365.04652590487,complete,,0.0,,,,
Patient_377,Encaminha_para a Clinica Medica,127365.04652590487,complete,,,para a Clinica Medica,127365.04652590487,,
Patient_377,Discharge,127365.04652590487,complete,,,,,,651.1664299282129
Patient_378,Arrival,126730.81894425544,complete,,0.0,,,,
Patient_378,Origem_do Centro Cirurgico,126730.81894425544,complete,,,do Centro Cirurgico,126730.81894425544,,
Patient_378,CTI (CC),126730.81894425544,start,ctiBeds,0.0,,,,
Patient_378,CTI (CC),135551.02156486484,complete,ctiBeds,0.0,,,,
Patient_378,CTI prepara Encaminhamento,135551.02156486484,start,,0.0,,,,
Patient_378,CTI prepara Encaminhamento,135595.37161301557,complete,,0.0,,,,
Patient_378,Encaminha_Transferencia Externa,135595.37161301557,complete,,,Transferencia Externa,135595.37161301557,,
Patient_378,Discharge,135595.37161301557,complete,,,,,,8864.552668760123
Patient_379,Arrival,126933.80428004394,complete,,0.0,,,,
Patient_379,Origem_da Clinica Medica,126933.80428004394,complete,,,da Clinica Medica,126933.80428004394,,
Patient_379,CTI (CLIM),126933.80428004394,start,ctiBeds,0.0,,,,
Patient_379,CTI (CLIM),129402.98087225315,complete,ctiBeds,0.0,,,,
Patient_379,CTI prepara Encaminhamento,129402.98087225315,start,,0.0,,,,
Patient_379,CTI prepara Encaminhamento,129459.51871196047,complete,,0.0,,,,
Patient_379,Encaminha_para a Clinica Medica,129459.51871196047,complete,,,para a Clinica Medica,129459.51871196047,,
Patient_379,Discharge,129459.51871196047,complete,,,,,,2525.7144319165236
Patient_38,Arrival,9675.577833384004,complete,,0.0,,,,
Patient_38,Origem_do Centro Cirurgico,9675.577833384004,complete,,,do Centro Cirurgico,9675.577833384004,,
Patient_38,CTI (CC),9675.577833384004,start,ctiBeds,0.0,,,,
Patient_38,CTI (CC),11411.052861069127,complete,ctiBeds,0.0,,,,
Patient_38,CTI prepara Encaminhamento,11411.052861069127,start,,0.0,,,,
Patient_38,CTI prepara Encaminhamento,11454.5937410255,complete,,0.0,,,,
Patient_38,Encaminha_Transferencia Externa,11454.5937410255,complete,,,Transferencia Externa,11454.5937410255,,
Patient_38,Discharge,11454.5937410255,complete,,,,,,1779.0159076414948
Patient_380,Arrival,127148.07542394777,complete,,0.0,,,,
Patient_380,Origem_do Pronto Socorro,127148.07542394777,complete,,,do Pronto Socorro,127148.07542394777,,
Patient_380,CTI (PS),127148.07542394777,start,ctiBeds,0.0,,,,
Patient_380,CTI (PS),129165.85020340927,complete,ctiBeds,0.0,,,,
Patient_380,CTI prepara Encaminhamento,129165.85020340927,start,,0.0,,,,
Patient_380,CTI prepara Encaminhamento,129206.26852429975,complete,,0.0,,,,
Patient_380,Encaminha_para a Clinica Medica,129206.26852429975,complete,,,para a Clinica Medica,129206.26852429975,,
Patient_380,Discharge,129206.26852429975,complete,,,,,,2058.193100351986
Patient_381,Arrival,127352.25355130358,complete,,0.0,,,,
Patient_381,Origem_do Pronto Socorro,127352.25355130358,complete,,,do Pronto Socorro,127352.25355130358,,
Patient_381,CTI (PS),127352.25355130358,start,ctiBeds,0.0,,,,
Patient_381,CTI (PS),141971.29448875666,complete,ctiBeds,0.0,,,,
Patient_381,CTI prepara Encaminhamento,141971.29448875666,start,,0.0,,,,
Patient_381,CTI prepara Encaminhamento,142023.1694484999,complete,,0.0,,,,
Patient_381,Encaminha_para a Clinica Medica,142023.1694484999,complete,,,para a Clinica Medica,142023.1694484999,,
Patient_381,Discharge,142023.1694484999,complete,,,,,,14670.915897196304
Patient_382,Arrival,127463.42617778301,complete,,0.0,,,,
Patient_382,Origem_da Clinica Cirurgica,127463.42617778301,complete,,,da Clinica Cirurgica,127463.42617778301,,
Patient_382,CTI (CLIC),127463.42617778301,start,ctiBeds,0.0,,,,
Patient_382,CTI (CLIC),127991.57922589665,complete,ctiBeds,0.0,,,,
Patient_382,CTI prepara Encaminhamento,127991.57922589665,start,,0.0,,,,
Patient_382,CTI prepara Encaminhamento,128029.54230433429,complete,,0.0,,,,
Patient_382,Encaminha_para a Clinica Medica,128029.54230433429,complete,,,para a Clinica Medica,128029.54230433429,,
Patient_382,Discharge,128029.54230433429,complete,,,,,,566.1161265512783
Patient_383,Arrival,127504.50045043028,complete,,0.0,,,,
Patient_383,Origem_do Pronto Socorro,127504.50045043028,complete,,,do Pronto Socorro,127504.50045043028,,
Patient_383,CTI (PS),127504.50045043028,start,ctiBeds,0.0,,,,
Patient_383,CTI (PS),128943.1907442791,complete,ctiBeds,0.0,,,,
Patient_383,CTI prepara Encaminhamento,128943.1907442791,start,,0.0,,,,
Patient_383,CTI prepara Encaminhamento,128987.63999806179,complete,,0.0,,,,
Patient_383,Encaminha_Obito,128987.63999806179,complete,,,Obito,128987.63999806179,,
Patient_383,Discharge,128987.63999806179,complete,,,,,,1483.1395476315083
Patient_384,Arrival,127837.22900471058,complete,,0.0,,,,
Patient_384,Origem_do Centro Cirurgico,127837.22900471058,complete,,,do Centro Cirurgico,127837.22900471058,,
Patient_384,CTI (CC),127837.22900471058,start,ctiBeds,0.0,,,,
Patient_384,CTI (CC),169461.1747688717,complete,ctiBeds,0.0,,,,
Patient_384,CTI prepara Encaminhamento,169461.1747688717,start,,0.0,,,,
Patient_384,CTI prepara Encaminhamento,169514.15749691855,complete,,0.0,,,,
Patient_384,Encaminha_para a Clinica Medica,169514.15749691855,complete,,,para a Clinica Medica,169514.15749691855,,
Patient_384,Discharge,169514.15749691855,complete,,,,,,41676.92849220797
Patient_385,Arrival,127871.3417792964,complete,,0.0,,,,
Patient_385,Origem_do Pronto Socorro,127871.3417792964,complete,,,do Pronto Socorro,127871.3417792964,,
Patient_385,CTI (PS),127871.3417792964,start,ctiBeds,0.0,,,,
Patient_385,CTI (PS),150627.27416692738,complete,ctiBeds,0.0,,,,
Patient_385,CTI prepara Encaminhamento,150627.27416692738,start,,0.0,,,,
Patient_385,CTI prepara Encaminhamento,150683.2287565794,complete,,0.0,,,,
Patient_385,Encaminha_Obito,150683.2287565794,complete,,,Obito,150683.2287565794,,
Patient_385,Discharge,150683.2287565794,complete,,,,,,22811.886977282993
Patient_386,Arrival,127906.00424735137,complete,,0.0,,,,
Patient_386,Origem_da Clinica Medica,127906.00424735137,complete,,,da Clinica Medica,127906.00424735137,,
Patient_386,CTI (CLIM),127906.00424735137,start,ctiBeds,0.0,,,,
Patient_386,CTI (CLIM),139171.37432116838,complete,ctiBeds,0.0,,,,
Patient_386,CTI prepara Encaminhamento,139171.37432116838,start,,0.0,,,,
Patient_386,CTI prepara Encaminhamento,139220.2943714886,complete,,0.0,,,,
Patient_386,Encaminha_para a Clinica Cirurgica,139220.2943714886,complete,,,para a Clinica Cirurgica,139220.2943714886,,
Patient_386,Discharge,139220.2943714886,complete,,,,,,11314.290124137216
Patient_387,Arrival,128515.82879070556,complete,,0.0,,,,
Patient_387,Origem_do Pronto Socorro,128515.82879070556,complete,,,do Pronto Socorro,128515.82879070556,,
Patient_387,CTI (PS),128515.82879070556,start,ctiBeds,0.0,,,,
Patient_387,CTI (PS),130937.22153579538,complete,ctiBeds,0.0,,,,
Patient_387,CTI prepara Encaminhamento,130937.22153579538,start,,0.0,,,,
Patient_387,CTI prepara Encaminhamento,130974.05654211961,complete,,0.0,,,,
Patient_387,Encaminha_para a Clinica Cirurgica,130974.05654211961,complete,,,para a Clinica Cirurgica,130974.05654211961,,
Patient_387,Discharge,130974.05654211961,complete,,,,,,2458.227751414044
Patient_388,Arrival,128526.74043948033,complete,,0.0,,,,
Patient_388,Origem_do Centro Cirurgico,128526.74043948033,complete,,,do Centro Cirurgico,128526.74043948033,,
Patient_388,CTI (CC),128526.74043948033,start,ctiBeds,0.0,,,,
Patient_388,CTI (CC),136454.1344704385,complete,ctiBeds,0.0,,,,
Patient_388,CTI prepara Encaminhamento,136454.1344704385,start,,0.0,,,,
Patient_388,CTI prepara Encaminhamento,136500.14968020862,complete,,0.0,,,,
Patient_388,Encaminha_Obito,136500.14968020862,complete,,,Obito,136500.14968020862,,
Patient_388,Discharge,136500.14968020862,complete,,,,,,7973.409240728288
Patient_389,Arrival,129028.8551964053,complete,,0.0,,,,
Patient_389,Origem_do Pronto Socorro,129028.8551964053,complete,,,do Pronto Socorro,129028.8551964053,,
Patient_389,CTI (PS),129028.8551964053,start,ctiBeds,0.0,,,,
Patient_389,CTI (PS),149000.31787426973,complete,ctiBeds,0.0,,,,
Patient_389,CTI prepara Encaminhamento,149000.31787426973,start,,0.0,,,,
Patient_389,CTI prepara Encaminhamento,149042.60840923814,complete,,0.0,,,,
Patient_389,Encaminha_Obito,149042.60840923814,complete,,,Obito,149042.60840923814,,
Patient_389,Discharge,149042.60840923814,complete,,,,,,20013.75321283283
Patient_39,Arrival,9843.176824546836,complete,,0.0,,,,
Patient_39,Origem_do Centro Cirurgico,9843.176824546836,complete,,,do Centro Cirurgico,9843.176824546836,,
Patient_39,CTI (CC),9843.176824546836,start,ctiBeds,0.0,,,,
Patient_39,CTI (CC),12446.368001394316,complete,ctiBeds,0.0,,,,
Patient_39,CTI prepara Encaminhamento,12446.368001394316,start,,0.0,,,,
Patient_39,CTI prepara Encaminhamento,12496.3947005955,complete,,0.0,,,,
Patient_39,Encaminha_Transferencia Externa,12496.3947005955,complete,,,Transferencia Externa,12496.3947005955,,
Patient_39,Discharge,12496.3947005955,complete,,,,,,2653.217876048664
Patient_390,Arrival,129264.52652366021,complete,,0.0,,,,
Patient_390,Origem_do Pronto Socorro,129264.52652366021,complete,,,do Pronto Socorro,129264.52652366021,,
Patient_390,CTI (PS),129264.52652366021,start,ctiBeds,0.0,,,,
Patient_390,CTI (PS),141894.32950967905,complete,ctiBeds,0.0,,,,
Patient_390,CTI prepara Encaminhamento,141894.32950967905,start,,0.0,,,,
Patient_390,CTI prepara Encaminhamento,141941.31653002385,complete,,0.0,,,,
Patient_390,Encaminha_para a Clinica Cirurgica,141941.31653002385,complete,,,para a Clinica Cirurgica,141941.31653002385,,
Patient_390,Discharge,141941.31653002385,complete,,,,,,12676.790006363633
Patient_391,Arrival,129450.79840765902,complete,,0.0,,,,
Patient_391,Origem_do Pronto Socorro,129450.79840765902,complete,,,do Pronto Socorro,129450.79840765902,,
Patient_391,CTI (PS),129450.79840765902,start,ctiBeds,0.0,,,,
Patient_391,CTI (PS),147024.04385996485,complete,ctiBeds,0.0,,,,
Patient_391,CTI prepara Encaminhamento,147024.04385996485,start,,0.0,,,,
Patient_391,CTI prepara Encaminhamento,147070.73350888066,complete,,0.0,,,,
Patient_391,Encaminha_Obito,147070.73350888066,complete,,,Obito,147070.73350888066,,
Patient_391,Discharge,147070.73350888066,complete,,,,,,17619.935101221636
Patient_392,Arrival,129569.99855931375,complete,,0.0,,,,
Patient_392,Origem_do Pronto Socorro,129569.99855931375,complete,,,do Pronto Socorro,129569.99855931375,,
Patient_392,CTI (PS),129569.99855931375,start,ctiBeds,0.0,,,,
Patient_392,CTI (PS),131604.7229857042,complete,ctiBeds,0.0,,,,
Patient_392,CTI prepara Encaminhamento,131604.7229857042,start,,0.0,,,,
Patient_392,CTI prepara Encaminhamento,131651.43388035658,complete,,0.0,,,,
Patient_392,Encaminha_para a Clinica Medica,131651.43388035658,complete,,,para a Clinica Medica,131651.43388035658,,
Patient_392,Discharge,131651.43388035658,complete,,,,,,2081.4353210428235
Patient_393,Arrival,130259.04081582392,complete,,0.0,,,,
Patient_393,Origem_do Pronto Socorro,130259.04081582392,complete,,,do Pronto Socorro,130259.04081582392,,
Patient_393,CTI (PS),130259.04081582392,start,ctiBeds,0.0,,,,
Patient_393,CTI (PS),152033.0195687926,complete,ctiBeds,0.0,,,,
Patient_393,CTI prepara Encaminhamento,152033.0195687926,start,,0.0,,,,
Patient_393,CTI prepara Encaminhamento,152090.09524942437,complete,,0.0,,,,
Patient_393,Encaminha_para a Clinica Medica,152090.09524942437,complete,,,para a Clinica Medica,152090.09524942437,,
Patient_393,Discharge,152090.09524942437,complete,,,,,,21831.054433600453
Patient_394,Arrival,130527.68839472582,complete,,0.0,,,,
Patient_394,Origem_do Centro Cirurgico,130527.68839472582,complete,,,do Centro Cirurgico,130527.68839472582,,
Patient_394,CTI (CC),130527.68839472582,start,ctiBeds,0.0,,,,
Patient_394,CTI (CC),151802.10042305017,complete,ctiBeds,0.0,,,,
Patient_394,CTI prepara Encaminhamento,151802.10042305017,start,,0.0,,,,
Patient_394,CTI prepara Encaminhamento,151836.64913563235,complete,,0.0,,,,
Patient_394,Encaminha_para a Clinica Medica,151836.64913563235,complete,,,para a Clinica Medica,151836.64913563235,,
Patient_394,Discharge,151836.64913563235,complete,,,,,,21308.960740906536
Patient_395,Arrival,130586.86137671284,complete,,0.0,,,,
Patient_395,Origem_do Centro Cirurgico,130586.86137671284,complete,,,do Centro Cirurgico,130586.86137671284,,
Patient_395,CTI (CC),130586.86137671284,start,ctiBeds,0.0,,,,
Patient_395,CTI (CC),133286.94076158965,complete,ctiBeds,0.0,,,,
Patient_395,CTI prepara Encaminhamento,133286.94076158965,start,,0.0,,,,
Patient_395,CTI prepara Encaminhamento,133333.3284131226,complete,,0.0,,,,
Patient_395,Encaminha_para a Clinica Medica,133333.3284131226,complete,,,para a Clinica Medica,133333.3284131226,,
Patient_395,Discharge,133333.3284131226,complete,,,,,,2746.4670364097547
Patient_396,Arrival,130667.325121621,complete,,0.0,,,,
Patient_396,Origem_da Clinica Cirurgica,130667.325121621,complete,,,da Clinica Cirurgica,130667.325121621,,
Patient_396,CTI (CLIC),130667.325121621,start,ctiBeds,0.0,,,,
Patient_396,CTI (CLIC),143007.41018016866,complete,ctiBeds,0.0,,,,
Patient_396,CTI prepara Encaminhamento,143007.41018016866,start,,0.0,,,,
Patient_396,CTI prepara Encaminhamento,143063.37933046088,complete,,0.0,,,,
Patient_396,Encaminha_para a Clinica Cirurgica,143063.37933046088,complete,,,para a Clinica Cirurgica,143063.37933046088,,
Patient_396,Discharge,143063.37933046088,complete,,,,,,12396.05420883988
Patient_397,Arrival,131011.9170915826,complete,,0.0,,,,
Patient_397,Origem_do Pronto Socorro,131011.9170915826,complete,,,do Pronto Socorro,131011.9170915826,,
Patient_397,CTI (PS),131011.9170915826,start,ctiBeds,0.0,,,,
Patient_397,CTI (PS),132155.9091691874,complete,ctiBeds,0.0,,,,
Patient_397,CTI prepara Encaminhamento,132155.9091691874,start,,0.0,,,,
Patient_397,CTI prepara Encaminhamento,132206.97836447982,complete,,0.0,,,,
Patient_397,Encaminha_para a Clinica Cirurgica,132206.97836447982,complete,,,para a Clinica Cirurgica,132206.97836447982,,
Patient_397,Discharge,132206.97836447982,complete,,,,,,1195.0612728972192
Patient_398,Arrival,131759.2351530548,complete,,0.0,,,,
Patient_398,Origem_da Clinica Medica,131759.2351530548,complete,,,da Clinica Medica,131759.2351530548,,
Patient_398,CTI (CLIM),131759.2351530548,start,ctiBeds,0.0,,,,
Patient_398,CTI (CLIM),135101.86262016735,complete,ctiBeds,0.0,,,,
Patient_398,CTI prepara Encaminhamento,135101.86262016735,start,,0.0,,,,
Patient_398,CTI prepara Encaminhamento,135157.54742309748,complete,,0.0,,,,
Patient_398,Encaminha_para a Clinica Cirurgica,135157.54742309748,complete,,,para a Clinica Cirurgica,135157.54742309748,,
Patient_398,Discharge,135157.54742309748,complete,,,,,,3398.31227004269
Patient_399,Arrival,132172.68128091577,complete,,0.0,,,,
Patient_399,Origem_do Pronto Socorro,132172.68128091577,complete,,,do Pronto Socorro,132172.68128091577,,
Patient_399,CTI (PS),132172.68128091577,start,ctiBeds,0.0,,,,
Patient_399,CTI (PS),134152.87495007773,complete,ctiBeds,0.0,,,,
Patient_399,CTI prepara Encaminhamento,134152.87495007773,start,,0.0,,,,
Patient_399,CTI prepara Encaminhamento,134201.4007764924,complete,,0.0,,,,
Patient_399,Encaminha_para a Clinica Cirurgica,134201.4007764924,complete,,,para a Clinica Cirurgica,134201.4007764924,,
Patient_399,Discharge,134201.4007764924,complete,,,,,,2028.7194955766317
Patient_4,Arrival,456.1531913313369,complete,,0.0,,,,
Patient_4,Origem_do Centro Cirurgico,456.1531913313369,complete,,,do Centro Cirurgico,456.1531913313369,,
Patient_4,CTI (CC),456.1531913313369,start,ctiBeds,0.0,,,,
Patient_4,CTI (CC),3309.2734726313065,complete,ctiBeds,0.0,,,,
Patient_4,CTI prepara Encaminhamento,3309.2734726313065,start,,0.0,,,,
Patient_4,CTI prepara Encaminhamento,3364.6400453287583,complete,,0.0,,,,
Patient_4,Encaminha_para a Clinica Medica,3364.6400453287583,complete,,,para a Clinica Medica,3364.6400453287583,,
Patient_4,Discharge,3364.6400453287583,complete,,,,,,2908.4868539974213
Patient_40,Arrival,10368.590809347457,complete,,0.0,,,,
Patient_40,Origem_do Centro Cirurgico,10368.590809347457,complete,,,do Centro Cirurgico,10368.590809347457,,
Patient_40,CTI (CC),10368.590809347457,start,ctiBeds,0.0,,,,
Patient_40,CTI (CC),12471.236104349822,complete,ctiBeds,0.0,,,,
Patient_40,CTI prepara Encaminhamento,12471.236104349822,start,,0.0,,,,
Patient_40,CTI prepara Encaminhamento,12505.405721324765,complete,,0.0,,,,
Patient_40,Encaminha_para a Clinica Medica,12505.405721324765,complete,,,para a Clinica Medica,12505.405721324765,,
Patient_40,Discharge,12505.405721324765,complete,,,,,,2136.814911977308
Patient_400,Arrival,132447.8917282834,complete,,0.0,,,,
Patient_400,Origem_do Centro Cirurgico,132447.8917282834,complete,,,do Centro Cirurgico,132447.8917282834,,
Patient_400,CTI (CC),132447.8917282834,start,ctiBeds,0.0,,,,
Patient_400,CTI (CC),140943.4252739851,complete,ctiBeds,0.0,,,,
Patient_400,CTI prepara Encaminhamento,140943.4252739851,start,,0.0,,,,
Patient_400,CTI prepara Encaminhamento,140977.0864413438,complete,,0.0,,,,
Patient_400,Encaminha_para a Clinica Medica,140977.0864413438,complete,,,para a Clinica Medica,140977.0864413438,,
Patient_400,Discharge,140977.0864413438,complete,,,,,,8529.194713060395
Patient_401,Arrival,132481.47087536208,complete,,0.0,,,,
Patient_401,Origem_do Centro Cirurgico,132481.47087536208,complete,,,do Centro Cirurgico,132481.47087536208,,
Patient_401,CTI (CC),132481.47087536208,start,ctiBeds,0.0,,,,
Patient_401,CTI (CC),133560.62510499166,complete,ctiBeds,0.0,,,,
Patient_401,CTI prepara Encaminhamento,133560.62510499166,start,,0.0,,,,
Patient_401,CTI prepara Encaminhamento,133601.49353814853,complete,,0.0,,,,
Patient_401,Encaminha_para a Clinica Cirurgica,133601.49353814853,complete,,,para a Clinica Cirurgica,133601.49353814853,,
Patient_401,Discharge,133601.49353814853,complete,,,,,,1120.0226627864467
Patient_402,Arrival,132482.36854344365,complete,,0.0,,,,
Patient_402,Origem_do Pronto Socorro,132482.36854344365,complete,,,do Pronto Socorro,132482.36854344365,,
Patient_402,CTI (PS),132482.36854344365,start,ctiBeds,0.0,,,,
Patient_402,CTI (PS),137197.00543081964,complete,ctiBeds,0.0,,,,
Patient_402,CTI prepara Encaminhamento,137197.00543081964,start,,0.0,,,,
Patient_402,CTI prepara Encaminhamento,137241.83021878634,complete,,0.0,,,,
Patient_402,Encaminha_Obito,137241.83021878634,complete,,,Obito,137241.83021878634,,
Patient_402,Discharge,137241.83021878634,complete,,,,,,4759.461675342696
Patient_403,Arrival,133904.69412622912,complete,,0.0,,,,
Patient_403,Origem_do Centro Cirurgico,133904.69412622912,complete,,,do Centro Cirurgico,133904.69412622912,,
Patient_403,CTI (CC),133904.69412622912,start,ctiBeds,0.0,,,,
Patient_403,CTI (CC),151154.11306837827,complete,ctiBeds,0.0,,,,
Patient_403,CTI prepara Encaminhamento,151154.11306837827,start,,0.0,,,,
Patient_403,CTI prepara Encaminhamento,151194.29836507337,complete,,0.0,,,,
Patient_403,Encaminha_para a Clinica Cirurgica,151194.29836507337,complete,,,para a Clinica Cirurgica,151194.29836507337,,
Patient_403,Discharge,151194.29836507337,complete,,,,,,17289.604238844244
Patient_404,Arrival,134295.6508176705,complete,,0.0,,,,
Patient_404,Origem_do Pronto Socorro,134295.6508176705,complete,,,do Pronto Socorro,134295.6508176705,,
Patient_404,CTI (PS),134295.6508176705,start,ctiBeds,0.0,,,,
Patient_404,CTI (PS),151510.70329049113,complete,ctiBeds,0.0,,,,
Patient_404,CTI prepara Encaminhamento,151510.70329049113,start,,0.0,,,,
Patient_404,CTI prepara Encaminhamento,151541.45798885816,complete,,0.0,,,,
Patient_404,Encaminha_para a Maternidade,151541.45798885816,complete,,,para a Maternidade,151541.45798885816,,
Patient_404,Discharge,151541.45798885816,complete,,,,,,17245.807171187655
Patient_405,Arrival,135157.09503669027,complete,,0.0,,,,
Patient_405,Origem_do Pronto Socorro,135157.09503669027,complete,,,do Pronto Socorro,135157.09503669027,,
Patient_405,CTI (PS),135157.09503669027,start,ctiBeds,0.0,,,,
Patient_405,CTI (PS),140231.59025893404,complete,ctiBeds,0.0,,,,
Patient_405,CTI prepara Encaminhamento,140231.59025893404,start,,0.0,,,,
Patient_405,CTI prepara Encaminhamento,140268.79724712402,complete,,0.0,,,,
Patient_405,Encaminha_para a Clinica Medica,140268.79724712402,complete,,,para a Clinica Medica,140268.79724712402,,
Patient_405,Discharge,140268.79724712402,complete,,,,,,5111.702210433752
Patient_406,Arrival,135412.53054897822,complete,,0.0,,,,
Patient_406,Origem_do Pronto Socorro,135412.53054897822,complete,,,do Pronto Socorro,135412.53054897822,,
Patient_406,CTI (PS),135412.53054897822,start,ctiBeds,0.0,,,,
Patient_406,CTI (PS),141752.65462068812,complete,ctiBeds,0.0,,,,
Patient_406,CTI prepara Encaminhamento,141752.65462068812,start,,0.0,,,,
Patient_406,CTI prepara Encaminhamento,141804.91631830647,complete,,0.0,,,,
Patient_406,Encaminha_para a Clinica Cirurgica,141804.91631830647,complete,,,para a Clinica Cirurgica,141804.91631830647,,
Patient_406,Discharge,141804.91631830647,complete,,,,,,6392.385769328248
Patient_407,Arrival,135574.860429638,complete,,0.0,,,,
Patient_407,Origem_do Pronto Socorro,135574.860429638,complete,,,do Pronto Socorro,135574.860429638,,
Patient_407,CTI (PS),135574.860429638,start,ctiBeds,0.0,,,,
Patient_407,CTI (PS),144112.89008262818,complete,ctiBeds,0.0,,,,
Patient_407,CTI prepara Encaminhamento,144112.89008262818,start,,0.0,,,,
Patient_407,CTI prepara Encaminhamento,144170.23675815188,complete,,0.0,,,,
Patient_407,Encaminha_para a Clinica Medica,144170.23675815188,complete,,,para a Clinica Medica,144170.23675815188,,
Patient_407,Discharge,144170.23675815188,complete,,,,,,8595.37632851387
Patient_408,Arrival,135642.19009798366,complete,,0.0,,,,
Patient_408,Origem_do Centro Cirurgico,135642.19009798366,complete,,,do Centro Cirurgico,135642.19009798366,,
Patient_408,CTI (CC),135642.19009798366,start,ctiBeds,0.0,,,,
Patient_408,CTI (CC),151674.6481203708,complete,ctiBeds,0.0,,,,
Patient_408,CTI prepara Encaminhamento,151674.6481203708,start,,0.0,,,,
Patient_408,CTI prepara Encaminhamento,151719.808317449,complete,,0.0,,,,
Patient_408,Encaminha_para a Clinica Cirurgica,151719.808317449,complete,,,para a Clinica Cirurgica,151719.808317449,,
Patient_408,Discharge,151719.808317449,complete,,,,,,16077.618219465337
Patient_409,Arrival,136734.88468325319,complete,,0.0,,,,
Patient_409,Origem_do Centro Cirurgico,136734.88468325319,complete,,,do Centro Cirurgico,136734.88468325319,,
Patient_409,CTI (CC),136734.88468325319,start,ctiBeds,0.0,,,,
Patient_409,CTI (CC),137389.92763917436,complete,ctiBeds,0.0,,,,
Patient_409,CTI prepara Encaminhamento,137389.92763917436,start,,0.0,,,,
Patient_409,CTI prepara Encaminhamento,137428.6082263036,complete,,0.0,,,,
Patient_409,Encaminha_Obito,137428.6082263036,complete,,,Obito,137428.6082263036,,
Patient_409,Discharge,137428.6082263036,complete,,,,,,693.7235430504079
Patient_41,Arrival,10671.146297603533,complete,,0.0,,,,
Patient_41,Origem_da Clinica Cirurgica,10671.146297603533,complete,,,da Clinica Cirurgica,10671.146297603533,,
Patient_41,CTI (CLIC),10671.146297603533,start,ctiBeds,0.0,,,,
Patient_41,CTI (CLIC),11782.940028992565,complete,ctiBeds,0.0,,,,
Patient_41,CTI prepara Encaminhamento,11782.940028992565,start,,0.0,,,,
Patient_41,CTI prepara Encaminhamento,11825.2586734147,complete,,0.0,,,,
Patient_41,Encaminha_para a Clinica Cirurgica,11825.2586734147,complete,,,para a Clinica Cirurgica,11825.2586734147,,
Patient_41,Discharge,11825.2586734147,complete,,,,,,1154.112375811168
Patient_410,Arrival,136971.61246669493,complete,,0.0,,,,
Patient_410,Origem_do Pronto Socorro,136971.61246669493,complete,,,do Pronto Socorro,136971.61246669493,,
Patient_410,CTI (PS),136971.61246669493,start,ctiBeds,0.0,,,,
Patient_410,CTI (PS),150509.11436465025,complete,ctiBeds,0.0,,,,
Patient_410,CTI prepara Encaminhamento,150509.11436465025,start,,0.0,,,,
Patient_410,CTI prepara Encaminhamento,150554.40738239585,complete,,0.0,,,,
Patient_410,Encaminha_para a Clinica Medica,150554.40738239585,complete,,,para a Clinica Medica,150554.40738239585,,
Patient_410,Discharge,150554.40738239585,complete,,,,,,13582.794915700913
Patient_411,Arrival,137306.6111843374,complete,,0.0,,,,
Patient_411,Origem_do Centro Cirurgico,137306.6111843374,complete,,,do Centro Cirurgico,137306.6111843374,,
Patient_411,CTI (CC),137306.6111843374,start,ctiBeds,0.0,,,,
Patient_411,CTI (CC),144409.42977041524,complete,ctiBeds,0.0,,,,
Patient_411,CTI prepara Encaminhamento,144409.42977041524,start,,0.0,,,,
Patient_411,CTI prepara Encaminhamento,144454.0081610807,complete,,0.0,,,,
Patient_411,Encaminha_para a Clinica Medica,144454.0081610807,complete,,,para a Clinica Medica,144454.0081610807,,
Patient_411,Discharge,144454.0081610807,complete,,,,,,7147.396976743301
Patient_412,Arrival,137717.07947253095,complete,,0.0,,,,
Patient_412,Origem_do Centro Cirurgico,137717.07947253095,complete,,,do Centro Cirurgico,137717.07947253095,,
Patient_412,CTI (CC),137717.07947253095,start,ctiBeds,0.0,,,,
Patient_412,CTI (CC),152464.0712258336,complete,ctiBeds,0.0,,,,
Patient_412,CTI prepara Encaminhamento,152464.0712258336,start,,0.0,,,,
Patient_412,CTI prepara Encaminhamento,152499.25091335562,complete,,0.0,,,,
Patient_412,Encaminha_Obito,152499.25091335562,complete,,,Obito,152499.25091335562,,
Patient_412,Discharge,152499.25091335562,complete,,,,,,14782.171440824663
Patient_413,Arrival,138044.87494184272,complete,,0.0,,,,
Patient_413,Origem_do Centro Cirurgico,138044.87494184272,complete,,,do Centro Cirurgico,138044.87494184272,,
Patient_413,CTI (CC),138044.87494184272,start,ctiBeds,0.0,,,,
Patient_413,CTI (CC),139837.72573621848,complete,ctiBeds,0.0,,,,
Patient_413,CTI prepara Encaminhamento,139837.72573621848,start,,0.0,,,,
Patient_413,CTI prepara Encaminhamento,139868.95593779755,complete,,0.0,,,,
Patient_413,Encaminha_Obito,139868.95593779755,complete,,,Obito,139868.95593779755,,
Patient_413,Discharge,139868.95593779755,complete,,,,,,1824.080995954835
Patient_414,Arrival,138604.57963392322,complete,,0.0,,,,
Patient_414,Origem_da Clinica Cirurgica,138604.57963392322,complete,,,da Clinica Cirurgica,138604.57963392322,,
Patient_414,CTI (CLIC),138604.57963392322,start,ctiBeds,0.0,,,,
Patient_414,CTI (CLIC),141120.47859633292,complete,ctiBeds,0.0,,,,
Patient_414,CTI prepara Encaminhamento,141120.47859633292,start,,0.0,,,,
Patient_414,CTI prepara Encaminhamento,141157.54964712396,complete,,0.0,,,,
Patient_414,Encaminha_para a Clinica Medica,141157.54964712396,complete,,,para a Clinica Medica,141157.54964712396,,
Patient_414,Discharge,141157.54964712396,complete,,,,,,2552.970013200742
Patient_415,Arrival,138956.6406304513,complete,,0.0,,,,
Patient_415,Origem_do Centro Cirurgico,138956.6406304513,complete,,,do Centro Cirurgico,138956.6406304513,,
Patient_415,CTI (CC),138956.6406304513,start,ctiBeds,0.0,,,,
Patient_415,CTI (CC),140947.07523188647,complete,ctiBeds,0.0,,,,
Patient_415,CTI prepara Encaminhamento,140947.07523188647,start,,0.0,,,,
Patient_415,CTI prepara Encaminhamento,140977.9454896302,complete,,0.0,,,,
Patient_415,Encaminha_para a Clinica Medica,140977.9454896302,complete,,,para a Clinica Medica,140977.9454896302,,
Patient_415,Discharge,140977.9454896302,complete,,,,,,2021.3048591788975
Patient_416,Arrival,139183.02803262768,complete,,0.0,,,,
Patient_416,Origem_do Pronto Socorro,139183.02803262768,complete,,,do Pronto Socorro,139183.02803262768,,
Patient_416,CTI (PS),139183.02803262768,start,ctiBeds,0.0,,,,
Patient_416,CTI (PS),141164.89321145104,complete,ctiBeds,0.0,,,,
Patient_416,CTI prepara Encaminhamento,141164.89321145104,start,,0.0,,,,
Patient_416,CTI prepara Encaminhamento,141219.449535848,complete,,0.0,,,,
Patient_416,Encaminha_para a Clinica Medica,141219.449535848,complete,,,para a Clinica Medica,141219.449535848,,
Patient_416,Discharge,141219.449535848,complete,,,,,,2036.4215032203065
Patient_417,Arrival,139877.73689230555,complete,,0.0,,,,
Patient_417,Origem_da Clinica Medica,139877.73689230555,complete,,,da Clinica Medica,139877.73689230555,,
Patient_417,CTI (CLIM),139877.73689230555,start,ctiBeds,0.0,,,,
Patient_417,CTI (CLIM),151694.48634511358,complete,ctiBeds,0.0,,,,
Patient_417,CTI prepara Encaminhamento,151694.48634511358,start,,0.0,,,,
Patient_417,CTI prepara Encaminhamento,151728.4299148385,complete,,0.0,,,,
Patient_417,Encaminha_Obito,151728.4299148385,complete,,,Obito,151728.4299148385,,
Patient_417,Discharge,151728.4299148385,complete,,,,,,11850.693022532942
Patient_418,Arrival,140574.15289799406,complete,,0.0,,,,
Patient_418,Origem_do Centro Cirurgico,140574.15289799406,complete,,,do Centro Cirurgico,140574.15289799406,,
Patient_418,CTI (CC),140574.15289799406,start,ctiBeds,0.0,,,,
Patient_418,CTI (CC),153546.77955833275,complete,ctiBeds,0.0,,,,
Patient_418,CTI prepara Encaminhamento,153546.77955833275,start,,0.0,,,,
Patient_418,CTI prepara Encaminhamento,153603.97274569815,complete,,0.0,,,,
Patient_418,Encaminha_para a Clinica Cirurgica,153603.97274569815,complete,,,para a Clinica Cirurgica,153603.97274569815,,
Patient_418,Discharge,153603.97274569815,complete,,,,,,13029.819847704086
Patient_419,Arrival,141102.61446949316,complete,,0.0,,,,
Patient_419,Origem_do Centro Cirurgico,141102.61446949316,complete,,,do Centro Cirurgico,141102.61446949316,,
Patient_419,CTI (CC),141102.61446949316,start,ctiBeds,0.0,,,,
Patient_419,CTI (CC),182147.81783661546,complete,ctiBeds,0.0,,,,
Patient_419,CTI prepara Encaminhamento,182147.81783661546,start,,0.0,,,,
Patient_419,CTI prepara Encaminhamento,182180.13141280468,complete,,0.0,,,,
Patient_419,Encaminha_para a Clinica Cirurgica,182180.13141280468,complete,,,para a Clinica Cirurgica,182180.13141280468,,
Patient_419,Discharge,182180.13141280468,complete,,,,,,41077.51694331152
Patient_42,Arrival,10718.553043007447,complete,,0.0,,,,
Patient_42,Origem_do Pronto Socorro,10718.553043007447,complete,,,do Pronto Socorro,10718.553043007447,,
Patient_42,CTI (PS),10718.553043007447,start,ctiBeds,0.0,,,,
Patient_42,CTI (PS),23270.544110887768,complete,ctiBeds,0.0,,,,
Patient_42,CTI prepara Encaminhamento,23270.544110887768,start,,0.0,,,,
Patient_42,CTI prepara Encaminhamento,23314.30751474405,complete,,0.0,,,,
Patient_42,Encaminha_Transferencia Externa,23314.30751474405,complete,,,Transferencia Externa,23314.30751474405,,
Patient_42,Discharge,23314.30751474405,complete,,,,,,12595.754471736604
Patient_420,Arrival,142051.4972035687,complete,,0.0,,,,
Patient_420,Origem_do Pronto Socorro,142051.4972035687,complete,,,do Pronto Socorro,142051.4972035687,,
Patient_420,CTI (PS),142051.4972035687,start,ctiBeds,0.0,,,,
Patient_420,CTI (PS),152397.76411479645,complete,ctiBeds,0.0,,,,
Patient_420,CTI prepara Encaminhamento,152397.76411479645,start,,0.0,,,,
Patient_420,CTI prepara Encaminhamento,152453.1854623076,complete,,0.0,,,,
Patient_420,Encaminha_Obito,152453.1854623076,complete,,,Obito,152453.1854623076,,
Patient_420,Discharge,152453.1854623076,complete,,,,,,10401.688258738897
Patient_421,Arrival,142858.76966195134,complete,,0.0,,,,
Patient_421,Origem_do Centro Cirurgico,142858.76966195134,complete,,,do Centro Cirurgico,142858.76966195134,,
Patient_421,CTI (CC),142858.76966195134,start,ctiBeds,0.0,,,,
Patient_421,CTI (CC),147246.7867456708,complete,ctiBeds,0.0,,,,
Patient_421,CTI prepara Encaminhamento,147246.7867456708,start,,0.0,,,,
Patient_421,CTI prepara Encaminhamento,147301.27321270478,complete,,0.0,,,,
Patient_421,Encaminha_para a Clinica Medica,147301.27321270478,complete,,,para a Clinica Medica,147301.27321270478,,
Patient_421,Discharge,147301.27321270478,complete,,,,,,4442.503550753434
Patient_422,Arrival,143482.51924317304,complete,,0.0,,,,
Patient_422,Origem_do Centro Cirurgico,143482.51924317304,complete,,,do Centro Cirurgico,143482.51924317304,,
Patient_422,CTI (CC),143482.51924317304,start,ctiBeds,0.0,,,,
Patient_422,CTI (CC),144204.93915924596,complete,ctiBeds,0.0,,,,
Patient_422,CTI prepara Encaminhamento,144204.93915924596,start,,0.0,,,,
Patient_422,CTI prepara Encaminhamento,144251.62119599784,complete,,0.0,,,,
Patient_422,Encaminha_para a Clinica Cirurgica,144251.62119599784,complete,,,para a Clinica Cirurgica,144251.62119599784,,
Patient_422,Discharge,144251.62119599784,complete,,,,,,769.1019528247998
Patient_423,Arrival,143532.04317551132,complete,,0.0,,,,
Patient_423,Origem_do Centro Cirurgico,143532.04317551132,complete,,,do Centro Cirurgico,143532.04317551132,,
Patient_423,CTI (CC),143532.04317551132,start,ctiBeds,0.0,,,,
Patient_423,CTI (CC),167241.77529055433,complete,ctiBeds,0.0,,,,
Patient_423,CTI prepara Encaminhamento,167241.77529055433,start,,0.0,,,,
Patient_423,CTI prepara Encaminhamento,167279.63183045166,complete,,0.0,,,,
Patient_423,Encaminha_para a Clinica Cirurgica,167279.63183045166,complete,,,para a Clinica Cirurgica,167279.63183045166,,
Patient_423,Discharge,167279.63183045166,complete,,,,,,23747.588654940337
Patient_424,Arrival,143865.14644203,complete,,0.0,,,,
Patient_424,Origem_do Centro Cirurgico,143865.14644203,complete,,,do Centro Cirurgico,143865.14644203,,
Patient_424,CTI (CC),143865.14644203,start,ctiBeds,0.0,,,,
Patient_424,CTI (CC),144838.59169047335,complete,ctiBeds,0.0,,,,
Patient_424,CTI prepara Encaminhamento,144838.59169047335,start,,0.0,,,,
Patient_424,CTI prepara Encaminhamento,144889.64886895605,complete,,0.0,,,,
Patient_424,Encaminha_para a Clinica Medica,144889.64886895605,complete,,,para a Clinica Medica,144889.64886895605,,
Patient_424,Discharge,144889.64886895605,complete,,,,,,1024.5024269260466
Patient_425,Arrival,144120.84879668258,complete,,0.0,,,,
Patient_425,Origem_do Pronto Socorro,144120.84879668258,complete,,,do Pronto Socorro,144120.84879668258,,
Patient_425,CTI (PS),144120.84879668258,start,ctiBeds,0.0,,,,
Patient_425,CTI (PS),159429.5074509604,complete,ctiBeds,0.0,,,,
Patient_425,CTI prepara Encaminhamento,159429.5074509604,start,,0.0,,,,
Patient_425,CTI prepara Encaminhamento,159472.7886745213,complete,,0.0,,,,
Patient_425,Encaminha_Obito,159472.7886745213,complete,,,Obito,159472.7886745213,,
Patient_425,Discharge,159472.7886745213,complete,,,,,,15351.939877838711
Patient_426,Arrival,144583.67339722958,complete,,0.0,,,,
Patient_426,Origem_do Pronto Socorro,144583.67339722958,complete,,,do Pronto Socorro,144583.67339722958,,
Patient_426,CTI (PS),144583.67339722958,start,ctiBeds,0.0,,,,
Patient_426,CTI (PS),154733.77109531985,complete,ctiBeds,0.0,,,,
Patient_426,CTI prepara Encaminhamento,154733.77109531985,start,,0.0,,,,
Patient_426,CTI prepara Encaminhamento,154788.88424332222,complete,,0.0,,,,
Patient_426,Encaminha_para a Clinica Medica,154788.88424332222,complete,,,para a Clinica Medica,154788.88424332222,,
Patient_426,Discharge,154788.88424332222,complete,,,,,,10205.21084609264
Patient_427,Arrival,144644.0397027897,complete,,0.0,,,,
Patient_427,Origem_da Clinica Cirurgica,144644.0397027897,complete,,,da Clinica Cirurgica,144644.0397027897,,
Patient_427,CTI (CLIC),144644.0397027897,start,ctiBeds,0.0,,,,
Patient_427,CTI (CLIC),150796.05123548672,complete,ctiBeds,0.0,,,,
Patient_427,CTI prepara Encaminhamento,150796.05123548672,start,,0.0,,,,
Patient_427,CTI prepara Encaminhamento,150838.042739023,complete,,0.0,,,,
Patient_427,Encaminha_para a Clinica Medica,150838.042739023,complete,,,para a Clinica Medica,150838.042739023,,
Patient_427,Discharge,150838.042739023,complete,,,,,,6194.003036233276
Patient_428,Arrival,146179.67161745226,complete,,0.0,,,,
Patient_428,Origem_da Maternidade,146179.67161745226,complete,,,da Maternidade,146179.67161745226,,
Patient_428,CTI (MAT),146179.67161745226,start,ctiBeds,0.0,,,,
Patient_428,CTI (MAT),148959.56283742114,complete,ctiBeds,0.0,,,,
Patient_428,CTI prepara Encaminhamento,148959.56283742114,start,,0.0,,,,
Patient_428,CTI prepara Encaminhamento,149004.9720823648,complete,,0.0,,,,
Patient_428,Encaminha_para a Clinica Cirurgica,149004.9720823648,complete,,,para a Clinica Cirurgica,149004.9720823648,,
Patient_428,Discharge,149004.9720823648,complete,,,,,,2825.3004649125505
Patient_429,Arrival,147257.2750310841,complete,,0.0,,,,
Patient_429,Origem_do Centro Cirurgico,147257.2750310841,complete,,,do Centro Cirurgico,147257.2750310841,,
Patient_429,CTI (CC),147257.2750310841,start,ctiBeds,0.0,,,,
Patient_429,CTI (CC),147700.06771064823,complete,ctiBeds,0.0,,,,
Patient_429,CTI prepara Encaminhamento,147700.06771064823,start,,0.0,,,,
Patient_429,CTI prepara Encaminhamento,147746.0503941269,complete,,0.0,,,,
Patient_429,Encaminha_para a Clinica Medica,147746.0503941269,complete,,,para a Clinica Medica,147746.0503941269,,
Patient_429,Discharge,147746.0503941269,complete,,,,,,488.7753630428051
Patient_43,Arrival,10759.592231569837,complete,,0.0,,,,
Patient_43,Origem_do Pronto Socorro,10759.592231569837,complete,,,do Pronto Socorro,10759.592231569837,,
Patient_43,CTI (PS),10759.592231569837,start,ctiBeds,0.0,,,,
Patient_43,CTI (PS),45633.778690384366,complete,ctiBeds,0.0,,,,
Patient_43,CTI prepara Encaminhamento,45633.778690384366,start,,0.0,,,,
Patient_43,CTI prepara Encaminhamento,45691.74733489687,complete,,0.0,,,,
Patient_43,Encaminha_Obito,45691.74733489687,complete,,,Obito,45691.74733489687,,
Patient_43,Discharge,45691.74733489687,complete,,,,,,34932.15510332704
Patient_430,Arrival,147816.38346171877,complete,,0.0,,,,
Patient_430,Origem_do Pronto Socorro,147816.38346171877,complete,,,do Pronto Socorro,147816.38346171877,,
Patient_430,CTI (PS),147816.38346171877,start,ctiBeds,0.0,,,,
Patient_430,CTI (PS),176304.73799563508,complete,ctiBeds,0.0,,,,
Patient_430,CTI prepara Encaminhamento,176304.73799563508,start,,0.0,,,,
Patient_430,CTI prepara Encaminhamento,176338.26351265682,complete,,0.0,,,,
Patient_430,Encaminha_Obito,176338.26351265682,complete,,,Obito,176338.26351265682,,
Patient_430,Discharge,176338.26351265682,complete,,,,,,28521.880050938053
Patient_431,Arrival,148109.85152048426,complete,,0.0,,,,
Patient_431,Origem_do Centro Cirurgico,148109.85152048426,complete,,,do Centro Cirurgico,148109.85152048426,,
Patient_431,CTI (CC),148109.85152048426,start,ctiBeds,0.0,,,,
Patient_431,CTI (CC),149224.60321622094,complete,ctiBeds,0.0,,,,
Patient_431,CTI prepara Encaminhamento,149224.60321622094,start,,0.0,,,,
Patient_431,CTI prepara Encaminhamento,149268.87562253446,complete,,0.0,,,,
Patient_431,Encaminha_para a Clinica Medica,149268.87562253446,complete,,,para a Clinica Medica,149268.87562253446,,
Patient_431,Discharge,149268.87562253446,complete,,,,,,1159.0241020501999
Patient_432,Arrival,148569.44217052488,complete,,0.0,,,,
Patient_432,Origem_do Centro Cirurgico,148569.44217052488,complete,,,do Centro Cirurgico,148569.44217052488,,
Patient_432,CTI (CC),148569.44217052488,start,ctiBeds,0.0,,,,
Patient_432,CTI (CC),149703.01753742437,complete,ctiBeds,0.0,,,,
Patient_432,CTI prepara Encaminhamento,149703.01753742437,start,,0.0,,,,
Patient_432,CTI prepara Encaminhamento,149742.04932681785,complete,,0.0,,,,
Patient_432,Encaminha_para a Clinica Cirurgica,149742.04932681785,complete,,,para a Clinica Cirurgica,149742.04932681785,,
Patient_432,Discharge,149742.04932681785,complete,,,,,,1172.607156292972
Patient_433,Arrival,149172.56424185948,complete,,0.0,,,,
Patient_433,Origem_do Centro Cirurgico,149172.56424185948,complete,,,do Centro Cirurgico,149172.56424185948,,
Patient_433,CTI (CC),149172.56424185948,start,ctiBeds,0.0,,,,
Patient_433,CTI (CC),153411.52094738156,complete,ctiBeds,0.0,,,,
Patient_433,CTI prepara Encaminhamento,153411.52094738156,start,,0.0,,,,
Patient_433,CTI prepara Encaminhamento,153459.27911041747,complete,,0.0,,,,
Patient_433,Encaminha_Transferencia Externa,153459.27911041747,complete,,,Transferencia Externa,153459.27911041747,,
Patient_433,Discharge,153459.27911041747,complete,,,,,,4286.714868557989
Patient_434,Arrival,150190.03025040752,complete,,0.0,,,,
Patient_434,Origem_da Clinica Cirurgica,150190.03025040752,complete,,,da Clinica Cirurgica,150190.03025040752,,
Patient_434,CTI (CLIC),150190.03025040752,start,ctiBeds,0.0,,,,
Patient_434,CTI (CLIC),195202.04665189906,complete,ctiBeds,0.0,,,,
Patient_434,CTI prepara Encaminhamento,195202.04665189906,start,,0.0,,,,
Patient_434,CTI prepara Encaminhamento,195257.29588595053,complete,,0.0,,,,
Patient_434,Encaminha_para a Clinica Cirurgica,195257.29588595053,complete,,,para a Clinica Cirurgica,195257.29588595053,,
Patient_434,Discharge,195257.29588595053,complete,,,,,,45067.26563554301
Patient_435,Arrival,151078.7107474092,complete,,0.0,,,,
Patient_435,Origem_do Pronto Socorro,151078.7107474092,complete,,,do Pronto Socorro,151078.7107474092,,
Patient_435,CTI (PS),151078.7107474092,start,ctiBeds,0.0,,,,
Patient_435,CTI (PS),167744.77544401432,complete,ctiBeds,0.0,,,,
Patient_435,CTI prepara Encaminhamento,167744.77544401432,start,,0.0,,,,
Patient_435,CTI prepara Encaminhamento,167786.46954796987,complete,,0.0,,,,
Patient_435,Encaminha_para a Clinica Medica,167786.46954796987,complete,,,para a Clinica Medica,167786.46954796987,,
Patient_435,Discharge,167786.46954796987,complete,,,,,,16707.758800560667
Patient_436,Arrival,151795.91548212897,complete,,0.0,,,,
Patient_436,Origem_do Centro Cirurgico,151795.91548212897,complete,,,do Centro Cirurgico,151795.91548212897,,
Patient_436,CTI (CC),151795.91548212897,start,ctiBeds,0.0,,,,
Patient_436,CTI (CC),152708.34447732157,complete,ctiBeds,0.0,,,,
Patient_436,CTI prepara Encaminhamento,152708.34447732157,start,,0.0,,,,
Patient_436,CTI prepara Encaminhamento,152741.73498977392,complete,,0.0,,,,
Patient_436,Encaminha_para a Clinica Cirurgica,152741.73498977392,complete,,,para a Clinica Cirurgica,152741.73498977392,,
Patient_436,Discharge,152741.73498977392,complete,,,,,,945.8195076449483
Patient_437,Arrival,152058.52452934827,complete,,0.0,,,,
Patient_437,Origem_do Centro Cirurgico,152058.52452934827,complete,,,do Centro Cirurgico,152058.52452934827,,
Patient_437,CTI (CC),152058.52452934827,start,ctiBeds,0.0,,,,
Patient_437,CTI (CC),172797.1731389253,complete,ctiBeds,0.0,,,,
Patient_437,CTI prepara Encaminhamento,172797.1731389253,start,,0.0,,,,
Patient_437,CTI prepara Encaminhamento,172840.94629424214,complete,,0.0,,,,
Patient_437,Encaminha_Obito,172840.94629424214,complete,,,Obito,172840.94629424214,,
Patient_437,Discharge,172840.94629424214,complete,,,,,,20782.421764893865
Patient_438,Arrival,152470.94377438538,complete,,0.0,,,,
Patient_438,Origem_do Pronto Socorro,152470.94377438538,complete,,,do Pronto Socorro,152470.94377438538,,
Patient_438,CTI (PS),152470.94377438538,start,ctiBeds,0.0,,,,
Patient_438,CTI (PS),169326.25439642608,complete,ctiBeds,0.0,,,,
Patient_438,CTI prepara Encaminhamento,169326.25439642608,start,,0.0,,,,
Patient_438,CTI prepara Encaminhamento,169360.4467330878,complete,,0.0,,,,
Patient_438,Encaminha_Transferencia Externa,169360.4467330878,complete,,,Transferencia Externa,169360.4467330878,,
Patient_438,Discharge,169360.4467330878,complete,,,,,,16889.50295870242
Patient_439,Arrival,152864.94135267523,complete,,0.0,,,,
Patient_439,Origem_do Centro Cirurgico,152864.94135267523,complete,,,do Centro Cirurgico,152864.94135267523,,
Patient_439,CTI (CC),152864.94135267523,start,ctiBeds,0.0,,,,
Patient_439,CTI (CC),283027.28307228663,complete,ctiBeds,0.0,,,,
Patient_439,CTI prepara Encaminhamento,283027.28307228663,start,,0.0,,,,
Patient_439,CTI prepara Encaminhamento,283069.84804186784,complete,,0.0,,,,
Patient_439,Encaminha_para a Clinica Cirurgica,283069.84804186784,complete,,,para a Clinica Cirurgica,283069.84804186784,,
Patient_439,Discharge,283069.84804186784,complete,,,,,,130204.9066891926
Patient_44,Arrival,11078.250562947023,complete,,0.0,,,,
Patient_44,Origem_do Pronto Socorro,11078.250562947023,complete,,,do Pronto Socorro,11078.250562947023,,
Patient_44,CTI (PS),11078.250562947023,start,ctiBeds,0.0,,,,
Patient_44,CTI (PS),24327.373498944515,complete,ctiBeds,0.0,,,,
Patient_44,CTI prepara Encaminhamento,24327.373498944515,start,,0.0,,,,
Patient_44,CTI prepara Encaminhamento,24364.489220322295,complete,,0.0,,,,
Patient_44,Encaminha_para a Maternidade,24364.489220322295,complete,,,para a Maternidade,24364.489220322295,,
Patient_44,Discharge,24364.489220322295,complete,,,,,,13286.238657375272
Patient_440,Arrival,153801.06965374958,complete,,0.0,,,,
Patient_440,Origem_do Centro Cirurgico,153801.06965374958,complete,,,do Centro Cirurgico,153801.06965374958,,
Patient_440,CTI (CC),153801.06965374958,start,ctiBeds,0.0,,,,
Patient_440,CTI (CC),163850.12505231955,complete,ctiBeds,0.0,,,,
Patient_440,CTI prepara Encaminhamento,163850.12505231955,start,,0.0,,,,
Patient_440,CTI prepara Encaminhamento,163901.1805917616,complete,,0.0,,,,
Patient_440,Encaminha_para a Clinica Medica,163901.1805917616,complete,,,para a Clinica Medica,163901.1805917616,,
Patient_440,Discharge,163901.1805917616,complete,,,,,,10100.110938012018
Patient_441,Arrival,154133.70466499944,complete,,0.0,,,,
Patient_441,Origem_do Centro Cirurgico,154133.70466499944,complete,,,do Centro Cirurgico,154133.70466499944,,
Patient_441,CTI (CC),154133.70466499944,start,ctiBeds,0.0,,,,
Patient_441,CTI (CC),161687.9759423789,complete,ctiBeds,0.0,,,,
Patient_441,CTI prepara Encaminhamento,161687.9759423789,start,,0.0,,,,
Patient_441,CTI prepara Encaminhamento,161741.8595793587,complete,,0.0,,,,
Patient_441,Encaminha_para a Clinica Cirurgica,161741.8595793587,complete,,,para a Clinica Cirurgica,161741.8595793587,,
Patient_441,Discharge,161741.8595793587,complete,,,,,,7608.154914359242
Patient_442,Arrival,154976.67991809378,complete,,0.0,,,,
Patient_442,Origem_do Centro Cirurgico,154976.67991809378,complete,,,do Centro Cirurgico,154976.67991809378,,
Patient_442,CTI (CC),154976.67991809378,start,ctiBeds,0.0,,,,
Patient_442,CTI (CC),158512.02015173165,complete,ctiBeds,0.0,,,,
Patient_442,CTI prepara Encaminhamento,158512.02015173165,start,,0.0,,,,
Patient_442,CTI prepara Encaminhamento,158567.33377832168,complete,,0.0,,,,
Patient_442,Encaminha_Transferencia Externa,158567.33377832168,complete,,,Transferencia Externa,158567.33377832168,,
Patient_442,Discharge,158567.33377832168,complete,,,,,,3590.6538602279034
Patient_443,Arrival,155360.61781440472,complete,,0.0,,,,
Patient_443,Origem_do Centro Cirurgico,155360.61781440472,complete,,,do Centro Cirurgico,155360.61781440472,,
Patient_443,CTI (CC),155360.61781440472,start,ctiBeds,0.0,,,,
Patient_443,CTI (CC),158324.7624534939,complete,ctiBeds,0.0,,,,
Patient_443,CTI prepara Encaminhamento,158324.7624534939,start,,0.0,,,,
Patient_443,CTI prepara Encaminhamento,158367.70439853144,complete,,0.0,,,,
Patient_443,Encaminha_para a Clinica Medica,158367.70439853144,complete,,,para a Clinica Medica,158367.70439853144,,
Patient_443,Discharge,158367.70439853144,complete,,,,,,3007.0865841267223
Patient_444,Arrival,156850.6866854275,complete,,0.0,,,,
Patient_444,Origem_do Pronto Socorro,156850.6866854275,complete,,,do Pronto Socorro,156850.6866854275,,
Patient_444,CTI (PS),156850.6866854275,start,ctiBeds,0.0,,,,
Patient_444,CTI (PS),159173.471700837,complete,ctiBeds,0.0,,,,
Patient_444,CTI prepara Encaminhamento,159173.471700837,start,,0.0,,,,
Patient_444,CTI prepara Encaminhamento,159224.40823953753,complete,,0.0,,,,
Patient_444,Encaminha_para a Clinica Medica,159224.40823953753,complete,,,para a Clinica Medica,159224.40823953753,,
Patient_444,Discharge,159224.40823953753,complete,,,,,,2373.7215541100304
Patient_445,Arrival,156926.5633001527,complete,,0.0,,,,
Patient_445,Origem_do Pronto Socorro,156926.5633001527,complete,,,do Pronto Socorro,156926.5633001527,,
Patient_445,CTI (PS),156926.5633001527,start,ctiBeds,0.0,,,,
Patient_445,CTI (PS),170033.6928426501,complete,ctiBeds,0.0,,,,
Patient_445,CTI prepara Encaminhamento,170033.6928426501,start,,0.0,,,,
Patient_445,CTI prepara Encaminhamento,170079.57494424848,complete,,0.0,,,,
Patient_445,Encaminha_para a Clinica Medica,170079.57494424848,complete,,,para a Clinica Medica,170079.57494424848,,
Patient_445,Discharge,170079.57494424848,complete,,,,,,13153.011644095794
Patient_446,Arrival,157334.89296528616,complete,,0.0,,,,
Patient_446,Origem_do Centro Cirurgico,157334.89296528616,complete,,,do Centro Cirurgico,157334.89296528616,,
Patient_446,CTI (CC),157334.89296528616,start,ctiBeds,0.0,,,,
Patient_446,CTI (CC),168577.80130997126,complete,ctiBeds,0.0,,,,
Patient_446,CTI prepara Encaminhamento,168577.80130997126,start,,0.0,,,,
Patient_446,CTI prepara Encaminhamento,168618.14566604004,complete,,0.0,,,,
Patient_446,Encaminha_para a Clinica Cirurgica,168618.14566604004,complete,,,para a Clinica Cirurgica,168618.14566604004,,
Patient_446,Discharge,168618.14566604004,complete,,,,,,11283.252700753888
Patient_447,Arrival,157520.58621546417,complete,,0.0,,,,
Patient_447,Origem_do Pronto Socorro,157520.58621546417,complete,,,do Pronto Socorro,157520.58621546417,,
Patient_447,CTI (PS),157520.58621546417,start,ctiBeds,0.0,,,,
Patient_447,CTI (PS),159552.1047311115,complete,ctiBeds,0.0,,,,
Patient_447,CTI prepara Encaminhamento,159552.1047311115,start,,0.0,,,,
Patient_447,CTI prepara Encaminhamento,159598.64869103176,complete,,0.0,,,,
Patient_447,Encaminha_Obito,159598.64869103176,complete,,,Obito,159598.64869103176,,
Patient_447,Discharge,159598.64869103176,complete,,,,,,2078.0624755675963
Patient_448,Arrival,158300.89600071666,complete,,0.0,,,,
Patient_448,Origem_do Centro Cirurgico,158300.89600071666,complete,,,do Centro Cirurgico,158300.89600071666,,
Patient_448,CTI (CC),158300.89600071666,start,ctiBeds,0.0,,,,
Patient_448,CTI (CC),195357.85710616165,complete,ctiBeds,0.0,,,,
Patient_448,CTI prepara Encaminhamento,195357.85710616165,start,,0.0,,,,
Patient_448,CTI prepara Encaminhamento,195410.8641501512,complete,,0.0,,,,
Patient_448,Encaminha_Obito,195410.8641501512,complete,,,Obito,195410.8641501512,,
Patient_448,Discharge,195410.8641501512,complete,,,,,,37109.96814943454
Patient_449,Arrival,158481.65489034055,complete,,0.0,,,,
Patient_449,Origem_da Clinica Medica,158481.65489034055,complete,,,da Clinica Medica,158481.65489034055,,
Patient_449,CTI (CLIM),158481.65489034055,start,ctiBeds,0.0,,,,
Patient_449,CTI (CLIM),161649.43143168875,complete,ctiBeds,0.0,,,,
Patient_449,CTI prepara Encaminhamento,161649.43143168875,start,,0.0,,,,
Patient_449,CTI prepara Encaminhamento,161703.5291368709,complete,,0.0,,,,
Patient_449,Encaminha_para a Clinica Medica,161703.5291368709,complete,,,para a Clinica Medica,161703.5291368709,,
Patient_449,Discharge,161703.5291368709,complete,,,,,,3221.8742465303512
Patient_45,Arrival,11084.575518922853,complete,,0.0,,,,
Patient_45,Origem_do Centro Cirurgico,11084.575518922853,complete,,,do Centro Cirurgico,11084.575518922853,,
Patient_45,CTI (CC),11084.575518922853,start,ctiBeds,0.0,,,,
Patient_45,CTI (CC),13270.604424746418,complete,ctiBeds,0.0,,,,
Patient_45,CTI prepara Encaminhamento,13270.604424746418,start,,0.0,,,,
Patient_45,CTI prepara Encaminhamento,13325.00755470422,complete,,0.0,,,,
Patient_45,Encaminha_para a Clinica Cirurgica,13325.00755470422,complete,,,para a Clinica Cirurgica,13325.00755470422,,
Patient_45,Discharge,13325.00755470422,complete,,,,,,2240.4320357813667
Patient_450,Arrival,158938.2690431835,complete,,0.0,,,,
Patient_450,Origem_do Pronto Socorro,158938.2690431835,complete,,,do Pronto Socorro,158938.2690431835,,
Patient_450,CTI (PS),158938.2690431835,start,ctiBeds,0.0,,,,
Patient_450,CTI (PS),163758.9119313523,complete,ctiBeds,0.0,,,,
Patient_450,CTI prepara Encaminhamento,163758.9119313523,start,,0.0,,,,
Patient_450,CTI prepara Encaminhamento,163806.37291760967,complete,,0.0,,,,
Patient_450,Encaminha_para a Clinica Medica,163806.37291760967,complete,,,para a Clinica Medica,163806.37291760967,,
Patient_450,Discharge,163806.37291760967,complete,,,,,,4868.1038744261605
Patient_451,Arrival,158991.34660532323,complete,,0.0,,,,
Patient_451,Origem_do Pronto Socorro,158991.34660532323,complete,,,do Pronto Socorro,158991.34660532323,,
Patient_451,CTI (PS),158991.34660532323,start,ctiBeds,0.0,,,,
Patient_451,CTI (PS),163274.54318755755,complete,ctiBeds,0.0,,,,
Patient_451,CTI prepara Encaminhamento,163274.54318755755,start,,0.0,,,,
Patient_451,CTI prepara Encaminhamento,163322.4031426491,complete,,0.0,,,,
Patient_451,Encaminha_Obito,163322.4031426491,complete,,,Obito,163322.4031426491,,
Patient_451,Discharge,163322.4031426491,complete,,,,,,4331.056537325872
Patient_452,Arrival,159501.80474365634,complete,,0.0,,,,
Patient_452,Origem_do Pronto Socorro,159501.80474365634,complete,,,do Pronto Socorro,159501.80474365634,,
Patient_452,CTI (PS),159501.80474365634,start,ctiBeds,0.0,,,,
Patient_452,CTI (PS),165573.6112797197,complete,ctiBeds,0.0,,,,
Patient_452,CTI prepara Encaminhamento,165573.6112797197,start,,0.0,,,,
Patient_452,CTI prepara Encaminhamento,165606.80555050157,complete,,0.0,,,,
Patient_452,Encaminha_para a Clinica Medica,165606.80555050157,complete,,,para a Clinica Medica,165606.80555050157,,
Patient_452,Discharge,165606.80555050157,complete,,,,,,6105.00080684523
Patient_453,Arrival,159783.45137287772,complete,,0.0,,,,
Patient_453,Origem_da Clinica Cirurgica,159783.45137287772,complete,,,da Clinica Cirurgica,159783.45137287772,,
Patient_453,CTI (CLIC),159783.45137287772,start,ctiBeds,0.0,,,,
Patient_453,CTI (CLIC),169500.413437753,complete,ctiBeds,0.0,,,,
Patient_453,CTI prepara Encaminhamento,169500.413437753,start,,0.0,,,,
Patient_453,CTI prepara Encaminhamento,169549.21184025676,complete,,0.0,,,,
Patient_453,Encaminha_para o Centro Cirurgico,169549.21184025676,complete,,,para o Centro Cirurgico,169549.21184025676,,
Patient_453,Discharge,169549.21184025676,complete,,,,,,9765.760467379034
Patient_454,Arrival,159991.2161539252,complete,,0.0,,,,
Patient_454,Origem_do Centro Cirurgico,159991.2161539252,complete,,,do Centro Cirurgico,159991.2161539252,,
Patient_454,CTI (CC),159991.2161539252,start,ctiBeds,0.0,,,,
Patient_454,CTI (CC),161541.4629990947,complete,ctiBeds,0.0,,,,
Patient_454,CTI prepara Encaminhamento,161541.4629990947,start,,0.0,,,,
Patient_454,CTI prepara Encaminhamento,161580.90720307245,complete,,0.0,,,,
Patient_454,Encaminha_para a Clinica Medica,161580.90720307245,complete,,,para a Clinica Medica,161580.90720307245,,
Patient_454,Discharge,161580.90720307245,complete,,,,,,1589.6910491472518
Patient_455,Arrival,160038.5836010397,complete,,0.0,,,,
Patient_455,Origem_do Pronto Socorro,160038.5836010397,complete,,,do Pronto Socorro,160038.5836010397,,
Patient_455,CTI (PS),160038.5836010397,start,ctiBeds,0.0,,,,
Patient_455,CTI (PS),177419.42061811787,complete,ctiBeds,0.0,,,,
Patient_455,CTI prepara Encaminhamento,177419.42061811787,start,,0.0,,,,
Patient_455,CTI prepara Encaminhamento,177450.27174912274,complete,,0.0,,,,
Patient_455,Encaminha_para a Clinica Cirurgica,177450.27174912274,complete,,,para a Clinica Cirurgica,177450.27174912274,,
Patient_455,Discharge,177450.27174912274,complete,,,,,,17411.68814808305
Patient_456,Arrival,160134.27056150252,complete,,0.0,,,,
Patient_456,Origem_do Centro Cirurgico,160134.27056150252,complete,,,do Centro Cirurgico,160134.27056150252,,
Patient_456,CTI (CC),160134.27056150252,start,ctiBeds,0.0,,,,
Patient_456,CTI (CC),172539.83497703294,complete,ctiBeds,0.0,,,,
Patient_456,CTI prepara Encaminhamento,172539.83497703294,start,,0.0,,,,
Patient_456,CTI prepara Encaminhamento,172574.3710228507,complete,,0.0,,,,
Patient_456,Encaminha_Transferencia Externa,172574.3710228507,complete,,,Transferencia Externa,172574.3710228507,,
Patient_456,Discharge,172574.3710228507,complete,,,,,,12440.100461348193
Patient_457,Arrival,160665.4426552202,complete,,0.0,,,,
Patient_457,Origem_do Pronto Socorro,160665.4426552202,complete,,,do Pronto Socorro,160665.4426552202,,
Patient_457,CTI (PS),160665.4426552202,start,ctiBeds,0.0,,,,
Patient_457,CTI (PS),173369.9456323807,complete,ctiBeds,0.0,,,,
Patient_457,CTI prepara Encaminhamento,173369.9456323807,start,,0.0,,,,
Patient_457,CTI prepara Encaminhamento,173409.89310614442,complete,,0.0,,,,
Patient_457,Encaminha_para a Clinica Medica,173409.89310614442,complete,,,para a Clinica Medica,173409.89310614442,,
Patient_457,Discharge,173409.89310614442,complete,,,,,,12744.450450924225
Patient_458,Arrival,161463.09702060258,complete,,0.0,,,,
Patient_458,Origem_do Pronto Socorro,161463.09702060258,complete,,,do Pronto Socorro,161463.09702060258,,
Patient_458,CTI (PS),161463.09702060258,start,ctiBeds,0.0,,,,
Patient_458,CTI (PS),176337.90286073124,complete,ctiBeds,0.0,,,,
Patient_458,CTI prepara Encaminhamento,176337.90286073124,start,,0.0,,,,
Patient_458,CTI prepara Encaminhamento,176386.15722983412,complete,,0.0,,,,
Patient_458,Encaminha_para a Clinica Medica,176386.15722983412,complete,,,para a Clinica Medica,176386.15722983412,,
Patient_458,Discharge,176386.15722983412,complete,,,,,,14923.060209231538
Patient_459,Arrival,161534.68458187004,complete,,0.0,,,,
Patient_459,Origem_do Pronto Socorro,161534.68458187004,complete,,,do Pronto Socorro,161534.68458187004,,
Patient_459,CTI (PS),161534.68458187004,start,ctiBeds,0.0,,,,
Patient_459,CTI (PS),175006.10009239826,complete,ctiBeds,0.0,,,,
Patient_459,CTI prepara Encaminhamento,175006.10009239826,start,,0.0,,,,
Patient_459,CTI prepara Encaminhamento,175053.2782699809,complete,,0.0,,,,
Patient_459,Encaminha_para a Clinica Medica,175053.2782699809,complete,,,para a Clinica Medica,175053.2782699809,,
Patient_459,Discharge,175053.2782699809,complete,,,,,,13518.59368811085
Patient_46,Arrival,12245.065691333388,complete,,0.0,,,,
Patient_46,Origem_do Centro Cirurgico,12245.065691333388,complete,,,do Centro Cirurgico,12245.065691333388,,
Patient_46,CTI (CC),12245.065691333388,start,ctiBeds,0.0,,,,
Patient_46,CTI (CC),12806.402870040047,complete,ctiBeds,0.0,,,,
Patient_46,CTI prepara Encaminhamento,12806.402870040047,start,,0.0,,,,
Patient_46,CTI prepara Encaminhamento,12864.144811050239,complete,,0.0,,,,
Patient_46,Encaminha_para a Clinica Medica,12864.144811050239,complete,,,para a Clinica Medica,12864.144811050239,,
Patient_46,Discharge,12864.144811050239,complete,,,,,,619.079119716851
Patient_460,Arrival,161915.80823213485,complete,,0.0,,,,
Patient_460,Origem_do Pronto Socorro,161915.80823213485,complete,,,do Pronto Socorro,161915.80823213485,,
Patient_460,CTI (PS),161915.80823213485,start,ctiBeds,0.0,,,,
Patient_460,CTI (PS),195097.40604447827,complete,ctiBeds,0.0,,,,
Patient_460,CTI prepara Encaminhamento,195097.40604447827,start,,0.0,,,,
Patient_460,CTI prepara Encaminhamento,195157.23308663705,complete,,0.0,,,,
Patient_460,Encaminha_Transferencia Externa,195157.23308663705,complete,,,Transferencia Externa,195157.23308663705,,
Patient_460,Discharge,195157.23308663705,complete,,,,,,33241.4248545022
Patient_461,Arrival,162337.45171416018,complete,,0.0,,,,
Patient_461,Origem_do Pronto Socorro,162337.45171416018,complete,,,do Pronto Socorro,162337.45171416018,,
Patient_461,CTI (PS),162337.45171416018,start,ctiBeds,0.0,,,,
Patient_461,CTI (PS),170019.80600845534,complete,ctiBeds,0.0,,,,
Patient_461,CTI prepara Encaminhamento,170019.80600845534,start,,0.0,,,,
Patient_461,CTI prepara Encaminhamento,170068.3747714438,complete,,0.0,,,,
Patient_461,Encaminha_para a Clinica Cirurgica,170068.3747714438,complete,,,para a Clinica Cirurgica,170068.3747714438,,
Patient_461,Discharge,170068.3747714438,complete,,,,,,7730.923057283624
Patient_462,Arrival,162378.0131773069,complete,,0.0,,,,
Patient_462,Origem_do Pronto Socorro,162378.0131773069,complete,,,do Pronto Socorro,162378.0131773069,,
Patient_462,CTI (PS),162378.0131773069,start,ctiBeds,0.0,,,,
Patient_462,CTI (PS),185732.99037658257,complete,ctiBeds,0.0,,,,
Patient_462,CTI prepara Encaminhamento,185732.99037658257,start,,0.0,,,,
Patient_462,CTI prepara Encaminhamento,185778.63166450826,complete,,0.0,,,,
Patient_462,Encaminha_para a Clinica Medica,185778.63166450826,complete,,,para a Clinica Medica,185778.63166450826,,
Patient_462,Discharge,185778.63166450826,complete,,,,,,23400.61848720137
Patient_463,Arrival,162602.51771111257,complete,,0.0,,,,
Patient_463,Origem_do Pronto Socorro,162602.51771111257,complete,,,do Pronto Socorro,162602.51771111257,,
Patient_463,CTI (PS),162602.51771111257,start,ctiBeds,0.0,,,,
Patient_463,CTI (PS),188488.77772826309,complete,ctiBeds,0.0,,,,
Patient_463,CTI prepara Encaminhamento,188488.77772826309,start,,0.0,,,,
Patient_463,CTI prepara Encaminhamento,188528.48971493746,complete,,0.0,,,,
Patient_463,Encaminha_Obito,188528.48971493746,complete,,,Obito,188528.48971493746,,
Patient_463,Discharge,188528.48971493746,complete,,,,,,25925.972003824892
Patient_464,Arrival,163209.0744963913,complete,,0.0,,,,
Patient_464,Origem_do Centro Cirurgico,163209.0744963913,complete,,,do Centro Cirurgico,163209.0744963913,,
Patient_464,CTI (CC),163209.0744963913,start,ctiBeds,0.0,,,,
Patient_464,CTI (CC),171159.6466429646,complete,ctiBeds,0.0,,,,
Patient_464,CTI prepara Encaminhamento,171159.6466429646,start,,0.0,,,,
Patient_464,CTI prepara Encaminhamento,171191.39349331014,complete,,0.0,,,,
Patient_464,Encaminha_para a Clinica Cirurgica,171191.39349331014,complete,,,para a Clinica Cirurgica,171191.39349331014,,
Patient_464,Discharge,171191.39349331014,complete,,,,,,7982.318996918853
Patient_465,Arrival,163305.39675925803,complete,,0.0,,,,
Patient_465,Origem_do Centro Cirurgico,163305.39675925803,complete,,,do Centro Cirurgico,163305.39675925803,,
Patient_465,CTI (CC),163305.39675925803,start,ctiBeds,0.0,,,,
Patient_465,CTI (CC),190039.06070334636,complete,ctiBeds,0.0,,,,
Patient_465,CTI prepara Encaminhamento,190039.06070334636,start,,0.0,,,,
Patient_465,CTI prepara Encaminhamento,190098.35598856324,complete,,0.0,,,,
Patient_465,Encaminha_para a Clinica Cirurgica,190098.35598856324,complete,,,para a Clinica Cirurgica,190098.35598856324,,
Patient_465,Discharge,190098.35598856324,complete,,,,,,26792.959229305212
Patient_466,Arrival,163766.88285853132,complete,,0.0,,,,
Patient_466,Origem_do Pronto Socorro,163766.88285853132,complete,,,do Pronto Socorro,163766.88285853132,,
Patient_466,CTI (PS),163766.88285853132,start,ctiBeds,0.0,,,,
Patient_466,CTI (PS),171883.24339848946,complete,ctiBeds,0.0,,,,
Patient_466,CTI prepara Encaminhamento,171883.24339848946,start,,0.0,,,,
Patient_466,CTI prepara Encaminhamento,171940.8027756139,complete,,0.0,,,,
Patient_466,Encaminha_para a Clinica Medica,171940.8027756139,complete,,,para a Clinica Medica,171940.8027756139,,
Patient_466,Discharge,171940.8027756139,complete,,,,,,8173.919917082589
Patient_467,Arrival,164041.31184989048,complete,,0.0,,,,
Patient_467,Origem_da Maternidade,164041.31184989048,complete,,,da Maternidade,164041.31184989048,,
Patient_467,CTI (MAT),164041.31184989048,start,ctiBeds,0.0,,,,
Patient_467,CTI (MAT),167048.43443297053,complete,ctiBeds,0.0,,,,
Patient_467,CTI prepara Encaminhamento,167048.43443297053,start,,0.0,,,,
Patient_467,CTI prepara Encaminhamento,167084.23577868173,complete,,0.0,,,,
Patient_467,Encaminha_Obito,167084.23577868173,complete,,,Obito,167084.23577868173,,
Patient_467,Discharge,167084.23577868173,complete,,,,,,3042.9239287912496
Patient_468,Arrival,164214.00728925972,complete,,0.0,,,,
Patient_468,Origem_do Centro Cirurgico,164214.00728925972,complete,,,do Centro Cirurgico,164214.00728925972,,
Patient_468,CTI (CC),164214.00728925972,start,ctiBeds,0.0,,,,
Patient_468,CTI (CC),169751.803262098,complete,ctiBeds,0.0,,,,
Patient_468,CTI prepara Encaminhamento,169751.803262098,start,,0.0,,,,
Patient_468,CTI prepara Encaminhamento,169785.4383457575,complete,,0.0,,,,
Patient_468,Encaminha_para a Clinica Cirurgica,169785.4383457575,complete,,,para a Clinica Cirurgica,169785.4383457575,,
Patient_468,Discharge,169785.4383457575,complete,,,,,,5571.431056497764
Patient_469,Arrival,164526.25790173578,complete,,0.0,,,,
Patient_469,Origem_do Centro Cirurgico,164526.25790173578,complete,,,do Centro Cirurgico,164526.25790173578,,
Patient_469,CTI (CC),164526.25790173578,start,ctiBeds,0.0,,,,
Patient_469,CTI (CC),169143.49348048205,complete,ctiBeds,0.0,,,,
Patient_469,CTI prepara Encaminhamento,169143.49348048205,start,,0.0,,,,
Patient_469,CTI prepara Encaminhamento,169178.54592963925,complete,,0.0,,,,
Patient_469,Encaminha_para a Clinica Cirurgica,169178.54592963925,complete,,,para a Clinica Cirurgica,169178.54592963925,,
Patient_469,Discharge,169178.54592963925,complete,,,,,,4652.2880279034725
Patient_47,Arrival,12332.255145095107,complete,,0.0,,,,
Patient_47,Origem_da Clinica Medica,12332.255145095107,complete,,,da Clinica Medica,12332.255145095107,,
Patient_47,CTI (CLIM),12332.255145095107,start,ctiBeds,0.0,,,,
Patient_47,CTI (CLIM),33740.23366584491,complete,ctiBeds,0.0,,,,
Patient_47,CTI prepara Encaminhamento,33740.23366584491,start,,0.0,,,,
Patient_47,CTI prepara Encaminhamento,33775.30593313372,complete,,0.0,,,,
Patient_47,Encaminha_para a Clinica Medica,33775.30593313372,complete,,,para a Clinica Medica,33775.30593313372,,
Patient_47,Discharge,33775.30593313372,complete,,,,,,21443.050788038614
Patient_470,Arrival,164674.8103674766,complete,,0.0,,,,
Patient_470,Origem_do Pronto Socorro,164674.8103674766,complete,,,do Pronto Socorro,164674.8103674766,,
Patient_470,CTI (PS),164674.8103674766,start,ctiBeds,0.0,,,,
Patient_470,CTI (PS),171832.87808962807,complete,ctiBeds,0.0,,,,
Patient_470,CTI prepara Encaminhamento,171832.87808962807,start,,0.0,,,,
Patient_470,CTI prepara Encaminhamento,171891.00045725328,complete,,0.0,,,,
Patient_470,Encaminha_para a Clinica Cirurgica,171891.00045725328,complete,,,para a Clinica Cirurgica,171891.00045725328,,
Patient_470,Discharge,171891.00045725328,complete,,,,,,7216.190089776675
Patient_471,Arrival,164928.53203567027,complete,,0.0,,,,
Patient_471,Origem_do Centro Cirurgico,164928.53203567027,complete,,,do Centro Cirurgico,164928.53203567027,,
Patient_471,CTI (CC),164928.53203567027,start,ctiBeds,0.0,,,,
Patient_471,CTI (CC),168905.68339558734,complete,ctiBeds,0.0,,,,
Patient_471,CTI prepara Encaminhamento,168905.68339558734,start,,0.0,,,,
Patient_471,CTI prepara Encaminhamento,168957.69451452003,complete,,0.0,,,,
Patient_471,Encaminha_Obito,168957.69451452003,complete,,,Obito,168957.69451452003,,
Patient_471,Discharge,168957.69451452003,complete,,,,,,4029.1624788497575
Patient_472,Arrival,166304.56300403771,complete,,0.0,,,,
Patient_472,Origem_do Pronto Socorro,166304.56300403771,complete,,,do Pronto Socorro,166304.56300403771,,
Patient_472,CTI (PS),166304.56300403771,start,ctiBeds,0.0,,,,
Patient_472,CTI (PS),193612.20540460234,complete,ctiBeds,0.0,,,,
Patient_472,CTI prepara Encaminhamento,193612.20540460234,start,,0.0,,,,
Patient_472,CTI prepara Encaminhamento,193648.9122988988,complete,,0.0,,,,
Patient_472,Encaminha_para a Clinica Medica,193648.9122988988,complete,,,para a Clinica Medica,193648.9122988988,,
Patient_472,Discharge,193648.9122988988,complete,,,,,,27344.34929486108
Patient_473,Arrival,166648.09383780672,complete,,0.0,,,,
Patient_473,Origem_da Maternidade,166648.09383780672,complete,,,da Maternidade,166648.09383780672,,
Patient_473,CTI (MAT),166648.09383780672,start,ctiBeds,0.0,,,,
Patient_473,CTI (MAT),174938.14699680117,complete,ctiBeds,0.0,,,,
Patient_473,CTI prepara Encaminhamento,174938.14699680117,start,,0.0,,,,
Patient_473,CTI prepara Encaminhamento,174979.2146358207,complete,,0.0,,,,
Patient_473,Encaminha_para a Clinica Cirurgica,174979.2146358207,complete,,,para a Clinica Cirurgica,174979.2146358207,,
Patient_473,Discharge,174979.2146358207,complete,,,,,,8331.120798013988
Patient_474,Arrival,167040.19101590835,complete,,0.0,,,,
Patient_474,Origem_do Pronto Socorro,167040.19101590835,complete,,,do Pronto Socorro,167040.19101590835,,
Patient_474,CTI (PS),167040.19101590835,start,ctiBeds,0.0,,,,
Patient_474,CTI (PS),174067.19100852017,complete,ctiBeds,0.0,,,,
Patient_474,CTI prepara Encaminhamento,174067.19100852017,start,,0.0,,,,
Patient_474,CTI prepara Encaminhamento,174113.59478380124,complete,,0.0,,,,
Patient_474,Encaminha_para a Clinica Medica,174113.59478380124,complete,,,para a Clinica Medica,174113.59478380124,,
Patient_474,Discharge,174113.59478380124,complete,,,,,,7073.403767892887
Patient_475,Arrival,167270.5353420521,complete,,0.0,,,,
Patient_475,Origem_do Pronto Socorro,167270.5353420521,complete,,,do Pronto Socorro,167270.5353420521,,
Patient_475,CTI (PS),167270.5353420521,start,ctiBeds,0.0,,,,
Patient_475,CTI (PS),182203.97891553477,complete,ctiBeds,0.0,,,,
Patient_475,CTI prepara Encaminhamento,182203.97891553477,start,,0.0,,,,
Patient_475,CTI prepara Encaminhamento,182258.88870760848,complete,,0.0,,,,
Patient_475,Encaminha_para a Clinica Medica,182258.88870760848,complete,,,para a Clinica Medica,182258.88870760848,,
Patient_475,Discharge,182258.88870760848,complete,,,,,,14988.353365556366
Patient_476,Arrival,167728.2373563529,complete,,0.0,,,,
Patient_476,Origem_do Pronto Socorro,167728.2373563529,complete,,,do Pronto Socorro,167728.2373563529,,
Patient_476,CTI (PS),167728.2373563529,start,ctiBeds,0.0,,,,
Patient_476,CTI (PS),195446.43130022872,complete,ctiBeds,0.0,,,,
Patient_476,CTI prepara Encaminhamento,195446.43130022872,start,,0.0,,,,
Patient_476,CTI prepara Encaminhamento,195479.6479483147,complete,,0.0,,,,
Patient_476,Encaminha_para a Clinica Medica,195479.6479483147,complete,,,para a Clinica Medica,195479.6479483147,,
Patient_476,Discharge,195479.6479483147,complete,,,,,,27751.410591961787
Patient_477,Arrival,167819.33438811722,complete,,0.0,,,,
Patient_477,Origem_do Pronto Socorro,167819.33438811722,complete,,,do Pronto Socorro,167819.33438811722,,
Patient_477,CTI (PS),167819.33438811722,start,ctiBeds,0.0,,,,
Patient_477,CTI (PS),168142.9976392774,complete,ctiBeds,0.0,,,,
Patient_477,CTI prepara Encaminhamento,168142.9976392774,start,,0.0,,,,
Patient_477,CTI prepara Encaminhamento,168181.83181834966,complete,,0.0,,,,
Patient_477,Encaminha_para a Clinica Medica,168181.83181834966,complete,,,para a Clinica Medica,168181.83181834966,,
Patient_477,Discharge,168181.83181834966,complete,,,,,,362.4974302324408
Patient_478,Arrival,167947.4652541477,complete,,0.0,,,,
Patient_478,Origem_do Centro Cirurgico,167947.4652541477,complete,,,do Centro Cirurgico,167947.4652541477,,
Patient_478,CTI (CC),167947.4652541477,start,ctiBeds,0.0,,,,
Patient_478,CTI (CC),181734.4021032546,complete,ctiBeds,0.0,,,,
Patient_478,CTI prepara Encaminhamento,181734.4021032546,start,,0.0,,,,
Patient_478,CTI prepara Encaminhamento,181764.75746421888,complete,,0.0,,,,
Patient_478,Encaminha_Obito,181764.75746421888,complete,,,Obito,181764.75746421888,,
Patient_478,Discharge,181764.75746421888,complete,,,,,,13817.292210071173
Patient_479,Arrival,167954.09112366935,complete,,0.0,,,,
Patient_479,Origem_do Centro Cirurgico,167954.09112366935,complete,,,do Centro Cirurgico,167954.09112366935,,
Patient_479,CTI (CC),167954.09112366935,start,ctiBeds,0.0,,,,
Patient_479,CTI (CC),169019.8762902501,complete,ctiBeds,0.0,,,,
Patient_479,CTI prepara Encaminhamento,169019.8762902501,start,,0.0,,,,
Patient_479,CTI prepara Encaminhamento,169067.76556036048,complete,,0.0,,,,
Patient_479,Encaminha_Obito,169067.76556036048,complete,,,Obito,169067.76556036048,,
Patient_479,Discharge,169067.76556036048,complete,,,,,,1113.6744366911298
Patient_48,Arrival,12413.322163367347,complete,,0.0,,,,
Patient_48,Origem_do Centro Cirurgico,12413.322163367347,complete,,,do Centro Cirurgico,12413.322163367347,,
Patient_48,CTI (CC),12413.322163367347,start,ctiBeds,0.0,,,,
Patient_48,CTI (CC),15260.024001431131,complete,ctiBeds,0.0,,,,
Patient_48,CTI prepara Encaminhamento,15260.024001431131,start,,0.0,,,,
Patient_48,CTI prepara Encaminhamento,15316.35907809456,complete,,0.0,,,,
Patient_48,Encaminha_para a Clinica Cirurgica,15316.35907809456,complete,,,para a Clinica Cirurgica,15316.35907809456,,
Patient_48,Discharge,15316.35907809456,complete,,,,,,2903.036914727212
Patient_480,Arrival,168660.7909639801,complete,,0.0,,,,
Patient_480,Origem_do Centro Cirurgico,168660.7909639801,complete,,,do Centro Cirurgico,168660.7909639801,,
Patient_480,CTI (CC),168660.7909639801,start,ctiBeds,0.0,,,,
Patient_480,CTI (CC),172128.85166016754,complete,ctiBeds,0.0,,,,
Patient_480,CTI prepara Encaminhamento,172128.85166016754,start,,0.0,,,,
Patient_480,CTI prepara Encaminhamento,172163.17063874833,complete,,0.0,,,,
Patient_480,Encaminha_para a Clinica Cirurgica,172163.17063874833,complete,,,para a Clinica Cirurgica,172163.17063874833,,
Patient_480,Discharge,172163.17063874833,complete,,,,,,3502.379674768221
Patient_481,Arrival,168782.2032290768,complete,,0.0,,,,
Patient_481,Origem_do Centro Cirurgico,168782.2032290768,complete,,,do Centro Cirurgico,168782.2032290768,,
Patient_481,CTI (CC),168782.2032290768,start,ctiBeds,0.0,,,,
Patient_481,CTI (CC),199171.1428902222,complete,ctiBeds,0.0,,,,
Patient_481,CTI prepara Encaminhamento,199171.1428902222,start,,0.0,,,,
Patient_481,CTI prepara Encaminhamento,199215.7180727733,complete,,0.0,,,,
Patient_481,Encaminha_para a Clinica Cirurgica,199215.7180727733,complete,,,para a Clinica Cirurgica,199215.7180727733,,
Patient_481,Discharge,199215.7180727733,complete,,,,,,30433.514843696496
Patient_482,Arrival,169614.0247872149,complete,,0.0,,,,
Patient_482,Origem_da Clinica Medica,169614.0247872149,complete,,,da Clinica Medica,169614.0247872149,,
Patient_482,CTI (CLIM),169614.0247872149,start,ctiBeds,0.0,,,,
Patient_482,CTI (CLIM),171416.5556697401,complete,ctiBeds,0.0,,,,
Patient_482,CTI prepara Encaminhamento,171416.5556697401,start,,0.0,,,,
Patient_482,CTI prepara Encaminhamento,171463.50854939857,complete,,0.0,,,,
Patient_482,Encaminha_para a Clinica Cirurgica,171463.50854939857,complete,,,para a Clinica Cirurgica,171463.50854939857,,
Patient_482,Discharge,171463.50854939857,complete,,,,,,1849.4837621836632
Patient_483,Arrival,169821.52632927458,complete,,0.0,,,,
Patient_483,Origem_do Pronto Socorro,169821.52632927458,complete,,,do Pronto Socorro,169821.52632927458,,
Patient_483,CTI (PS),169821.52632927458,start,ctiBeds,0.0,,,,
Patient_483,CTI (PS),181761.55269505808,complete,ctiBeds,0.0,,,,
Patient_483,CTI prepara Encaminhamento,181761.55269505808,start,,0.0,,,,
Patient_483,CTI prepara Encaminhamento,181807.90355795034,complete,,0.0,,,,
Patient_483,Encaminha_para a Clinica Cirurgica,181807.90355795034,complete,,,para a Clinica Cirurgica,181807.90355795034,,
Patient_483,Discharge,181807.90355795034,complete,,,,,,11986.37722867576
Patient_484,Arrival,171279.32141613116,complete,,0.0,,,,
Patient_484,Origem_da Clinica Cirurgica,171279.32141613116,complete,,,da Clinica Cirurgica,171279.32141613116,,
Patient_484,CTI (CLIC),171279.32141613116,start,ctiBeds,0.0,,,,
Patient_484,CTI (CLIC),186804.84764664999,complete,ctiBeds,0.0,,,,
Patient_484,CTI prepara Encaminhamento,186804.84764664999,start,,0.0,,,,
Patient_484,CTI prepara Encaminhamento,186838.017210545,complete,,0.0,,,,
Patient_484,Encaminha_para a Clinica Medica,186838.017210545,complete,,,para a Clinica Medica,186838.017210545,,
Patient_484,Discharge,186838.017210545,complete,,,,,,15558.695794413827
Patient_485,Arrival,171901.47864662218,complete,,0.0,,,,
Patient_485,Origem_do Pronto Socorro,171901.47864662218,complete,,,do Pronto Socorro,171901.47864662218,,
Patient_485,CTI (PS),171901.47864662218,start,ctiBeds,0.0,,,,
Patient_485,CTI (PS),183211.46147550375,complete,ctiBeds,0.0,,,,
Patient_485,CTI prepara Encaminhamento,183211.46147550375,start,,0.0,,,,
Patient_485,CTI prepara Encaminhamento,183252.29093505858,complete,,0.0,,,,
Patient_485,Encaminha_para a Clinica Cirurgica,183252.29093505858,complete,,,para a Clinica Cirurgica,183252.29093505858,,
Patient_485,Discharge,183252.29093505858,complete,,,,,,11350.812288436398
Patient_486,Arrival,172037.64769257355,complete,,0.0,,,,
Patient_486,Origem_da Clinica Medica,172037.64769257355,complete,,,da Clinica Medica,172037.64769257355,,
Patient_486,CTI (CLIM),172037.64769257355,start,ctiBeds,0.0,,,,
Patient_486,CTI (CLIM),217116.68806123734,complete,ctiBeds,0.0,,,,
Patient_486,CTI prepara Encaminhamento,217116.68806123734,start,,0.0,,,,
Patient_486,CTI prepara Encaminhamento,217164.7980733616,complete,,0.0,,,,
Patient_486,Encaminha_para a Clinica Cirurgica,217164.7980733616,complete,,,para a Clinica Cirurgica,217164.7980733616,,
Patient_486,Discharge,217164.7980733616,complete,,,,,,45127.15038078805
Patient_487,Arrival,172550.63065364954,complete,,0.0,,,,
Patient_487,Origem_do Pronto Socorro,172550.63065364954,complete,,,do Pronto Socorro,172550.63065364954,,
Patient_487,CTI (PS),172550.63065364954,start,ctiBeds,0.0,,,,
Patient_487,CTI (PS),178157.02263418853,complete,ctiBeds,0.0,,,,
Patient_487,CTI prepara Encaminhamento,178157.02263418853,start,,0.0,,,,
Patient_487,CTI prepara Encaminhamento,178190.98958521136,complete,,0.0,,,,
Patient_487,Encaminha_para a Clinica Medica,178190.98958521136,complete,,,para a Clinica Medica,178190.98958521136,,
Patient_487,Discharge,178190.98958521136,complete,,,,,,5640.358931561816
Patient_488,Arrival,172833.43406042,complete,,0.0,,,,
Patient_488,Origem_do Pronto Socorro,172833.43406042,complete,,,do Pronto Socorro,172833.43406042,,
Patient_488,CTI (PS),172833.43406042,start,ctiBeds,0.0,,,,
Patient_488,CTI (PS),187483.56307533896,complete,ctiBeds,0.0,,,,
Patient_488,CTI prepara Encaminhamento,187483.56307533896,start,,0.0,,,,
Patient_488,CTI prepara Encaminhamento,187543.32827207382,complete,,0.0,,,,
Patient_488,Encaminha_para a Clinica Medica,187543.32827207382,complete,,,para a Clinica Medica,187543.32827207382,,
Patient_488,Discharge,187543.32827207382,complete,,,,,,14709.894211653824
Patient_489,Arrival,173270.5572554456,complete,,0.0,,,,
Patient_489,Origem_do Pronto Socorro,173270.5572554456,complete,,,do Pronto Socorro,173270.5572554456,,
Patient_489,CTI (PS),173270.5572554456,start,ctiBeds,0.0,,,,
Patient_489,CTI (PS),175713.44280565684,complete,ctiBeds,0.0,,,,
Patient_489,CTI prepara Encaminhamento,175713.44280565684,start,,0.0,,,,
Patient_489,CTI prepara Encaminhamento,175773.41021862457,complete,,0.0,,,,
Patient_489,Encaminha_Transferencia Externa,175773.41021862457,complete,,,Transferencia Externa,175773.41021862457,,
Patient_489,Discharge,175773.41021862457,complete,,,,,,2502.8529631789715
Patient_49,Arrival,12497.673277534357,complete,,0.0,,,,
Patient_49,Origem_do Pronto Socorro,12497.673277534357,complete,,,do Pronto Socorro,12497.673277534357,,
Patient_49,CTI (PS),12497.673277534357,start,ctiBeds,0.0,,,,
Patient_49,CTI (PS),17546.911452251457,complete,ctiBeds,0.0,,,,
Patient_49,CTI prepara Encaminhamento,17546.911452251457,start,,0.0,,,,
Patient_49,CTI prepara Encaminhamento,17583.037798865193,complete,,0.0,,,,
Patient_49,Encaminha_para a Clinica Medica,17583.037798865193,complete,,,para a Clinica Medica,17583.037798865193,,
Patient_49,Discharge,17583.037798865193,complete,,,,,,5085.3645213308355
Patient_490,Arrival,173733.2256656829,complete,,0.0,,,,
Patient_490,Origem_do Pronto Socorro,173733.2256656829,complete,,,do Pronto Socorro,173733.2256656829,,
Patient_490,CTI (PS),173733.2256656829,start,ctiBeds,0.0,,,,
Patient_490,CTI (PS),196622.69092007968,complete,ctiBeds,0.0,,,,
Patient_490,CTI prepara Encaminhamento,196622.69092007968,start,,0.0,,,,
Patient_490,CTI prepara Encaminhamento,196674.93924635524,complete,,0.0,,,,
Patient_490,Encaminha_para a Clinica Medica,196674.93924635524,complete,,,para a Clinica Medica,196674.93924635524,,
Patient_490,Discharge,196674.93924635524,complete,,,,,,22941.713580672338
Patient_491,Arrival,173741.82418143912,complete,,0.0,,,,
Patient_491,Origem_do Pronto Socorro,173741.82418143912,complete,,,do Pronto Socorro,173741.82418143912,,
Patient_491,CTI (PS),173741.82418143912,start,ctiBeds,0.0,,,,
Patient_491,CTI (PS),184021.78508370114,complete,ctiBeds,0.0,,,,
Patient_491,CTI prepara Encaminhamento,184021.78508370114,start,,0.0,,,,
Patient_491,CTI prepara Encaminhamento,184081.6284027704,complete,,0.0,,,,
Patient_491,Encaminha_para a Clinica Medica,184081.6284027704,complete,,,para a Clinica Medica,184081.6284027704,,
Patient_491,Discharge,184081.6284027704,complete,,,,,,10339.804221331287
Patient_492,Arrival,174223.2475070593,complete,,0.0,,,,
Patient_492,Origem_da Maternidade,174223.2475070593,complete,,,da Maternidade,174223.2475070593,,
Patient_492,CTI (MAT),174223.2475070593,start,ctiBeds,0.0,,,,
Patient_492,CTI (MAT),176121.22051734655,complete,ctiBeds,0.0,,,,
Patient_492,CTI prepara Encaminhamento,176121.22051734655,start,,0.0,,,,
Patient_492,CTI prepara Encaminhamento,176157.46754468995,complete,,0.0,,,,
Patient_492,Encaminha_Obito,176157.46754468995,complete,,,Obito,176157.46754468995,,
Patient_492,Discharge,176157.46754468995,complete,,,,,,1934.2200376306428
Patient_493,Arrival,175401.17084659127,complete,,0.0,,,,
Patient_493,Origem_do Centro Cirurgico,175401.17084659127,complete,,,do Centro Cirurgico,175401.17084659127,,
Patient_493,CTI (CC),175401.17084659127,start,ctiBeds,0.0,,,,
Patient_493,CTI (CC),178291.92203962305,complete,ctiBeds,0.0,,,,
Patient_493,CTI prepara Encaminhamento,178291.92203962305,start,,0.0,,,,
Patient_493,CTI prepara Encaminhamento,178329.84612188136,complete,,0.0,,,,
Patient_493,Encaminha_para a Clinica Cirurgica,178329.84612188136,complete,,,para a Clinica Cirurgica,178329.84612188136,,
Patient_493,Discharge,178329.84612188136,complete,,,,,,2928.675275290094
Patient_494,Arrival,175520.34704957387,complete,,0.0,,,,
Patient_494,Origem_do Centro Cirurgico,175520.34704957387,complete,,,do Centro Cirurgico,175520.34704957387,,
Patient_494,CTI (CC),175520.34704957387,start,ctiBeds,0.0,,,,
Patient_494,CTI (CC),179974.12249620908,complete,ctiBeds,0.0,,,,
Patient_494,CTI prepara Encaminhamento,179974.12249620908,start,,0.0,,,,
Patient_494,CTI prepara Encaminhamento,180012.9333476283,complete,,0.0,,,,
Patient_494,Encaminha_para a Clinica Medica,180012.9333476283,complete,,,para a Clinica Medica,180012.9333476283,,
Patient_494,Discharge,180012.9333476283,complete,,,,,,4492.586298054433
Patient_495,Arrival,176251.06641269292,complete,,0.0,,,,
Patient_495,Origem_do Pronto Socorro,176251.06641269292,complete,,,do Pronto Socorro,176251.06641269292,,
Patient_495,CTI (PS),176251.06641269292,start,ctiBeds,0.0,,,,
Patient_495,CTI (PS),179855.5465420834,complete,ctiBeds,0.0,,,,
Patient_495,CTI prepara Encaminhamento,179855.5465420834,start,,0.0,,,,
Patient_495,CTI prepara Encaminhamento,179904.61759674596,complete,,0.0,,,,
Patient_495,Encaminha_para a Clinica Cirurgica,179904.61759674596,complete,,,para a Clinica Cirurgica,179904.61759674596,,
Patient_495,Discharge,179904.61759674596,complete,,,,,,3653.551184053038
Patient_496,Arrival,176274.54607663045,complete,,0.0,,,,
Patient_496,Origem_do Pronto Socorro,176274.54607663045,complete,,,do Pronto Socorro,176274.54607663045,,
Patient_496,CTI (PS),176274.54607663045,start,ctiBeds,0.0,,,,
Patient_496,CTI (PS),199695.91704615398,complete,ctiBeds,0.0,,,,
Patient_496,CTI prepara Encaminhamento,199695.91704615398,start,,0.0,,,,
Patient_496,CTI prepara Encaminhamento,199728.0159868095,complete,,0.0,,,,
Patient_496,Encaminha_para a Clinica Medica,199728.0159868095,complete,,,para a Clinica Medica,199728.0159868095,,
Patient_496,Discharge,199728.0159868095,complete,,,,,,23453.46991017906
Patient_497,Arrival,176345.82645986427,complete,,0.0,,,,
Patient_497,Origem_do Pronto Socorro,176345.82645986427,complete,,,do Pronto Socorro,176345.82645986427,,
Patient_497,CTI (PS),176345.82645986427,start,ctiBeds,0.0,,,,
Patient_497,CTI (PS),187294.3414151338,complete,ctiBeds,0.0,,,,
Patient_497,CTI prepara Encaminhamento,187294.3414151338,start,,0.0,,,,
Patient_497,CTI prepara Encaminhamento,187336.630869626,complete,,0.0,,,,
Patient_497,Encaminha_Obito,187336.630869626,complete,,,Obito,187336.630869626,,
Patient_497,Discharge,187336.630869626,complete,,,,,,10990.804409761738
Patient_498,Arrival,176620.01096263077,complete,,0.0,,,,
Patient_498,Origem_do Centro Cirurgico,176620.01096263077,complete,,,do Centro Cirurgico,176620.01096263077,,
Patient_498,CTI (CC),176620.01096263077,start,ctiBeds,0.0,,,,
Patient_498,CTI (CC),177168.75611737208,complete,ctiBeds,0.0,,,,
Patient_498,CTI prepara Encaminhamento,177168.75611737208,start,,0.0,,,,
Patient_498,CTI prepara Encaminhamento,177203.43039955117,complete,,0.0,,,,
Patient_498,Encaminha_para a Clinica Medica,177203.43039955117,complete,,,para a Clinica Medica,177203.43039955117,,
Patient_498,Discharge,177203.43039955117,complete,,,,,,583.4194369204051
Patient_499,Arrival,177421.8362356901,complete,,0.0,,,,
Patient_499,Origem_do Centro Cirurgico,177421.8362356901,complete,,,do Centro Cirurgico,177421.8362356901,,
Patient_499,CTI (CC),177421.8362356901,start,ctiBeds,0.0,,,,
Patient_499,CTI (CC),189263.31586810862,complete,ctiBeds,0.0,,,,
Patient_499,CTI prepara Encaminhamento,189263.31586810862,start,,0.0,,,,
Patient_499,CTI prepara Encaminhamento,189308.5557545793,complete,,0.0,,,,
Patient_499,Encaminha_para a Clinica Medica,189308.5557545793,complete,,,para a Clinica Medica,189308.5557545793,,
Patient_499,Discharge,189308.5557545793,complete,,,,,,11886.719518889207
Patient_5,Arrival,1146.1433375059519,complete,,0.0,,,,
Patient_5,Origem_do Pronto Socorro,1146.1433375059519,complete,,,do Pronto Socorro,1146.1433375059519,,
Patient_5,CTI (PS),1146.1433375059519,start,ctiBeds,0.0,,,,
Patient_5,CTI (PS),19549.59253004287,complete,ctiBeds,0.0,,,,
Patient_5,CTI prepara Encaminhamento,19549.59253004287,start,,0.0,,,,
Patient_5,CTI prepara Encaminhamento,19587.183420393194,complete,,0.0,,,,
Patient_5,Encaminha_para a Clinica Medica,19587.183420393194,complete,,,para a Clinica Medica,19587.183420393194,,
Patient_5,Discharge,19587.183420393194,complete,,,,,,18441.04008288724
Patient_50,Arrival,13253.92721940879,complete,,0.0,,,,
Patient_50,Origem_do Centro Cirurgico,13253.92721940879,complete,,,do Centro Cirurgico,13253.92721940879,,
Patient_50,CTI (CC),13253.92721940879,start,ctiBeds,0.0,,,,
Patient_50,CTI (CC),19038.95859142731,complete,ctiBeds,0.0,,,,
Patient_50,CTI prepara Encaminhamento,19038.95859142731,start,,0.0,,,,
Patient_50,CTI prepara Encaminhamento,19069.684780026473,complete,,0.0,,,,
Patient_50,Encaminha_para a Clinica Cirurgica,19069.684780026473,complete,,,para a Clinica Cirurgica,19069.684780026473,,
Patient_50,Discharge,19069.684780026473,complete,,,,,,5815.757560617683
Patient_500,Arrival,177837.3125208155,complete,,0.0,,,,
Patient_500,Origem_do Pronto Socorro,177837.3125208155,complete,,,do Pronto Socorro,177837.3125208155,,
Patient_500,CTI (PS),177837.3125208155,start,ctiBeds,0.0,,,,
Patient_500,CTI (PS),186097.3239033781,complete,ctiBeds,0.0,,,,
Patient_500,CTI prepara Encaminhamento,186097.3239033781,start,,0.0,,,,
Patient_500,CTI prepara Encaminhamento,186153.86200306972,complete,,0.0,,,,
Patient_500,Encaminha_Transferencia Externa,186153.86200306972,complete,,,Transferencia Externa,186153.86200306972,,
Patient_500,Discharge,186153.86200306972,complete,,,,,,8316.549482254224
Patient_501,Arrival,177853.12409763382,complete,,0.0,,,,
Patient_501,Origem_da Clinica Medica,177853.12409763382,complete,,,da Clinica Medica,177853.12409763382,,
Patient_501,CTI (CLIM),177853.12409763382,start,ctiBeds,0.0,,,,
Patient_501,CTI (CLIM),184703.91448715638,complete,ctiBeds,0.0,,,,
Patient_501,CTI prepara Encaminhamento,184703.91448715638,start,,0.0,,,,
Patient_501,CTI prepara Encaminhamento,184745.81854958198,complete,,0.0,,,,
Patient_501,Encaminha_para a Clinica Cirurgica,184745.81854958198,complete,,,para a Clinica Cirurgica,184745.81854958198,,
Patient_501,Discharge,184745.81854958198,complete,,,,,,6892.694451948162
Patient_502,Arrival,178141.15131757493,complete,,0.0,,,,
Patient_502,Origem_do Pronto Socorro,178141.15131757493,complete,,,do Pronto Socorro,178141.15131757493,,
Patient_502,CTI (PS),178141.15131757493,start,ctiBeds,0.0,,,,
Patient_502,CTI (PS),185010.6514553452,complete,ctiBeds,0.0,,,,
Patient_502,CTI prepara Encaminhamento,185010.6514553452,start,,0.0,,,,
Patient_502,CTI prepara Encaminhamento,185060.54728588252,complete,,0.0,,,,
Patient_502,Encaminha_para a Clinica Medica,185060.54728588252,complete,,,para a Clinica Medica,185060.54728588252,,
Patient_502,Discharge,185060.54728588252,complete,,,,,,6919.3959683075955
Patient_503,Arrival,178179.7810181698,complete,,0.0,,,,
Patient_503,Origem_do Centro Cirurgico,178179.7810181698,complete,,,do Centro Cirurgico,178179.7810181698,,
Patient_503,CTI (CC),178179.7810181698,start,ctiBeds,0.0,,,,
Patient_503,CTI (CC),185651.69167377445,complete,ctiBeds,0.0,,,,
Patient_503,CTI prepara Encaminhamento,185651.69167377445,start,,0.0,,,,
Patient_503,CTI prepara Encaminhamento,185711.2265497474,complete,,0.0,,,,
Patient_503,Encaminha_para a Clinica Cirurgica,185711.2265497474,complete,,,para a Clinica Cirurgica,185711.2265497474,,
Patient_503,Discharge,185711.2265497474,complete,,,,,,7531.4455315775995
Patient_504,Arrival,178437.62969841855,complete,,0.0,,,,
Patient_504,Origem_do Centro Cirurgico,178437.62969841855,complete,,,do Centro Cirurgico,178437.62969841855,,
Patient_504,CTI (CC),178437.62969841855,start,ctiBeds,0.0,,,,
Patient_504,CTI (CC),188843.74070337444,complete,ctiBeds,0.0,,,,
Patient_504,CTI prepara Encaminhamento,188843.74070337444,start,,0.0,,,,
Patient_504,CTI prepara Encaminhamento,188883.4975046305,complete,,0.0,,,,
Patient_504,Encaminha_Obito,188883.4975046305,complete,,,Obito,188883.4975046305,,
Patient_504,Discharge,188883.4975046305,complete,,,,,,10445.867806211958
Patient_505,Arrival,179044.00541112974,complete,,0.0,,,,
Patient_505,Origem_do Pronto Socorro,179044.00541112974,complete,,,do Pronto Socorro,179044.00541112974,,
Patient_505,CTI (PS),179044.00541112974,start,ctiBeds,0.0,,,,
Patient_505,CTI (PS),199069.26521797216,complete,ctiBeds,0.0,,,,
Patient_505,CTI prepara Encaminhamento,199069.26521797216,start,,0.0,,,,
Patient_505,CTI prepara Encaminhamento,199106.8931476201,complete,,0.0,,,,
Patient_505,Encaminha_para a Clinica Cirurgica,199106.8931476201,complete,,,para a Clinica Cirurgica,199106.8931476201,,
Patient_505,Discharge,199106.8931476201,complete,,,,,,20062.887736490375
Patient_506,Arrival,179087.30959506246,complete,,0.0,,,,
Patient_506,Origem_do Pronto Socorro,179087.30959506246,complete,,,do Pronto Socorro,179087.30959506246,,
Patient_506,CTI (PS),179087.30959506246,start,ctiBeds,0.0,,,,
Patient_506,CTI (PS),180012.14897832225,complete,ctiBeds,0.0,,,,
Patient_506,CTI prepara Encaminhamento,180012.14897832225,start,,0.0,,,,
Patient_506,CTI prepara Encaminhamento,180048.21064389756,complete,,0.0,,,,
Patient_506,Encaminha_para a Clinica Medica,180048.21064389756,complete,,,para a Clinica Medica,180048.21064389756,,
Patient_506,Discharge,180048.21064389756,complete,,,,,,960.901048835105
Patient_507,Arrival,179397.2948117233,complete,,0.0,,,,
Patient_507,Origem_do Centro Cirurgico,179397.2948117233,complete,,,do Centro Cirurgico,179397.2948117233,,
Patient_507,CTI (CC),179397.2948117233,start,ctiBeds,0.0,,,,
Patient_507,CTI (CC),183225.42826340385,complete,ctiBeds,0.0,,,,
Patient_507,CTI prepara Encaminhamento,183225.42826340385,start,,0.0,,,,
Patient_507,CTI prepara Encaminhamento,183259.45984939637,complete,,0.0,,,,
Patient_507,Encaminha_para a Clinica Medica,183259.45984939637,complete,,,para a Clinica Medica,183259.45984939637,,
Patient_507,Discharge,183259.45984939637,complete,,,,,,3862.165037673083
Patient_508,Arrival,179867.99399639128,complete,,0.0,,,,
Patient_508,Origem_do Pronto Socorro,179867.99399639128,complete,,,do Pronto Socorro,179867.99399639128,,
Patient_508,CTI (PS),179867.99399639128,start,ctiBeds,0.0,,,,
Patient_508,CTI (PS),184553.12549993003,complete,ctiBeds,0.0,,,,
Patient_508,CTI prepara Encaminhamento,184553.12549993003,start,,0.0,,,,
Patient_508,CTI prepara Encaminhamento,184594.29003362154,complete,,0.0,,,,
Patient_508,Encaminha_Alta Hospitalar,184594.29003362154,complete,,,Alta Hospitalar,184594.29003362154,,
Patient_508,Discharge,184594.29003362154,complete,,,,,,4726.296037230262
Patient_509,Arrival,179899.826022399,complete,,0.0,,,,
Patient_509,Origem_do Pronto Socorro,179899.826022399,complete,,,do Pronto Socorro,179899.826022399,,
Patient_509,CTI (PS),179899.826022399,start,ctiBeds,0.0,,,,
Patient_509,CTI (PS),191868.69589814873,complete,ctiBeds,0.0,,,,
Patient_509,CTI prepara Encaminhamento,191868.69589814873,start,,0.0,,,,
Patient_509,CTI prepara Encaminhamento,191927.39639274843,complete,,0.0,,,,
Patient_509,Encaminha_para a Clinica Cirurgica,191927.39639274843,complete,,,para a Clinica Cirurgica,191927.39639274843,,
Patient_509,Discharge,191927.39639274843,complete,,,,,,12027.570370349422
Patient_51,Arrival,13364.68110131552,complete,,0.0,,,,
Patient_51,Origem_do Pronto Socorro,13364.68110131552,complete,,,do Pronto Socorro,13364.68110131552,,
Patient_51,CTI (PS),13364.68110131552,start,ctiBeds,0.0,,,,
Patient_51,CTI (PS),22460.514273614375,complete,ctiBeds,0.0,,,,
Patient_51,CTI prepara Encaminhamento,22460.514273614375,start,,0.0,,,,
Patient_51,CTI prepara Encaminhamento,22508.054447915205,complete,,0.0,,,,
Patient_51,Encaminha_para a Clinica Medica,22508.054447915205,complete,,,para a Clinica Medica,22508.054447915205,,
Patient_51,Discharge,22508.054447915205,complete,,,,,,9143.373346599685
Patient_510,Arrival,180342.6668982,complete,,0.0,,,,
Patient_510,Origem_do Centro Cirurgico,180342.6668982,complete,,,do Centro Cirurgico,180342.6668982,,
Patient_510,CTI (CC),180342.6668982,start,ctiBeds,0.0,,,,
Patient_510,CTI (CC),192460.87003178443,complete,ctiBeds,0.0,,,,
Patient_510,CTI prepara Encaminhamento,192460.87003178443,start,,0.0,,,,
Patient_510,CTI prepara Encaminhamento,192514.42648879753,complete,,0.0,,,,
Patient_510,Encaminha_Obito,192514.42648879753,complete,,,Obito,192514.42648879753,,
Patient_510,Discharge,192514.42648879753,complete,,,,,,12171.759590597532
Patient_511,Arrival,180615.03875561373,complete,,0.0,,,,
Patient_511,Origem_do Centro Cirurgico,180615.03875561373,complete,,,do Centro Cirurgico,180615.03875561373,,
Patient_511,CTI (CC),180615.03875561373,start,ctiBeds,0.0,,,,
Patient_511,CTI (CC),184237.86866856492,complete,ctiBeds,0.0,,,,
Patient_511,CTI prepara Encaminhamento,184237.86866856492,start,,0.0,,,,
Patient_511,CTI prepara Encaminhamento,184291.14874733344,complete,,0.0,,,,
Patient_511,Encaminha_para a Clinica Cirurgica,184291.14874733344,complete,,,para a Clinica Cirurgica,184291.14874733344,,
Patient_511,Discharge,184291.14874733344,complete,,,,,,3676.1099917197134
Patient_512,Arrival,180749.80257972973,complete,,0.0,,,,
Patient_512,Origem_do Centro Cirurgico,180749.80257972973,complete,,,do Centro Cirurgico,180749.80257972973,,
Patient_512,CTI (CC),180749.80257972973,start,ctiBeds,0.0,,,,
Patient_512,CTI (CC),189564.00685709645,complete,ctiBeds,0.0,,,,
Patient_512,CTI prepara Encaminhamento,189564.00685709645,start,,0.0,,,,
Patient_512,CTI prepara Encaminhamento,189621.4252419193,complete,,0.0,,,,
Patient_512,Encaminha_para a Clinica Cirurgica,189621.4252419193,complete,,,para a Clinica Cirurgica,189621.4252419193,,
Patient_512,Discharge,189621.4252419193,complete,,,,,,8871.622662189562
Patient_513,Arrival,181197.29954987395,complete,,0.0,,,,
Patient_513,Origem_do Centro Cirurgico,181197.29954987395,complete,,,do Centro Cirurgico,181197.29954987395,,
Patient_513,CTI (CC),181197.29954987395,start,ctiBeds,0.0,,,,
Patient_513,CTI (CC),181716.88669797985,complete,ctiBeds,0.0,,,,
Patient_513,CTI prepara Encaminhamento,181716.88669797985,start,,0.0,,,,
Patient_513,CTI prepara Encaminhamento,181750.04813558306,complete,,0.0,,,,
Patient_513,Encaminha_para a Clinica Cirurgica,181750.04813558306,complete,,,para a Clinica Cirurgica,181750.04813558306,,
Patient_513,Discharge,181750.04813558306,complete,,,,,,552.7485857091087
Patient_514,Arrival,181556.23318166542,complete,,0.0,,,,
Patient_514,Origem_do Centro Cirurgico,181556.23318166542,complete,,,do Centro Cirurgico,181556.23318166542,,
Patient_514,CTI (CC),181556.23318166542,start,ctiBeds,0.0,,,,
Patient_514,CTI (CC),194990.2641290497,complete,ctiBeds,0.0,,,,
Patient_514,CTI prepara Encaminhamento,194990.2641290497,start,,0.0,,,,
Patient_514,CTI prepara Encaminhamento,195027.20257440986,complete,,0.0,,,,
Patient_514,Encaminha_para a Clinica Medica,195027.20257440986,complete,,,para a Clinica Medica,195027.20257440986,,
Patient_514,Discharge,195027.20257440986,complete,,,,,,13470.969392744446
Patient_515,Arrival,182369.73015304672,complete,,0.0,,,,
Patient_515,Origem_da Clinica Medica,182369.73015304672,complete,,,da Clinica Medica,182369.73015304672,,
Patient_515,CTI (CLIM),182369.73015304672,start,ctiBeds,0.0,,,,
Patient_515,CTI (CLIM),190127.24235802895,complete,ctiBeds,0.0,,,,
Patient_515,CTI prepara Encaminhamento,190127.24235802895,start,,0.0,,,,
Patient_515,CTI prepara Encaminhamento,190184.09237762413,complete,,0.0,,,,
Patient_515,Encaminha_para a Clinica Medica,190184.09237762413,complete,,,para a Clinica Medica,190184.09237762413,,
Patient_515,Discharge,190184.09237762413,complete,,,,,,7814.362224577402
Patient_516,Arrival,182853.1265864785,complete,,0.0,,,,
Patient_516,Origem_do Pronto Socorro,182853.1265864785,complete,,,do Pronto Socorro,182853.1265864785,,
Patient_516,CTI (PS),182853.1265864785,start,ctiBeds,0.0,,,,
Patient_516,CTI (PS),205548.14109702138,complete,ctiBeds,0.0,,,,
Patient_516,CTI prepara Encaminhamento,205548.14109702138,start,,0.0,,,,
Patient_516,CTI prepara Encaminhamento,205597.02858208545,complete,,0.0,,,,
Patient_516,Encaminha_para a Clinica Cirurgica,205597.02858208545,complete,,,para a Clinica Cirurgica,205597.02858208545,,
Patient_516,Discharge,205597.02858208545,complete,,,,,,22743.901995606953
Patient_517,Arrival,182991.11167361308,complete,,0.0,,,,
Patient_517,Origem_do Centro Cirurgico,182991.11167361308,complete,,,do Centro Cirurgico,182991.11167361308,,
Patient_517,CTI (CC),182991.11167361308,start,ctiBeds,0.0,,,,
Patient_517,CTI (CC),186591.11993267186,complete,ctiBeds,0.0,,,,
Patient_517,CTI prepara Encaminhamento,186591.11993267186,start,,0.0,,,,
Patient_517,CTI prepara Encaminhamento,186634.2088245831,complete,,0.0,,,,
Patient_517,Encaminha_para a Clinica Medica,186634.2088245831,complete,,,para a Clinica Medica,186634.2088245831,,
Patient_517,Discharge,186634.2088245831,complete,,,,,,3643.0971509700175
Patient_518,Arrival,183255.05050358453,complete,,0.0,,,,
Patient_518,Origem_do Centro Cirurgico,183255.05050358453,complete,,,do Centro Cirurgico,183255.05050358453,,
Patient_518,CTI (CC),183255.05050358453,start,ctiBeds,0.0,,,,
Patient_518,CTI (CC),186685.18499403156,complete,ctiBeds,0.0,,,,
Patient_518,CTI prepara Encaminhamento,186685.18499403156,start,,0.0,,,,
Patient_518,CTI prepara Encaminhamento,186719.9080313798,complete,,0.0,,,,
Patient_518,Encaminha_para a Clinica Medica,186719.9080313798,complete,,,para a Clinica Medica,186719.9080313798,,
Patient_518,Discharge,186719.9080313798,complete,,,,,,3464.857527795277
Patient_519,Arrival,183343.2561413414,complete,,0.0,,,,
Patient_519,Origem_da Clinica Cirurgica,183343.2561413414,complete,,,da Clinica Cirurgica,183343.2561413414,,
Patient_519,CTI (CLIC),183343.2561413414,start,ctiBeds,0.0,,,,
Patient_519,CTI (CLIC),230209.15655826885,complete,ctiBeds,0.0,,,,
Patient_519,CTI prepara Encaminhamento,230209.15655826885,start,,0.0,,,,
Patient_519,CTI prepara Encaminhamento,230244.6091744663,complete,,0.0,,,,
Patient_519,Encaminha_para a Clinica Cirurgica,230244.6091744663,complete,,,para a Clinica Cirurgica,230244.6091744663,,
Patient_519,Discharge,230244.6091744663,complete,,,,,,46901.353033124906
Patient_52,Arrival,13896.83934505853,complete,,0.0,,,,
Patient_52,Origem_do Pronto Socorro,13896.83934505853,complete,,,do Pronto Socorro,13896.83934505853,,
Patient_52,CTI (PS),13896.83934505853,start,ctiBeds,0.0,,,,
Patient_52,CTI (PS),39077.51113438566,complete,ctiBeds,0.0,,,,
Patient_52,CTI prepara Encaminhamento,39077.51113438566,start,,0.0,,,,
Patient_52,CTI prepara Encaminhamento,39113.06164616868,complete,,0.0,,,,
Patient_52,Encaminha_para a Clinica Medica,39113.06164616868,complete,,,para a Clinica Medica,39113.06164616868,,
Patient_52,Discharge,39113.06164616868,complete,,,,,,25216.222301110152
Patient_520,Arrival,183616.27289652498,complete,,0.0,,,,
Patient_520,Origem_do Pronto Socorro,183616.27289652498,complete,,,do Pronto Socorro,183616.27289652498,,
Patient_520,CTI (PS),183616.27289652498,start,ctiBeds,0.0,,,,
Patient_520,CTI (PS),215903.62144482048,complete,ctiBeds,0.0,,,,
Patient_520,CTI prepara Encaminhamento,215903.62144482048,start,,0.0,,,,
Patient_520,CTI prepara Encaminhamento,215947.57796808713,complete,,0.0,,,,
Patient_520,Encaminha_para a Clinica Medica,215947.57796808713,complete,,,para a Clinica Medica,215947.57796808713,,
Patient_520,Discharge,215947.57796808713,complete,,,,,,32331.30507156215
Patient_521,Arrival,183621.92996204094,complete,,0.0,,,,
Patient_521,Origem_do Centro Cirurgico,183621.92996204094,complete,,,do Centro Cirurgico,183621.92996204094,,
Patient_521,CTI (CC),183621.92996204094,start,ctiBeds,0.0,,,,
Patient_521,CTI (CC),257153.9935938922,complete,ctiBeds,0.0,,,,
Patient_521,CTI prepara Encaminhamento,257153.9935938922,start,,0.0,,,,
Patient_521,CTI prepara Encaminhamento,257208.5314668181,complete,,0.0,,,,
Patient_521,Encaminha_para a Clinica Cirurgica,257208.5314668181,complete,,,para a Clinica Cirurgica,257208.5314668181,,
Patient_521,Discharge,257208.5314668181,complete,,,,,,73586.60150477715
Patient_522,Arrival,184014.4535594324,complete,,0.0,,,,
Patient_522,Origem_do Pronto Socorro,184014.4535594324,complete,,,do Pronto Socorro,184014.4535594324,,
Patient_522,CTI (PS),184014.4535594324,start,ctiBeds,0.0,,,,
Patient_522,CTI (PS),186591.58145222426,complete,ctiBeds,0.0,,,,
Patient_522,CTI prepara Encaminhamento,186591.58145222426,start,,0.0,,,,
Patient_522,CTI prepara Encaminhamento,186636.71114550316,complete,,0.0,,,,
Patient_522,Encaminha_para a Clinica Medica,186636.71114550316,complete,,,para a Clinica Medica,186636.71114550316,,
Patient_522,Discharge,186636.71114550316,complete,,,,,,2622.257586070744
Patient_523,Arrival,184444.50773491466,complete,,0.0,,,,
Patient_523,Origem_da Clinica Medica,184444.50773491466,complete,,,da Clinica Medica,184444.50773491466,,
Patient_523,CTI (CLIM),184444.50773491466,start,ctiBeds,0.0,,,,
Patient_523,CTI (CLIM),196498.28839021642,complete,ctiBeds,0.0,,,,
Patient_523,CTI prepara Encaminhamento,196498.28839021642,start,,0.0,,,,
Patient_523,CTI prepara Encaminhamento,196554.29374641573,complete,,0.0,,,,
Patient_523,Encaminha_Obito,196554.29374641573,complete,,,Obito,196554.29374641573,,
Patient_523,Discharge,196554.29374641573,complete,,,,,,12109.78601150107
Patient_524,Arrival,185344.8831010313,complete,,0.0,,,,
Patient_524,Origem_do Centro Cirurgico,185344.8831010313,complete,,,do Centro Cirurgico,185344.8831010313,,
Patient_524,CTI (CC),185344.8831010313,start,ctiBeds,0.0,,,,
Patient_524,CTI (CC),195763.7632368069,complete,ctiBeds,0.0,,,,
Patient_524,CTI prepara Encaminhamento,195763.7632368069,start,,0.0,,,,
Patient_524,CTI prepara Encaminhamento,195799.79108858938,complete,,0.0,,,,
Patient_524,Encaminha_Transferencia Externa,195799.79108858938,complete,,,Transferencia Externa,195799.79108858938,,
Patient_524,Discharge,195799.79108858938,complete,,,,,,10454.90798755808
Patient_525,Arrival,185367.99519084147,complete,,0.0,,,,
Patient_525,Origem_do Centro Cirurgico,185367.99519084147,complete,,,do Centro Cirurgico,185367.99519084147,,
Patient_525,CTI (CC),185367.99519084147,start,ctiBeds,0.0,,,,
Patient_525,CTI (CC),194100.54274985412,complete,ctiBeds,0.0,,,,
Patient_525,CTI prepara Encaminhamento,194100.54274985412,start,,0.0,,,,
Patient_525,CTI prepara Encaminhamento,194146.44304666968,complete,,0.0,,,,
Patient_525,Encaminha_Obito,194146.44304666968,complete,,,Obito,194146.44304666968,,
Patient_525,Discharge,194146.44304666968,complete,,,,,,8778.447855828214
Patient_526,Arrival,185587.96318261873,complete,,0.0,,,,
Patient_526,Origem_do Pronto Socorro,185587.96318261873,complete,,,do Pronto Socorro,185587.96318261873,,
Patient_526,CTI (PS),185587.96318261873,start,ctiBeds,0.0,,,,
Patient_526,CTI (PS),194730.27222388668,complete,ctiBeds,0.0,,,,
Patient_526,CTI prepara Encaminhamento,194730.27222388668,start,,0.0,,,,
Patient_526,CTI prepara Encaminhamento,194777.90688985505,complete,,0.0,,,,
Patient_526,Encaminha_para a Clinica Medica,194777.90688985505,complete,,,para a Clinica Medica,194777.90688985505,,
Patient_526,Discharge,194777.90688985505,complete,,,,,,9189.943707236322
Patient_527,Arrival,185902.70378647943,complete,,0.0,,,,
Patient_527,Origem_do Pronto Socorro,185902.70378647943,complete,,,do Pronto Socorro,185902.70378647943,,
Patient_527,CTI (PS),185902.70378647943,start,ctiBeds,0.0,,,,
Patient_527,CTI (PS),204203.02655472507,complete,ctiBeds,0.0,,,,
Patient_527,CTI prepara Encaminhamento,204203.02655472507,start,,0.0,,,,
Patient_527,CTI prepara Encaminhamento,204254.7228279575,complete,,0.0,,,,
Patient_527,Encaminha_para a Clinica Medica,204254.7228279575,complete,,,para a Clinica Medica,204254.7228279575,,
Patient_527,Discharge,204254.7228279575,complete,,,,,,18352.01904147808
Patient_528,Arrival,186324.54256378172,complete,,0.0,,,,
Patient_528,Origem_do Centro Cirurgico,186324.54256378172,complete,,,do Centro Cirurgico,186324.54256378172,,
Patient_528,CTI (CC),186324.54256378172,start,ctiBeds,0.0,,,,
Patient_528,CTI (CC),188090.71367801866,complete,ctiBeds,0.0,,,,
Patient_528,CTI prepara Encaminhamento,188090.71367801866,start,,0.0,,,,
Patient_528,CTI prepara Encaminhamento,188133.22408768136,complete,,0.0,,,,
Patient_528,Encaminha_para a Clinica Cirurgica,188133.22408768136,complete,,,para a Clinica Cirurgica,188133.22408768136,,
Patient_528,Discharge,188133.22408768136,complete,,,,,,1808.681523899635
Patient_529,Arrival,186364.7858530557,complete,,0.0,,,,
Patient_529,Origem_do Centro Cirurgico,186364.7858530557,complete,,,do Centro Cirurgico,186364.7858530557,,
Patient_529,CTI (CC),186364.7858530557,start,ctiBeds,0.0,,,,
Patient_529,CTI (CC),186969.44211314336,complete,ctiBeds,0.0,,,,
Patient_529,CTI prepara Encaminhamento,186969.44211314336,start,,0.0,,,,
Patient_529,CTI prepara Encaminhamento,187025.4332635691,complete,,0.0,,,,
Patient_529,Encaminha_para a Clinica Medica,187025.4332635691,complete,,,para a Clinica Medica,187025.4332635691,,
Patient_529,Discharge,187025.4332635691,complete,,,,,,660.6474105133966
Patient_53,Arrival,14174.798200118028,complete,,0.0,,,,
Patient_53,Origem_da Clinica Cirurgica,14174.798200118028,complete,,,da Clinica Cirurgica,14174.798200118028,,
Patient_53,CTI (CLIC),14174.798200118028,start,ctiBeds,0.0,,,,
Patient_53,CTI (CLIC),16314.376782775387,complete,ctiBeds,0.0,,,,
Patient_53,CTI prepara Encaminhamento,16314.376782775387,start,,0.0,,,,
Patient_53,CTI prepara Encaminhamento,16347.439850567009,complete,,0.0,,,,
Patient_53,Encaminha_Obito,16347.439850567009,complete,,,Obito,16347.439850567009,,
Patient_53,Discharge,16347.439850567009,complete,,,,,,2172.6416504489807
Patient_530,Arrival,186782.5875099878,complete,,0.0,,,,
Patient_530,Origem_do Centro Cirurgico,186782.5875099878,complete,,,do Centro Cirurgico,186782.5875099878,,
Patient_530,CTI (CC),186782.5875099878,start,ctiBeds,0.0,,,,
Patient_530,CTI (CC),189235.52575209315,complete,ctiBeds,0.0,,,,
Patient_530,CTI prepara Encaminhamento,189235.52575209315,start,,0.0,,,,
Patient_530,CTI prepara Encaminhamento,189279.28810443092,complete,,0.0,,,,
Patient_530,Encaminha_para a Clinica Cirurgica,189279.28810443092,complete,,,para a Clinica Cirurgica,189279.28810443092,,
Patient_530,Discharge,189279.28810443092,complete,,,,,,2496.7005944431294
Patient_531,Arrival,186787.3127144679,complete,,0.0,,,,
Patient_531,Origem_do Pronto Socorro,186787.3127144679,complete,,,do Pronto Socorro,186787.3127144679,,
Patient_531,CTI (PS),186787.3127144679,start,ctiBeds,0.0,,,,
Patient_531,CTI (PS),203828.52953643724,complete,ctiBeds,0.0,,,,
Patient_531,CTI prepara Encaminhamento,203828.52953643724,start,,0.0,,,,
Patient_531,CTI prepara Encaminhamento,203883.65088501014,complete,,0.0,,,,
Patient_531,Encaminha_Obito,203883.65088501014,complete,,,Obito,203883.65088501014,,
Patient_531,Discharge,203883.65088501014,complete,,,,,,17096.338170542236
Patient_532,Arrival,186907.14893280025,complete,,0.0,,,,
Patient_532,Origem_do Centro Cirurgico,186907.14893280025,complete,,,do Centro Cirurgico,186907.14893280025,,
Patient_532,CTI (CC),186907.14893280025,start,ctiBeds,0.0,,,,
Patient_532,CTI (CC),190801.21151780148,complete,ctiBeds,0.0,,,,
Patient_532,CTI prepara Encaminhamento,190801.21151780148,start,,0.0,,,,
Patient_532,CTI prepara Encaminhamento,190859.32349041005,complete,,0.0,,,,
Patient_532,Encaminha_para a Clinica Cirurgica,190859.32349041005,complete,,,para a Clinica Cirurgica,190859.32349041005,,
Patient_532,Discharge,190859.32349041005,complete,,,,,,3952.1745576098037
Patient_533,Arrival,187057.73351743908,complete,,0.0,,,,
Patient_533,Origem_do Centro Cirurgico,187057.73351743908,complete,,,do Centro Cirurgico,187057.73351743908,,
Patient_533,CTI (CC),187057.73351743908,start,ctiBeds,0.0,,,,
Patient_533,CTI (CC),192634.45954466518,complete,ctiBeds,0.0,,,,
Patient_533,CTI prepara Encaminhamento,192634.45954466518,start,,0.0,,,,
Patient_533,CTI prepara Encaminhamento,192686.05389100692,complete,,0.0,,,,
Patient_533,Encaminha_Obito,192686.05389100692,complete,,,Obito,192686.05389100692,,
Patient_533,Discharge,192686.05389100692,complete,,,,,,5628.32037356784
Patient_534,Arrival,187169.87190504593,complete,,0.0,,,,
Patient_534,Origem_do Centro Cirurgico,187169.87190504593,complete,,,do Centro Cirurgico,187169.87190504593,,
Patient_534,CTI (CC),187169.87190504593,start,ctiBeds,0.0,,,,
Patient_534,CTI (CC),187951.45705780355,complete,ctiBeds,0.0,,,,
Patient_534,CTI prepara Encaminhamento,187951.45705780355,start,,0.0,,,,
Patient_534,CTI prepara Encaminhamento,187982.09902588872,complete,,0.0,,,,
Patient_534,Encaminha_para a Clinica Cirurgica,187982.09902588872,complete,,,para a Clinica Cirurgica,187982.09902588872,,
Patient_534,Discharge,187982.09902588872,complete,,,,,,812.2271208427846
Patient_535,Arrival,187402.59553413288,complete,,0.0,,,,
Patient_535,Origem_do Centro Cirurgico,187402.59553413288,complete,,,do Centro Cirurgico,187402.59553413288,,
Patient_535,CTI (CC),187402.59553413288,start,ctiBeds,0.0,,,,
Patient_535,CTI (CC),188693.10775080687,complete,ctiBeds,0.0,,,,
Patient_535,CTI prepara Encaminhamento,188693.10775080687,start,,0.0,,,,
Patient_535,CTI prepara Encaminhamento,188739.90355065715,complete,,0.0,,,,
Patient_535,Encaminha_para a Clinica Medica,188739.90355065715,complete,,,para a Clinica Medica,188739.90355065715,,
Patient_535,Discharge,188739.90355065715,complete,,,,,,1337.3080165242718
Patient_536,Arrival,187774.6498743532,complete,,0.0,,,,
Patient_536,Origem_da Clinica Cirurgica,187774.6498743532,complete,,,da Clinica Cirurgica,187774.6498743532,,
Patient_536,CTI (CLIC),187774.6498743532,start,ctiBeds,0.0,,,,
Patient_536,CTI (CLIC),189281.4262351475,complete,ctiBeds,0.0,,,,
Patient_536,CTI prepara Encaminhamento,189281.4262351475,start,,0.0,,,,
Patient_536,CTI prepara Encaminhamento,189337.69070463078,complete,,0.0,,,,
Patient_536,Encaminha_para a Clinica Cirurgica,189337.69070463078,complete,,,para a Clinica Cirurgica,189337.69070463078,,
Patient_536,Discharge,189337.69070463078,complete,,,,,,1563.0408302775759
Patient_537,Arrival,188246.12198468327,complete,,0.0,,,,
Patient_537,Origem_do Pronto Socorro,188246.12198468327,complete,,,do Pronto Socorro,188246.12198468327,,
Patient_537,CTI (PS),188246.12198468327,start,ctiBeds,0.0,,,,
Patient_537,CTI (PS),201403.63634389875,complete,ctiBeds,0.0,,,,
Patient_537,CTI prepara Encaminhamento,201403.63634389875,start,,0.0,,,,
Patient_537,CTI prepara Encaminhamento,201442.60562946275,complete,,0.0,,,,
Patient_537,Encaminha_para a Clinica Cirurgica,201442.60562946275,complete,,,para a Clinica Cirurgica,201442.60562946275,,
Patient_537,Discharge,201442.60562946275,complete,,,,,,13196.48364477948
Patient_538,Arrival,188326.21985950661,complete,,0.0,,,,
Patient_538,Origem_do Pronto Socorro,188326.21985950661,complete,,,do Pronto Socorro,188326.21985950661,,
Patient_538,CTI (PS),188326.21985950661,start,ctiBeds,0.0,,,,
Patient_538,CTI (PS),191327.14544036667,complete,ctiBeds,0.0,,,,
Patient_538,CTI prepara Encaminhamento,191327.14544036667,start,,0.0,,,,
Patient_538,CTI prepara Encaminhamento,191358.40867029023,complete,,0.0,,,,
Patient_538,Encaminha_para a Clinica Cirurgica,191358.40867029023,complete,,,para a Clinica Cirurgica,191358.40867029023,,
Patient_538,Discharge,191358.40867029023,complete,,,,,,3032.188810783613
Patient_539,Arrival,188468.03939590772,complete,,0.0,,,,
Patient_539,Origem_do Pronto Socorro,188468.03939590772,complete,,,do Pronto Socorro,188468.03939590772,,
Patient_539,CTI (PS),188468.03939590772,start,ctiBeds,0.0,,,,
Patient_539,CTI (PS),201293.82541152404,complete,ctiBeds,0.0,,,,
Patient_539,CTI prepara Encaminhamento,201293.82541152404,start,,0.0,,,,
Patient_539,CTI prepara Encaminhamento,201339.80382355535,complete,,0.0,,,,
Patient_539,Encaminha_Obito,201339.80382355535,complete,,,Obito,201339.80382355535,,
Patient_539,Discharge,201339.80382355535,complete,,,,,,12871.764427647635
Patient_54,Arrival,14363.13017041761,complete,,0.0,,,,
Patient_54,Origem_do Pronto Socorro,14363.13017041761,complete,,,do Pronto Socorro,14363.13017041761,,
Patient_54,CTI (PS),14363.13017041761,start,ctiBeds,0.0,,,,
Patient_54,CTI (PS),38816.646797775815,complete,ctiBeds,0.0,,,,
Patient_54,CTI prepara Encaminhamento,38816.646797775815,start,,0.0,,,,
Patient_54,CTI prepara Encaminhamento,38864.98745361167,complete,,0.0,,,,
Patient_54,Encaminha_para a Clinica Cirurgica,38864.98745361167,complete,,,para a Clinica Cirurgica,38864.98745361167,,
Patient_54,Discharge,38864.98745361167,complete,,,,,,24501.857283194062
Patient_540,Arrival,189082.95774286834,complete,,0.0,,,,
Patient_540,Origem_do Pronto Socorro,189082.95774286834,complete,,,do Pronto Socorro,189082.95774286834,,
Patient_540,CTI (PS),189082.95774286834,start,ctiBeds,0.0,,,,
Patient_540,CTI (PS),195894.85085023404,complete,ctiBeds,0.0,,,,
Patient_540,CTI prepara Encaminhamento,195894.85085023404,start,,0.0,,,,
Patient_540,CTI prepara Encaminhamento,195939.3580056999,complete,,0.0,,,,
Patient_540,Encaminha_Obito,195939.3580056999,complete,,,Obito,195939.3580056999,,
Patient_540,Discharge,195939.3580056999,complete,,,,,,6856.400262831565
Patient_541,Arrival,189419.39773263872,complete,,0.0,,,,
Patient_541,Origem_do Pronto Socorro,189419.39773263872,complete,,,do Pronto Socorro,189419.39773263872,,
Patient_541,CTI (PS),189419.39773263872,start,ctiBeds,0.0,,,,
Patient_541,CTI (PS),221917.3688943394,complete,ctiBeds,0.0,,,,
Patient_541,CTI prepara Encaminhamento,221917.3688943394,start,,0.0,,,,
Patient_541,CTI prepara Encaminhamento,221954.06311421166,complete,,0.0,,,,
Patient_541,Encaminha_Obito,221954.06311421166,complete,,,Obito,221954.06311421166,,
Patient_541,Discharge,221954.06311421166,complete,,,,,,32534.665381572937
Patient_542,Arrival,189479.37846392122,complete,,0.0,,,,
Patient_542,Origem_do Pronto Socorro,189479.37846392122,complete,,,do Pronto Socorro,189479.37846392122,,
Patient_542,CTI (PS),189479.37846392122,start,ctiBeds,0.0,,,,
Patient_542,CTI (PS),192585.5579958481,complete,ctiBeds,0.0,,,,
Patient_542,CTI prepara Encaminhamento,192585.5579958481,start,,0.0,,,,
Patient_542,CTI prepara Encaminhamento,192624.38181730444,complete,,0.0,,,,
Patient_542,Encaminha_Transferencia Externa,192624.38181730444,complete,,,Transferencia Externa,192624.38181730444,,
Patient_542,Discharge,192624.38181730444,complete,,,,,,3145.0033533832175
Patient_543,Arrival,189912.81506657126,complete,,0.0,,,,
Patient_543,Origem_do Centro Cirurgico,189912.81506657126,complete,,,do Centro Cirurgico,189912.81506657126,,
Patient_543,CTI (CC),189912.81506657126,start,ctiBeds,0.0,,,,
Patient_543,CTI (CC),193238.7191897645,complete,ctiBeds,0.0,,,,
Patient_543,CTI prepara Encaminhamento,193238.7191897645,start,,0.0,,,,
Patient_543,CTI prepara Encaminhamento,193274.19359846206,complete,,0.0,,,,
Patient_543,Encaminha_para a Clinica Cirurgica,193274.19359846206,complete,,,para a Clinica Cirurgica,193274.19359846206,,
Patient_543,Discharge,193274.19359846206,complete,,,,,,3361.378531890805
Patient_544,Arrival,190031.1700983801,complete,,0.0,,,,
Patient_544,Origem_do Pronto Socorro,190031.1700983801,complete,,,do Pronto Socorro,190031.1700983801,,
Patient_544,CTI (PS),190031.1700983801,start,ctiBeds,0.0,,,,
Patient_544,CTI (PS),197806.5442609019,complete,ctiBeds,0.0,,,,
Patient_544,CTI prepara Encaminhamento,197806.5442609019,start,,0.0,,,,
Patient_544,CTI prepara Encaminhamento,197853.74660701494,complete,,0.0,,,,
Patient_544,Encaminha_para a Clinica Cirurgica,197853.74660701494,complete,,,para a Clinica Cirurgica,197853.74660701494,,
Patient_544,Discharge,197853.74660701494,complete,,,,,,7822.57650863484
Patient_545,Arrival,191042.77749875817,complete,,0.0,,,,
Patient_545,Origem_do Centro Cirurgico,191042.77749875817,complete,,,do Centro Cirurgico,191042.77749875817,,
Patient_545,CTI (CC),191042.77749875817,start,ctiBeds,0.0,,,,
Patient_545,CTI (CC),194954.58239642467,complete,ctiBeds,0.0,,,,
Patient_545,CTI prepara Encaminhamento,194954.58239642467,start,,0.0,,,,
Patient_545,CTI prepara Encaminhamento,194991.65886431804,complete,,0.0,,,,
Patient_545,Encaminha_para a Clinica Cirurgica,194991.65886431804,complete,,,para a Clinica Cirurgica,194991.65886431804,,
Patient_545,Discharge,194991.65886431804,complete,,,,,,3948.8813655598788
Patient_546,Arrival,191465.32511715204,complete,,0.0,,,,
Patient_546,Origem_do Centro Cirurgico,191465.32511715204,complete,,,do Centro Cirurgico,191465.32511715204,,
Patient_546,CTI (CC),191465.32511715204,start,ctiBeds,0.0,,,,
Patient_546,CTI (CC),197913.15622813033,complete,ctiBeds,0.0,,,,
Patient_546,CTI prepara Encaminhamento,197913.15622813033,start,,0.0,,,,
Patient_546,CTI prepara Encaminhamento,197946.75765198414,complete,,0.0,,,,
Patient_546,Encaminha_para a Clinica Medica,197946.75765198414,complete,,,para a Clinica Medica,197946.75765198414,,
Patient_546,Discharge,197946.75765198414,complete,,,,,,6481.4325348321
Patient_547,Arrival,192522.0568579929,complete,,0.0,,,,
Patient_547,Origem_da Clinica Medica,192522.0568579929,complete,,,da Clinica Medica,192522.0568579929,,
Patient_547,CTI (CLIM),192522.0568579929,start,ctiBeds,0.0,,,,
Patient_547,CTI (CLIM),223752.8441210296,complete,ctiBeds,0.0,,,,
Patient_547,CTI prepara Encaminhamento,223752.8441210296,start,,0.0,,,,
Patient_547,CTI prepara Encaminhamento,223794.77858518134,complete,,0.0,,,,
Patient_547,Encaminha_para a Clinica Medica,223794.77858518134,complete,,,para a Clinica Medica,223794.77858518134,,
Patient_547,Discharge,223794.77858518134,complete,,,,,,31272.721727188444
Patient_548,Arrival,192581.75045454336,complete,,0.0,,,,
Patient_548,Origem_do Pronto Socorro,192581.75045454336,complete,,,do Pronto Socorro,192581.75045454336,,
Patient_548,CTI (PS),192581.75045454336,start,ctiBeds,0.0,,,,
Patient_548,CTI (PS),207468.0990938975,complete,ctiBeds,0.0,,,,
Patient_548,CTI prepara Encaminhamento,207468.0990938975,start,,0.0,,,,
Patient_548,CTI prepara Encaminhamento,207526.13626249286,complete,,0.0,,,,
Patient_548,Encaminha_para a Clinica Medica,207526.13626249286,complete,,,para a Clinica Medica,207526.13626249286,,
Patient_548,Discharge,207526.13626249286,complete,,,,,,14944.385807949497
Patient_549,Arrival,192607.84630901457,complete,,0.0,,,,
Patient_549,Origem_do Centro Cirurgico,192607.84630901457,complete,,,do Centro Cirurgico,192607.84630901457,,
Patient_549,CTI (CC),192607.84630901457,start,ctiBeds,0.0,,,,
Patient_549,CTI (CC),345360.122644318,complete,ctiBeds,0.0,,,,
Patient_549,CTI prepara Encaminhamento,345360.122644318,start,,0.0,,,,
Patient_549,CTI prepara Encaminhamento,345405.00170356664,complete,,0.0,,,,
Patient_549,Encaminha_para a Clinica Medica,345405.00170356664,complete,,,para a Clinica Medica,345405.00170356664,,
Patient_549,Discharge,345405.00170356664,complete,,,,,,152797.15539455207
Patient_55,Arrival,14448.112957939898,complete,,0.0,,,,
Patient_55,Origem_do Pronto Socorro,14448.112957939898,complete,,,do Pronto Socorro,14448.112957939898,,
Patient_55,CTI (PS),14448.112957939898,start,ctiBeds,0.0,,,,
Patient_55,CTI (PS),31701.643635478973,complete,ctiBeds,0.0,,,,
Patient_55,CTI prepara Encaminhamento,31701.643635478973,start,,0.0,,,,
Patient_55,CTI prepara Encaminhamento,31757.312207476647,complete,,0.0,,,,
Patient_55,Encaminha_para a Clinica Medica,31757.312207476647,complete,,,para a Clinica Medica,31757.312207476647,,
Patient_55,Discharge,31757.312207476647,complete,,,,,,17309.19924953675
Patient_550,Arrival,192608.905949971,complete,,0.0,,,,
Patient_550,Origem_do Centro Cirurgico,192608.905949971,complete,,,do Centro Cirurgico,192608.905949971,,
Patient_550,CTI (CC),192608.905949971,start,ctiBeds,0.0,,,,
Patient_550,CTI (CC),194268.49749761942,complete,ctiBeds,0.0,,,,
Patient_550,CTI prepara Encaminhamento,194268.49749761942,start,,0.0,,,,
Patient_550,CTI prepara Encaminhamento,194318.87162640083,complete,,0.0,,,,
Patient_550,Encaminha_para a Clinica Medica,194318.87162640083,complete,,,para a Clinica Medica,194318.87162640083,,
Patient_550,Discharge,194318.87162640083,complete,,,,,,1709.965676429827
Patient_551,Arrival,192634.54384552516,complete,,0.0,,,,
Patient_551,Origem_do Pronto Socorro,192634.54384552516,complete,,,do Pronto Socorro,192634.54384552516,,
Patient_551,CTI (PS),192634.54384552516,start,ctiBeds,0.0,,,,
Patient_551,CTI (PS),208348.81867565782,complete,ctiBeds,0.0,,,,
Patient_551,CTI prepara Encaminhamento,208348.81867565782,start,,0.0,,,,
Patient_551,CTI prepara Encaminhamento,208393.54465656585,complete,,0.0,,,,
Patient_551,Encaminha_para a Clinica Medica,208393.54465656585,complete,,,para a Clinica Medica,208393.54465656585,,
Patient_551,Discharge,208393.54465656585,complete,,,,,,15759.000811040692
Patient_552,Arrival,193182.45212127382,complete,,0.0,,,,
Patient_552,Origem_do Centro Cirurgico,193182.45212127382,complete,,,do Centro Cirurgico,193182.45212127382,,
Patient_552,CTI (CC),193182.45212127382,start,ctiBeds,0.0,,,,
Patient_552,CTI (CC),195146.36669765992,complete,ctiBeds,0.0,,,,
Patient_552,CTI prepara Encaminhamento,195146.36669765992,start,,0.0,,,,
Patient_552,CTI prepara Encaminhamento,195191.63708673455,complete,,0.0,,,,
Patient_552,Encaminha_Obito,195191.63708673455,complete,,,Obito,195191.63708673455,,
Patient_552,Discharge,195191.63708673455,complete,,,,,,2009.1849654607358
Patient_553,Arrival,193813.89130988854,complete,,0.0,,,,
Patient_553,Origem_do Pronto Socorro,193813.89130988854,complete,,,do Pronto Socorro,193813.89130988854,,
Patient_553,CTI (PS),193813.89130988854,start,ctiBeds,0.0,,,,
Patient_553,CTI (PS),208954.04264657566,complete,ctiBeds,0.0,,,,
Patient_553,CTI prepara Encaminhamento,208954.04264657566,start,,0.0,,,,
Patient_553,CTI prepara Encaminhamento,209010.38492242325,complete,,0.0,,,,
Patient_553,Encaminha_para a Clinica Medica,209010.38492242325,complete,,,para a Clinica Medica,209010.38492242325,,
Patient_553,Discharge,209010.38492242325,complete,,,,,,15196.493612534716
Patient_554,Arrival,193994.61522551047,complete,,0.0,,,,
Patient_554,Origem_do Centro Cirurgico,193994.61522551047,complete,,,do Centro Cirurgico,193994.61522551047,,
Patient_554,CTI (CC),193994.61522551047,start,ctiBeds,0.0,,,,
Patient_554,CTI (CC),197963.5239140966,complete,ctiBeds,0.0,,,,
Patient_554,CTI prepara Encaminhamento,197963.5239140966,start,,0.0,,,,
Patient_554,CTI prepara Encaminhamento,198000.6843918912,complete,,0.0,,,,
Patient_554,Encaminha_Transferencia Externa,198000.6843918912,complete,,,Transferencia Externa,198000.6843918912,,
Patient_554,Discharge,198000.6843918912,complete,,,,,,4006.0691663807374
Patient_555,Arrival,194206.13700713526,complete,,0.0,,,,
Patient_555,Origem_do Pronto Socorro,194206.13700713526,complete,,,do Pronto Socorro,194206.13700713526,,
Patient_555,CTI (PS),194206.13700713526,start,ctiBeds,0.0,,,,
Patient_555,CTI (PS),203126.23102992392,complete,ctiBeds,0.0,,,,
Patient_555,CTI prepara Encaminhamento,203126.23102992392,start,,0.0,,,,
Patient_555,CTI prepara Encaminhamento,203172.47513845173,complete,,0.0,,,,
Patient_555,Encaminha_para a Clinica Cirurgica,203172.47513845173,complete,,,para a Clinica Cirurgica,203172.47513845173,,
Patient_555,Discharge,203172.47513845173,complete,,,,,,8966.338131316472
Patient_556,Arrival,194324.21394812828,complete,,0.0,,,,
Patient_556,Origem_do Pronto Socorro,194324.21394812828,complete,,,do Pronto Socorro,194324.21394812828,,
Patient_556,CTI (PS),194324.21394812828,start,ctiBeds,0.0,,,,
Patient_556,CTI (PS),199637.44819755858,complete,ctiBeds,0.0,,,,
Patient_556,CTI prepara Encaminhamento,199637.44819755858,start,,0.0,,,,
Patient_556,CTI prepara Encaminhamento,199680.9285637556,complete,,0.0,,,,
Patient_556,Encaminha_Obito,199680.9285637556,complete,,,Obito,199680.9285637556,,
Patient_556,Discharge,199680.9285637556,complete,,,,,,5356.714615627308
Patient_557,Arrival,195139.09523494303,complete,,0.0,,,,
Patient_557,Origem_do Centro Cirurgico,195139.09523494303,complete,,,do Centro Cirurgico,195139.09523494303,,
Patient_557,CTI (CC),195139.09523494303,start,ctiBeds,0.0,,,,
Patient_557,CTI (CC),202321.04978955362,complete,ctiBeds,0.0,,,,
Patient_557,CTI prepara Encaminhamento,202321.04978955362,start,,0.0,,,,
Patient_557,CTI prepara Encaminhamento,202355.84458941285,complete,,0.0,,,,
Patient_557,Encaminha_para a Clinica Cirurgica,202355.84458941285,complete,,,para a Clinica Cirurgica,202355.84458941285,,
Patient_557,Discharge,202355.84458941285,complete,,,,,,7216.749354469823
Patient_558,Arrival,195292.0663173377,complete,,0.0,,,,
Patient_558,Origem_do Centro Cirurgico,195292.0663173377,complete,,,do Centro Cirurgico,195292.0663173377,,
Patient_558,CTI (CC),195292.0663173377,start,ctiBeds,0.0,,,,
Patient_558,CTI (CC),217079.02039555146,complete,ctiBeds,0.0,,,,
Patient_558,CTI prepara Encaminhamento,217079.02039555146,start,,0.0,,,,
Patient_558,CTI prepara Encaminhamento,217129.2412391639,complete,,0.0,,,,
Patient_558,Encaminha_para a Clinica Cirurgica,217129.2412391639,complete,,,para a Clinica Cirurgica,217129.2412391639,,
Patient_558,Discharge,217129.2412391639,complete,,,,,,21837.174921826198
Patient_559,Arrival,195469.16383005807,complete,,0.0,,,,
Patient_559,Origem_da Clinica Cirurgica,195469.16383005807,complete,,,da Clinica Cirurgica,195469.16383005807,,
Patient_559,CTI (CLIC),195469.16383005807,start,ctiBeds,0.0,,,,
Patient_559,CTI (CLIC),207269.68842171042,complete,ctiBeds,0.0,,,,
Patient_559,CTI prepara Encaminhamento,207269.68842171042,start,,0.0,,,,
Patient_559,CTI prepara Encaminhamento,207301.86808918472,complete,,0.0,,,,
Patient_559,Encaminha_para a Clinica Medica,207301.86808918472,complete,,,para a Clinica Medica,207301.86808918472,,
Patient_559,Discharge,207301.86808918472,complete,,,,,,11832.70425912665
Patient_56,Arrival,14790.377255295922,complete,,0.0,,,,
Patient_56,Origem_do Centro Cirurgico,14790.377255295922,complete,,,do Centro Cirurgico,14790.377255295922,,
Patient_56,CTI (CC),14790.377255295922,start,ctiBeds,0.0,,,,
Patient_56,CTI (CC),28383.685923343575,complete,ctiBeds,0.0,,,,
Patient_56,CTI prepara Encaminhamento,28383.685923343575,start,,0.0,,,,
Patient_56,CTI prepara Encaminhamento,28415.47976037873,complete,,0.0,,,,
Patient_56,Encaminha_para a Clinica Cirurgica,28415.47976037873,complete,,,para a Clinica Cirurgica,28415.47976037873,,
Patient_56,Discharge,28415.47976037873,complete,,,,,,13625.102505082808
Patient_560,Arrival,195554.39652107915,complete,,0.0,,,,
Patient_560,Origem_do Pronto Socorro,195554.39652107915,complete,,,do Pronto Socorro,195554.39652107915,,
Patient_560,CTI (PS),195554.39652107915,start,ctiBeds,0.0,,,,
Patient_560,CTI (PS),202703.3757814186,complete,ctiBeds,0.0,,,,
Patient_560,CTI prepara Encaminhamento,202703.3757814186,start,,0.0,,,,
Patient_560,CTI prepara Encaminhamento,202739.0885502332,complete,,0.0,,,,
Patient_560,Encaminha_Obito,202739.0885502332,complete,,,Obito,202739.0885502332,,
Patient_560,Discharge,202739.0885502332,complete,,,,,,7184.692029154045
Patient_561,Arrival,197177.85645722548,complete,,0.0,,,,
Patient_561,Origem_do Pronto Socorro,197177.85645722548,complete,,,do Pronto Socorro,197177.85645722548,,
Patient_561,CTI (PS),197177.85645722548,start,ctiBeds,0.0,,,,
Patient_561,CTI (PS),208612.45051924314,complete,ctiBeds,0.0,,,,
Patient_561,CTI prepara Encaminhamento,208612.45051924314,start,,0.0,,,,
Patient_561,CTI prepara Encaminhamento,208667.60098828562,complete,,0.0,,,,
Patient_561,Encaminha_Obito,208667.60098828562,complete,,,Obito,208667.60098828562,,
Patient_561,Discharge,208667.60098828562,complete,,,,,,11489.744531060132
Patient_562,Arrival,197439.94339893656,complete,,0.0,,,,
Patient_562,Origem_da Maternidade,197439.94339893656,complete,,,da Maternidade,197439.94339893656,,
Patient_562,CTI (MAT),197439.94339893656,start,ctiBeds,0.0,,,,
Patient_562,CTI (MAT),201574.29830989212,complete,ctiBeds,0.0,,,,
Patient_562,CTI prepara Encaminhamento,201574.29830989212,start,,0.0,,,,
Patient_562,CTI prepara Encaminhamento,201612.2310154877,complete,,0.0,,,,
Patient_562,Encaminha_Obito,201612.2310154877,complete,,,Obito,201612.2310154877,,
Patient_562,Discharge,201612.2310154877,complete,,,,,,4172.287616551126
Patient_563,Arrival,197600.59290771687,complete,,0.0,,,,
Patient_563,Origem_do Centro Cirurgico,197600.59290771687,complete,,,do Centro Cirurgico,197600.59290771687,,
Patient_563,CTI (CC),197600.59290771687,start,ctiBeds,0.0,,,,
Patient_563,CTI (CC),290324.38395546965,complete,ctiBeds,0.0,,,,
Patient_563,CTI prepara Encaminhamento,290324.38395546965,start,,0.0,,,,
Patient_563,CTI prepara Encaminhamento,290375.61636163364,complete,,0.0,,,,
Patient_563,Encaminha_para a Clinica Cirurgica,290375.61636163364,complete,,,para a Clinica Cirurgica,290375.61636163364,,
Patient_563,Discharge,290375.61636163364,complete,,,,,,92775.02345391677
Patient_564,Arrival,197962.83696048008,complete,,0.0,,,,
Patient_564,Origem_da Clinica Cirurgica,197962.83696048008,complete,,,da Clinica Cirurgica,197962.83696048008,,
Patient_564,CTI (CLIC),197962.83696048008,start,ctiBeds,0.0,,,,
Patient_564,CTI (CLIC),206847.6421626927,complete,ctiBeds,0.0,,,,
Patient_564,CTI prepara Encaminhamento,206847.6421626927,start,,0.0,,,,
Patient_564,CTI prepara Encaminhamento,206881.57690971656,complete,,0.0,,,,
Patient_564,Encaminha_Obito,206881.57690971656,complete,,,Obito,206881.57690971656,,
Patient_564,Discharge,206881.57690971656,complete,,,,,,8918.739949236478
Patient_565,Arrival,198279.92830389447,complete,,0.0,,,,
Patient_565,Origem_do Pronto Socorro,198279.92830389447,complete,,,do Pronto Socorro,198279.92830389447,,
Patient_565,CTI (PS),198279.92830389447,start,ctiBeds,0.0,,,,
Patient_565,CTI (PS),201834.0511884659,complete,ctiBeds,0.0,,,,
Patient_565,CTI prepara Encaminhamento,201834.0511884659,start,,0.0,,,,
Patient_565,CTI prepara Encaminhamento,201881.9303337983,complete,,0.0,,,,
Patient_565,Encaminha_para a Clinica Cirurgica,201881.9303337983,complete,,,para a Clinica Cirurgica,201881.9303337983,,
Patient_565,Discharge,201881.9303337983,complete,,,,,,3602.002029903815
Patient_566,Arrival,198906.54793941902,complete,,0.0,,,,
Patient_566,Origem_do Pronto Socorro,198906.54793941902,complete,,,do Pronto Socorro,198906.54793941902,,
Patient_566,CTI (PS),198906.54793941902,start,ctiBeds,0.0,,,,
Patient_566,CTI (PS),206421.70028176246,complete,ctiBeds,0.0,,,,
Patient_566,CTI prepara Encaminhamento,206421.70028176246,start,,0.0,,,,
Patient_566,CTI prepara Encaminhamento,206455.41069314146,complete,,0.0,,,,
Patient_566,Encaminha_Obito,206455.41069314146,complete,,,Obito,206455.41069314146,,
Patient_566,Discharge,206455.41069314146,complete,,,,,,7548.862753722438
Patient_567,Arrival,199333.08550270394,complete,,0.0,,,,
Patient_567,Origem_do Centro Cirurgico,199333.08550270394,complete,,,do Centro Cirurgico,199333.08550270394,,
Patient_567,CTI (CC),199333.08550270394,start,ctiBeds,0.0,,,,
Patient_567,CTI (CC),235173.9551289984,complete,ctiBeds,0.0,,,,
Patient_567,CTI prepara Encaminhamento,235173.9551289984,start,,0.0,,,,
Patient_567,CTI prepara Encaminhamento,235211.11209415458,complete,,0.0,,,,
Patient_567,Encaminha_para a Clinica Cirurgica,235211.11209415458,complete,,,para a Clinica Cirurgica,235211.11209415458,,
Patient_567,Discharge,235211.11209415458,complete,,,,,,35878.026591450645
Patient_568,Arrival,199515.09772262097,complete,,0.0,,,,
Patient_568,Origem_do Centro Cirurgico,199515.09772262097,complete,,,do Centro Cirurgico,199515.09772262097,,
Patient_568,CTI (CC),199515.09772262097,start,ctiBeds,0.0,,,,
Patient_568,CTI (CC),204861.67563045645,complete,ctiBeds,0.0,,,,
Patient_568,CTI prepara Encaminhamento,204861.67563045645,start,,0.0,,,,
Patient_568,CTI prepara Encaminhamento,204900.40604351147,complete,,0.0,,,,
Patient_568,Encaminha_para a Clinica Medica,204900.40604351147,complete,,,para a Clinica Medica,204900.40604351147,,
Patient_568,Discharge,204900.40604351147,complete,,,,,,5385.308320890501
Patient_569,Arrival,199590.69029597304,complete,,0.0,,,,
Patient_569,Origem_do Pronto Socorro,199590.69029597304,complete,,,do Pronto Socorro,199590.69029597304,,
Patient_569,CTI (PS),199590.69029597304,start,ctiBeds,0.0,,,,
Patient_569,CTI (PS),211641.62067671132,complete,ctiBeds,0.0,,,,
Patient_569,CTI prepara Encaminhamento,211641.62067671132,start,,0.0,,,,
Patient_569,CTI prepara Encaminhamento,211679.06004658728,complete,,0.0,,,,
Patient_569,Encaminha_para a Clinica Cirurgica,211679.06004658728,complete,,,para a Clinica Cirurgica,211679.06004658728,,
Patient_569,Discharge,211679.06004658728,complete,,,,,,12088.369750614249
Patient_57,Arrival,14879.38352565466,complete,,0.0,,,,
Patient_57,Origem_do Pronto Socorro,14879.38352565466,complete,,,do Pronto Socorro,14879.38352565466,,
Patient_57,CTI (PS),14879.38352565466,start,ctiBeds,0.0,,,,
Patient_57,CTI (PS),23249.327459381686,complete,ctiBeds,0.0,,,,
Patient_57,CTI prepara Encaminhamento,23249.327459381686,start,,0.0,,,,
Patient_57,CTI prepara Encaminhamento,23285.71914198208,complete,,0.0,,,,
Patient_57,Encaminha_para a Clinica Cirurgica,23285.71914198208,complete,,,para a Clinica Cirurgica,23285.71914198208,,
Patient_57,Discharge,23285.71914198208,complete,,,,,,8406.33561632742
Patient_570,Arrival,199823.7434976161,complete,,0.0,,,,
Patient_570,Origem_da Clinica Cirurgica,199823.7434976161,complete,,,da Clinica Cirurgica,199823.7434976161,,
Patient_570,CTI (CLIC),199823.7434976161,start,ctiBeds,0.0,,,,
Patient_570,CTI (CLIC),200733.86766437837,complete,ctiBeds,0.0,,,,
Patient_570,CTI prepara Encaminhamento,200733.86766437837,start,,0.0,,,,
Patient_570,CTI prepara Encaminhamento,200791.89637105065,complete,,0.0,,,,
Patient_570,Encaminha_para a Clinica Cirurgica,200791.89637105065,complete,,,para a Clinica Cirurgica,200791.89637105065,,
Patient_570,Discharge,200791.89637105065,complete,,,,,,968.1528734345629
Patient_571,Arrival,200709.35242125284,complete,,0.0,,,,
Patient_571,Origem_do Pronto Socorro,200709.35242125284,complete,,,do Pronto Socorro,200709.35242125284,,
Patient_571,CTI (PS),200709.35242125284,start,ctiBeds,0.0,,,,
Patient_571,CTI (PS),222803.82704178168,complete,ctiBeds,0.0,,,,
Patient_571,CTI prepara Encaminhamento,222803.82704178168,start,,0.0,,,,
Patient_571,CTI prepara Encaminhamento,222843.32978296955,complete,,0.0,,,,
Patient_571,Encaminha_para a Clinica Cirurgica,222843.32978296955,complete,,,para a Clinica Cirurgica,222843.32978296955,,
Patient_571,Discharge,222843.32978296955,complete,,,,,,22133.97736171671
Patient_572,Arrival,200962.61395616442,complete,,0.0,,,,
Patient_572,Origem_do Centro Cirurgico,200962.61395616442,complete,,,do Centro Cirurgico,200962.61395616442,,
Patient_572,CTI (CC),200962.61395616442,start,ctiBeds,0.0,,,,
Patient_572,CTI (CC),203530.56143175098,complete,ctiBeds,0.0,,,,
Patient_572,CTI prepara Encaminhamento,203530.56143175098,start,,0.0,,,,
Patient_572,CTI prepara Encaminhamento,203569.05632583876,complete,,0.0,,,,
Patient_572,Encaminha_para a Clinica Medica,203569.05632583876,complete,,,para a Clinica Medica,203569.05632583876,,
Patient_572,Discharge,203569.05632583876,complete,,,,,,2606.4423696743324
Patient_573,Arrival,200976.3346120387,complete,,0.0,,,,
Patient_573,Origem_do Centro Cirurgico,200976.3346120387,complete,,,do Centro Cirurgico,200976.3346120387,,
Patient_573,CTI (CC),200976.3346120387,start,ctiBeds,0.0,,,,
Patient_573,CTI (CC),203651.78979690754,complete,ctiBeds,0.0,,,,
Patient_573,CTI prepara Encaminhamento,203651.78979690754,start,,0.0,,,,
Patient_573,CTI prepara Encaminhamento,203699.07153904502,complete,,0.0,,,,
Patient_573,Encaminha_para a Clinica Medica,203699.07153904502,complete,,,para a Clinica Medica,203699.07153904502,,
Patient_573,Discharge,203699.07153904502,complete,,,,,,2722.7369270063064
Patient_574,Arrival,201030.91456971195,complete,,0.0,,,,
Patient_574,Origem_do Pronto Socorro,201030.91456971195,complete,,,do Pronto Socorro,201030.91456971195,,
Patient_574,CTI (PS),201030.91456971195,start,ctiBeds,0.0,,,,
Patient_574,CTI (PS),223226.63956849,complete,ctiBeds,0.0,,,,
Patient_574,CTI prepara Encaminhamento,223226.63956849,start,,0.0,,,,
Patient_574,CTI prepara Encaminhamento,223276.02990610056,complete,,0.0,,,,
Patient_574,Encaminha_Obito,223276.02990610056,complete,,,Obito,223276.02990610056,,
Patient_574,Discharge,223276.02990610056,complete,,,,,,22245.11533638861
Patient_575,Arrival,201249.97943776022,complete,,0.0,,,,
Patient_575,Origem_da Clinica Cirurgica,201249.97943776022,complete,,,da Clinica Cirurgica,201249.97943776022,,
Patient_575,CTI (CLIC),201249.97943776022,start,ctiBeds,0.0,,,,
Patient_575,CTI (CLIC),202911.76509999938,complete,ctiBeds,0.0,,,,
Patient_575,CTI prepara Encaminhamento,202911.76509999938,start,,0.0,,,,
Patient_575,CTI prepara Encaminhamento,202968.26658404057,complete,,0.0,,,,
Patient_575,Encaminha_para a Clinica Medica,202968.26658404057,complete,,,para a Clinica Medica,202968.26658404057,,
Patient_575,Discharge,202968.26658404057,complete,,,,,,1718.287146280345
Patient_576,Arrival,201722.8763066675,complete,,0.0,,,,
Patient_576,Origem_do Pronto Socorro,201722.8763066675,complete,,,do Pronto Socorro,201722.8763066675,,
Patient_576,CTI (PS),201722.8763066675,start,ctiBeds,0.0,,,,
Patient_576,CTI (PS),204109.62097667006,complete,ctiBeds,0.0,,,,
Patient_576,CTI prepara Encaminhamento,204109.62097667006,start,,0.0,,,,
Patient_576,CTI prepara Encaminhamento,204153.0074417064,complete,,0.0,,,,
Patient_576,Encaminha_para a Clinica Medica,204153.0074417064,complete,,,para a Clinica Medica,204153.0074417064,,
Patient_576,Discharge,204153.0074417064,complete,,,,,,2430.131135038915
Patient_577,Arrival,202458.34539704153,complete,,0.0,,,,
Patient_577,Origem_do Centro Cirurgico,202458.34539704153,complete,,,do Centro Cirurgico,202458.34539704153,,
Patient_577,CTI (CC),202458.34539704153,start,ctiBeds,0.0,,,,
Patient_577,CTI (CC),205759.85595333244,complete,ctiBeds,0.0,,,,
Patient_577,CTI prepara Encaminhamento,205759.85595333244,start,,0.0,,,,
Patient_577,CTI prepara Encaminhamento,205815.694804373,complete,,0.0,,,,
Patient_577,Encaminha_para a Clinica Medica,205815.694804373,complete,,,para a Clinica Medica,205815.694804373,,
Patient_577,Discharge,205815.694804373,complete,,,,,,3357.349407331465
Patient_578,Arrival,202476.31048092426,complete,,0.0,,,,
Patient_578,Origem_do Pronto Socorro,202476.31048092426,complete,,,do Pronto Socorro,202476.31048092426,,
Patient_578,CTI (PS),202476.31048092426,start,ctiBeds,0.0,,,,
Patient_578,CTI (PS),203015.63565812111,complete,ctiBeds,0.0,,,,
Patient_578,CTI prepara Encaminhamento,203015.63565812111,start,,0.0,,,,
Patient_578,CTI prepara Encaminhamento,203070.3866684878,complete,,0.0,,,,
Patient_578,Encaminha_para a Clinica Cirurgica,203070.3866684878,complete,,,para a Clinica Cirurgica,203070.3866684878,,
Patient_578,Discharge,203070.3866684878,complete,,,,,,594.0761875635362
Patient_579,Arrival,202693.78140611268,complete,,0.0,,,,
Patient_579,Origem_do Centro Cirurgico,202693.78140611268,complete,,,do Centro Cirurgico,202693.78140611268,,
Patient_579,CTI (CC),202693.78140611268,start,ctiBeds,0.0,,,,
Patient_579,CTI (CC),231976.38047899,complete,ctiBeds,0.0,,,,
Patient_579,CTI prepara Encaminhamento,231976.38047899,start,,0.0,,,,
Patient_579,CTI prepara Encaminhamento,232017.1388624396,complete,,0.0,,,,
Patient_579,Encaminha_para a Clinica Medica,232017.1388624396,complete,,,para a Clinica Medica,232017.1388624396,,
Patient_579,Discharge,232017.1388624396,complete,,,,,,29323.35745632692
Patient_58,Arrival,15491.782890356677,complete,,0.0,,,,
Patient_58,Origem_da Clinica Cirurgica,15491.782890356677,complete,,,da Clinica Cirurgica,15491.782890356677,,
Patient_58,CTI (CLIC),15491.782890356677,start,ctiBeds,0.0,,,,
Patient_58,CTI (CLIC),22707.108830489244,complete,ctiBeds,0.0,,,,
Patient_58,CTI prepara Encaminhamento,22707.108830489244,start,,0.0,,,,
Patient_58,CTI prepara Encaminhamento,22761.411392410533,complete,,0.0,,,,
Patient_58,Encaminha_para a Clinica Medica,22761.411392410533,complete,,,para a Clinica Medica,22761.411392410533,,
Patient_58,Discharge,22761.411392410533,complete,,,,,,7269.628502053856
Patient_580,Arrival,202741.7741267817,complete,,0.0,,,,
Patient_580,Origem_do Pronto Socorro,202741.7741267817,complete,,,do Pronto Socorro,202741.7741267817,,
Patient_580,CTI (PS),202741.7741267817,start,ctiBeds,0.0,,,,
Patient_580,CTI (PS),213055.0199561976,complete,ctiBeds,0.0,,,,
Patient_580,CTI prepara Encaminhamento,213055.0199561976,start,,0.0,,,,
Patient_580,CTI prepara Encaminhamento,213098.10334019616,complete,,0.0,,,,
Patient_580,Encaminha_Transferencia Externa,213098.10334019616,complete,,,Transferencia Externa,213098.10334019616,,
Patient_580,Discharge,213098.10334019616,complete,,,,,,10356.329213414458
Patient_581,Arrival,202757.1964642166,complete,,0.0,,,,
Patient_581,Origem_do Pronto Socorro,202757.1964642166,complete,,,do Pronto Socorro,202757.1964642166,,
Patient_581,CTI (PS),202757.1964642166,start,ctiBeds,0.0,,,,
Patient_581,CTI (PS),212936.55418460548,complete,ctiBeds,0.0,,,,
Patient_581,CTI prepara Encaminhamento,212936.55418460548,start,,0.0,,,,
Patient_581,CTI prepara Encaminhamento,212974.0085930169,complete,,0.0,,,,
Patient_581,Encaminha_para a Clinica Medica,212974.0085930169,complete,,,para a Clinica Medica,212974.0085930169,,
Patient_581,Discharge,212974.0085930169,complete,,,,,,10216.812128800288
Patient_582,Arrival,203636.3455351482,complete,,0.0,,,,
Patient_582,Origem_da Clinica Medica,203636.3455351482,complete,,,da Clinica Medica,203636.3455351482,,
Patient_582,CTI (CLIM),203636.3455351482,start,ctiBeds,0.0,,,,
Patient_582,CTI (CLIM),204913.03473153166,complete,ctiBeds,0.0,,,,
Patient_582,CTI prepara Encaminhamento,204913.03473153166,start,,0.0,,,,
Patient_582,CTI prepara Encaminhamento,204962.26059598385,complete,,0.0,,,,
Patient_582,Encaminha_para a Clinica Medica,204962.26059598385,complete,,,para a Clinica Medica,204962.26059598385,,
Patient_582,Discharge,204962.26059598385,complete,,,,,,1325.9150608356576
Patient_583,Arrival,203637.24567360253,complete,,0.0,,,,
Patient_583,Origem_do Centro Cirurgico,203637.24567360253,complete,,,do Centro Cirurgico,203637.24567360253,,
Patient_583,CTI (CC),203637.24567360253,start,ctiBeds,0.0,,,,
Patient_583,CTI (CC),207689.69738586587,complete,ctiBeds,0.0,,,,
Patient_583,CTI prepara Encaminhamento,207689.69738586587,start,,0.0,,,,
Patient_583,CTI prepara Encaminhamento,207732.2695147677,complete,,0.0,,,,
Patient_583,Encaminha_Obito,207732.2695147677,complete,,,Obito,207732.2695147677,,
Patient_583,Discharge,207732.2695147677,complete,,,,,,4095.0238411651517
Patient_584,Arrival,203732.74957518146,complete,,0.0,,,,
Patient_584,Origem_do Pronto Socorro,203732.74957518146,complete,,,do Pronto Socorro,203732.74957518146,,
Patient_584,CTI (PS),203732.74957518146,start,ctiBeds,0.0,,,,
Patient_584,CTI (PS),207010.130603476,complete,ctiBeds,0.0,,,,
Patient_584,CTI prepara Encaminhamento,207010.130603476,start,,0.0,,,,
Patient_584,CTI prepara Encaminhamento,207054.81030106937,complete,,0.0,,,,
Patient_584,Encaminha_para a Clinica Cirurgica,207054.81030106937,complete,,,para a Clinica Cirurgica,207054.81030106937,,
Patient_584,Discharge,207054.81030106937,complete,,,,,,3322.060725887917
Patient_585,Arrival,203999.4030551091,complete,,0.0,,,,
Patient_585,Origem_da Clinica Medica,203999.4030551091,complete,,,da Clinica Medica,203999.4030551091,,
Patient_585,CTI (CLIM),203999.4030551091,start,ctiBeds,0.0,,,,
Patient_585,CTI (CLIM),208401.3595526862,complete,ctiBeds,0.0,,,,
Patient_585,CTI prepara Encaminhamento,208401.3595526862,start,,0.0,,,,
Patient_585,CTI prepara Encaminhamento,208461.23150946366,complete,,0.0,,,,
Patient_585,Encaminha_Obito,208461.23150946366,complete,,,Obito,208461.23150946366,,
Patient_585,Discharge,208461.23150946366,complete,,,,,,4461.828454354545
Patient_586,Arrival,204647.60359005973,complete,,0.0,,,,
Patient_586,Origem_do Pronto Socorro,204647.60359005973,complete,,,do Pronto Socorro,204647.60359005973,,
Patient_586,CTI (PS),204647.60359005973,start,ctiBeds,0.0,,,,
Patient_586,CTI (PS),210657.73135238705,complete,ctiBeds,0.0,,,,
Patient_586,CTI prepara Encaminhamento,210657.73135238705,start,,0.0,,,,
Patient_586,CTI prepara Encaminhamento,210694.99342176577,complete,,0.0,,,,
Patient_586,Encaminha_para a Clinica Cirurgica,210694.99342176577,complete,,,para a Clinica Cirurgica,210694.99342176577,,
Patient_586,Discharge,210694.99342176577,complete,,,,,,6047.3898317060375
Patient_587,Arrival,204926.26793033403,complete,,0.0,,,,
Patient_587,Origem_da Clinica Medica,204926.26793033403,complete,,,da Clinica Medica,204926.26793033403,,
Patient_587,CTI (CLIM),204926.26793033403,start,ctiBeds,0.0,,,,
Patient_587,CTI (CLIM),247959.05452183972,complete,ctiBeds,0.0,,,,
Patient_587,CTI prepara Encaminhamento,247959.05452183972,start,,0.0,,,,
Patient_587,CTI prepara Encaminhamento,247997.48421288116,complete,,0.0,,,,
Patient_587,Encaminha_Obito,247997.48421288116,complete,,,Obito,247997.48421288116,,
Patient_587,Discharge,247997.48421288116,complete,,,,,,43071.21628254713
Patient_588,Arrival,205069.84190231486,complete,,0.0,,,,
Patient_588,Origem_do Centro Cirurgico,205069.84190231486,complete,,,do Centro Cirurgico,205069.84190231486,,
Patient_588,CTI (CC),205069.84190231486,start,ctiBeds,0.0,,,,
Patient_588,CTI (CC),207128.77134153488,complete,ctiBeds,0.0,,,,
Patient_588,CTI prepara Encaminhamento,207128.77134153488,start,,0.0,,,,
Patient_588,CTI prepara Encaminhamento,207178.00191560498,complete,,0.0,,,,
Patient_588,Encaminha_Obito,207178.00191560498,complete,,,Obito,207178.00191560498,,
Patient_588,Discharge,207178.00191560498,complete,,,,,,2108.160013290122
Patient_589,Arrival,205579.359828902,complete,,0.0,,,,
Patient_589,Origem_do Pronto Socorro,205579.359828902,complete,,,do Pronto Socorro,205579.359828902,,
Patient_589,CTI (PS),205579.359828902,start,ctiBeds,0.0,,,,
Patient_589,CTI (PS),207277.10601929395,complete,ctiBeds,0.0,,,,
Patient_589,CTI prepara Encaminhamento,207277.10601929395,start,,0.0,,,,
Patient_589,CTI prepara Encaminhamento,207311.7438731394,complete,,0.0,,,,
Patient_589,Encaminha_para a Clinica Medica,207311.7438731394,complete,,,para a Clinica Medica,207311.7438731394,,
Patient_589,Discharge,207311.7438731394,complete,,,,,,1732.3840442374058
Patient_59,Arrival,16018.9420426786,complete,,0.0,,,,
Patient_59,Origem_do Pronto Socorro,16018.9420426786,complete,,,do Pronto Socorro,16018.9420426786,,
Patient_59,CTI (PS),16018.9420426786,start,ctiBeds,0.0,,,,
Patient_59,CTI (PS),24534.215785986642,complete,ctiBeds,0.0,,,,
Patient_59,CTI prepara Encaminhamento,24534.215785986642,start,,0.0,,,,
Patient_59,CTI prepara Encaminhamento,24589.48560779742,complete,,0.0,,,,
Patient_59,Encaminha_Obito,24589.48560779742,complete,,,Obito,24589.48560779742,,
Patient_59,Discharge,24589.48560779742,complete,,,,,,8570.543565118818
Patient_590,Arrival,205755.70948015345,complete,,0.0,,,,
Patient_590,Origem_do Pronto Socorro,205755.70948015345,complete,,,do Pronto Socorro,205755.70948015345,,
Patient_590,CTI (PS),205755.70948015345,start,ctiBeds,0.0,,,,
Patient_590,CTI (PS),212742.4665568017,complete,ctiBeds,0.0,,,,
Patient_590,CTI prepara Encaminhamento,212742.4665568017,start,,0.0,,,,
Patient_590,CTI prepara Encaminhamento,212785.6317740171,complete,,0.0,,,,
Patient_590,Encaminha_Transferencia Externa,212785.6317740171,complete,,,Transferencia Externa,212785.6317740171,,
Patient_590,Discharge,212785.6317740171,complete,,,,,,7029.922293863638
Patient_591,Arrival,205814.36632138945,complete,,0.0,,,,
Patient_591,Origem_do Centro Cirurgico,205814.36632138945,complete,,,do Centro Cirurgico,205814.36632138945,,
Patient_591,CTI (CC),205814.36632138945,start,ctiBeds,0.0,,,,
Patient_591,CTI (CC),211853.4866975015,complete,ctiBeds,0.0,,,,
Patient_591,CTI prepara Encaminhamento,211853.4866975015,start,,0.0,,,,
Patient_591,CTI prepara Encaminhamento,211888.01447357435,complete,,0.0,,,,
Patient_591,Encaminha_para a Clinica Cirurgica,211888.01447357435,complete,,,para a Clinica Cirurgica,211888.01447357435,,
Patient_591,Discharge,211888.01447357435,complete,,,,,,6073.6481521849055
Patient_592,Arrival,206177.06157438667,complete,,0.0,,,,
Patient_592,Origem_do Centro Cirurgico,206177.06157438667,complete,,,do Centro Cirurgico,206177.06157438667,,
Patient_592,CTI (CC),206177.06157438667,start,ctiBeds,0.0,,,,
Patient_592,CTI (CC),223807.43986798328,complete,ctiBeds,0.0,,,,
Patient_592,CTI prepara Encaminhamento,223807.43986798328,start,,0.0,,,,
Patient_592,CTI prepara Encaminhamento,223853.5978305926,complete,,0.0,,,,
Patient_592,Encaminha_para a Clinica Cirurgica,223853.5978305926,complete,,,para a Clinica Cirurgica,223853.5978305926,,
Patient_592,Discharge,223853.5978305926,complete,,,,,,17676.53625620593
Patient_593,Arrival,206511.8856935522,complete,,0.0,,,,
Patient_593,Origem_do Centro Cirurgico,206511.8856935522,complete,,,do Centro Cirurgico,206511.8856935522,,
Patient_593,CTI (CC),206511.8856935522,start,ctiBeds,0.0,,,,
Patient_593,CTI (CC),208321.71067260267,complete,ctiBeds,0.0,,,,
Patient_593,CTI prepara Encaminhamento,208321.71067260267,start,,0.0,,,,
Patient_593,CTI prepara Encaminhamento,208375.04474276496,complete,,0.0,,,,
Patient_593,Encaminha_para a Clinica Cirurgica,208375.04474276496,complete,,,para a Clinica Cirurgica,208375.04474276496,,
Patient_593,Discharge,208375.04474276496,complete,,,,,,1863.159049212758
Patient_594,Arrival,206616.37590131385,complete,,0.0,,,,
Patient_594,Origem_do Centro Cirurgico,206616.37590131385,complete,,,do Centro Cirurgico,206616.37590131385,,
Patient_594,CTI (CC),206616.37590131385,start,ctiBeds,0.0,,,,
Patient_594,CTI (CC),212730.90859021086,complete,ctiBeds,0.0,,,,
Patient_594,CTI prepara Encaminhamento,212730.90859021086,start,,0.0,,,,
Patient_594,CTI prepara Encaminhamento,212772.65161450428,complete,,0.0,,,,
Patient_594,Encaminha_para a Clinica Medica,212772.65161450428,complete,,,para a Clinica Medica,212772.65161450428,,
Patient_594,Discharge,212772.65161450428,complete,,,,,,6156.275713190436
Patient_595,Arrival,206713.88256492055,complete,,0.0,,,,
Patient_595,Origem_do Centro Cirurgico,206713.88256492055,complete,,,do Centro Cirurgico,206713.88256492055,,
Patient_595,CTI (CC),206713.88256492055,start,ctiBeds,0.0,,,,
Patient_595,CTI (CC),207782.55970779975,complete,ctiBeds,0.0,,,,
Patient_595,CTI prepara Encaminhamento,207782.55970779975,start,,0.0,,,,
Patient_595,CTI prepara Encaminhamento,207814.1463624917,complete,,0.0,,,,
Patient_595,Encaminha_para a Clinica Medica,207814.1463624917,complete,,,para a Clinica Medica,207814.1463624917,,
Patient_595,Discharge,207814.1463624917,complete,,,,,,1100.263797571155
Patient_596,Arrival,206726.97047779523,complete,,0.0,,,,
Patient_596,Origem_do Pronto Socorro,206726.97047779523,complete,,,do Pronto Socorro,206726.97047779523,,
Patient_596,CTI (PS),206726.97047779523,start,ctiBeds,0.0,,,,
Patient_596,CTI (PS),298008.7691944229,complete,ctiBeds,0.0,,,,
Patient_596,CTI prepara Encaminhamento,298008.7691944229,start,,0.0,,,,
Patient_596,CTI prepara Encaminhamento,298039.48965938675,complete,,0.0,,,,
Patient_596,Encaminha_para a Clinica Medica,298039.48965938675,complete,,,para a Clinica Medica,298039.48965938675,,
Patient_596,Discharge,298039.48965938675,complete,,,,,,91312.51918159152
Patient_597,Arrival,206803.83813317883,complete,,0.0,,,,
Patient_597,Origem_do Pronto Socorro,206803.83813317883,complete,,,do Pronto Socorro,206803.83813317883,,
Patient_597,CTI (PS),206803.83813317883,start,ctiBeds,0.0,,,,
Patient_597,CTI (PS),210190.75425096703,complete,ctiBeds,0.0,,,,
Patient_597,CTI prepara Encaminhamento,210190.75425096703,start,,0.0,,,,
Patient_597,CTI prepara Encaminhamento,210224.22807178993,complete,,0.0,,,,
Patient_597,Encaminha_Obito,210224.22807178993,complete,,,Obito,210224.22807178993,,
Patient_597,Discharge,210224.22807178993,complete,,,,,,3420.3899386111007
Patient_598,Arrival,207438.01114123242,complete,,0.0,,,,
Patient_598,Origem_do Centro Cirurgico,207438.01114123242,complete,,,do Centro Cirurgico,207438.01114123242,,
Patient_598,CTI (CC),207438.01114123242,start,ctiBeds,0.0,,,,
Patient_598,CTI (CC),210083.61312995572,complete,ctiBeds,0.0,,,,
Patient_598,CTI prepara Encaminhamento,210083.61312995572,start,,0.0,,,,
Patient_598,CTI prepara Encaminhamento,210141.8759656495,complete,,0.0,,,,
Patient_598,Encaminha_para a Clinica Medica,210141.8759656495,complete,,,para a Clinica Medica,210141.8759656495,,
Patient_598,Discharge,210141.8759656495,complete,,,,,,2703.8648244170763
Patient_599,Arrival,207483.4598333658,complete,,0.0,,,,
Patient_599,Origem_do Centro Cirurgico,207483.4598333658,complete,,,do Centro Cirurgico,207483.4598333658,,
Patient_599,CTI (CC),207483.4598333658,start,ctiBeds,0.0,,,,
Patient_599,CTI (CC),209584.94531183477,complete,ctiBeds,0.0,,,,
Patient_599,CTI prepara Encaminhamento,209584.94531183477,start,,0.0,,,,
Patient_599,CTI prepara Encaminhamento,209624.08898186253,complete,,0.0,,,,
Patient_599,Encaminha_para a Clinica Cirurgica,209624.08898186253,complete,,,para a Clinica Cirurgica,209624.08898186253,,
Patient_599,Discharge,209624.08898186253,complete,,,,,,2140.6291484967223
Patient_6,Arrival,1337.6876122509432,complete,,0.0,,,,
Patient_6,Origem_do Pronto Socorro,1337.6876122509432,complete,,,do Pronto Socorro,1337.6876122509432,,
Patient_6,CTI (PS),1337.6876122509432,start,ctiBeds,0.0,,,,
Patient_6,CTI (PS),5009.965355276783,complete,ctiBeds,0.0,,,,
Patient_6,CTI prepara Encaminhamento,5009.965355276783,start,,0.0,,,,
Patient_6,CTI prepara Encaminhamento,5044.937797833627,complete,,0.0,,,,
Patient_6,Encaminha_para a Clinica Cirurgica,5044.937797833627,complete,,,para a Clinica Cirurgica,5044.937797833627,,
Patient_6,Discharge,5044.937797833627,complete,,,,,,3707.250185582684
Patient_60,Arrival,16257.064376095488,complete,,0.0,,,,
Patient_60,Origem_do Pronto Socorro,16257.064376095488,complete,,,do Pronto Socorro,16257.064376095488,,
Patient_60,CTI (PS),16257.064376095488,start,ctiBeds,0.0,,,,
Patient_60,CTI (PS),20388.67564290048,complete,ctiBeds,0.0,,,,
Patient_60,CTI prepara Encaminhamento,20388.67564290048,start,,0.0,,,,
Patient_60,CTI prepara Encaminhamento,20442.027797698567,complete,,0.0,,,,
Patient_60,Encaminha_para a Clinica Medica,20442.027797698567,complete,,,para a Clinica Medica,20442.027797698567,,
Patient_60,Discharge,20442.027797698567,complete,,,,,,4184.963421603079
Patient_600,Arrival,208623.55415612893,complete,,0.0,,,,
Patient_600,Origem_do Pronto Socorro,208623.55415612893,complete,,,do Pronto Socorro,208623.55415612893,,
Patient_600,CTI (PS),208623.55415612893,start,ctiBeds,0.0,,,,
Patient_600,CTI (PS),211036.94233135387,complete,ctiBeds,0.0,,,,
Patient_600,CTI prepara Encaminhamento,211036.94233135387,start,,0.0,,,,
Patient_600,CTI prepara Encaminhamento,211071.3753549477,complete,,0.0,,,,
Patient_600,Encaminha_Obito,211071.3753549477,complete,,,Obito,211071.3753549477,,
Patient_600,Discharge,211071.3753549477,complete,,,,,,2447.8211988187686
Patient_601,Arrival,209295.18890896035,complete,,0.0,,,,
Patient_601,Origem_do Pronto Socorro,209295.18890896035,complete,,,do Pronto Socorro,209295.18890896035,,
Patient_601,CTI (PS),209295.18890896035,start,ctiBeds,0.0,,,,
Patient_601,CTI (PS),232943.87456654388,complete,ctiBeds,0.0,,,,
Patient_601,CTI prepara Encaminhamento,232943.87456654388,start,,0.0,,,,
Patient_601,CTI prepara Encaminhamento,232985.91362902775,complete,,0.0,,,,
Patient_601,Encaminha_para a Clinica Medica,232985.91362902775,complete,,,para a Clinica Medica,232985.91362902775,,
Patient_601,Discharge,232985.91362902775,complete,,,,,,23690.724720067403
Patient_602,Arrival,209328.24857290406,complete,,0.0,,,,
Patient_602,Origem_do Pronto Socorro,209328.24857290406,complete,,,do Pronto Socorro,209328.24857290406,,
Patient_602,CTI (PS),209328.24857290406,start,ctiBeds,0.0,,,,
Patient_602,CTI (PS),235870.88427442138,complete,ctiBeds,0.0,,,,
Patient_602,CTI prepara Encaminhamento,235870.88427442138,start,,0.0,,,,
Patient_602,CTI prepara Encaminhamento,235907.6318506377,complete,,0.0,,,,
Patient_602,Encaminha_Obito,235907.6318506377,complete,,,Obito,235907.6318506377,,
Patient_602,Discharge,235907.6318506377,complete,,,,,,26579.383277733636
Patient_603,Arrival,209807.69607577447,complete,,0.0,,,,
Patient_603,Origem_do Pronto Socorro,209807.69607577447,complete,,,do Pronto Socorro,209807.69607577447,,
Patient_603,CTI (PS),209807.69607577447,start,ctiBeds,0.0,,,,
Patient_603,CTI (PS),227034.06905234777,complete,ctiBeds,0.0,,,,
Patient_603,CTI prepara Encaminhamento,227034.06905234777,start,,0.0,,,,
Patient_603,CTI prepara Encaminhamento,227089.89631791078,complete,,0.0,,,,
Patient_603,Encaminha_para a Clinica Cirurgica,227089.89631791078,complete,,,para a Clinica Cirurgica,227089.89631791078,,
Patient_603,Discharge,227089.89631791078,complete,,,,,,17282.200242136314
Patient_604,Arrival,209889.40477829473,complete,,0.0,,,,
Patient_604,Origem_do Pronto Socorro,209889.40477829473,complete,,,do Pronto Socorro,209889.40477829473,,
Patient_604,CTI (PS),209889.40477829473,start,ctiBeds,0.0,,,,
Patient_604,CTI (PS),230739.5594126415,complete,ctiBeds,0.0,,,,
Patient_604,CTI prepara Encaminhamento,230739.5594126415,start,,0.0,,,,
Patient_604,CTI prepara Encaminhamento,230787.39846670383,complete,,0.0,,,,
Patient_604,Encaminha_para a Maternidade,230787.39846670383,complete,,,para a Maternidade,230787.39846670383,,
Patient_604,Discharge,230787.39846670383,complete,,,,,,20897.9936884091
Patient_605,Arrival,210622.8184862616,complete,,0.0,,,,
Patient_605,Origem_do Centro Cirurgico,210622.8184862616,complete,,,do Centro Cirurgico,210622.8184862616,,
Patient_605,CTI (CC),210622.8184862616,start,ctiBeds,0.0,,,,
Patient_605,CTI (CC),213094.59688299958,complete,ctiBeds,0.0,,,,
Patient_605,CTI prepara Encaminhamento,213094.59688299958,start,,0.0,,,,
Patient_605,CTI prepara Encaminhamento,213150.24790621435,complete,,0.0,,,,
Patient_605,Encaminha_para a Clinica Cirurgica,213150.24790621435,complete,,,para a Clinica Cirurgica,213150.24790621435,,
Patient_605,Discharge,213150.24790621435,complete,,,,,,2527.429419952765
Patient_606,Arrival,210934.56870446572,complete,,0.0,,,,
Patient_606,Origem_da Clinica Cirurgica,210934.56870446572,complete,,,da Clinica Cirurgica,210934.56870446572,,
Patient_606,CTI (CLIC),210934.56870446572,start,ctiBeds,0.0,,,,
Patient_606,CTI (CLIC),219315.83290965654,complete,ctiBeds,0.0,,,,
Patient_606,CTI prepara Encaminhamento,219315.83290965654,start,,0.0,,,,
Patient_606,CTI prepara Encaminhamento,219349.0802462064,complete,,0.0,,,,
Patient_606,Encaminha_Transferencia Externa,219349.0802462064,complete,,,Transferencia Externa,219349.0802462064,,
Patient_606,Discharge,219349.0802462064,complete,,,,,,8414.511541740678
Patient_607,Arrival,212373.70498709433,complete,,0.0,,,,
Patient_607,Origem_do Pronto Socorro,212373.70498709433,complete,,,do Pronto Socorro,212373.70498709433,,
Patient_607,CTI (PS),212373.70498709433,start,ctiBeds,0.0,,,,
Patient_607,CTI (PS),232734.70376791203,complete,ctiBeds,0.0,,,,
Patient_607,CTI prepara Encaminhamento,232734.70376791203,start,,0.0,,,,
Patient_607,CTI prepara Encaminhamento,232767.88112905968,complete,,0.0,,,,
Patient_607,Encaminha_Obito,232767.88112905968,complete,,,Obito,232767.88112905968,,
Patient_607,Discharge,232767.88112905968,complete,,,,,,20394.17614196535
Patient_608,Arrival,212524.77009728146,complete,,0.0,,,,
Patient_608,Origem_do Centro Cirurgico,212524.77009728146,complete,,,do Centro Cirurgico,212524.77009728146,,
Patient_608,CTI (CC),212524.77009728146,start,ctiBeds,0.0,,,,
Patient_608,CTI (CC),215217.21412108032,complete,ctiBeds,0.0,,,,
Patient_608,CTI prepara Encaminhamento,215217.21412108032,start,,0.0,,,,
Patient_608,CTI prepara Encaminhamento,215271.27772795965,complete,,0.0,,,,
Patient_608,Encaminha_para a Clinica Cirurgica,215271.27772795965,complete,,,para a Clinica Cirurgica,215271.27772795965,,
Patient_608,Discharge,215271.27772795965,complete,,,,,,2746.507630678185
Patient_609,Arrival,212847.2259124872,complete,,0.0,,,,
Patient_609,Origem_do Centro Cirurgico,212847.2259124872,complete,,,do Centro Cirurgico,212847.2259124872,,
Patient_609,CTI (CC),212847.2259124872,start,ctiBeds,0.0,,,,
Patient_609,CTI (CC),214143.94989136653,complete,ctiBeds,0.0,,,,
Patient_609,CTI prepara Encaminhamento,214143.94989136653,start,,0.0,,,,
Patient_609,CTI prepara Encaminhamento,214176.0711588869,complete,,0.0,,,,
Patient_609,Encaminha_para a Clinica Cirurgica,214176.0711588869,complete,,,para a Clinica Cirurgica,214176.0711588869,,
Patient_609,Discharge,214176.0711588869,complete,,,,,,1328.8452463996946
Patient_61,Arrival,16410.068587304162,complete,,0.0,,,,
Patient_61,Origem_do Centro Cirurgico,16410.068587304162,complete,,,do Centro Cirurgico,16410.068587304162,,
Patient_61,CTI (CC),16410.068587304162,start,ctiBeds,0.0,,,,
Patient_61,CTI (CC),17460.15297037195,complete,ctiBeds,0.0,,,,
Patient_61,CTI prepara Encaminhamento,17460.15297037195,start,,0.0,,,,
Patient_61,CTI prepara Encaminhamento,17500.841518852823,complete,,0.0,,,,
Patient_61,Encaminha_para a Clinica Cirurgica,17500.841518852823,complete,,,para a Clinica Cirurgica,17500.841518852823,,
Patient_61,Discharge,17500.841518852823,complete,,,,,,1090.7729315486613
Patient_610,Arrival,213711.2656765503,complete,,0.0,,,,
Patient_610,Origem_do Centro Cirurgico,213711.2656765503,complete,,,do Centro Cirurgico,213711.2656765503,,
Patient_610,CTI (CC),213711.2656765503,start,ctiBeds,0.0,,,,
Patient_610,CTI (CC),223584.23650649135,complete,ctiBeds,0.0,,,,
Patient_610,CTI prepara Encaminhamento,223584.23650649135,start,,0.0,,,,
Patient_610,CTI prepara Encaminhamento,223624.0813513943,complete,,0.0,,,,
Patient_610,Encaminha_para a Clinica Medica,223624.0813513943,complete,,,para a Clinica Medica,223624.0813513943,,
Patient_610,Discharge,223624.0813513943,complete,,,,,,9912.815674843994
Patient_611,Arrival,214027.3343982568,complete,,0.0,,,,
Patient_611,Origem_da Clinica Medica,214027.3343982568,complete,,,da Clinica Medica,214027.3343982568,,
Patient_611,CTI (CLIM),214027.3343982568,start,ctiBeds,0.0,,,,
Patient_611,CTI (CLIM),221932.3837536293,complete,ctiBeds,0.0,,,,
Patient_611,CTI prepara Encaminhamento,221932.3837536293,start,,0.0,,,,
Patient_611,CTI prepara Encaminhamento,221964.58306373333,complete,,0.0,,,,
Patient_611,Encaminha_para a Clinica Cirurgica,221964.58306373333,complete,,,para a Clinica Cirurgica,221964.58306373333,,
Patient_611,Discharge,221964.58306373333,complete,,,,,,7937.248665476538
Patient_612,Arrival,214056.96714622877,complete,,0.0,,,,
Patient_612,Origem_do Pronto Socorro,214056.96714622877,complete,,,do Pronto Socorro,214056.96714622877,,
Patient_612,CTI (PS),214056.96714622877,start,ctiBeds,0.0,,,,
Patient_612,CTI (PS),215935.46732931916,complete,ctiBeds,0.0,,,,
Patient_612,CTI prepara Encaminhamento,215935.46732931916,start,,0.0,,,,
Patient_612,CTI prepara Encaminhamento,215994.39243674965,complete,,0.0,,,,
Patient_612,Encaminha_para a Clinica Medica,215994.39243674965,complete,,,para a Clinica Medica,215994.39243674965,,
Patient_612,Discharge,215994.39243674965,complete,,,,,,1937.425290520885
Patient_613,Arrival,215193.37251431568,complete,,0.0,,,,
Patient_613,Origem_do Centro Cirurgico,215193.37251431568,complete,,,do Centro Cirurgico,215193.37251431568,,
Patient_613,CTI (CC),215193.37251431568,start,ctiBeds,0.0,,,,
Patient_613,CTI (CC),216971.9331196095,complete,ctiBeds,0.0,,,,
Patient_613,CTI prepara Encaminhamento,216971.9331196095,start,,0.0,,,,
Patient_613,CTI prepara Encaminhamento,217019.93836650872,complete,,0.0,,,,
Patient_613,Encaminha_para a Clinica Cirurgica,217019.93836650872,complete,,,para a Clinica Cirurgica,217019.93836650872,,
Patient_613,Discharge,217019.93836650872,complete,,,,,,1826.5658521930454
Patient_614,Arrival,215463.6512542419,complete,,0.0,,,,
Patient_614,Origem_do Centro Cirurgico,215463.6512542419,complete,,,do Centro Cirurgico,215463.6512542419,,
Patient_614,CTI (CC),215463.6512542419,start,ctiBeds,0.0,,,,
Patient_614,CTI (CC),216407.624069018,complete,ctiBeds,0.0,,,,
Patient_614,CTI prepara Encaminhamento,216407.624069018,start,,0.0,,,,
Patient_614,CTI prepara Encaminhamento,216459.10843392764,complete,,0.0,,,,
Patient_614,Encaminha_para a Clinica Medica,216459.10843392764,complete,,,para a Clinica Medica,216459.10843392764,,
Patient_614,Discharge,216459.10843392764,complete,,,,,,995.4571796857344
Patient_615,Arrival,215946.81357573072,complete,,0.0,,,,
Patient_615,Origem_do Centro Cirurgico,215946.81357573072,complete,,,do Centro Cirurgico,215946.81357573072,,
Patient_615,CTI (CC),215946.81357573072,start,ctiBeds,0.0,,,,
Patient_615,CTI (CC),219801.22979931958,complete,ctiBeds,0.0,,,,
Patient_615,CTI prepara Encaminhamento,219801.22979931958,start,,0.0,,,,
Patient_615,CTI prepara Encaminhamento,219852.44987640993,complete,,0.0,,,,
Patient_615,Encaminha_para a Clinica Medica,219852.44987640993,complete,,,para a Clinica Medica,219852.44987640993,,
Patient_615,Discharge,219852.44987640993,complete,,,,,,3905.636300679209
Patient_616,Arrival,216921.71340887275,complete,,0.0,,,,
Patient_616,Origem_do Centro Cirurgico,216921.71340887275,complete,,,do Centro Cirurgico,216921.71340887275,,
Patient_616,CTI (CC),216921.71340887275,start,ctiBeds,0.0,,,,
Patient_616,CTI (CC),217361.12648788997,complete,ctiBeds,0.0,,,,
Patient_616,CTI prepara Encaminhamento,217361.12648788997,start,,0.0,,,,
Patient_616,CTI prepara Encaminhamento,217419.90258294344,complete,,0.0,,,,
Patient_616,Encaminha_para a Clinica Cirurgica,217419.90258294344,complete,,,para a Clinica Cirurgica,217419.90258294344,,
Patient_616,Discharge,217419.90258294344,complete,,,,,,498.1891740706924
Patient_617,Arrival,216978.82887105885,complete,,0.0,,,,
Patient_617,Origem_do Centro Cirurgico,216978.82887105885,complete,,,do Centro Cirurgico,216978.82887105885,,
Patient_617,CTI (CC),216978.82887105885,start,ctiBeds,0.0,,,,
Patient_617,CTI (CC),218072.7666385784,complete,ctiBeds,0.0,,,,
Patient_617,CTI prepara Encaminhamento,218072.7666385784,start,,0.0,,,,
Patient_617,CTI prepara Encaminhamento,218129.25813032847,complete,,0.0,,,,
Patient_617,Encaminha_para a Clinica Medica,218129.25813032847,complete,,,para a Clinica Medica,218129.25813032847,,
Patient_617,Discharge,218129.25813032847,complete,,,,,,1150.4292592696147
Patient_618,Arrival,217005.75679971973,complete,,0.0,,,,
Patient_618,Origem_do Pronto Socorro,217005.75679971973,complete,,,do Pronto Socorro,217005.75679971973,,
Patient_618,CTI (PS),217005.75679971973,start,ctiBeds,0.0,,,,
Patient_618,CTI (PS),229881.6952987571,complete,ctiBeds,0.0,,,,
Patient_618,CTI prepara Encaminhamento,229881.6952987571,start,,0.0,,,,
Patient_618,CTI prepara Encaminhamento,229927.4538928533,complete,,0.0,,,,
Patient_618,Encaminha_para a Clinica Medica,229927.4538928533,complete,,,para a Clinica Medica,229927.4538928533,,
Patient_618,Discharge,229927.4538928533,complete,,,,,,12921.697093133553
Patient_619,Arrival,217235.43868330866,complete,,0.0,,,,
Patient_619,Origem_do Pronto Socorro,217235.43868330866,complete,,,do Pronto Socorro,217235.43868330866,,
Patient_619,CTI (PS),217235.43868330866,start,ctiBeds,0.0,,,,
Patient_619,CTI (PS),240130.70960169323,complete,ctiBeds,0.0,,,,
Patient_619,CTI prepara Encaminhamento,240130.70960169323,start,,0.0,,,,
Patient_619,CTI prepara Encaminhamento,240178.02704796853,complete,,0.0,,,,
Patient_619,Encaminha_para a Clinica Medica,240178.02704796853,complete,,,para a Clinica Medica,240178.02704796853,,
Patient_619,Discharge,240178.02704796853,complete,,,,,,22942.588364659867
Patient_62,Arrival,16490.502708091295,complete,,0.0,,,,
Patient_62,Origem_do Centro Cirurgico,16490.502708091295,complete,,,do Centro Cirurgico,16490.502708091295,,
Patient_62,CTI (CC),16490.502708091295,start,ctiBeds,0.0,,,,
Patient_62,CTI (CC),24599.068420087013,complete,ctiBeds,0.0,,,,
Patient_62,CTI prepara Encaminhamento,24599.068420087013,start,,0.0,,,,
Patient_62,CTI prepara Encaminhamento,24642.695812463175,complete,,0.0,,,,
Patient_62,Encaminha_para a Clinica Cirurgica,24642.695812463175,complete,,,para a Clinica Cirurgica,24642.695812463175,,
Patient_62,Discharge,24642.695812463175,complete,,,,,,8152.19310437188
Patient_620,Arrival,217389.37834415166,complete,,0.0,,,,
Patient_620,Origem_do Centro Cirurgico,217389.37834415166,complete,,,do Centro Cirurgico,217389.37834415166,,
Patient_620,CTI (CC),217389.37834415166,start,ctiBeds,0.0,,,,
Patient_620,CTI (CC),227762.4039166969,complete,ctiBeds,0.0,,,,
Patient_620,CTI prepara Encaminhamento,227762.4039166969,start,,0.0,,,,
Patient_620,CTI prepara Encaminhamento,227800.66673963194,complete,,0.0,,,,
Patient_620,Encaminha_Obito,227800.66673963194,complete,,,Obito,227800.66673963194,,
Patient_620,Discharge,227800.66673963194,complete,,,,,,10411.288395480282
Patient_621,Arrival,217512.82224712236,complete,,0.0,,,,
Patient_621,Origem_do Centro Cirurgico,217512.82224712236,complete,,,do Centro Cirurgico,217512.82224712236,,
Patient_621,CTI (CC),217512.82224712236,start,ctiBeds,0.0,,,,
Patient_621,CTI (CC),218813.47557706674,complete,ctiBeds,0.0,,,,
Patient_621,CTI prepara Encaminhamento,218813.47557706674,start,,0.0,,,,
Patient_621,CTI prepara Encaminhamento,218868.047082256,complete,,0.0,,,,
Patient_621,Encaminha_Obito,218868.047082256,complete,,,Obito,218868.047082256,,
Patient_621,Discharge,218868.047082256,complete,,,,,,1355.2248351336457
Patient_622,Arrival,218023.3876794249,complete,,0.0,,,,
Patient_622,Origem_da Clinica Cirurgica,218023.3876794249,complete,,,da Clinica Cirurgica,218023.3876794249,,
Patient_622,CTI (CLIC),218023.3876794249,start,ctiBeds,0.0,,,,
Patient_622,CTI (CLIC),234749.57044214144,complete,ctiBeds,0.0,,,,
Patient_622,CTI prepara Encaminhamento,234749.57044214144,start,,0.0,,,,
Patient_622,CTI prepara Encaminhamento,234784.86580775047,complete,,0.0,,,,
Patient_622,Encaminha_para a Clinica Cirurgica,234784.86580775047,complete,,,para a Clinica Cirurgica,234784.86580775047,,
Patient_622,Discharge,234784.86580775047,complete,,,,,,16761.478128325572
Patient_623,Arrival,218417.64388018948,complete,,0.0,,,,
Patient_623,Origem_do Pronto Socorro,218417.64388018948,complete,,,do Pronto Socorro,218417.64388018948,,
Patient_623,CTI (PS),218417.64388018948,start,ctiBeds,0.0,,,,
Patient_623,CTI (PS),236835.641051753,complete,ctiBeds,0.0,,,,
Patient_623,CTI prepara Encaminhamento,236835.641051753,start,,0.0,,,,
Patient_623,CTI prepara Encaminhamento,236871.67863492656,complete,,0.0,,,,
Patient_623,Encaminha_para a Clinica Cirurgica,236871.67863492656,complete,,,para a Clinica Cirurgica,236871.67863492656,,
Patient_623,Discharge,236871.67863492656,complete,,,,,,18454.034754737077
Patient_624,Arrival,218564.78415419656,complete,,0.0,,,,
Patient_624,Origem_do Pronto Socorro,218564.78415419656,complete,,,do Pronto Socorro,218564.78415419656,,
Patient_624,CTI (PS),218564.78415419656,start,ctiBeds,0.0,,,,
Patient_624,CTI (PS),240087.83168895362,complete,ctiBeds,0.0,,,,
Patient_624,CTI prepara Encaminhamento,240087.83168895362,start,,0.0,,,,
Patient_624,CTI prepara Encaminhamento,240144.27843022623,complete,,0.0,,,,
Patient_624,Encaminha_para a Clinica Medica,240144.27843022623,complete,,,para a Clinica Medica,240144.27843022623,,
Patient_624,Discharge,240144.27843022623,complete,,,,,,21579.49427602967
Patient_625,Arrival,218827.18968954,complete,,0.0,,,,
Patient_625,Origem_do Centro Cirurgico,218827.18968954,complete,,,do Centro Cirurgico,218827.18968954,,
Patient_625,CTI (CC),218827.18968954,start,ctiBeds,0.0,,,,
Patient_625,CTI (CC),220077.28249532374,complete,ctiBeds,0.0,,,,
Patient_625,CTI prepara Encaminhamento,220077.28249532374,start,,0.0,,,,
Patient_625,CTI prepara Encaminhamento,220136.30990996538,complete,,0.0,,,,
Patient_625,Encaminha_para a Clinica Medica,220136.30990996538,complete,,,para a Clinica Medica,220136.30990996538,,
Patient_625,Discharge,220136.30990996538,complete,,,,,,1309.120220425364
Patient_626,Arrival,218946.09828538867,complete,,0.0,,,,
Patient_626,Origem_do Pronto Socorro,218946.09828538867,complete,,,do Pronto Socorro,218946.09828538867,,
Patient_626,CTI (PS),218946.09828538867,start,ctiBeds,0.0,,,,
Patient_626,CTI (PS),238574.8087534277,complete,ctiBeds,0.0,,,,
Patient_626,CTI prepara Encaminhamento,238574.8087534277,start,,0.0,,,,
Patient_626,CTI prepara Encaminhamento,238610.79032101764,complete,,0.0,,,,
Patient_626,Encaminha_para a Clinica Cirurgica,238610.79032101764,complete,,,para a Clinica Cirurgica,238610.79032101764,,
Patient_626,Discharge,238610.79032101764,complete,,,,,,19664.692035628977
Patient_627,Arrival,219167.9444891245,complete,,0.0,,,,
Patient_627,Origem_da Clinica Medica,219167.9444891245,complete,,,da Clinica Medica,219167.9444891245,,
Patient_627,CTI (CLIM),219167.9444891245,start,ctiBeds,0.0,,,,
Patient_627,CTI (CLIM),232853.32329083493,complete,ctiBeds,0.0,,,,
Patient_627,CTI prepara Encaminhamento,232853.32329083493,start,,0.0,,,,
Patient_627,CTI prepara Encaminhamento,232902.67591134593,complete,,0.0,,,,
Patient_627,Encaminha_para a Clinica Cirurgica,232902.67591134593,complete,,,para a Clinica Cirurgica,232902.67591134593,,
Patient_627,Discharge,232902.67591134593,complete,,,,,,13734.731422221434
Patient_628,Arrival,219592.64051811295,complete,,0.0,,,,
Patient_628,Origem_do Pronto Socorro,219592.64051811295,complete,,,do Pronto Socorro,219592.64051811295,,
Patient_628,CTI (PS),219592.64051811295,start,ctiBeds,0.0,,,,
Patient_628,CTI (PS),229316.5338023441,complete,ctiBeds,0.0,,,,
Patient_628,CTI prepara Encaminhamento,229316.5338023441,start,,0.0,,,,
Patient_628,CTI prepara Encaminhamento,229368.1781093179,complete,,0.0,,,,
Patient_628,Encaminha_para a Clinica Cirurgica,229368.1781093179,complete,,,para a Clinica Cirurgica,229368.1781093179,,
Patient_628,Discharge,229368.1781093179,complete,,,,,,9775.53759120495
Patient_629,Arrival,221464.03065966303,complete,,0.0,,,,
Patient_629,Origem_do Pronto Socorro,221464.03065966303,complete,,,do Pronto Socorro,221464.03065966303,,
Patient_629,CTI (PS),221464.03065966303,start,ctiBeds,0.0,,,,
Patient_629,CTI (PS),226983.38020027318,complete,ctiBeds,0.0,,,,
Patient_629,CTI prepara Encaminhamento,226983.38020027318,start,,0.0,,,,
Patient_629,CTI prepara Encaminhamento,227022.8120451398,complete,,0.0,,,,
Patient_629,Encaminha_para a Clinica Medica,227022.8120451398,complete,,,para a Clinica Medica,227022.8120451398,,
Patient_629,Discharge,227022.8120451398,complete,,,,,,5558.781385476788
Patient_63,Arrival,16687.704700877326,complete,,0.0,,,,
Patient_63,Origem_do Pronto Socorro,16687.704700877326,complete,,,do Pronto Socorro,16687.704700877326,,
Patient_63,CTI (PS),16687.704700877326,start,ctiBeds,0.0,,,,
Patient_63,CTI (PS),50646.92110632807,complete,ctiBeds,0.0,,,,
Patient_63,CTI prepara Encaminhamento,50646.92110632807,start,,0.0,,,,
Patient_63,CTI prepara Encaminhamento,50688.97979052731,complete,,0.0,,,,
Patient_63,Encaminha_para a Clinica Cirurgica,50688.97979052731,complete,,,para a Clinica Cirurgica,50688.97979052731,,
Patient_63,Discharge,50688.97979052731,complete,,,,,,34001.27508964998
Patient_630,Arrival,221565.3618709579,complete,,0.0,,,,
Patient_630,Origem_do Centro Cirurgico,221565.3618709579,complete,,,do Centro Cirurgico,221565.3618709579,,
Patient_630,CTI (CC),221565.3618709579,start,ctiBeds,0.0,,,,
Patient_630,CTI (CC),250936.71487359246,complete,ctiBeds,0.0,,,,
Patient_630,CTI prepara Encaminhamento,250936.71487359246,start,,0.0,,,,
Patient_630,CTI prepara Encaminhamento,250978.02275042975,complete,,0.0,,,,
Patient_630,Encaminha_para a Clinica Cirurgica,250978.02275042975,complete,,,para a Clinica Cirurgica,250978.02275042975,,
Patient_630,Discharge,250978.02275042975,complete,,,,,,29412.660879471863
Patient_631,Arrival,222132.8674009393,complete,,0.0,,,,
Patient_631,Origem_do Pronto Socorro,222132.8674009393,complete,,,do Pronto Socorro,222132.8674009393,,
Patient_631,CTI (PS),222132.8674009393,start,ctiBeds,0.0,,,,
Patient_631,CTI (PS),229116.76538909922,complete,ctiBeds,0.0,,,,
Patient_631,CTI prepara Encaminhamento,229116.76538909922,start,,0.0,,,,
Patient_631,CTI prepara Encaminhamento,229173.18392281875,complete,,0.0,,,,
Patient_631,Encaminha_para a Clinica Medica,229173.18392281875,complete,,,para a Clinica Medica,229173.18392281875,,
Patient_631,Discharge,229173.18392281875,complete,,,,,,7040.316521879431
Patient_632,Arrival,223139.54088240323,complete,,0.0,,,,
Patient_632,Origem_do Centro Cirurgico,223139.54088240323,complete,,,do Centro Cirurgico,223139.54088240323,,
Patient_632,CTI (CC),223139.54088240323,start,ctiBeds,0.0,,,,
Patient_632,CTI (CC),223226.77693253328,complete,ctiBeds,0.0,,,,
Patient_632,CTI prepara Encaminhamento,223226.77693253328,start,,0.0,,,,
Patient_632,CTI prepara Encaminhamento,223256.9154899441,complete,,0.0,,,,
Patient_632,Encaminha_para a Clinica Cirurgica,223256.9154899441,complete,,,para a Clinica Cirurgica,223256.9154899441,,
Patient_632,Discharge,223256.9154899441,complete,,,,,,117.37460754087078
Patient_633,Arrival,223185.41143521396,complete,,0.0,,,,
Patient_633,Origem_do Pronto Socorro,223185.41143521396,complete,,,do Pronto Socorro,223185.41143521396,,
Patient_633,CTI (PS),223185.41143521396,start,ctiBeds,0.0,,,,
Patient_633,CTI (PS),228800.34196348873,complete,ctiBeds,0.0,,,,
Patient_633,CTI prepara Encaminhamento,228800.34196348873,start,,0.0,,,,
Patient_633,CTI prepara Encaminhamento,228849.60648393014,complete,,0.0,,,,
Patient_633,Encaminha_para a Clinica Medica,228849.60648393014,complete,,,para a Clinica Medica,228849.60648393014,,
Patient_633,Discharge,228849.60648393014,complete,,,,,,5664.195048716181
Patient_634,Arrival,223258.4077752318,complete,,0.0,,,,
Patient_634,Origem_do Pronto Socorro,223258.4077752318,complete,,,do Pronto Socorro,223258.4077752318,,
Patient_634,CTI (PS),223258.4077752318,start,ctiBeds,0.0,,,,
Patient_634,CTI (PS),228977.50486750976,complete,ctiBeds,0.0,,,,
Patient_634,CTI prepara Encaminhamento,228977.50486750976,start,,0.0,,,,
Patient_634,CTI prepara Encaminhamento,229033.90292121208,complete,,0.0,,,,
Patient_634,Encaminha_Obito,229033.90292121208,complete,,,Obito,229033.90292121208,,
Patient_634,Discharge,229033.90292121208,complete,,,,,,5775.495145980269
Patient_635,Arrival,223346.34533795036,complete,,0.0,,,,
Patient_635,Origem_do Pronto Socorro,223346.34533795036,complete,,,do Pronto Socorro,223346.34533795036,,
Patient_635,CTI (PS),223346.34533795036,start,ctiBeds,0.0,,,,
Patient_635,CTI (PS),230347.4074273945,complete,ctiBeds,0.0,,,,
Patient_635,CTI prepara Encaminhamento,230347.4074273945,start,,0.0,,,,
Patient_635,CTI prepara Encaminhamento,230406.30281815885,complete,,0.0,,,,
Patient_635,Encaminha_Transferencia Externa,230406.30281815885,complete,,,Transferencia Externa,230406.30281815885,,
Patient_635,Discharge,230406.30281815885,complete,,,,,,7059.957480208483
Patient_636,Arrival,225042.0401772463,complete,,0.0,,,,
Patient_636,Origem_do Centro Cirurgico,225042.0401772463,complete,,,do Centro Cirurgico,225042.0401772463,,
Patient_636,CTI (CC),225042.0401772463,start,ctiBeds,0.0,,,,
Patient_636,CTI (CC),234015.4977630986,complete,ctiBeds,0.0,,,,
Patient_636,CTI prepara Encaminhamento,234015.4977630986,start,,0.0,,,,
Patient_636,CTI prepara Encaminhamento,234048.35332261404,complete,,0.0,,,,
Patient_636,Encaminha_para a Clinica Cirurgica,234048.35332261404,complete,,,para a Clinica Cirurgica,234048.35332261404,,
Patient_636,Discharge,234048.35332261404,complete,,,,,,9006.313145367749
Patient_637,Arrival,225776.70601173598,complete,,0.0,,,,
Patient_637,Origem_do Pronto Socorro,225776.70601173598,complete,,,do Pronto Socorro,225776.70601173598,,
Patient_637,CTI (PS),225776.70601173598,start,ctiBeds,0.0,,,,
Patient_637,CTI (PS),237579.37160392254,complete,ctiBeds,0.0,,,,
Patient_637,CTI prepara Encaminhamento,237579.37160392254,start,,0.0,,,,
Patient_637,CTI prepara Encaminhamento,237624.12542502143,complete,,0.0,,,,
Patient_637,Encaminha_para a Clinica Medica,237624.12542502143,complete,,,para a Clinica Medica,237624.12542502143,,
Patient_637,Discharge,237624.12542502143,complete,,,,,,11847.419413285446
Patient_638,Arrival,226040.76265801897,complete,,0.0,,,,
Patient_638,Origem_da Clinica Medica,226040.76265801897,complete,,,da Clinica Medica,226040.76265801897,,
Patient_638,CTI (CLIM),226040.76265801897,start,ctiBeds,0.0,,,,
Patient_638,CTI (CLIM),231879.33729069371,complete,ctiBeds,0.0,,,,
Patient_638,CTI prepara Encaminhamento,231879.33729069371,start,,0.0,,,,
Patient_638,CTI prepara Encaminhamento,231931.91669631572,complete,,0.0,,,,
Patient_638,Encaminha_para a Clinica Medica,231931.91669631572,complete,,,para a Clinica Medica,231931.91669631572,,
Patient_638,Discharge,231931.91669631572,complete,,,,,,5891.1540382967505
Patient_639,Arrival,226567.40191554453,complete,,0.0,,,,
Patient_639,Origem_do Centro Cirurgico,226567.40191554453,complete,,,do Centro Cirurgico,226567.40191554453,,
Patient_639,CTI (CC),226567.40191554453,start,ctiBeds,0.0,,,,
Patient_639,CTI (CC),233328.73269692098,complete,ctiBeds,0.0,,,,
Patient_639,CTI prepara Encaminhamento,233328.73269692098,start,,0.0,,,,
Patient_639,CTI prepara Encaminhamento,233361.72524948005,complete,,0.0,,,,
Patient_639,Encaminha_Obito,233361.72524948005,complete,,,Obito,233361.72524948005,,
Patient_639,Discharge,233361.72524948005,complete,,,,,,6794.323333935521
Patient_64,Arrival,16951.14938364965,complete,,0.0,,,,
Patient_64,Origem_do Centro Cirurgico,16951.14938364965,complete,,,do Centro Cirurgico,16951.14938364965,,
Patient_64,CTI (CC),16951.14938364965,start,ctiBeds,0.0,,,,
Patient_64,CTI (CC),19052.42627414547,complete,ctiBeds,0.0,,,,
Patient_64,CTI prepara Encaminhamento,19052.42627414547,start,,0.0,,,,
Patient_64,CTI prepara Encaminhamento,19093.776390036644,complete,,0.0,,,,
Patient_64,Encaminha_para a Clinica Medica,19093.776390036644,complete,,,para a Clinica Medica,19093.776390036644,,
Patient_64,Discharge,19093.776390036644,complete,,,,,,2142.627006386996
Patient_640,Arrival,226996.2823937325,complete,,0.0,,,,
Patient_640,Origem_do Centro Cirurgico,226996.2823937325,complete,,,do Centro Cirurgico,226996.2823937325,,
Patient_640,CTI (CC),226996.2823937325,start,ctiBeds,0.0,,,,
Patient_640,CTI (CC),231554.2757629269,complete,ctiBeds,0.0,,,,
Patient_640,CTI prepara Encaminhamento,231554.2757629269,start,,0.0,,,,
Patient_640,CTI prepara Encaminhamento,231602.42438480252,complete,,0.0,,,,
Patient_640,Encaminha_para a Clinica Cirurgica,231602.42438480252,complete,,,para a Clinica Cirurgica,231602.42438480252,,
Patient_640,Discharge,231602.42438480252,complete,,,,,,4606.141991070035
Patient_641,Arrival,227174.75303942288,complete,,0.0,,,,
Patient_641,Origem_do Pronto Socorro,227174.75303942288,complete,,,do Pronto Socorro,227174.75303942288,,
Patient_641,CTI (PS),227174.75303942288,start,ctiBeds,0.0,,,,
Patient_641,CTI (PS),255000.34038572406,complete,ctiBeds,0.0,,,,
Patient_641,CTI prepara Encaminhamento,255000.34038572406,start,,0.0,,,,
Patient_641,CTI prepara Encaminhamento,255058.42308191527,complete,,0.0,,,,
Patient_641,Encaminha_para a Clinica Cirurgica,255058.42308191527,complete,,,para a Clinica Cirurgica,255058.42308191527,,
Patient_641,Discharge,255058.42308191527,complete,,,,,,27883.67004249239
Patient_642,Arrival,227522.8974263222,complete,,0.0,,,,
Patient_642,Origem_do Pronto Socorro,227522.8974263222,complete,,,do Pronto Socorro,227522.8974263222,,
Patient_642,CTI (PS),227522.8974263222,start,ctiBeds,0.0,,,,
Patient_642,CTI (PS),235669.2565054383,complete,ctiBeds,0.0,,,,
Patient_642,CTI prepara Encaminhamento,235669.2565054383,start,,0.0,,,,
Patient_642,CTI prepara Encaminhamento,235701.01161931522,complete,,0.0,,,,
Patient_642,Encaminha_Transferencia Externa,235701.01161931522,complete,,,Transferencia Externa,235701.01161931522,,
Patient_642,Discharge,235701.01161931522,complete,,,,,,8178.114192993031
Patient_643,Arrival,227610.362151685,complete,,0.0,,,,
Patient_643,Origem_do Centro Cirurgico,227610.362151685,complete,,,do Centro Cirurgico,227610.362151685,,
Patient_643,CTI (CC),227610.362151685,start,ctiBeds,0.0,,,,
Patient_643,CTI (CC),229604.06330170782,complete,ctiBeds,0.0,,,,
Patient_643,CTI prepara Encaminhamento,229604.06330170782,start,,0.0,,,,
Patient_643,CTI prepara Encaminhamento,229654.45910738283,complete,,0.0,,,,
Patient_643,Encaminha_para a Clinica Cirurgica,229654.45910738283,complete,,,para a Clinica Cirurgica,229654.45910738283,,
Patient_643,Discharge,229654.45910738283,complete,,,,,,2044.096955697838
Patient_644,Arrival,227809.04296839837,complete,,0.0,,,,
Patient_644,Origem_da Clinica Cirurgica,227809.04296839837,complete,,,da Clinica Cirurgica,227809.04296839837,,
Patient_644,CTI (CLIC),227809.04296839837,start,ctiBeds,0.0,,,,
Patient_644,CTI (CLIC),258391.601029432,complete,ctiBeds,0.0,,,,
Patient_644,CTI prepara Encaminhamento,258391.601029432,start,,0.0,,,,
Patient_644,CTI prepara Encaminhamento,258451.4197699421,complete,,0.0,,,,
Patient_644,Encaminha_para a Clinica Medica,258451.4197699421,complete,,,para a Clinica Medica,258451.4197699421,,
Patient_644,Discharge,258451.4197699421,complete,,,,,,30642.376801543724
Patient_645,Arrival,228095.08360223676,complete,,0.0,,,,
Patient_645,Origem_do Pronto Socorro,228095.08360223676,complete,,,do Pronto Socorro,228095.08360223676,,
Patient_645,CTI (PS),228095.08360223676,start,ctiBeds,0.0,,,,
Patient_645,CTI (PS),242763.50130107594,complete,ctiBeds,0.0,,,,
Patient_645,CTI prepara Encaminhamento,242763.50130107594,start,,0.0,,,,
Patient_645,CTI prepara Encaminhamento,242823.07429215542,complete,,0.0,,,,
Patient_645,Encaminha_para a Clinica Medica,242823.07429215542,complete,,,para a Clinica Medica,242823.07429215542,,
Patient_645,Discharge,242823.07429215542,complete,,,,,,14727.99068991866
Patient_646,Arrival,228161.0690037177,complete,,0.0,,,,
Patient_646,Origem_do Centro Cirurgico,228161.0690037177,complete,,,do Centro Cirurgico,228161.0690037177,,
Patient_646,CTI (CC),228161.0690037177,start,ctiBeds,0.0,,,,
Patient_646,CTI (CC),234049.49583839846,complete,ctiBeds,0.0,,,,
Patient_646,CTI prepara Encaminhamento,234049.49583839846,start,,0.0,,,,
Patient_646,CTI prepara Encaminhamento,234101.40340067225,complete,,0.0,,,,
Patient_646,Encaminha_para a Clinica Cirurgica,234101.40340067225,complete,,,para a Clinica Cirurgica,234101.40340067225,,
Patient_646,Discharge,234101.40340067225,complete,,,,,,5940.3343969545385
Patient_647,Arrival,228531.17314674266,complete,,0.0,,,,
Patient_647,Origem_da Clinica Medica,228531.17314674266,complete,,,da Clinica Medica,228531.17314674266,,
Patient_647,CTI (CLIM),228531.17314674266,start,ctiBeds,0.0,,,,
Patient_647,CTI (CLIM),256445.4822166795,complete,ctiBeds,0.0,,,,
Patient_647,CTI prepara Encaminhamento,256445.4822166795,start,,0.0,,,,
Patient_647,CTI prepara Encaminhamento,256488.67844045858,complete,,0.0,,,,
Patient_647,Encaminha_para a Clinica Medica,256488.67844045858,complete,,,para a Clinica Medica,256488.67844045858,,
Patient_647,Discharge,256488.67844045858,complete,,,,,,27957.50529371592
Patient_648,Arrival,230322.25762147244,complete,,0.0,,,,
Patient_648,Origem_do Centro Cirurgico,230322.25762147244,complete,,,do Centro Cirurgico,230322.25762147244,,
Patient_648,CTI (CC),230322.25762147244,start,ctiBeds,0.0,,,,
Patient_648,CTI (CC),230908.8881667791,complete,ctiBeds,0.0,,,,
Patient_648,CTI prepara Encaminhamento,230908.8881667791,start,,0.0,,,,
Patient_648,CTI prepara Encaminhamento,230956.88955368247,complete,,0.0,,,,
Patient_648,Encaminha_para a Clinica Cirurgica,230956.88955368247,complete,,,para a Clinica Cirurgica,230956.88955368247,,
Patient_648,Discharge,230956.88955368247,complete,,,,,,634.6319322100317
Patient_649,Arrival,231133.74134795336,complete,,0.0,,,,
Patient_649,Origem_do Centro Cirurgico,231133.74134795336,complete,,,do Centro Cirurgico,231133.74134795336,,
Patient_649,CTI (CC),231133.74134795336,start,ctiBeds,0.0,,,,
Patient_649,CTI (CC),236972.55463509294,complete,ctiBeds,0.0,,,,
Patient_649,CTI prepara Encaminhamento,236972.55463509294,start,,0.0,,,,
Patient_649,CTI prepara Encaminhamento,237015.10616403603,complete,,0.0,,,,
Patient_649,Encaminha_Obito,237015.10616403603,complete,,,Obito,237015.10616403603,,
Patient_649,Discharge,237015.10616403603,complete,,,,,,5881.364816082671
Patient_65,Arrival,17422.97167064029,complete,,0.0,,,,
Patient_65,Origem_da Clinica Medica,17422.97167064029,complete,,,da Clinica Medica,17422.97167064029,,
Patient_65,CTI (CLIM),17422.97167064029,start,ctiBeds,0.0,,,,
Patient_65,CTI (CLIM),36558.793710265236,complete,ctiBeds,0.0,,,,
Patient_65,CTI prepara Encaminhamento,36558.793710265236,start,,0.0,,,,
Patient_65,CTI prepara Encaminhamento,36593.31712392466,complete,,0.0,,,,
Patient_65,Encaminha_para a Clinica Cirurgica,36593.31712392466,complete,,,para a Clinica Cirurgica,36593.31712392466,,
Patient_65,Discharge,36593.31712392466,complete,,,,,,19170.345453284368
Patient_650,Arrival,231179.85829412309,complete,,0.0,,,,
Patient_650,Origem_do Centro Cirurgico,231179.85829412309,complete,,,do Centro Cirurgico,231179.85829412309,,
Patient_650,CTI (CC),231179.85829412309,start,ctiBeds,0.0,,,,
Patient_650,CTI (CC),260151.11499096974,complete,ctiBeds,0.0,,,,
Patient_650,CTI prepara Encaminhamento,260151.11499096974,start,,0.0,,,,
Patient_650,CTI prepara Encaminhamento,260189.53411942982,complete,,0.0,,,,
Patient_650,Encaminha_para a Clinica Cirurgica,260189.53411942982,complete,,,para a Clinica Cirurgica,260189.53411942982,,
Patient_650,Discharge,260189.53411942982,complete,,,,,,29009.67582530674
Patient_651,Arrival,231417.78225294658,complete,,0.0,,,,
Patient_651,Origem_do Centro Cirurgico,231417.78225294658,complete,,,do Centro Cirurgico,231417.78225294658,,
Patient_651,CTI (CC),231417.78225294658,start,ctiBeds,0.0,,,,
Patient_651,CTI (CC),233321.788398216,complete,ctiBeds,0.0,,,,
Patient_651,CTI prepara Encaminhamento,233321.788398216,start,,0.0,,,,
Patient_651,CTI prepara Encaminhamento,233354.13159505534,complete,,0.0,,,,
Patient_651,Encaminha_para a Clinica Cirurgica,233354.13159505534,complete,,,para a Clinica Cirurgica,233354.13159505534,,
Patient_651,Discharge,233354.13159505534,complete,,,,,,1936.3493421087624
Patient_652,Arrival,231660.88665314022,complete,,0.0,,,,
Patient_652,Origem_do Pronto Socorro,231660.88665314022,complete,,,do Pronto Socorro,231660.88665314022,,
Patient_652,CTI (PS),231660.88665314022,start,ctiBeds,0.0,,,,
Patient_652,CTI (PS),239389.94395598385,complete,ctiBeds,0.0,,,,
Patient_652,CTI prepara Encaminhamento,239389.94395598385,start,,0.0,,,,
Patient_652,CTI prepara Encaminhamento,239434.24654069456,complete,,0.0,,,,
Patient_652,Encaminha_Obito,239434.24654069456,complete,,,Obito,239434.24654069456,,
Patient_652,Discharge,239434.24654069456,complete,,,,,,7773.359887554339
Patient_653,Arrival,233069.1019389609,complete,,0.0,,,,
Patient_653,Origem_do Centro Cirurgico,233069.1019389609,complete,,,do Centro Cirurgico,233069.1019389609,,
Patient_653,CTI (CC),233069.1019389609,start,ctiBeds,0.0,,,,
Patient_653,CTI (CC),235047.2775471487,complete,ctiBeds,0.0,,,,
Patient_653,CTI prepara Encaminhamento,235047.2775471487,start,,0.0,,,,
Patient_653,CTI prepara Encaminhamento,235086.97831142333,complete,,0.0,,,,
Patient_653,Encaminha_para a Clinica Medica,235086.97831142333,complete,,,para a Clinica Medica,235086.97831142333,,
Patient_653,Discharge,235086.97831142333,complete,,,,,,2017.8763724624296
Patient_654,Arrival,233342.36018242958,complete,,0.0,,,,
Patient_654,Origem_do Pronto Socorro,233342.36018242958,complete,,,do Pronto Socorro,233342.36018242958,,
Patient_654,CTI (PS),233342.36018242958,start,ctiBeds,0.0,,,,
Patient_654,CTI (PS),236566.6495399328,complete,ctiBeds,0.0,,,,
Patient_654,CTI prepara Encaminhamento,236566.6495399328,start,,0.0,,,,
Patient_654,CTI prepara Encaminhamento,236597.53661635183,complete,,0.0,,,,
Patient_654,Encaminha_para a Clinica Medica,236597.53661635183,complete,,,para a Clinica Medica,236597.53661635183,,
Patient_654,Discharge,236597.53661635183,complete,,,,,,3255.1764339222573
Patient_655,Arrival,233530.66711853017,complete,,0.0,,,,
Patient_655,Origem_do Pronto Socorro,233530.66711853017,complete,,,do Pronto Socorro,233530.66711853017,,
Patient_655,CTI (PS),233530.66711853017,start,ctiBeds,0.0,,,,
Patient_655,CTI (PS),254337.0884416856,complete,ctiBeds,0.0,,,,
Patient_655,CTI prepara Encaminhamento,254337.0884416856,start,,0.0,,,,
Patient_655,CTI prepara Encaminhamento,254368.73055995998,complete,,0.0,,,,
Patient_655,Encaminha_para a Clinica Cirurgica,254368.73055995998,complete,,,para a Clinica Cirurgica,254368.73055995998,,
Patient_655,Discharge,254368.73055995998,complete,,,,,,20838.06344142981
Patient_656,Arrival,233546.46412755983,complete,,0.0,,,,
Patient_656,Origem_do Pronto Socorro,233546.46412755983,complete,,,do Pronto Socorro,233546.46412755983,,
Patient_656,CTI (PS),233546.46412755983,start,ctiBeds,0.0,,,,
Patient_656,CTI (PS),234561.9001000592,complete,ctiBeds,0.0,,,,
Patient_656,CTI prepara Encaminhamento,234561.9001000592,start,,0.0,,,,
Patient_656,CTI prepara Encaminhamento,234619.96271336256,complete,,0.0,,,,
Patient_656,Encaminha_para a Clinica Medica,234619.96271336256,complete,,,para a Clinica Medica,234619.96271336256,,
Patient_656,Discharge,234619.96271336256,complete,,,,,,1073.4985858027358
Patient_657,Arrival,233797.88387519776,complete,,0.0,,,,
Patient_657,Origem_do Pronto Socorro,233797.88387519776,complete,,,do Pronto Socorro,233797.88387519776,,
Patient_657,CTI (PS),233797.88387519776,start,ctiBeds,0.0,,,,
Patient_657,CTI (PS),264604.1574494877,complete,ctiBeds,0.0,,,,
Patient_657,CTI prepara Encaminhamento,264604.1574494877,start,,0.0,,,,
Patient_657,CTI prepara Encaminhamento,264657.9389381433,complete,,0.0,,,,
Patient_657,Encaminha_para a Clinica Medica,264657.9389381433,complete,,,para a Clinica Medica,264657.9389381433,,
Patient_657,Discharge,264657.9389381433,complete,,,,,,30860.055062945554
Patient_658,Arrival,236298.3335031235,complete,,0.0,,,,
Patient_658,Origem_do Pronto Socorro,236298.3335031235,complete,,,do Pronto Socorro,236298.3335031235,,
Patient_658,CTI (PS),236298.3335031235,start,ctiBeds,0.0,,,,
Patient_658,CTI (PS),247542.41461631344,complete,ctiBeds,0.0,,,,
Patient_658,CTI prepara Encaminhamento,247542.41461631344,start,,0.0,,,,
Patient_658,CTI prepara Encaminhamento,247578.72408452237,complete,,0.0,,,,
Patient_658,Encaminha_para a Clinica Medica,247578.72408452237,complete,,,para a Clinica Medica,247578.72408452237,,
Patient_658,Discharge,247578.72408452237,complete,,,,,,11280.390581398882
Patient_659,Arrival,236322.87998254359,complete,,0.0,,,,
Patient_659,Origem_da Clinica Cirurgica,236322.87998254359,complete,,,da Clinica Cirurgica,236322.87998254359,,
Patient_659,CTI (CLIC),236322.87998254359,start,ctiBeds,0.0,,,,
Patient_659,CTI (CLIC),274266.7302888308,complete,ctiBeds,0.0,,,,
Patient_659,CTI prepara Encaminhamento,274266.7302888308,start,,0.0,,,,
Patient_659,CTI prepara Encaminhamento,274320.2830276039,complete,,0.0,,,,
Patient_659,Encaminha_para a Clinica Medica,274320.2830276039,complete,,,para a Clinica Medica,274320.2830276039,,
Patient_659,Discharge,274320.2830276039,complete,,,,,,37997.40304506029
Patient_66,Arrival,17489.966859676813,complete,,0.0,,,,
Patient_66,Origem_do Pronto Socorro,17489.966859676813,complete,,,do Pronto Socorro,17489.966859676813,,
Patient_66,CTI (PS),17489.966859676813,start,ctiBeds,0.0,,,,
Patient_66,CTI (PS),44549.146837204935,complete,ctiBeds,0.0,,,,
Patient_66,CTI prepara Encaminhamento,44549.146837204935,start,,0.0,,,,
Patient_66,CTI prepara Encaminhamento,44603.10691412207,complete,,0.0,,,,
Patient_66,Encaminha_para a Clinica Medica,44603.10691412207,complete,,,para a Clinica Medica,44603.10691412207,,
Patient_66,Discharge,44603.10691412207,complete,,,,,,27113.14005444526
Patient_660,Arrival,236780.15576179026,complete,,0.0,,,,
Patient_660,Origem_do Pronto Socorro,236780.15576179026,complete,,,do Pronto Socorro,236780.15576179026,,
Patient_660,CTI (PS),236780.15576179026,start,ctiBeds,0.0,,,,
Patient_660,CTI (PS),239632.81680767625,complete,ctiBeds,0.0,,,,
Patient_660,CTI prepara Encaminhamento,239632.81680767625,start,,0.0,,,,
Patient_660,CTI prepara Encaminhamento,239681.52741792818,complete,,0.0,,,,
Patient_660,Encaminha_Transferencia Externa,239681.52741792818,complete,,,Transferencia Externa,239681.52741792818,,
Patient_660,Discharge,239681.52741792818,complete,,,,,,2901.371656137926
Patient_661,Arrival,236932.91982299622,complete,,0.0,,,,
Patient_661,Origem_da Clinica Medica,236932.91982299622,complete,,,da Clinica Medica,236932.91982299622,,
Patient_661,CTI (CLIM),236932.91982299622,start,ctiBeds,0.0,,,,
Patient_661,CTI (CLIM),242793.03855485533,complete,ctiBeds,0.0,,,,
Patient_661,CTI prepara Encaminhamento,242793.03855485533,start,,0.0,,,,
Patient_661,CTI prepara Encaminhamento,242852.16921293433,complete,,0.0,,,,
Patient_661,Encaminha_para a Clinica Cirurgica,242852.16921293433,complete,,,para a Clinica Cirurgica,242852.16921293433,,
Patient_661,Discharge,242852.16921293433,complete,,,,,,5919.249389938108
Patient_662,Arrival,238075.35194150524,complete,,0.0,,,,
Patient_662,Origem_do Pronto Socorro,238075.35194150524,complete,,,do Pronto Socorro,238075.35194150524,,
Patient_662,CTI (PS),238075.35194150524,start,ctiBeds,0.0,,,,
Patient_662,CTI (PS),247854.65289293922,complete,ctiBeds,0.0,,,,
Patient_662,CTI prepara Encaminhamento,247854.65289293922,start,,0.0,,,,
Patient_662,CTI prepara Encaminhamento,247886.76162078715,complete,,0.0,,,,
Patient_662,Encaminha_Transferencia Externa,247886.76162078715,complete,,,Transferencia Externa,247886.76162078715,,
Patient_662,Discharge,247886.76162078715,complete,,,,,,9811.409679281904
Patient_663,Arrival,238097.13235912294,complete,,0.0,,,,
Patient_663,Origem_do Pronto Socorro,238097.13235912294,complete,,,do Pronto Socorro,238097.13235912294,,
Patient_663,CTI (PS),238097.13235912294,start,ctiBeds,0.0,,,,
Patient_663,CTI (PS),258740.61043198482,complete,ctiBeds,0.0,,,,
Patient_663,CTI prepara Encaminhamento,258740.61043198482,start,,0.0,,,,
Patient_663,CTI prepara Encaminhamento,258775.98755057843,complete,,0.0,,,,
Patient_663,Encaminha_Obito,258775.98755057843,complete,,,Obito,258775.98755057843,,
Patient_663,Discharge,258775.98755057843,complete,,,,,,20678.855191455485
Patient_664,Arrival,238187.44614829528,complete,,0.0,,,,
Patient_664,Origem_do Pronto Socorro,238187.44614829528,complete,,,do Pronto Socorro,238187.44614829528,,
Patient_664,CTI (PS),238187.44614829528,start,ctiBeds,0.0,,,,
Patient_664,CTI (PS),252072.3907887127,complete,ctiBeds,0.0,,,,
Patient_664,CTI prepara Encaminhamento,252072.3907887127,start,,0.0,,,,
Patient_664,CTI prepara Encaminhamento,252112.80938241023,complete,,0.0,,,,
Patient_664,Encaminha_para a Clinica Cirurgica,252112.80938241023,complete,,,para a Clinica Cirurgica,252112.80938241023,,
Patient_664,Discharge,252112.80938241023,complete,,,,,,13925.36323411495
Patient_665,Arrival,239092.18078305028,complete,,0.0,,,,
Patient_665,Origem_do Centro Cirurgico,239092.18078305028,complete,,,do Centro Cirurgico,239092.18078305028,,
Patient_665,CTI (CC),239092.18078305028,start,ctiBeds,0.0,,,,
Patient_665,CTI (CC),245311.8667705304,complete,ctiBeds,0.0,,,,
Patient_665,CTI prepara Encaminhamento,245311.8667705304,start,,0.0,,,,
Patient_665,CTI prepara Encaminhamento,245367.75728154395,complete,,0.0,,,,
Patient_665,Encaminha_Obito,245367.75728154395,complete,,,Obito,245367.75728154395,,
Patient_665,Discharge,245367.75728154395,complete,,,,,,6275.576498493669
Patient_666,Arrival,239291.05134674313,complete,,0.0,,,,
Patient_666,Origem_do Pronto Socorro,239291.05134674313,complete,,,do Pronto Socorro,239291.05134674313,,
Patient_666,CTI (PS),239291.05134674313,start,ctiBeds,0.0,,,,
Patient_666,CTI (PS),249553.553136684,complete,ctiBeds,0.0,,,,
Patient_666,CTI prepara Encaminhamento,249553.553136684,start,,0.0,,,,
Patient_666,CTI prepara Encaminhamento,249605.4438424088,complete,,0.0,,,,
Patient_666,Encaminha_Obito,249605.4438424088,complete,,,Obito,249605.4438424088,,
Patient_666,Discharge,249605.4438424088,complete,,,,,,10314.39249566567
Patient_667,Arrival,239333.18365329583,complete,,0.0,,,,
Patient_667,Origem_do Pronto Socorro,239333.18365329583,complete,,,do Pronto Socorro,239333.18365329583,,
Patient_667,CTI (PS),239333.18365329583,start,ctiBeds,0.0,,,,
Patient_667,CTI (PS),276217.72365984705,complete,ctiBeds,0.0,,,,
Patient_667,CTI prepara Encaminhamento,276217.72365984705,start,,0.0,,,,
Patient_667,CTI prepara Encaminhamento,276269.7962998018,complete,,0.0,,,,
Patient_667,Encaminha_para a Clinica Medica,276269.7962998018,complete,,,para a Clinica Medica,276269.7962998018,,
Patient_667,Discharge,276269.7962998018,complete,,,,,,36936.612646505964
Patient_668,Arrival,239333.2493602301,complete,,0.0,,,,
Patient_668,Origem_do Pronto Socorro,239333.2493602301,complete,,,do Pronto Socorro,239333.2493602301,,
Patient_668,CTI (PS),239333.2493602301,start,ctiBeds,0.0,,,,
Patient_668,CTI (PS),241730.50338500427,complete,ctiBeds,0.0,,,,
Patient_668,CTI prepara Encaminhamento,241730.50338500427,start,,0.0,,,,
Patient_668,CTI prepara Encaminhamento,241764.69502954333,complete,,0.0,,,,
Patient_668,Encaminha_para a Clinica Medica,241764.69502954333,complete,,,para a Clinica Medica,241764.69502954333,,
Patient_668,Discharge,241764.69502954333,complete,,,,,,2431.4456693132233
Patient_669,Arrival,239777.77995455955,complete,,0.0,,,,
Patient_669,Origem_do Centro Cirurgico,239777.77995455955,complete,,,do Centro Cirurgico,239777.77995455955,,
Patient_669,CTI (CC),239777.77995455955,start,ctiBeds,0.0,,,,
Patient_669,CTI (CC),267977.4814867696,complete,ctiBeds,0.0,,,,
Patient_669,CTI prepara Encaminhamento,267977.4814867696,start,,0.0,,,,
Patient_669,CTI prepara Encaminhamento,268024.5392063245,complete,,0.0,,,,
Patient_669,Encaminha_para a Clinica Medica,268024.5392063245,complete,,,para a Clinica Medica,268024.5392063245,,
Patient_669,Discharge,268024.5392063245,complete,,,,,,28246.759251764946
Patient_67,Arrival,18024.1950760673,complete,,0.0,,,,
Patient_67,Origem_do Pronto Socorro,18024.1950760673,complete,,,do Pronto Socorro,18024.1950760673,,
Patient_67,CTI (PS),18024.1950760673,start,ctiBeds,0.0,,,,
Patient_67,CTI (PS),22832.037193010066,complete,ctiBeds,0.0,,,,
Patient_67,CTI prepara Encaminhamento,22832.037193010066,start,,0.0,,,,
Patient_67,CTI prepara Encaminhamento,22872.85230842706,complete,,0.0,,,,
Patient_67,Encaminha_para a Clinica Medica,22872.85230842706,complete,,,para a Clinica Medica,22872.85230842706,,
Patient_67,Discharge,22872.85230842706,complete,,,,,,4848.657232359761
Patient_670,Arrival,239973.2573547437,complete,,0.0,,,,
Patient_670,Origem_do Pronto Socorro,239973.2573547437,complete,,,do Pronto Socorro,239973.2573547437,,
Patient_670,CTI (PS),239973.2573547437,start,ctiBeds,0.0,,,,
Patient_670,CTI (PS),245160.55471126307,complete,ctiBeds,0.0,,,,
Patient_670,CTI prepara Encaminhamento,245160.55471126307,start,,0.0,,,,
Patient_670,CTI prepara Encaminhamento,245214.61263187893,complete,,0.0,,,,
Patient_670,Encaminha_para a Clinica Cirurgica,245214.61263187893,complete,,,para a Clinica Cirurgica,245214.61263187893,,
Patient_670,Discharge,245214.61263187893,complete,,,,,,5241.355277135241
Patient_671,Arrival,240063.23728241445,complete,,0.0,,,,
Patient_671,Origem_do Pronto Socorro,240063.23728241445,complete,,,do Pronto Socorro,240063.23728241445,,
Patient_671,CTI (PS),240063.23728241445,start,ctiBeds,0.0,,,,
Patient_671,CTI (PS),250161.87119334127,complete,ctiBeds,0.0,,,,
Patient_671,CTI prepara Encaminhamento,250161.87119334127,start,,0.0,,,,
Patient_671,CTI prepara Encaminhamento,250206.40115968167,complete,,0.0,,,,
Patient_671,Encaminha_para a Clinica Medica,250206.40115968167,complete,,,para a Clinica Medica,250206.40115968167,,
Patient_671,Discharge,250206.40115968167,complete,,,,,,10143.163877267216
Patient_672,Arrival,240072.74817016837,complete,,0.0,,,,
Patient_672,Origem_do Pronto Socorro,240072.74817016837,complete,,,do Pronto Socorro,240072.74817016837,,
Patient_672,CTI (PS),240072.74817016837,start,ctiBeds,0.0,,,,
Patient_672,CTI (PS),242258.5104093384,complete,ctiBeds,0.0,,,,
Patient_672,CTI prepara Encaminhamento,242258.5104093384,start,,0.0,,,,
Patient_672,CTI prepara Encaminhamento,242289.91136984812,complete,,0.0,,,,
Patient_672,Encaminha_para a Clinica Cirurgica,242289.91136984812,complete,,,para a Clinica Cirurgica,242289.91136984812,,
Patient_672,Discharge,242289.91136984812,complete,,,,,,2217.1631996797514
Patient_673,Arrival,240258.37188204096,complete,,0.0,,,,
Patient_673,Origem_do Pronto Socorro,240258.37188204096,complete,,,do Pronto Socorro,240258.37188204096,,
Patient_673,CTI (PS),240258.37188204096,start,ctiBeds,0.0,,,,
Patient_673,CTI (PS),276533.84693358064,complete,ctiBeds,0.0,,,,
Patient_673,CTI prepara Encaminhamento,276533.84693358064,start,,0.0,,,,
Patient_673,CTI prepara Encaminhamento,276565.04354188096,complete,,0.0,,,,
Patient_673,Encaminha_para a Clinica Medica,276565.04354188096,complete,,,para a Clinica Medica,276565.04354188096,,
Patient_673,Discharge,276565.04354188096,complete,,,,,,36306.67165984001
Patient_674,Arrival,240433.64192430506,complete,,0.0,,,,
Patient_674,Origem_do Pronto Socorro,240433.64192430506,complete,,,do Pronto Socorro,240433.64192430506,,
Patient_674,CTI (PS),240433.64192430506,start,ctiBeds,0.0,,,,
Patient_674,CTI (PS),249681.87504590632,complete,ctiBeds,0.0,,,,
Patient_674,CTI prepara Encaminhamento,249681.87504590632,start,,0.0,,,,
Patient_674,CTI prepara Encaminhamento,249729.9749637228,complete,,0.0,,,,
Patient_674,Encaminha_para a Clinica Cirurgica,249729.9749637228,complete,,,para a Clinica Cirurgica,249729.9749637228,,
Patient_674,Discharge,249729.9749637228,complete,,,,,,9296.333039417746
Patient_675,Arrival,240927.4314494358,complete,,0.0,,,,
Patient_675,Origem_do Centro Cirurgico,240927.4314494358,complete,,,do Centro Cirurgico,240927.4314494358,,
Patient_675,CTI (CC),240927.4314494358,start,ctiBeds,0.0,,,,
Patient_675,CTI (CC),244012.68404843356,complete,ctiBeds,0.0,,,,
Patient_675,CTI prepara Encaminhamento,244012.68404843356,start,,0.0,,,,
Patient_675,CTI prepara Encaminhamento,244058.98298794482,complete,,0.0,,,,
Patient_675,Encaminha_Obito,244058.98298794482,complete,,,Obito,244058.98298794482,,
Patient_675,Discharge,244058.98298794482,complete,,,,,,3131.5515385090257
Patient_676,Arrival,240945.48295949414,complete,,0.0,,,,
Patient_676,Origem_do Pronto Socorro,240945.48295949414,complete,,,do Pronto Socorro,240945.48295949414,,
Patient_676,CTI (PS),240945.48295949414,start,ctiBeds,0.0,,,,
Patient_676,CTI (PS),245383.1119985925,complete,ctiBeds,0.0,,,,
Patient_676,CTI prepara Encaminhamento,245383.1119985925,start,,0.0,,,,
Patient_676,CTI prepara Encaminhamento,245435.54936628728,complete,,0.0,,,,
Patient_676,Encaminha_para a Clinica Medica,245435.54936628728,complete,,,para a Clinica Medica,245435.54936628728,,
Patient_676,Discharge,245435.54936628728,complete,,,,,,4490.066406793136
Patient_677,Arrival,241537.40072194033,complete,,0.0,,,,
Patient_677,Origem_do Centro Cirurgico,241537.40072194033,complete,,,do Centro Cirurgico,241537.40072194033,,
Patient_677,CTI (CC),241537.40072194033,start,ctiBeds,0.0,,,,
Patient_677,CTI (CC),250953.2455962865,complete,ctiBeds,0.0,,,,
Patient_677,CTI prepara Encaminhamento,250953.2455962865,start,,0.0,,,,
Patient_677,CTI prepara Encaminhamento,251010.00444288427,complete,,0.0,,,,
Patient_677,Encaminha_Obito,251010.00444288427,complete,,,Obito,251010.00444288427,,
Patient_677,Discharge,251010.00444288427,complete,,,,,,9472.603720943938
Patient_678,Arrival,241907.46370927576,complete,,0.0,,,,
Patient_678,Origem_do Centro Cirurgico,241907.46370927576,complete,,,do Centro Cirurgico,241907.46370927576,,
Patient_678,CTI (CC),241907.46370927576,start,ctiBeds,0.0,,,,
Patient_678,CTI (CC),250256.583496318,complete,ctiBeds,0.0,,,,
Patient_678,CTI prepara Encaminhamento,250256.583496318,start,,0.0,,,,
Patient_678,CTI prepara Encaminhamento,250299.05704764518,complete,,0.0,,,,
Patient_678,Encaminha_para a Clinica Medica,250299.05704764518,complete,,,para a Clinica Medica,250299.05704764518,,
Patient_678,Discharge,250299.05704764518,complete,,,,,,8391.593338369421
Patient_679,Arrival,242030.00966666563,complete,,0.0,,,,
Patient_679,Origem_da Clinica Medica,242030.00966666563,complete,,,da Clinica Medica,242030.00966666563,,
Patient_679,CTI (CLIM),242030.00966666563,start,ctiBeds,0.0,,,,
Patient_679,CTI (CLIM),247784.97149155344,complete,ctiBeds,0.0,,,,
Patient_679,CTI prepara Encaminhamento,247784.97149155344,start,,0.0,,,,
Patient_679,CTI prepara Encaminhamento,247839.32034164915,complete,,0.0,,,,
Patient_679,Encaminha_Obito,247839.32034164915,complete,,,Obito,247839.32034164915,,
Patient_679,Discharge,247839.32034164915,complete,,,,,,5809.310674983513
Patient_68,Arrival,18327.40437022045,complete,,0.0,,,,
Patient_68,Origem_do Pronto Socorro,18327.40437022045,complete,,,do Pronto Socorro,18327.40437022045,,
Patient_68,CTI (PS),18327.40437022045,start,ctiBeds,0.0,,,,
Patient_68,CTI (PS),45201.29899592341,complete,ctiBeds,0.0,,,,
Patient_68,CTI prepara Encaminhamento,45201.29899592341,start,,0.0,,,,
Patient_68,CTI prepara Encaminhamento,45253.00909085452,complete,,0.0,,,,
Patient_68,Encaminha_Obito,45253.00909085452,complete,,,Obito,45253.00909085452,,
Patient_68,Discharge,45253.00909085452,complete,,,,,,26925.604720634066
Patient_680,Arrival,242167.20738849975,complete,,0.0,,,,
Patient_680,Origem_do Centro Cirurgico,242167.20738849975,complete,,,do Centro Cirurgico,242167.20738849975,,
Patient_680,CTI (CC),242167.20738849975,start,ctiBeds,0.0,,,,
Patient_680,CTI (CC),246062.1954443058,complete,ctiBeds,0.0,,,,
Patient_680,CTI prepara Encaminhamento,246062.1954443058,start,,0.0,,,,
Patient_680,CTI prepara Encaminhamento,246105.05393870844,complete,,0.0,,,,
Patient_680,Encaminha_para a Clinica Medica,246105.05393870844,complete,,,para a Clinica Medica,246105.05393870844,,
Patient_680,Discharge,246105.05393870844,complete,,,,,,3937.846550208691
Patient_681,Arrival,242365.63416807159,complete,,0.0,,,,
Patient_681,Origem_do Centro Cirurgico,242365.63416807159,complete,,,do Centro Cirurgico,242365.63416807159,,
Patient_681,CTI (CC),242365.63416807159,start,ctiBeds,0.0,,,,
Patient_681,CTI (CC),313376.89261864166,complete,ctiBeds,0.0,,,,
Patient_681,CTI prepara Encaminhamento,313376.89261864166,start,,0.0,,,,
Patient_681,CTI prepara Encaminhamento,313426.44123727997,complete,,0.0,,,,
Patient_681,Encaminha_Obito,313426.44123727997,complete,,,Obito,313426.44123727997,,
Patient_681,Discharge,313426.44123727997,complete,,,,,,71060.80706920839
Patient_682,Arrival,242797.53403104193,complete,,0.0,,,,
Patient_682,Origem_do Centro Cirurgico,242797.53403104193,complete,,,do Centro Cirurgico,242797.53403104193,,
Patient_682,CTI (CC),242797.53403104193,start,ctiBeds,0.0,,,,
Patient_682,CTI (CC),251282.75945685874,complete,ctiBeds,0.0,,,,
Patient_682,CTI prepara Encaminhamento,251282.75945685874,start,,0.0,,,,
Patient_682,CTI prepara Encaminhamento,251330.817091791,complete,,0.0,,,,
Patient_682,Encaminha_para o Centro Cirurgico,251330.817091791,complete,,,para o Centro Cirurgico,251330.817091791,,
Patient_682,Discharge,251330.817091791,complete,,,,,,8533.283060749061
Patient_683,Arrival,242909.4052914537,complete,,0.0,,,,
Patient_683,Origem_do Pronto Socorro,242909.4052914537,complete,,,do Pronto Socorro,242909.4052914537,,
Patient_683,CTI (PS),242909.4052914537,start,ctiBeds,0.0,,,,
Patient_683,CTI (PS),266175.1705671987,complete,ctiBeds,0.0,,,,
Patient_683,CTI prepara Encaminhamento,266175.1705671987,start,,0.0,,,,
Patient_683,CTI prepara Encaminhamento,266225.6791111975,complete,,0.0,,,,
Patient_683,Encaminha_Obito,266225.6791111975,complete,,,Obito,266225.6791111975,,
Patient_683,Discharge,266225.6791111975,complete,,,,,,23316.273819743772
Patient_684,Arrival,243437.01494227804,complete,,0.0,,,,
Patient_684,Origem_do Pronto Socorro,243437.01494227804,complete,,,do Pronto Socorro,243437.01494227804,,
Patient_684,CTI (PS),243437.01494227804,start,ctiBeds,0.0,,,,
Patient_684,CTI (PS),251327.91689753477,complete,ctiBeds,0.0,,,,
Patient_684,CTI prepara Encaminhamento,251327.91689753477,start,,0.0,,,,
Patient_684,CTI prepara Encaminhamento,251366.88026844084,complete,,0.0,,,,
Patient_684,Encaminha_para a Clinica Cirurgica,251366.88026844084,complete,,,para a Clinica Cirurgica,251366.88026844084,,
Patient_684,Discharge,251366.88026844084,complete,,,,,,7929.865326162806
Patient_685,Arrival,243771.2346840397,complete,,0.0,,,,
Patient_685,Origem_do Pronto Socorro,243771.2346840397,complete,,,do Pronto Socorro,243771.2346840397,,
Patient_685,CTI (PS),243771.2346840397,start,ctiBeds,0.0,,,,
Patient_685,CTI (PS),252178.7006295851,complete,ctiBeds,0.0,,,,
Patient_685,CTI prepara Encaminhamento,252178.7006295851,start,,0.0,,,,
Patient_685,CTI prepara Encaminhamento,252217.24256371663,complete,,0.0,,,,
Patient_685,Encaminha_para a Clinica Medica,252217.24256371663,complete,,,para a Clinica Medica,252217.24256371663,,
Patient_685,Discharge,252217.24256371663,complete,,,,,,8446.007879676938
Patient_686,Arrival,244569.14007597524,complete,,0.0,,,,
Patient_686,Origem_do Pronto Socorro,244569.14007597524,complete,,,do Pronto Socorro,244569.14007597524,,
Patient_686,CTI (PS),244569.14007597524,start,ctiBeds,0.0,,,,
Patient_686,CTI (PS),263875.65405791195,complete,ctiBeds,0.0,,,,
Patient_686,CTI prepara Encaminhamento,263875.65405791195,start,,0.0,,,,
Patient_686,CTI prepara Encaminhamento,263915.54903615545,complete,,0.0,,,,
Patient_686,Encaminha_Obito,263915.54903615545,complete,,,Obito,263915.54903615545,,
Patient_686,Discharge,263915.54903615545,complete,,,,,,19346.40896018021
Patient_687,Arrival,244779.43220431323,complete,,0.0,,,,
Patient_687,Origem_do Centro Cirurgico,244779.43220431323,complete,,,do Centro Cirurgico,244779.43220431323,,
Patient_687,CTI (CC),244779.43220431323,start,ctiBeds,0.0,,,,
Patient_687,CTI (CC),246033.18154439333,complete,ctiBeds,0.0,,,,
Patient_687,CTI prepara Encaminhamento,246033.18154439333,start,,0.0,,,,
Patient_687,CTI prepara Encaminhamento,246091.03250301955,complete,,0.0,,,,
Patient_687,Encaminha_Obito,246091.03250301955,complete,,,Obito,246091.03250301955,,
Patient_687,Discharge,246091.03250301955,complete,,,,,,1311.6002987063257
Patient_688,Arrival,244916.89293449704,complete,,0.0,,,,
Patient_688,Origem_do Pronto Socorro,244916.89293449704,complete,,,do Pronto Socorro,244916.89293449704,,
Patient_688,CTI (PS),244916.89293449704,start,ctiBeds,0.0,,,,
Patient_688,CTI (PS),280852.3143357306,complete,ctiBeds,0.0,,,,
Patient_688,CTI prepara Encaminhamento,280852.3143357306,start,,0.0,,,,
Patient_688,CTI prepara Encaminhamento,280900.15477666527,complete,,0.0,,,,
Patient_688,Encaminha_para a Clinica Medica,280900.15477666527,complete,,,para a Clinica Medica,280900.15477666527,,
Patient_688,Discharge,280900.15477666527,complete,,,,,,35983.26184216823
Patient_689,Arrival,244956.62747491372,complete,,0.0,,,,
Patient_689,Origem_do Centro Cirurgico,244956.62747491372,complete,,,do Centro Cirurgico,244956.62747491372,,
Patient_689,CTI (CC),244956.62747491372,start,ctiBeds,0.0,,,,
Patient_689,CTI (CC),273907.40549677674,complete,ctiBeds,0.0,,,,
Patient_689,CTI prepara Encaminhamento,273907.40549677674,start,,0.0,,,,
Patient_689,CTI prepara Encaminhamento,273953.5563609791,complete,,0.0,,,,
Patient_689,Encaminha_Transferencia Externa,273953.5563609791,complete,,,Transferencia Externa,273953.5563609791,,
Patient_689,Discharge,273953.5563609791,complete,,,,,,28996.928886065376
Patient_69,Arrival,18330.919861213875,complete,,0.0,,,,
Patient_69,Origem_do Centro Cirurgico,18330.919861213875,complete,,,do Centro Cirurgico,18330.919861213875,,
Patient_69,CTI (CC),18330.919861213875,start,ctiBeds,0.0,,,,
Patient_69,CTI (CC),44832.81993725779,complete,ctiBeds,0.0,,,,
Patient_69,CTI prepara Encaminhamento,44832.81993725779,start,,0.0,,,,
Patient_69,CTI prepara Encaminhamento,44889.97047610271,complete,,0.0,,,,
Patient_69,Encaminha_para a Clinica Medica,44889.97047610271,complete,,,para a Clinica Medica,44889.97047610271,,
Patient_69,Discharge,44889.97047610271,complete,,,,,,26559.050614888834
Patient_690,Arrival,246436.05767718315,complete,,0.0,,,,
Patient_690,Origem_do Pronto Socorro,246436.05767718315,complete,,,do Pronto Socorro,246436.05767718315,,
Patient_690,CTI (PS),246436.05767718315,start,ctiBeds,0.0,,,,
Patient_690,CTI (PS),250585.45765999204,complete,ctiBeds,0.0,,,,
Patient_690,CTI prepara Encaminhamento,250585.45765999204,start,,0.0,,,,
Patient_690,CTI prepara Encaminhamento,250640.56000236596,complete,,0.0,,,,
Patient_690,Encaminha_para a Clinica Cirurgica,250640.56000236596,complete,,,para a Clinica Cirurgica,250640.56000236596,,
Patient_690,Discharge,250640.56000236596,complete,,,,,,4204.50232518281
Patient_691,Arrival,246955.69407639184,complete,,0.0,,,,
Patient_691,Origem_do Centro Cirurgico,246955.69407639184,complete,,,do Centro Cirurgico,246955.69407639184,,
Patient_691,CTI (CC),246955.69407639184,start,ctiBeds,0.0,,,,
Patient_691,CTI (CC),251284.72688349403,complete,ctiBeds,0.0,,,,
Patient_691,CTI prepara Encaminhamento,251284.72688349403,start,,0.0,,,,
Patient_691,CTI prepara Encaminhamento,251322.47607848255,complete,,0.0,,,,
Patient_691,Encaminha_para a Clinica Medica,251322.47607848255,complete,,,para a Clinica Medica,251322.47607848255,,
Patient_691,Discharge,251322.47607848255,complete,,,,,,4366.782002090709
Patient_692,Arrival,247776.03347499718,complete,,0.0,,,,
Patient_692,Origem_do Pronto Socorro,247776.03347499718,complete,,,do Pronto Socorro,247776.03347499718,,
Patient_692,CTI (PS),247776.03347499718,start,ctiBeds,0.0,,,,
Patient_692,CTI (PS),254679.59286600124,complete,ctiBeds,0.0,,,,
Patient_692,CTI prepara Encaminhamento,254679.59286600124,start,,0.0,,,,
Patient_692,CTI prepara Encaminhamento,254731.55845320696,complete,,0.0,,,,
Patient_692,Encaminha_para a Clinica Cirurgica,254731.55845320696,complete,,,para a Clinica Cirurgica,254731.55845320696,,
Patient_692,Discharge,254731.55845320696,complete,,,,,,6955.524978209782
Patient_693,Arrival,248779.49178632782,complete,,0.0,,,,
Patient_693,Origem_da Clinica Medica,248779.49178632782,complete,,,da Clinica Medica,248779.49178632782,,
Patient_693,CTI (CLIM),248779.49178632782,start,ctiBeds,0.0,,,,
Patient_693,CTI (CLIM),262584.98680177546,complete,ctiBeds,0.0,,,,
Patient_693,CTI prepara Encaminhamento,262584.98680177546,start,,0.0,,,,
Patient_693,CTI prepara Encaminhamento,262631.98484224884,complete,,0.0,,,,
Patient_693,Encaminha_Transferencia Externa,262631.98484224884,complete,,,Transferencia Externa,262631.98484224884,,
Patient_693,Discharge,262631.98484224884,complete,,,,,,13852.493055921019
Patient_694,Arrival,248781.84949261454,complete,,0.0,,,,
Patient_694,Origem_do Centro Cirurgico,248781.84949261454,complete,,,do Centro Cirurgico,248781.84949261454,,
Patient_694,CTI (CC),248781.84949261454,start,ctiBeds,0.0,,,,
Patient_694,CTI (CC),259421.62161788854,complete,ctiBeds,0.0,,,,
Patient_694,CTI prepara Encaminhamento,259421.62161788854,start,,0.0,,,,
Patient_694,CTI prepara Encaminhamento,259461.37740147123,complete,,0.0,,,,
Patient_694,Encaminha_para a Clinica Medica,259461.37740147123,complete,,,para a Clinica Medica,259461.37740147123,,
Patient_694,Discharge,259461.37740147123,complete,,,,,,10679.52790885669
Patient_695,Arrival,248875.91759626707,complete,,0.0,,,,
Patient_695,Origem_do Centro Cirurgico,248875.91759626707,complete,,,do Centro Cirurgico,248875.91759626707,,
Patient_695,CTI (CC),248875.91759626707,start,ctiBeds,0.0,,,,
Patient_695,CTI (CC),297862.2982971744,complete,ctiBeds,0.0,,,,
Patient_695,CTI prepara Encaminhamento,297862.2982971744,start,,0.0,,,,
Patient_695,CTI prepara Encaminhamento,297911.67547285097,complete,,0.0,,,,
Patient_695,Encaminha_para a Clinica Cirurgica,297911.67547285097,complete,,,para a Clinica Cirurgica,297911.67547285097,,
Patient_695,Discharge,297911.67547285097,complete,,,,,,49035.7578765839
Patient_696,Arrival,249036.73189727636,complete,,0.0,,,,
Patient_696,Origem_do Centro Cirurgico,249036.73189727636,complete,,,do Centro Cirurgico,249036.73189727636,,
Patient_696,CTI (CC),249036.73189727636,start,ctiBeds,0.0,,,,
Patient_696,CTI (CC),288214.2017813169,complete,ctiBeds,0.0,,,,
Patient_696,CTI prepara Encaminhamento,288214.2017813169,start,,0.0,,,,
Patient_696,CTI prepara Encaminhamento,288256.7129083728,complete,,0.0,,,,
Patient_696,Encaminha_para a Clinica Cirurgica,288256.7129083728,complete,,,para a Clinica Cirurgica,288256.7129083728,,
Patient_696,Discharge,288256.7129083728,complete,,,,,,39219.981011096446
Patient_697,Arrival,249232.1334522753,complete,,0.0,,,,
Patient_697,Origem_do Pronto Socorro,249232.1334522753,complete,,,do Pronto Socorro,249232.1334522753,,
Patient_697,CTI (PS),249232.1334522753,start,ctiBeds,0.0,,,,
Patient_697,CTI (PS),263744.2824424804,complete,ctiBeds,0.0,,,,
Patient_697,CTI prepara Encaminhamento,263744.2824424804,start,,0.0,,,,
Patient_697,CTI prepara Encaminhamento,263787.91114493075,complete,,0.0,,,,
Patient_697,Encaminha_Obito,263787.91114493075,complete,,,Obito,263787.91114493075,,
Patient_697,Discharge,263787.91114493075,complete,,,,,,14555.77769265545
Patient_698,Arrival,249511.1090020333,complete,,0.0,,,,
Patient_698,Origem_do Pronto Socorro,249511.1090020333,complete,,,do Pronto Socorro,249511.1090020333,,
Patient_698,CTI (PS),249511.1090020333,start,ctiBeds,0.0,,,,
Patient_698,CTI (PS),257574.91837503767,complete,ctiBeds,0.0,,,,
Patient_698,CTI prepara Encaminhamento,257574.91837503767,start,,0.0,,,,
Patient_698,CTI prepara Encaminhamento,257624.442256189,complete,,0.0,,,,
Patient_698,Encaminha_Obito,257624.442256189,complete,,,Obito,257624.442256189,,
Patient_698,Discharge,257624.442256189,complete,,,,,,8113.333254155703
Patient_699,Arrival,249863.8252967574,complete,,0.0,,,,
Patient_699,Origem_do Centro Cirurgico,249863.8252967574,complete,,,do Centro Cirurgico,249863.8252967574,,
Patient_699,CTI (CC),249863.8252967574,start,ctiBeds,0.0,,,,
Patient_699,CTI (CC),250390.64060047024,complete,ctiBeds,0.0,,,,
Patient_699,CTI prepara Encaminhamento,250390.64060047024,start,,0.0,,,,
Patient_699,CTI prepara Encaminhamento,250437.75141281355,complete,,0.0,,,,
Patient_699,Encaminha_para a Clinica Cirurgica,250437.75141281355,complete,,,para a Clinica Cirurgica,250437.75141281355,,
Patient_699,Discharge,250437.75141281355,complete,,,,,,573.9261160561582
Patient_7,Arrival,1628.1555582058668,complete,,0.0,,,,
Patient_7,Origem_da Clinica Cirurgica,1628.1555582058668,complete,,,da Clinica Cirurgica,1628.1555582058668,,
Patient_7,CTI (CLIC),1628.1555582058668,start,ctiBeds,0.0,,,,
Patient_7,CTI (CLIC),11427.926154263248,complete,ctiBeds,0.0,,,,
Patient_7,CTI prepara Encaminhamento,11427.926154263248,start,,0.0,,,,
Patient_7,CTI prepara Encaminhamento,11481.201657771833,complete,,0.0,,,,
Patient_7,Encaminha_para a Clinica Cirurgica,11481.201657771833,complete,,,para a Clinica Cirurgica,11481.201657771833,,
Patient_7,Discharge,11481.201657771833,complete,,,,,,9853.046099565967
Patient_70,Arrival,18802.14797754025,complete,,0.0,,,,
Patient_70,Origem_do Pronto Socorro,18802.14797754025,complete,,,do Pronto Socorro,18802.14797754025,,
Patient_70,CTI (PS),18802.14797754025,start,ctiBeds,0.0,,,,
Patient_70,CTI (PS),32150.048899647314,complete,ctiBeds,0.0,,,,
Patient_70,CTI prepara Encaminhamento,32150.048899647314,start,,0.0,,,,
Patient_70,CTI prepara Encaminhamento,32189.80154521919,complete,,0.0,,,,
Patient_70,Encaminha_para o Centro Cirurgico,32189.80154521919,complete,,,para o Centro Cirurgico,32189.80154521919,,
Patient_70,Discharge,32189.80154521919,complete,,,,,,13387.653567678939
Patient_700,Arrival,250274.24090225468,complete,,0.0,,,,
Patient_700,Origem_do Centro Cirurgico,250274.24090225468,complete,,,do Centro Cirurgico,250274.24090225468,,
Patient_700,CTI (CC),250274.24090225468,start,ctiBeds,0.0,,,,
Patient_700,CTI (CC),265405.2091001542,complete,ctiBeds,0.0,,,,
Patient_700,CTI prepara Encaminhamento,265405.2091001542,start,,0.0,,,,
Patient_700,CTI prepara Encaminhamento,265461.7391301603,complete,,0.0,,,,
Patient_700,Encaminha_para a Clinica Cirurgica,265461.7391301603,complete,,,para a Clinica Cirurgica,265461.7391301603,,
Patient_700,Discharge,265461.7391301603,complete,,,,,,15187.498227905628
Patient_701,Arrival,250596.49981765164,complete,,0.0,,,,
Patient_701,Origem_do Centro Cirurgico,250596.49981765164,complete,,,do Centro Cirurgico,250596.49981765164,,
Patient_701,CTI (CC),250596.49981765164,start,ctiBeds,0.0,,,,
Patient_701,CTI (CC),254116.28379490064,complete,ctiBeds,0.0,,,,
Patient_701,CTI prepara Encaminhamento,254116.28379490064,start,,0.0,,,,
Patient_701,CTI prepara Encaminhamento,254166.48059318334,complete,,0.0,,,,
Patient_701,Encaminha_para a Clinica Medica,254166.48059318334,complete,,,para a Clinica Medica,254166.48059318334,,
Patient_701,Discharge,254166.48059318334,complete,,,,,,3569.9807755317015
Patient_702,Arrival,251184.87703641047,complete,,0.0,,,,
Patient_702,Origem_do Centro Cirurgico,251184.87703641047,complete,,,do Centro Cirurgico,251184.87703641047,,
Patient_702,CTI (CC),251184.87703641047,start,ctiBeds,0.0,,,,
Patient_702,CTI (CC),256444.7330992625,complete,ctiBeds,0.0,,,,
Patient_702,CTI prepara Encaminhamento,256444.7330992625,start,,0.0,,,,
Patient_702,CTI prepara Encaminhamento,256490.11626023965,complete,,0.0,,,,
Patient_702,Encaminha_para a Clinica Medica,256490.11626023965,complete,,,para a Clinica Medica,256490.11626023965,,
Patient_702,Discharge,256490.11626023965,complete,,,,,,5305.2392238291795
Patient_703,Arrival,251572.65957857974,complete,,0.0,,,,
Patient_703,Origem_do Centro Cirurgico,251572.65957857974,complete,,,do Centro Cirurgico,251572.65957857974,,
Patient_703,CTI (CC),251572.65957857974,start,ctiBeds,0.0,,,,
Patient_703,CTI (CC),260016.35736165103,complete,ctiBeds,0.0,,,,
Patient_703,CTI prepara Encaminhamento,260016.35736165103,start,,0.0,,,,
Patient_703,CTI prepara Encaminhamento,260056.45648796082,complete,,0.0,,,,
Patient_703,Encaminha_Obito,260056.45648796082,complete,,,Obito,260056.45648796082,,
Patient_703,Discharge,260056.45648796082,complete,,,,,,8483.796909381083
Patient_704,Arrival,252399.28503705806,complete,,0.0,,,,
Patient_704,Origem_do Pronto Socorro,252399.28503705806,complete,,,do Pronto Socorro,252399.28503705806,,
Patient_704,CTI (PS),252399.28503705806,start,ctiBeds,0.0,,,,
Patient_704,CTI (PS),254418.54040652863,complete,ctiBeds,0.0,,,,
Patient_704,CTI prepara Encaminhamento,254418.54040652863,start,,0.0,,,,
Patient_704,CTI prepara Encaminhamento,254478.2000747234,complete,,0.0,,,,
Patient_704,Encaminha_para a Clinica Cirurgica,254478.2000747234,complete,,,para a Clinica Cirurgica,254478.2000747234,,
Patient_704,Discharge,254478.2000747234,complete,,,,,,2078.9150376653415
Patient_705,Arrival,252415.9364378612,complete,,0.0,,,,
Patient_705,Origem_do Pronto Socorro,252415.9364378612,complete,,,do Pronto Socorro,252415.9364378612,,
Patient_705,CTI (PS),252415.9364378612,start,ctiBeds,0.0,,,,
Patient_705,CTI (PS),263487.1241871606,complete,ctiBeds,0.0,,,,
Patient_705,CTI prepara Encaminhamento,263487.1241871606,start,,0.0,,,,
Patient_705,CTI prepara Encaminhamento,263544.0000980169,complete,,0.0,,,,
Patient_705,Encaminha_para a Clinica Cirurgica,263544.0000980169,complete,,,para a Clinica Cirurgica,263544.0000980169,,
Patient_705,Discharge,263544.0000980169,complete,,,,,,11128.06366015572
Patient_706,Arrival,252464.35824665136,complete,,0.0,,,,
Patient_706,Origem_do Pronto Socorro,252464.35824665136,complete,,,do Pronto Socorro,252464.35824665136,,
Patient_706,CTI (PS),252464.35824665136,start,ctiBeds,0.0,,,,
Patient_706,CTI (PS),292778.6997666152,complete,ctiBeds,0.0,,,,
Patient_706,CTI prepara Encaminhamento,292778.6997666152,start,,0.0,,,,
Patient_706,CTI prepara Encaminhamento,292833.34917004843,complete,,0.0,,,,
Patient_706,Encaminha_para a Clinica Medica,292833.34917004843,complete,,,para a Clinica Medica,292833.34917004843,,
Patient_706,Discharge,292833.34917004843,complete,,,,,,40368.99092339707
Patient_707,Arrival,252703.57032316847,complete,,0.0,,,,
Patient_707,Origem_do Centro Cirurgico,252703.57032316847,complete,,,do Centro Cirurgico,252703.57032316847,,
Patient_707,CTI (CC),252703.57032316847,start,ctiBeds,0.0,,,,
Patient_707,CTI (CC),308733.52232458116,complete,ctiBeds,0.0,,,,
Patient_707,CTI prepara Encaminhamento,308733.52232458116,start,,0.0,,,,
Patient_707,CTI prepara Encaminhamento,308779.70313347905,complete,,0.0,,,,
Patient_707,Encaminha_Obito,308779.70313347905,complete,,,Obito,308779.70313347905,,
Patient_707,Discharge,308779.70313347905,complete,,,,,,56076.13281031058
Patient_708,Arrival,252712.55147770635,complete,,0.0,,,,
Patient_708,Origem_da Clinica Medica,252712.55147770635,complete,,,da Clinica Medica,252712.55147770635,,
Patient_708,CTI (CLIM),252712.55147770635,start,ctiBeds,0.0,,,,
Patient_708,CTI (CLIM),280496.1904643806,complete,ctiBeds,0.0,,,,
Patient_708,CTI prepara Encaminhamento,280496.1904643806,start,,0.0,,,,
Patient_708,CTI prepara Encaminhamento,280535.54306943103,complete,,0.0,,,,
Patient_708,Encaminha_para a Clinica Cirurgica,280535.54306943103,complete,,,para a Clinica Cirurgica,280535.54306943103,,
Patient_708,Discharge,280535.54306943103,complete,,,,,,27822.991591724684
Patient_709,Arrival,253494.8341338358,complete,,0.0,,,,
Patient_709,Origem_da Clinica Cirurgica,253494.8341338358,complete,,,da Clinica Cirurgica,253494.8341338358,,
Patient_709,CTI (CLIC),253494.8341338358,start,ctiBeds,0.0,,,,
Patient_709,CTI (CLIC),255081.50832124942,complete,ctiBeds,0.0,,,,
Patient_709,CTI prepara Encaminhamento,255081.50832124942,start,,0.0,,,,
Patient_709,CTI prepara Encaminhamento,255132.64038160697,complete,,0.0,,,,
Patient_709,Encaminha_Obito,255132.64038160697,complete,,,Obito,255132.64038160697,,
Patient_709,Discharge,255132.64038160697,complete,,,,,,1637.8062477711646
Patient_71,Arrival,19447.684304550385,complete,,0.0,,,,
Patient_71,Origem_do Centro Cirurgico,19447.684304550385,complete,,,do Centro Cirurgico,19447.684304550385,,
Patient_71,CTI (CC),19447.684304550385,start,ctiBeds,0.0,,,,
Patient_71,CTI (CC),20100.812770845412,complete,ctiBeds,0.0,,,,
Patient_71,CTI prepara Encaminhamento,20100.812770845412,start,,0.0,,,,
Patient_71,CTI prepara Encaminhamento,20149.881523148746,complete,,0.0,,,,
Patient_71,Encaminha_para a Clinica Medica,20149.881523148746,complete,,,para a Clinica Medica,20149.881523148746,,
Patient_71,Discharge,20149.881523148746,complete,,,,,,702.1972185983614
Patient_710,Arrival,254084.36153413713,complete,,0.0,,,,
Patient_710,Origem_do Centro Cirurgico,254084.36153413713,complete,,,do Centro Cirurgico,254084.36153413713,,
Patient_710,CTI (CC),254084.36153413713,start,ctiBeds,0.0,,,,
Patient_710,CTI (CC),255281.02404263042,complete,ctiBeds,0.0,,,,
Patient_710,CTI prepara Encaminhamento,255281.02404263042,start,,0.0,,,,
Patient_710,CTI prepara Encaminhamento,255334.82502051065,complete,,0.0,,,,
Patient_710,Encaminha_para a Clinica Cirurgica,255334.82502051065,complete,,,para a Clinica Cirurgica,255334.82502051065,,
Patient_710,Discharge,255334.82502051065,complete,,,,,,1250.4634863735118
Patient_711,Arrival,254553.3072745733,complete,,0.0,,,,
Patient_711,Origem_do Pronto Socorro,254553.3072745733,complete,,,do Pronto Socorro,254553.3072745733,,
Patient_711,CTI (PS),254553.3072745733,start,ctiBeds,0.0,,,,
Patient_711,CTI (PS),264290.67003198765,complete,ctiBeds,0.0,,,,
Patient_711,CTI prepara Encaminhamento,264290.67003198765,start,,0.0,,,,
Patient_711,CTI prepara Encaminhamento,264349.28534039174,complete,,0.0,,,,
Patient_711,Encaminha_para a Clinica Medica,264349.28534039174,complete,,,para a Clinica Medica,264349.28534039174,,
Patient_711,Discharge,264349.28534039174,complete,,,,,,9795.978065818432
Patient_712,Arrival,255366.08805840023,complete,,0.0,,,,
Patient_712,Origem_do Pronto Socorro,255366.08805840023,complete,,,do Pronto Socorro,255366.08805840023,,
Patient_712,CTI (PS),255366.08805840023,start,ctiBeds,0.0,,,,
Patient_712,CTI (PS),255983.23027849887,complete,ctiBeds,0.0,,,,
Patient_712,CTI prepara Encaminhamento,255983.23027849887,start,,0.0,,,,
Patient_712,CTI prepara Encaminhamento,256040.6171428992,complete,,0.0,,,,
Patient_712,Encaminha_para a Clinica Medica,256040.6171428992,complete,,,para a Clinica Medica,256040.6171428992,,
Patient_712,Discharge,256040.6171428992,complete,,,,,,674.529084498965
Patient_713,Arrival,256363.73729307708,complete,,0.0,,,,
Patient_713,Origem_do Pronto Socorro,256363.73729307708,complete,,,do Pronto Socorro,256363.73729307708,,
Patient_713,CTI (PS),256363.73729307708,start,ctiBeds,0.0,,,,
Patient_713,CTI (PS),272316.1921029831,complete,ctiBeds,0.0,,,,
Patient_713,CTI prepara Encaminhamento,272316.1921029831,start,,0.0,,,,
Patient_713,CTI prepara Encaminhamento,272358.2802702208,complete,,0.0,,,,
Patient_713,Encaminha_Transferencia Externa,272358.2802702208,complete,,,Transferencia Externa,272358.2802702208,,
Patient_713,Discharge,272358.2802702208,complete,,,,,,15994.542977143748
Patient_714,Arrival,257463.86738616918,complete,,0.0,,,,
Patient_714,Origem_da Clinica Medica,257463.86738616918,complete,,,da Clinica Medica,257463.86738616918,,
Patient_714,CTI (CLIM),257463.86738616918,start,ctiBeds,0.0,,,,
Patient_714,CTI (CLIM),260903.07351834854,complete,ctiBeds,0.0,,,,
Patient_714,CTI prepara Encaminhamento,260903.07351834854,start,,0.0,,,,
Patient_714,CTI prepara Encaminhamento,260948.1598985951,complete,,0.0,,,,
Patient_714,Encaminha_para a Clinica Cirurgica,260948.1598985951,complete,,,para a Clinica Cirurgica,260948.1598985951,,
Patient_714,Discharge,260948.1598985951,complete,,,,,,3484.29251242592
Patient_715,Arrival,258073.07491122955,complete,,0.0,,,,
Patient_715,Origem_do Pronto Socorro,258073.07491122955,complete,,,do Pronto Socorro,258073.07491122955,,
Patient_715,CTI (PS),258073.07491122955,start,ctiBeds,0.0,,,,
Patient_715,CTI (PS),270155.88632811623,complete,ctiBeds,0.0,,,,
Patient_715,CTI prepara Encaminhamento,270155.88632811623,start,,0.0,,,,
Patient_715,CTI prepara Encaminhamento,270211.5727353225,complete,,0.0,,,,
Patient_715,Encaminha_para a Clinica Medica,270211.5727353225,complete,,,para a Clinica Medica,270211.5727353225,,
Patient_715,Discharge,270211.5727353225,complete,,,,,,12138.497824092978
Patient_716,Arrival,258168.50499559572,complete,,0.0,,,,
Patient_716,Origem_da Clinica Cirurgica,258168.50499559572,complete,,,da Clinica Cirurgica,258168.50499559572,,
Patient_716,CTI (CLIC),258168.50499559572,start,ctiBeds,0.0,,,,
Patient_716,CTI (CLIC),261883.17819214714,complete,ctiBeds,0.0,,,,
Patient_716,CTI prepara Encaminhamento,261883.17819214714,start,,0.0,,,,
Patient_716,CTI prepara Encaminhamento,261940.33285278705,complete,,0.0,,,,
Patient_716,Encaminha_para a Clinica Cirurgica,261940.33285278705,complete,,,para a Clinica Cirurgica,261940.33285278705,,
Patient_716,Discharge,261940.33285278705,complete,,,,,,3771.827857191325
Patient_717,Arrival,258456.17303298129,complete,,0.0,,,,
Patient_717,Origem_da Clinica Medica,258456.17303298129,complete,,,da Clinica Medica,258456.17303298129,,
Patient_717,CTI (CLIM),258456.17303298129,start,ctiBeds,0.0,,,,
Patient_717,CTI (CLIM),271842.32278302213,complete,ctiBeds,0.0,,,,
Patient_717,CTI prepara Encaminhamento,271842.32278302213,start,,0.0,,,,
Patient_717,CTI prepara Encaminhamento,271883.5059280874,complete,,0.0,,,,
Patient_717,Encaminha_para a Clinica Cirurgica,271883.5059280874,complete,,,para a Clinica Cirurgica,271883.5059280874,,
Patient_717,Discharge,271883.5059280874,complete,,,,,,13427.332895106112
Patient_718,Arrival,258682.14702490158,complete,,0.0,,,,
Patient_718,Origem_do Pronto Socorro,258682.14702490158,complete,,,do Pronto Socorro,258682.14702490158,,
Patient_718,CTI (PS),258682.14702490158,start,ctiBeds,0.0,,,,
Patient_718,CTI (PS),267648.84118962527,complete,ctiBeds,0.0,,,,
Patient_718,CTI prepara Encaminhamento,267648.84118962527,start,,0.0,,,,
Patient_718,CTI prepara Encaminhamento,267703.02953520784,complete,,0.0,,,,
Patient_718,Encaminha_Obito,267703.02953520784,complete,,,Obito,267703.02953520784,,
Patient_718,Discharge,267703.02953520784,complete,,,,,,9020.882510306255
Patient_719,Arrival,259737.36914289123,complete,,0.0,,,,
Patient_719,Origem_do Pronto Socorro,259737.36914289123,complete,,,do Pronto Socorro,259737.36914289123,,
Patient_719,CTI (PS),259737.36914289123,start,ctiBeds,0.0,,,,
Patient_719,CTI (PS),261274.4340416747,complete,ctiBeds,0.0,,,,
Patient_719,CTI prepara Encaminhamento,261274.4340416747,start,,0.0,,,,
Patient_719,CTI prepara Encaminhamento,261317.09980955123,complete,,0.0,,,,
Patient_719,Encaminha_Obito,261317.09980955123,complete,,,Obito,261317.09980955123,,
Patient_719,Discharge,261317.09980955123,complete,,,,,,1579.7306666600052
Patient_72,Arrival,19612.18999515844,complete,,0.0,,,,
Patient_72,Origem_do Pronto Socorro,19612.18999515844,complete,,,do Pronto Socorro,19612.18999515844,,
Patient_72,CTI (PS),19612.18999515844,start,ctiBeds,0.0,,,,
Patient_72,CTI (PS),38044.1423404292,complete,ctiBeds,0.0,,,,
Patient_72,CTI prepara Encaminhamento,38044.1423404292,start,,0.0,,,,
Patient_72,CTI prepara Encaminhamento,38093.9343849466,complete,,0.0,,,,
Patient_72,Encaminha_Obito,38093.9343849466,complete,,,Obito,38093.9343849466,,
Patient_72,Discharge,38093.9343849466,complete,,,,,,18481.744389788164
Patient_720,Arrival,260863.9460940647,complete,,0.0,,,,
Patient_720,Origem_da Clinica Medica,260863.9460940647,complete,,,da Clinica Medica,260863.9460940647,,
Patient_720,CTI (CLIM),260863.9460940647,start,ctiBeds,0.0,,,,
Patient_720,CTI (CLIM),287220.6882536783,complete,ctiBeds,0.0,,,,
Patient_720,CTI prepara Encaminhamento,287220.6882536783,start,,0.0,,,,
Patient_720,CTI prepara Encaminhamento,287272.6982500398,complete,,0.0,,,,
Patient_720,Encaminha_para a Clinica Medica,287272.6982500398,complete,,,para a Clinica Medica,287272.6982500398,,
Patient_720,Discharge,287272.6982500398,complete,,,,,,26408.75215597506
Patient_721,Arrival,261115.64641832613,complete,,0.0,,,,
Patient_721,Origem_do Pronto Socorro,261115.64641832613,complete,,,do Pronto Socorro,261115.64641832613,,
Patient_721,CTI (PS),261115.64641832613,start,ctiBeds,0.0,,,,
Patient_721,CTI (PS),266658.4167560235,complete,ctiBeds,0.0,,,,
Patient_721,CTI prepara Encaminhamento,266658.4167560235,start,,0.0,,,,
Patient_721,CTI prepara Encaminhamento,266696.4294274907,complete,,0.0,,,,
Patient_721,Encaminha_para a Clinica Medica,266696.4294274907,complete,,,para a Clinica Medica,266696.4294274907,,
Patient_721,Discharge,266696.4294274907,complete,,,,,,5580.783009164559
Patient_722,Arrival,261350.17203296517,complete,,0.0,,,,
Patient_722,Origem_do Centro Cirurgico,261350.17203296517,complete,,,do Centro Cirurgico,261350.17203296517,,
Patient_722,CTI (CC),261350.17203296517,start,ctiBeds,0.0,,,,
Patient_722,CTI (CC),280842.84753979044,complete,ctiBeds,0.0,,,,
Patient_722,CTI prepara Encaminhamento,280842.84753979044,start,,0.0,,,,
Patient_722,CTI prepara Encaminhamento,280878.8396197392,complete,,0.0,,,,
Patient_722,Encaminha_para a Clinica Medica,280878.8396197392,complete,,,para a Clinica Medica,280878.8396197392,,
Patient_722,Discharge,280878.8396197392,complete,,,,,,19528.66758677404
Patient_723,Arrival,261698.1159313544,complete,,0.0,,,,
Patient_723,Origem_do Centro Cirurgico,261698.1159313544,complete,,,do Centro Cirurgico,261698.1159313544,,
Patient_723,CTI (CC),261698.1159313544,start,ctiBeds,0.0,,,,
Patient_723,CTI (CC),262758.09625852917,complete,ctiBeds,0.0,,,,
Patient_723,CTI prepara Encaminhamento,262758.09625852917,start,,0.0,,,,
Patient_723,CTI prepara Encaminhamento,262816.43252805655,complete,,0.0,,,,
Patient_723,Encaminha_para a Clinica Cirurgica,262816.43252805655,complete,,,para a Clinica Cirurgica,262816.43252805655,,
Patient_723,Discharge,262816.43252805655,complete,,,,,,1118.3165967021487
Patient_724,Arrival,262500.7244316778,complete,,0.0,,,,
Patient_724,Origem_do Centro Cirurgico,262500.7244316778,complete,,,do Centro Cirurgico,262500.7244316778,,
Patient_724,CTI (CC),262500.7244316778,start,ctiBeds,0.0,,,,
Patient_724,CTI (CC),265868.425204162,complete,ctiBeds,0.0,,,,
Patient_724,CTI prepara Encaminhamento,265868.425204162,start,,0.0,,,,
Patient_724,CTI prepara Encaminhamento,265911.11075296596,complete,,0.0,,,,
Patient_724,Encaminha_para a Clinica Medica,265911.11075296596,complete,,,para a Clinica Medica,265911.11075296596,,
Patient_724,Discharge,265911.11075296596,complete,,,,,,3410.3863212881843
Patient_725,Arrival,262561.99682609143,complete,,0.0,,,,
Patient_725,Origem_da Maternidade,262561.99682609143,complete,,,da Maternidade,262561.99682609143,,
Patient_725,CTI (MAT),262561.99682609143,start,ctiBeds,0.0,,,,
Patient_725,CTI (MAT),264577.9291858032,complete,ctiBeds,0.0,,,,
Patient_725,CTI prepara Encaminhamento,264577.9291858032,start,,0.0,,,,
Patient_725,CTI prepara Encaminhamento,264609.6430272064,complete,,0.0,,,,
Patient_725,Encaminha_para a Clinica Medica,264609.6430272064,complete,,,para a Clinica Medica,264609.6430272064,,
Patient_725,Discharge,264609.6430272064,complete,,,,,,2047.6462011149852
Patient_726,Arrival,262770.447492878,complete,,0.0,,,,
Patient_726,Origem_do Pronto Socorro,262770.447492878,complete,,,do Pronto Socorro,262770.447492878,,
Patient_726,CTI (PS),262770.447492878,start,ctiBeds,0.0,,,,
Patient_726,CTI (PS),283096.1880015178,complete,ctiBeds,0.0,,,,
Patient_726,CTI prepara Encaminhamento,283096.1880015178,start,,0.0,,,,
Patient_726,CTI prepara Encaminhamento,283142.9051001248,complete,,0.0,,,,
Patient_726,Encaminha_para a Clinica Medica,283142.9051001248,complete,,,para a Clinica Medica,283142.9051001248,,
Patient_726,Discharge,283142.9051001248,complete,,,,,,20372.45760724676
Patient_727,Arrival,262883.61105338595,complete,,0.0,,,,
Patient_727,Origem_do Centro Cirurgico,262883.61105338595,complete,,,do Centro Cirurgico,262883.61105338595,,
Patient_727,CTI (CC),262883.61105338595,start,ctiBeds,0.0,,,,
Patient_727,CTI (CC),262948.83720522857,complete,ctiBeds,0.0,,,,
Patient_727,CTI prepara Encaminhamento,262948.83720522857,start,,0.0,,,,
Patient_727,CTI prepara Encaminhamento,263006.8221193473,complete,,0.0,,,,
Patient_727,Encaminha_para a Clinica Cirurgica,263006.8221193473,complete,,,para a Clinica Cirurgica,263006.8221193473,,
Patient_727,Discharge,263006.8221193473,complete,,,,,,123.21106596133905
Patient_728,Arrival,262896.98327742756,complete,,0.0,,,,
Patient_728,Origem_do Pronto Socorro,262896.98327742756,complete,,,do Pronto Socorro,262896.98327742756,,
Patient_728,CTI (PS),262896.98327742756,start,ctiBeds,0.0,,,,
Patient_728,CTI (PS),265741.25488534913,complete,ctiBeds,0.0,,,,
Patient_728,CTI prepara Encaminhamento,265741.25488534913,start,,0.0,,,,
Patient_728,CTI prepara Encaminhamento,265795.5346474296,complete,,0.0,,,,
Patient_728,Encaminha_para a Clinica Cirurgica,265795.5346474296,complete,,,para a Clinica Cirurgica,265795.5346474296,,
Patient_728,Discharge,265795.5346474296,complete,,,,,,2898.5513700020383
Patient_729,Arrival,263001.3922217208,complete,,0.0,,,,
Patient_729,Origem_do Pronto Socorro,263001.3922217208,complete,,,do Pronto Socorro,263001.3922217208,,
Patient_729,CTI (PS),263001.3922217208,start,ctiBeds,0.0,,,,
Patient_729,CTI (PS),263518.2757818069,complete,ctiBeds,0.0,,,,
Patient_729,CTI prepara Encaminhamento,263518.2757818069,start,,0.0,,,,
Patient_729,CTI prepara Encaminhamento,263568.76258976775,complete,,0.0,,,,
Patient_729,Encaminha_para a Clinica Cirurgica,263568.76258976775,complete,,,para a Clinica Cirurgica,263568.76258976775,,
Patient_729,Discharge,263568.76258976775,complete,,,,,,567.3703680469771
Patient_73,Arrival,19655.944096023093,complete,,0.0,,,,
Patient_73,Origem_do Pronto Socorro,19655.944096023093,complete,,,do Pronto Socorro,19655.944096023093,,
Patient_73,CTI (PS),19655.944096023093,start,ctiBeds,0.0,,,,
Patient_73,CTI (PS),22840.491909581066,complete,ctiBeds,0.0,,,,
Patient_73,CTI prepara Encaminhamento,22840.491909581066,start,,0.0,,,,
Patient_73,CTI prepara Encaminhamento,22882.794396075955,complete,,0.0,,,,
Patient_73,Encaminha_Obito,22882.794396075955,complete,,,Obito,22882.794396075955,,
Patient_73,Discharge,22882.794396075955,complete,,,,,,3226.8503000528617
Patient_730,Arrival,263859.5053083702,complete,,0.0,,,,
Patient_730,Origem_do Pronto Socorro,263859.5053083702,complete,,,do Pronto Socorro,263859.5053083702,,
Patient_730,CTI (PS),263859.5053083702,start,ctiBeds,0.0,,,,
Patient_730,CTI (PS),311667.6955343595,complete,ctiBeds,0.0,,,,
Patient_730,CTI prepara Encaminhamento,311667.6955343595,start,,0.0,,,,
Patient_730,CTI prepara Encaminhamento,311712.03634400736,complete,,0.0,,,,
Patient_730,Encaminha_para a Clinica Medica,311712.03634400736,complete,,,para a Clinica Medica,311712.03634400736,,
Patient_730,Discharge,311712.03634400736,complete,,,,,,47852.531035637134
Patient_731,Arrival,263886.3386348828,complete,,0.0,,,,
Patient_731,Origem_do Pronto Socorro,263886.3386348828,complete,,,do Pronto Socorro,263886.3386348828,,
Patient_731,CTI (PS),263886.3386348828,start,ctiBeds,0.0,,,,
Patient_731,CTI (PS),274163.14300490316,complete,ctiBeds,0.0,,,,
Patient_731,CTI prepara Encaminhamento,274163.14300490316,start,,0.0,,,,
Patient_731,CTI prepara Encaminhamento,274204.910418539,complete,,0.0,,,,
Patient_731,Encaminha_Obito,274204.910418539,complete,,,Obito,274204.910418539,,
Patient_731,Discharge,274204.910418539,complete,,,,,,10318.571783656196
Patient_732,Arrival,263953.8864920737,complete,,0.0,,,,
Patient_732,Origem_do Pronto Socorro,263953.8864920737,complete,,,do Pronto Socorro,263953.8864920737,,
Patient_732,CTI (PS),263953.8864920737,start,ctiBeds,0.0,,,,
Patient_732,CTI (PS),274550.87236649997,complete,ctiBeds,0.0,,,,
Patient_732,CTI prepara Encaminhamento,274550.87236649997,start,,0.0,,,,
Patient_732,CTI prepara Encaminhamento,274591.52333534416,complete,,0.0,,,,
Patient_732,Encaminha_para a Clinica Medica,274591.52333534416,complete,,,para a Clinica Medica,274591.52333534416,,
Patient_732,Discharge,274591.52333534416,complete,,,,,,10637.636843270448
Patient_733,Arrival,264565.8404128618,complete,,0.0,,,,
Patient_733,Origem_do Pronto Socorro,264565.8404128618,complete,,,do Pronto Socorro,264565.8404128618,,
Patient_733,CTI (PS),264565.8404128618,start,ctiBeds,0.0,,,,
Patient_733,CTI (PS),272619.0266185324,complete,ctiBeds,0.0,,,,
Patient_733,CTI prepara Encaminhamento,272619.0266185324,start,,0.0,,,,
Patient_733,CTI prepara Encaminhamento,272658.9953296625,complete,,0.0,,,,
Patient_733,Encaminha_Transferencia Externa,272658.9953296625,complete,,,Transferencia Externa,272658.9953296625,,
Patient_733,Discharge,272658.9953296625,complete,,,,,,8093.154916800733
Patient_734,Arrival,264897.1739329566,complete,,0.0,,,,
Patient_734,Origem_do Pronto Socorro,264897.1739329566,complete,,,do Pronto Socorro,264897.1739329566,,
Patient_734,CTI (PS),264897.1739329566,start,ctiBeds,0.0,,,,
Patient_734,CTI (PS),283618.3493741808,complete,ctiBeds,0.0,,,,
Patient_734,CTI prepara Encaminhamento,283618.3493741808,start,,0.0,,,,
Patient_734,CTI prepara Encaminhamento,283649.4147479334,complete,,0.0,,,,
Patient_734,Encaminha_para a Clinica Cirurgica,283649.4147479334,complete,,,para a Clinica Cirurgica,283649.4147479334,,
Patient_734,Discharge,283649.4147479334,complete,,,,,,18752.2408149768
Patient_735,Arrival,265093.5687738298,complete,,0.0,,,,
Patient_735,Origem_do Centro Cirurgico,265093.5687738298,complete,,,do Centro Cirurgico,265093.5687738298,,
Patient_735,CTI (CC),265093.5687738298,start,ctiBeds,0.0,,,,
Patient_735,CTI (CC),303954.6771657713,complete,ctiBeds,0.0,,,,
Patient_735,CTI prepara Encaminhamento,303954.6771657713,start,,0.0,,,,
Patient_735,CTI prepara Encaminhamento,304007.04302083445,complete,,0.0,,,,
Patient_735,Encaminha_para a Clinica Medica,304007.04302083445,complete,,,para a Clinica Medica,304007.04302083445,,
Patient_735,Discharge,304007.04302083445,complete,,,,,,38913.47424700466
Patient_736,Arrival,265592.1508980921,complete,,0.0,,,,
Patient_736,Origem_do Pronto Socorro,265592.1508980921,complete,,,do Pronto Socorro,265592.1508980921,,
Patient_736,CTI (PS),265592.1508980921,start,ctiBeds,0.0,,,,
Patient_736,CTI (PS),280256.46815032803,complete,ctiBeds,0.0,,,,
Patient_736,CTI prepara Encaminhamento,280256.46815032803,start,,0.0,,,,
Patient_736,CTI prepara Encaminhamento,280296.54017994227,complete,,0.0,,,,
Patient_736,Encaminha_para a Clinica Medica,280296.54017994227,complete,,,para a Clinica Medica,280296.54017994227,,
Patient_736,Discharge,280296.54017994227,complete,,,,,,14704.389281850192
Patient_737,Arrival,265697.8948651367,complete,,0.0,,,,
Patient_737,Origem_do Centro Cirurgico,265697.8948651367,complete,,,do Centro Cirurgico,265697.8948651367,,
Patient_737,CTI (CC),265697.8948651367,start,ctiBeds,0.0,,,,
Patient_737,CTI (CC),266074.9418070098,complete,ctiBeds,0.0,,,,
Patient_737,CTI prepara Encaminhamento,266074.9418070098,start,,0.0,,,,
Patient_737,CTI prepara Encaminhamento,266107.37850888923,complete,,0.0,,,,
Patient_737,Encaminha_Obito,266107.37850888923,complete,,,Obito,266107.37850888923,,
Patient_737,Discharge,266107.37850888923,complete,,,,,,409.48364375252277
Patient_738,Arrival,266734.4072265965,complete,,0.0,,,,
Patient_738,Origem_do Centro Cirurgico,266734.4072265965,complete,,,do Centro Cirurgico,266734.4072265965,,
Patient_738,CTI (CC),266734.4072265965,start,ctiBeds,0.0,,,,
Patient_738,CTI (CC),311122.3448247472,complete,ctiBeds,0.0,,,,
Patient_738,CTI prepara Encaminhamento,311122.3448247472,start,,0.0,,,,
Patient_738,CTI prepara Encaminhamento,311157.75354701985,complete,,0.0,,,,
Patient_738,Encaminha_para a Clinica Medica,311157.75354701985,complete,,,para a Clinica Medica,311157.75354701985,,
Patient_738,Discharge,311157.75354701985,complete,,,,,,44423.346320423356
Patient_739,Arrival,267387.983385912,complete,,0.0,,,,
Patient_739,Origem_do Centro Cirurgico,267387.983385912,complete,,,do Centro Cirurgico,267387.983385912,,
Patient_739,CTI (CC),267387.983385912,start,ctiBeds,0.0,,,,
Patient_739,CTI (CC),289530.9673413958,complete,ctiBeds,0.0,,,,
Patient_739,CTI prepara Encaminhamento,289530.9673413958,start,,0.0,,,,
Patient_739,CTI prepara Encaminhamento,289582.7254740171,complete,,0.0,,,,
Patient_739,Encaminha_para a Clinica Medica,289582.7254740171,complete,,,para a Clinica Medica,289582.7254740171,,
Patient_739,Discharge,289582.7254740171,complete,,,,,,22194.742088105064
Patient_74,Arrival,20314.026050383818,complete,,0.0,,,,
Patient_74,Origem_do Centro Cirurgico,20314.026050383818,complete,,,do Centro Cirurgico,20314.026050383818,,
Patient_74,CTI (CC),20314.026050383818,start,ctiBeds,0.0,,,,
Patient_74,CTI (CC),22103.027134127824,complete,ctiBeds,0.0,,,,
Patient_74,CTI prepara Encaminhamento,22103.027134127824,start,,0.0,,,,
Patient_74,CTI prepara Encaminhamento,22149.076639842944,complete,,0.0,,,,
Patient_74,Encaminha_Obito,22149.076639842944,complete,,,Obito,22149.076639842944,,
Patient_74,Discharge,22149.076639842944,complete,,,,,,1835.050589459126
Patient_740,Arrival,267791.1637266082,complete,,0.0,,,,
Patient_740,Origem_do Pronto Socorro,267791.1637266082,complete,,,do Pronto Socorro,267791.1637266082,,
Patient_740,CTI (PS),267791.1637266082,start,ctiBeds,0.0,,,,
Patient_740,CTI (PS),282836.64928233007,complete,ctiBeds,0.0,,,,
Patient_740,CTI prepara Encaminhamento,282836.64928233007,start,,0.0,,,,
Patient_740,CTI prepara Encaminhamento,282879.0162147439,complete,,0.0,,,,
Patient_740,Encaminha_Obito,282879.0162147439,complete,,,Obito,282879.0162147439,,
Patient_740,Discharge,282879.0162147439,complete,,,,,,15087.852488135686
Patient_741,Arrival,267925.816753526,complete,,0.0,,,,
Patient_741,Origem_do Centro Cirurgico,267925.816753526,complete,,,do Centro Cirurgico,267925.816753526,,
Patient_741,CTI (CC),267925.816753526,start,ctiBeds,0.0,,,,
Patient_741,CTI (CC),273099.50840337964,complete,ctiBeds,0.0,,,,
Patient_741,CTI prepara Encaminhamento,273099.50840337964,start,,0.0,,,,
Patient_741,CTI prepara Encaminhamento,273152.5012793178,complete,,0.0,,,,
Patient_741,Encaminha_Obito,273152.5012793178,complete,,,Obito,273152.5012793178,,
Patient_741,Discharge,273152.5012793178,complete,,,,,,5226.6845257917885
Patient_742,Arrival,268334.39232011733,complete,,0.0,,,,
Patient_742,Origem_do Centro Cirurgico,268334.39232011733,complete,,,do Centro Cirurgico,268334.39232011733,,
Patient_742,CTI (CC),268334.39232011733,start,ctiBeds,0.0,,,,
Patient_742,CTI (CC),271839.2501598582,complete,ctiBeds,0.0,,,,
Patient_742,CTI prepara Encaminhamento,271839.2501598582,start,,0.0,,,,
Patient_742,CTI prepara Encaminhamento,271886.1288051123,complete,,0.0,,,,
Patient_742,Encaminha_para a Clinica Medica,271886.1288051123,complete,,,para a Clinica Medica,271886.1288051123,,
Patient_742,Discharge,271886.1288051123,complete,,,,,,3551.7364849949954
Patient_743,Arrival,268552.6494278304,complete,,0.0,,,,
Patient_743,Origem_do Pronto Socorro,268552.6494278304,complete,,,do Pronto Socorro,268552.6494278304,,
Patient_743,CTI (PS),268552.6494278304,start,ctiBeds,0.0,,,,
Patient_743,CTI (PS),268817.6414818072,complete,ctiBeds,0.0,,,,
Patient_743,CTI prepara Encaminhamento,268817.6414818072,start,,0.0,,,,
Patient_743,CTI prepara Encaminhamento,268875.3657020044,complete,,0.0,,,,
Patient_743,Encaminha_Transferencia Externa,268875.3657020044,complete,,,Transferencia Externa,268875.3657020044,,
Patient_743,Discharge,268875.3657020044,complete,,,,,,322.7162741739885
Patient_744,Arrival,269397.22870565474,complete,,0.0,,,,
Patient_744,Origem_do Centro Cirurgico,269397.22870565474,complete,,,do Centro Cirurgico,269397.22870565474,,
Patient_744,CTI (CC),269397.22870565474,start,ctiBeds,0.0,,,,
Patient_744,CTI (CC),276839.2021511038,complete,ctiBeds,0.0,,,,
Patient_744,CTI prepara Encaminhamento,276839.2021511038,start,,0.0,,,,
Patient_744,CTI prepara Encaminhamento,276889.44938826165,complete,,0.0,,,,
Patient_744,Encaminha_para a Clinica Cirurgica,276889.44938826165,complete,,,para a Clinica Cirurgica,276889.44938826165,,
Patient_744,Discharge,276889.44938826165,complete,,,,,,7492.220682606916
Patient_745,Arrival,269417.1504695415,complete,,0.0,,,,
Patient_745,Origem_do Centro Cirurgico,269417.1504695415,complete,,,do Centro Cirurgico,269417.1504695415,,
Patient_745,CTI (CC),269417.1504695415,start,ctiBeds,0.0,,,,
Patient_745,CTI (CC),284095.4500321705,complete,ctiBeds,0.0,,,,
Patient_745,CTI prepara Encaminhamento,284095.4500321705,start,,0.0,,,,
Patient_745,CTI prepara Encaminhamento,284144.0677736002,complete,,0.0,,,,
Patient_745,Encaminha_para a Clinica Cirurgica,284144.0677736002,complete,,,para a Clinica Cirurgica,284144.0677736002,,
Patient_745,Discharge,284144.0677736002,complete,,,,,,14726.917304058734
Patient_746,Arrival,269516.4521288071,complete,,0.0,,,,
Patient_746,Origem_da Clinica Cirurgica,269516.4521288071,complete,,,da Clinica Cirurgica,269516.4521288071,,
Patient_746,CTI (CLIC),269516.4521288071,start,ctiBeds,0.0,,,,
Patient_746,CTI (CLIC),272281.68408200186,complete,ctiBeds,0.0,,,,
Patient_746,CTI prepara Encaminhamento,272281.68408200186,start,,0.0,,,,
Patient_746,CTI prepara Encaminhamento,272314.42223836796,complete,,0.0,,,,
Patient_746,Encaminha_Obito,272314.42223836796,complete,,,Obito,272314.42223836796,,
Patient_746,Discharge,272314.42223836796,complete,,,,,,2797.970109560876
Patient_747,Arrival,269832.4702581132,complete,,0.0,,,,
Patient_747,Origem_do Centro Cirurgico,269832.4702581132,complete,,,do Centro Cirurgico,269832.4702581132,,
Patient_747,CTI (CC),269832.4702581132,start,ctiBeds,0.0,,,,
Patient_747,CTI (CC),286880.2574328378,complete,ctiBeds,0.0,,,,
Patient_747,CTI prepara Encaminhamento,286880.2574328378,start,,0.0,,,,
Patient_747,CTI prepara Encaminhamento,286920.7276009618,complete,,0.0,,,,
Patient_747,Encaminha_Obito,286920.7276009618,complete,,,Obito,286920.7276009618,,
Patient_747,Discharge,286920.7276009618,complete,,,,,,17088.257342848636
Patient_748,Arrival,270139.73622330994,complete,,0.0,,,,
Patient_748,Origem_da Clinica Cirurgica,270139.73622330994,complete,,,da Clinica Cirurgica,270139.73622330994,,
Patient_748,CTI (CLIC),270139.73622330994,start,ctiBeds,0.0,,,,
Patient_748,CTI (CLIC),270373.44363486103,complete,ctiBeds,0.0,,,,
Patient_748,CTI prepara Encaminhamento,270373.44363486103,start,,0.0,,,,
Patient_748,CTI prepara Encaminhamento,270429.4751953215,complete,,0.0,,,,
Patient_748,Encaminha_para a Clinica Cirurgica,270429.4751953215,complete,,,para a Clinica Cirurgica,270429.4751953215,,
Patient_748,Discharge,270429.4751953215,complete,,,,,,289.73897201154614
Patient_749,Arrival,270862.2006634144,complete,,0.0,,,,
Patient_749,Origem_do Centro Cirurgico,270862.2006634144,complete,,,do Centro Cirurgico,270862.2006634144,,
Patient_749,CTI (CC),270862.2006634144,start,ctiBeds,0.0,,,,
Patient_749,CTI (CC),272114.1358311515,complete,ctiBeds,0.0,,,,
Patient_749,CTI prepara Encaminhamento,272114.1358311515,start,,0.0,,,,
Patient_749,CTI prepara Encaminhamento,272166.7317459403,complete,,0.0,,,,
Patient_749,Encaminha_para a Clinica Cirurgica,272166.7317459403,complete,,,para a Clinica Cirurgica,272166.7317459403,,
Patient_749,Discharge,272166.7317459403,complete,,,,,,1304.5310825259076
Patient_75,Arrival,20820.963136486385,complete,,0.0,,,,
Patient_75,Origem_do Centro Cirurgico,20820.963136486385,complete,,,do Centro Cirurgico,20820.963136486385,,
Patient_75,CTI (CC),20820.963136486385,start,ctiBeds,0.0,,,,
Patient_75,CTI (CC),21676.979259343036,complete,ctiBeds,0.0,,,,
Patient_75,CTI prepara Encaminhamento,21676.979259343036,start,,0.0,,,,
Patient_75,CTI prepara Encaminhamento,21707.097175527848,complete,,0.0,,,,
Patient_75,Encaminha_para a Clinica Cirurgica,21707.097175527848,complete,,,para a Clinica Cirurgica,21707.097175527848,,
Patient_75,Discharge,21707.097175527848,complete,,,,,,886.1340390414625
Patient_750,Arrival,271263.71869821526,complete,,0.0,,,,
Patient_750,Origem_do Pronto Socorro,271263.71869821526,complete,,,do Pronto Socorro,271263.71869821526,,
Patient_750,CTI (PS),271263.71869821526,start,ctiBeds,0.0,,,,
Patient_750,CTI (PS),279007.6347279712,complete,ctiBeds,0.0,,,,
Patient_750,CTI prepara Encaminhamento,279007.6347279712,start,,0.0,,,,
Patient_750,CTI prepara Encaminhamento,279046.52035547775,complete,,0.0,,,,
Patient_750,Encaminha_para a Clinica Medica,279046.52035547775,complete,,,para a Clinica Medica,279046.52035547775,,
Patient_750,Discharge,279046.52035547775,complete,,,,,,7782.801657262491
Patient_751,Arrival,271561.99160728534,complete,,0.0,,,,
Patient_751,Origem_do Centro Cirurgico,271561.99160728534,complete,,,do Centro Cirurgico,271561.99160728534,,
Patient_751,CTI (CC),271561.99160728534,start,ctiBeds,0.0,,,,
Patient_751,CTI (CC),308037.03727103246,complete,ctiBeds,0.0,,,,
Patient_751,CTI prepara Encaminhamento,308037.03727103246,start,,0.0,,,,
Patient_751,CTI prepara Encaminhamento,308091.1101581901,complete,,0.0,,,,
Patient_751,Encaminha_para a Clinica Cirurgica,308091.1101581901,complete,,,para a Clinica Cirurgica,308091.1101581901,,
Patient_751,Discharge,308091.1101581901,complete,,,,,,36529.118550904735
Patient_752,Arrival,271823.9262477012,complete,,0.0,,,,
Patient_752,Origem_do Centro Cirurgico,271823.9262477012,complete,,,do Centro Cirurgico,271823.9262477012,,
Patient_752,CTI (CC),271823.9262477012,start,ctiBeds,0.0,,,,
Patient_752,CTI (CC),350131.9177679964,complete,ctiBeds,0.0,,,,
Patient_752,CTI prepara Encaminhamento,350131.9177679964,start,,0.0,,,,
Patient_752,CTI prepara Encaminhamento,350176.7608618764,complete,,0.0,,,,
Patient_752,Encaminha_para a Clinica Cirurgica,350176.7608618764,complete,,,para a Clinica Cirurgica,350176.7608618764,,
Patient_752,Discharge,350176.7608618764,complete,,,,,,78352.8346141752
Patient_753,Arrival,272372.61293398356,complete,,0.0,,,,
Patient_753,Origem_do Pronto Socorro,272372.61293398356,complete,,,do Pronto Socorro,272372.61293398356,,
Patient_753,CTI (PS),272372.61293398356,start,ctiBeds,0.0,,,,
Patient_753,CTI (PS),299355.9051229459,complete,ctiBeds,0.0,,,,
Patient_753,CTI prepara Encaminhamento,299355.9051229459,start,,0.0,,,,
Patient_753,CTI prepara Encaminhamento,299386.777057399,complete,,0.0,,,,
Patient_753,Encaminha_para a Clinica Medica,299386.777057399,complete,,,para a Clinica Medica,299386.777057399,,
Patient_753,Discharge,299386.777057399,complete,,,,,,27014.164123415423
Patient_754,Arrival,272426.43405555695,complete,,0.0,,,,
Patient_754,Origem_do Pronto Socorro,272426.43405555695,complete,,,do Pronto Socorro,272426.43405555695,,
Patient_754,CTI (PS),272426.43405555695,start,ctiBeds,0.0,,,,
Patient_754,CTI (PS),280902.1375195214,complete,ctiBeds,0.0,,,,
Patient_754,CTI prepara Encaminhamento,280902.1375195214,start,,0.0,,,,
Patient_754,CTI prepara Encaminhamento,280949.5581811665,complete,,0.0,,,,
Patient_754,Encaminha_Obito,280949.5581811665,complete,,,Obito,280949.5581811665,,
Patient_754,Discharge,280949.5581811665,complete,,,,,,8523.124125609524
Patient_755,Arrival,273018.35955670965,complete,,0.0,,,,
Patient_755,Origem_do Pronto Socorro,273018.35955670965,complete,,,do Pronto Socorro,273018.35955670965,,
Patient_755,CTI (PS),273018.35955670965,start,ctiBeds,0.0,,,,
Patient_755,CTI (PS),275090.135463764,complete,ctiBeds,0.0,,,,
Patient_755,CTI prepara Encaminhamento,275090.135463764,start,,0.0,,,,
Patient_755,CTI prepara Encaminhamento,275137.511421383,complete,,0.0,,,,
Patient_755,Encaminha_para a Clinica Medica,275137.511421383,complete,,,para a Clinica Medica,275137.511421383,,
Patient_755,Discharge,275137.511421383,complete,,,,,,2119.1518646733603
Patient_756,Arrival,273025.82672428887,complete,,0.0,,,,
Patient_756,Origem_do Centro Cirurgico,273025.82672428887,complete,,,do Centro Cirurgico,273025.82672428887,,
Patient_756,CTI (CC),273025.82672428887,start,ctiBeds,0.0,,,,
Patient_756,CTI (CC),273940.4620021052,complete,ctiBeds,0.0,,,,
Patient_756,CTI prepara Encaminhamento,273940.4620021052,start,,0.0,,,,
Patient_756,CTI prepara Encaminhamento,273982.66898921056,complete,,0.0,,,,
Patient_756,Encaminha_Obito,273982.66898921056,complete,,,Obito,273982.66898921056,,
Patient_756,Discharge,273982.66898921056,complete,,,,,,956.8422649216955
Patient_757,Arrival,273086.811177232,complete,,0.0,,,,
Patient_757,Origem_do Centro Cirurgico,273086.811177232,complete,,,do Centro Cirurgico,273086.811177232,,
Patient_757,CTI (CC),273086.811177232,start,ctiBeds,0.0,,,,
Patient_757,CTI (CC),285053.31920726976,complete,ctiBeds,0.0,,,,
Patient_757,CTI prepara Encaminhamento,285053.31920726976,start,,0.0,,,,
Patient_757,CTI prepara Encaminhamento,285090.00889867934,complete,,0.0,,,,
Patient_757,Encaminha_para a Clinica Medica,285090.00889867934,complete,,,para a Clinica Medica,285090.00889867934,,
Patient_757,Discharge,285090.00889867934,complete,,,,,,12003.19772144733
Patient_758,Arrival,273355.4838953962,complete,,0.0,,,,
Patient_758,Origem_da Clinica Medica,273355.4838953962,complete,,,da Clinica Medica,273355.4838953962,,
Patient_758,CTI (CLIM),273355.4838953962,start,ctiBeds,0.0,,,,
Patient_758,CTI (CLIM),293137.1255739033,complete,ctiBeds,0.0,,,,
Patient_758,CTI prepara Encaminhamento,293137.1255739033,start,,0.0,,,,
Patient_758,CTI prepara Encaminhamento,293194.94163387985,complete,,0.0,,,,
Patient_758,Encaminha_para a Clinica Cirurgica,293194.94163387985,complete,,,para a Clinica Cirurgica,293194.94163387985,,
Patient_758,Discharge,293194.94163387985,complete,,,,,,19839.457738483674
Patient_759,Arrival,273701.30807337293,complete,,0.0,,,,
Patient_759,Origem_do Pronto Socorro,273701.30807337293,complete,,,do Pronto Socorro,273701.30807337293,,
Patient_759,CTI (PS),273701.30807337293,start,ctiBeds,0.0,,,,
Patient_759,CTI (PS),274501.7550044158,complete,ctiBeds,0.0,,,,
Patient_759,CTI prepara Encaminhamento,274501.7550044158,start,,0.0,,,,
Patient_759,CTI prepara Encaminhamento,274552.25716854533,complete,,0.0,,,,
Patient_759,Encaminha_para a Clinica Medica,274552.25716854533,complete,,,para a Clinica Medica,274552.25716854533,,
Patient_759,Discharge,274552.25716854533,complete,,,,,,850.9490951724001
Patient_76,Arrival,21372.249470240902,complete,,0.0,,,,
Patient_76,Origem_da Clinica Medica,21372.249470240902,complete,,,da Clinica Medica,21372.249470240902,,
Patient_76,CTI (CLIM),21372.249470240902,start,ctiBeds,0.0,,,,
Patient_76,CTI (CLIM),23945.236430835663,complete,ctiBeds,0.0,,,,
Patient_76,CTI prepara Encaminhamento,23945.236430835663,start,,0.0,,,,
Patient_76,CTI prepara Encaminhamento,23998.33204165998,complete,,0.0,,,,
Patient_76,Encaminha_para a Clinica Cirurgica,23998.33204165998,complete,,,para a Clinica Cirurgica,23998.33204165998,,
Patient_76,Discharge,23998.33204165998,complete,,,,,,2626.0825714190796
Patient_760,Arrival,273738.84693722863,complete,,0.0,,,,
Patient_760,Origem_da Clinica Cirurgica,273738.84693722863,complete,,,da Clinica Cirurgica,273738.84693722863,,
Patient_760,CTI (CLIC),273738.84693722863,start,ctiBeds,0.0,,,,
Patient_760,CTI (CLIC),295576.5114044905,complete,ctiBeds,0.0,,,,
Patient_760,CTI prepara Encaminhamento,295576.5114044905,start,,0.0,,,,
Patient_760,CTI prepara Encaminhamento,295615.01223429677,complete,,0.0,,,,
Patient_760,Encaminha_para a Clinica Medica,295615.01223429677,complete,,,para a Clinica Medica,295615.01223429677,,
Patient_760,Discharge,295615.01223429677,complete,,,,,,21876.16529706813
Patient_761,Arrival,274640.8088448802,complete,,0.0,,,,
Patient_761,Origem_do Centro Cirurgico,274640.8088448802,complete,,,do Centro Cirurgico,274640.8088448802,,
Patient_761,CTI (CC),274640.8088448802,start,ctiBeds,0.0,,,,
Patient_761,CTI (CC),288512.5143047736,complete,ctiBeds,0.0,,,,
Patient_761,CTI prepara Encaminhamento,288512.5143047736,start,,0.0,,,,
Patient_761,CTI prepara Encaminhamento,288557.7355808351,complete,,0.0,,,,
Patient_761,Encaminha_para a Clinica Medica,288557.7355808351,complete,,,para a Clinica Medica,288557.7355808351,,
Patient_761,Discharge,288557.7355808351,complete,,,,,,13916.926735954883
Patient_762,Arrival,274759.7445152888,complete,,0.0,,,,
Patient_762,Origem_do Pronto Socorro,274759.7445152888,complete,,,do Pronto Socorro,274759.7445152888,,
Patient_762,CTI (PS),274759.7445152888,start,ctiBeds,0.0,,,,
Patient_762,CTI (PS),283928.63171698456,complete,ctiBeds,0.0,,,,
Patient_762,CTI prepara Encaminhamento,283928.63171698456,start,,0.0,,,,
Patient_762,CTI prepara Encaminhamento,283986.05769214383,complete,,0.0,,,,
Patient_762,Encaminha_Obito,283986.05769214383,complete,,,Obito,283986.05769214383,,
Patient_762,Discharge,283986.05769214383,complete,,,,,,9226.313176855037
Patient_763,Arrival,274942.6512969829,complete,,0.0,,,,
Patient_763,Origem_do Pronto Socorro,274942.6512969829,complete,,,do Pronto Socorro,274942.6512969829,,
Patient_763,CTI (PS),274942.6512969829,start,ctiBeds,0.0,,,,
Patient_763,CTI (PS),279549.0338740977,complete,ctiBeds,0.0,,,,
Patient_763,CTI prepara Encaminhamento,279549.0338740977,start,,0.0,,,,
Patient_763,CTI prepara Encaminhamento,279583.71177171473,complete,,0.0,,,,
Patient_763,Encaminha_para a Clinica Cirurgica,279583.71177171473,complete,,,para a Clinica Cirurgica,279583.71177171473,,
Patient_763,Discharge,279583.71177171473,complete,,,,,,4641.060474731843
Patient_764,Arrival,275283.51874620025,complete,,0.0,,,,
Patient_764,Origem_do Pronto Socorro,275283.51874620025,complete,,,do Pronto Socorro,275283.51874620025,,
Patient_764,CTI (PS),275283.51874620025,start,ctiBeds,0.0,,,,
Patient_764,CTI (PS),286305.4619387837,complete,ctiBeds,0.0,,,,
Patient_764,CTI prepara Encaminhamento,286305.4619387837,start,,0.0,,,,
Patient_764,CTI prepara Encaminhamento,286364.38019023533,complete,,0.0,,,,
Patient_764,Encaminha_para a Clinica Cirurgica,286364.38019023533,complete,,,para a Clinica Cirurgica,286364.38019023533,,
Patient_764,Discharge,286364.38019023533,complete,,,,,,11080.86144403508
Patient_765,Arrival,275793.7594781783,complete,,0.0,,,,
Patient_765,Origem_do Pronto Socorro,275793.7594781783,complete,,,do Pronto Socorro,275793.7594781783,,
Patient_765,CTI (PS),275793.7594781783,start,ctiBeds,0.0,,,,
Patient_765,CTI (PS),277680.1472946037,complete,ctiBeds,0.0,,,,
Patient_765,CTI prepara Encaminhamento,277680.1472946037,start,,0.0,,,,
Patient_765,CTI prepara Encaminhamento,277739.7925053433,complete,,0.0,,,,
Patient_765,Encaminha_para a Clinica Medica,277739.7925053433,complete,,,para a Clinica Medica,277739.7925053433,,
Patient_765,Discharge,277739.7925053433,complete,,,,,,1946.0330271650455
Patient_766,Arrival,276372.1837635518,complete,,0.0,,,,
Patient_766,Origem_do Pronto Socorro,276372.1837635518,complete,,,do Pronto Socorro,276372.1837635518,,
Patient_766,CTI (PS),276372.1837635518,start,ctiBeds,0.0,,,,
Patient_766,CTI (PS),291970.1920195968,complete,ctiBeds,0.0,,,,
Patient_766,CTI prepara Encaminhamento,291970.1920195968,start,,0.0,,,,
Patient_766,CTI prepara Encaminhamento,292016.9709786596,complete,,0.0,,,,
Patient_766,Encaminha_Obito,292016.9709786596,complete,,,Obito,292016.9709786596,,
Patient_766,Discharge,292016.9709786596,complete,,,,,,15644.78721510776
Patient_767,Arrival,276408.73009186663,complete,,0.0,,,,
Patient_767,Origem_do Pronto Socorro,276408.73009186663,complete,,,do Pronto Socorro,276408.73009186663,,
Patient_767,CTI (PS),276408.73009186663,start,ctiBeds,0.0,,,,
Patient_767,CTI (PS),283880.3725920103,complete,ctiBeds,0.0,,,,
Patient_767,CTI prepara Encaminhamento,283880.3725920103,start,,0.0,,,,
Patient_767,CTI prepara Encaminhamento,283917.93860238197,complete,,0.0,,,,
Patient_767,Encaminha_para a Clinica Medica,283917.93860238197,complete,,,para a Clinica Medica,283917.93860238197,,
Patient_767,Discharge,283917.93860238197,complete,,,,,,7509.208510515338
Patient_768,Arrival,276497.6774885973,complete,,0.0,,,,
Patient_768,Origem_do Pronto Socorro,276497.6774885973,complete,,,do Pronto Socorro,276497.6774885973,,
Patient_768,CTI (PS),276497.6774885973,start,ctiBeds,0.0,,,,
Patient_768,CTI (PS),308889.6410306855,complete,ctiBeds,0.0,,,,
Patient_768,CTI prepara Encaminhamento,308889.6410306855,start,,0.0,,,,
Patient_768,CTI prepara Encaminhamento,308937.26710941875,complete,,0.0,,,,
Patient_768,Encaminha_para a Clinica Cirurgica,308937.26710941875,complete,,,para a Clinica Cirurgica,308937.26710941875,,
Patient_768,Discharge,308937.26710941875,complete,,,,,,32439.58962082147
Patient_769,Arrival,276568.2384884343,complete,,0.0,,,,
Patient_769,Origem_do Pronto Socorro,276568.2384884343,complete,,,do Pronto Socorro,276568.2384884343,,
Patient_769,CTI (PS),276568.2384884343,start,ctiBeds,0.0,,,,
Patient_769,CTI (PS),288628.2909551159,complete,ctiBeds,0.0,,,,
Patient_769,CTI prepara Encaminhamento,288628.2909551159,start,,0.0,,,,
Patient_769,CTI prepara Encaminhamento,288677.2865555692,complete,,0.0,,,,
Patient_769,Encaminha_para a Clinica Cirurgica,288677.2865555692,complete,,,para a Clinica Cirurgica,288677.2865555692,,
Patient_769,Discharge,288677.2865555692,complete,,,,,,12109.048067134921
Patient_77,Arrival,21735.865338525964,complete,,0.0,,,,
Patient_77,Origem_do Pronto Socorro,21735.865338525964,complete,,,do Pronto Socorro,21735.865338525964,,
Patient_77,CTI (PS),21735.865338525964,start,ctiBeds,0.0,,,,
Patient_77,CTI (PS),22827.067432293734,complete,ctiBeds,0.0,,,,
Patient_77,CTI prepara Encaminhamento,22827.067432293734,start,,0.0,,,,
Patient_77,CTI prepara Encaminhamento,22864.419889783927,complete,,0.0,,,,
Patient_77,Encaminha_Transferencia Externa,22864.419889783927,complete,,,Transferencia Externa,22864.419889783927,,
Patient_77,Discharge,22864.419889783927,complete,,,,,,1128.5545512579629
Patient_770,Arrival,276609.48011921655,complete,,0.0,,,,
Patient_770,Origem_do Pronto Socorro,276609.48011921655,complete,,,do Pronto Socorro,276609.48011921655,,
Patient_770,CTI (PS),276609.48011921655,start,ctiBeds,0.0,,,,
Patient_770,CTI (PS),277412.4883336738,complete,ctiBeds,0.0,,,,
Patient_770,CTI prepara Encaminhamento,277412.4883336738,start,,0.0,,,,
Patient_770,CTI prepara Encaminhamento,277469.76491744653,complete,,0.0,,,,
Patient_770,Encaminha_Obito,277469.76491744653,complete,,,Obito,277469.76491744653,,
Patient_770,Discharge,277469.76491744653,complete,,,,,,860.2847982299863
Patient_771,Arrival,277075.60097771644,complete,,0.0,,,,
Patient_771,Origem_da Clinica Medica,277075.60097771644,complete,,,da Clinica Medica,277075.60097771644,,
Patient_771,CTI (CLIM),277075.60097771644,start,ctiBeds,0.0,,,,
Patient_771,CTI (CLIM),277393.678209499,complete,ctiBeds,0.0,,,,
Patient_771,CTI prepara Encaminhamento,277393.678209499,start,,0.0,,,,
Patient_771,CTI prepara Encaminhamento,277434.0230720057,complete,,0.0,,,,
Patient_771,Encaminha_para a Clinica Medica,277434.0230720057,complete,,,para a Clinica Medica,277434.0230720057,,
Patient_771,Discharge,277434.0230720057,complete,,,,,,358.4220942892716
Patient_772,Arrival,277257.7500553078,complete,,0.0,,,,
Patient_772,Origem_do Pronto Socorro,277257.7500553078,complete,,,do Pronto Socorro,277257.7500553078,,
Patient_772,CTI (PS),277257.7500553078,start,ctiBeds,0.0,,,,
Patient_772,CTI (PS),285242.0369379889,complete,ctiBeds,0.0,,,,
Patient_772,CTI prepara Encaminhamento,285242.0369379889,start,,0.0,,,,
Patient_772,CTI prepara Encaminhamento,285283.1035835363,complete,,0.0,,,,
Patient_772,Encaminha_para a Clinica Cirurgica,285283.1035835363,complete,,,para a Clinica Cirurgica,285283.1035835363,,
Patient_772,Discharge,285283.1035835363,complete,,,,,,8025.353528228472
Patient_773,Arrival,277408.23738699727,complete,,0.0,,,,
Patient_773,Origem_do Centro Cirurgico,277408.23738699727,complete,,,do Centro Cirurgico,277408.23738699727,,
Patient_773,CTI (CC),277408.23738699727,start,ctiBeds,0.0,,,,
Patient_773,CTI (CC),281670.27489298064,complete,ctiBeds,0.0,,,,
Patient_773,CTI prepara Encaminhamento,281670.27489298064,start,,0.0,,,,
Patient_773,CTI prepara Encaminhamento,281714.13128686737,complete,,0.0,,,,
Patient_773,Encaminha_para a Clinica Medica,281714.13128686737,complete,,,para a Clinica Medica,281714.13128686737,,
Patient_773,Discharge,281714.13128686737,complete,,,,,,4305.893899870105
Patient_774,Arrival,277518.0628177381,complete,,0.0,,,,
Patient_774,Origem_do Pronto Socorro,277518.0628177381,complete,,,do Pronto Socorro,277518.0628177381,,
Patient_774,CTI (PS),277518.0628177381,start,ctiBeds,0.0,,,,
Patient_774,CTI (PS),292160.597750597,complete,ctiBeds,0.0,,,,
Patient_774,CTI prepara Encaminhamento,292160.597750597,start,,0.0,,,,
Patient_774,CTI prepara Encaminhamento,292203.1302120362,complete,,0.0,,,,
Patient_774,Encaminha_Obito,292203.1302120362,complete,,,Obito,292203.1302120362,,
Patient_774,Discharge,292203.1302120362,complete,,,,,,14685.067394298094
Patient_775,Arrival,277747.063845041,complete,,0.0,,,,
Patient_775,Origem_do Pronto Socorro,277747.063845041,complete,,,do Pronto Socorro,277747.063845041,,
Patient_775,CTI (PS),277747.063845041,start,ctiBeds,0.0,,,,
Patient_775,CTI (PS),289661.43425187055,complete,ctiBeds,0.0,,,,
Patient_775,CTI prepara Encaminhamento,289661.43425187055,start,,0.0,,,,
Patient_775,CTI prepara Encaminhamento,289713.97119310853,complete,,0.0,,,,
Patient_775,Encaminha_para a Clinica Cirurgica,289713.97119310853,complete,,,para a Clinica Cirurgica,289713.97119310853,,
Patient_775,Discharge,289713.97119310853,complete,,,,,,11966.907348067558
Patient_776,Arrival,277788.055644794,complete,,0.0,,,,
Patient_776,Origem_do Centro Cirurgico,277788.055644794,complete,,,do Centro Cirurgico,277788.055644794,,
Patient_776,CTI (CC),277788.055644794,start,ctiBeds,0.0,,,,
Patient_776,CTI (CC),279341.4367052145,complete,ctiBeds,0.0,,,,
Patient_776,CTI prepara Encaminhamento,279341.4367052145,start,,0.0,,,,
Patient_776,CTI prepara Encaminhamento,279390.58771591826,complete,,0.0,,,,
Patient_776,Encaminha_para a Clinica Cirurgica,279390.58771591826,complete,,,para a Clinica Cirurgica,279390.58771591826,,
Patient_776,Discharge,279390.58771591826,complete,,,,,,1602.5320711242384
Patient_777,Arrival,278635.453378838,complete,,0.0,,,,
Patient_777,Origem_do Centro Cirurgico,278635.453378838,complete,,,do Centro Cirurgico,278635.453378838,,
Patient_777,CTI (CC),278635.453378838,start,ctiBeds,0.0,,,,
Patient_777,CTI (CC),280944.3486708537,complete,ctiBeds,0.0,,,,
Patient_777,CTI prepara Encaminhamento,280944.3486708537,start,,0.0,,,,
Patient_777,CTI prepara Encaminhamento,280976.94861120265,complete,,0.0,,,,
Patient_777,Encaminha_para a Clinica Cirurgica,280976.94861120265,complete,,,para a Clinica Cirurgica,280976.94861120265,,
Patient_777,Discharge,280976.94861120265,complete,,,,,,2341.4952323646285
Patient_778,Arrival,278669.96665495366,complete,,0.0,,,,
Patient_778,Origem_do Centro Cirurgico,278669.96665495366,complete,,,do Centro Cirurgico,278669.96665495366,,
Patient_778,CTI (CC),278669.96665495366,start,ctiBeds,0.0,,,,
Patient_778,CTI (CC),294314.93885913846,complete,ctiBeds,0.0,,,,
Patient_778,CTI prepara Encaminhamento,294314.93885913846,start,,0.0,,,,
Patient_778,CTI prepara Encaminhamento,294358.45995727857,complete,,0.0,,,,
Patient_778,Encaminha_Obito,294358.45995727857,complete,,,Obito,294358.45995727857,,
Patient_778,Discharge,294358.45995727857,complete,,,,,,15688.493302324903
Patient_779,Arrival,279471.2054761341,complete,,0.0,,,,
Patient_779,Origem_do Centro Cirurgico,279471.2054761341,complete,,,do Centro Cirurgico,279471.2054761341,,
Patient_779,CTI (CC),279471.2054761341,start,ctiBeds,0.0,,,,
Patient_779,CTI (CC),331692.0201818692,complete,ctiBeds,0.0,,,,
Patient_779,CTI prepara Encaminhamento,331692.0201818692,start,,0.0,,,,
Patient_779,CTI prepara Encaminhamento,331736.44175216224,complete,,0.0,,,,
Patient_779,Encaminha_para a Clinica Cirurgica,331736.44175216224,complete,,,para a Clinica Cirurgica,331736.44175216224,,
Patient_779,Discharge,331736.44175216224,complete,,,,,,52265.236276028154
Patient_78,Arrival,21834.258261510473,complete,,0.0,,,,
Patient_78,Origem_do Centro Cirurgico,21834.258261510473,complete,,,do Centro Cirurgico,21834.258261510473,,
Patient_78,CTI (CC),21834.258261510473,start,ctiBeds,0.0,,,,
Patient_78,CTI (CC),33631.68148518167,complete,ctiBeds,0.0,,,,
Patient_78,CTI prepara Encaminhamento,33631.68148518167,start,,0.0,,,,
Patient_78,CTI prepara Encaminhamento,33667.86474146527,complete,,0.0,,,,
Patient_78,Encaminha_para a Clinica Medica,33667.86474146527,complete,,,para a Clinica Medica,33667.86474146527,,
Patient_78,Discharge,33667.86474146527,complete,,,,,,11833.6064799548
Patient_780,Arrival,280926.5906525653,complete,,0.0,,,,
Patient_780,Origem_do Centro Cirurgico,280926.5906525653,complete,,,do Centro Cirurgico,280926.5906525653,,
Patient_780,CTI (CC),280926.5906525653,start,ctiBeds,0.0,,,,
Patient_780,CTI (CC),281896.1677238587,complete,ctiBeds,0.0,,,,
Patient_780,CTI prepara Encaminhamento,281896.1677238587,start,,0.0,,,,
Patient_780,CTI prepara Encaminhamento,281952.50279172865,complete,,0.0,,,,
Patient_780,Encaminha_para a Clinica Medica,281952.50279172865,complete,,,para a Clinica Medica,281952.50279172865,,
Patient_780,Discharge,281952.50279172865,complete,,,,,,1025.9121391633525
Patient_781,Arrival,281202.2392768177,complete,,0.0,,,,
Patient_781,Origem_do Centro Cirurgico,281202.2392768177,complete,,,do Centro Cirurgico,281202.2392768177,,
Patient_781,CTI (CC),281202.2392768177,start,ctiBeds,0.0,,,,
Patient_781,CTI (CC),289831.1799378331,complete,ctiBeds,0.0,,,,
Patient_781,CTI prepara Encaminhamento,289831.1799378331,start,,0.0,,,,
Patient_781,CTI prepara Encaminhamento,289890.8212076769,complete,,0.0,,,,
Patient_781,Encaminha_Transferencia Externa,289890.8212076769,complete,,,Transferencia Externa,289890.8212076769,,
Patient_781,Discharge,289890.8212076769,complete,,,,,,8688.581930859189
Patient_782,Arrival,281884.6634046096,complete,,0.0,,,,
Patient_782,Origem_do Pronto Socorro,281884.6634046096,complete,,,do Pronto Socorro,281884.6634046096,,
Patient_782,CTI (PS),281884.6634046096,start,ctiBeds,0.0,,,,
Patient_782,CTI (PS),314275.9329057893,complete,ctiBeds,0.0,,,,
Patient_782,CTI prepara Encaminhamento,314275.9329057893,start,,0.0,,,,
Patient_782,CTI prepara Encaminhamento,314310.4725037488,complete,,0.0,,,,
Patient_782,Encaminha_para a Clinica Medica,314310.4725037488,complete,,,para a Clinica Medica,314310.4725037488,,
Patient_782,Discharge,314310.4725037488,complete,,,,,,32425.80909913918
Patient_783,Arrival,282094.51203608,complete,,0.0,,,,
Patient_783,Origem_do Centro Cirurgico,282094.51203608,complete,,,do Centro Cirurgico,282094.51203608,,
Patient_783,CTI (CC),282094.51203608,start,ctiBeds,0.0,,,,
Patient_783,CTI (CC),282511.42802402726,complete,ctiBeds,0.0,,,,
Patient_783,CTI prepara Encaminhamento,282511.42802402726,start,,0.0,,,,
Patient_783,CTI prepara Encaminhamento,282560.767677556,complete,,0.0,,,,
Patient_783,Encaminha_para a Clinica Medica,282560.767677556,complete,,,para a Clinica Medica,282560.767677556,,
Patient_783,Discharge,282560.767677556,complete,,,,,,466.25564147601835
Patient_784,Arrival,282255.88408679253,complete,,0.0,,,,
Patient_784,Origem_do Pronto Socorro,282255.88408679253,complete,,,do Pronto Socorro,282255.88408679253,,
Patient_784,CTI (PS),282255.88408679253,start,ctiBeds,0.0,,,,
Patient_784,CTI (PS),293156.41299762187,complete,ctiBeds,0.0,,,,
Patient_784,CTI prepara Encaminhamento,293156.41299762187,start,,0.0,,,,
Patient_784,CTI prepara Encaminhamento,293213.0015663,complete,,0.0,,,,
Patient_784,Encaminha_para a Clinica Medica,293213.0015663,complete,,,para a Clinica Medica,293213.0015663,,
Patient_784,Discharge,293213.0015663,complete,,,,,,10957.117479507462
Patient_785,Arrival,282965.7663409825,complete,,0.0,,,,
Patient_785,Origem_do Pronto Socorro,282965.7663409825,complete,,,do Pronto Socorro,282965.7663409825,,
Patient_785,CTI (PS),282965.7663409825,start,ctiBeds,0.0,,,,
Patient_785,CTI (PS),335813.2692969543,complete,ctiBeds,0.0,,,,
Patient_785,CTI prepara Encaminhamento,335813.2692969543,start,,0.0,,,,
Patient_785,CTI prepara Encaminhamento,335849.8021225853,complete,,0.0,,,,
Patient_785,Encaminha_para a Clinica Medica,335849.8021225853,complete,,,para a Clinica Medica,335849.8021225853,,
Patient_785,Discharge,335849.8021225853,complete,,,,,,52884.03578160278
Patient_786,Arrival,283345.01747060136,complete,,0.0,,,,
Patient_786,Origem_do Pronto Socorro,283345.01747060136,complete,,,do Pronto Socorro,283345.01747060136,,
Patient_786,CTI (PS),283345.01747060136,start,ctiBeds,0.0,,,,
Patient_786,CTI (PS),286645.172187951,complete,ctiBeds,0.0,,,,
Patient_786,CTI prepara Encaminhamento,286645.172187951,start,,0.0,,,,
Patient_786,CTI prepara Encaminhamento,286694.67052655196,complete,,0.0,,,,
Patient_786,Encaminha_para a Clinica Medica,286694.67052655196,complete,,,para a Clinica Medica,286694.67052655196,,
Patient_786,Discharge,286694.67052655196,complete,,,,,,3349.653055950592
Patient_787,Arrival,283827.00414111296,complete,,0.0,,,,
Patient_787,Origem_do Pronto Socorro,283827.00414111296,complete,,,do Pronto Socorro,283827.00414111296,,
Patient_787,CTI (PS),283827.00414111296,start,ctiBeds,0.0,,,,
Patient_787,CTI (PS),293391.9550396804,complete,ctiBeds,0.0,,,,
Patient_787,CTI prepara Encaminhamento,293391.9550396804,start,,0.0,,,,
Patient_787,CTI prepara Encaminhamento,293431.73650542315,complete,,0.0,,,,
Patient_787,Encaminha_Obito,293431.73650542315,complete,,,Obito,293431.73650542315,,
Patient_787,Discharge,293431.73650542315,complete,,,,,,9604.732364310184
Patient_788,Arrival,283833.74577111506,complete,,0.0,,,,
Patient_788,Origem_do Pronto Socorro,283833.74577111506,complete,,,do Pronto Socorro,283833.74577111506,,
Patient_788,CTI (PS),283833.74577111506,start,ctiBeds,0.0,,,,
Patient_788,CTI (PS),304000.76558469416,complete,ctiBeds,0.0,,,,
Patient_788,CTI prepara Encaminhamento,304000.76558469416,start,,0.0,,,,
Patient_788,CTI prepara Encaminhamento,304031.96760129376,complete,,0.0,,,,
Patient_788,Encaminha_para a Clinica Medica,304031.96760129376,complete,,,para a Clinica Medica,304031.96760129376,,
Patient_788,Discharge,304031.96760129376,complete,,,,,,20198.221830178692
Patient_789,Arrival,283932.42509798065,complete,,0.0,,,,
Patient_789,Origem_do Centro Cirurgico,283932.42509798065,complete,,,do Centro Cirurgico,283932.42509798065,,
Patient_789,CTI (CC),283932.42509798065,start,ctiBeds,0.0,,,,
Patient_789,CTI (CC),293924.4184048456,complete,ctiBeds,0.0,,,,
Patient_789,CTI prepara Encaminhamento,293924.4184048456,start,,0.0,,,,
Patient_789,CTI prepara Encaminhamento,293971.11235380487,complete,,0.0,,,,
Patient_789,Encaminha_para a Clinica Medica,293971.11235380487,complete,,,para a Clinica Medica,293971.11235380487,,
Patient_789,Discharge,293971.11235380487,complete,,,,,,10038.687255824218
Patient_79,Arrival,21914.557314011316,complete,,0.0,,,,
Patient_79,Origem_do Pronto Socorro,21914.557314011316,complete,,,do Pronto Socorro,21914.557314011316,,
Patient_79,CTI (PS),21914.557314011316,start,ctiBeds,0.0,,,,
Patient_79,CTI (PS),29764.80235894602,complete,ctiBeds,0.0,,,,
Patient_79,CTI prepara Encaminhamento,29764.80235894602,start,,0.0,,,,
Patient_79,CTI prepara Encaminhamento,29819.812767605566,complete,,0.0,,,,
Patient_79,Encaminha_Obito,29819.812767605566,complete,,,Obito,29819.812767605566,,
Patient_79,Discharge,29819.812767605566,complete,,,,,,7905.255453594251
Patient_790,Arrival,284090.96430246125,complete,,0.0,,,,
Patient_790,Origem_da Clinica Medica,284090.96430246125,complete,,,da Clinica Medica,284090.96430246125,,
Patient_790,CTI (CLIM),284090.96430246125,start,ctiBeds,0.0,,,,
Patient_790,CTI (CLIM),288939.4947962864,complete,ctiBeds,0.0,,,,
Patient_790,CTI prepara Encaminhamento,288939.4947962864,start,,0.0,,,,
Patient_790,CTI prepara Encaminhamento,288982.03883271187,complete,,0.0,,,,
Patient_790,Encaminha_para a Clinica Cirurgica,288982.03883271187,complete,,,para a Clinica Cirurgica,288982.03883271187,,
Patient_790,Discharge,288982.03883271187,complete,,,,,,4891.074530250626
Patient_791,Arrival,284146.7219696648,complete,,0.0,,,,
Patient_791,Origem_do Pronto Socorro,284146.7219696648,complete,,,do Pronto Socorro,284146.7219696648,,
Patient_791,CTI (PS),284146.7219696648,start,ctiBeds,0.0,,,,
Patient_791,CTI (PS),303078.41900399805,complete,ctiBeds,0.0,,,,
Patient_791,CTI prepara Encaminhamento,303078.41900399805,start,,0.0,,,,
Patient_791,CTI prepara Encaminhamento,303126.2662917009,complete,,0.0,,,,
Patient_791,Encaminha_para a Clinica Medica,303126.2662917009,complete,,,para a Clinica Medica,303126.2662917009,,
Patient_791,Discharge,303126.2662917009,complete,,,,,,18979.54432203609
Patient_792,Arrival,284498.43911472644,complete,,0.0,,,,
Patient_792,Origem_do Pronto Socorro,284498.43911472644,complete,,,do Pronto Socorro,284498.43911472644,,
Patient_792,CTI (PS),284498.43911472644,start,ctiBeds,0.0,,,,
Patient_792,CTI (PS),303481.35516090697,complete,ctiBeds,0.0,,,,
Patient_792,CTI prepara Encaminhamento,303481.35516090697,start,,0.0,,,,
Patient_792,CTI prepara Encaminhamento,303524.06567893084,complete,,0.0,,,,
Patient_792,Encaminha_Obito,303524.06567893084,complete,,,Obito,303524.06567893084,,
Patient_792,Discharge,303524.06567893084,complete,,,,,,19025.6265642044
Patient_793,Arrival,284826.6700397753,complete,,0.0,,,,
Patient_793,Origem_do Pronto Socorro,284826.6700397753,complete,,,do Pronto Socorro,284826.6700397753,,
Patient_793,CTI (PS),284826.6700397753,start,ctiBeds,0.0,,,,
Patient_793,CTI (PS),290622.44038415974,complete,ctiBeds,0.0,,,,
Patient_793,CTI prepara Encaminhamento,290622.44038415974,start,,0.0,,,,
Patient_793,CTI prepara Encaminhamento,290656.1717110043,complete,,0.0,,,,
Patient_793,Encaminha_para a Clinica Medica,290656.1717110043,complete,,,para a Clinica Medica,290656.1717110043,,
Patient_793,Discharge,290656.1717110043,complete,,,,,,5829.501671228965
Patient_794,Arrival,285223.4458633757,complete,,0.0,,,,
Patient_794,Origem_do Centro Cirurgico,285223.4458633757,complete,,,do Centro Cirurgico,285223.4458633757,,
Patient_794,CTI (CC),285223.4458633757,start,ctiBeds,0.0,,,,
Patient_794,CTI (CC),287150.7374220815,complete,ctiBeds,0.0,,,,
Patient_794,CTI prepara Encaminhamento,287150.7374220815,start,,0.0,,,,
Patient_794,CTI prepara Encaminhamento,287210.62420730334,complete,,0.0,,,,
Patient_794,Encaminha_para a Clinica Medica,287210.62420730334,complete,,,para a Clinica Medica,287210.62420730334,,
Patient_794,Discharge,287210.62420730334,complete,,,,,,1987.1783439276624
Patient_795,Arrival,285279.108559015,complete,,0.0,,,,
Patient_795,Origem_do Centro Cirurgico,285279.108559015,complete,,,do Centro Cirurgico,285279.108559015,,
Patient_795,CTI (CC),285279.108559015,start,ctiBeds,0.0,,,,
Patient_795,CTI (CC),300004.2187881286,complete,ctiBeds,0.0,,,,
Patient_795,CTI prepara Encaminhamento,300004.2187881286,start,,0.0,,,,
Patient_795,CTI prepara Encaminhamento,300049.4095845537,complete,,0.0,,,,
Patient_795,Encaminha_para a Clinica Cirurgica,300049.4095845537,complete,,,para a Clinica Cirurgica,300049.4095845537,,
Patient_795,Discharge,300049.4095845537,complete,,,,,,14770.301025538705
Patient_796,Arrival,285335.48730434437,complete,,0.0,,,,
Patient_796,Origem_do Centro Cirurgico,285335.48730434437,complete,,,do Centro Cirurgico,285335.48730434437,,
Patient_796,CTI (CC),285335.48730434437,start,ctiBeds,0.0,,,,
Patient_796,CTI (CC),298699.94013445545,complete,ctiBeds,0.0,,,,
Patient_796,CTI prepara Encaminhamento,298699.94013445545,start,,0.0,,,,
Patient_796,CTI prepara Encaminhamento,298759.51398599247,complete,,0.0,,,,
Patient_796,Encaminha_para a Clinica Cirurgica,298759.51398599247,complete,,,para a Clinica Cirurgica,298759.51398599247,,
Patient_796,Discharge,298759.51398599247,complete,,,,,,13424.026681648102
Patient_797,Arrival,285536.18192070187,complete,,0.0,,,,
Patient_797,Origem_do Pronto Socorro,285536.18192070187,complete,,,do Pronto Socorro,285536.18192070187,,
Patient_797,CTI (PS),285536.18192070187,start,ctiBeds,0.0,,,,
Patient_797,CTI (PS),326495.2058612325,complete,ctiBeds,0.0,,,,
Patient_797,CTI prepara Encaminhamento,326495.2058612325,start,,0.0,,,,
Patient_797,CTI prepara Encaminhamento,326530.12805949105,complete,,0.0,,,,
Patient_797,Encaminha_para a Clinica Medica,326530.12805949105,complete,,,para a Clinica Medica,326530.12805949105,,
Patient_797,Discharge,326530.12805949105,complete,,,,,,40993.94613878918
Patient_798,Arrival,286129.76525286975,complete,,0.0,,,,
Patient_798,Origem_da Clinica Medica,286129.76525286975,complete,,,da Clinica Medica,286129.76525286975,,
Patient_798,CTI (CLIM),286129.76525286975,start,ctiBeds,0.0,,,,
Patient_798,CTI (CLIM),286589.9242032974,complete,ctiBeds,0.0,,,,
Patient_798,CTI prepara Encaminhamento,286589.9242032974,start,,0.0,,,,
Patient_798,CTI prepara Encaminhamento,286645.00652365375,complete,,0.0,,,,
Patient_798,Encaminha_para a Clinica Medica,286645.00652365375,complete,,,para a Clinica Medica,286645.00652365375,,
Patient_798,Discharge,286645.00652365375,complete,,,,,,515.2412707839976
Patient_799,Arrival,286612.66893681115,complete,,0.0,,,,
Patient_799,Origem_do Pronto Socorro,286612.66893681115,complete,,,do Pronto Socorro,286612.66893681115,,
Patient_799,CTI (PS),286612.66893681115,start,ctiBeds,0.0,,,,
Patient_799,CTI (PS),293103.21054476546,complete,ctiBeds,0.0,,,,
Patient_799,CTI prepara Encaminhamento,293103.21054476546,start,,0.0,,,,
Patient_799,CTI prepara Encaminhamento,293136.3209268682,complete,,0.0,,,,
Patient_799,Encaminha_para a Clinica Medica,293136.3209268682,complete,,,para a Clinica Medica,293136.3209268682,,
Patient_799,Discharge,293136.3209268682,complete,,,,,,6523.651990057027
Patient_8,Arrival,2041.8111440105774,complete,,0.0,,,,
Patient_8,Origem_do Centro Cirurgico,2041.8111440105774,complete,,,do Centro Cirurgico,2041.8111440105774,,
Patient_8,CTI (CC),2041.8111440105774,start,ctiBeds,0.0,,,,
Patient_8,CTI (CC),5860.1069270798,complete,ctiBeds,0.0,,,,
Patient_8,CTI prepara Encaminhamento,5860.1069270798,start,,0.0,,,,
Patient_8,CTI prepara Encaminhamento,5915.24299351484,complete,,0.0,,,,
Patient_8,Encaminha_para a Clinica Cirurgica,5915.24299351484,complete,,,para a Clinica Cirurgica,5915.24299351484,,
Patient_8,Discharge,5915.24299351484,complete,,,,,,3873.4318495042626
Patient_80,Arrival,22048.86111518547,complete,,0.0,,,,
Patient_80,Origem_do Centro Cirurgico,22048.86111518547,complete,,,do Centro Cirurgico,22048.86111518547,,
Patient_80,CTI (CC),22048.86111518547,start,ctiBeds,0.0,,,,
Patient_80,CTI (CC),24016.579520226707,complete,ctiBeds,0.0,,,,
Patient_80,CTI prepara Encaminhamento,24016.579520226707,start,,0.0,,,,
Patient_80,CTI prepara Encaminhamento,24066.572787728175,complete,,0.0,,,,
Patient_80,Encaminha_para a Clinica Medica,24066.572787728175,complete,,,para a Clinica Medica,24066.572787728175,,
Patient_80,Discharge,24066.572787728175,complete,,,,,,2017.711672542704
Patient_800,Arrival,286758.5910668457,complete,,0.0,,,,
Patient_800,Origem_do Pronto Socorro,286758.5910668457,complete,,,do Pronto Socorro,286758.5910668457,,
Patient_800,CTI (PS),286758.5910668457,start,ctiBeds,0.0,,,,
Patient_800,CTI (PS),294478.94774741906,complete,ctiBeds,0.0,,,,
Patient_800,CTI prepara Encaminhamento,294478.94774741906,start,,0.0,,,,
Patient_800,CTI prepara Encaminhamento,294514.4241173652,complete,,0.0,,,,
Patient_800,Encaminha_para a Clinica Cirurgica,294514.4241173652,complete,,,para a Clinica Cirurgica,294514.4241173652,,
Patient_800,Discharge,294514.4241173652,complete,,,,,,7755.833050519519
Patient_801,Arrival,286916.1022020955,complete,,0.0,,,,
Patient_801,Origem_do Centro Cirurgico,286916.1022020955,complete,,,do Centro Cirurgico,286916.1022020955,,
Patient_801,CTI (CC),286916.1022020955,start,ctiBeds,0.0,,,,
Patient_801,CTI (CC),311348.16360024014,complete,ctiBeds,0.0,,,,
Patient_801,CTI prepara Encaminhamento,311348.16360024014,start,,0.0,,,,
Patient_801,CTI prepara Encaminhamento,311381.87258928886,complete,,0.0,,,,
Patient_801,Encaminha_Obito,311381.87258928886,complete,,,Obito,311381.87258928886,,
Patient_801,Discharge,311381.87258928886,complete,,,,,,24465.770387193363
Patient_802,Arrival,287047.6236911648,complete,,0.0,,,,
Patient_802,Origem_do Pronto Socorro,287047.6236911648,complete,,,do Pronto Socorro,287047.6236911648,,
Patient_802,CTI (PS),287047.6236911648,start,ctiBeds,0.0,,,,
Patient_802,CTI (PS),288111.2112350251,complete,ctiBeds,0.0,,,,
Patient_802,CTI prepara Encaminhamento,288111.2112350251,start,,0.0,,,,
Patient_802,CTI prepara Encaminhamento,288163.34377371724,complete,,0.0,,,,
Patient_802,Encaminha_para a Clinica Cirurgica,288163.34377371724,complete,,,para a Clinica Cirurgica,288163.34377371724,,
Patient_802,Discharge,288163.34377371724,complete,,,,,,1115.7200825524633
Patient_803,Arrival,287979.2984199912,complete,,0.0,,,,
Patient_803,Origem_do Pronto Socorro,287979.2984199912,complete,,,do Pronto Socorro,287979.2984199912,,
Patient_803,CTI (PS),287979.2984199912,start,ctiBeds,0.0,,,,
Patient_803,CTI (PS),311097.54121202545,complete,ctiBeds,0.0,,,,
Patient_803,CTI prepara Encaminhamento,311097.54121202545,start,,0.0,,,,
Patient_803,CTI prepara Encaminhamento,311131.25059155375,complete,,0.0,,,,
Patient_803,Encaminha_para a Clinica Medica,311131.25059155375,complete,,,para a Clinica Medica,311131.25059155375,,
Patient_803,Discharge,311131.25059155375,complete,,,,,,23151.95217156253
Patient_804,Arrival,288021.5459988638,complete,,0.0,,,,
Patient_804,Origem_do Pronto Socorro,288021.5459988638,complete,,,do Pronto Socorro,288021.5459988638,,
Patient_804,CTI (PS),288021.5459988638,start,ctiBeds,0.0,,,,
Patient_804,CTI (PS),289350.4136509211,complete,ctiBeds,0.0,,,,
Patient_804,CTI prepara Encaminhamento,289350.4136509211,start,,0.0,,,,
Patient_804,CTI prepara Encaminhamento,289384.5547488273,complete,,0.0,,,,
Patient_804,Encaminha_para a Clinica Medica,289384.5547488273,complete,,,para a Clinica Medica,289384.5547488273,,
Patient_804,Discharge,289384.5547488273,complete,,,,,,1363.0087499634828
Patient_805,Arrival,288201.71481955086,complete,,0.0,,,,
Patient_805,Origem_do Pronto Socorro,288201.71481955086,complete,,,do Pronto Socorro,288201.71481955086,,
Patient_805,CTI (PS),288201.71481955086,start,ctiBeds,0.0,,,,
Patient_805,CTI (PS),297516.6144482484,complete,ctiBeds,0.0,,,,
Patient_805,CTI prepara Encaminhamento,297516.6144482484,start,,0.0,,,,
Patient_805,CTI prepara Encaminhamento,297563.1918512496,complete,,0.0,,,,
Patient_805,Encaminha_para a Clinica Cirurgica,297563.1918512496,complete,,,para a Clinica Cirurgica,297563.1918512496,,
Patient_805,Discharge,297563.1918512496,complete,,,,,,9361.477031698741
Patient_806,Arrival,288851.7160175962,complete,,0.0,,,,
Patient_806,Origem_da Clinica Cirurgica,288851.7160175962,complete,,,da Clinica Cirurgica,288851.7160175962,,
Patient_806,CTI (CLIC),288851.7160175962,start,ctiBeds,0.0,,,,
Patient_806,CTI (CLIC),290619.268822652,complete,ctiBeds,0.0,,,,
Patient_806,CTI prepara Encaminhamento,290619.268822652,start,,0.0,,,,
Patient_806,CTI prepara Encaminhamento,290675.9200230153,complete,,0.0,,,,
Patient_806,Encaminha_para a Clinica Cirurgica,290675.9200230153,complete,,,para a Clinica Cirurgica,290675.9200230153,,
Patient_806,Discharge,290675.9200230153,complete,,,,,,1824.204005419102
Patient_807,Arrival,288853.6821943116,complete,,0.0,,,,
Patient_807,Origem_do Centro Cirurgico,288853.6821943116,complete,,,do Centro Cirurgico,288853.6821943116,,
Patient_807,CTI (CC),288853.6821943116,start,ctiBeds,0.0,,,,
Patient_807,CTI (CC),296243.25389556546,complete,ctiBeds,0.0,,,,
Patient_807,CTI prepara Encaminhamento,296243.25389556546,start,,0.0,,,,
Patient_807,CTI prepara Encaminhamento,296298.40732860094,complete,,0.0,,,,
Patient_807,Encaminha_para a Clinica Cirurgica,296298.40732860094,complete,,,para a Clinica Cirurgica,296298.40732860094,,
Patient_807,Discharge,296298.40732860094,complete,,,,,,7444.725134289358
Patient_808,Arrival,288993.07542904443,complete,,0.0,,,,
Patient_808,Origem_do Centro Cirurgico,288993.07542904443,complete,,,do Centro Cirurgico,288993.07542904443,,
Patient_808,CTI (CC),288993.07542904443,start,ctiBeds,0.0,,,,
Patient_808,CTI (CC),324735.3872817633,complete,ctiBeds,0.0,,,,
Patient_808,CTI prepara Encaminhamento,324735.3872817633,start,,0.0,,,,
Patient_808,CTI prepara Encaminhamento,324794.3691528769,complete,,0.0,,,,
Patient_808,Encaminha_Transferencia Externa,324794.3691528769,complete,,,Transferencia Externa,324794.3691528769,,
Patient_808,Discharge,324794.3691528769,complete,,,,,,35801.29372383247
Patient_809,Arrival,290365.0361920114,complete,,0.0,,,,
Patient_809,Origem_do Centro Cirurgico,290365.0361920114,complete,,,do Centro Cirurgico,290365.0361920114,,
Patient_809,CTI (CC),290365.0361920114,start,ctiBeds,0.0,,,,
Patient_809,CTI (CC),296345.6255406079,complete,ctiBeds,0.0,,,,
Patient_809,CTI prepara Encaminhamento,296345.6255406079,start,,0.0,,,,
Patient_809,CTI prepara Encaminhamento,296385.9259472914,complete,,0.0,,,,
Patient_809,Encaminha_para a Clinica Cirurgica,296385.9259472914,complete,,,para a Clinica Cirurgica,296385.9259472914,,
Patient_809,Discharge,296385.9259472914,complete,,,,,,6020.889755280048
Patient_81,Arrival,22112.131582707007,complete,,0.0,,,,
Patient_81,Origem_do Centro Cirurgico,22112.131582707007,complete,,,do Centro Cirurgico,22112.131582707007,,
Patient_81,CTI (CC),22112.131582707007,start,ctiBeds,0.0,,,,
Patient_81,CTI (CC),42100.44888490494,complete,ctiBeds,0.0,,,,
Patient_81,CTI prepara Encaminhamento,42100.44888490494,start,,0.0,,,,
Patient_81,CTI prepara Encaminhamento,42149.79618132196,complete,,0.0,,,,
Patient_81,Encaminha_para a Clinica Cirurgica,42149.79618132196,complete,,,para a Clinica Cirurgica,42149.79618132196,,
Patient_81,Discharge,42149.79618132196,complete,,,,,,20037.664598614952
Patient_810,Arrival,290396.7914349834,complete,,0.0,,,,
Patient_810,Origem_da Maternidade,290396.7914349834,complete,,,da Maternidade,290396.7914349834,,
Patient_810,CTI (MAT),290396.7914349834,start,ctiBeds,0.0,,,,
Patient_810,CTI (MAT),292807.6052088314,complete,ctiBeds,0.0,,,,
Patient_810,CTI prepara Encaminhamento,292807.6052088314,start,,0.0,,,,
Patient_810,CTI prepara Encaminhamento,292852.19149765593,complete,,0.0,,,,
Patient_810,Encaminha_para a Clinica Cirurgica,292852.19149765593,complete,,,para a Clinica Cirurgica,292852.19149765593,,
Patient_810,Discharge,292852.19149765593,complete,,,,,,2455.400062672561
Patient_811,Arrival,291353.6564633936,complete,,0.0,,,,
Patient_811,Origem_do Pronto Socorro,291353.6564633936,complete,,,do Pronto Socorro,291353.6564633936,,
Patient_811,CTI (PS),291353.6564633936,start,ctiBeds,0.0,,,,
Patient_811,CTI (PS),292758.2071036498,complete,ctiBeds,0.0,,,,
Patient_811,CTI prepara Encaminhamento,292758.2071036498,start,,0.0,,,,
Patient_811,CTI prepara Encaminhamento,292794.41709765245,complete,,0.0,,,,
Patient_811,Encaminha_para a Clinica Medica,292794.41709765245,complete,,,para a Clinica Medica,292794.41709765245,,
Patient_811,Discharge,292794.41709765245,complete,,,,,,1440.7606342588551
Patient_812,Arrival,291801.5708233854,complete,,0.0,,,,
Patient_812,Origem_do Pronto Socorro,291801.5708233854,complete,,,do Pronto Socorro,291801.5708233854,,
Patient_812,CTI (PS),291801.5708233854,start,ctiBeds,0.0,,,,
Patient_812,CTI (PS),303573.22288771474,complete,ctiBeds,0.0,,,,
Patient_812,CTI prepara Encaminhamento,303573.22288771474,start,,0.0,,,,
Patient_812,CTI prepara Encaminhamento,303623.5530622109,complete,,0.0,,,,
Patient_812,Encaminha_para a Clinica Medica,303623.5530622109,complete,,,para a Clinica Medica,303623.5530622109,,
Patient_812,Discharge,303623.5530622109,complete,,,,,,11821.982238825527
Patient_813,Arrival,291989.49537081027,complete,,0.0,,,,
Patient_813,Origem_da Clinica Medica,291989.49537081027,complete,,,da Clinica Medica,291989.49537081027,,
Patient_813,CTI (CLIM),291989.49537081027,start,ctiBeds,0.0,,,,
Patient_813,CTI (CLIM),293150.2919638428,complete,ctiBeds,0.0,,,,
Patient_813,CTI prepara Encaminhamento,293150.2919638428,start,,0.0,,,,
Patient_813,CTI prepara Encaminhamento,293192.6482824881,complete,,0.0,,,,
Patient_813,Encaminha_para a Clinica Medica,293192.6482824881,complete,,,para a Clinica Medica,293192.6482824881,,
Patient_813,Discharge,293192.6482824881,complete,,,,,,1203.1529116778402
Patient_814,Arrival,292026.4251042258,complete,,0.0,,,,
Patient_814,Origem_do Pronto Socorro,292026.4251042258,complete,,,do Pronto Socorro,292026.4251042258,,
Patient_814,CTI (PS),292026.4251042258,start,ctiBeds,0.0,,,,
Patient_814,CTI (PS),304813.5030201676,complete,ctiBeds,0.0,,,,
Patient_814,CTI prepara Encaminhamento,304813.5030201676,start,,0.0,,,,
Patient_814,CTI prepara Encaminhamento,304866.79745108995,complete,,0.0,,,,
Patient_814,Encaminha_para a Clinica Medica,304866.79745108995,complete,,,para a Clinica Medica,304866.79745108995,,
Patient_814,Discharge,304866.79745108995,complete,,,,,,12840.37234686414
Patient_815,Arrival,292271.78789524594,complete,,0.0,,,,
Patient_815,Origem_do Centro Cirurgico,292271.78789524594,complete,,,do Centro Cirurgico,292271.78789524594,,
Patient_815,CTI (CC),292271.78789524594,start,ctiBeds,0.0,,,,
Patient_815,CTI (CC),292973.3267704969,complete,ctiBeds,0.0,,,,
Patient_815,CTI prepara Encaminhamento,292973.3267704969,start,,0.0,,,,
Patient_815,CTI prepara Encaminhamento,293025.37842828344,complete,,0.0,,,,
Patient_815,Encaminha_para a Clinica Medica,293025.37842828344,complete,,,para a Clinica Medica,293025.37842828344,,
Patient_815,Discharge,293025.37842828344,complete,,,,,,753.5905330374953
Patient_816,Arrival,292377.22311888915,complete,,0.0,,,,
Patient_816,Origem_do Pronto Socorro,292377.22311888915,complete,,,do Pronto Socorro,292377.22311888915,,
Patient_816,CTI (PS),292377.22311888915,start,ctiBeds,0.0,,,,
Patient_816,CTI (PS),297137.8995192487,complete,ctiBeds,0.0,,,,
Patient_816,CTI prepara Encaminhamento,297137.8995192487,start,,0.0,,,,
Patient_816,CTI prepara Encaminhamento,297173.2091570702,complete,,0.0,,,,
Patient_816,Encaminha_para a Clinica Medica,297173.2091570702,complete,,,para a Clinica Medica,297173.2091570702,,
Patient_816,Discharge,297173.2091570702,complete,,,,,,4795.986038181058
Patient_817,Arrival,293216.5568670434,complete,,0.0,,,,
Patient_817,Origem_do Centro Cirurgico,293216.5568670434,complete,,,do Centro Cirurgico,293216.5568670434,,
Patient_817,CTI (CC),293216.5568670434,start,ctiBeds,0.0,,,,
Patient_817,CTI (CC),295611.61090868583,complete,ctiBeds,0.0,,,,
Patient_817,CTI prepara Encaminhamento,295611.61090868583,start,,0.0,,,,
Patient_817,CTI prepara Encaminhamento,295642.3212733861,complete,,0.0,,,,
Patient_817,Encaminha_para a Clinica Medica,295642.3212733861,complete,,,para a Clinica Medica,295642.3212733861,,
Patient_817,Discharge,295642.3212733861,complete,,,,,,2425.7644063426997
Patient_818,Arrival,293590.03979008156,complete,,0.0,,,,
Patient_818,Origem_do Centro Cirurgico,293590.03979008156,complete,,,do Centro Cirurgico,293590.03979008156,,
Patient_818,CTI (CC),293590.03979008156,start,ctiBeds,0.0,,,,
Patient_818,CTI (CC),436713.32813868416,complete,ctiBeds,0.0,,,,
Patient_818,CTI prepara Encaminhamento,436713.32813868416,start,,0.0,,,,
Patient_818,CTI prepara Encaminhamento,436758.4237569768,complete,,0.0,,,,
Patient_818,Encaminha_para a Clinica Medica,436758.4237569768,complete,,,para a Clinica Medica,436758.4237569768,,
Patient_818,Discharge,436758.4237569768,complete,,,,,,143168.38396689523
Patient_819,Arrival,294265.2978391247,complete,,0.0,,,,
Patient_819,Origem_do Centro Cirurgico,294265.2978391247,complete,,,do Centro Cirurgico,294265.2978391247,,
Patient_819,CTI (CC),294265.2978391247,start,ctiBeds,0.0,,,,
Patient_819,CTI (CC),295189.8910812328,complete,ctiBeds,0.0,,,,
Patient_819,CTI prepara Encaminhamento,295189.8910812328,start,,0.0,,,,
Patient_819,CTI prepara Encaminhamento,295226.0355416012,complete,,0.0,,,,
Patient_819,Encaminha_para a Clinica Medica,295226.0355416012,complete,,,para a Clinica Medica,295226.0355416012,,
Patient_819,Discharge,295226.0355416012,complete,,,,,,960.737702476501
Patient_82,Arrival,22583.88968964473,complete,,0.0,,,,
Patient_82,Origem_do Centro Cirurgico,22583.88968964473,complete,,,do Centro Cirurgico,22583.88968964473,,
Patient_82,CTI (CC),22583.88968964473,start,ctiBeds,0.0,,,,
Patient_82,CTI (CC),42947.76019285337,complete,ctiBeds,0.0,,,,
Patient_82,CTI prepara Encaminhamento,42947.76019285337,start,,0.0,,,,
Patient_82,CTI prepara Encaminhamento,42993.15200228951,complete,,0.0,,,,
Patient_82,Encaminha_para a Clinica Medica,42993.15200228951,complete,,,para a Clinica Medica,42993.15200228951,,
Patient_82,Discharge,42993.15200228951,complete,,,,,,20409.262312644783
Patient_820,Arrival,294380.57838377095,complete,,0.0,,,,
Patient_820,Origem_do Pronto Socorro,294380.57838377095,complete,,,do Pronto Socorro,294380.57838377095,,
Patient_820,CTI (PS),294380.57838377095,start,ctiBeds,0.0,,,,
Patient_820,CTI (PS),296581.31816426595,complete,ctiBeds,0.0,,,,
Patient_820,CTI prepara Encaminhamento,296581.31816426595,start,,0.0,,,,
Patient_820,CTI prepara Encaminhamento,296620.8710498924,complete,,0.0,,,,
Patient_820,Encaminha_para a Clinica Cirurgica,296620.8710498924,complete,,,para a Clinica Cirurgica,296620.8710498924,,
Patient_820,Discharge,296620.8710498924,complete,,,,,,2240.292666121444
Patient_821,Arrival,295005.4887554229,complete,,0.0,,,,
Patient_821,Origem_do Centro Cirurgico,295005.4887554229,complete,,,do Centro Cirurgico,295005.4887554229,,
Patient_821,CTI (CC),295005.4887554229,start,ctiBeds,0.0,,,,
Patient_821,CTI (CC),298278.25688789657,complete,ctiBeds,0.0,,,,
Patient_821,CTI prepara Encaminhamento,298278.25688789657,start,,0.0,,,,
Patient_821,CTI prepara Encaminhamento,298313.80587341706,complete,,0.0,,,,
Patient_821,Encaminha_para a Clinica Medica,298313.80587341706,complete,,,para a Clinica Medica,298313.80587341706,,
Patient_821,Discharge,298313.80587341706,complete,,,,,,3308.3171179941855
Patient_822,Arrival,295389.9514956833,complete,,0.0,,,,
Patient_822,Origem_do Centro Cirurgico,295389.9514956833,complete,,,do Centro Cirurgico,295389.9514956833,,
Patient_822,CTI (CC),295389.9514956833,start,ctiBeds,0.0,,,,
Patient_822,CTI (CC),302460.5025982144,complete,ctiBeds,0.0,,,,
Patient_822,CTI prepara Encaminhamento,302460.5025982144,start,,0.0,,,,
Patient_822,CTI prepara Encaminhamento,302514.8243530271,complete,,0.0,,,,
Patient_822,Encaminha_para a Clinica Medica,302514.8243530271,complete,,,para a Clinica Medica,302514.8243530271,,
Patient_822,Discharge,302514.8243530271,complete,,,,,,7124.872857343813
Patient_823,Arrival,295420.6018933266,complete,,0.0,,,,
Patient_823,Origem_da Clinica Medica,295420.6018933266,complete,,,da Clinica Medica,295420.6018933266,,
Patient_823,CTI (CLIM),295420.6018933266,start,ctiBeds,0.0,,,,
Patient_823,CTI (CLIM),295653.61260635173,complete,ctiBeds,0.0,,,,
Patient_823,CTI prepara Encaminhamento,295653.61260635173,start,,0.0,,,,
Patient_823,CTI prepara Encaminhamento,295702.0418609803,complete,,0.0,,,,
Patient_823,Encaminha_Obito,295702.0418609803,complete,,,Obito,295702.0418609803,,
Patient_823,Discharge,295702.0418609803,complete,,,,,,281.4399676536559
Patient_824,Arrival,295437.57732928736,complete,,0.0,,,,
Patient_824,Origem_do Pronto Socorro,295437.57732928736,complete,,,do Pronto Socorro,295437.57732928736,,
Patient_824,CTI (PS),295437.57732928736,start,ctiBeds,0.0,,,,
Patient_824,CTI (PS),297097.00681861275,complete,ctiBeds,0.0,,,,
Patient_824,CTI prepara Encaminhamento,297097.00681861275,start,,0.0,,,,
Patient_824,CTI prepara Encaminhamento,297137.82922993967,complete,,0.0,,,,
Patient_824,Encaminha_para a Clinica Cirurgica,297137.82922993967,complete,,,para a Clinica Cirurgica,297137.82922993967,,
Patient_824,Discharge,297137.82922993967,complete,,,,,,1700.251900652307
Patient_825,Arrival,295691.3798217523,complete,,0.0,,,,
Patient_825,Origem_do Centro Cirurgico,295691.3798217523,complete,,,do Centro Cirurgico,295691.3798217523,,
Patient_825,CTI (CC),295691.3798217523,start,ctiBeds,0.0,,,,
Patient_825,CTI (CC),299721.42862366803,complete,ctiBeds,0.0,,,,
Patient_825,CTI prepara Encaminhamento,299721.42862366803,start,,0.0,,,,
Patient_825,CTI prepara Encaminhamento,299776.31300105015,complete,,0.0,,,,
Patient_825,Encaminha_Transferencia Externa,299776.31300105015,complete,,,Transferencia Externa,299776.31300105015,,
Patient_825,Discharge,299776.31300105015,complete,,,,,,4084.9331792978337
Patient_826,Arrival,296207.1286267971,complete,,0.0,,,,
Patient_826,Origem_do Pronto Socorro,296207.1286267971,complete,,,do Pronto Socorro,296207.1286267971,,
Patient_826,CTI (PS),296207.1286267971,start,ctiBeds,0.0,,,,
Patient_826,CTI (PS),323392.1608769427,complete,ctiBeds,0.0,,,,
Patient_826,CTI prepara Encaminhamento,323392.1608769427,start,,0.0,,,,
Patient_826,CTI prepara Encaminhamento,323451.7488192929,complete,,0.0,,,,
Patient_826,Encaminha_Transferencia Externa,323451.7488192929,complete,,,Transferencia Externa,323451.7488192929,,
Patient_826,Discharge,323451.7488192929,complete,,,,,,27244.620192495757
Patient_827,Arrival,296344.407090859,complete,,0.0,,,,
Patient_827,Origem_do Pronto Socorro,296344.407090859,complete,,,do Pronto Socorro,296344.407090859,,
Patient_827,CTI (PS),296344.407090859,start,ctiBeds,0.0,,,,
Patient_827,CTI (PS),306943.8120833621,complete,ctiBeds,0.0,,,,
Patient_827,CTI prepara Encaminhamento,306943.8120833621,start,,0.0,,,,
Patient_827,CTI prepara Encaminhamento,306995.0030798166,complete,,0.0,,,,
Patient_827,Encaminha_para a Clinica Cirurgica,306995.0030798166,complete,,,para a Clinica Cirurgica,306995.0030798166,,
Patient_827,Discharge,306995.0030798166,complete,,,,,,10650.59598895756
Patient_828,Arrival,296618.1002575774,complete,,0.0,,,,
Patient_828,Origem_do Pronto Socorro,296618.1002575774,complete,,,do Pronto Socorro,296618.1002575774,,
Patient_828,CTI (PS),296618.1002575774,start,ctiBeds,0.0,,,,
Patient_828,CTI (PS),303578.9632500349,complete,ctiBeds,0.0,,,,
Patient_828,CTI prepara Encaminhamento,303578.9632500349,start,,0.0,,,,
Patient_828,CTI prepara Encaminhamento,303617.7771093473,complete,,0.0,,,,
Patient_828,Encaminha_para a Clinica Medica,303617.7771093473,complete,,,para a Clinica Medica,303617.7771093473,,
Patient_828,Discharge,303617.7771093473,complete,,,,,,6999.676851769909
Patient_829,Arrival,296627.9660796986,complete,,0.0,,,,
Patient_829,Origem_do Centro Cirurgico,296627.9660796986,complete,,,do Centro Cirurgico,296627.9660796986,,
Patient_829,CTI (CC),296627.9660796986,start,ctiBeds,0.0,,,,
Patient_829,CTI (CC),304024.7445203018,complete,ctiBeds,0.0,,,,
Patient_829,CTI prepara Encaminhamento,304024.7445203018,start,,0.0,,,,
Patient_829,CTI prepara Encaminhamento,304069.6257903376,complete,,0.0,,,,
Patient_829,Encaminha_para a Clinica Cirurgica,304069.6257903376,complete,,,para a Clinica Cirurgica,304069.6257903376,,
Patient_829,Discharge,304069.6257903376,complete,,,,,,7441.65971063904
Patient_83,Arrival,23172.367117085494,complete,,0.0,,,,
Patient_83,Origem_do Centro Cirurgico,23172.367117085494,complete,,,do Centro Cirurgico,23172.367117085494,,
Patient_83,CTI (CC),23172.367117085494,start,ctiBeds,0.0,,,,
Patient_83,CTI (CC),30940.154831937107,complete,ctiBeds,0.0,,,,
Patient_83,CTI prepara Encaminhamento,30940.154831937107,start,,0.0,,,,
Patient_83,CTI prepara Encaminhamento,30997.941310083803,complete,,0.0,,,,
Patient_83,Encaminha_para a Clinica Medica,30997.941310083803,complete,,,para a Clinica Medica,30997.941310083803,,
Patient_83,Discharge,30997.941310083803,complete,,,,,,7825.574192998309
Patient_830,Arrival,297543.50106708,complete,,0.0,,,,
Patient_830,Origem_do Pronto Socorro,297543.50106708,complete,,,do Pronto Socorro,297543.50106708,,
Patient_830,CTI (PS),297543.50106708,start,ctiBeds,0.0,,,,
Patient_830,CTI (PS),302421.15566194244,complete,ctiBeds,0.0,,,,
Patient_830,CTI prepara Encaminhamento,302421.15566194244,start,,0.0,,,,
Patient_830,CTI prepara Encaminhamento,302462.6666126114,complete,,0.0,,,,
Patient_830,Encaminha_para a Clinica Cirurgica,302462.6666126114,complete,,,para a Clinica Cirurgica,302462.6666126114,,
Patient_830,Discharge,302462.6666126114,complete,,,,,,4919.165545531374
Patient_831,Arrival,297610.7476596728,complete,,0.0,,,,
Patient_831,Origem_do Pronto Socorro,297610.7476596728,complete,,,do Pronto Socorro,297610.7476596728,,
Patient_831,CTI (PS),297610.7476596728,start,ctiBeds,0.0,,,,
Patient_831,CTI (PS),308899.2302422925,complete,ctiBeds,0.0,,,,
Patient_831,CTI prepara Encaminhamento,308899.2302422925,start,,0.0,,,,
Patient_831,CTI prepara Encaminhamento,308936.1374462534,complete,,0.0,,,,
Patient_831,Encaminha_para a Clinica Medica,308936.1374462534,complete,,,para a Clinica Medica,308936.1374462534,,
Patient_831,Discharge,308936.1374462534,complete,,,,,,11325.389786580577
Patient_832,Arrival,298168.8138057911,complete,,0.0,,,,
Patient_832,Origem_do Centro Cirurgico,298168.8138057911,complete,,,do Centro Cirurgico,298168.8138057911,,
Patient_832,CTI (CC),298168.8138057911,start,ctiBeds,0.0,,,,
Patient_832,CTI (CC),301309.87462919863,complete,ctiBeds,0.0,,,,
Patient_832,CTI prepara Encaminhamento,301309.87462919863,start,,0.0,,,,
Patient_832,CTI prepara Encaminhamento,301348.996753862,complete,,0.0,,,,
Patient_832,Encaminha_Obito,301348.996753862,complete,,,Obito,301348.996753862,,
Patient_832,Discharge,301348.996753862,complete,,,,,,3180.1829480709275
Patient_833,Arrival,298870.7387250461,complete,,0.0,,,,
Patient_833,Origem_do Pronto Socorro,298870.7387250461,complete,,,do Pronto Socorro,298870.7387250461,,
Patient_833,CTI (PS),298870.7387250461,start,ctiBeds,0.0,,,,
Patient_833,CTI (PS),320471.57234219514,complete,ctiBeds,0.0,,,,
Patient_833,CTI prepara Encaminhamento,320471.57234219514,start,,0.0,,,,
Patient_833,CTI prepara Encaminhamento,320529.92779487756,complete,,0.0,,,,
Patient_833,Encaminha_para a Clinica Cirurgica,320529.92779487756,complete,,,para a Clinica Cirurgica,320529.92779487756,,
Patient_833,Discharge,320529.92779487756,complete,,,,,,21659.189069831453
Patient_834,Arrival,298952.7038172056,complete,,0.0,,,,
Patient_834,Origem_da Clinica Medica,298952.7038172056,complete,,,da Clinica Medica,298952.7038172056,,
Patient_834,CTI (CLIM),298952.7038172056,start,ctiBeds,0.0,,,,
Patient_834,CTI (CLIM),310887.0058551376,complete,ctiBeds,0.0,,,,
Patient_834,CTI prepara Encaminhamento,310887.0058551376,start,,0.0,,,,
Patient_834,CTI prepara Encaminhamento,310939.94684295775,complete,,0.0,,,,
Patient_834,Encaminha_para a Clinica Cirurgica,310939.94684295775,complete,,,para a Clinica Cirurgica,310939.94684295775,,
Patient_834,Discharge,310939.94684295775,complete,,,,,,11987.243025752134
Patient_835,Arrival,299244.1905371781,complete,,0.0,,,,
Patient_835,Origem_do Pronto Socorro,299244.1905371781,complete,,,do Pronto Socorro,299244.1905371781,,
Patient_835,CTI (PS),299244.1905371781,start,ctiBeds,0.0,,,,
Patient_835,CTI (PS),301847.0666269793,complete,ctiBeds,0.0,,,,
Patient_835,CTI prepara Encaminhamento,301847.0666269793,start,,0.0,,,,
Patient_835,CTI prepara Encaminhamento,301899.9104233239,complete,,0.0,,,,
Patient_835,Encaminha_para a Clinica Medica,301899.9104233239,complete,,,para a Clinica Medica,301899.9104233239,,
Patient_835,Discharge,301899.9104233239,complete,,,,,,2655.7198861458455
Patient_836,Arrival,299290.6578728202,complete,,0.0,,,,
Patient_836,Origem_do Centro Cirurgico,299290.6578728202,complete,,,do Centro Cirurgico,299290.6578728202,,
Patient_836,CTI (CC),299290.6578728202,start,ctiBeds,0.0,,,,
Patient_836,CTI (CC),306045.6790061969,complete,ctiBeds,0.0,,,,
Patient_836,CTI prepara Encaminhamento,306045.6790061969,start,,0.0,,,,
Patient_836,CTI prepara Encaminhamento,306095.3765413834,complete,,0.0,,,,
Patient_836,Encaminha_para a Clinica Medica,306095.3765413834,complete,,,para a Clinica Medica,306095.3765413834,,
Patient_836,Discharge,306095.3765413834,complete,,,,,,6804.718668563175
Patient_837,Arrival,299394.1915581591,complete,,0.0,,,,
Patient_837,Origem_da Clinica Medica,299394.1915581591,complete,,,da Clinica Medica,299394.1915581591,,
Patient_837,CTI (CLIM),299394.1915581591,start,ctiBeds,0.0,,,,
Patient_837,CTI (CLIM),309352.27750217856,complete,ctiBeds,0.0,,,,
Patient_837,CTI prepara Encaminhamento,309352.27750217856,start,,0.0,,,,
Patient_837,CTI prepara Encaminhamento,309403.0545555187,complete,,0.0,,,,
Patient_837,Encaminha_Transferencia Externa,309403.0545555187,complete,,,Transferencia Externa,309403.0545555187,,
Patient_837,Discharge,309403.0545555187,complete,,,,,,10008.862997359654
Patient_838,Arrival,299424.60492154217,complete,,0.0,,,,
Patient_838,Origem_do Centro Cirurgico,299424.60492154217,complete,,,do Centro Cirurgico,299424.60492154217,,
Patient_838,CTI (CC),299424.60492154217,start,ctiBeds,0.0,,,,
Patient_838,CTI (CC),311371.16346998786,complete,ctiBeds,0.0,,,,
Patient_838,CTI prepara Encaminhamento,311371.16346998786,start,,0.0,,,,
Patient_838,CTI prepara Encaminhamento,311418.36668578145,complete,,0.0,,,,
Patient_838,Encaminha_para a Clinica Medica,311418.36668578145,complete,,,para a Clinica Medica,311418.36668578145,,
Patient_838,Discharge,311418.36668578145,complete,,,,,,11993.761764239287
Patient_839,Arrival,299761.1806375441,complete,,0.0,,,,
Patient_839,Origem_do Pronto Socorro,299761.1806375441,complete,,,do Pronto Socorro,299761.1806375441,,
Patient_839,CTI (PS),299761.1806375441,start,ctiBeds,0.0,,,,
Patient_839,CTI (PS),307960.0969827141,complete,ctiBeds,0.0,,,,
Patient_839,CTI prepara Encaminhamento,307960.0969827141,start,,0.0,,,,
Patient_839,CTI prepara Encaminhamento,308012.4010358229,complete,,0.0,,,,
Patient_839,Encaminha_para a Clinica Medica,308012.4010358229,complete,,,para a Clinica Medica,308012.4010358229,,
Patient_839,Discharge,308012.4010358229,complete,,,,,,8251.220398278849
Patient_84,Arrival,23738.170419318372,complete,,0.0,,,,
Patient_84,Origem_do Pronto Socorro,23738.170419318372,complete,,,do Pronto Socorro,23738.170419318372,,
Patient_84,CTI (PS),23738.170419318372,start,ctiBeds,0.0,,,,
Patient_84,CTI (PS),36655.568979025564,complete,ctiBeds,0.0,,,,
Patient_84,CTI prepara Encaminhamento,36655.568979025564,start,,0.0,,,,
Patient_84,CTI prepara Encaminhamento,36699.73184888172,complete,,0.0,,,,
Patient_84,Encaminha_Obito,36699.73184888172,complete,,,Obito,36699.73184888172,,
Patient_84,Discharge,36699.73184888172,complete,,,,,,12961.561429563346
Patient_840,Arrival,300390.3830191689,complete,,0.0,,,,
Patient_840,Origem_da Clinica Medica,300390.3830191689,complete,,,da Clinica Medica,300390.3830191689,,
Patient_840,CTI (CLIM),300390.3830191689,start,ctiBeds,0.0,,,,
Patient_840,CTI (CLIM),339377.7850531412,complete,ctiBeds,0.0,,,,
Patient_840,CTI prepara Encaminhamento,339377.7850531412,start,,0.0,,,,
Patient_840,CTI prepara Encaminhamento,339420.448193776,complete,,0.0,,,,
Patient_840,Encaminha_para a Clinica Medica,339420.448193776,complete,,,para a Clinica Medica,339420.448193776,,
Patient_840,Discharge,339420.448193776,complete,,,,,,39030.065174607094
Patient_841,Arrival,300864.44411779236,complete,,0.0,,,,
Patient_841,Origem_do Pronto Socorro,300864.44411779236,complete,,,do Pronto Socorro,300864.44411779236,,
Patient_841,CTI (PS),300864.44411779236,start,ctiBeds,0.0,,,,
Patient_841,CTI (PS),314665.5533040138,complete,ctiBeds,0.0,,,,
Patient_841,CTI prepara Encaminhamento,314665.5533040138,start,,0.0,,,,
Patient_841,CTI prepara Encaminhamento,314698.0760352859,complete,,0.0,,,,
Patient_841,Encaminha_para a Clinica Medica,314698.0760352859,complete,,,para a Clinica Medica,314698.0760352859,,
Patient_841,Discharge,314698.0760352859,complete,,,,,,13833.631917493534
Patient_842,Arrival,301983.8091743359,complete,,0.0,,,,
Patient_842,Origem_da Clinica Cirurgica,301983.8091743359,complete,,,da Clinica Cirurgica,301983.8091743359,,
Patient_842,CTI (CLIC),301983.8091743359,start,ctiBeds,0.0,,,,
Patient_842,CTI (CLIC),304122.98506893497,complete,ctiBeds,0.0,,,,
Patient_842,CTI prepara Encaminhamento,304122.98506893497,start,,0.0,,,,
Patient_842,CTI prepara Encaminhamento,304176.5454966461,complete,,0.0,,,,
Patient_842,Encaminha_para a Clinica Cirurgica,304176.5454966461,complete,,,para a Clinica Cirurgica,304176.5454966461,,
Patient_842,Discharge,304176.5454966461,complete,,,,,,2192.736322310171
Patient_843,Arrival,303341.7831921045,complete,,0.0,,,,
Patient_843,Origem_do Pronto Socorro,303341.7831921045,complete,,,do Pronto Socorro,303341.7831921045,,
Patient_843,CTI (PS),303341.7831921045,start,ctiBeds,0.0,,,,
Patient_843,CTI (PS),320957.6296074906,complete,ctiBeds,0.0,,,,
Patient_843,CTI prepara Encaminhamento,320957.6296074906,start,,0.0,,,,
Patient_843,CTI prepara Encaminhamento,321000.4874069052,complete,,0.0,,,,
Patient_843,Encaminha_Transferencia Externa,321000.4874069052,complete,,,Transferencia Externa,321000.4874069052,,
Patient_843,Discharge,321000.4874069052,complete,,,,,,17658.70421480073
Patient_844,Arrival,304130.15810286865,complete,,0.0,,,,
Patient_844,Origem_do Centro Cirurgico,304130.15810286865,complete,,,do Centro Cirurgico,304130.15810286865,,
Patient_844,CTI (CC),304130.15810286865,start,ctiBeds,0.0,,,,
Patient_844,CTI (CC),306532.16454294743,complete,ctiBeds,0.0,,,,
Patient_844,CTI prepara Encaminhamento,306532.16454294743,start,,0.0,,,,
Patient_844,CTI prepara Encaminhamento,306568.47474341176,complete,,0.0,,,,
Patient_844,Encaminha_para a Clinica Cirurgica,306568.47474341176,complete,,,para a Clinica Cirurgica,306568.47474341176,,
Patient_844,Discharge,306568.47474341176,complete,,,,,,2438.316640543111
Patient_845,Arrival,304414.87939002994,complete,,0.0,,,,
Patient_845,Origem_do Pronto Socorro,304414.87939002994,complete,,,do Pronto Socorro,304414.87939002994,,
Patient_845,CTI (PS),304414.87939002994,start,ctiBeds,0.0,,,,
Patient_845,CTI (PS),307519.4353694359,complete,ctiBeds,0.0,,,,
Patient_845,CTI prepara Encaminhamento,307519.4353694359,start,,0.0,,,,
Patient_845,CTI prepara Encaminhamento,307551.84373722645,complete,,0.0,,,,
Patient_845,Encaminha_para a Clinica Medica,307551.84373722645,complete,,,para a Clinica Medica,307551.84373722645,,
Patient_845,Discharge,307551.84373722645,complete,,,,,,3136.96434719651
Patient_846,Arrival,305403.6728216033,complete,,0.0,,,,
Patient_846,Origem_do Centro Cirurgico,305403.6728216033,complete,,,do Centro Cirurgico,305403.6728216033,,
Patient_846,CTI (CC),305403.6728216033,start,ctiBeds,0.0,,,,
Patient_846,CTI (CC),306666.9530524353,complete,ctiBeds,0.0,,,,
Patient_846,CTI prepara Encaminhamento,306666.9530524353,start,,0.0,,,,
Patient_846,CTI prepara Encaminhamento,306714.25719568087,complete,,0.0,,,,
Patient_846,Encaminha_Obito,306714.25719568087,complete,,,Obito,306714.25719568087,,
Patient_846,Discharge,306714.25719568087,complete,,,,,,1310.58437407756
Patient_847,Arrival,306641.32406932925,complete,,0.0,,,,
Patient_847,Origem_do Centro Cirurgico,306641.32406932925,complete,,,do Centro Cirurgico,306641.32406932925,,
Patient_847,CTI (CC),306641.32406932925,start,ctiBeds,0.0,,,,
Patient_847,CTI (CC),307175.3087512139,complete,ctiBeds,0.0,,,,
Patient_847,CTI prepara Encaminhamento,307175.3087512139,start,,0.0,,,,
Patient_847,CTI prepara Encaminhamento,307222.7593052286,complete,,0.0,,,,
Patient_847,Encaminha_Obito,307222.7593052286,complete,,,Obito,307222.7593052286,,
Patient_847,Discharge,307222.7593052286,complete,,,,,,581.4352358993492
Patient_848,Arrival,306988.261116054,complete,,0.0,,,,
Patient_848,Origem_do Pronto Socorro,306988.261116054,complete,,,do Pronto Socorro,306988.261116054,,
Patient_848,CTI (PS),306988.261116054,start,ctiBeds,0.0,,,,
Patient_848,CTI (PS),307851.88821887725,complete,ctiBeds,0.0,,,,
Patient_848,CTI prepara Encaminhamento,307851.88821887725,start,,0.0,,,,
Patient_848,CTI prepara Encaminhamento,307901.0119571593,complete,,0.0,,,,
Patient_848,Encaminha_Obito,307901.0119571593,complete,,,Obito,307901.0119571593,,
Patient_848,Discharge,307901.0119571593,complete,,,,,,912.7508411052986
Patient_849,Arrival,307254.22121805086,complete,,0.0,,,,
Patient_849,Origem_do Centro Cirurgico,307254.22121805086,complete,,,do Centro Cirurgico,307254.22121805086,,
Patient_849,CTI (CC),307254.22121805086,start,ctiBeds,0.0,,,,
Patient_849,CTI (CC),309328.0562961261,complete,ctiBeds,0.0,,,,
Patient_849,CTI prepara Encaminhamento,309328.0562961261,start,,0.0,,,,
Patient_849,CTI prepara Encaminhamento,309367.5537034502,complete,,0.0,,,,
Patient_849,Encaminha_Obito,309367.5537034502,complete,,,Obito,309367.5537034502,,
Patient_849,Discharge,309367.5537034502,complete,,,,,,2113.3324853993254
Patient_85,Arrival,23800.948797321715,complete,,0.0,,,,
Patient_85,Origem_do Pronto Socorro,23800.948797321715,complete,,,do Pronto Socorro,23800.948797321715,,
Patient_85,CTI (PS),23800.948797321715,start,ctiBeds,0.0,,,,
Patient_85,CTI (PS),28685.993299407215,complete,ctiBeds,0.0,,,,
Patient_85,CTI prepara Encaminhamento,28685.993299407215,start,,0.0,,,,
Patient_85,CTI prepara Encaminhamento,28735.389007929254,complete,,0.0,,,,
Patient_85,Encaminha_para a Clinica Medica,28735.389007929254,complete,,,para a Clinica Medica,28735.389007929254,,
Patient_85,Discharge,28735.389007929254,complete,,,,,,4934.4402106075395
Patient_850,Arrival,307337.89998092555,complete,,0.0,,,,
Patient_850,Origem_do Centro Cirurgico,307337.89998092555,complete,,,do Centro Cirurgico,307337.89998092555,,
Patient_850,CTI (CC),307337.89998092555,start,ctiBeds,0.0,,,,
Patient_850,CTI (CC),318112.30386232387,complete,ctiBeds,0.0,,,,
Patient_850,CTI prepara Encaminhamento,318112.30386232387,start,,0.0,,,,
Patient_850,CTI prepara Encaminhamento,318164.42522441386,complete,,0.0,,,,
Patient_850,Encaminha_para a Clinica Medica,318164.42522441386,complete,,,para a Clinica Medica,318164.42522441386,,
Patient_850,Discharge,318164.42522441386,complete,,,,,,10826.525243488315
Patient_851,Arrival,308816.8479712677,complete,,0.0,,,,
Patient_851,Origem_da Clinica Medica,308816.8479712677,complete,,,da Clinica Medica,308816.8479712677,,
Patient_851,CTI (CLIM),308816.8479712677,start,ctiBeds,0.0,,,,
Patient_851,CTI (CLIM),310493.5569137508,complete,ctiBeds,0.0,,,,
Patient_851,CTI prepara Encaminhamento,310493.5569137508,start,,0.0,,,,
Patient_851,CTI prepara Encaminhamento,310550.370673254,complete,,0.0,,,,
Patient_851,Encaminha_para a Clinica Medica,310550.370673254,complete,,,para a Clinica Medica,310550.370673254,,
Patient_851,Discharge,310550.370673254,complete,,,,,,1733.5227019863087
Patient_852,Arrival,309746.48372105666,complete,,0.0,,,,
Patient_852,Origem_do Centro Cirurgico,309746.48372105666,complete,,,do Centro Cirurgico,309746.48372105666,,
Patient_852,CTI (CC),309746.48372105666,start,ctiBeds,0.0,,,,
Patient_852,CTI (CC),312192.59495219245,complete,ctiBeds,0.0,,,,
Patient_852,CTI prepara Encaminhamento,312192.59495219245,start,,0.0,,,,
Patient_852,CTI prepara Encaminhamento,312224.45964499697,complete,,0.0,,,,
Patient_852,Encaminha_para a Clinica Cirurgica,312224.45964499697,complete,,,para a Clinica Cirurgica,312224.45964499697,,
Patient_852,Discharge,312224.45964499697,complete,,,,,,2477.9759239403065
Patient_853,Arrival,309791.8125369608,complete,,0.0,,,,
Patient_853,Origem_do Pronto Socorro,309791.8125369608,complete,,,do Pronto Socorro,309791.8125369608,,
Patient_853,CTI (PS),309791.8125369608,start,ctiBeds,0.0,,,,
Patient_853,CTI (PS),330429.6967503342,complete,ctiBeds,0.0,,,,
Patient_853,CTI prepara Encaminhamento,330429.6967503342,start,,0.0,,,,
Patient_853,CTI prepara Encaminhamento,330467.09805971396,complete,,0.0,,,,
Patient_853,Encaminha_Obito,330467.09805971396,complete,,,Obito,330467.09805971396,,
Patient_853,Discharge,330467.09805971396,complete,,,,,,20675.28552275314
Patient_854,Arrival,310375.52661473583,complete,,0.0,,,,
Patient_854,Origem_do Pronto Socorro,310375.52661473583,complete,,,do Pronto Socorro,310375.52661473583,,
Patient_854,CTI (PS),310375.52661473583,start,ctiBeds,0.0,,,,
Patient_854,CTI (PS),322001.90818676644,complete,ctiBeds,0.0,,,,
Patient_854,CTI prepara Encaminhamento,322001.90818676644,start,,0.0,,,,
Patient_854,CTI prepara Encaminhamento,322042.8978670661,complete,,0.0,,,,
Patient_854,Encaminha_Obito,322042.8978670661,complete,,,Obito,322042.8978670661,,
Patient_854,Discharge,322042.8978670661,complete,,,,,,11667.371252330253
Patient_855,Arrival,310884.16412919376,complete,,0.0,,,,
Patient_855,Origem_do Pronto Socorro,310884.16412919376,complete,,,do Pronto Socorro,310884.16412919376,,
Patient_855,CTI (PS),310884.16412919376,start,ctiBeds,0.0,,,,
Patient_855,CTI (PS),315020.01481950714,complete,ctiBeds,0.0,,,,
Patient_855,CTI prepara Encaminhamento,315020.01481950714,start,,0.0,,,,
Patient_855,CTI prepara Encaminhamento,315077.60920119897,complete,,0.0,,,,
Patient_855,Encaminha_para a Clinica Medica,315077.60920119897,complete,,,para a Clinica Medica,315077.60920119897,,
Patient_855,Discharge,315077.60920119897,complete,,,,,,4193.445072005212
Patient_856,Arrival,311001.95958227303,complete,,0.0,,,,
Patient_856,Origem_do Centro Cirurgico,311001.95958227303,complete,,,do Centro Cirurgico,311001.95958227303,,
Patient_856,CTI (CC),311001.95958227303,start,ctiBeds,0.0,,,,
Patient_856,CTI (CC),312602.7438864122,complete,ctiBeds,0.0,,,,
Patient_856,CTI prepara Encaminhamento,312602.7438864122,start,,0.0,,,,
Patient_856,CTI prepara Encaminhamento,312661.49493752175,complete,,0.0,,,,
Patient_856,Encaminha_para a Clinica Cirurgica,312661.49493752175,complete,,,para a Clinica Cirurgica,312661.49493752175,,
Patient_856,Discharge,312661.49493752175,complete,,,,,,1659.5353552487213
Patient_857,Arrival,312332.67328276025,complete,,0.0,,,,
Patient_857,Origem_do Centro Cirurgico,312332.67328276025,complete,,,do Centro Cirurgico,312332.67328276025,,
Patient_857,CTI (CC),312332.67328276025,start,ctiBeds,0.0,,,,
Patient_857,CTI (CC),316053.1956360009,complete,ctiBeds,0.0,,,,
Patient_857,CTI prepara Encaminhamento,316053.1956360009,start,,0.0,,,,
Patient_857,CTI prepara Encaminhamento,316103.348207549,complete,,0.0,,,,
Patient_857,Encaminha_para a Clinica Cirurgica,316103.348207549,complete,,,para a Clinica Cirurgica,316103.348207549,,
Patient_857,Discharge,316103.348207549,complete,,,,,,3770.6749247887637
Patient_858,Arrival,313060.53297030245,complete,,0.0,,,,
Patient_858,Origem_da Clinica Medica,313060.53297030245,complete,,,da Clinica Medica,313060.53297030245,,
Patient_858,CTI (CLIM),313060.53297030245,start,ctiBeds,0.0,,,,
Patient_858,CTI (CLIM),346189.05672788585,complete,ctiBeds,0.0,,,,
Patient_858,CTI prepara Encaminhamento,346189.05672788585,start,,0.0,,,,
Patient_858,CTI prepara Encaminhamento,346231.3950044413,complete,,0.0,,,,
Patient_858,Encaminha_para a Clinica Cirurgica,346231.3950044413,complete,,,para a Clinica Cirurgica,346231.3950044413,,
Patient_858,Discharge,346231.3950044413,complete,,,,,,33170.862034138874
Patient_859,Arrival,313954.8806343551,complete,,0.0,,,,
Patient_859,Origem_do Centro Cirurgico,313954.8806343551,complete,,,do Centro Cirurgico,313954.8806343551,,
Patient_859,CTI (CC),313954.8806343551,start,ctiBeds,0.0,,,,
Patient_859,CTI (CC),314658.8101375945,complete,ctiBeds,0.0,,,,
Patient_859,CTI prepara Encaminhamento,314658.8101375945,start,,0.0,,,,
Patient_859,CTI prepara Encaminhamento,314701.74777151254,complete,,0.0,,,,
Patient_859,Encaminha_Transferencia Externa,314701.74777151254,complete,,,Transferencia Externa,314701.74777151254,,
Patient_859,Discharge,314701.74777151254,complete,,,,,,746.8671371574164
Patient_86,Arrival,25290.0535911769,complete,,0.0,,,,
Patient_86,Origem_do Centro Cirurgico,25290.0535911769,complete,,,do Centro Cirurgico,25290.0535911769,,
Patient_86,CTI (CC),25290.0535911769,start,ctiBeds,0.0,,,,
Patient_86,CTI (CC),25646.654596655397,complete,ctiBeds,0.0,,,,
Patient_86,CTI prepara Encaminhamento,25646.654596655397,start,,0.0,,,,
Patient_86,CTI prepara Encaminhamento,25695.57196908409,complete,,0.0,,,,
Patient_86,Encaminha_Obito,25695.57196908409,complete,,,Obito,25695.57196908409,,
Patient_86,Discharge,25695.57196908409,complete,,,,,,405.51837790718855
Patient_860,Arrival,314348.05928147695,complete,,0.0,,,,
Patient_860,Origem_do Pronto Socorro,314348.05928147695,complete,,,do Pronto Socorro,314348.05928147695,,
Patient_860,CTI (PS),314348.05928147695,start,ctiBeds,0.0,,,,
Patient_860,CTI (PS),317708.92829172354,complete,ctiBeds,0.0,,,,
Patient_860,CTI prepara Encaminhamento,317708.92829172354,start,,0.0,,,,
Patient_860,CTI prepara Encaminhamento,317755.6852481784,complete,,0.0,,,,
Patient_860,Encaminha_Obito,317755.6852481784,complete,,,Obito,317755.6852481784,,
Patient_860,Discharge,317755.6852481784,complete,,,,,,3407.6259667014237
Patient_861,Arrival,315727.75790903583,complete,,0.0,,,,
Patient_861,Origem_da Clinica Medica,315727.75790903583,complete,,,da Clinica Medica,315727.75790903583,,
Patient_861,CTI (CLIM),315727.75790903583,start,ctiBeds,0.0,,,,
Patient_861,CTI (CLIM),316141.4223815174,complete,ctiBeds,0.0,,,,
Patient_861,CTI prepara Encaminhamento,316141.4223815174,start,,0.0,,,,
Patient_861,CTI prepara Encaminhamento,316184.13091254473,complete,,0.0,,,,
Patient_861,Encaminha_para a Clinica Cirurgica,316184.13091254473,complete,,,para a Clinica Cirurgica,316184.13091254473,,
Patient_861,Discharge,316184.13091254473,complete,,,,,,456.37300350889564
Patient_862,Arrival,315789.71188566234,complete,,0.0,,,,
Patient_862,Origem_do Centro Cirurgico,315789.71188566234,complete,,,do Centro Cirurgico,315789.71188566234,,
Patient_862,CTI (CC),315789.71188566234,start,ctiBeds,0.0,,,,
Patient_862,CTI (CC),316988.3883398655,complete,ctiBeds,0.0,,,,
Patient_862,CTI prepara Encaminhamento,316988.3883398655,start,,0.0,,,,
Patient_862,CTI prepara Encaminhamento,317035.52124958916,complete,,0.0,,,,
Patient_862,Encaminha_para a Clinica Cirurgica,317035.52124958916,complete,,,para a Clinica Cirurgica,317035.52124958916,,
Patient_862,Discharge,317035.52124958916,complete,,,,,,1245.809363926819
Patient_863,Arrival,315832.80123032973,complete,,0.0,,,,
Patient_863,Origem_do Centro Cirurgico,315832.80123032973,complete,,,do Centro Cirurgico,315832.80123032973,,
Patient_863,CTI (CC),315832.80123032973,start,ctiBeds,0.0,,,,
Patient_863,CTI (CC),341959.61682827305,complete,ctiBeds,0.0,,,,
Patient_863,CTI prepara Encaminhamento,341959.61682827305,start,,0.0,,,,
Patient_863,CTI prepara Encaminhamento,341992.8942101549,complete,,0.0,,,,
Patient_863,Encaminha_para a Clinica Medica,341992.8942101549,complete,,,para a Clinica Medica,341992.8942101549,,
Patient_863,Discharge,341992.8942101549,complete,,,,,,26160.09297982516
Patient_864,Arrival,316219.72308931826,complete,,0.0,,,,
Patient_864,Origem_do Centro Cirurgico,316219.72308931826,complete,,,do Centro Cirurgico,316219.72308931826,,
Patient_864,CTI (CC),316219.72308931826,start,ctiBeds,0.0,,,,
Patient_864,CTI (CC),324934.5300786113,complete,ctiBeds,0.0,,,,
Patient_864,CTI prepara Encaminhamento,324934.5300786113,start,,0.0,,,,
Patient_864,CTI prepara Encaminhamento,324972.3757080281,complete,,0.0,,,,
Patient_864,Encaminha_para a Clinica Medica,324972.3757080281,complete,,,para a Clinica Medica,324972.3757080281,,
Patient_864,Discharge,324972.3757080281,complete,,,,,,8752.652618709835
Patient_865,Arrival,316962.49154183874,complete,,0.0,,,,
Patient_865,Origem_do Pronto Socorro,316962.49154183874,complete,,,do Pronto Socorro,316962.49154183874,,
Patient_865,CTI (PS),316962.49154183874,start,ctiBeds,0.0,,,,
Patient_865,CTI (PS),321296.12171725003,complete,ctiBeds,0.0,,,,
Patient_865,CTI prepara Encaminhamento,321296.12171725003,start,,0.0,,,,
Patient_865,CTI prepara Encaminhamento,321341.6166111539,complete,,0.0,,,,
Patient_865,Encaminha_para a Clinica Medica,321341.6166111539,complete,,,para a Clinica Medica,321341.6166111539,,
Patient_865,Discharge,321341.6166111539,complete,,,,,,4379.125069315138
Patient_866,Arrival,317210.31117748894,complete,,0.0,,,,
Patient_866,Origem_da Clinica Medica,317210.31117748894,complete,,,da Clinica Medica,317210.31117748894,,
Patient_866,CTI (CLIM),317210.31117748894,start,ctiBeds,0.0,,,,
Patient_866,CTI (CLIM),328007.9925564263,complete,ctiBeds,0.0,,,,
Patient_866,CTI prepara Encaminhamento,328007.9925564263,start,,0.0,,,,
Patient_866,CTI prepara Encaminhamento,328046.2865180932,complete,,0.0,,,,
Patient_866,Encaminha_para a Clinica Cirurgica,328046.2865180932,complete,,,para a Clinica Cirurgica,328046.2865180932,,
Patient_866,Discharge,328046.2865180932,complete,,,,,,10835.975340604258
Patient_867,Arrival,318632.3779497512,complete,,0.0,,,,
Patient_867,Origem_da Clinica Cirurgica,318632.3779497512,complete,,,da Clinica Cirurgica,318632.3779497512,,
Patient_867,CTI (CLIC),318632.3779497512,start,ctiBeds,0.0,,,,
Patient_867,CTI (CLIC),321386.68383041513,complete,ctiBeds,0.0,,,,
Patient_867,CTI prepara Encaminhamento,321386.68383041513,start,,0.0,,,,
Patient_867,CTI prepara Encaminhamento,321436.0868134938,complete,,0.0,,,,
Patient_867,Encaminha_para a Clinica Cirurgica,321436.0868134938,complete,,,para a Clinica Cirurgica,321436.0868134938,,
Patient_867,Discharge,321436.0868134938,complete,,,,,,2803.7088637425913
Patient_868,Arrival,318744.32018928387,complete,,0.0,,,,
Patient_868,Origem_da Clinica Medica,318744.32018928387,complete,,,da Clinica Medica,318744.32018928387,,
Patient_868,CTI (CLIM),318744.32018928387,start,ctiBeds,0.0,,,,
Patient_868,CTI (CLIM),338728.31233617745,complete,ctiBeds,0.0,,,,
Patient_868,CTI prepara Encaminhamento,338728.31233617745,start,,0.0,,,,
Patient_868,CTI prepara Encaminhamento,338769.01288063714,complete,,0.0,,,,
Patient_868,Encaminha_para a Clinica Cirurgica,338769.01288063714,complete,,,para a Clinica Cirurgica,338769.01288063714,,
Patient_868,Discharge,338769.01288063714,complete,,,,,,20024.692691353266
Patient_869,Arrival,320334.033075222,complete,,0.0,,,,
Patient_869,Origem_da Clinica Cirurgica,320334.033075222,complete,,,da Clinica Cirurgica,320334.033075222,,
Patient_869,CTI (CLIC),320334.033075222,start,ctiBeds,0.0,,,,
Patient_869,CTI (CLIC),354846.4782415751,complete,ctiBeds,0.0,,,,
Patient_869,CTI prepara Encaminhamento,354846.4782415751,start,,0.0,,,,
Patient_869,CTI prepara Encaminhamento,354888.7050878164,complete,,0.0,,,,
Patient_869,Encaminha_Obito,354888.7050878164,complete,,,Obito,354888.7050878164,,
Patient_869,Discharge,354888.7050878164,complete,,,,,,34554.67201259441
Patient_87,Arrival,25585.186540084236,complete,,0.0,,,,
Patient_87,Origem_do Centro Cirurgico,25585.186540084236,complete,,,do Centro Cirurgico,25585.186540084236,,
Patient_87,CTI (CC),25585.186540084236,start,ctiBeds,0.0,,,,
Patient_87,CTI (CC),26247.471513623823,complete,ctiBeds,0.0,,,,
Patient_87,CTI prepara Encaminhamento,26247.471513623823,start,,0.0,,,,
Patient_87,CTI prepara Encaminhamento,26286.52454643714,complete,,0.0,,,,
Patient_87,Encaminha_para a Clinica Medica,26286.52454643714,complete,,,para a Clinica Medica,26286.52454643714,,
Patient_87,Discharge,26286.52454643714,complete,,,,,,701.3380063529039
Patient_870,Arrival,320909.98205157294,complete,,0.0,,,,
Patient_870,Origem_do Pronto Socorro,320909.98205157294,complete,,,do Pronto Socorro,320909.98205157294,,
Patient_870,CTI (PS),320909.98205157294,start,ctiBeds,0.0,,,,
Patient_870,CTI (PS),326083.24659805995,complete,ctiBeds,0.0,,,,
Patient_870,CTI prepara Encaminhamento,326083.24659805995,start,,0.0,,,,
Patient_870,CTI prepara Encaminhamento,326134.5360109113,complete,,0.0,,,,
Patient_870,Encaminha_para a Clinica Cirurgica,326134.5360109113,complete,,,para a Clinica Cirurgica,326134.5360109113,,
Patient_870,Discharge,326134.5360109113,complete,,,,,,5224.553959338344
Patient_871,Arrival,321380.36024819827,complete,,0.0,,,,
Patient_871,Origem_do Pronto Socorro,321380.36024819827,complete,,,do Pronto Socorro,321380.36024819827,,
Patient_871,CTI (PS),321380.36024819827,start,ctiBeds,0.0,,,,
Patient_871,CTI (PS),327965.97339023894,complete,ctiBeds,0.0,,,,
Patient_871,CTI prepara Encaminhamento,327965.97339023894,start,,0.0,,,,
Patient_871,CTI prepara Encaminhamento,328001.93871718494,complete,,0.0,,,,
Patient_871,Encaminha_Obito,328001.93871718494,complete,,,Obito,328001.93871718494,,
Patient_871,Discharge,328001.93871718494,complete,,,,,,6621.5784689866705
Patient_872,Arrival,321636.5585856037,complete,,0.0,,,,
Patient_872,Origem_do Centro Cirurgico,321636.5585856037,complete,,,do Centro Cirurgico,321636.5585856037,,
Patient_872,CTI (CC),321636.5585856037,start,ctiBeds,0.0,,,,
Patient_872,CTI (CC),325285.75202117953,complete,ctiBeds,0.0,,,,
Patient_872,CTI prepara Encaminhamento,325285.75202117953,start,,0.0,,,,
Patient_872,CTI prepara Encaminhamento,325336.6455420768,complete,,0.0,,,,
Patient_872,Encaminha_para a Clinica Cirurgica,325336.6455420768,complete,,,para a Clinica Cirurgica,325336.6455420768,,
Patient_872,Discharge,325336.6455420768,complete,,,,,,3700.0869564730674
Patient_873,Arrival,321740.1279723225,complete,,0.0,,,,
Patient_873,Origem_do Pronto Socorro,321740.1279723225,complete,,,do Pronto Socorro,321740.1279723225,,
Patient_873,CTI (PS),321740.1279723225,start,ctiBeds,0.0,,,,
Patient_873,CTI (PS),330355.3758844789,complete,ctiBeds,0.0,,,,
Patient_873,CTI prepara Encaminhamento,330355.3758844789,start,,0.0,,,,
Patient_873,CTI prepara Encaminhamento,330394.2373772761,complete,,0.0,,,,
Patient_873,Encaminha_Obito,330394.2373772761,complete,,,Obito,330394.2373772761,,
Patient_873,Discharge,330394.2373772761,complete,,,,,,8654.109404953604
Patient_874,Arrival,323061.04190538253,complete,,0.0,,,,
Patient_874,Origem_do Centro Cirurgico,323061.04190538253,complete,,,do Centro Cirurgico,323061.04190538253,,
Patient_874,CTI (CC),323061.04190538253,start,ctiBeds,0.0,,,,
Patient_874,CTI (CC),330072.43010756845,complete,ctiBeds,0.0,,,,
Patient_874,CTI prepara Encaminhamento,330072.43010756845,start,,0.0,,,,
Patient_874,CTI prepara Encaminhamento,330104.0724251177,complete,,0.0,,,,
Patient_874,Encaminha_para a Clinica Cirurgica,330104.0724251177,complete,,,para a Clinica Cirurgica,330104.0724251177,,
Patient_874,Discharge,330104.0724251177,complete,,,,,,7043.0305197351845
Patient_875,Arrival,323252.75607430434,complete,,0.0,,,,
Patient_875,Origem_da Clinica Medica,323252.75607430434,complete,,,da Clinica Medica,323252.75607430434,,
Patient_875,CTI (CLIM),323252.75607430434,start,ctiBeds,0.0,,,,
Patient_875,CTI (CLIM),326863.68374424626,complete,ctiBeds,0.0,,,,
Patient_875,CTI prepara Encaminhamento,326863.68374424626,start,,0.0,,,,
Patient_875,CTI prepara Encaminhamento,326897.65406136797,complete,,0.0,,,,
Patient_875,Encaminha_para a Clinica Medica,326897.65406136797,complete,,,para a Clinica Medica,326897.65406136797,,
Patient_875,Discharge,326897.65406136797,complete,,,,,,3644.897987063625
Patient_876,Arrival,323439.59902271145,complete,,0.0,,,,
Patient_876,Origem_do Centro Cirurgico,323439.59902271145,complete,,,do Centro Cirurgico,323439.59902271145,,
Patient_876,CTI (CC),323439.59902271145,start,ctiBeds,0.0,,,,
Patient_876,CTI (CC),328808.9907347403,complete,ctiBeds,0.0,,,,
Patient_876,CTI prepara Encaminhamento,328808.9907347403,start,,0.0,,,,
Patient_876,CTI prepara Encaminhamento,328849.84097893233,complete,,0.0,,,,
Patient_876,Encaminha_para a Clinica Medica,328849.84097893233,complete,,,para a Clinica Medica,328849.84097893233,,
Patient_876,Discharge,328849.84097893233,complete,,,,,,5410.241956220882
Patient_877,Arrival,324354.8634235484,complete,,0.0,,,,
Patient_877,Origem_do Pronto Socorro,324354.8634235484,complete,,,do Pronto Socorro,324354.8634235484,,
Patient_877,CTI (PS),324354.8634235484,start,ctiBeds,0.0,,,,
Patient_877,CTI (PS),333012.3936570348,complete,ctiBeds,0.0,,,,
Patient_877,CTI prepara Encaminhamento,333012.3936570348,start,,0.0,,,,
Patient_877,CTI prepara Encaminhamento,333062.57188562845,complete,,0.0,,,,
Patient_877,Encaminha_para a Clinica Cirurgica,333062.57188562845,complete,,,para a Clinica Cirurgica,333062.57188562845,,
Patient_877,Discharge,333062.57188562845,complete,,,,,,8707.708462080045
Patient_878,Arrival,324557.71324964205,complete,,0.0,,,,
Patient_878,Origem_do Pronto Socorro,324557.71324964205,complete,,,do Pronto Socorro,324557.71324964205,,
Patient_878,CTI (PS),324557.71324964205,start,ctiBeds,0.0,,,,
Patient_878,CTI (PS),329308.1501359871,complete,ctiBeds,0.0,,,,
Patient_878,CTI prepara Encaminhamento,329308.1501359871,start,,0.0,,,,
Patient_878,CTI prepara Encaminhamento,329350.0202632235,complete,,0.0,,,,
Patient_878,Encaminha_para a Clinica Medica,329350.0202632235,complete,,,para a Clinica Medica,329350.0202632235,,
Patient_878,Discharge,329350.0202632235,complete,,,,,,4792.307013581449
Patient_879,Arrival,324728.5383443285,complete,,0.0,,,,
Patient_879,Origem_do Centro Cirurgico,324728.5383443285,complete,,,do Centro Cirurgico,324728.5383443285,,
Patient_879,CTI (CC),324728.5383443285,start,ctiBeds,0.0,,,,
Patient_879,CTI (CC),329538.1085052371,complete,ctiBeds,0.0,,,,
Patient_879,CTI prepara Encaminhamento,329538.1085052371,start,,0.0,,,,
Patient_879,CTI prepara Encaminhamento,329595.0812966378,complete,,0.0,,,,
Patient_879,Encaminha_para a Clinica Medica,329595.0812966378,complete,,,para a Clinica Medica,329595.0812966378,,
Patient_879,Discharge,329595.0812966378,complete,,,,,,4866.542952309304
Patient_88,Arrival,26822.852750651233,complete,,0.0,,,,
Patient_88,Origem_do Centro Cirurgico,26822.852750651233,complete,,,do Centro Cirurgico,26822.852750651233,,
Patient_88,CTI (CC),26822.852750651233,start,ctiBeds,0.0,,,,
Patient_88,CTI (CC),28767.772105603068,complete,ctiBeds,0.0,,,,
Patient_88,CTI prepara Encaminhamento,28767.772105603068,start,,0.0,,,,
Patient_88,CTI prepara Encaminhamento,28803.50311487177,complete,,0.0,,,,
Patient_88,Encaminha_para a Clinica Medica,28803.50311487177,complete,,,para a Clinica Medica,28803.50311487177,,
Patient_88,Discharge,28803.50311487177,complete,,,,,,1980.650364220539
Patient_880,Arrival,324782.0315378498,complete,,0.0,,,,
Patient_880,Origem_do Centro Cirurgico,324782.0315378498,complete,,,do Centro Cirurgico,324782.0315378498,,
Patient_880,CTI (CC),324782.0315378498,start,ctiBeds,0.0,,,,
Patient_880,CTI (CC),326126.1107052637,complete,ctiBeds,0.0,,,,
Patient_880,CTI prepara Encaminhamento,326126.1107052637,start,,0.0,,,,
Patient_880,CTI prepara Encaminhamento,326181.28726082185,complete,,0.0,,,,
Patient_880,Encaminha_para a Clinica Cirurgica,326181.28726082185,complete,,,para a Clinica Cirurgica,326181.28726082185,,
Patient_880,Discharge,326181.28726082185,complete,,,,,,1399.2557229720405
Patient_881,Arrival,324801.5949852267,complete,,0.0,,,,
Patient_881,Origem_da Clinica Cirurgica,324801.5949852267,complete,,,da Clinica Cirurgica,324801.5949852267,,
Patient_881,CTI (CLIC),324801.5949852267,start,ctiBeds,0.0,,,,
Patient_881,CTI (CLIC),325502.1277076702,complete,ctiBeds,0.0,,,,
Patient_881,CTI prepara Encaminhamento,325502.1277076702,start,,0.0,,,,
Patient_881,CTI prepara Encaminhamento,325542.769092447,complete,,0.0,,,,
Patient_881,Encaminha_para a Clinica Medica,325542.769092447,complete,,,para a Clinica Medica,325542.769092447,,
Patient_881,Discharge,325542.769092447,complete,,,,,,741.1741072203149
Patient_882,Arrival,325122.00878935226,complete,,0.0,,,,
Patient_882,Origem_do Centro Cirurgico,325122.00878935226,complete,,,do Centro Cirurgico,325122.00878935226,,
Patient_882,CTI (CC),325122.00878935226,start,ctiBeds,0.0,,,,
Patient_882,CTI (CC),326184.6811017429,complete,ctiBeds,0.0,,,,
Patient_882,CTI prepara Encaminhamento,326184.6811017429,start,,0.0,,,,
Patient_882,CTI prepara Encaminhamento,326224.0177265696,complete,,0.0,,,,
Patient_882,Encaminha_para a Clinica Cirurgica,326224.0177265696,complete,,,para a Clinica Cirurgica,326224.0177265696,,
Patient_882,Discharge,326224.0177265696,complete,,,,,,1102.0089372173534
Patient_883,Arrival,325291.511471795,complete,,0.0,,,,
Patient_883,Origem_do Pronto Socorro,325291.511471795,complete,,,do Pronto Socorro,325291.511471795,,
Patient_883,CTI (PS),325291.511471795,start,ctiBeds,0.0,,,,
Patient_883,CTI (PS),331481.7865457876,complete,ctiBeds,0.0,,,,
Patient_883,CTI prepara Encaminhamento,331481.7865457876,start,,0.0,,,,
Patient_883,CTI prepara Encaminhamento,331537.33555030683,complete,,0.0,,,,
Patient_883,Encaminha_para a Clinica Cirurgica,331537.33555030683,complete,,,para a Clinica Cirurgica,331537.33555030683,,
Patient_883,Discharge,331537.33555030683,complete,,,,,,6245.824078511854
Patient_884,Arrival,326470.5236650188,complete,,0.0,,,,
Patient_884,Origem_do Pronto Socorro,326470.5236650188,complete,,,do Pronto Socorro,326470.5236650188,,
Patient_884,CTI (PS),326470.5236650188,start,ctiBeds,0.0,,,,
Patient_884,CTI (PS),333064.3830289072,complete,ctiBeds,0.0,,,,
Patient_884,CTI prepara Encaminhamento,333064.3830289072,start,,0.0,,,,
Patient_884,CTI prepara Encaminhamento,333110.04977513605,complete,,0.0,,,,
Patient_884,Encaminha_para a Clinica Medica,333110.04977513605,complete,,,para a Clinica Medica,333110.04977513605,,
Patient_884,Discharge,333110.04977513605,complete,,,,,,6639.5261101172655
Patient_885,Arrival,327369.06423523894,complete,,0.0,,,,
Patient_885,Origem_do Pronto Socorro,327369.06423523894,complete,,,do Pronto Socorro,327369.06423523894,,
Patient_885,CTI (PS),327369.06423523894,start,ctiBeds,0.0,,,,
Patient_885,CTI (PS),332559.7204082559,complete,ctiBeds,0.0,,,,
Patient_885,CTI prepara Encaminhamento,332559.7204082559,start,,0.0,,,,
Patient_885,CTI prepara Encaminhamento,332614.6953007923,complete,,0.0,,,,
Patient_885,Encaminha_para a Clinica Medica,332614.6953007923,complete,,,para a Clinica Medica,332614.6953007923,,
Patient_885,Discharge,332614.6953007923,complete,,,,,,5245.631065553345
Patient_886,Arrival,327381.0891284419,complete,,0.0,,,,
Patient_886,Origem_do Centro Cirurgico,327381.0891284419,complete,,,do Centro Cirurgico,327381.0891284419,,
Patient_886,CTI (CC),327381.0891284419,start,ctiBeds,0.0,,,,
Patient_886,CTI (CC),338192.5814658121,complete,ctiBeds,0.0,,,,
Patient_886,CTI prepara Encaminhamento,338192.5814658121,start,,0.0,,,,
Patient_886,CTI prepara Encaminhamento,338231.5393772343,complete,,0.0,,,,
Patient_886,Encaminha_para a Clinica Cirurgica,338231.5393772343,complete,,,para a Clinica Cirurgica,338231.5393772343,,
Patient_886,Discharge,338231.5393772343,complete,,,,,,10850.450248792418
Patient_887,Arrival,327958.18703063164,complete,,0.0,,,,
Patient_887,Origem_do Centro Cirurgico,327958.18703063164,complete,,,do Centro Cirurgico,327958.18703063164,,
Patient_887,CTI (CC),327958.18703063164,start,ctiBeds,0.0,,,,
Patient_887,CTI (CC),356031.47351433866,complete,ctiBeds,0.0,,,,
Patient_887,CTI prepara Encaminhamento,356031.47351433866,start,,0.0,,,,
Patient_887,CTI prepara Encaminhamento,356063.22099008865,complete,,0.0,,,,
Patient_887,Encaminha_para a Clinica Medica,356063.22099008865,complete,,,para a Clinica Medica,356063.22099008865,,
Patient_887,Discharge,356063.22099008865,complete,,,,,,28105.03395945701
Patient_888,Arrival,328806.0908626407,complete,,0.0,,,,
Patient_888,Origem_do Centro Cirurgico,328806.0908626407,complete,,,do Centro Cirurgico,328806.0908626407,,
Patient_888,CTI (CC),328806.0908626407,start,ctiBeds,0.0,,,,
Patient_888,CTI (CC),342949.53805611096,complete,ctiBeds,0.0,,,,
Patient_888,CTI prepara Encaminhamento,342949.53805611096,start,,0.0,,,,
Patient_888,CTI prepara Encaminhamento,342991.9599198435,complete,,0.0,,,,
Patient_888,Encaminha_para a Clinica Cirurgica,342991.9599198435,complete,,,para a Clinica Cirurgica,342991.9599198435,,
Patient_888,Discharge,342991.9599198435,complete,,,,,,14185.86905720277
Patient_889,Arrival,328896.3011154008,complete,,0.0,,,,
Patient_889,Origem_da Clinica Cirurgica,328896.3011154008,complete,,,da Clinica Cirurgica,328896.3011154008,,
Patient_889,CTI (CLIC),328896.3011154008,start,ctiBeds,0.0,,,,
Patient_889,CTI (CLIC),355472.5380569795,complete,ctiBeds,0.0,,,,
Patient_889,CTI prepara Encaminhamento,355472.5380569795,start,,0.0,,,,
Patient_889,CTI prepara Encaminhamento,355516.9694307157,complete,,0.0,,,,
Patient_889,Encaminha_Obito,355516.9694307157,complete,,,Obito,355516.9694307157,,
Patient_889,Discharge,355516.9694307157,complete,,,,,,26620.66831531492
Patient_89,Arrival,27418.0433730257,complete,,0.0,,,,
Patient_89,Origem_da Clinica Cirurgica,27418.0433730257,complete,,,da Clinica Cirurgica,27418.0433730257,,
Patient_89,CTI (CLIC),27418.0433730257,start,ctiBeds,0.0,,,,
Patient_89,CTI (CLIC),36143.55816042694,complete,ctiBeds,0.0,,,,
Patient_89,CTI prepara Encaminhamento,36143.55816042694,start,,0.0,,,,
Patient_89,CTI prepara Encaminhamento,36194.45110998979,complete,,0.0,,,,
Patient_89,Encaminha_para a Clinica Cirurgica,36194.45110998979,complete,,,para a Clinica Cirurgica,36194.45110998979,,
Patient_89,Discharge,36194.45110998979,complete,,,,,,8776.407736964095
Patient_890,Arrival,329135.862329541,complete,,0.0,,,,
Patient_890,Origem_do Centro Cirurgico,329135.862329541,complete,,,do Centro Cirurgico,329135.862329541,,
Patient_890,CTI (CC),329135.862329541,start,ctiBeds,0.0,,,,
Patient_890,CTI (CC),330258.66520227765,complete,ctiBeds,0.0,,,,
Patient_890,CTI prepara Encaminhamento,330258.66520227765,start,,0.0,,,,
Patient_890,CTI prepara Encaminhamento,330315.452764867,complete,,0.0,,,,
Patient_890,Encaminha_para a Clinica Medica,330315.452764867,complete,,,para a Clinica Medica,330315.452764867,,
Patient_890,Discharge,330315.452764867,complete,,,,,,1179.590435325983
Patient_891,Arrival,329138.3857610044,complete,,0.0,,,,
Patient_891,Origem_do Pronto Socorro,329138.3857610044,complete,,,do Pronto Socorro,329138.3857610044,,
Patient_891,CTI (PS),329138.3857610044,start,ctiBeds,0.0,,,,
Patient_891,CTI (PS),352982.8282178199,complete,ctiBeds,0.0,,,,
Patient_891,CTI prepara Encaminhamento,352982.8282178199,start,,0.0,,,,
Patient_891,CTI prepara Encaminhamento,353030.16139459226,complete,,0.0,,,,
Patient_891,Encaminha_Obito,353030.16139459226,complete,,,Obito,353030.16139459226,,
Patient_891,Discharge,353030.16139459226,complete,,,,,,23891.77563358785
Patient_892,Arrival,329224.8758764087,complete,,0.0,,,,
Patient_892,Origem_do Centro Cirurgico,329224.8758764087,complete,,,do Centro Cirurgico,329224.8758764087,,
Patient_892,CTI (CC),329224.8758764087,start,ctiBeds,0.0,,,,
Patient_892,CTI (CC),333595.3848477117,complete,ctiBeds,0.0,,,,
Patient_892,CTI prepara Encaminhamento,333595.3848477117,start,,0.0,,,,
Patient_892,CTI prepara Encaminhamento,333627.47909863864,complete,,0.0,,,,
Patient_892,Encaminha_para a Clinica Medica,333627.47909863864,complete,,,para a Clinica Medica,333627.47909863864,,
Patient_892,Discharge,333627.47909863864,complete,,,,,,4402.603222229925
Patient_893,Arrival,330029.14277776354,complete,,0.0,,,,
Patient_893,Origem_do Pronto Socorro,330029.14277776354,complete,,,do Pronto Socorro,330029.14277776354,,
Patient_893,CTI (PS),330029.14277776354,start,ctiBeds,0.0,,,,
Patient_893,CTI (PS),344466.0637805091,complete,ctiBeds,0.0,,,,
Patient_893,CTI prepara Encaminhamento,344466.0637805091,start,,0.0,,,,
Patient_893,CTI prepara Encaminhamento,344500.9304459914,complete,,0.0,,,,
Patient_893,Encaminha_para a Clinica Cirurgica,344500.9304459914,complete,,,para a Clinica Cirurgica,344500.9304459914,,
Patient_893,Discharge,344500.9304459914,complete,,,,,,14471.787668227858
Patient_894,Arrival,330149.6795566615,complete,,0.0,,,,
Patient_894,Origem_da Clinica Medica,330149.6795566615,complete,,,da Clinica Medica,330149.6795566615,,
Patient_894,CTI (CLIM),330149.6795566615,start,ctiBeds,0.0,,,,
Patient_894,CTI (CLIM),342190.4553708129,complete,ctiBeds,0.0,,,,
Patient_894,CTI prepara Encaminhamento,342190.4553708129,start,,0.0,,,,
Patient_894,CTI prepara Encaminhamento,342224.9684160065,complete,,0.0,,,,
Patient_894,Encaminha_para a Clinica Cirurgica,342224.9684160065,complete,,,para a Clinica Cirurgica,342224.9684160065,,
Patient_894,Discharge,342224.9684160065,complete,,,,,,12075.28885934496
Patient_895,Arrival,330289.2316858918,complete,,0.0,,,,
Patient_895,Origem_do Centro Cirurgico,330289.2316858918,complete,,,do Centro Cirurgico,330289.2316858918,,
Patient_895,CTI (CC),330289.2316858918,start,ctiBeds,0.0,,,,
Patient_895,CTI (CC),333742.0934811815,complete,ctiBeds,0.0,,,,
Patient_895,CTI prepara Encaminhamento,333742.0934811815,start,,0.0,,,,
Patient_895,CTI prepara Encaminhamento,333800.8481671825,complete,,0.0,,,,
Patient_895,Encaminha_para a Clinica Medica,333800.8481671825,complete,,,para a Clinica Medica,333800.8481671825,,
Patient_895,Discharge,333800.8481671825,complete,,,,,,3511.6164812907227
Patient_896,Arrival,330298.57717098715,complete,,0.0,,,,
Patient_896,Origem_do Pronto Socorro,330298.57717098715,complete,,,do Pronto Socorro,330298.57717098715,,
Patient_896,CTI (PS),330298.57717098715,start,ctiBeds,0.0,,,,
Patient_896,CTI (PS),348398.9514661148,complete,ctiBeds,0.0,,,,
Patient_896,CTI prepara Encaminhamento,348398.9514661148,start,,0.0,,,,
Patient_896,CTI prepara Encaminhamento,348452.21858274174,complete,,0.0,,,,
Patient_896,Encaminha_para a Clinica Medica,348452.21858274174,complete,,,para a Clinica Medica,348452.21858274174,,
Patient_896,Discharge,348452.21858274174,complete,,,,,,18153.641411754594
Patient_897,Arrival,331515.9004448077,complete,,0.0,,,,
Patient_897,Origem_do Centro Cirurgico,331515.9004448077,complete,,,do Centro Cirurgico,331515.9004448077,,
Patient_897,CTI (CC),331515.9004448077,start,ctiBeds,0.0,,,,
Patient_897,CTI (CC),337459.4889318446,complete,ctiBeds,0.0,,,,
Patient_897,CTI prepara Encaminhamento,337459.4889318446,start,,0.0,,,,
Patient_897,CTI prepara Encaminhamento,337512.91977901605,complete,,0.0,,,,
Patient_897,Encaminha_para a Clinica Medica,337512.91977901605,complete,,,para a Clinica Medica,337512.91977901605,,
Patient_897,Discharge,337512.91977901605,complete,,,,,,5997.019334208337
Patient_898,Arrival,331714.99929586647,complete,,0.0,,,,
Patient_898,Origem_do Pronto Socorro,331714.99929586647,complete,,,do Pronto Socorro,331714.99929586647,,
Patient_898,CTI (PS),331714.99929586647,start,ctiBeds,0.0,,,,
Patient_898,CTI (PS),374291.8779165497,complete,ctiBeds,0.0,,,,
Patient_898,CTI prepara Encaminhamento,374291.8779165497,start,,0.0,,,,
Patient_898,CTI prepara Encaminhamento,374327.8695452362,complete,,0.0,,,,
Patient_898,Encaminha_para a Clinica Cirurgica,374327.8695452362,complete,,,para a Clinica Cirurgica,374327.8695452362,,
Patient_898,Discharge,374327.8695452362,complete,,,,,,42612.870249369706
Patient_899,Arrival,332750.5519544711,complete,,0.0,,,,
Patient_899,Origem_do Centro Cirurgico,332750.5519544711,complete,,,do Centro Cirurgico,332750.5519544711,,
Patient_899,CTI (CC),332750.5519544711,start,ctiBeds,0.0,,,,
Patient_899,CTI (CC),339879.5789419008,complete,ctiBeds,0.0,,,,
Patient_899,CTI prepara Encaminhamento,339879.5789419008,start,,0.0,,,,
Patient_899,CTI prepara Encaminhamento,339918.7206871232,complete,,0.0,,,,
Patient_899,Encaminha_Obito,339918.7206871232,complete,,,Obito,339918.7206871232,,
Patient_899,Discharge,339918.7206871232,complete,,,,,,7168.168732652091
Patient_9,Arrival,2170.772360392042,complete,,0.0,,,,
Patient_9,Origem_do Pronto Socorro,2170.772360392042,complete,,,do Pronto Socorro,2170.772360392042,,
Patient_9,CTI (PS),2170.772360392042,start,ctiBeds,0.0,,,,
Patient_9,CTI (PS),4993.206953936384,complete,ctiBeds,0.0,,,,
Patient_9,CTI prepara Encaminhamento,4993.206953936384,start,,0.0,,,,
Patient_9,CTI prepara Encaminhamento,5048.084708112127,complete,,0.0,,,,
Patient_9,Encaminha_para a Clinica Cirurgica,5048.084708112127,complete,,,para a Clinica Cirurgica,5048.084708112127,,
Patient_9,Discharge,5048.084708112127,complete,,,,,,2877.312347720085
Patient_90,Arrival,27623.283873404143,complete,,0.0,,,,
Patient_90,Origem_do Pronto Socorro,27623.283873404143,complete,,,do Pronto Socorro,27623.283873404143,,
Patient_90,CTI (PS),27623.283873404143,start,ctiBeds,0.0,,,,
Patient_90,CTI (PS),34960.428079330406,complete,ctiBeds,0.0,,,,
Patient_90,CTI prepara Encaminhamento,34960.428079330406,start,,0.0,,,,
Patient_90,CTI prepara Encaminhamento,34999.955892830796,complete,,0.0,,,,
Patient_90,Encaminha_para a Clinica Cirurgica,34999.955892830796,complete,,,para a Clinica Cirurgica,34999.955892830796,,
Patient_90,Discharge,34999.955892830796,complete,,,,,,7376.672019426653
Patient_900,Arrival,333282.1313123954,complete,,0.0,,,,
Patient_900,Origem_do Pronto Socorro,333282.1313123954,complete,,,do Pronto Socorro,333282.1313123954,,
Patient_900,CTI (PS),333282.1313123954,start,ctiBeds,0.0,,,,
Patient_900,CTI (PS),344914.92135659425,complete,ctiBeds,0.0,,,,
Patient_900,CTI prepara Encaminhamento,344914.92135659425,start,,0.0,,,,
Patient_900,CTI prepara Encaminhamento,344958.64953128103,complete,,0.0,,,,
Patient_900,Encaminha_para a Clinica Cirurgica,344958.64953128103,complete,,,para a Clinica Cirurgica,344958.64953128103,,
Patient_900,Discharge,344958.64953128103,complete,,,,,,11676.518218885642
Patient_901,Arrival,333288.43926061835,complete,,0.0,,,,
Patient_901,Origem_do Pronto Socorro,333288.43926061835,complete,,,do Pronto Socorro,333288.43926061835,,
Patient_901,CTI (PS),333288.43926061835,start,ctiBeds,0.0,,,,
Patient_901,CTI (PS),337038.58381436684,complete,ctiBeds,0.0,,,,
Patient_901,CTI prepara Encaminhamento,337038.58381436684,start,,0.0,,,,
Patient_901,CTI prepara Encaminhamento,337093.45977590163,complete,,0.0,,,,
Patient_901,Encaminha_para a Clinica Medica,337093.45977590163,complete,,,para a Clinica Medica,337093.45977590163,,
Patient_901,Discharge,337093.45977590163,complete,,,,,,3805.0205152832787
Patient_902,Arrival,333360.8856482601,complete,,0.0,,,,
Patient_902,Origem_do Pronto Socorro,333360.8856482601,complete,,,do Pronto Socorro,333360.8856482601,,
Patient_902,CTI (PS),333360.8856482601,start,ctiBeds,0.0,,,,
Patient_902,CTI (PS),396158.7251735283,complete,ctiBeds,0.0,,,,
Patient_902,CTI prepara Encaminhamento,396158.7251735283,start,,0.0,,,,
Patient_902,CTI prepara Encaminhamento,396218.2113116549,complete,,0.0,,,,
Patient_902,Encaminha_para a Clinica Cirurgica,396218.2113116549,complete,,,para a Clinica Cirurgica,396218.2113116549,,
Patient_902,Discharge,396218.2113116549,complete,,,,,,62857.32566339476
Patient_903,Arrival,333374.04414160585,complete,,0.0,,,,
Patient_903,Origem_do Pronto Socorro,333374.04414160585,complete,,,do Pronto Socorro,333374.04414160585,,
Patient_903,CTI (PS),333374.04414160585,start,ctiBeds,0.0,,,,
Patient_903,CTI (PS),342875.35820615105,complete,ctiBeds,0.0,,,,
Patient_903,CTI prepara Encaminhamento,342875.35820615105,start,,0.0,,,,
Patient_903,CTI prepara Encaminhamento,342921.43570713623,complete,,0.0,,,,
Patient_903,Encaminha_para a Clinica Medica,342921.43570713623,complete,,,para a Clinica Medica,342921.43570713623,,
Patient_903,Discharge,342921.43570713623,complete,,,,,,9547.391565530386
Patient_904,Arrival,333422.2961002858,complete,,0.0,,,,
Patient_904,Origem_do Pronto Socorro,333422.2961002858,complete,,,do Pronto Socorro,333422.2961002858,,
Patient_904,CTI (PS),333422.2961002858,start,ctiBeds,0.0,,,,
Patient_904,CTI (PS),348285.9148476772,complete,ctiBeds,0.0,,,,
Patient_904,CTI prepara Encaminhamento,348285.9148476772,start,,0.0,,,,
Patient_904,CTI prepara Encaminhamento,348336.1722537223,complete,,0.0,,,,
Patient_904,Encaminha_para a Clinica Cirurgica,348336.1722537223,complete,,,para a Clinica Cirurgica,348336.1722537223,,
Patient_904,Discharge,348336.1722537223,complete,,,,,,14913.876153436548
Patient_905,Arrival,333446.304248152,complete,,0.0,,,,
Patient_905,Origem_do Pronto Socorro,333446.304248152,complete,,,do Pronto Socorro,333446.304248152,,
Patient_905,CTI (PS),333446.304248152,start,ctiBeds,0.0,,,,
Patient_905,CTI (PS),348878.124623178,complete,ctiBeds,0.0,,,,
Patient_905,CTI prepara Encaminhamento,348878.124623178,start,,0.0,,,,
Patient_905,CTI prepara Encaminhamento,348926.88311678724,complete,,0.0,,,,
Patient_905,Encaminha_Obito,348926.88311678724,complete,,,Obito,348926.88311678724,,
Patient_905,Discharge,348926.88311678724,complete,,,,,,15480.578868635232
Patient_906,Arrival,333461.44028562173,complete,,0.0,,,,
Patient_906,Origem_do Centro Cirurgico,333461.44028562173,complete,,,do Centro Cirurgico,333461.44028562173,,
Patient_906,CTI (CC),333461.44028562173,start,ctiBeds,0.0,,,,
Patient_906,CTI (CC),364871.64368356037,complete,ctiBeds,0.0,,,,
Patient_906,CTI prepara Encaminhamento,364871.64368356037,start,,0.0,,,,
Patient_906,CTI prepara Encaminhamento,364908.0892461248,complete,,0.0,,,,
Patient_906,Encaminha_Transferencia Externa,364908.0892461248,complete,,,Transferencia Externa,364908.0892461248,,
Patient_906,Discharge,364908.0892461248,complete,,,,,,31446.64896050305
Patient_907,Arrival,333842.8828597537,complete,,0.0,,,,
Patient_907,Origem_do Centro Cirurgico,333842.8828597537,complete,,,do Centro Cirurgico,333842.8828597537,,
Patient_907,CTI (CC),333842.8828597537,start,ctiBeds,0.0,,,,
Patient_907,CTI (CC),349725.4596252595,complete,ctiBeds,0.0,,,,
Patient_907,CTI prepara Encaminhamento,349725.4596252595,start,,0.0,,,,
Patient_907,CTI prepara Encaminhamento,349779.74268712377,complete,,0.0,,,,
Patient_907,Encaminha_para a Clinica Medica,349779.74268712377,complete,,,para a Clinica Medica,349779.74268712377,,
Patient_907,Discharge,349779.74268712377,complete,,,,,,15936.859827370092
Patient_908,Arrival,333902.3361746394,complete,,0.0,,,,
Patient_908,Origem_do Centro Cirurgico,333902.3361746394,complete,,,do Centro Cirurgico,333902.3361746394,,
Patient_908,CTI (CC),333902.3361746394,start,ctiBeds,0.0,,,,
Patient_908,CTI (CC),357464.5231844932,complete,ctiBeds,0.0,,,,
Patient_908,CTI prepara Encaminhamento,357464.5231844932,start,,0.0,,,,
Patient_908,CTI prepara Encaminhamento,357500.9262246707,complete,,0.0,,,,
Patient_908,Encaminha_para a Clinica Cirurgica,357500.9262246707,complete,,,para a Clinica Cirurgica,357500.9262246707,,
Patient_908,Discharge,357500.9262246707,complete,,,,,,23598.590050031315
Patient_909,Arrival,333963.691041952,complete,,0.0,,,,
Patient_909,Origem_do Pronto Socorro,333963.691041952,complete,,,do Pronto Socorro,333963.691041952,,
Patient_909,CTI (PS),333963.691041952,start,ctiBeds,0.0,,,,
Patient_909,CTI (PS),347979.72408301965,complete,ctiBeds,0.0,,,,
Patient_909,CTI prepara Encaminhamento,347979.72408301965,start,,0.0,,,,
Patient_909,CTI prepara Encaminhamento,348031.6681857688,complete,,0.0,,,,
Patient_909,Encaminha_para a Clinica Medica,348031.6681857688,complete,,,para a Clinica Medica,348031.6681857688,,
Patient_909,Discharge,348031.6681857688,complete,,,,,,14067.977143816825
Patient_91,Arrival,28230.724892689184,complete,,0.0,,,,
Patient_91,Origem_da Clinica Cirurgica,28230.724892689184,complete,,,da Clinica Cirurgica,28230.724892689184,,
Patient_91,CTI (CLIC),28230.724892689184,start,ctiBeds,0.0,,,,
Patient_91,CTI (CLIC),34029.19816611851,complete,ctiBeds,0.0,,,,
Patient_91,CTI prepara Encaminhamento,34029.19816611851,start,,0.0,,,,
Patient_91,CTI prepara Encaminhamento,34088.6165416151,complete,,0.0,,,,
Patient_91,Encaminha_Obito,34088.6165416151,complete,,,Obito,34088.6165416151,,
Patient_91,Discharge,34088.6165416151,complete,,,,,,5857.891648925914
Patient_910,Arrival,334034.4119228053,complete,,0.0,,,,
Patient_910,Origem_do Centro Cirurgico,334034.4119228053,complete,,,do Centro Cirurgico,334034.4119228053,,
Patient_910,CTI (CC),334034.4119228053,start,ctiBeds,0.0,,,,
Patient_910,CTI (CC),337501.1676483744,complete,ctiBeds,0.0,,,,
Patient_910,CTI prepara Encaminhamento,337501.1676483744,start,,0.0,,,,
Patient_910,CTI prepara Encaminhamento,337535.9808213624,complete,,0.0,,,,
Patient_910,Encaminha_para a Clinica Medica,337535.9808213624,complete,,,para a Clinica Medica,337535.9808213624,,
Patient_910,Discharge,337535.9808213624,complete,,,,,,3501.5688985571032
Patient_911,Arrival,334125.26588340657,complete,,0.0,,,,
Patient_911,Origem_do Pronto Socorro,334125.26588340657,complete,,,do Pronto Socorro,334125.26588340657,,
Patient_911,CTI (PS),334125.26588340657,start,ctiBeds,0.0,,,,
Patient_911,CTI (PS),347343.23427787155,complete,ctiBeds,0.0,,,,
Patient_911,CTI prepara Encaminhamento,347343.23427787155,start,,0.0,,,,
Patient_911,CTI prepara Encaminhamento,347374.4593853754,complete,,0.0,,,,
Patient_911,Encaminha_para a Clinica Cirurgica,347374.4593853754,complete,,,para a Clinica Cirurgica,347374.4593853754,,
Patient_911,Discharge,347374.4593853754,complete,,,,,,13249.19350196881
Patient_912,Arrival,334481.89122533257,complete,,0.0,,,,
Patient_912,Origem_do Pronto Socorro,334481.89122533257,complete,,,do Pronto Socorro,334481.89122533257,,
Patient_912,CTI (PS),334481.89122533257,start,ctiBeds,0.0,,,,
Patient_912,CTI (PS),352311.94209331996,complete,ctiBeds,0.0,,,,
Patient_912,CTI prepara Encaminhamento,352311.94209331996,start,,0.0,,,,
Patient_912,CTI prepara Encaminhamento,352353.5049990547,complete,,0.0,,,,
Patient_912,Encaminha_para a Clinica Medica,352353.5049990547,complete,,,para a Clinica Medica,352353.5049990547,,
Patient_912,Discharge,352353.5049990547,complete,,,,,,17871.613773722143
Patient_913,Arrival,334553.90160269494,complete,,0.0,,,,
Patient_913,Origem_do Pronto Socorro,334553.90160269494,complete,,,do Pronto Socorro,334553.90160269494,,
Patient_913,CTI (PS),334553.90160269494,start,ctiBeds,0.0,,,,
Patient_913,CTI (PS),355392.01235933555,complete,ctiBeds,0.0,,,,
Patient_913,CTI prepara Encaminhamento,355392.01235933555,start,,0.0,,,,
Patient_913,CTI prepara Encaminhamento,355443.26658240915,complete,,0.0,,,,
Patient_913,Encaminha_para a Clinica Medica,355443.26658240915,complete,,,para a Clinica Medica,355443.26658240915,,
Patient_913,Discharge,355443.26658240915,complete,,,,,,20889.364979714213
Patient_914,Arrival,334630.923452393,complete,,0.0,,,,
Patient_914,Origem_da Clinica Medica,334630.923452393,complete,,,da Clinica Medica,334630.923452393,,
Patient_914,CTI (CLIM),334630.923452393,start,ctiBeds,0.0,,,,
Patient_914,CTI (CLIM),369128.3758940222,complete,ctiBeds,0.0,,,,
Patient_914,CTI prepara Encaminhamento,369128.3758940222,start,,0.0,,,,
Patient_914,CTI prepara Encaminhamento,369184.36865617766,complete,,0.0,,,,
Patient_914,Encaminha_para a Clinica Medica,369184.36865617766,complete,,,para a Clinica Medica,369184.36865617766,,
Patient_914,Discharge,369184.36865617766,complete,,,,,,34553.44520378468
Patient_915,Arrival,335042.84575248417,complete,,0.0,,,,
Patient_915,Origem_do Centro Cirurgico,335042.84575248417,complete,,,do Centro Cirurgico,335042.84575248417,,
Patient_915,CTI (CC),335042.84575248417,start,ctiBeds,0.0,,,,
Patient_915,CTI (CC),365361.76739367464,complete,ctiBeds,0.0,,,,
Patient_915,CTI prepara Encaminhamento,365361.76739367464,start,,0.0,,,,
Patient_915,CTI prepara Encaminhamento,365411.4840157277,complete,,0.0,,,,
Patient_915,Encaminha_para a Clinica Medica,365411.4840157277,complete,,,para a Clinica Medica,365411.4840157277,,
Patient_915,Discharge,365411.4840157277,complete,,,,,,30368.63826324354
Patient_916,Arrival,335142.3339552669,complete,,0.0,,,,
Patient_916,Origem_do Pronto Socorro,335142.3339552669,complete,,,do Pronto Socorro,335142.3339552669,,
Patient_916,CTI (PS),335142.3339552669,start,ctiBeds,0.0,,,,
Patient_916,CTI (PS),336186.10433001444,complete,ctiBeds,0.0,,,,
Patient_916,CTI prepara Encaminhamento,336186.10433001444,start,,0.0,,,,
Patient_916,CTI prepara Encaminhamento,336241.0774739138,complete,,0.0,,,,
Patient_916,Encaminha_para a Clinica Medica,336241.0774739138,complete,,,para a Clinica Medica,336241.0774739138,,
Patient_916,Discharge,336241.0774739138,complete,,,,,,1098.7435186468647
Patient_917,Arrival,335857.7677254718,complete,,0.0,,,,
Patient_917,Origem_da Clinica Medica,335857.7677254718,complete,,,da Clinica Medica,335857.7677254718,,
Patient_917,CTI (CLIM),335857.7677254718,start,ctiBeds,0.0,,,,
Patient_917,CTI (CLIM),347326.5679695665,complete,ctiBeds,0.0,,,,
Patient_917,CTI prepara Encaminhamento,347326.5679695665,start,,0.0,,,,
Patient_917,CTI prepara Encaminhamento,347376.963413874,complete,,0.0,,,,
Patient_917,Encaminha_para a Clinica Cirurgica,347376.963413874,complete,,,para a Clinica Cirurgica,347376.963413874,,
Patient_917,Discharge,347376.963413874,complete,,,,,,11519.195688402164
Patient_918,Arrival,335919.7170409362,complete,,0.0,,,,
Patient_918,Origem_do Centro Cirurgico,335919.7170409362,complete,,,do Centro Cirurgico,335919.7170409362,,
Patient_918,CTI (CC),335919.7170409362,start,ctiBeds,0.0,,,,
Patient_918,CTI (CC),336039.393522616,complete,ctiBeds,0.0,,,,
Patient_918,CTI prepara Encaminhamento,336039.393522616,start,,0.0,,,,
Patient_918,CTI prepara Encaminhamento,336093.7614881187,complete,,0.0,,,,
Patient_918,Encaminha_para a Clinica Cirurgica,336093.7614881187,complete,,,para a Clinica Cirurgica,336093.7614881187,,
Patient_918,Discharge,336093.7614881187,complete,,,,,,174.04444718250306
Patient_919,Arrival,335977.9477046838,complete,,0.0,,,,
Patient_919,Origem_do Centro Cirurgico,335977.9477046838,complete,,,do Centro Cirurgico,335977.9477046838,,
Patient_919,CTI (CC),335977.9477046838,start,ctiBeds,0.0,,,,
Patient_919,CTI (CC),336715.73390686436,complete,ctiBeds,0.0,,,,
Patient_919,CTI prepara Encaminhamento,336715.73390686436,start,,0.0,,,,
Patient_919,CTI prepara Encaminhamento,336769.47592528147,complete,,0.0,,,,
Patient_919,Encaminha_Transferencia Externa,336769.47592528147,complete,,,Transferencia Externa,336769.47592528147,,
Patient_919,Discharge,336769.47592528147,complete,,,,,,791.5282205976546
Patient_92,Arrival,28294.941235403927,complete,,0.0,,,,
Patient_92,Origem_do Pronto Socorro,28294.941235403927,complete,,,do Pronto Socorro,28294.941235403927,,
Patient_92,CTI (PS),28294.941235403927,start,ctiBeds,0.0,,,,
Patient_92,CTI (PS),46265.43234468976,complete,ctiBeds,0.0,,,,
Patient_92,CTI prepara Encaminhamento,46265.43234468976,start,,0.0,,,,
Patient_92,CTI prepara Encaminhamento,46309.33946665627,complete,,0.0,,,,
Patient_92,Encaminha_para a Clinica Cirurgica,46309.33946665627,complete,,,para a Clinica Cirurgica,46309.33946665627,,
Patient_92,Discharge,46309.33946665627,complete,,,,,,18014.39823125234
Patient_920,Arrival,336181.47323203186,complete,,0.0,,,,
Patient_920,Origem_do Pronto Socorro,336181.47323203186,complete,,,do Pronto Socorro,336181.47323203186,,
Patient_920,CTI (PS),336181.47323203186,start,ctiBeds,0.0,,,,
Patient_920,CTI (PS),344334.0991196322,complete,ctiBeds,0.0,,,,
Patient_920,CTI prepara Encaminhamento,344334.0991196322,start,,0.0,,,,
Patient_920,CTI prepara Encaminhamento,344383.93509940157,complete,,0.0,,,,
Patient_920,Encaminha_para a Clinica Medica,344383.93509940157,complete,,,para a Clinica Medica,344383.93509940157,,
Patient_920,Discharge,344383.93509940157,complete,,,,,,8202.461867369711
Patient_921,Arrival,336652.9789340713,complete,,0.0,,,,
Patient_921,Origem_do Centro Cirurgico,336652.9789340713,complete,,,do Centro Cirurgico,336652.9789340713,,
Patient_921,CTI (CC),336652.9789340713,start,ctiBeds,0.0,,,,
Patient_921,CTI (CC),338069.1326605959,complete,ctiBeds,0.0,,,,
Patient_921,CTI prepara Encaminhamento,338069.1326605959,start,,0.0,,,,
Patient_921,CTI prepara Encaminhamento,338103.0703211712,complete,,0.0,,,,
Patient_921,Encaminha_para a Clinica Cirurgica,338103.0703211712,complete,,,para a Clinica Cirurgica,338103.0703211712,,
Patient_921,Discharge,338103.0703211712,complete,,,,,,1450.0913870998775
Patient_922,Arrival,336685.75349960034,complete,,0.0,,,,
Patient_922,Origem_do Centro Cirurgico,336685.75349960034,complete,,,do Centro Cirurgico,336685.75349960034,,
Patient_922,CTI (CC),336685.75349960034,start,ctiBeds,0.0,,,,
Patient_922,CTI (CC),339855.6622202121,complete,ctiBeds,0.0,,,,
Patient_922,CTI prepara Encaminhamento,339855.6622202121,start,,0.0,,,,
Patient_922,CTI prepara Encaminhamento,339885.91684842436,complete,,0.0,,,,
Patient_922,Encaminha_Transferencia Externa,339885.91684842436,complete,,,Transferencia Externa,339885.91684842436,,
Patient_922,Discharge,339885.91684842436,complete,,,,,,3200.1633488240186
Patient_923,Arrival,336996.221658041,complete,,0.0,,,,
Patient_923,Origem_do Pronto Socorro,336996.221658041,complete,,,do Pronto Socorro,336996.221658041,,
Patient_923,CTI (PS),336996.221658041,start,ctiBeds,0.0,,,,
Patient_923,CTI (PS),340324.69755933335,complete,ctiBeds,0.0,,,,
Patient_923,CTI prepara Encaminhamento,340324.69755933335,start,,0.0,,,,
Patient_923,CTI prepara Encaminhamento,340363.48478913784,complete,,0.0,,,,
Patient_923,Encaminha_Obito,340363.48478913784,complete,,,Obito,340363.48478913784,,
Patient_923,Discharge,340363.48478913784,complete,,,,,,3367.2631310968427
Patient_924,Arrival,337016.0186950877,complete,,0.0,,,,
Patient_924,Origem_do Centro Cirurgico,337016.0186950877,complete,,,do Centro Cirurgico,337016.0186950877,,
Patient_924,CTI (CC),337016.0186950877,start,ctiBeds,0.0,,,,
Patient_924,CTI (CC),365735.63983993867,complete,ctiBeds,0.0,,,,
Patient_924,CTI prepara Encaminhamento,365735.63983993867,start,,0.0,,,,
Patient_924,CTI prepara Encaminhamento,365769.7212600712,complete,,0.0,,,,
Patient_924,Encaminha_para a Clinica Medica,365769.7212600712,complete,,,para a Clinica Medica,365769.7212600712,,
Patient_924,Discharge,365769.7212600712,complete,,,,,,28753.702564983512
Patient_925,Arrival,337789.29067656345,complete,,0.0,,,,
Patient_925,Origem_do Pronto Socorro,337789.29067656345,complete,,,do Pronto Socorro,337789.29067656345,,
Patient_925,CTI (PS),337789.29067656345,start,ctiBeds,0.0,,,,
Patient_925,CTI (PS),357715.2963125486,complete,ctiBeds,0.0,,,,
Patient_925,CTI prepara Encaminhamento,357715.2963125486,start,,0.0,,,,
Patient_925,CTI prepara Encaminhamento,357760.0208663294,complete,,0.0,,,,
Patient_925,Encaminha_Obito,357760.0208663294,complete,,,Obito,357760.0208663294,,
Patient_925,Discharge,357760.0208663294,complete,,,,,,19970.73018976592
Patient_926,Arrival,338371.3745061456,complete,,0.0,,,,
Patient_926,Origem_da Maternidade,338371.3745061456,complete,,,da Maternidade,338371.3745061456,,
Patient_926,CTI (MAT),338371.3745061456,start,ctiBeds,0.0,,,,
Patient_926,CTI (MAT),338679.5822069248,complete,ctiBeds,0.0,,,,
Patient_926,CTI prepara Encaminhamento,338679.5822069248,start,,0.0,,,,
Patient_926,CTI prepara Encaminhamento,338720.9463328955,complete,,0.0,,,,
Patient_926,Encaminha_para a Clinica Cirurgica,338720.9463328955,complete,,,para a Clinica Cirurgica,338720.9463328955,,
Patient_926,Discharge,338720.9463328955,complete,,,,,,349.5718267498887
Patient_927,Arrival,339194.59224467695,complete,,0.0,,,,
Patient_927,Origem_do Pronto Socorro,339194.59224467695,complete,,,do Pronto Socorro,339194.59224467695,,
Patient_927,CTI (PS),339194.59224467695,start,ctiBeds,0.0,,,,
Patient_927,CTI (PS),346430.52334250195,complete,ctiBeds,0.0,,,,
Patient_927,CTI prepara Encaminhamento,346430.52334250195,start,,0.0,,,,
Patient_927,CTI prepara Encaminhamento,346473.51322678494,complete,,0.0,,,,
Patient_927,Encaminha_para a Clinica Cirurgica,346473.51322678494,complete,,,para a Clinica Cirurgica,346473.51322678494,,
Patient_927,Discharge,346473.51322678494,complete,,,,,,7278.920982107986
Patient_928,Arrival,339347.9847965888,complete,,0.0,,,,
Patient_928,Origem_da Clinica Cirurgica,339347.9847965888,complete,,,da Clinica Cirurgica,339347.9847965888,,
Patient_928,CTI (CLIC),339347.9847965888,start,ctiBeds,0.0,,,,
Patient_928,CTI (CLIC),346777.49374625314,complete,ctiBeds,0.0,,,,
Patient_928,CTI prepara Encaminhamento,346777.49374625314,start,,0.0,,,,
Patient_928,CTI prepara Encaminhamento,346812.9143956119,complete,,0.0,,,,
Patient_928,Encaminha_para a Clinica Medica,346812.9143956119,complete,,,para a Clinica Medica,346812.9143956119,,
Patient_928,Discharge,346812.9143956119,complete,,,,,,7464.929599023133
Patient_929,Arrival,340358.22233166493,complete,,0.0,,,,
Patient_929,Origem_do Pronto Socorro,340358.22233166493,complete,,,do Pronto Socorro,340358.22233166493,,
Patient_929,CTI (PS),340358.22233166493,start,ctiBeds,0.0,,,,
Patient_929,CTI (PS),340490.8899778727,complete,ctiBeds,0.0,,,,
Patient_929,CTI prepara Encaminhamento,340490.8899778727,start,,0.0,,,,
Patient_929,CTI prepara Encaminhamento,340537.2762532044,complete,,0.0,,,,
Patient_929,Encaminha_para a Clinica Medica,340537.2762532044,complete,,,para a Clinica Medica,340537.2762532044,,
Patient_929,Discharge,340537.2762532044,complete,,,,,,179.05392153945286
Patient_93,Arrival,28691.63515859314,complete,,0.0,,,,
Patient_93,Origem_do Centro Cirurgico,28691.63515859314,complete,,,do Centro Cirurgico,28691.63515859314,,
Patient_93,CTI (CC),28691.63515859314,start,ctiBeds,0.0,,,,
Patient_93,CTI (CC),33266.49255671399,complete,ctiBeds,0.0,,,,
Patient_93,CTI prepara Encaminhamento,33266.49255671399,start,,0.0,,,,
Patient_93,CTI prepara Encaminhamento,33298.023691879804,complete,,0.0,,,,
Patient_93,Encaminha_para a Clinica Cirurgica,33298.023691879804,complete,,,para a Clinica Cirurgica,33298.023691879804,,
Patient_93,Discharge,33298.023691879804,complete,,,,,,4606.388533286663
Patient_930,Arrival,340661.53034447954,complete,,0.0,,,,
Patient_930,Origem_do Pronto Socorro,340661.53034447954,complete,,,do Pronto Socorro,340661.53034447954,,
Patient_930,CTI (PS),340661.53034447954,start,ctiBeds,0.0,,,,
Patient_930,CTI (PS),341889.4571418103,complete,ctiBeds,0.0,,,,
Patient_930,CTI prepara Encaminhamento,341889.4571418103,start,,0.0,,,,
Patient_930,CTI prepara Encaminhamento,341947.95959970815,complete,,0.0,,,,
Patient_930,Encaminha_para o Centro Cirurgico,341947.95959970815,complete,,,para o Centro Cirurgico,341947.95959970815,,
Patient_930,Discharge,341947.95959970815,complete,,,,,,1286.429255228606
Patient_931,Arrival,340855.4230185739,complete,,0.0,,,,
Patient_931,Origem_do Pronto Socorro,340855.4230185739,complete,,,do Pronto Socorro,340855.4230185739,,
Patient_931,CTI (PS),340855.4230185739,start,ctiBeds,0.0,,,,
Patient_931,CTI (PS),349197.72714131227,complete,ctiBeds,0.0,,,,
Patient_931,CTI prepara Encaminhamento,349197.72714131227,start,,0.0,,,,
Patient_931,CTI prepara Encaminhamento,349236.0313937065,complete,,0.0,,,,
Patient_931,Encaminha_para a Clinica Cirurgica,349236.0313937065,complete,,,para a Clinica Cirurgica,349236.0313937065,,
Patient_931,Discharge,349236.0313937065,complete,,,,,,8380.608375132608
Patient_932,Arrival,341098.3978639132,complete,,0.0,,,,
Patient_932,Origem_do Pronto Socorro,341098.3978639132,complete,,,do Pronto Socorro,341098.3978639132,,
Patient_932,CTI (PS),341098.3978639132,start,ctiBeds,0.0,,,,
Patient_932,CTI (PS),380567.55672154675,complete,ctiBeds,0.0,,,,
Patient_932,CTI prepara Encaminhamento,380567.55672154675,start,,0.0,,,,
Patient_932,CTI prepara Encaminhamento,380612.40140018665,complete,,0.0,,,,
Patient_932,Encaminha_para a Clinica Medica,380612.40140018665,complete,,,para a Clinica Medica,380612.40140018665,,
Patient_932,Discharge,380612.40140018665,complete,,,,,,39514.003536273434
Patient_933,Arrival,341501.07138672424,complete,,0.0,,,,
Patient_933,Origem_do Pronto Socorro,341501.07138672424,complete,,,do Pronto Socorro,341501.07138672424,,
Patient_933,CTI (PS),341501.07138672424,start,ctiBeds,0.0,,,,
Patient_933,CTI (PS),342109.7171446884,complete,ctiBeds,0.0,,,,
Patient_933,CTI prepara Encaminhamento,342109.7171446884,start,,0.0,,,,
Patient_933,CTI prepara Encaminhamento,342162.7810096676,complete,,0.0,,,,
Patient_933,Encaminha_para a Clinica Medica,342162.7810096676,complete,,,para a Clinica Medica,342162.7810096676,,
Patient_933,Discharge,342162.7810096676,complete,,,,,,661.7096229433664
Patient_934,Arrival,341642.0646488869,complete,,0.0,,,,
Patient_934,Origem_do Pronto Socorro,341642.0646488869,complete,,,do Pronto Socorro,341642.0646488869,,
Patient_934,CTI (PS),341642.0646488869,start,ctiBeds,0.0,,,,
Patient_934,CTI (PS),397734.8503626717,complete,ctiBeds,0.0,,,,
Patient_934,CTI prepara Encaminhamento,397734.8503626717,start,,0.0,,,,
Patient_934,CTI prepara Encaminhamento,397789.33299015096,complete,,0.0,,,,
Patient_934,Encaminha_para a Clinica Medica,397789.33299015096,complete,,,para a Clinica Medica,397789.33299015096,,
Patient_934,Discharge,397789.33299015096,complete,,,,,,56147.26834126405
Patient_935,Arrival,341993.0008454325,complete,,0.0,,,,
Patient_935,Origem_do Pronto Socorro,341993.0008454325,complete,,,do Pronto Socorro,341993.0008454325,,
Patient_935,CTI (PS),341993.0008454325,start,ctiBeds,0.0,,,,
Patient_935,CTI (PS),353187.63580747053,complete,ctiBeds,0.0,,,,
Patient_935,CTI prepara Encaminhamento,353187.63580747053,start,,0.0,,,,
Patient_935,CTI prepara Encaminhamento,353238.53473936225,complete,,0.0,,,,
Patient_935,Encaminha_para a Maternidade,353238.53473936225,complete,,,para a Maternidade,353238.53473936225,,
Patient_935,Discharge,353238.53473936225,complete,,,,,,11245.533893929736
Patient_936,Arrival,342271.9244740301,complete,,0.0,,,,
Patient_936,Origem_do Centro Cirurgico,342271.9244740301,complete,,,do Centro Cirurgico,342271.9244740301,,
Patient_936,CTI (CC),342271.9244740301,start,ctiBeds,0.0,,,,
Patient_936,CTI (CC),447673.7987634087,complete,ctiBeds,0.0,,,,
Patient_936,CTI prepara Encaminhamento,447673.7987634087,start,,0.0,,,,
Patient_936,CTI prepara Encaminhamento,447710.17934498546,complete,,0.0,,,,
Patient_936,Encaminha_para a Clinica Cirurgica,447710.17934498546,complete,,,para a Clinica Cirurgica,447710.17934498546,,
Patient_936,Discharge,447710.17934498546,complete,,,,,,105438.25487095537
Patient_937,Arrival,343163.0811418855,complete,,0.0,,,,
Patient_937,Origem_do Centro Cirurgico,343163.0811418855,complete,,,do Centro Cirurgico,343163.0811418855,,
Patient_937,CTI (CC),343163.0811418855,start,ctiBeds,0.0,,,,
Patient_937,CTI (CC),345480.65492019395,complete,ctiBeds,0.0,,,,
Patient_937,CTI prepara Encaminhamento,345480.65492019395,start,,0.0,,,,
Patient_937,CTI prepara Encaminhamento,345513.94202155154,complete,,0.0,,,,
Patient_937,Encaminha_para a Clinica Medica,345513.94202155154,complete,,,para a Clinica Medica,345513.94202155154,,
Patient_937,Discharge,345513.94202155154,complete,,,,,,2350.8608796660556
Patient_938,Arrival,343742.8531182268,complete,,0.0,,,,
Patient_938,Origem_do Centro Cirurgico,343742.8531182268,complete,,,do Centro Cirurgico,343742.8531182268,,
Patient_938,CTI (CC),343742.8531182268,start,ctiBeds,0.0,,,,
Patient_938,CTI (CC),346983.19761911844,complete,ctiBeds,0.0,,,,
Patient_938,CTI prepara Encaminhamento,346983.19761911844,start,,0.0,,,,
Patient_938,CTI prepara Encaminhamento,347016.7499140125,complete,,0.0,,,,
Patient_938,Encaminha_para a Clinica Cirurgica,347016.7499140125,complete,,,para a Clinica Cirurgica,347016.7499140125,,
Patient_938,Discharge,347016.7499140125,complete,,,,,,3273.896795785695
Patient_939,Arrival,343974.3250305156,complete,,0.0,,,,
Patient_939,Origem_do Centro Cirurgico,343974.3250305156,complete,,,do Centro Cirurgico,343974.3250305156,,
Patient_939,CTI (CC),343974.3250305156,start,ctiBeds,0.0,,,,
Patient_939,CTI (CC),350679.9789675484,complete,ctiBeds,0.0,,,,
Patient_939,CTI prepara Encaminhamento,350679.9789675484,start,,0.0,,,,
Patient_939,CTI prepara Encaminhamento,350716.8508891143,complete,,0.0,,,,
Patient_939,Encaminha_para a Clinica Medica,350716.8508891143,complete,,,para a Clinica Medica,350716.8508891143,,
Patient_939,Discharge,350716.8508891143,complete,,,,,,6742.525858598703
Patient_94,Arrival,29096.52838103683,complete,,0.0,,,,
Patient_94,Origem_do Pronto Socorro,29096.52838103683,complete,,,do Pronto Socorro,29096.52838103683,,
Patient_94,CTI (PS),29096.52838103683,start,ctiBeds,0.0,,,,
Patient_94,CTI (PS),37475.69409741847,complete,ctiBeds,0.0,,,,
Patient_94,CTI prepara Encaminhamento,37475.69409741847,start,,0.0,,,,
Patient_94,CTI prepara Encaminhamento,37515.91571068992,complete,,0.0,,,,
Patient_94,Encaminha_para a Clinica Medica,37515.91571068992,complete,,,para a Clinica Medica,37515.91571068992,,
Patient_94,Discharge,37515.91571068992,complete,,,,,,8419.387329653091
Patient_940,Arrival,344472.2914524944,complete,,0.0,,,,
Patient_940,Origem_do Centro Cirurgico,344472.2914524944,complete,,,do Centro Cirurgico,344472.2914524944,,
Patient_940,CTI (CC),344472.2914524944,start,ctiBeds,0.0,,,,
Patient_940,CTI (CC),372832.6511670434,complete,ctiBeds,0.0,,,,
Patient_940,CTI prepara Encaminhamento,372832.6511670434,start,,0.0,,,,
Patient_940,CTI prepara Encaminhamento,372866.0265903449,complete,,0.0,,,,
Patient_940,Encaminha_para a Clinica Medica,372866.0265903449,complete,,,para a Clinica Medica,372866.0265903449,,
Patient_940,Discharge,372866.0265903449,complete,,,,,,28393.735137850512
Patient_941,Arrival,345269.83067290863,complete,,0.0,,,,
Patient_941,Origem_da Clinica Cirurgica,345269.83067290863,complete,,,da Clinica Cirurgica,345269.83067290863,,
Patient_941,CTI (CLIC),345269.83067290863,start,ctiBeds,0.0,,,,
Patient_941,CTI (CLIC),354646.30351087026,complete,ctiBeds,0.0,,,,
Patient_941,CTI prepara Encaminhamento,354646.30351087026,start,,0.0,,,,
Patient_941,CTI prepara Encaminhamento,354695.08622172446,complete,,0.0,,,,
Patient_941,Encaminha_Obito,354695.08622172446,complete,,,Obito,354695.08622172446,,
Patient_941,Discharge,354695.08622172446,complete,,,,,,9425.255548815825
Patient_942,Arrival,345924.20346863865,complete,,0.0,,,,
Patient_942,Origem_do Pronto Socorro,345924.20346863865,complete,,,do Pronto Socorro,345924.20346863865,,
Patient_942,CTI (PS),345924.20346863865,start,ctiBeds,0.0,,,,
Patient_942,CTI (PS),351624.71854077943,complete,ctiBeds,0.0,,,,
Patient_942,CTI prepara Encaminhamento,351624.71854077943,start,,0.0,,,,
Patient_942,CTI prepara Encaminhamento,351665.5333966726,complete,,0.0,,,,
Patient_942,Encaminha_Obito,351665.5333966726,complete,,,Obito,351665.5333966726,,
Patient_942,Discharge,351665.5333966726,complete,,,,,,5741.329928033927
Patient_943,Arrival,346355.9131647169,complete,,0.0,,,,
Patient_943,Origem_do Pronto Socorro,346355.9131647169,complete,,,do Pronto Socorro,346355.9131647169,,
Patient_943,CTI (PS),346355.9131647169,start,ctiBeds,0.0,,,,
Patient_943,CTI (PS),356283.97939503397,complete,ctiBeds,0.0,,,,
Patient_943,CTI prepara Encaminhamento,356283.97939503397,start,,0.0,,,,
Patient_943,CTI prepara Encaminhamento,356339.27996269584,complete,,0.0,,,,
Patient_943,Encaminha_para a Clinica Cirurgica,356339.27996269584,complete,,,para a Clinica Cirurgica,356339.27996269584,,
Patient_943,Discharge,356339.27996269584,complete,,,,,,9983.366797978932
Patient_944,Arrival,346413.7682041042,complete,,0.0,,,,
Patient_944,Origem_do Pronto Socorro,346413.7682041042,complete,,,do Pronto Socorro,346413.7682041042,,
Patient_944,CTI (PS),346413.7682041042,start,ctiBeds,0.0,,,,
Patient_944,CTI (PS),347237.0112634023,complete,ctiBeds,0.0,,,,
Patient_944,CTI prepara Encaminhamento,347237.0112634023,start,,0.0,,,,
Patient_944,CTI prepara Encaminhamento,347275.688297226,complete,,0.0,,,,
Patient_944,Encaminha_para o Centro Cirurgico,347275.688297226,complete,,,para o Centro Cirurgico,347275.688297226,,
Patient_944,Discharge,347275.688297226,complete,,,,,,861.9200931217638
Patient_945,Arrival,346733.93989320716,complete,,0.0,,,,
Patient_945,Origem_do Centro Cirurgico,346733.93989320716,complete,,,do Centro Cirurgico,346733.93989320716,,
Patient_945,CTI (CC),346733.93989320716,start,ctiBeds,0.0,,,,
Patient_945,CTI (CC),356175.0695934065,complete,ctiBeds,0.0,,,,
Patient_945,CTI prepara Encaminhamento,356175.0695934065,start,,0.0,,,,
Patient_945,CTI prepara Encaminhamento,356216.4426960238,complete,,0.0,,,,
Patient_945,Encaminha_para a Clinica Cirurgica,356216.4426960238,complete,,,para a Clinica Cirurgica,356216.4426960238,,
Patient_945,Discharge,356216.4426960238,complete,,,,,,9482.502802816627
Patient_946,Arrival,346845.87274095695,complete,,0.0,,,,
Patient_946,Origem_do Pronto Socorro,346845.87274095695,complete,,,do Pronto Socorro,346845.87274095695,,
Patient_946,CTI (PS),346845.87274095695,start,ctiBeds,0.0,,,,
Patient_946,CTI (PS),351427.5767446158,complete,ctiBeds,0.0,,,,
Patient_946,CTI prepara Encaminhamento,351427.5767446158,start,,0.0,,,,
Patient_946,CTI prepara Encaminhamento,351472.5558186422,complete,,0.0,,,,
Patient_946,Encaminha_Obito,351472.5558186422,complete,,,Obito,351472.5558186422,,
Patient_946,Discharge,351472.5558186422,complete,,,,,,4626.683077685244
Patient_947,Arrival,347324.69485600543,complete,,0.0,,,,
Patient_947,Origem_do Pronto Socorro,347324.69485600543,complete,,,do Pronto Socorro,347324.69485600543,,
Patient_947,CTI (PS),347324.69485600543,start,ctiBeds,0.0,,,,
Patient_947,CTI (PS),358630.7758206403,complete,ctiBeds,0.0,,,,
Patient_947,CTI prepara Encaminhamento,358630.7758206403,start,,0.0,,,,
Patient_947,CTI prepara Encaminhamento,358668.06042337354,complete,,0.0,,,,
Patient_947,Encaminha_para a Clinica Cirurgica,358668.06042337354,complete,,,para a Clinica Cirurgica,358668.06042337354,,
Patient_947,Discharge,358668.06042337354,complete,,,,,,11343.365567368106
Patient_948,Arrival,347487.0440027278,complete,,0.0,,,,
Patient_948,Origem_da Clinica Cirurgica,347487.0440027278,complete,,,da Clinica Cirurgica,347487.0440027278,,
Patient_948,CTI (CLIC),347487.0440027278,start,ctiBeds,0.0,,,,
Patient_948,CTI (CLIC),353050.46755881933,complete,ctiBeds,0.0,,,,
Patient_948,CTI prepara Encaminhamento,353050.46755881933,start,,0.0,,,,
Patient_948,CTI prepara Encaminhamento,353100.7943785773,complete,,0.0,,,,
Patient_948,Encaminha_para a Clinica Medica,353100.7943785773,complete,,,para a Clinica Medica,353100.7943785773,,
Patient_948,Discharge,353100.7943785773,complete,,,,,,5613.750375849544
Patient_949,Arrival,347660.82577240985,complete,,0.0,,,,
Patient_949,Origem_do Pronto Socorro,347660.82577240985,complete,,,do Pronto Socorro,347660.82577240985,,
Patient_949,CTI (PS),347660.82577240985,start,ctiBeds,0.0,,,,
Patient_949,CTI (PS),389614.8532159871,complete,ctiBeds,0.0,,,,
Patient_949,CTI prepara Encaminhamento,389614.8532159871,start,,0.0,,,,
Patient_949,CTI prepara Encaminhamento,389656.71031059284,complete,,0.0,,,,
Patient_949,Encaminha_para a Clinica Medica,389656.71031059284,complete,,,para a Clinica Medica,389656.71031059284,,
Patient_949,Discharge,389656.71031059284,complete,,,,,,41995.88453818299
Patient_95,Arrival,29138.26975623741,complete,,0.0,,,,
Patient_95,Origem_do Pronto Socorro,29138.26975623741,complete,,,do Pronto Socorro,29138.26975623741,,
Patient_95,CTI (PS),29138.26975623741,start,ctiBeds,0.0,,,,
Patient_95,CTI (PS),33407.83284253586,complete,ctiBeds,0.0,,,,
Patient_95,CTI prepara Encaminhamento,33407.83284253586,start,,0.0,,,,
Patient_95,CTI prepara Encaminhamento,33458.235829220226,complete,,0.0,,,,
Patient_95,Encaminha_para a Clinica Medica,33458.235829220226,complete,,,para a Clinica Medica,33458.235829220226,,
Patient_95,Discharge,33458.235829220226,complete,,,,,,4319.966072982817
Patient_950,Arrival,347852.36459475453,complete,,0.0,,,,
Patient_950,Origem_do Pronto Socorro,347852.36459475453,complete,,,do Pronto Socorro,347852.36459475453,,
Patient_950,CTI (PS),347852.36459475453,start,ctiBeds,0.0,,,,
Patient_950,CTI (PS),371384.220390442,complete,ctiBeds,0.0,,,,
Patient_950,CTI prepara Encaminhamento,371384.220390442,start,,0.0,,,,
Patient_950,CTI prepara Encaminhamento,371442.1882273193,complete,,0.0,,,,
Patient_950,Encaminha_para a Clinica Cirurgica,371442.1882273193,complete,,,para a Clinica Cirurgica,371442.1882273193,,
Patient_950,Discharge,371442.1882273193,complete,,,,,,23589.823632564745
Patient_951,Arrival,348860.5619601149,complete,,0.0,,,,
Patient_951,Origem_do Pronto Socorro,348860.5619601149,complete,,,do Pronto Socorro,348860.5619601149,,
Patient_951,CTI (PS),348860.5619601149,start,ctiBeds,0.0,,,,
Patient_951,CTI (PS),368563.0163469134,complete,ctiBeds,0.0,,,,
Patient_951,CTI prepara Encaminhamento,368563.0163469134,start,,0.0,,,,
Patient_951,CTI prepara Encaminhamento,368593.52348127624,complete,,0.0,,,,
Patient_951,Encaminha_Obito,368593.52348127624,complete,,,Obito,368593.52348127624,,
Patient_951,Discharge,368593.52348127624,complete,,,,,,19732.961521161313
Patient_952,Arrival,348964.8878577113,complete,,0.0,,,,
Patient_952,Origem_do Pronto Socorro,348964.8878577113,complete,,,do Pronto Socorro,348964.8878577113,,
Patient_952,CTI (PS),348964.8878577113,start,ctiBeds,0.0,,,,
Patient_952,CTI (PS),355960.5089861027,complete,ctiBeds,0.0,,,,
Patient_952,CTI prepara Encaminhamento,355960.5089861027,start,,0.0,,,,
Patient_952,CTI prepara Encaminhamento,356005.28203690535,complete,,0.0,,,,
Patient_952,Encaminha_Obito,356005.28203690535,complete,,,Obito,356005.28203690535,,
Patient_952,Discharge,356005.28203690535,complete,,,,,,7040.39417919406
Patient_953,Arrival,349004.0105416985,complete,,0.0,,,,
Patient_953,Origem_do Pronto Socorro,349004.0105416985,complete,,,do Pronto Socorro,349004.0105416985,,
Patient_953,CTI (PS),349004.0105416985,start,ctiBeds,0.0,,,,
Patient_953,CTI (PS),352985.9768780293,complete,ctiBeds,0.0,,,,
Patient_953,CTI prepara Encaminhamento,352985.9768780293,start,,0.0,,,,
Patient_953,CTI prepara Encaminhamento,353021.8660083591,complete,,0.0,,,,
Patient_953,Encaminha_para a Clinica Cirurgica,353021.8660083591,complete,,,para a Clinica Cirurgica,353021.8660083591,,
Patient_953,Discharge,353021.8660083591,complete,,,,,,4017.855466660636
Patient_954,Arrival,349992.7823768634,complete,,0.0,,,,
Patient_954,Origem_do Pronto Socorro,349992.7823768634,complete,,,do Pronto Socorro,349992.7823768634,,
Patient_954,CTI (PS),349992.7823768634,start,ctiBeds,0.0,,,,
Patient_954,CTI (PS),393732.31612659624,complete,ctiBeds,0.0,,,,
Patient_954,CTI prepara Encaminhamento,393732.31612659624,start,,0.0,,,,
Patient_954,CTI prepara Encaminhamento,393777.48686407175,complete,,0.0,,,,
Patient_954,Encaminha_para a Clinica Medica,393777.48686407175,complete,,,para a Clinica Medica,393777.48686407175,,
Patient_954,Discharge,393777.48686407175,complete,,,,,,43784.704487208335
Patient_955,Arrival,350393.8513953445,complete,,0.0,,,,
Patient_955,Origem_do Centro Cirurgico,350393.8513953445,complete,,,do Centro Cirurgico,350393.8513953445,,
Patient_955,CTI (CC),350393.8513953445,start,ctiBeds,0.0,,,,
Patient_955,CTI (CC),352557.9899230733,complete,ctiBeds,0.0,,,,
Patient_955,CTI prepara Encaminhamento,352557.9899230733,start,,0.0,,,,
Patient_955,CTI prepara Encaminhamento,352588.39540738135,complete,,0.0,,,,
Patient_955,Encaminha_para a Clinica Medica,352588.39540738135,complete,,,para a Clinica Medica,352588.39540738135,,
Patient_955,Discharge,352588.39540738135,complete,,,,,,2194.544012036873
Patient_956,Arrival,350679.43862847204,complete,,0.0,,,,
Patient_956,Origem_da Maternidade,350679.43862847204,complete,,,da Maternidade,350679.43862847204,,
Patient_956,CTI (MAT),350679.43862847204,start,ctiBeds,0.0,,,,
Patient_956,CTI (MAT),354192.55820084637,complete,ctiBeds,0.0,,,,
Patient_956,CTI prepara Encaminhamento,354192.55820084637,start,,0.0,,,,
Patient_956,CTI prepara Encaminhamento,354223.5475034872,complete,,0.0,,,,
Patient_956,Encaminha_para a Clinica Cirurgica,354223.5475034872,complete,,,para a Clinica Cirurgica,354223.5475034872,,
Patient_956,Discharge,354223.5475034872,complete,,,,,,3544.1088750151685
Patient_957,Arrival,351212.96954356553,complete,,0.0,,,,
Patient_957,Origem_do Pronto Socorro,351212.96954356553,complete,,,do Pronto Socorro,351212.96954356553,,
Patient_957,CTI (PS),351212.96954356553,start,ctiBeds,0.0,,,,
Patient_957,CTI (PS),360301.6799942477,complete,ctiBeds,0.0,,,,
Patient_957,CTI prepara Encaminhamento,360301.6799942477,start,,0.0,,,,
Patient_957,CTI prepara Encaminhamento,360344.65856236866,complete,,0.0,,,,
Patient_957,Encaminha_para a Clinica Cirurgica,360344.65856236866,complete,,,para a Clinica Cirurgica,360344.65856236866,,
Patient_957,Discharge,360344.65856236866,complete,,,,,,9131.689018803125
Patient_958,Arrival,351431.84648675524,complete,,0.0,,,,
Patient_958,Origem_do Centro Cirurgico,351431.84648675524,complete,,,do Centro Cirurgico,351431.84648675524,,
Patient_958,CTI (CC),351431.84648675524,start,ctiBeds,0.0,,,,
Patient_958,CTI (CC),361775.282861989,complete,ctiBeds,0.0,,,,
Patient_958,CTI prepara Encaminhamento,361775.282861989,start,,0.0,,,,
Patient_958,CTI prepara Encaminhamento,361808.82713112177,complete,,0.0,,,,
Patient_958,Encaminha_para a Clinica Cirurgica,361808.82713112177,complete,,,para a Clinica Cirurgica,361808.82713112177,,
Patient_958,Discharge,361808.82713112177,complete,,,,,,10376.98064436653
Patient_959,Arrival,351927.1985774533,complete,,0.0,,,,
Patient_959,Origem_do Centro Cirurgico,351927.1985774533,complete,,,do Centro Cirurgico,351927.1985774533,,
Patient_959,CTI (CC),351927.1985774533,start,ctiBeds,0.0,,,,
Patient_959,CTI (CC),358628.22948620946,complete,ctiBeds,0.0,,,,
Patient_959,CTI prepara Encaminhamento,358628.22948620946,start,,0.0,,,,
Patient_959,CTI prepara Encaminhamento,358661.71470199246,complete,,0.0,,,,
Patient_959,Encaminha_para a Clinica Medica,358661.71470199246,complete,,,para a Clinica Medica,358661.71470199246,,
Patient_959,Discharge,358661.71470199246,complete,,,,,,6734.5161245391355
Patient_96,Arrival,29608.48452500059,complete,,0.0,,,,
Patient_96,Origem_do Centro Cirurgico,29608.48452500059,complete,,,do Centro Cirurgico,29608.48452500059,,
Patient_96,CTI (CC),29608.48452500059,start,ctiBeds,0.0,,,,
Patient_96,CTI (CC),30575.267709899403,complete,ctiBeds,0.0,,,,
Patient_96,CTI prepara Encaminhamento,30575.267709899403,start,,0.0,,,,
Patient_96,CTI prepara Encaminhamento,30625.26028354009,complete,,0.0,,,,
Patient_96,Encaminha_para a Clinica Medica,30625.26028354009,complete,,,para a Clinica Medica,30625.26028354009,,
Patient_96,Discharge,30625.26028354009,complete,,,,,,1016.7757585395011
Patient_960,Arrival,352301.15050799027,complete,,0.0,,,,
Patient_960,Origem_do Pronto Socorro,352301.15050799027,complete,,,do Pronto Socorro,352301.15050799027,,
Patient_960,CTI (PS),352301.15050799027,start,ctiBeds,0.0,,,,
Patient_960,CTI (PS),397341.8030522306,complete,ctiBeds,0.0,,,,
Patient_960,CTI prepara Encaminhamento,397341.8030522306,start,,0.0,,,,
Patient_960,CTI prepara Encaminhamento,397380.5686467079,complete,,0.0,,,,
Patient_960,Encaminha_para a Clinica Medica,397380.5686467079,complete,,,para a Clinica Medica,397380.5686467079,,
Patient_960,Discharge,397380.5686467079,complete,,,,,,45079.41813871765
Patient_961,Arrival,352862.0481163991,complete,,0.0,,,,
Patient_961,Origem_do Centro Cirurgico,352862.0481163991,complete,,,do Centro Cirurgico,352862.0481163991,,
Patient_961,CTI (CC),352862.0481163991,start,ctiBeds,0.0,,,,
Patient_961,CTI (CC),392015.6757506547,complete,ctiBeds,0.0,,,,
Patient_961,CTI prepara Encaminhamento,392015.6757506547,start,,0.0,,,,
Patient_961,CTI prepara Encaminhamento,392049.6521285361,complete,,0.0,,,,
Patient_961,Encaminha_para a Clinica Cirurgica,392049.6521285361,complete,,,para a Clinica Cirurgica,392049.6521285361,,
Patient_961,Discharge,392049.6521285361,complete,,,,,,39187.60401213699
Patient_962,Arrival,352864.1101478416,complete,,0.0,,,,
Patient_962,Origem_da Clinica Cirurgica,352864.1101478416,complete,,,da Clinica Cirurgica,352864.1101478416,,
Patient_962,CTI (CLIC),352864.1101478416,start,ctiBeds,0.0,,,,
Patient_962,CTI (CLIC),362607.300483712,complete,ctiBeds,0.0,,,,
Patient_962,CTI prepara Encaminhamento,362607.300483712,start,,0.0,,,,
Patient_962,CTI prepara Encaminhamento,362642.351415258,complete,,0.0,,,,
Patient_962,Encaminha_para a Clinica Cirurgica,362642.351415258,complete,,,para a Clinica Cirurgica,362642.351415258,,
Patient_962,Discharge,362642.351415258,complete,,,,,,9778.241267416393
Patient_963,Arrival,353002.51823825826,complete,,0.0,,,,
Patient_963,Origem_do Pronto Socorro,353002.51823825826,complete,,,do Pronto Socorro,353002.51823825826,,
Patient_963,CTI (PS),353002.51823825826,start,ctiBeds,0.0,,,,
Patient_963,CTI (PS),365492.5119508641,complete,ctiBeds,0.0,,,,
Patient_963,CTI prepara Encaminhamento,365492.5119508641,start,,0.0,,,,
Patient_963,CTI prepara Encaminhamento,365551.17745536554,complete,,0.0,,,,
Patient_963,Encaminha_para a Clinica Cirurgica,365551.17745536554,complete,,,para a Clinica Cirurgica,365551.17745536554,,
Patient_963,Discharge,365551.17745536554,complete,,,,,,12548.659217107284
Patient_964,Arrival,353883.3685266192,complete,,0.0,,,,
Patient_964,Origem_do Pronto Socorro,353883.3685266192,complete,,,do Pronto Socorro,353883.3685266192,,
Patient_964,CTI (PS),353883.3685266192,start,ctiBeds,0.0,,,,
Patient_964,CTI (PS),360898.9682866674,complete,ctiBeds,0.0,,,,
Patient_964,CTI prepara Encaminhamento,360898.9682866674,start,,0.0,,,,
Patient_964,CTI prepara Encaminhamento,360929.9855902112,complete,,0.0,,,,
Patient_964,Encaminha_para a Clinica Medica,360929.9855902112,complete,,,para a Clinica Medica,360929.9855902112,,
Patient_964,Discharge,360929.9855902112,complete,,,,,,7046.617063591955
Patient_965,Arrival,354810.15106076,complete,,0.0,,,,
Patient_965,Origem_do Centro Cirurgico,354810.15106076,complete,,,do Centro Cirurgico,354810.15106076,,
Patient_965,CTI (CC),354810.15106076,start,ctiBeds,0.0,,,,
Patient_965,CTI (CC),355120.2727936436,complete,ctiBeds,0.0,,,,
Patient_965,CTI prepara Encaminhamento,355120.2727936436,start,,0.0,,,,
Patient_965,CTI prepara Encaminhamento,355159.78305815655,complete,,0.0,,,,
Patient_965,Encaminha_Obito,355159.78305815655,complete,,,Obito,355159.78305815655,,
Patient_965,Discharge,355159.78305815655,complete,,,,,,349.6319973965292
Patient_966,Arrival,355113.8400889431,complete,,0.0,,,,
Patient_966,Origem_do Centro Cirurgico,355113.8400889431,complete,,,do Centro Cirurgico,355113.8400889431,,
Patient_966,CTI (CC),355113.8400889431,start,ctiBeds,0.0,,,,
Patient_966,CTI (CC),355866.5560031645,complete,ctiBeds,0.0,,,,
Patient_966,CTI prepara Encaminhamento,355866.5560031645,start,,0.0,,,,
Patient_966,CTI prepara Encaminhamento,355905.0910790024,complete,,0.0,,,,
Patient_966,Encaminha_Obito,355905.0910790024,complete,,,Obito,355905.0910790024,,
Patient_966,Discharge,355905.0910790024,complete,,,,,,791.2509900593432
Patient_967,Arrival,355364.52978668624,complete,,0.0,,,,
Patient_967,Origem_do Pronto Socorro,355364.52978668624,complete,,,do Pronto Socorro,355364.52978668624,,
Patient_967,CTI (PS),355364.52978668624,start,ctiBeds,0.0,,,,
Patient_967,CTI (PS),359527.69565009925,complete,ctiBeds,0.0,,,,
Patient_967,CTI prepara Encaminhamento,359527.69565009925,start,,0.0,,,,
Patient_967,CTI prepara Encaminhamento,359575.33447728306,complete,,0.0,,,,
Patient_967,Encaminha_Obito,359575.33447728306,complete,,,Obito,359575.33447728306,,
Patient_967,Discharge,359575.33447728306,complete,,,,,,4210.804690596822
Patient_968,Arrival,355498.2408154625,complete,,0.0,,,,
Patient_968,Origem_do Centro Cirurgico,355498.2408154625,complete,,,do Centro Cirurgico,355498.2408154625,,
Patient_968,CTI (CC),355498.2408154625,start,ctiBeds,0.0,,,,
Patient_968,CTI (CC),359843.1263293822,complete,ctiBeds,0.0,,,,
Patient_968,CTI prepara Encaminhamento,359843.1263293822,start,,0.0,,,,
Patient_968,CTI prepara Encaminhamento,359898.32136342704,complete,,0.0,,,,
Patient_968,Encaminha_para a Clinica Cirurgica,359898.32136342704,complete,,,para a Clinica Cirurgica,359898.32136342704,,
Patient_968,Discharge,359898.32136342704,complete,,,,,,4400.08054796455
Patient_969,Arrival,355518.1264270736,complete,,0.0,,,,
Patient_969,Origem_do Pronto Socorro,355518.1264270736,complete,,,do Pronto Socorro,355518.1264270736,,
Patient_969,CTI (PS),355518.1264270736,start,ctiBeds,0.0,,,,
Patient_969,CTI (PS),363960.6904819524,complete,ctiBeds,0.0,,,,
Patient_969,CTI prepara Encaminhamento,363960.6904819524,start,,0.0,,,,
Patient_969,CTI prepara Encaminhamento,364017.5421405645,complete,,0.0,,,,
Patient_969,Encaminha_para a Clinica Cirurgica,364017.5421405645,complete,,,para a Clinica Cirurgica,364017.5421405645,,
Patient_969,Discharge,364017.5421405645,complete,,,,,,8499.41571349086
Patient_97,Arrival,29702.46624913771,complete,,0.0,,,,
Patient_97,Origem_da Clinica Medica,29702.46624913771,complete,,,da Clinica Medica,29702.46624913771,,
Patient_97,CTI (CLIM),29702.46624913771,start,ctiBeds,0.0,,,,
Patient_97,CTI (CLIM),30167.10240127103,complete,ctiBeds,0.0,,,,
Patient_97,CTI prepara Encaminhamento,30167.10240127103,start,,0.0,,,,
Patient_97,CTI prepara Encaminhamento,30211.29162052424,complete,,0.0,,,,
Patient_97,Encaminha_para a Clinica Medica,30211.29162052424,complete,,,para a Clinica Medica,30211.29162052424,,
Patient_97,Discharge,30211.29162052424,complete,,,,,,508.8253713865306
Patient_970,Arrival,356114.0971365124,complete,,0.0,,,,
Patient_970,Origem_do Pronto Socorro,356114.0971365124,complete,,,do Pronto Socorro,356114.0971365124,,
Patient_970,CTI (PS),356114.0971365124,start,ctiBeds,0.0,,,,
Patient_970,CTI (PS),359658.37650584825,complete,ctiBeds,0.0,,,,
Patient_970,CTI prepara Encaminhamento,359658.37650584825,start,,0.0,,,,
Patient_970,CTI prepara Encaminhamento,359707.4128129784,complete,,0.0,,,,
Patient_970,Encaminha_para a Clinica Medica,359707.4128129784,complete,,,para a Clinica Medica,359707.4128129784,,
Patient_970,Discharge,359707.4128129784,complete,,,,,,3593.31567646598
Patient_971,Arrival,356791.0362156704,complete,,0.0,,,,
Patient_971,Origem_do Pronto Socorro,356791.0362156704,complete,,,do Pronto Socorro,356791.0362156704,,
Patient_971,CTI (PS),356791.0362156704,start,ctiBeds,0.0,,,,
Patient_971,CTI (PS),358190.08933269465,complete,ctiBeds,0.0,,,,
Patient_971,CTI prepara Encaminhamento,358190.08933269465,start,,0.0,,,,
Patient_971,CTI prepara Encaminhamento,358243.3174218806,complete,,0.0,,,,
Patient_971,Encaminha_Transferencia Externa,358243.3174218806,complete,,,Transferencia Externa,358243.3174218806,,
Patient_971,Discharge,358243.3174218806,complete,,,,,,1452.281206210202
Patient_972,Arrival,356850.40321172326,complete,,0.0,,,,
Patient_972,Origem_da Clinica Cirurgica,356850.40321172326,complete,,,da Clinica Cirurgica,356850.40321172326,,
Patient_972,CTI (CLIC),356850.40321172326,start,ctiBeds,0.0,,,,
Patient_972,CTI (CLIC),357049.60346554936,complete,ctiBeds,0.0,,,,
Patient_972,CTI prepara Encaminhamento,357049.60346554936,start,,0.0,,,,
Patient_972,CTI prepara Encaminhamento,357102.70834668766,complete,,0.0,,,,
Patient_972,Encaminha_para a Clinica Cirurgica,357102.70834668766,complete,,,para a Clinica Cirurgica,357102.70834668766,,
Patient_972,Discharge,357102.70834668766,complete,,,,,,252.30513496440835
Patient_973,Arrival,356980.1029955455,complete,,0.0,,,,
Patient_973,Origem_do Centro Cirurgico,356980.1029955455,complete,,,do Centro Cirurgico,356980.1029955455,,
Patient_973,CTI (CC),356980.1029955455,start,ctiBeds,0.0,,,,
Patient_973,CTI (CC),377293.6876879427,complete,ctiBeds,0.0,,,,
Patient_973,CTI prepara Encaminhamento,377293.6876879427,start,,0.0,,,,
Patient_973,CTI prepara Encaminhamento,377346.6132693399,complete,,0.0,,,,
Patient_973,Encaminha_para a Clinica Cirurgica,377346.6132693399,complete,,,para a Clinica Cirurgica,377346.6132693399,,
Patient_973,Discharge,377346.6132693399,complete,,,,,,20366.51027379441
Patient_974,Arrival,357253.8863786081,complete,,0.0,,,,
Patient_974,Origem_do Pronto Socorro,357253.8863786081,complete,,,do Pronto Socorro,357253.8863786081,,
Patient_974,CTI (PS),357253.8863786081,start,ctiBeds,0.0,,,,
Patient_974,CTI (PS),359350.3635675125,complete,ctiBeds,0.0,,,,
Patient_974,CTI prepara Encaminhamento,359350.3635675125,start,,0.0,,,,
Patient_974,CTI prepara Encaminhamento,359402.9949334714,complete,,0.0,,,,
Patient_974,Encaminha_para a Clinica Medica,359402.9949334714,complete,,,para a Clinica Medica,359402.9949334714,,
Patient_974,Discharge,359402.9949334714,complete,,,,,,2149.1085548632545
Patient_975,Arrival,357463.2896503926,complete,,0.0,,,,
Patient_975,Origem_do Pronto Socorro,357463.2896503926,complete,,,do Pronto Socorro,357463.2896503926,,
Patient_975,CTI (PS),357463.2896503926,start,ctiBeds,0.0,,,,
Patient_975,CTI (PS),367055.8155294163,complete,ctiBeds,0.0,,,,
Patient_975,CTI prepara Encaminhamento,367055.8155294163,start,,0.0,,,,
Patient_975,CTI prepara Encaminhamento,367095.14020129316,complete,,0.0,,,,
Patient_975,Encaminha_para a Clinica Medica,367095.14020129316,complete,,,para a Clinica Medica,367095.14020129316,,
Patient_975,Discharge,367095.14020129316,complete,,,,,,9631.850550900563
Patient_976,Arrival,357798.86046519945,complete,,0.0,,,,
Patient_976,Origem_do Pronto Socorro,357798.86046519945,complete,,,do Pronto Socorro,357798.86046519945,,
Patient_976,CTI (PS),357798.86046519945,start,ctiBeds,0.0,,,,
Patient_976,CTI (PS),370879.74596695945,complete,ctiBeds,0.0,,,,
Patient_976,CTI prepara Encaminhamento,370879.74596695945,start,,0.0,,,,
Patient_976,CTI prepara Encaminhamento,370925.3946268397,complete,,0.0,,,,
Patient_976,Encaminha_Transferencia Externa,370925.3946268397,complete,,,Transferencia Externa,370925.3946268397,,
Patient_976,Discharge,370925.3946268397,complete,,,,,,13126.534161640273
Patient_977,Arrival,358028.8048239726,complete,,0.0,,,,
Patient_977,Origem_do Pronto Socorro,358028.8048239726,complete,,,do Pronto Socorro,358028.8048239726,,
Patient_977,CTI (PS),358028.8048239726,start,ctiBeds,0.0,,,,
Patient_977,CTI (PS),366116.33994980936,complete,ctiBeds,0.0,,,,
Patient_977,CTI prepara Encaminhamento,366116.33994980936,start,,0.0,,,,
Patient_977,CTI prepara Encaminhamento,366147.9694332934,complete,,0.0,,,,
Patient_977,Encaminha_para a Maternidade,366147.9694332934,complete,,,para a Maternidade,366147.9694332934,,
Patient_977,Discharge,366147.9694332934,complete,,,,,,8119.164609320811
Patient_978,Arrival,358239.71880202036,complete,,0.0,,,,
Patient_978,Origem_do Pronto Socorro,358239.71880202036,complete,,,do Pronto Socorro,358239.71880202036,,
Patient_978,CTI (PS),358239.71880202036,start,ctiBeds,0.0,,,,
Patient_978,CTI (PS),370081.18894540676,complete,ctiBeds,0.0,,,,
Patient_978,CTI prepara Encaminhamento,370081.18894540676,start,,0.0,,,,
Patient_978,CTI prepara Encaminhamento,370125.48823453876,complete,,0.0,,,,
Patient_978,Encaminha_para a Clinica Medica,370125.48823453876,complete,,,para a Clinica Medica,370125.48823453876,,
Patient_978,Discharge,370125.48823453876,complete,,,,,,11885.769432518398
Patient_979,Arrival,358719.0624723589,complete,,0.0,,,,
Patient_979,Origem_do Pronto Socorro,358719.0624723589,complete,,,do Pronto Socorro,358719.0624723589,,
Patient_979,CTI (PS),358719.0624723589,start,ctiBeds,0.0,,,,
Patient_979,CTI (PS),360801.40877996077,complete,ctiBeds,0.0,,,,
Patient_979,CTI prepara Encaminhamento,360801.40877996077,start,,0.0,,,,
Patient_979,CTI prepara Encaminhamento,360846.9554897358,complete,,0.0,,,,
Patient_979,Encaminha_para a Clinica Cirurgica,360846.9554897358,complete,,,para a Clinica Cirurgica,360846.9554897358,,
Patient_979,Discharge,360846.9554897358,complete,,,,,,2127.8930173768895
Patient_98,Arrival,29894.195154164776,complete,,0.0,,,,
Patient_98,Origem_da Clinica Medica,29894.195154164776,complete,,,da Clinica Medica,29894.195154164776,,
Patient_98,CTI (CLIM),29894.195154164776,start,ctiBeds,0.0,,,,
Patient_98,CTI (CLIM),47189.32943117539,complete,ctiBeds,0.0,,,,
Patient_98,CTI prepara Encaminhamento,47189.32943117539,start,,0.0,,,,
Patient_98,CTI prepara Encaminhamento,47223.48717569842,complete,,0.0,,,,
Patient_98,Encaminha_para a Clinica Medica,47223.48717569842,complete,,,para a Clinica Medica,47223.48717569842,,
Patient_98,Discharge,47223.48717569842,complete,,,,,,17329.292021533645
Patient_980,Arrival,358729.0228956232,complete,,0.0,,,,
Patient_980,Origem_do Pronto Socorro,358729.0228956232,complete,,,do Pronto Socorro,358729.0228956232,,
Patient_980,CTI (PS),358729.0228956232,start,ctiBeds,0.0,,,,
Patient_980,CTI (PS),369480.21111181093,complete,ctiBeds,0.0,,,,
Patient_980,CTI prepara Encaminhamento,369480.21111181093,start,,0.0,,,,
Patient_980,CTI prepara Encaminhamento,369518.10523674113,complete,,0.0,,,,
Patient_980,Encaminha_para a Clinica Medica,369518.10523674113,complete,,,para a Clinica Medica,369518.10523674113,,
Patient_980,Discharge,369518.10523674113,complete,,,,,,10789.082341117959
Patient_981,Arrival,359057.17864345666,complete,,0.0,,,,
Patient_981,Origem_do Pronto Socorro,359057.17864345666,complete,,,do Pronto Socorro,359057.17864345666,,
Patient_981,CTI (PS),359057.17864345666,start,ctiBeds,0.0,,,,
Patient_981,CTI (PS),373899.54216542724,complete,ctiBeds,0.0,,,,
Patient_981,CTI prepara Encaminhamento,373899.54216542724,start,,0.0,,,,
Patient_981,CTI prepara Encaminhamento,373938.92789604916,complete,,0.0,,,,
Patient_981,Encaminha_para a Clinica Cirurgica,373938.92789604916,complete,,,para a Clinica Cirurgica,373938.92789604916,,
Patient_981,Discharge,373938.92789604916,complete,,,,,,14881.749252592504
Patient_982,Arrival,359124.81308434537,complete,,0.0,,,,
Patient_982,Origem_do Pronto Socorro,359124.81308434537,complete,,,do Pronto Socorro,359124.81308434537,,
Patient_982,CTI (PS),359124.81308434537,start,ctiBeds,0.0,,,,
Patient_982,CTI (PS),360799.62352641276,complete,ctiBeds,0.0,,,,
Patient_982,CTI prepara Encaminhamento,360799.62352641276,start,,0.0,,,,
Patient_982,CTI prepara Encaminhamento,360858.55405804364,complete,,0.0,,,,
Patient_982,Encaminha_para a Clinica Cirurgica,360858.55405804364,complete,,,para a Clinica Cirurgica,360858.55405804364,,
Patient_982,Discharge,360858.55405804364,complete,,,,,,1733.7409736982663
Patient_983,Arrival,359142.32388958783,complete,,0.0,,,,
Patient_983,Origem_do Centro Cirurgico,359142.32388958783,complete,,,do Centro Cirurgico,359142.32388958783,,
Patient_983,CTI (CC),359142.32388958783,start,ctiBeds,0.0,,,,
Patient_983,CTI (CC),365157.32435664954,complete,ctiBeds,0.0,,,,
Patient_983,CTI prepara Encaminhamento,365157.32435664954,start,,0.0,,,,
Patient_983,CTI prepara Encaminhamento,365188.37325526215,complete,,0.0,,,,
Patient_983,Encaminha_Obito,365188.37325526215,complete,,,Obito,365188.37325526215,,
Patient_983,Discharge,365188.37325526215,complete,,,,,,6046.04936567432
Patient_984,Arrival,359439.81242507993,complete,,0.0,,,,
Patient_984,Origem_do Pronto Socorro,359439.81242507993,complete,,,do Pronto Socorro,359439.81242507993,,
Patient_984,CTI (PS),359439.81242507993,start,ctiBeds,0.0,,,,
Patient_984,CTI (PS),359950.9812493415,complete,ctiBeds,0.0,,,,
Patient_984,CTI prepara Encaminhamento,359950.9812493415,start,,0.0,,,,
Patient_984,CTI prepara Encaminhamento,359981.9082420677,complete,,0.0,,,,
Patient_984,Encaminha_para a Clinica Cirurgica,359981.9082420677,complete,,,para a Clinica Cirurgica,359981.9082420677,,
Patient_984,Discharge,359981.9082420677,complete,,,,,,542.0958169877413
Patient_985,Arrival,359488.0949848171,complete,,0.0,,,,
Patient_985,Origem_do Centro Cirurgico,359488.0949848171,complete,,,do Centro Cirurgico,359488.0949848171,,
Patient_985,CTI (CC),359488.0949848171,start,ctiBeds,0.0,,,,
Patient_985,CTI (CC),371342.713837037,complete,ctiBeds,0.0,,,,
Patient_985,CTI prepara Encaminhamento,371342.713837037,start,,0.0,,,,
Patient_985,CTI prepara Encaminhamento,371374.4265688082,complete,,0.0,,,,
Patient_985,Encaminha_Obito,371374.4265688082,complete,,,Obito,371374.4265688082,,
Patient_985,Discharge,371374.4265688082,complete,,,,,,11886.331583991123
Patient_986,Arrival,359780.2767737068,complete,,0.0,,,,
Patient_986,Origem_da Clinica Cirurgica,359780.2767737068,complete,,,da Clinica Cirurgica,359780.2767737068,,
Patient_986,CTI (CLIC),359780.2767737068,start,ctiBeds,0.0,,,,
Patient_986,CTI (CLIC),401824.182385262,complete,ctiBeds,0.0,,,,
Patient_986,CTI prepara Encaminhamento,401824.182385262,start,,0.0,,,,
Patient_986,CTI prepara Encaminhamento,401878.85545162024,complete,,0.0,,,,
Patient_986,Encaminha_Obito,401878.85545162024,complete,,,Obito,401878.85545162024,,
Patient_986,Discharge,401878.85545162024,complete,,,,,,42098.578677913465
Patient_987,Arrival,360072.19489948323,complete,,0.0,,,,
Patient_987,Origem_do Centro Cirurgico,360072.19489948323,complete,,,do Centro Cirurgico,360072.19489948323,,
Patient_987,CTI (CC),360072.19489948323,start,ctiBeds,0.0,,,,
Patient_987,CTI (CC),365058.7913326811,complete,ctiBeds,0.0,,,,
Patient_987,CTI prepara Encaminhamento,365058.7913326811,start,,0.0,,,,
Patient_987,CTI prepara Encaminhamento,365108.9123497206,complete,,0.0,,,,
Patient_987,Encaminha_para a Clinica Cirurgica,365108.9123497206,complete,,,para a Clinica Cirurgica,365108.9123497206,,
Patient_987,Discharge,365108.9123497206,complete,,,,,,5036.717450237367
Patient_988,Arrival,360289.6510836699,complete,,0.0,,,,
Patient_988,Origem_da Clinica Cirurgica,360289.6510836699,complete,,,da Clinica Cirurgica,360289.6510836699,,
Patient_988,CTI (CLIC),360289.6510836699,start,ctiBeds,0.0,,,,
Patient_988,CTI (CLIC),360380.57041291817,complete,ctiBeds,0.0,,,,
Patient_988,CTI prepara Encaminhamento,360380.57041291817,start,,0.0,,,,
Patient_988,CTI prepara Encaminhamento,360417.88506650197,complete,,0.0,,,,
Patient_988,Encaminha_para a Clinica Medica,360417.88506650197,complete,,,para a Clinica Medica,360417.88506650197,,
Patient_988,Discharge,360417.88506650197,complete,,,,,,128.2339828320546
Patient_989,Arrival,360510.75020897493,complete,,0.0,,,,
Patient_989,Origem_do Centro Cirurgico,360510.75020897493,complete,,,do Centro Cirurgico,360510.75020897493,,
Patient_989,CTI (CC),360510.75020897493,start,ctiBeds,0.0,,,,
Patient_989,CTI (CC),363495.75439385907,complete,ctiBeds,0.0,,,,
Patient_989,CTI prepara Encaminhamento,363495.75439385907,start,,0.0,,,,
Patient_989,CTI prepara Encaminhamento,363547.1472891744,complete,,0.0,,,,
Patient_989,Encaminha_Transferencia Externa,363547.1472891744,complete,,,Transferencia Externa,363547.1472891744,,
Patient_989,Discharge,363547.1472891744,complete,,,,,,3036.3970801994437
Patient_99,Arrival,31026.696140531676,complete,,0.0,,,,
Patient_99,Origem_do Centro Cirurgico,31026.696140531676,complete,,,do Centro Cirurgico,31026.696140531676,,
Patient_99,CTI (CC),31026.696140531676,start,ctiBeds,0.0,,,,
Patient_99,CTI (CC),34640.842563900376,complete,ctiBeds,0.0,,,,
Patient_99,CTI prepara Encaminhamento,34640.842563900376,start,,0.0,,,,
Patient_99,CTI prepara Encaminhamento,34682.12032697509,complete,,0.0,,,,
Patient_99,Encaminha_para a Clinica Cirurgica,34682.12032697509,complete,,,para a Clinica Cirurgica,34682.12032697509,,
Patient_99,Discharge,34682.12032697509,complete,,,,,,3655.4241864434152
Patient_990,Arrival,360754.2452229114,complete,,0.0,,,,
Patient_990,Origem_do Pronto Socorro,360754.2452229114,complete,,,do Pronto Socorro,360754.2452229114,,
Patient_990,CTI (PS),360754.2452229114,start,ctiBeds,0.0,,,,
Patient_990,CTI (PS),365343.26703232335,complete,ctiBeds,0.0,,,,
Patient_990,CTI prepara Encaminhamento,365343.26703232335,start,,0.0,,,,
Patient_990,CTI prepara Encaminhamento,365397.7034468336,complete,,0.0,,,,
Patient_990,Encaminha_Obito,365397.7034468336,complete,,,Obito,365397.7034468336,,
Patient_990,Discharge,365397.7034468336,complete,,,,,,4643.458223922178
Patient_991,Arrival,360852.11561999173,complete,,0.0,,,,
Patient_991,Origem_da Clinica Medica,360852.11561999173,complete,,,da Clinica Medica,360852.11561999173,,
Patient_991,CTI (CLIM),360852.11561999173,start,ctiBeds,0.0,,,,
Patient_991,CTI (CLIM),369534.6966980703,complete,ctiBeds,0.0,,,,
Patient_991,CTI prepara Encaminhamento,369534.6966980703,start,,0.0,,,,
Patient_991,CTI prepara Encaminhamento,369590.05446387257,complete,,0.0,,,,
Patient_991,Encaminha_para a Clinica Cirurgica,369590.05446387257,complete,,,para a Clinica Cirurgica,369590.05446387257,,
Patient_991,Discharge,369590.05446387257,complete,,,,,,8737.938843880838
Patient_992,Arrival,360890.06193719094,complete,,0.0,,,,
Patient_992,Origem_do Pronto Socorro,360890.06193719094,complete,,,do Pronto Socorro,360890.06193719094,,
Patient_992,CTI (PS),360890.06193719094,start,ctiBeds,0.0,,,,
Patient_992,CTI (PS),399074.2950076547,complete,ctiBeds,0.0,,,,
Patient_992,CTI prepara Encaminhamento,399074.2950076547,start,,0.0,,,,
Patient_992,CTI prepara Encaminhamento,399121.99237209954,complete,,0.0,,,,
Patient_992,Encaminha_para a Clinica Cirurgica,399121.99237209954,complete,,,para a Clinica Cirurgica,399121.99237209954,,
Patient_992,Discharge,399121.99237209954,complete,,,,,,38231.9304349086
Patient_993,Arrival,361242.46016883856,complete,,0.0,,,,
Patient_993,Origem_do Centro Cirurgico,361242.46016883856,complete,,,do Centro Cirurgico,361242.46016883856,,
Patient_993,CTI (CC),361242.46016883856,start,ctiBeds,0.0,,,,
Patient_993,CTI (CC),363073.150521986,complete,ctiBeds,0.0,,,,
Patient_993,CTI prepara Encaminhamento,363073.150521986,start,,0.0,,,,
Patient_993,CTI prepara Encaminhamento,363125.0744864529,complete,,0.0,,,,
Patient_993,Encaminha_Obito,363125.0744864529,complete,,,Obito,363125.0744864529,,
Patient_993,Discharge,363125.0744864529,complete,,,,,,1882.6143176143523
Patient_994,Arrival,361431.4553945825,complete,,0.0,,,,
Patient_994,Origem_do Pronto Socorro,361431.4553945825,complete,,,do Pronto Socorro,361431.4553945825,,
Patient_994,CTI (PS),361431.4553945825,start,ctiBeds,0.0,,,,
Patient_994,CTI (PS),364920.7320729367,complete,ctiBeds,0.0,,,,
Patient_994,CTI prepara Encaminhamento,364920.7320729367,start,,0.0,,,,
Patient_994,CTI prepara Encaminhamento,364973.54593491025,complete,,0.0,,,,
Patient_994,Encaminha_para a Clinica Medica,364973.54593491025,complete,,,para a Clinica Medica,364973.54593491025,,
Patient_994,Discharge,364973.54593491025,complete,,,,,,3542.090540327772
Patient_995,Arrival,361529.56031527213,complete,,0.0,,,,
Patient_995,Origem_do Centro Cirurgico,361529.56031527213,complete,,,do Centro Cirurgico,361529.56031527213,,
Patient_995,CTI (CC),361529.56031527213,start,ctiBeds,0.0,,,,
Patient_995,CTI (CC),372067.6937602972,complete,ctiBeds,0.0,,,,
Patient_995,CTI prepara Encaminhamento,372067.6937602972,start,,0.0,,,,
Patient_995,CTI prepara Encaminhamento,372111.0229476525,complete,,0.0,,,,
Patient_995,Encaminha_para a Clinica Medica,372111.0229476525,complete,,,para a Clinica Medica,372111.0229476525,,
Patient_995,Discharge,372111.0229476525,complete,,,,,,10581.462632380368
Patient_996,Arrival,362446.7777210987,complete,,0.0,,,,
Patient_996,Origem_do Centro Cirurgico,362446.7777210987,complete,,,do Centro Cirurgico,362446.7777210987,,
Patient_996,CTI (CC),362446.7777210987,start,ctiBeds,0.0,,,,
Patient_996,CTI (CC),363972.0227701229,complete,ctiBeds,0.0,,,,
Patient_996,CTI prepara Encaminhamento,363972.0227701229,start,,0.0,,,,
Patient_996,CTI prepara Encaminhamento,364025.2141231219,complete,,0.0,,,,
Patient_996,Encaminha_para a Clinica Cirurgica,364025.2141231219,complete,,,para a Clinica Cirurgica,364025.2141231219,,
Patient_996,Discharge,364025.2141231219,complete,,,,,,1578.436402023246
Patient_997,Arrival,362605.2894149344,complete,,0.0,,,,
Patient_997,Origem_do Pronto Socorro,362605.2894149344,complete,,,do Pronto Socorro,362605.2894149344,,
Patient_997,CTI (PS),362605.2894149344,start,ctiBeds,0.0,,,,
Patient_997,CTI (PS),379472.58125032723,complete,ctiBeds,0.0,,,,
Patient_997,CTI prepara Encaminhamento,379472.58125032723,start,,0.0,,,,
Patient_997,CTI prepara Encaminhamento,379523.5903199229,complete,,0.0,,,,
Patient_997,Encaminha_para a Clinica Cirurgica,379523.5903199229,complete,,,para a Clinica Cirurgica,379523.5903199229,,
Patient_997,Discharge,379523.5903199229,complete,,,,,,16918.300904988486
Patient_998,Arrival,363365.95209291915,complete,,0.0,,,,
Patient_998,Origem_do Centro Cirurgico,363365.95209291915,complete,,,do Centro Cirurgico,363365.95209291915,,
Patient_998,CTI (CC),363365.95209291915,start,ctiBeds,0.0,,,,
Patient_998,CTI (CC),364264.0993027502,complete,ctiBeds,0.0,,,,
Patient_998,CTI prepara Encaminhamento,364264.0993027502,start,,0.0,,,,
Patient_998,CTI prepara Encaminhamento,364304.90462932567,complete,,0.0,,,,
Patient_998,Encaminha_para a Clinica Cirurgica,364304.90462932567,complete,,,para a Clinica Cirurgica,364304.90462932567,,
Patient_998,Discharge,364304.90462932567,complete,,,,,,938.9525364065194
Patient_999,Arrival,363461.30001879367,complete,,0.0,,,,
Patient_999,Origem_do Centro Cirurgico,363461.30001879367,complete,,,do Centro Cirurgico,363461.30001879367,,
Patient_999,CTI (CC),363461.30001879367,start,ctiBeds,0.0,,,,
Patient_999,CTI (CC),368375.59915138554,complete,ctiBeds,0.0,,,,
Patient_999,CTI prepara Encaminhamento,368375.59915138554,start,,0.0,,,,
Patient_999,CTI prepara Encaminhamento,368423.64783946826,complete,,0.0,,,,
Patient_999,Encaminha_Obito,368423.64783946826,complete,,,Obito,368423.64783946826,,
Patient_999,Discharge,368423.64783946826,complete,,,,,,4962.347820674593
